
****** Vivado v2023.2 (64-bit)
  **** SW Build 4029153 on Fri Oct 13 20:13:54 MDT 2023
  **** IP Build 4028589 on Sat Oct 14 00:45:43 MDT 2023
  **** SharedData Build 4025554 on Tue Oct 10 17:18:54 MDT 2023
    ** Copyright 1986-2022 Xilinx, Inc. All Rights Reserved.
    ** Copyright 2022-2023 Advanced Micro Devices, Inc. All Rights Reserved.

source /tmp/strat/build_fmax_strat.tcl
# set PERIOD 12.2
# set MODE   "impl"
# set BIN    ""
# if {[llength $argv] >= 1} { set PERIOD [lindex $argv 0] }
# if {[llength $argv] >= 2} { set MODE   [lindex $argv 1] }
# if {[llength $argv] >= 3} { set BIN    [lindex $argv 2] }
# set SYNTH_STRAT "";
# set IMPL_STRAT "";
# set TAG "";
# set SEED ""
# if {[llength $argv] >= 4} { set SYNTH_STRAT [lindex $argv 3] }
# if {[llength $argv] >= 5} { set IMPL_STRAT  [lindex $argv 4] }
# if {[llength $argv] >= 6} { set TAG         [lindex $argv 5] }
# if {[llength $argv] >= 7} { set SEED        [lindex $argv 6] }
# set SP   [file normalize /home/st-wangjun/project/RISCV_A910/synth]
# set ROOT [file normalize /home/st-wangjun/project/RISCV_A910]
# if {$BIN eq ""} { set BIN [file join $ROOT bin coremark.bin] }
# if {![file exists $BIN]} { error "镜像不存在: $BIN" }
# puts "================================================================"
================================================================
# puts "FMAX RUN: period=$PERIOD ns  mode=$MODE"
FMAX RUN: period=6.5 ns  mode=impl
# puts "ROOT=$ROOT"
ROOT=/home/st-wangjun/project/RISCV_A910
# puts "BIN =$BIN"
BIN =/home/st-wangjun/project/RISCV_A910/bin/coremark.bin
# puts "================================================================"
================================================================
# set PROJ_NAME "fmax_${MODE}_${PERIOD}ns${TAG}"
# set PROJ_DIR  [file join $SP "vivado" $PROJ_NAME]
# if {[file exists $PROJ_DIR]} {
#     if {[catch {file delete -force $PROJ_DIR} err]} {
#         error "工程目录存在且删不掉 (多半有进程占着): $err"
#     }
# }
# file mkdir $PROJ_DIR
# proc gen_hex_images {bin_path hex32_path hex128_path rows} {
#     set fh [open $bin_path rb]
#     set data [read $fh]
#     close $fh
# 
#     set need [expr {$rows * 4}]
#     if {[string length $data] < $need} {
#         append data [string repeat "\x00" [expr {$need - [string length $data]}]]
#     }
# 
#     binary scan $data c* bytes
#     set nwords [expr {[string length $data] / 4}]
# 
#     set words [list]
#     for {set i 0} {$i < $nwords} {incr i} {
#         set b0 [lindex $bytes [expr {$i*4    }]]
#         set b1 [lindex $bytes [expr {$i*4 + 1}]]
#         set b2 [lindex $bytes [expr {$i*4 + 2}]]
#         set b3 [lindex $bytes [expr {$i*4 + 3}]]
#         lappend words [expr {(($b3 & 0xff) << 24) | (($b2 & 0xff) << 16) |
#                              (($b1 & 0xff) <<  8) |  ($b0 & 0xff)}]
#     }
# 
#     set f1 [open $hex32_path w]
#     foreach w $words { puts $f1 [format %08x $w] }
#     close $f1
# 
#     set f2 [open $hex128_path w]
#     for {set i 0} {$i < $nwords} {incr i 4} {
#         puts $f2 [format "%08x%08x%08x%08x" \
#                   [lindex $words [expr {$i+3}]] [lindex $words [expr {$i+2}]] \
#                   [lindex $words [expr {$i+1}]] [lindex $words [expr {$i  }]]]
#     }
#     close $f2
# 
#     puts "HEX: $hex32_path ([expr {$nwords}] 字) + $hex128_path ([expr {$nwords/4}] 块)"
# }
# set HEX_ROWS 16384
# set hex32  [file join $PROJ_DIR meminit.hex]
# set hex128 [file join $PROJ_DIR meminit128.hex]
# gen_hex_images $BIN $hex32 $hex128 $HEX_ROWS
HEX: /home/st-wangjun/project/RISCV_A910/synth/vivado/fmax_impl_6.5ns_ndhi/meminit.hex (16384 字) + /home/st-wangjun/project/RISCV_A910/synth/vivado/fmax_impl_6.5ns_ndhi/meminit128.hex (4096 块)
# create_project -force $PROJ_NAME $PROJ_DIR -part xc7k325tffg900-2
# set src_files {}
# foreach f [lsort [glob -nocomplain [file join $ROOT mySoC *.v]]] {
#     if {[file tail $f] eq "ifu_subsys.v"} { continue }
#     lappend src_files $f
# }
# foreach f [lsort [glob -nocomplain [file join $ROOT mySoC ifu2 rtl *.v]]] {
#     lappend src_files $f
# }
# lappend src_files [file join $SP top_fmax.v]
# add_files -norecurse $src_files
# set_property file_type SystemVerilog [get_files -of [get_filesets sources_1] *.v]
# set DEFS [list \
#     USE_IFU2 \
#     USE_IFU_ANY \
#     BP_PRED=1 \
#     BP_GHR_W=16 \
#     REDIRECT_PIPE \
#     ICACHE_BYTES=1024 \
#     ICACHE_LINE_BYTES=16 \
#     ICACHE_LINE_16B \
#     PATHHEX=$hex32 \
#     PATH128=$hex128 \
# ]
# set_property verilog_define $DEFS [get_filesets sources_1]
# set_property include_dirs [list [file join $ROOT mySoC] [file join $ROOT vsrc]] [get_filesets sources_1]
# set_property top top_fmax [get_filesets sources_1]
# set xdc [file join $PROJ_DIR fmax_gen.xdc]
# set fh [open $xdc w]
# puts $fh "create_clock -name clk -period $PERIOD \[get_ports clk\]"
# puts $fh "set_input_delay  -clock clk 2.0 \[get_ports rst\]"
# puts $fh "set_false_path -to \[get_ports {o_dbg_pc o_dbg_value o_dbg_reg o_dbg_ena o_dbg_have}\]"
# close $fh
# add_files -fileset constrs_1 $xdc
# if {$SYNTH_STRAT ne ""} { set r [catch {set_property strategy $SYNTH_STRAT [get_runs synth_1]} e]; puts "STRAT_SET synth=$SYNTH_STRAT ret=$r $e" }
# if {$IMPL_STRAT  ne ""} { set r [catch {set_property strategy $IMPL_STRAT  [get_runs impl_1]}  e]; puts "STRAT_SET impl=$IMPL_STRAT ret=$r $e" }
STRAT_SET impl=Performance_NetDelay_high ret=0 
# if {$SEED        ne ""} { set r [catch {set_property SEED $SEED [get_runs impl_1]} e]; puts "STRAT_SET seed=$SEED ret=$r $e" }
# launch_runs synth_1 -jobs 8
WARNING: [Vivado 12-7122] Auto Incremental Compile:: No reference checkpoint was found in run synth_1. Auto-incremental flow will not be run, the standard flow will be run instead.
[Tue Sep 29 02:55:43 2026] Launched synth_1...
Run output will be captured here: /home/st-wangjun/project/RISCV_A910/synth/vivado/fmax_impl_6.5ns_ndhi/fmax_impl_6.5ns_ndhi.runs/synth_1/runme.log
# wait_on_run synth_1
[Tue Sep 29 02:55:43 2026] Waiting for synth_1 to finish...

*** Running vivado
    with args -log top_fmax.vds -m64 -product Vivado -mode batch -messageDb vivado.pb -notrace -source top_fmax.tcl


****** Vivado v2023.2 (64-bit)
  **** SW Build 4029153 on Fri Oct 13 20:13:54 MDT 2023
  **** IP Build 4028589 on Sat Oct 14 00:45:43 MDT 2023
  **** SharedData Build 4025554 on Tue Oct 10 17:18:54 MDT 2023
    ** Copyright 1986-2022 Xilinx, Inc. All Rights Reserved.
    ** Copyright 2022-2023 Advanced Micro Devices, Inc. All Rights Reserved.

source top_fmax.tcl -notrace
Command: synth_design -top top_fmax -part xc7k325tffg900-2
Starting synth_design
Attempting to get a license for feature 'Synthesis' and/or device 'xc7k325t'
INFO: [Common 17-349] Got license for feature 'Synthesis' and/or device 'xc7k325t'
INFO: [Device 21-403] Loading part xc7k325tffg900-2
INFO: [Synth 8-7079] Multithreading enabled for synth_design using a maximum of 4 processes.
INFO: [Synth 8-7078] Launching helper process for spawning children vivado processes
INFO: [Synth 8-7075] Helper process launched with PID 154646
---------------------------------------------------------------------------------
Starting RTL Elaboration : Time (s): cpu = 00:00:03 ; elapsed = 00:00:03 . Memory (MB): peak = 2209.094 ; gain = 407.852 ; free physical = 72866 ; free virtual = 954142
---------------------------------------------------------------------------------
INFO: [Synth 8-11241] undeclared symbol 'timer_int_flag', assumed default net type 'wire' [/home/st-wangjun/project/RISCV_A910/mySoC/miniRV_SoC.v:130]
WARNING: [Synth 8-8895] 'timer_int_flag' is already implicitly declared on line 130 [/home/st-wangjun/project/RISCV_A910/mySoC/miniRV_SoC.v:152]
INFO: [Synth 8-11241] undeclared symbol 'if_accept', assumed default net type 'wire' [/home/st-wangjun/project/RISCV_A910/mySoC/mycpu.v:340]
WARNING: [Synth 8-8895] 'if_accept' is already implicitly declared on line 340 [/home/st-wangjun/project/RISCV_A910/mySoC/mycpu.v:435]
WARNING: [Synth 8-11121] redeclaration of ANSI port 'q_hit' is not allowed [/home/st-wangjun/project/RISCV_A910/mySoC/ifu2/rtl/rv32ifu2_icache.v:124]
INFO: [Synth 8-6157] synthesizing module 'top_fmax' [/home/st-wangjun/project/RISCV_A910/synth/top_fmax.v:12]
INFO: [Synth 8-6157] synthesizing module 'BUFG' [/home/st-wangjun/hv/tools/Xilinx/Vivado/2023.2/scripts/rt/data/unisim_comp.v:1951]
INFO: [Synth 8-6155] done synthesizing module 'BUFG' (0#1) [/home/st-wangjun/hv/tools/Xilinx/Vivado/2023.2/scripts/rt/data/unisim_comp.v:1951]
INFO: [Synth 8-6157] synthesizing module 'miniRV_SoC' [/home/st-wangjun/project/RISCV_A910/mySoC/miniRV_SoC.v:60]
INFO: [Synth 8-6157] synthesizing module 'myCPU' [/home/st-wangjun/project/RISCV_A910/mySoC/mycpu.v:14]
INFO: [Synth 8-6157] synthesizing module 'rv32ifu2_top' [/home/st-wangjun/project/RISCV_A910/mySoC/ifu2/rtl/rv32ifu2_top.v:30]
	Parameter ICACHE_EN bound to: 1'b1 
	Parameter BP_EN bound to: 1'b1 
INFO: [Synth 8-6157] synthesizing module 'rv32ifu2_tage' [/home/st-wangjun/project/RISCV_A910/mySoC/ifu2/rtl/rv32ifu2_tage.v:130]
	Parameter T0_AW bound to: 6 - type: integer 
	Parameter ROW_AW bound to: 6 - type: integer 
	Parameter ROW_AW_T1 bound to: 6 - type: integer 
	Parameter ROW_AW_T2 bound to: 6 - type: integer 
	Parameter ROW_AW_T3 bound to: 6 - type: integer 
	Parameter ROW_AW_T4 bound to: 6 - type: integer 
	Parameter NTAB bound to: 4 - type: integer 
	Parameter TAG_W bound to: 6 - type: integer 
	Parameter GHR_W bound to: 16 - type: integer 
	Parameter T0_HIST bound to: 0 - type: integer 
	Parameter SLOTS bound to: 4 - type: integer 
	Parameter TAG_HI bound to: 15 - type: integer 
	Parameter L1 bound to: 2 - type: integer 
	Parameter L2 bound to: 5 - type: integer 
	Parameter L3 bound to: 9 - type: integer 
	Parameter L4 bound to: 14 - type: integer 
	Parameter USEL_AW bound to: 6 - type: integer 
	Parameter USEL_W bound to: 4 - type: integer 
	Parameter USEL_GATE bound to: 1 - type: integer 
INFO: [Synth 8-6155] done synthesizing module 'rv32ifu2_tage' (0#1) [/home/st-wangjun/project/RISCV_A910/mySoC/ifu2/rtl/rv32ifu2_tage.v:130]
INFO: [Synth 8-6157] synthesizing module 'rv32ifu2_icache' [/home/st-wangjun/project/RISCV_A910/mySoC/ifu2/rtl/rv32ifu2_icache.v:68]
	Parameter IC_BYTES bound to: 1024 - type: integer 
	Parameter IC_LINE bound to: 16 - type: integer 
	Parameter IC_WAYS bound to: 2 - type: integer 
	Parameter ICACHE_EN bound to: 1'b1 
INFO: [Synth 8-6157] synthesizing module 'rv32ifu2_spram' [/home/st-wangjun/project/RISCV_A910/mySoC/ifu2/rtl/rv32ifu2_spram.v:64]
	Parameter ADDR_W bound to: 5 - type: integer 
	Parameter DATA_W bound to: 24 - type: integer 
INFO: [Synth 8-6157] synthesizing module 'rv32ifu2_spram_prim' [/home/st-wangjun/project/RISCV_A910/mySoC/ifu2/rtl/rv32ifu2_spram.v:141]
	Parameter ADDR_W bound to: 5 - type: integer 
	Parameter DATA_W bound to: 24 - type: integer 
INFO: [Synth 8-6155] done synthesizing module 'rv32ifu2_spram_prim' (0#1) [/home/st-wangjun/project/RISCV_A910/mySoC/ifu2/rtl/rv32ifu2_spram.v:141]
INFO: [Synth 8-6155] done synthesizing module 'rv32ifu2_spram' (0#1) [/home/st-wangjun/project/RISCV_A910/mySoC/ifu2/rtl/rv32ifu2_spram.v:64]
INFO: [Synth 8-6157] synthesizing module 'rv32ifu2_spram__parameterized0' [/home/st-wangjun/project/RISCV_A910/mySoC/ifu2/rtl/rv32ifu2_spram.v:64]
	Parameter ADDR_W bound to: 5 - type: integer 
	Parameter DATA_W bound to: 128 - type: integer 
INFO: [Synth 8-6157] synthesizing module 'rv32ifu2_spram_prim__parameterized0' [/home/st-wangjun/project/RISCV_A910/mySoC/ifu2/rtl/rv32ifu2_spram.v:141]
	Parameter ADDR_W bound to: 5 - type: integer 
	Parameter DATA_W bound to: 128 - type: integer 
INFO: [Synth 8-6155] done synthesizing module 'rv32ifu2_spram_prim__parameterized0' (0#1) [/home/st-wangjun/project/RISCV_A910/mySoC/ifu2/rtl/rv32ifu2_spram.v:141]
INFO: [Synth 8-6155] done synthesizing module 'rv32ifu2_spram__parameterized0' (0#1) [/home/st-wangjun/project/RISCV_A910/mySoC/ifu2/rtl/rv32ifu2_spram.v:64]
INFO: [Synth 8-6155] done synthesizing module 'rv32ifu2_icache' (0#1) [/home/st-wangjun/project/RISCV_A910/mySoC/ifu2/rtl/rv32ifu2_icache.v:68]
INFO: [Synth 8-6157] synthesizing module 'rv32ifu2_refill' [/home/st-wangjun/project/RISCV_A910/mySoC/ifu2/rtl/rv32ifu2_refill.v:20]
	Parameter IC_LINE bound to: 16 - type: integer 
INFO: [Synth 8-6155] done synthesizing module 'rv32ifu2_refill' (0#1) [/home/st-wangjun/project/RISCV_A910/mySoC/ifu2/rtl/rv32ifu2_refill.v:20]
INFO: [Synth 8-6157] synthesizing module 'rv32ifu2_btb' [/home/st-wangjun/project/RISCV_A910/mySoC/ifu2/rtl/rv32ifu2_btb.v:27]
	Parameter ROW_AW bound to: 6 - type: integer 
	Parameter SLOTS bound to: 4 - type: integer 
INFO: [Synth 8-6155] done synthesizing module 'rv32ifu2_btb' (0#1) [/home/st-wangjun/project/RISCV_A910/mySoC/ifu2/rtl/rv32ifu2_btb.v:27]
INFO: [Synth 8-6157] synthesizing module 'rv32ifu2_ibuf' [/home/st-wangjun/project/RISCV_A910/mySoC/ifu2/rtl/rv32ifu2_ibuf.v:18]
	Parameter DEPTH bound to: 8 - type: integer 
	Parameter W bound to: 153 - type: integer 
INFO: [Synth 8-6155] done synthesizing module 'rv32ifu2_ibuf' (0#1) [/home/st-wangjun/project/RISCV_A910/mySoC/ifu2/rtl/rv32ifu2_ibuf.v:18]
INFO: [Synth 8-6157] synthesizing module 'rv32ifu2_ras' [/home/st-wangjun/project/RISCV_A910/mySoC/ifu2/rtl/rv32ifu2_ras.v:28]
	Parameter DEPTH bound to: 8 - type: integer 
	Parameter AW bound to: 3 - type: integer 
INFO: [Synth 8-6155] done synthesizing module 'rv32ifu2_ras' (0#1) [/home/st-wangjun/project/RISCV_A910/mySoC/ifu2/rtl/rv32ifu2_ras.v:28]
INFO: [Synth 8-6155] done synthesizing module 'rv32ifu2_top' (0#1) [/home/st-wangjun/project/RISCV_A910/mySoC/ifu2/rtl/rv32ifu2_top.v:30]
INFO: [Synth 8-6157] synthesizing module 'ifu_biu_mem' [/home/st-wangjun/project/RISCV_A910/mySoC/ifu_biu_mem.v:40]
INFO: [Synth 8-6157] synthesizing module 'sync_rom_1r1w' [/home/st-wangjun/project/RISCV_A910/mySoC/sync_mem.v:163]
	Parameter ADDR_W bound to: 12 - type: integer 
	Parameter DATA_W bound to: 128 - type: integer 
INFO: [Synth 8-6157] synthesizing module 'sync_rom_1r1w_prim' [/home/st-wangjun/project/RISCV_A910/mySoC/sync_mem.v:183]
	Parameter ADDR_W bound to: 12 - type: integer 
	Parameter DATA_W bound to: 128 - type: integer 
INFO: [Synth 8-3876] $readmem data file '/home/st-wangjun/project/RISCV_A910/synth/vivado/fmax_impl_6.5ns_ndhi/meminit128.hex' is read successfully [/home/st-wangjun/project/RISCV_A910/mySoC/sync_mem.v:196]
INFO: [Synth 8-6155] done synthesizing module 'sync_rom_1r1w_prim' (0#1) [/home/st-wangjun/project/RISCV_A910/mySoC/sync_mem.v:183]
INFO: [Synth 8-6155] done synthesizing module 'sync_rom_1r1w' (0#1) [/home/st-wangjun/project/RISCV_A910/mySoC/sync_mem.v:163]
INFO: [Synth 8-6155] done synthesizing module 'ifu_biu_mem' (0#1) [/home/st-wangjun/project/RISCV_A910/mySoC/ifu_biu_mem.v:40]
INFO: [Synth 8-6157] synthesizing module 'IF_ID' [/home/st-wangjun/project/RISCV_A910/mySoC/IF_ID.v:23]
INFO: [Synth 8-6155] done synthesizing module 'IF_ID' (0#1) [/home/st-wangjun/project/RISCV_A910/mySoC/IF_ID.v:23]
INFO: [Synth 8-6157] synthesizing module 'SEXT' [/home/st-wangjun/project/RISCV_A910/mySoC/SEXT.v:23]
INFO: [Synth 8-6155] done synthesizing module 'SEXT' (0#1) [/home/st-wangjun/project/RISCV_A910/mySoC/SEXT.v:23]
INFO: [Synth 8-6157] synthesizing module 'Control' [/home/st-wangjun/project/RISCV_A910/mySoC/Control.v:23]
INFO: [Synth 8-226] default block is never used [/home/st-wangjun/project/RISCV_A910/mySoC/Control.v:182]
INFO: [Synth 8-226] default block is never used [/home/st-wangjun/project/RISCV_A910/mySoC/Control.v:198]
INFO: [Synth 8-6155] done synthesizing module 'Control' (0#1) [/home/st-wangjun/project/RISCV_A910/mySoC/Control.v:23]
INFO: [Synth 8-6157] synthesizing module 'RegFile' [/home/st-wangjun/project/RISCV_A910/mySoC/RegFile.v:25]
INFO: [Synth 8-6155] done synthesizing module 'RegFile' (0#1) [/home/st-wangjun/project/RISCV_A910/mySoC/RegFile.v:25]
INFO: [Synth 8-6157] synthesizing module 'ALU_input_MUX' [/home/st-wangjun/project/RISCV_A910/mySoC/ALU_input_MUX.v:23]
INFO: [Synth 8-6155] done synthesizing module 'ALU_input_MUX' (0#1) [/home/st-wangjun/project/RISCV_A910/mySoC/ALU_input_MUX.v:23]
INFO: [Synth 8-6157] synthesizing module 'ID_EX' [/home/st-wangjun/project/RISCV_A910/mySoC/ID_EX.v:23]
INFO: [Synth 8-6155] done synthesizing module 'ID_EX' (0#1) [/home/st-wangjun/project/RISCV_A910/mySoC/ID_EX.v:23]
INFO: [Synth 8-6157] synthesizing module 'ALU' [/home/st-wangjun/project/RISCV_A910/mySoC/ALU.v:24]
INFO: [Synth 8-6155] done synthesizing module 'ALU' (0#1) [/home/st-wangjun/project/RISCV_A910/mySoC/ALU.v:24]
INFO: [Synth 8-6157] synthesizing module 'MUL_DIV' [/home/st-wangjun/project/RISCV_A910/mySoC/MUL_DIV.v:35]
	Parameter DATA_W bound to: 32 - type: integer 
	Parameter TAG_W bound to: 7 - type: integer 
INFO: [Synth 8-6157] synthesizing module 'mul_pipe' [/home/st-wangjun/project/RISCV_A910/mySoC/mul_pipe.v:35]
	Parameter TAG_W bound to: 7 - type: integer 
INFO: [Synth 8-6155] done synthesizing module 'mul_pipe' (0#1) [/home/st-wangjun/project/RISCV_A910/mySoC/mul_pipe.v:35]
INFO: [Synth 8-6157] synthesizing module 'div_pipe' [/home/st-wangjun/project/RISCV_A910/mySoC/div_pipe.v:54]
	Parameter TAG_W bound to: 7 - type: integer 
INFO: [Synth 8-6155] done synthesizing module 'div_pipe' (0#1) [/home/st-wangjun/project/RISCV_A910/mySoC/div_pipe.v:54]
INFO: [Synth 8-6155] done synthesizing module 'MUL_DIV' (0#1) [/home/st-wangjun/project/RISCV_A910/mySoC/MUL_DIV.v:35]
INFO: [Synth 8-6157] synthesizing module 'EX_wD_MUX1' [/home/st-wangjun/project/RISCV_A910/mySoC/EX_wD_MUX1.v:23]
INFO: [Synth 8-6155] done synthesizing module 'EX_wD_MUX1' (0#1) [/home/st-wangjun/project/RISCV_A910/mySoC/EX_wD_MUX1.v:23]
INFO: [Synth 8-6157] synthesizing module 'CSR' [/home/st-wangjun/project/RISCV_A910/mySoC/CSR.v:18]
INFO: [Synth 8-6155] done synthesizing module 'CSR' (0#1) [/home/st-wangjun/project/RISCV_A910/mySoC/CSR.v:18]
INFO: [Synth 8-6157] synthesizing module 'EX_MEM' [/home/st-wangjun/project/RISCV_A910/mySoC/EX_MEM.v:23]
INFO: [Synth 8-6155] done synthesizing module 'EX_MEM' (0#1) [/home/st-wangjun/project/RISCV_A910/mySoC/EX_MEM.v:23]
WARNING: [Synth 8-7071] port 'mem_csr_we' of module 'EX_MEM' is unconnected for instance 'U_EX_MEM' [/home/st-wangjun/project/RISCV_A910/mySoC/mycpu.v:971]
WARNING: [Synth 8-7023] instance 'U_EX_MEM' of module 'EX_MEM' has 38 connections declared, but only 37 given [/home/st-wangjun/project/RISCV_A910/mySoC/mycpu.v:971]
INFO: [Synth 8-6157] synthesizing module 'MEM' [/home/st-wangjun/project/RISCV_A910/mySoC/MEM.v:23]
INFO: [Synth 8-226] default block is never used [/home/st-wangjun/project/RISCV_A910/mySoC/MEM.v:47]
INFO: [Synth 8-226] default block is never used [/home/st-wangjun/project/RISCV_A910/mySoC/MEM.v:52]
INFO: [Synth 8-226] default block is never used [/home/st-wangjun/project/RISCV_A910/mySoC/MEM.v:61]
INFO: [Synth 8-226] default block is never used [/home/st-wangjun/project/RISCV_A910/mySoC/MEM.v:89]
INFO: [Synth 8-6155] done synthesizing module 'MEM' (0#1) [/home/st-wangjun/project/RISCV_A910/mySoC/MEM.v:23]
INFO: [Synth 8-6157] synthesizing module 'MEM_wD_MUX' [/home/st-wangjun/project/RISCV_A910/mySoC/MEM_wD_MUX.v:23]
INFO: [Synth 8-6155] done synthesizing module 'MEM_wD_MUX' (0#1) [/home/st-wangjun/project/RISCV_A910/mySoC/MEM_wD_MUX.v:23]
INFO: [Synth 8-6157] synthesizing module 'MEM_WB' [/home/st-wangjun/project/RISCV_A910/mySoC/MEM_WB.v:23]
INFO: [Synth 8-6155] done synthesizing module 'MEM_WB' (0#1) [/home/st-wangjun/project/RISCV_A910/mySoC/MEM_WB.v:23]
INFO: [Synth 8-6157] synthesizing module 'Hazard_Detection' [/home/st-wangjun/project/RISCV_A910/mySoC/Hazard_Detection.v:21]
INFO: [Synth 8-6155] done synthesizing module 'Hazard_Detection' (0#1) [/home/st-wangjun/project/RISCV_A910/mySoC/Hazard_Detection.v:21]
INFO: [Synth 8-6155] done synthesizing module 'myCPU' (0#1) [/home/st-wangjun/project/RISCV_A910/mySoC/mycpu.v:14]
INFO: [Synth 8-6157] synthesizing module 'perip_bridge' [/home/st-wangjun/project/RISCV_A910/mySoC/perip_bridge.v:26]
INFO: [Synth 8-6155] done synthesizing module 'perip_bridge' (0#1) [/home/st-wangjun/project/RISCV_A910/mySoC/perip_bridge.v:26]
INFO: [Synth 8-6157] synthesizing module 'sync_ram_1r1w' [/home/st-wangjun/project/RISCV_A910/mySoC/sync_mem.v:63]
	Parameter ADDR_W bound to: 14 - type: integer 
	Parameter DATA_W bound to: 32 - type: integer 
INFO: [Synth 8-6157] synthesizing module 'sync_ram_1r1w_prim' [/home/st-wangjun/project/RISCV_A910/mySoC/sync_mem.v:126]
	Parameter ADDR_W bound to: 14 - type: integer 
	Parameter DATA_W bound to: 32 - type: integer 
INFO: [Synth 8-3876] $readmem data file '/home/st-wangjun/project/RISCV_A910/synth/vivado/fmax_impl_6.5ns_ndhi/meminit.hex' is read successfully [/home/st-wangjun/project/RISCV_A910/mySoC/sync_mem.v:142]
INFO: [Synth 8-6155] done synthesizing module 'sync_ram_1r1w_prim' (0#1) [/home/st-wangjun/project/RISCV_A910/mySoC/sync_mem.v:126]
INFO: [Synth 8-6155] done synthesizing module 'sync_ram_1r1w' (0#1) [/home/st-wangjun/project/RISCV_A910/mySoC/sync_mem.v:63]
INFO: [Synth 8-6155] done synthesizing module 'miniRV_SoC' (0#1) [/home/st-wangjun/project/RISCV_A910/mySoC/miniRV_SoC.v:60]
INFO: [Synth 8-6155] done synthesizing module 'top_fmax' (0#1) [/home/st-wangjun/project/RISCV_A910/synth/top_fmax.v:12]
WARNING: [Synth 8-6014] Unused sequential element q_usel_idx_reg was removed.  [/home/st-wangjun/project/RISCV_A910/mySoC/ifu2/rtl/rv32ifu2_tage.v:334]
WARNING: [Synth 8-6014] Unused sequential element u1_usel_idx_reg was removed.  [/home/st-wangjun/project/RISCV_A910/mySoC/ifu2/rtl/rv32ifu2_tage.v:742]
WARNING: [Synth 8-4767] Trying to implement RAM ' ' in registers. Block RAM or DRAM implementation is not possible; see log for reasons.
	1: RAM has multiple writes via different ports in same process. If RAM inferencing intended, write to one port per process. 
	2: Unable to determine number of words or word size in RAM. 
	3: No valid read/write found for RAM. 
RAM dissolved into registers
WARNING: [Synth 8-4767] Trying to implement RAM 'ent_q_reg' in registers. Block RAM or DRAM implementation is not possible; see log for reasons.
Reason is one or more of the following :
	1: RAM has multiple writes via different ports in same process. If RAM inferencing intended, write to one port per process. 
	2: Unable to determine number of words or word size in RAM. 
	3: No valid read/write found for RAM. 
RAM "ent_q_reg" dissolved into registers
WARNING: [Synth 8-6014] Unused sequential element op_r_reg was removed.  [/home/st-wangjun/project/RISCV_A910/mySoC/div_pipe.v:207]
WARNING: [Synth 8-3848] Net mem_csr_we in module/entity myCPU does not have driver. [/home/st-wangjun/project/RISCV_A910/mySoC/mycpu.v:193]
WARNING: [Synth 8-7129] Port flush_tag[6] in module MUL_DIV is either unconnected or has no load
WARNING: [Synth 8-7129] Port flush_tag[5] in module MUL_DIV is either unconnected or has no load
WARNING: [Synth 8-7129] Port flush_tag[4] in module MUL_DIV is either unconnected or has no load
WARNING: [Synth 8-7129] Port flush_tag[3] in module MUL_DIV is either unconnected or has no load
WARNING: [Synth 8-7129] Port flush_tag[2] in module MUL_DIV is either unconnected or has no load
WARNING: [Synth 8-7129] Port flush_tag[1] in module MUL_DIV is either unconnected or has no load
WARNING: [Synth 8-7129] Port flush_tag[0] in module MUL_DIV is either unconnected or has no load
WARNING: [Synth 8-7129] Port pop_num[3] in module rv32ifu2_ras is either unconnected or has no load
WARNING: [Synth 8-7129] Port rd_pc[31] in module rv32ifu2_btb is either unconnected or has no load
WARNING: [Synth 8-7129] Port rd_pc[30] in module rv32ifu2_btb is either unconnected or has no load
WARNING: [Synth 8-7129] Port rd_pc[29] in module rv32ifu2_btb is either unconnected or has no load
WARNING: [Synth 8-7129] Port rd_pc[28] in module rv32ifu2_btb is either unconnected or has no load
WARNING: [Synth 8-7129] Port rd_pc[27] in module rv32ifu2_btb is either unconnected or has no load
WARNING: [Synth 8-7129] Port rd_pc[26] in module rv32ifu2_btb is either unconnected or has no load
WARNING: [Synth 8-7129] Port rd_pc[25] in module rv32ifu2_btb is either unconnected or has no load
WARNING: [Synth 8-7129] Port rd_pc[24] in module rv32ifu2_btb is either unconnected or has no load
WARNING: [Synth 8-7129] Port rd_pc[23] in module rv32ifu2_btb is either unconnected or has no load
WARNING: [Synth 8-7129] Port rd_pc[22] in module rv32ifu2_btb is either unconnected or has no load
WARNING: [Synth 8-7129] Port rd_pc[21] in module rv32ifu2_btb is either unconnected or has no load
WARNING: [Synth 8-7129] Port rd_pc[20] in module rv32ifu2_btb is either unconnected or has no load
WARNING: [Synth 8-7129] Port rd_pc[19] in module rv32ifu2_btb is either unconnected or has no load
WARNING: [Synth 8-7129] Port rd_pc[18] in module rv32ifu2_btb is either unconnected or has no load
WARNING: [Synth 8-7129] Port rd_pc[17] in module rv32ifu2_btb is either unconnected or has no load
WARNING: [Synth 8-7129] Port rd_pc[16] in module rv32ifu2_btb is either unconnected or has no load
WARNING: [Synth 8-7129] Port rd_pc[3] in module rv32ifu2_btb is either unconnected or has no load
WARNING: [Synth 8-7129] Port rd_pc[2] in module rv32ifu2_btb is either unconnected or has no load
WARNING: [Synth 8-7129] Port rd_pc[1] in module rv32ifu2_btb is either unconnected or has no load
WARNING: [Synth 8-7129] Port rd_pc[0] in module rv32ifu2_btb is either unconnected or has no load
WARNING: [Synth 8-7129] Port upd_pc[31] in module rv32ifu2_btb is either unconnected or has no load
WARNING: [Synth 8-7129] Port upd_pc[30] in module rv32ifu2_btb is either unconnected or has no load
WARNING: [Synth 8-7129] Port upd_pc[29] in module rv32ifu2_btb is either unconnected or has no load
WARNING: [Synth 8-7129] Port upd_pc[28] in module rv32ifu2_btb is either unconnected or has no load
WARNING: [Synth 8-7129] Port upd_pc[27] in module rv32ifu2_btb is either unconnected or has no load
WARNING: [Synth 8-7129] Port upd_pc[26] in module rv32ifu2_btb is either unconnected or has no load
WARNING: [Synth 8-7129] Port upd_pc[25] in module rv32ifu2_btb is either unconnected or has no load
WARNING: [Synth 8-7129] Port upd_pc[24] in module rv32ifu2_btb is either unconnected or has no load
WARNING: [Synth 8-7129] Port upd_pc[23] in module rv32ifu2_btb is either unconnected or has no load
WARNING: [Synth 8-7129] Port upd_pc[22] in module rv32ifu2_btb is either unconnected or has no load
WARNING: [Synth 8-7129] Port upd_pc[21] in module rv32ifu2_btb is either unconnected or has no load
WARNING: [Synth 8-7129] Port upd_pc[20] in module rv32ifu2_btb is either unconnected or has no load
WARNING: [Synth 8-7129] Port upd_pc[19] in module rv32ifu2_btb is either unconnected or has no load
WARNING: [Synth 8-7129] Port upd_pc[18] in module rv32ifu2_btb is either unconnected or has no load
WARNING: [Synth 8-7129] Port upd_pc[17] in module rv32ifu2_btb is either unconnected or has no load
WARNING: [Synth 8-7129] Port upd_pc[16] in module rv32ifu2_btb is either unconnected or has no load
WARNING: [Synth 8-7129] Port upd_pc[1] in module rv32ifu2_btb is either unconnected or has no load
WARNING: [Synth 8-7129] Port upd_pc[0] in module rv32ifu2_btb is either unconnected or has no load
WARNING: [Synth 8-7129] Port upd_target[31] in module rv32ifu2_btb is either unconnected or has no load
WARNING: [Synth 8-7129] Port upd_target[30] in module rv32ifu2_btb is either unconnected or has no load
WARNING: [Synth 8-7129] Port upd_target[29] in module rv32ifu2_btb is either unconnected or has no load
WARNING: [Synth 8-7129] Port upd_target[28] in module rv32ifu2_btb is either unconnected or has no load
WARNING: [Synth 8-7129] Port upd_target[27] in module rv32ifu2_btb is either unconnected or has no load
WARNING: [Synth 8-7129] Port upd_target[26] in module rv32ifu2_btb is either unconnected or has no load
WARNING: [Synth 8-7129] Port upd_target[25] in module rv32ifu2_btb is either unconnected or has no load
WARNING: [Synth 8-7129] Port upd_target[24] in module rv32ifu2_btb is either unconnected or has no load
WARNING: [Synth 8-7129] Port upd_target[23] in module rv32ifu2_btb is either unconnected or has no load
WARNING: [Synth 8-7129] Port upd_target[22] in module rv32ifu2_btb is either unconnected or has no load
WARNING: [Synth 8-7129] Port upd_target[21] in module rv32ifu2_btb is either unconnected or has no load
WARNING: [Synth 8-7129] Port upd_target[20] in module rv32ifu2_btb is either unconnected or has no load
WARNING: [Synth 8-7129] Port upd_target[19] in module rv32ifu2_btb is either unconnected or has no load
WARNING: [Synth 8-7129] Port upd_target[18] in module rv32ifu2_btb is either unconnected or has no load
WARNING: [Synth 8-7129] Port upd_target[17] in module rv32ifu2_btb is either unconnected or has no load
WARNING: [Synth 8-7129] Port upd_target[16] in module rv32ifu2_btb is either unconnected or has no load
WARNING: [Synth 8-7129] Port upd_jal in module rv32ifu2_btb is either unconnected or has no load
WARNING: [Synth 8-7129] Port upd_jalr in module rv32ifu2_btb is either unconnected or has no load
WARNING: [Synth 8-7129] Port req_pc[3] in module rv32ifu2_refill is either unconnected or has no load
WARNING: [Synth 8-7129] Port req_pc[2] in module rv32ifu2_refill is either unconnected or has no load
WARNING: [Synth 8-7129] Port req_pc[1] in module rv32ifu2_refill is either unconnected or has no load
WARNING: [Synth 8-7129] Port req_pc[0] in module rv32ifu2_refill is either unconnected or has no load
WARNING: [Synth 8-7129] Port biu_rd_rid in module rv32ifu2_refill is either unconnected or has no load
WARNING: [Synth 8-7129] Port biu_rd_last in module rv32ifu2_refill is either unconnected or has no load
WARNING: [Synth 8-7129] Port biu_rd_resp[1] in module rv32ifu2_refill is either unconnected or has no load
WARNING: [Synth 8-7129] Port biu_rd_resp[0] in module rv32ifu2_refill is either unconnected or has no load
WARNING: [Synth 8-7129] Port refill_pc[3] in module rv32ifu2_icache is either unconnected or has no load
WARNING: [Synth 8-7129] Port refill_pc[2] in module rv32ifu2_icache is either unconnected or has no load
WARNING: [Synth 8-7129] Port refill_pc[1] in module rv32ifu2_icache is either unconnected or has no load
WARNING: [Synth 8-7129] Port refill_pc[0] in module rv32ifu2_icache is either unconnected or has no load
WARNING: [Synth 8-7129] Port rd_pc[31] in module rv32ifu2_tage is either unconnected or has no load
WARNING: [Synth 8-7129] Port rd_pc[30] in module rv32ifu2_tage is either unconnected or has no load
WARNING: [Synth 8-7129] Port rd_pc[29] in module rv32ifu2_tage is either unconnected or has no load
WARNING: [Synth 8-7129] Port rd_pc[28] in module rv32ifu2_tage is either unconnected or has no load
WARNING: [Synth 8-7129] Port rd_pc[27] in module rv32ifu2_tage is either unconnected or has no load
WARNING: [Synth 8-7129] Port rd_pc[26] in module rv32ifu2_tage is either unconnected or has no load
WARNING: [Synth 8-7129] Port rd_pc[25] in module rv32ifu2_tage is either unconnected or has no load
WARNING: [Synth 8-7129] Port rd_pc[24] in module rv32ifu2_tage is either unconnected or has no load
WARNING: [Synth 8-7129] Port rd_pc[23] in module rv32ifu2_tage is either unconnected or has no load
WARNING: [Synth 8-7129] Port rd_pc[22] in module rv32ifu2_tage is either unconnected or has no load
WARNING: [Synth 8-7129] Port rd_pc[21] in module rv32ifu2_tage is either unconnected or has no load
WARNING: [Synth 8-7129] Port rd_pc[20] in module rv32ifu2_tage is either unconnected or has no load
WARNING: [Synth 8-7129] Port rd_pc[19] in module rv32ifu2_tage is either unconnected or has no load
WARNING: [Synth 8-7129] Port rd_pc[18] in module rv32ifu2_tage is either unconnected or has no load
WARNING: [Synth 8-7129] Port rd_pc[17] in module rv32ifu2_tage is either unconnected or has no load
WARNING: [Synth 8-7129] Port rd_pc[16] in module rv32ifu2_tage is either unconnected or has no load
WARNING: [Synth 8-7129] Port rd_pc[3] in module rv32ifu2_tage is either unconnected or has no load
WARNING: [Synth 8-7129] Port rd_pc[2] in module rv32ifu2_tage is either unconnected or has no load
WARNING: [Synth 8-7129] Port rd_pc[1] in module rv32ifu2_tage is either unconnected or has no load
WARNING: [Synth 8-7129] Port rd_pc[0] in module rv32ifu2_tage is either unconnected or has no load
WARNING: [Synth 8-7129] Port rd_ghr[15] in module rv32ifu2_tage is either unconnected or has no load
WARNING: [Synth 8-7129] Port rd_ghr[14] in module rv32ifu2_tage is either unconnected or has no load
WARNING: [Synth 8-7129] Port upd_pc[31] in module rv32ifu2_tage is either unconnected or has no load
WARNING: [Synth 8-7129] Port upd_pc[30] in module rv32ifu2_tage is either unconnected or has no load
INFO: [Common 17-14] Message 'Synth 8-7129' appears 100 times and further instances of the messages will be disabled. Use the Tcl command set_msg_config to change the current settings.
---------------------------------------------------------------------------------
Finished RTL Elaboration : Time (s): cpu = 00:00:05 ; elapsed = 00:00:06 . Memory (MB): peak = 2371.172 ; gain = 569.930 ; free physical = 71260 ; free virtual = 952527
---------------------------------------------------------------------------------
---------------------------------------------------------------------------------
Start Handling Custom Attributes
---------------------------------------------------------------------------------
---------------------------------------------------------------------------------
Finished Handling Custom Attributes : Time (s): cpu = 00:00:06 ; elapsed = 00:00:06 . Memory (MB): peak = 2386.008 ; gain = 584.766 ; free physical = 71221 ; free virtual = 952488
---------------------------------------------------------------------------------
---------------------------------------------------------------------------------
Finished RTL Optimization Phase 1 : Time (s): cpu = 00:00:06 ; elapsed = 00:00:06 . Memory (MB): peak = 2386.008 ; gain = 584.766 ; free physical = 71221 ; free virtual = 952488
---------------------------------------------------------------------------------
Netlist sorting complete. Time (s): cpu = 00:00:00.12 ; elapsed = 00:00:00.12 . Memory (MB): peak = 2391.945 ; gain = 0.000 ; free physical = 70588 ; free virtual = 951855
INFO: [Project 1-570] Preparing netlist for logic optimization

Processing XDC Constraints
Initializing timing engine
Parsing XDC File [/home/st-wangjun/project/RISCV_A910/synth/vivado/fmax_impl_6.5ns_ndhi/fmax_gen.xdc]
Finished Parsing XDC File [/home/st-wangjun/project/RISCV_A910/synth/vivado/fmax_impl_6.5ns_ndhi/fmax_gen.xdc]
Completed Processing XDC Constraints

Netlist sorting complete. Time (s): cpu = 00:00:00 ; elapsed = 00:00:00 . Memory (MB): peak = 2564.414 ; gain = 0.000 ; free physical = 69275 ; free virtual = 950556
INFO: [Project 1-111] Unisim Transformation Summary:
No Unisim elements were transformed.

Constraint Validation Runtime : Time (s): cpu = 00:00:00.33 ; elapsed = 00:00:00.08 . Memory (MB): peak = 2564.414 ; gain = 0.000 ; free physical = 69200 ; free virtual = 950487
---------------------------------------------------------------------------------
Finished Constraint Validation : Time (s): cpu = 00:00:14 ; elapsed = 00:00:13 . Memory (MB): peak = 2564.414 ; gain = 763.172 ; free physical = 67490 ; free virtual = 948769
---------------------------------------------------------------------------------
---------------------------------------------------------------------------------
Start Loading Part and Timing Information
---------------------------------------------------------------------------------
Loading part: xc7k325tffg900-2
---------------------------------------------------------------------------------
Finished Loading Part and Timing Information : Time (s): cpu = 00:00:14 ; elapsed = 00:00:13 . Memory (MB): peak = 2564.414 ; gain = 763.172 ; free physical = 67489 ; free virtual = 948768
---------------------------------------------------------------------------------
---------------------------------------------------------------------------------
Start Applying 'set_property' XDC Constraints
---------------------------------------------------------------------------------
---------------------------------------------------------------------------------
Finished applying 'set_property' XDC Constraints : Time (s): cpu = 00:00:14 ; elapsed = 00:00:13 . Memory (MB): peak = 2564.414 ; gain = 763.172 ; free physical = 67487 ; free virtual = 948767
---------------------------------------------------------------------------------
INFO: [Synth 8-802] inferred FSM for state register 'state_q_reg' in module 'rv32ifu2_refill'
INFO: [Synth 8-802] inferred FSM for state register 'state_reg' in module 'div_pipe'
---------------------------------------------------------------------------------------------------
                   State |                     New Encoding |                Previous Encoding 
---------------------------------------------------------------------------------------------------
                  S_IDLE |                              001 |                               00
                   S_REQ |                              010 |                               01
                  S_WAIT |                              100 |                               10
---------------------------------------------------------------------------------------------------
INFO: [Synth 8-3354] encoded FSM with state register 'state_q_reg' using encoding 'one-hot' in module 'rv32ifu2_refill'
---------------------------------------------------------------------------------------------------
                   State |                     New Encoding |                Previous Encoding 
---------------------------------------------------------------------------------------------------
                 ST_IDLE |                            00001 |                              000
                 ST_PREP |                            00010 |                              001
                 ST_ITER |                            00100 |                              010
                ST_FIXUP |                            01000 |                              011
                  iSTATE |                            10000 |                              100
*
---------------------------------------------------------------------------------------------------
INFO: [Synth 8-3354] encoded FSM with state register 'state_reg' using encoding 'one-hot' in module 'div_pipe'
---------------------------------------------------------------------------------
Finished RTL Optimization Phase 2 : Time (s): cpu = 00:00:17 ; elapsed = 00:00:16 . Memory (MB): peak = 2564.414 ; gain = 763.172 ; free physical = 67302 ; free virtual = 948609
---------------------------------------------------------------------------------
---------------------------------------------------------------------------------
Start RTL Component Statistics 
---------------------------------------------------------------------------------
Detailed RTL Component Info : 
+---Adders : 
	   3 Input   64 Bit       Adders := 1     
	   3 Input   35 Bit       Adders := 3     
	   2 Input   34 Bit       Adders := 1     
	   2 Input   32 Bit       Adders := 18    
	   3 Input   32 Bit       Adders := 1     
	   2 Input    7 Bit       Adders := 2     
	   3 Input    7 Bit       Adders := 1     
	   2 Input    6 Bit       Adders := 2     
	   4 Input    5 Bit       Adders := 1     
	   2 Input    4 Bit       Adders := 3     
	   3 Input    4 Bit       Adders := 1     
	   2 Input    3 Bit       Adders := 8     
	   3 Input    3 Bit       Adders := 3     
	   4 Input    3 Bit       Adders := 1     
	   2 Input    2 Bit       Adders := 11    
+---XORs : 
	   3 Input     64 Bit         XORs := 17    
	   2 Input     32 Bit         XORs := 1     
	   2 Input      6 Bit         XORs := 16    
	   2 Input      1 Bit         XORs := 44    
	   3 Input      1 Bit         XORs := 8     
+---Registers : 
	              153 Bit    Registers := 8     
	              128 Bit    Registers := 5     
	               64 Bit    Registers := 6     
	               34 Bit    Registers := 1     
	               33 Bit    Registers := 1     
	               32 Bit    Registers := 86    
	               25 Bit    Registers := 2     
	               24 Bit    Registers := 8     
	               16 Bit    Registers := 2     
	               12 Bit    Registers := 1     
	                8 Bit    Registers := 1     
	                7 Bit    Registers := 10    
	                6 Bit    Registers := 17    
	                5 Bit    Registers := 6     
	                4 Bit    Registers := 8     
	                3 Bit    Registers := 4     
	                2 Bit    Registers := 10    
	                1 Bit    Registers := 70    
+---RAMs : 
	             512K Bit	(16384 X 32 bit)          RAMs := 1     
	               4K Bit	(32 X 128 bit)          RAMs := 2     
	               4K Bit	(64 X 64 bit)          RAMs := 1     
	              768 Bit	(32 X 24 bit)          RAMs := 2     
	              448 Bit	(64 X 7 bit)          RAMs := 1     
	              256 Bit	(64 X 4 bit)          RAMs := 1     
	               64 Bit	(64 X 1 bit)          RAMs := 1     
+---ROMs : 
	                    ROMs := 1     
+---Muxes : 
	   2 Input 1224 Bit        Muxes := 2     
	   2 Input  153 Bit        Muxes := 40    
	   2 Input  128 Bit        Muxes := 5     
	   2 Input   64 Bit        Muxes := 6     
	   4 Input   64 Bit        Muxes := 1     
	   2 Input   34 Bit        Muxes := 34    
	   2 Input   33 Bit        Muxes := 1     
	   2 Input   32 Bit        Muxes := 144   
	   4 Input   32 Bit        Muxes := 12    
	   8 Input   32 Bit        Muxes := 1     
	  17 Input   32 Bit        Muxes := 1     
	   3 Input   32 Bit        Muxes := 1     
	   2 Input   25 Bit        Muxes := 3     
	   2 Input   24 Bit        Muxes := 70    
	   4 Input   24 Bit        Muxes := 2     
	   4 Input   16 Bit        Muxes := 2     
	   2 Input   16 Bit        Muxes := 14    
	   2 Input   12 Bit        Muxes := 1     
	   2 Input    8 Bit        Muxes := 11    
	   4 Input    8 Bit        Muxes := 1     
	   5 Input    7 Bit        Muxes := 8     
	   2 Input    7 Bit        Muxes := 14    
	   4 Input    7 Bit        Muxes := 1     
	   4 Input    6 Bit        Muxes := 8     
	   2 Input    6 Bit        Muxes := 80    
	   4 Input    5 Bit        Muxes := 2     
	   2 Input    5 Bit        Muxes := 6     
	  11 Input    5 Bit        Muxes := 1     
	   7 Input    5 Bit        Muxes := 1     
	   2 Input    4 Bit        Muxes := 16    
	   8 Input    4 Bit        Muxes := 2     
	   7 Input    4 Bit        Muxes := 1     
	   6 Input    4 Bit        Muxes := 1     
	   2 Input    3 Bit        Muxes := 24    
	   9 Input    3 Bit        Muxes := 3     
	   5 Input    3 Bit        Muxes := 2     
	  11 Input    3 Bit        Muxes := 1     
	   6 Input    3 Bit        Muxes := 1     
	   4 Input    3 Bit        Muxes := 2     
	   8 Input    3 Bit        Muxes := 1     
	   2 Input    2 Bit        Muxes := 63    
	   4 Input    2 Bit        Muxes := 8     
	  11 Input    2 Bit        Muxes := 4     
	   3 Input    2 Bit        Muxes := 4     
	   2 Input    1 Bit        Muxes := 308   
	   3 Input    1 Bit        Muxes := 51    
	   4 Input    1 Bit        Muxes := 1     
	   9 Input    1 Bit        Muxes := 3     
	   5 Input    1 Bit        Muxes := 4     
	  11 Input    1 Bit        Muxes := 4     
	  16 Input    1 Bit        Muxes := 1     
	   8 Input    1 Bit        Muxes := 7     
---------------------------------------------------------------------------------
Finished RTL Component Statistics 
---------------------------------------------------------------------------------
---------------------------------------------------------------------------------
Start Part Resource Summary
---------------------------------------------------------------------------------
Part Resources:
DSPs: 840 (col length:140)
BRAMs: 890 (col length: RAMB18 140 RAMB36 70)
---------------------------------------------------------------------------------
Finished Part Resource Summary
---------------------------------------------------------------------------------
---------------------------------------------------------------------------------
Start Cross Boundary and Area Optimization
---------------------------------------------------------------------------------
WARNING: [Synth 8-7080] Parallel synthesis criteria is not met
INFO: [Synth 8-6851] RAM (dat_q_reg) has partial Byte Wide Write Enable pattern, however no output register found in fanout of RAM. Recommended to use supported Byte Wide Write Enable template. 
INFO: [Synth 8-6851] RAM (dat_q_reg) has partial Byte Wide Write Enable pattern, however no output register found in fanout of RAM. Recommended to use supported Byte Wide Write Enable template. 
---------------------------------------------------------------------------------
Finished Cross Boundary and Area Optimization : Time (s): cpu = 00:01:25 ; elapsed = 00:01:26 . Memory (MB): peak = 2761.461 ; gain = 960.219 ; free physical = 65060 ; free virtual = 946493
---------------------------------------------------------------------------------
---------------------------------------------------------------------------------
Start ROM, RAM, DSP, Shift Register and Retiming Reporting
---------------------------------------------------------------------------------

ROM: Preliminary Mapping Report
+------------+-------------------------------------+---------------+----------------+
|Module Name | RTL Object                          | Depth x Width | Implemented As | 
+------------+-------------------------------------+---------------+----------------+
|top_fmax    | u_ifu_biu_mem/u_rom/u_prim/rd_q_reg | 4096x128      | Block RAM      | 
+------------+-------------------------------------+---------------+----------------+


Block RAM: Preliminary Mapping Report (see note below)
+----------------------------------+-----------------------------+------------------------+---+---+------------------------+---+---+------------------+--------+--------+
|Module Name                       | RTL Object                  | PORT A (Depth x Width) | W | R | PORT B (Depth x Width) | W | R | Ports driving FF | RAMB18 | RAMB36 | 
+----------------------------------+-----------------------------+------------------------+---+---+------------------------+---+---+------------------+--------+--------+
|Core_cpui_0/u_ifu_subsys/u_icache | u_dat_way0/u_prim/mem_q_reg | 32 x 128(READ_FIRST)   | W |   | 32 x 128(WRITE_FIRST)  |   | R | Port A and B     | 0      | 2      | 
|Core_cpui_0/u_ifu_subsys/u_icache | u_dat_way1/u_prim/mem_q_reg | 32 x 128(READ_FIRST)   | W |   | 32 x 128(WRITE_FIRST)  |   | R | Port A and B     | 0      | 2      | 
|top_fmax                          | Mem_DRAM/u_prim/mem_reg     | 16 K x 32(READ_FIRST)  | W |   | 16 K x 32(WRITE_FIRST) |   | R | Port A and B     | 0      | 16     | 
+----------------------------------+-----------------------------+------------------------+---+---+------------------------+---+---+------------------+--------+--------+

Note: The table above is a preliminary report that shows the Block RAMs at the current stage of the synthesis flow. Some Block RAMs may be reimplemented as non Block RAM primitives later in the synthesis flow. Multiple instantiated Block RAMs are reported only once. 

Distributed RAM: Preliminary Mapping Report (see note below)
+-----------------------------------------+-----------------------------+----------------+----------------------+----------------+
|Module Name                              | RTL Object                  | Inference      | Size (Depth x Width) | Primitives     | 
+-----------------------------------------+-----------------------------+----------------+----------------------+----------------+
|Core_cpui_0/u_ifu_subsys/\g_tage.u_tage  | g_tab[2].tg_u_reg           | User Attribute | 64 x 7               | RAM64M x 6     | 
|Core_cpui_0/u_ifu_subsys/\g_tage.u_tage  | g_tab[1].tg_u_reg           | User Attribute | 64 x 7               | RAM64M x 6     | 
|Core_cpui_0/u_ifu_subsys/\g_tage.u_tage  | g_tab[1].pv_u_reg           | User Attribute | 64 x 24              | RAM64M x 16    | 
|Core_cpui_0/u_ifu_subsys/\g_tage.u_tage  | g_tab[3].pv_u_reg           | User Attribute | 64 x 24              | RAM64M x 16    | 
|Core_cpui_0/u_ifu_subsys/\g_tage.u_tage  | g_tab[0].tg_u_reg           | User Attribute | 64 x 7               | RAM64M x 6     | 
|Core_cpui_0/u_ifu_subsys/\g_tage.u_tage  | g_tab[3].tg_u_reg           | User Attribute | 64 x 7               | RAM64M x 6     | 
|Core_cpui_0/u_ifu_subsys/\g_tage.u_tage  | g_tab[0].pv_u_reg           | User Attribute | 64 x 24              | RAM64M x 16    | 
|Core_cpui_0/u_ifu_subsys/\g_tage.u_tage  | g_tab[2].pv_u_reg           | User Attribute | 64 x 24              | RAM64M x 16    | 
|Core_cpui_0/u_ifu_subsys/\g_tage.u_tage  | t0_u_reg                    | User Attribute | 64 x 8               | RAM64M x 6     | 
|Core_cpui_0/u_ifu_subsys/\g_tage.u_tage  | g_tab[1].tg_p_reg           | User Attribute | 64 x 7               | RAM64M x 6     | 
|Core_cpui_0/u_ifu_subsys/\g_tage.u_tage  | g_tab[1].pv_p_reg           | User Attribute | 64 x 24              | RAM64M x 16    | 
|Core_cpui_0/u_ifu_subsys/\g_tage.u_tage  | g_tab[0].tg_p_reg           | User Attribute | 64 x 7               | RAM64M x 6     | 
|Core_cpui_0/u_ifu_subsys/\g_tage.u_tage  | g_tab[0].pv_p_reg           | User Attribute | 64 x 24              | RAM64M x 16    | 
|Core_cpui_0/u_ifu_subsys/\g_tage.u_tage  | g_tab[2].tg_p_reg           | User Attribute | 64 x 7               | RAM64M x 6     | 
|Core_cpui_0/u_ifu_subsys/\g_tage.u_tage  | g_tab[2].pv_p_reg           | User Attribute | 64 x 24              | RAM64M x 16    | 
|Core_cpui_0/u_ifu_subsys/\g_tage.u_tage  | g_tab[3].tg_p_reg           | User Attribute | 64 x 7               | RAM64M x 6     | 
|Core_cpui_0/u_ifu_subsys/\g_tage.u_tage  | g_tab[3].pv_p_reg           | User Attribute | 64 x 24              | RAM64M x 16    | 
|Core_cpui_0/u_ifu_subsys/\g_tage.u_tage  | t0_p_reg                    | User Attribute | 64 x 8               | RAM64M x 6     | 
|Core_cpui_0/u_ifu_subsys/\g_tage.u_tage  | use_sel_q_reg               | Implied        | 64 x 4               | RAM64M x 4     | 
|Core_cpui_0/u_ifu_subsys/\g_tage.u_tage  | usel_sgn_p_reg              | Implied        | 64 x 1               | RAM64M x 2     | 
|Core_cpui_0/u_ifu_subsys/u_icache        | u_tag_way0/u_prim/mem_q_reg | Implied        | 32 x 24              | RAM32M x 4     | 
|Core_cpui_0/u_ifu_subsys/u_icache        | u_tag_way1/u_prim/mem_q_reg | Implied        | 32 x 24              | RAM32M x 4     | 
|Core_cpui_0/u_ifu_subsys/u_btb           | tag_q_reg                   | Implied        | 64 x 7               | RAM64M x 6     | 
|Core_cpui_0/u_ifu_subsys/u_btb           | dat_q_reg                   | Implied        | 64 x 64              | RAM64X1D x 64  | 
+-----------------------------------------+-----------------------------+----------------+----------------------+----------------+

Note: The table above is a preliminary report that shows the Distributed RAMs at the current stage of the synthesis flow. Some Distributed RAMs may be reimplemented as non Distributed RAM primitives later in the synthesis flow. Multiple instantiated RAMs are reported only once.
---------------------------------------------------------------------------------
Finished ROM, RAM, DSP, Shift Register and Retiming Reporting
---------------------------------------------------------------------------------
---------------------------------------------------------------------------------
Start Applying XDC Timing Constraints
---------------------------------------------------------------------------------
---------------------------------------------------------------------------------
Finished Applying XDC Timing Constraints : Time (s): cpu = 00:01:30 ; elapsed = 00:01:31 . Memory (MB): peak = 2761.465 ; gain = 960.223 ; free physical = 64844 ; free virtual = 946277
---------------------------------------------------------------------------------
---------------------------------------------------------------------------------
Start Timing Optimization
---------------------------------------------------------------------------------
---------------------------------------------------------------------------------
Finished Timing Optimization : Time (s): cpu = 00:02:44 ; elapsed = 00:02:47 . Memory (MB): peak = 3088.461 ; gain = 1287.219 ; free physical = 61144 ; free virtual = 942579
---------------------------------------------------------------------------------
---------------------------------------------------------------------------------
Start ROM, RAM, DSP, Shift Register and Retiming Reporting
---------------------------------------------------------------------------------

Block RAM: Final Mapping Report
+----------------------------------+-----------------------------+------------------------+---+---+------------------------+---+---+------------------+--------+--------+
|Module Name                       | RTL Object                  | PORT A (Depth x Width) | W | R | PORT B (Depth x Width) | W | R | Ports driving FF | RAMB18 | RAMB36 | 
+----------------------------------+-----------------------------+------------------------+---+---+------------------------+---+---+------------------+--------+--------+
|Core_cpui_0/u_ifu_subsys/u_icache | u_dat_way0/u_prim/mem_q_reg | 32 x 128(READ_FIRST)   | W |   | 32 x 128(WRITE_FIRST)  |   | R | Port A and B     | 0      | 2      | 
|Core_cpui_0/u_ifu_subsys/u_icache | u_dat_way1/u_prim/mem_q_reg | 32 x 128(READ_FIRST)   | W |   | 32 x 128(WRITE_FIRST)  |   | R | Port A and B     | 0      | 2      | 
|top_fmax                          | Mem_DRAM/u_prim/mem_reg     | 16 K x 32(READ_FIRST)  | W |   | 16 K x 32(WRITE_FIRST) |   | R | Port A and B     | 0      | 16     | 
+----------------------------------+-----------------------------+------------------------+---+---+------------------------+---+---+------------------+--------+--------+


Distributed RAM: Final Mapping Report
+-----------------------------------------+-----------------------------+----------------+----------------------+----------------+
|Module Name                              | RTL Object                  | Inference      | Size (Depth x Width) | Primitives     | 
+-----------------------------------------+-----------------------------+----------------+----------------------+----------------+
|Core_cpui_0/u_ifu_subsys/\g_tage.u_tage  | g_tab[2].tg_u_reg           | User Attribute | 64 x 7               | RAM64M x 6     | 
|Core_cpui_0/u_ifu_subsys/\g_tage.u_tage  | g_tab[1].tg_u_reg           | User Attribute | 64 x 7               | RAM64M x 6     | 
|Core_cpui_0/u_ifu_subsys/\g_tage.u_tage  | g_tab[1].pv_u_reg           | User Attribute | 64 x 24              | RAM64M x 16    | 
|Core_cpui_0/u_ifu_subsys/\g_tage.u_tage  | g_tab[3].pv_u_reg           | User Attribute | 64 x 24              | RAM64M x 16    | 
|Core_cpui_0/u_ifu_subsys/\g_tage.u_tage  | g_tab[0].tg_u_reg           | User Attribute | 64 x 7               | RAM64M x 6     | 
|Core_cpui_0/u_ifu_subsys/\g_tage.u_tage  | g_tab[3].tg_u_reg           | User Attribute | 64 x 7               | RAM64M x 6     | 
|Core_cpui_0/u_ifu_subsys/\g_tage.u_tage  | g_tab[0].pv_u_reg           | User Attribute | 64 x 24              | RAM64M x 16    | 
|Core_cpui_0/u_ifu_subsys/\g_tage.u_tage  | g_tab[2].pv_u_reg           | User Attribute | 64 x 24              | RAM64M x 16    | 
|Core_cpui_0/u_ifu_subsys/\g_tage.u_tage  | t0_u_reg                    | User Attribute | 64 x 8               | RAM64M x 6     | 
|Core_cpui_0/u_ifu_subsys/\g_tage.u_tage  | g_tab[1].tg_p_reg           | User Attribute | 64 x 7               | RAM64M x 6     | 
|Core_cpui_0/u_ifu_subsys/\g_tage.u_tage  | g_tab[1].pv_p_reg           | User Attribute | 64 x 24              | RAM64M x 16    | 
|Core_cpui_0/u_ifu_subsys/\g_tage.u_tage  | g_tab[0].tg_p_reg           | User Attribute | 64 x 7               | RAM64M x 6     | 
|Core_cpui_0/u_ifu_subsys/\g_tage.u_tage  | g_tab[0].pv_p_reg           | User Attribute | 64 x 24              | RAM64M x 16    | 
|Core_cpui_0/u_ifu_subsys/\g_tage.u_tage  | g_tab[2].tg_p_reg           | User Attribute | 64 x 7               | RAM64M x 6     | 
|Core_cpui_0/u_ifu_subsys/\g_tage.u_tage  | g_tab[2].pv_p_reg           | User Attribute | 64 x 24              | RAM64M x 16    | 
|Core_cpui_0/u_ifu_subsys/\g_tage.u_tage  | g_tab[3].tg_p_reg           | User Attribute | 64 x 7               | RAM64M x 6     | 
|Core_cpui_0/u_ifu_subsys/\g_tage.u_tage  | g_tab[3].pv_p_reg           | User Attribute | 64 x 24              | RAM64M x 16    | 
|Core_cpui_0/u_ifu_subsys/\g_tage.u_tage  | t0_p_reg                    | User Attribute | 64 x 8               | RAM64M x 6     | 
|Core_cpui_0/u_ifu_subsys/\g_tage.u_tage  | use_sel_q_reg               | Implied        | 64 x 4               | RAM64M x 4     | 
|Core_cpui_0/u_ifu_subsys/\g_tage.u_tage  | usel_sgn_p_reg              | Implied        | 64 x 1               | RAM64M x 2     | 
|Core_cpui_0/u_ifu_subsys/u_icache        | u_tag_way0/u_prim/mem_q_reg | Implied        | 32 x 24              | RAM32M x 4     | 
|Core_cpui_0/u_ifu_subsys/u_icache        | u_tag_way1/u_prim/mem_q_reg | Implied        | 32 x 24              | RAM32M x 4     | 
|Core_cpui_0/u_ifu_subsys/u_btb           | tag_q_reg                   | Implied        | 64 x 7               | RAM64M x 6     | 
|Core_cpui_0/u_ifu_subsys/u_btb           | dat_q_reg                   | Implied        | 64 x 64              | RAM64X1D x 64  | 
+-----------------------------------------+-----------------------------+----------------+----------------------+----------------+

---------------------------------------------------------------------------------
Finished ROM, RAM, DSP, Shift Register and Retiming Reporting
---------------------------------------------------------------------------------
---------------------------------------------------------------------------------
Start Technology Mapping
---------------------------------------------------------------------------------
INFO: [Synth 8-7052] The timing for the instance u_soc/Core_cpu/u_ifu_subsys/u_icache/u_dat_way0/u_prim/mem_q_reg_0 (implemented as a Block RAM) might be sub-optimal as no optional output register could be merged into the ram block. Providing additional output register may help in improving timing.
INFO: [Synth 8-7052] The timing for the instance u_soc/Core_cpu/u_ifu_subsys/u_icache/u_dat_way0/u_prim/mem_q_reg_1 (implemented as a Block RAM) might be sub-optimal as no optional output register could be merged into the ram block. Providing additional output register may help in improving timing.
INFO: [Synth 8-7052] The timing for the instance u_soc/Core_cpu/u_ifu_subsys/u_icache/u_dat_way1/u_prim/mem_q_reg_0 (implemented as a Block RAM) might be sub-optimal as no optional output register could be merged into the ram block. Providing additional output register may help in improving timing.
INFO: [Synth 8-7052] The timing for the instance u_soc/Core_cpu/u_ifu_subsys/u_icache/u_dat_way1/u_prim/mem_q_reg_1 (implemented as a Block RAM) might be sub-optimal as no optional output register could be merged into the ram block. Providing additional output register may help in improving timing.
INFO: [Synth 8-7052] The timing for the instance u_soc/Core_cpu/u_ifu_biu_mem/u_rom/u_prim/rd_q_reg_0 (implemented as a Block RAM) might be sub-optimal as no optional output register could be merged into the ram block. Providing additional output register may help in improving timing.
INFO: [Synth 8-7052] The timing for the instance u_soc/Core_cpu/u_ifu_biu_mem/u_rom/u_prim/rd_q_reg_1 (implemented as a Block RAM) might be sub-optimal as no optional output register could be merged into the ram block. Providing additional output register may help in improving timing.
INFO: [Synth 8-7052] The timing for the instance u_soc/Core_cpu/u_ifu_biu_mem/u_rom/u_prim/rd_q_reg_2 (implemented as a Block RAM) might be sub-optimal as no optional output register could be merged into the ram block. Providing additional output register may help in improving timing.
INFO: [Synth 8-7052] The timing for the instance u_soc/Core_cpu/u_ifu_biu_mem/u_rom/u_prim/rd_q_reg_3 (implemented as a Block RAM) might be sub-optimal as no optional output register could be merged into the ram block. Providing additional output register may help in improving timing.
INFO: [Synth 8-7052] The timing for the instance u_soc/Core_cpu/u_ifu_biu_mem/u_rom/u_prim/rd_q_reg_4 (implemented as a Block RAM) might be sub-optimal as no optional output register could be merged into the ram block. Providing additional output register may help in improving timing.
INFO: [Synth 8-7052] The timing for the instance u_soc/Core_cpu/u_ifu_biu_mem/u_rom/u_prim/rd_q_reg_5 (implemented as a Block RAM) might be sub-optimal as no optional output register could be merged into the ram block. Providing additional output register may help in improving timing.
INFO: [Synth 8-7052] The timing for the instance u_soc/Core_cpu/u_ifu_biu_mem/u_rom/u_prim/rd_q_reg_6 (implemented as a Block RAM) might be sub-optimal as no optional output register could be merged into the ram block. Providing additional output register may help in improving timing.
INFO: [Synth 8-7052] The timing for the instance u_soc/Core_cpu/u_ifu_biu_mem/u_rom/u_prim/rd_q_reg_7 (implemented as a Block RAM) might be sub-optimal as no optional output register could be merged into the ram block. Providing additional output register may help in improving timing.
INFO: [Synth 8-7052] The timing for the instance u_soc/Core_cpu/u_ifu_biu_mem/u_rom/u_prim/rd_q_reg_8 (implemented as a Block RAM) might be sub-optimal as no optional output register could be merged into the ram block. Providing additional output register may help in improving timing.
INFO: [Synth 8-7052] The timing for the instance u_soc/Core_cpu/u_ifu_biu_mem/u_rom/u_prim/rd_q_reg_9 (implemented as a Block RAM) might be sub-optimal as no optional output register could be merged into the ram block. Providing additional output register may help in improving timing.
INFO: [Synth 8-7052] The timing for the instance u_soc/Core_cpu/u_ifu_biu_mem/u_rom/u_prim/rd_q_reg_10 (implemented as a Block RAM) might be sub-optimal as no optional output register could be merged into the ram block. Providing additional output register may help in improving timing.
INFO: [Synth 8-7052] The timing for the instance u_soc/Core_cpu/u_ifu_biu_mem/u_rom/u_prim/rd_q_reg_11 (implemented as a Block RAM) might be sub-optimal as no optional output register could be merged into the ram block. Providing additional output register may help in improving timing.
INFO: [Synth 8-7052] The timing for the instance u_soc/Core_cpu/u_ifu_biu_mem/u_rom/u_prim/rd_q_reg_12 (implemented as a Block RAM) might be sub-optimal as no optional output register could be merged into the ram block. Providing additional output register may help in improving timing.
INFO: [Synth 8-7052] The timing for the instance u_soc/Core_cpu/u_ifu_biu_mem/u_rom/u_prim/rd_q_reg_13 (implemented as a Block RAM) might be sub-optimal as no optional output register could be merged into the ram block. Providing additional output register may help in improving timing.
INFO: [Synth 8-7052] The timing for the instance u_soc/Core_cpu/u_ifu_biu_mem/u_rom/u_prim/rd_q_reg_14 (implemented as a Block RAM) might be sub-optimal as no optional output register could be merged into the ram block. Providing additional output register may help in improving timing.
INFO: [Synth 8-7052] The timing for the instance u_soc/Mem_DRAM/u_prim/mem_reg_0 (implemented as a Block RAM) might be sub-optimal as no optional output register could be merged into the ram block. Providing additional output register may help in improving timing.
INFO: [Synth 8-7052] The timing for the instance u_soc/Mem_DRAM/u_prim/mem_reg_1 (implemented as a Block RAM) might be sub-optimal as no optional output register could be merged into the ram block. Providing additional output register may help in improving timing.
INFO: [Synth 8-7052] The timing for the instance u_soc/Mem_DRAM/u_prim/mem_reg_2 (implemented as a Block RAM) might be sub-optimal as no optional output register could be merged into the ram block. Providing additional output register may help in improving timing.
INFO: [Synth 8-7052] The timing for the instance u_soc/Mem_DRAM/u_prim/mem_reg_3 (implemented as a Block RAM) might be sub-optimal as no optional output register could be merged into the ram block. Providing additional output register may help in improving timing.
INFO: [Synth 8-7052] The timing for the instance u_soc/Mem_DRAM/u_prim/mem_reg_4 (implemented as a Block RAM) might be sub-optimal as no optional output register could be merged into the ram block. Providing additional output register may help in improving timing.
INFO: [Synth 8-7052] The timing for the instance u_soc/Mem_DRAM/u_prim/mem_reg_5 (implemented as a Block RAM) might be sub-optimal as no optional output register could be merged into the ram block. Providing additional output register may help in improving timing.
INFO: [Synth 8-7052] The timing for the instance u_soc/Mem_DRAM/u_prim/mem_reg_6 (implemented as a Block RAM) might be sub-optimal as no optional output register could be merged into the ram block. Providing additional output register may help in improving timing.
INFO: [Synth 8-7052] The timing for the instance u_soc/Mem_DRAM/u_prim/mem_reg_7 (implemented as a Block RAM) might be sub-optimal as no optional output register could be merged into the ram block. Providing additional output register may help in improving timing.
INFO: [Synth 8-7052] The timing for the instance u_soc/Mem_DRAM/u_prim/mem_reg_8 (implemented as a Block RAM) might be sub-optimal as no optional output register could be merged into the ram block. Providing additional output register may help in improving timing.
INFO: [Synth 8-7052] The timing for the instance u_soc/Mem_DRAM/u_prim/mem_reg_9 (implemented as a Block RAM) might be sub-optimal as no optional output register could be merged into the ram block. Providing additional output register may help in improving timing.
INFO: [Synth 8-7052] The timing for the instance u_soc/Mem_DRAM/u_prim/mem_reg_10 (implemented as a Block RAM) might be sub-optimal as no optional output register could be merged into the ram block. Providing additional output register may help in improving timing.
INFO: [Synth 8-7052] The timing for the instance u_soc/Mem_DRAM/u_prim/mem_reg_11 (implemented as a Block RAM) might be sub-optimal as no optional output register could be merged into the ram block. Providing additional output register may help in improving timing.
INFO: [Synth 8-7052] The timing for the instance u_soc/Mem_DRAM/u_prim/mem_reg_12 (implemented as a Block RAM) might be sub-optimal as no optional output register could be merged into the ram block. Providing additional output register may help in improving timing.
INFO: [Synth 8-7052] The timing for the instance u_soc/Mem_DRAM/u_prim/mem_reg_13 (implemented as a Block RAM) might be sub-optimal as no optional output register could be merged into the ram block. Providing additional output register may help in improving timing.
INFO: [Synth 8-7052] The timing for the instance u_soc/Mem_DRAM/u_prim/mem_reg_14 (implemented as a Block RAM) might be sub-optimal as no optional output register could be merged into the ram block. Providing additional output register may help in improving timing.
INFO: [Synth 8-7052] The timing for the instance u_soc/Mem_DRAM/u_prim/mem_reg_15 (implemented as a Block RAM) might be sub-optimal as no optional output register could be merged into the ram block. Providing additional output register may help in improving timing.
---------------------------------------------------------------------------------
Finished Technology Mapping : Time (s): cpu = 00:02:52 ; elapsed = 00:02:56 . Memory (MB): peak = 3088.465 ; gain = 1287.223 ; free physical = 62589 ; free virtual = 944024
---------------------------------------------------------------------------------
---------------------------------------------------------------------------------
Start IO Insertion
---------------------------------------------------------------------------------
---------------------------------------------------------------------------------
Start Flattening Before IO Insertion
---------------------------------------------------------------------------------
---------------------------------------------------------------------------------
Finished Flattening Before IO Insertion
---------------------------------------------------------------------------------
---------------------------------------------------------------------------------
Start Final Netlist Cleanup
---------------------------------------------------------------------------------
---------------------------------------------------------------------------------
Finished Final Netlist Cleanup
---------------------------------------------------------------------------------
---------------------------------------------------------------------------------
Finished IO Insertion : Time (s): cpu = 00:02:57 ; elapsed = 00:03:00 . Memory (MB): peak = 3088.465 ; gain = 1287.223 ; free physical = 63816 ; free virtual = 945251
---------------------------------------------------------------------------------
---------------------------------------------------------------------------------
Start Renaming Generated Instances
---------------------------------------------------------------------------------
---------------------------------------------------------------------------------
Finished Renaming Generated Instances : Time (s): cpu = 00:02:57 ; elapsed = 00:03:00 . Memory (MB): peak = 3088.465 ; gain = 1287.223 ; free physical = 63816 ; free virtual = 945251
---------------------------------------------------------------------------------
---------------------------------------------------------------------------------
Start Rebuilding User Hierarchy
---------------------------------------------------------------------------------
---------------------------------------------------------------------------------
Finished Rebuilding User Hierarchy : Time (s): cpu = 00:02:58 ; elapsed = 00:03:02 . Memory (MB): peak = 3088.465 ; gain = 1287.223 ; free physical = 63793 ; free virtual = 945225
---------------------------------------------------------------------------------
---------------------------------------------------------------------------------
Start Renaming Generated Ports
---------------------------------------------------------------------------------
---------------------------------------------------------------------------------
Finished Renaming Generated Ports : Time (s): cpu = 00:02:58 ; elapsed = 00:03:02 . Memory (MB): peak = 3088.465 ; gain = 1287.223 ; free physical = 63789 ; free virtual = 945222
---------------------------------------------------------------------------------
---------------------------------------------------------------------------------
Start Handling Custom Attributes
---------------------------------------------------------------------------------
---------------------------------------------------------------------------------
Finished Handling Custom Attributes : Time (s): cpu = 00:02:59 ; elapsed = 00:03:02 . Memory (MB): peak = 3088.465 ; gain = 1287.223 ; free physical = 63684 ; free virtual = 945074
---------------------------------------------------------------------------------
---------------------------------------------------------------------------------
Start Renaming Generated Nets
---------------------------------------------------------------------------------
---------------------------------------------------------------------------------
Finished Renaming Generated Nets : Time (s): cpu = 00:02:59 ; elapsed = 00:03:02 . Memory (MB): peak = 3088.465 ; gain = 1287.223 ; free physical = 63652 ; free virtual = 945042
---------------------------------------------------------------------------------
---------------------------------------------------------------------------------
Start Writing Synthesis Report
---------------------------------------------------------------------------------

Report BlackBoxes: 
+-+--------------+----------+
| |BlackBox name |Instances |
+-+--------------+----------+
+-+--------------+----------+

Report Cell Usage: 
+------+---------+------+
|      |Cell     |Count |
+------+---------+------+
|1     |BUFG     |     1|
|2     |CARRY4   |   270|
|3     |LUT1     |   123|
|4     |LUT2     |   675|
|5     |LUT3     |  1646|
|6     |LUT4     |  1649|
|7     |LUT5     |  2694|
|8     |LUT6     |  5369|
|9     |MUXF7    |   575|
|10    |MUXF8    |   128|
|11    |RAM32M   |     8|
|12    |RAM64M   |   183|
|13    |RAM64X1D |    76|
|14    |RAMB18E1 |     1|
|15    |RAMB36E1 |    34|
|46    |FDCE     |  1862|
|47    |FDPE     |    20|
|48    |FDRE     |  2821|
|49    |FDSE     |     3|
|50    |IBUF     |     2|
|51    |OBUF     |    71|
+------+---------+------+
---------------------------------------------------------------------------------
Finished Writing Synthesis Report : Time (s): cpu = 00:02:59 ; elapsed = 00:03:02 . Memory (MB): peak = 3088.465 ; gain = 1287.223 ; free physical = 63612 ; free virtual = 945002
---------------------------------------------------------------------------------
Synthesis finished with 0 errors, 0 critical warnings and 1 warnings.
Synthesis Optimization Runtime : Time (s): cpu = 00:02:54 ; elapsed = 00:02:59 . Memory (MB): peak = 3088.465 ; gain = 1108.816 ; free physical = 63593 ; free virtual = 944984
Synthesis Optimization Complete : Time (s): cpu = 00:02:59 ; elapsed = 00:03:02 . Memory (MB): peak = 3088.469 ; gain = 1287.223 ; free physical = 63596 ; free virtual = 944987
INFO: [Project 1-571] Translating synthesized netlist
Netlist sorting complete. Time (s): cpu = 00:00:00.1 ; elapsed = 00:00:00.11 . Memory (MB): peak = 3088.469 ; gain = 0.000 ; free physical = 63858 ; free virtual = 945283
INFO: [Netlist 29-17] Analyzing 1275 Unisim elements for replacement
INFO: [Netlist 29-28] Unisim Transformation completed in 0 CPU seconds
INFO: [Project 1-570] Preparing netlist for logic optimization
INFO: [Opt 31-138] Pushed 0 inverter(s) to 0 load pin(s).
Netlist sorting complete. Time (s): cpu = 00:00:00 ; elapsed = 00:00:00.01 . Memory (MB): peak = 3149.516 ; gain = 0.000 ; free physical = 63041 ; free virtual = 944389
INFO: [Project 1-111] Unisim Transformation Summary:
  A total of 267 instances were transformed.
  RAM32M => RAM32M (RAMD32(x6), RAMS32(x2)): 8 instances
  RAM64M => RAM64M (RAMD64E(x4)): 183 instances
  RAM64X1D => RAM64X1D (RAMD64E(x2)): 76 instances

Synth Design complete | Checksum: faf281f9
INFO: [Common 17-83] Releasing license: Synthesis
142 Infos, 112 Warnings, 0 Critical Warnings and 0 Errors encountered.
synth_design completed successfully
synth_design: Time (s): cpu = 00:03:07 ; elapsed = 00:03:08 . Memory (MB): peak = 3149.516 ; gain = 1660.527 ; free physical = 63031 ; free virtual = 944379
INFO: [Common 17-2834] synth_design peak Physical Memory [PSS] (MB): overall = 2364.856; main = 2024.169; forked = 340.688
INFO: [Common 17-2834] synth_design peak Virtual Memory [VSS] (MB): overall = 4436.695; main = 3149.520; forked = 1348.230
Write ShapeDB Complete: Time (s): cpu = 00:00:00.04 ; elapsed = 00:00:00.01 . Memory (MB): peak = 3186.148 ; gain = 0.000 ; free physical = 63028 ; free virtual = 944377
INFO: [Common 17-1381] The checkpoint '/home/st-wangjun/project/RISCV_A910/synth/vivado/fmax_impl_6.5ns_ndhi/fmax_impl_6.5ns_ndhi.runs/synth_1/top_fmax.dcp' has been generated.
INFO: [runtcl-4] Executing : report_utilization -file top_fmax_utilization_synth.rpt -pb top_fmax_utilization_synth.pb
INFO: [Common 17-206] Exiting Vivado at Tue Sep 29 02:59:02 2026...
[Tue Sep 29 02:59:13 2026] synth_1 finished
wait_on_runs: Time (s): cpu = 00:03:19 ; elapsed = 00:03:30 . Memory (MB): peak = 1507.980 ; gain = 0.000 ; free physical = 71059 ; free virtual = 952387
# if {[get_property PROGRESS [get_runs synth_1]] ne "100%"} {
#     error "synth_1 FAILED: [get_property STATUS [get_runs synth_1]]"
# }
# if {$MODE eq "impl"} {
#     launch_runs impl_1 -jobs 8
#     wait_on_run impl_1
#     if {[get_property PROGRESS [get_runs impl_1]] ne "100%"} {
#         error "impl_1 FAILED: [get_property STATUS [get_runs impl_1]]"
#     }
#     open_run impl_1
# } else {
#     open_run synth_1
# }
[Tue Sep 29 02:59:13 2026] Launched impl_1...
Run output will be captured here: /home/st-wangjun/project/RISCV_A910/synth/vivado/fmax_impl_6.5ns_ndhi/fmax_impl_6.5ns_ndhi.runs/impl_1/runme.log
[Tue Sep 29 02:59:13 2026] Waiting for impl_1 to finish...

*** Running vivado
    with args -log top_fmax.vdi -applog -m64 -product Vivado -messageDb vivado.pb -mode batch -source top_fmax.tcl -notrace


****** Vivado v2023.2 (64-bit)
  **** SW Build 4029153 on Fri Oct 13 20:13:54 MDT 2023
  **** IP Build 4028589 on Sat Oct 14 00:45:43 MDT 2023
  **** SharedData Build 4025554 on Tue Oct 10 17:18:54 MDT 2023
    ** Copyright 1986-2022 Xilinx, Inc. All Rights Reserved.
    ** Copyright 2022-2023 Advanced Micro Devices, Inc. All Rights Reserved.

source top_fmax.tcl -notrace
Command: link_design -top top_fmax -part xc7k325tffg900-2
Design is defaulting to srcset: sources_1
Design is defaulting to constrset: constrs_1
INFO: [Device 21-403] Loading part xc7k325tffg900-2
Netlist sorting complete. Time (s): cpu = 00:00:00.06 ; elapsed = 00:00:00.07 . Memory (MB): peak = 1795.676 ; gain = 0.000 ; free physical = 64583 ; free virtual = 945910
INFO: [Netlist 29-17] Analyzing 1275 Unisim elements for replacement
INFO: [Netlist 29-28] Unisim Transformation completed in 0 CPU seconds
INFO: [Project 1-479] Netlist was created with Vivado 2023.2
INFO: [Project 1-570] Preparing netlist for logic optimization
Parsing XDC File [/home/st-wangjun/project/RISCV_A910/synth/vivado/fmax_impl_6.5ns_ndhi/fmax_gen.xdc]
Finished Parsing XDC File [/home/st-wangjun/project/RISCV_A910/synth/vivado/fmax_impl_6.5ns_ndhi/fmax_gen.xdc]
INFO: [Opt 31-138] Pushed 0 inverter(s) to 0 load pin(s).
Netlist sorting complete. Time (s): cpu = 00:00:00 ; elapsed = 00:00:00 . Memory (MB): peak = 2009.430 ; gain = 0.000 ; free physical = 63952 ; free virtual = 945280
INFO: [Project 1-111] Unisim Transformation Summary:
  A total of 267 instances were transformed.
  RAM32M => RAM32M (RAMD32(x6), RAMS32(x2)): 8 instances
  RAM64M => RAM64M (RAMD64E(x4)): 183 instances
  RAM64X1D => RAM64X1D (RAMD64E(x2)): 76 instances

7 Infos, 0 Warnings, 0 Critical Warnings and 0 Errors encountered.
link_design completed successfully
link_design: Time (s): cpu = 00:00:06 ; elapsed = 00:00:06 . Memory (MB): peak = 2009.430 ; gain = 582.641 ; free physical = 63923 ; free virtual = 945250
Command: opt_design
Attempting to get a license for feature 'Implementation' and/or device 'xc7k325t'
INFO: [Common 17-349] Got license for feature 'Implementation' and/or device 'xc7k325t'
Running DRC as a precondition to command opt_design

Starting DRC Task
INFO: [DRC 23-27] Running DRC with 8 threads
INFO: [Project 1-461] DRC finished with 0 Errors
INFO: [Project 1-462] Please refer to the DRC report (report_drc) for more information.

Time (s): cpu = 00:00:01 ; elapsed = 00:00:00.63 . Memory (MB): peak = 2146.078 ; gain = 124.438 ; free physical = 63851 ; free virtual = 945178

Starting Cache Timing Information Task
INFO: [Timing 38-35] Done setting XDC timing constraints.
Ending Cache Timing Information Task | Checksum: 171a432ab

Time (s): cpu = 00:00:08 ; elapsed = 00:00:07 . Memory (MB): peak = 2687.152 ; gain = 541.074 ; free physical = 64706 ; free virtual = 946013

Starting Logic Optimization Task

Phase 1 Initialization

Phase 1.1 Core Generation And Design Setup
Phase 1.1 Core Generation And Design Setup | Checksum: 171a432ab

Time (s): cpu = 00:00:00 ; elapsed = 00:00:00 . Memory (MB): peak = 2992.957 ; gain = 0.004 ; free physical = 64098 ; free virtual = 945407

Phase 1.2 Setup Constraints And Sort Netlist
Phase 1.2 Setup Constraints And Sort Netlist | Checksum: 171a432ab

Time (s): cpu = 00:00:00 ; elapsed = 00:00:00.01 . Memory (MB): peak = 2992.957 ; gain = 0.004 ; free physical = 64098 ; free virtual = 945407
Phase 1 Initialization | Checksum: 171a432ab

Time (s): cpu = 00:00:00 ; elapsed = 00:00:00.01 . Memory (MB): peak = 2992.957 ; gain = 0.004 ; free physical = 64098 ; free virtual = 945407

Phase 2 Timer Update And Timing Data Collection

Phase 2.1 Timer Update
Phase 2.1 Timer Update | Checksum: 171a432ab

Time (s): cpu = 00:00:00.62 ; elapsed = 00:00:00.16 . Memory (MB): peak = 2992.957 ; gain = 0.004 ; free physical = 64081 ; free virtual = 945390

Phase 2.2 Timing Data Collection
Phase 2.2 Timing Data Collection | Checksum: 171a432ab

Time (s): cpu = 00:00:00.64 ; elapsed = 00:00:00.18 . Memory (MB): peak = 2992.957 ; gain = 0.004 ; free physical = 64078 ; free virtual = 945387
Phase 2 Timer Update And Timing Data Collection | Checksum: 171a432ab

Time (s): cpu = 00:00:00.64 ; elapsed = 00:00:00.18 . Memory (MB): peak = 2992.957 ; gain = 0.004 ; free physical = 64078 ; free virtual = 945387

Phase 3 Retarget
INFO: [Opt 31-138] Pushed 0 inverter(s) to 0 load pin(s).
INFO: [Opt 31-49] Retargeted 0 cell(s).
Phase 3 Retarget | Checksum: 1d675d4e8

Time (s): cpu = 00:00:00.83 ; elapsed = 00:00:00.34 . Memory (MB): peak = 2992.957 ; gain = 0.004 ; free physical = 64055 ; free virtual = 945364
Retarget | Checksum: 1d675d4e8
INFO: [Opt 31-389] Phase Retarget created 8 cells and removed 9 cells

Phase 4 Constant propagation
INFO: [Opt 31-138] Pushed 0 inverter(s) to 0 load pin(s).
Phase 4 Constant propagation | Checksum: 18fcd9314

Time (s): cpu = 00:00:00.93 ; elapsed = 00:00:00.44 . Memory (MB): peak = 2992.957 ; gain = 0.004 ; free physical = 64054 ; free virtual = 945363
Constant propagation | Checksum: 18fcd9314
INFO: [Opt 31-389] Phase Constant propagation created 0 cells and removed 0 cells

Phase 5 Sweep
Phase 5 Sweep | Checksum: 1b2901aec

Time (s): cpu = 00:00:01 ; elapsed = 00:00:00.58 . Memory (MB): peak = 2992.957 ; gain = 0.004 ; free physical = 64035 ; free virtual = 945343
Sweep | Checksum: 1b2901aec
INFO: [Opt 31-389] Phase Sweep created 37 cells and removed 0 cells

Phase 6 BUFG optimization
Phase 6 BUFG optimization | Checksum: 1b2901aec

Time (s): cpu = 00:00:01 ; elapsed = 00:00:00.65 . Memory (MB): peak = 3041.797 ; gain = 48.844 ; free physical = 64028 ; free virtual = 945337
BUFG optimization | Checksum: 1b2901aec
INFO: [Opt 31-662] Phase BUFG optimization created 0 cells of which 0 are BUFGs and removed 0 cells.

Phase 7 Shift Register Optimization
INFO: [Opt 31-1064] SRL Remap converted 0 SRLs to 0 registers and converted 0 registers of register chains to 0 SRLs
Phase 7 Shift Register Optimization | Checksum: 1b2901aec

Time (s): cpu = 00:00:01 ; elapsed = 00:00:00.66 . Memory (MB): peak = 3041.797 ; gain = 48.844 ; free physical = 64027 ; free virtual = 945336
Shift Register Optimization | Checksum: 1b2901aec
INFO: [Opt 31-389] Phase Shift Register Optimization created 0 cells and removed 0 cells

Phase 8 Post Processing Netlist
Phase 8 Post Processing Netlist | Checksum: f91e4ac0

Time (s): cpu = 00:00:01 ; elapsed = 00:00:00.69 . Memory (MB): peak = 3041.797 ; gain = 48.844 ; free physical = 64017 ; free virtual = 945326
Post Processing Netlist | Checksum: f91e4ac0
INFO: [Opt 31-389] Phase Post Processing Netlist created 0 cells and removed 0 cells

Phase 9 Finalization

Phase 9.1 Finalizing Design Cores and Updating Shapes
Phase 9.1 Finalizing Design Cores and Updating Shapes | Checksum: 12b65cb1d

Time (s): cpu = 00:00:01 ; elapsed = 00:00:00.79 . Memory (MB): peak = 3041.797 ; gain = 48.844 ; free physical = 64012 ; free virtual = 945320

Phase 9.2 Verifying Netlist Connectivity

Starting Connectivity Check Task

Time (s): cpu = 00:00:00.02 ; elapsed = 00:00:00.02 . Memory (MB): peak = 3041.797 ; gain = 0.000 ; free physical = 64012 ; free virtual = 945321
Phase 9.2 Verifying Netlist Connectivity | Checksum: 12b65cb1d

Time (s): cpu = 00:00:01 ; elapsed = 00:00:00.81 . Memory (MB): peak = 3041.797 ; gain = 48.844 ; free physical = 64012 ; free virtual = 945321
Phase 9 Finalization | Checksum: 12b65cb1d

Time (s): cpu = 00:00:01 ; elapsed = 00:00:00.81 . Memory (MB): peak = 3041.797 ; gain = 48.844 ; free physical = 64012 ; free virtual = 945321
Opt_design Change Summary
=========================


-------------------------------------------------------------------------------------------------------------------------
|  Phase                        |  #Cells created  |  #Cells Removed  |  #Constrained objects preventing optimizations  |
-------------------------------------------------------------------------------------------------------------------------
|  Retarget                     |               8  |               9  |                                              0  |
|  Constant propagation         |               0  |               0  |                                              0  |
|  Sweep                        |              37  |               0  |                                              0  |
|  BUFG optimization            |               0  |               0  |                                              0  |
|  Shift Register Optimization  |               0  |               0  |                                              0  |
|  Post Processing Netlist      |               0  |               0  |                                              0  |
-------------------------------------------------------------------------------------------------------------------------


Ending Logic Optimization Task | Checksum: 12b65cb1d

Time (s): cpu = 00:00:01 ; elapsed = 00:00:00.81 . Memory (MB): peak = 3041.797 ; gain = 48.844 ; free physical = 64012 ; free virtual = 945321
INFO: [Constraints 18-11670] Building netlist checker database with flags, 0x8
Done building netlist checker database: Time (s): cpu = 00:00:00 ; elapsed = 00:00:00 . Memory (MB): peak = 3041.797 ; gain = 0.000 ; free physical = 64011 ; free virtual = 945320

Starting Power Optimization Task
INFO: [Pwropt 34-132] Skipping clock gating for clocks with a period < 2.00 ns.
INFO: [Timing 38-35] Done setting XDC timing constraints.
Running Vector-less Activity Propagation...
INFO: [Pwropt 34-9] Applying IDT optimizations ...
INFO: [Pwropt 34-10] Applying ODC optimizations ...

Finished Running Vector-less Activity Propagation


Starting PowerOpt Patch Enables Task
INFO: [Pwropt 34-162] WRITE_MODE attribute of 0 BRAM(s) out of a total of 35 has been updated to save power. Run report_power_opt to get a complete listing of the BRAMs updated.
INFO: [Pwropt 34-201] Structural ODC has moved 0 WE to EN ports
Number of BRAM Ports augmented: 0 newly gated: 0 Total Ports: 70
Ending PowerOpt Patch Enables Task | Checksum: 12b65cb1d

Time (s): cpu = 00:00:00.12 ; elapsed = 00:00:00.12 . Memory (MB): peak = 3452.898 ; gain = 0.000 ; free physical = 63600 ; free virtual = 944915
Ending Power Optimization Task | Checksum: 12b65cb1d

Time (s): cpu = 00:00:08 ; elapsed = 00:00:04 . Memory (MB): peak = 3452.898 ; gain = 411.102 ; free physical = 63592 ; free virtual = 944908

Starting Final Cleanup Task
Ending Final Cleanup Task | Checksum: 12b65cb1d

Time (s): cpu = 00:00:00 ; elapsed = 00:00:00 . Memory (MB): peak = 3452.898 ; gain = 0.000 ; free physical = 63591 ; free virtual = 944907

Starting Netlist Obfuscation Task
Netlist sorting complete. Time (s): cpu = 00:00:00 ; elapsed = 00:00:00 . Memory (MB): peak = 3452.898 ; gain = 0.000 ; free physical = 63593 ; free virtual = 944908
Ending Netlist Obfuscation Task | Checksum: 12b65cb1d

Time (s): cpu = 00:00:00 ; elapsed = 00:00:00 . Memory (MB): peak = 3452.898 ; gain = 0.000 ; free physical = 63593 ; free virtual = 944909
INFO: [Common 17-83] Releasing license: Implementation
30 Infos, 0 Warnings, 0 Critical Warnings and 0 Errors encountered.
opt_design completed successfully
opt_design: Time (s): cpu = 00:00:20 ; elapsed = 00:00:14 . Memory (MB): peak = 3452.898 ; gain = 1443.469 ; free physical = 63594 ; free virtual = 944909
INFO: [runtcl-4] Executing : report_drc -file top_fmax_drc_opted.rpt -pb top_fmax_drc_opted.pb -rpx top_fmax_drc_opted.rpx
Command: report_drc -file top_fmax_drc_opted.rpt -pb top_fmax_drc_opted.pb -rpx top_fmax_drc_opted.rpx
INFO: [IP_Flow 19-234] Refreshing IP repositories
INFO: [IP_Flow 19-1704] No user IP repositories specified
INFO: [IP_Flow 19-2313] Loaded Vivado IP repository '/home/st-wangjun/hv/tools/Xilinx/Vivado/2023.2/data/ip'.
INFO: [DRC 23-27] Running DRC with 8 threads
INFO: [Vivado_Tcl 2-168] The results of DRC are in file /home/st-wangjun/project/RISCV_A910/synth/vivado/fmax_impl_6.5ns_ndhi/fmax_impl_6.5ns_ndhi.runs/impl_1/top_fmax_drc_opted.rpt.
report_drc completed successfully
INFO: [Timing 38-480] Writing timing data to binary archive.
Write ShapeDB Complete: Time (s): cpu = 00:00:00.05 ; elapsed = 00:00:00.02 . Memory (MB): peak = 3513.949 ; gain = 0.000 ; free physical = 63577 ; free virtual = 944893
INFO: [Common 17-1381] The checkpoint '/home/st-wangjun/project/RISCV_A910/synth/vivado/fmax_impl_6.5ns_ndhi/fmax_impl_6.5ns_ndhi.runs/impl_1/top_fmax_opt.dcp' has been generated.
Command: place_design -directive ExtraNetDelay_high
Attempting to get a license for feature 'Implementation' and/or device 'xc7k325t'
INFO: [Common 17-349] Got license for feature 'Implementation' and/or device 'xc7k325t'
INFO: [Common 17-83] Releasing license: Implementation
INFO: [DRC 23-27] Running DRC with 8 threads
INFO: [Vivado_Tcl 4-198] DRC finished with 0 Errors
INFO: [Vivado_Tcl 4-199] Please refer to the DRC report (report_drc) for more information.
Running DRC as a precondition to command place_design
INFO: [DRC 23-27] Running DRC with 8 threads
INFO: [Vivado_Tcl 4-198] DRC finished with 0 Errors, 21 Warnings
INFO: [Vivado_Tcl 4-199] Please refer to the DRC report (report_drc) for more information.
INFO: [Place 46-5] The placer was invoked with the 'ExtraNetDelay_high' directive.
INFO: [Place 30-611] Multithreading enabled for place_design using a maximum of 8 CPUs

Starting Placer Task

Phase 1 Placer Initialization

Phase 1.1 Placer Initialization Netlist Sorting
Netlist sorting complete. Time (s): cpu = 00:00:00 ; elapsed = 00:00:00 . Memory (MB): peak = 3513.953 ; gain = 0.000 ; free physical = 65555 ; free virtual = 946873
Phase 1.1 Placer Initialization Netlist Sorting | Checksum: 80fb8350

Time (s): cpu = 00:00:00.01 ; elapsed = 00:00:00.01 . Memory (MB): peak = 3513.953 ; gain = 0.000 ; free physical = 65558 ; free virtual = 946876
Netlist sorting complete. Time (s): cpu = 00:00:00 ; elapsed = 00:00:00 . Memory (MB): peak = 3513.953 ; gain = 0.000 ; free physical = 65561 ; free virtual = 946879

Phase 1.2 IO Placement/ Clock Placement/ Build Placer Device
INFO: [Timing 38-35] Done setting XDC timing constraints.
Phase 1.2 IO Placement/ Clock Placement/ Build Placer Device | Checksum: 14eb4de75

Time (s): cpu = 00:00:03 ; elapsed = 00:00:01 . Memory (MB): peak = 3513.953 ; gain = 0.000 ; free physical = 65517 ; free virtual = 946834

Phase 1.3 Build Placer Netlist Model
Phase 1.3 Build Placer Netlist Model | Checksum: 1b1ad45ab

Time (s): cpu = 00:00:07 ; elapsed = 00:00:03 . Memory (MB): peak = 3513.953 ; gain = 0.000 ; free physical = 65426 ; free virtual = 946744

Phase 1.4 Constrain Clocks/Macros
Phase 1.4 Constrain Clocks/Macros | Checksum: 1b1ad45ab

Time (s): cpu = 00:00:07 ; elapsed = 00:00:03 . Memory (MB): peak = 3513.953 ; gain = 0.000 ; free physical = 65426 ; free virtual = 946744
Phase 1 Placer Initialization | Checksum: 1b1ad45ab

Time (s): cpu = 00:00:07 ; elapsed = 00:00:03 . Memory (MB): peak = 3513.953 ; gain = 0.000 ; free physical = 65408 ; free virtual = 946726

Phase 2 Global Placement

Phase 2.1 Floorplanning
Phase 2.1 Floorplanning | Checksum: 17090fd56

Time (s): cpu = 00:00:09 ; elapsed = 00:00:04 . Memory (MB): peak = 3513.953 ; gain = 0.000 ; free physical = 65379 ; free virtual = 946696

Phase 2.2 Update Timing before SLR Path Opt
Phase 2.2 Update Timing before SLR Path Opt | Checksum: 18586226c

Time (s): cpu = 00:00:11 ; elapsed = 00:00:04 . Memory (MB): peak = 3513.953 ; gain = 0.000 ; free physical = 65349 ; free virtual = 946666

Phase 2.3 Post-Processing in Floorplanning
Phase 2.3 Post-Processing in Floorplanning | Checksum: 18586226c

Time (s): cpu = 00:00:11 ; elapsed = 00:00:04 . Memory (MB): peak = 3513.953 ; gain = 0.000 ; free physical = 65356 ; free virtual = 946674

Phase 2.4 Global Placement Core

Phase 2.4.1 UpdateTiming Before Physical Synthesis
Phase 2.4.1 UpdateTiming Before Physical Synthesis | Checksum: 1c7959e40

Time (s): cpu = 00:00:38 ; elapsed = 00:00:13 . Memory (MB): peak = 3513.953 ; gain = 0.000 ; free physical = 64657 ; free virtual = 945975

Phase 2.4.2 Physical Synthesis In Placer
INFO: [Physopt 32-1035] Found 29 LUTNM shape to break, 716 LUT instances to create LUTNM shape
INFO: [Physopt 32-1044] Break lutnm for timing: one critical 22, two critical 7, total 29, new lutff created 0
INFO: [Physopt 32-1138] End 1 Pass. Optimized 331 nets or LUTs. Breaked 29 LUTs, combined 302 existing LUTs and moved 0 existing LUT
INFO: [Physopt 32-65] No nets found for high-fanout optimization.
INFO: [Physopt 32-232] Optimized 0 net. Created 0 new instance.
INFO: [Physopt 32-775] End 1 Pass. Optimized 0 net or cell. Created 0 new cell, deleted 0 existing cell and moved 0 existing cell
INFO: [Physopt 32-46] Identified 9 candidate nets for critical-cell optimization.
INFO: [Physopt 32-571] Net u_soc/Core_cpu/U_EX_MEM/Q[10] was not replicated.
INFO: [Physopt 32-571] Net u_soc/Core_cpu/U_EX_MEM/Q[8] was not replicated.
INFO: [Physopt 32-232] Optimized 0 net. Created 0 new instance.
INFO: [Physopt 32-775] End 1 Pass. Optimized 0 net or cell. Created 0 new cell, deleted 0 existing cell and moved 0 existing cell
INFO: [Physopt 32-456] No candidate cells for DSP register optimization found in the design.
INFO: [Physopt 32-775] End 2 Pass. Optimized 0 net or cell. Created 0 new cell, deleted 0 existing cell and moved 0 existing cell
INFO: [Physopt 32-1123] No candidate cells found for Shift Register to Pipeline optimization
INFO: [Physopt 32-775] End 2 Pass. Optimized 0 net or cell. Created 0 new cell, deleted 0 existing cell and moved 0 existing cell
INFO: [Physopt 32-1401] No candidate cells found for Shift Register optimization.
INFO: [Physopt 32-677] No candidate cells for Shift Register optimization found in the design
INFO: [Physopt 32-775] End 1 Pass. Optimized 0 net or cell. Created 0 new cell, deleted 0 existing cell and moved 0 existing cell
INFO: [Physopt 32-526] No candidate cells for BRAM register optimization found in the design
INFO: [Physopt 32-775] End 1 Pass. Optimized 0 net or cell. Created 0 new cell, deleted 0 existing cell and moved 0 existing cell
INFO: [Physopt 32-846] No candidate cells for URAM register optimization found in the design
INFO: [Physopt 32-775] End 1 Pass. Optimized 0 net or cell. Created 0 new cell, deleted 0 existing cell and moved 0 existing cell
INFO: [Physopt 32-846] No candidate cells for URAM register optimization found in the design
INFO: [Physopt 32-775] End 1 Pass. Optimized 0 net or cell. Created 0 new cell, deleted 0 existing cell and moved 0 existing cell
INFO: [Physopt 32-949] No candidate nets found for dynamic/static region interface net replication
INFO: [Physopt 32-775] End 1 Pass. Optimized 0 net or cell. Created 0 new cell, deleted 0 existing cell and moved 0 existing cell
Netlist sorting complete. Time (s): cpu = 00:00:00.01 ; elapsed = 00:00:00 . Memory (MB): peak = 3513.953 ; gain = 0.000 ; free physical = 64599 ; free virtual = 945917

Summary of Physical Synthesis Optimizations
============================================


-----------------------------------------------------------------------------------------------------------------------------------------------------------
|  Optimization                                     |  Added Cells  |  Removed Cells  |  Optimized Cells/Nets  |  Dont Touch  |  Iterations  |  Elapsed   |
-----------------------------------------------------------------------------------------------------------------------------------------------------------
|  LUT Combining                                    |           29  |            302  |                   331  |           0  |           1  |  00:00:00  |
|  Retime                                           |            0  |              0  |                     0  |           0  |           1  |  00:00:00  |
|  Very High Fanout                                 |            0  |              0  |                     0  |           0  |           1  |  00:00:00  |
|  Critical Cell                                    |            0  |              0  |                     0  |           0  |           1  |  00:00:00  |
|  DSP Register                                     |            0  |              0  |                     0  |           0  |           1  |  00:00:00  |
|  Shift Register to Pipeline                       |            0  |              0  |                     0  |           0  |           1  |  00:00:00  |
|  Shift Register                                   |            0  |              0  |                     0  |           0  |           1  |  00:00:00  |
|  BRAM Register                                    |            0  |              0  |                     0  |           0  |           1  |  00:00:00  |
|  URAM Register                                    |            0  |              0  |                     0  |           0  |           1  |  00:00:00  |
|  Dynamic/Static Region Interface Net Replication  |            0  |              0  |                     0  |           0  |           1  |  00:00:00  |
|  Total                                            |           29  |            302  |                   331  |           0  |          10  |  00:00:01  |
-----------------------------------------------------------------------------------------------------------------------------------------------------------


Phase 2.4.2 Physical Synthesis In Placer | Checksum: 22c0f2059

Time (s): cpu = 00:00:40 ; elapsed = 00:00:15 . Memory (MB): peak = 3513.953 ; gain = 0.000 ; free physical = 64603 ; free virtual = 945921
Phase 2.4 Global Placement Core | Checksum: 170d2c6d4

Time (s): cpu = 00:00:42 ; elapsed = 00:00:15 . Memory (MB): peak = 3513.953 ; gain = 0.000 ; free physical = 64537 ; free virtual = 945855
Phase 2 Global Placement | Checksum: 170d2c6d4

Time (s): cpu = 00:00:42 ; elapsed = 00:00:15 . Memory (MB): peak = 3513.953 ; gain = 0.000 ; free physical = 64534 ; free virtual = 945852

Phase 3 Detail Placement

Phase 3.1 Commit Multi Column Macros
Phase 3.1 Commit Multi Column Macros | Checksum: 178245d4e

Time (s): cpu = 00:00:44 ; elapsed = 00:00:16 . Memory (MB): peak = 3513.953 ; gain = 0.000 ; free physical = 64506 ; free virtual = 945824

Phase 3.2 Commit Most Macros & LUTRAMs
Phase 3.2 Commit Most Macros & LUTRAMs | Checksum: 1df0d397c

Time (s): cpu = 00:00:47 ; elapsed = 00:00:17 . Memory (MB): peak = 3513.953 ; gain = 0.000 ; free physical = 64441 ; free virtual = 945759

Phase 3.3 Area Swap Optimization
Phase 3.3 Area Swap Optimization | Checksum: 13893e0e7

Time (s): cpu = 00:00:47 ; elapsed = 00:00:17 . Memory (MB): peak = 3513.953 ; gain = 0.000 ; free physical = 64489 ; free virtual = 945807

Phase 3.4 Pipeline Register Optimization
Phase 3.4 Pipeline Register Optimization | Checksum: 14d07a735

Time (s): cpu = 00:00:47 ; elapsed = 00:00:17 . Memory (MB): peak = 3513.953 ; gain = 0.000 ; free physical = 64488 ; free virtual = 945806

Phase 3.5 Fast Optimization
Phase 3.5 Fast Optimization | Checksum: 1e4d0d8ad

Time (s): cpu = 00:00:53 ; elapsed = 00:00:21 . Memory (MB): peak = 3513.953 ; gain = 0.000 ; free physical = 63354 ; free virtual = 944672

Phase 3.6 Small Shape Detail Placement
Phase 3.6 Small Shape Detail Placement | Checksum: 29ba8062a

Time (s): cpu = 00:00:58 ; elapsed = 00:00:25 . Memory (MB): peak = 3513.953 ; gain = 0.000 ; free physical = 63185 ; free virtual = 944503

Phase 3.7 Re-assign LUT pins
Phase 3.7 Re-assign LUT pins | Checksum: 267608c25

Time (s): cpu = 00:00:59 ; elapsed = 00:00:26 . Memory (MB): peak = 3513.953 ; gain = 0.000 ; free physical = 62897 ; free virtual = 944215

Phase 3.8 Pipeline Register Optimization
Phase 3.8 Pipeline Register Optimization | Checksum: 1c844615b

Time (s): cpu = 00:00:59 ; elapsed = 00:00:26 . Memory (MB): peak = 3513.953 ; gain = 0.000 ; free physical = 62870 ; free virtual = 944188

Phase 3.9 Fast Optimization
Phase 3.9 Fast Optimization | Checksum: 2bb47b78f

Time (s): cpu = 00:01:06 ; elapsed = 00:00:30 . Memory (MB): peak = 3513.953 ; gain = 0.000 ; free physical = 62051 ; free virtual = 943371
Phase 3 Detail Placement | Checksum: 2bb47b78f

Time (s): cpu = 00:01:06 ; elapsed = 00:00:30 . Memory (MB): peak = 3513.953 ; gain = 0.000 ; free physical = 62048 ; free virtual = 943368

Phase 4 Post Placement Optimization and Clean-Up

Phase 4.1 Post Commit Optimization
INFO: [Place 46-20] Placer is running with the ExtraNetDelay_high directive. Post Placement Optimization may take longer to complete with ExtraNetDelay_high compared to other directives.
INFO: [Timing 38-35] Done setting XDC timing constraints.

Phase 4.1.1 Post Placement Optimization
Post Placement Optimization Initialization | Checksum: 26624f4b4

Phase 4.1.1.1 BUFG Insertion

Starting Physical Synthesis Task

Phase 1 Physical Synthesis Initialization
INFO: [Physopt 32-721] Multithreading enabled for phys_opt_design using a maximum of 8 CPUs
INFO: [Physopt 32-619] Estimated Timing Summary | WNS=-1.308 | TNS=-1007.267 |
Phase 1 Physical Synthesis Initialization | Checksum: 22dd94b38

Time (s): cpu = 00:00:01 ; elapsed = 00:00:00.34 . Memory (MB): peak = 3513.953 ; gain = 0.000 ; free physical = 61814 ; free virtual = 943135
INFO: [Place 46-56] BUFG insertion identified 0 candidate nets. Inserted BUFG: 0, Replicated BUFG Driver: 0, Skipped due to Placement/Routing Conflicts: 0, Skipped due to Timing Degradation: 0, Skipped due to netlist editing failed: 0.
Ending Physical Synthesis Task | Checksum: 22dd94b38

Time (s): cpu = 00:00:01 ; elapsed = 00:00:00.51 . Memory (MB): peak = 3513.953 ; gain = 0.000 ; free physical = 61814 ; free virtual = 943134
Phase 4.1.1.1 BUFG Insertion | Checksum: 26624f4b4

Time (s): cpu = 00:01:13 ; elapsed = 00:00:32 . Memory (MB): peak = 3513.953 ; gain = 0.000 ; free physical = 61812 ; free virtual = 943132

Phase 4.1.1.2 Post Placement Timing Optimization
INFO: [Place 30-746] Post Placement Timing Summary WNS=-0.107. For the most accurate timing information please run report_timing.
Phase 4.1.1.2 Post Placement Timing Optimization | Checksum: 1a5b94dae

Time (s): cpu = 00:06:16 ; elapsed = 00:05:44 . Memory (MB): peak = 3513.953 ; gain = 0.000 ; free physical = 69055 ; free virtual = 950472

Time (s): cpu = 00:06:16 ; elapsed = 00:05:44 . Memory (MB): peak = 3513.953 ; gain = 0.000 ; free physical = 69055 ; free virtual = 950472
Phase 4.1 Post Commit Optimization | Checksum: 1a5b94dae

Time (s): cpu = 00:06:16 ; elapsed = 00:05:44 . Memory (MB): peak = 3513.953 ; gain = 0.000 ; free physical = 69054 ; free virtual = 950471

Phase 4.2 Post Placement Cleanup
Phase 4.2 Post Placement Cleanup | Checksum: 1a5b94dae

Time (s): cpu = 00:06:17 ; elapsed = 00:05:45 . Memory (MB): peak = 3513.953 ; gain = 0.000 ; free physical = 69054 ; free virtual = 950471

Phase 4.3 Placer Reporting

Phase 4.3.1 Print Estimated Congestion
INFO: [Place 30-612] Post-Placement Estimated Congestion 
 ____________________________________________________
|           | Global Congestion | Short Congestion  |
| Direction | Region Size       | Region Size       |
|___________|___________________|___________________|
|      North|                2x2|                8x8|
|___________|___________________|___________________|
|      South|                1x1|                4x4|
|___________|___________________|___________________|
|       East|                2x2|                4x4|
|___________|___________________|___________________|
|       West|                4x4|                2x2|
|___________|___________________|___________________|

Phase 4.3.1 Print Estimated Congestion | Checksum: 1a5b94dae

Time (s): cpu = 00:06:17 ; elapsed = 00:05:45 . Memory (MB): peak = 3513.953 ; gain = 0.000 ; free physical = 69054 ; free virtual = 950471
Phase 4.3 Placer Reporting | Checksum: 1a5b94dae

Time (s): cpu = 00:06:17 ; elapsed = 00:05:45 . Memory (MB): peak = 3513.953 ; gain = 0.000 ; free physical = 69054 ; free virtual = 950471

Phase 4.4 Final Placement Cleanup
Netlist sorting complete. Time (s): cpu = 00:00:00 ; elapsed = 00:00:00 . Memory (MB): peak = 3513.953 ; gain = 0.000 ; free physical = 69054 ; free virtual = 950471

Time (s): cpu = 00:06:17 ; elapsed = 00:05:45 . Memory (MB): peak = 3513.953 ; gain = 0.000 ; free physical = 69054 ; free virtual = 950471
Phase 4 Post Placement Optimization and Clean-Up | Checksum: 11654bf67

Time (s): cpu = 00:06:17 ; elapsed = 00:05:45 . Memory (MB): peak = 3513.953 ; gain = 0.000 ; free physical = 69054 ; free virtual = 950471
Ending Placer Task | Checksum: ad081bb6

Time (s): cpu = 00:06:17 ; elapsed = 00:05:45 . Memory (MB): peak = 3513.953 ; gain = 0.000 ; free physical = 69054 ; free virtual = 950471
82 Infos, 0 Warnings, 0 Critical Warnings and 0 Errors encountered.
place_design completed successfully
place_design: Time (s): cpu = 00:06:18 ; elapsed = 00:05:45 . Memory (MB): peak = 3513.953 ; gain = 0.004 ; free physical = 69054 ; free virtual = 950471
INFO: [runtcl-4] Executing : report_io -file top_fmax_io_placed.rpt
report_io: Time (s): cpu = 00:00:00.17 ; elapsed = 00:00:00.25 . Memory (MB): peak = 3513.953 ; gain = 0.000 ; free physical = 69051 ; free virtual = 950469
INFO: [runtcl-4] Executing : report_utilization -file top_fmax_utilization_placed.rpt -pb top_fmax_utilization_placed.pb
INFO: [runtcl-4] Executing : report_control_sets -verbose -file top_fmax_control_sets_placed.rpt
report_control_sets: Time (s): cpu = 00:00:00.07 ; elapsed = 00:00:00.13 . Memory (MB): peak = 3513.953 ; gain = 0.000 ; free physical = 69048 ; free virtual = 950465
INFO: [Timing 38-480] Writing timing data to binary archive.
Write ShapeDB Complete: Time (s): cpu = 00:00:00.11 ; elapsed = 00:00:00.03 . Memory (MB): peak = 3513.953 ; gain = 0.000 ; free physical = 69049 ; free virtual = 950468
Wrote PlaceDB: Time (s): cpu = 00:00:02 ; elapsed = 00:00:00.77 . Memory (MB): peak = 3513.953 ; gain = 0.000 ; free physical = 69028 ; free virtual = 950465
Wrote PulsedLatchDB: Time (s): cpu = 00:00:00 ; elapsed = 00:00:00 . Memory (MB): peak = 3513.953 ; gain = 0.000 ; free physical = 69028 ; free virtual = 950465
Writing XDEF routing.
Writing XDEF routing logical nets.
Writing XDEF routing special nets.
Wrote RouteStorage: Time (s): cpu = 00:00:00.03 ; elapsed = 00:00:00.03 . Memory (MB): peak = 3513.953 ; gain = 0.000 ; free physical = 69028 ; free virtual = 950464
Wrote Netlist Cache: Time (s): cpu = 00:00:00.02 ; elapsed = 00:00:00.02 . Memory (MB): peak = 3513.953 ; gain = 0.000 ; free physical = 69027 ; free virtual = 950465
Wrote Device Cache: Time (s): cpu = 00:00:00 ; elapsed = 00:00:00.01 . Memory (MB): peak = 3513.953 ; gain = 0.000 ; free physical = 69027 ; free virtual = 950465
Write Physdb Complete: Time (s): cpu = 00:00:02 ; elapsed = 00:00:00.83 . Memory (MB): peak = 3513.953 ; gain = 0.000 ; free physical = 69027 ; free virtual = 950465
INFO: [Common 17-1381] The checkpoint '/home/st-wangjun/project/RISCV_A910/synth/vivado/fmax_impl_6.5ns_ndhi/fmax_impl_6.5ns_ndhi.runs/impl_1/top_fmax_placed.dcp' has been generated.
Command: phys_opt_design -directive AggressiveExplore
Attempting to get a license for feature 'Implementation' and/or device 'xc7k325t'
INFO: [Common 17-349] Got license for feature 'Implementation' and/or device 'xc7k325t'
INFO: [Vivado_Tcl 4-137] Directive used for phys_opt_design is: AggressiveExplore

Starting Initial Update Timing Task

Time (s): cpu = 00:00:04 ; elapsed = 00:00:00.95 . Memory (MB): peak = 3513.953 ; gain = 0.000 ; free physical = 69044 ; free virtual = 950465
INFO: [Vivado_Tcl 4-1435] PhysOpt_Tcl_Interface Runtime Before Starting Physical Synthesis Task | CPU: 4.06s |  WALL: 1.08s
Netlist sorting complete. Time (s): cpu = 00:00:00 ; elapsed = 00:00:00 . Memory (MB): peak = 3513.953 ; gain = 0.000 ; free physical = 69044 ; free virtual = 950465

Starting Physical Synthesis Task

Phase 1 Physical Synthesis Initialization
INFO: [Physopt 32-721] Multithreading enabled for phys_opt_design using a maximum of 8 CPUs
INFO: [Physopt 32-619] Estimated Timing Summary | WNS=-0.107 | TNS=-0.651 |
Phase 1 Physical Synthesis Initialization | Checksum: 1b20b4b5b

Time (s): cpu = 00:00:02 ; elapsed = 00:00:00.98 . Memory (MB): peak = 3513.953 ; gain = 0.000 ; free physical = 69046 ; free virtual = 950468

Phase 2 SLR Crossing Optimization
Phase 2 SLR Crossing Optimization | Checksum: 1b20b4b5b

Time (s): cpu = 00:00:02 ; elapsed = 00:00:01 . Memory (MB): peak = 3513.953 ; gain = 0.000 ; free physical = 69047 ; free virtual = 950469
INFO: [Physopt 32-619] Estimated Timing Summary | WNS=-0.107 | TNS=-0.651 |

Phase 3 Fanout Optimization
INFO: [Physopt 32-76] Pass 1. Identified 50 candidate nets for fanout optimization.
INFO: [Physopt 32-572] Net u_soc/Core_cpu/u_ifu_subsys/g_tage.u_tage/q_row_idx_reg[1]_0[0] was not replicated.
Resolution: phys_opt_design can be forced to replicate a net driver using the option -force_replication_on_nets <list of net objects>.
INFO: [Physopt 32-572] Net u_soc/Core_cpu/u_ifu_subsys/g_tage.u_tage/q_row_idx_reg[3]_5[1] was not replicated.
Resolution: phys_opt_design can be forced to replicate a net driver using the option -force_replication_on_nets <list of net objects>.
INFO: [Physopt 32-81] Processed net u_soc/Core_cpu/u_ifu_subsys/g_tage.u_tage/q_row_idx_reg[1]_0[1]. Replicated 1 times.
INFO: [Physopt 32-572] Net u_soc/Core_cpu/u_ifu_subsys/g_tage.u_tage/q_row_idx_reg[3]_5[0] was not replicated.
Resolution: phys_opt_design can be forced to replicate a net driver using the option -force_replication_on_nets <list of net objects>.
INFO: [Physopt 32-572] Net u_soc/Core_cpu/u_ifu_subsys/g_tage.u_tage/q_row_idx_reg[2]_4[0] was not replicated.
Resolution: phys_opt_design can be forced to replicate a net driver using the option -force_replication_on_nets <list of net objects>.
INFO: [Physopt 32-572] Net u_soc/Core_cpu/u_ifu_subsys/g_tage.u_tage/q_row_idx_reg[1]_0[3] was not replicated.
Resolution: phys_opt_design can be forced to replicate a net driver using the option -force_replication_on_nets <list of net objects>.
INFO: [Physopt 32-572] Net u_soc/Core_cpu/u_ifu_subsys/u_btb/next_pc[0] was not replicated.
Resolution: phys_opt_design can be forced to replicate a net driver using the option -force_replication_on_nets <list of net objects>.
INFO: [Physopt 32-572] Net u_soc/Core_cpu/u_ifu_subsys/u_btb/reached_taken was not replicated.
Resolution: phys_opt_design can be forced to replicate a net driver using the option -force_replication_on_nets <list of net objects>.
INFO: [Physopt 32-572] Net u_soc/Core_cpu/u_ifu_subsys/g_tage.u_tage/q_row_idx_reg[1]_0[4] was not replicated.
Resolution: phys_opt_design can be forced to replicate a net driver using the option -force_replication_on_nets <list of net objects>.
INFO: [Physopt 32-572] Net u_soc/Core_cpu/u_ifu_subsys/g_tage.u_tage/q_row_idx_reg[3]_5[4] was not replicated.
Resolution: phys_opt_design can be forced to replicate a net driver using the option -force_replication_on_nets <list of net objects>.
INFO: [Physopt 32-572] Net u_soc/Core_cpu/u_ifu_subsys/u_btb/next_pc[3] was not replicated.
Resolution: phys_opt_design can be forced to replicate a net driver using the option -force_replication_on_nets <list of net objects>.
INFO: [Physopt 32-572] Net u_soc/Core_cpu/u_ifu_subsys/u_ibuf/cnt_q_reg[4]_3 was not replicated.
Resolution: phys_opt_design can be forced to replicate a net driver using the option -force_replication_on_nets <list of net objects>.
INFO: [Physopt 32-232] Optimized 1 net. Created 1 new instance.
INFO: [Physopt 32-775] End 1 Pass. Optimized 1 net or cell. Created 1 new cell, deleted 0 existing cell and moved 0 existing cell
INFO: [Physopt 32-619] Estimated Timing Summary | WNS=-0.107 | TNS=-0.692 |
Netlist sorting complete. Time (s): cpu = 00:00:00.02 ; elapsed = 00:00:00.02 . Memory (MB): peak = 3513.953 ; gain = 0.000 ; free physical = 69033 ; free virtual = 950459
Phase 3 Fanout Optimization | Checksum: c69e3d4b

Time (s): cpu = 00:00:13 ; elapsed = 00:00:05 . Memory (MB): peak = 3513.953 ; gain = 0.000 ; free physical = 69033 ; free virtual = 950459

Phase 4 Single Cell Placement Optimization
INFO: [Physopt 32-660] Identified 250 candidate nets for placement-based optimization.
INFO: [Physopt 32-662] Processed net u_soc/Core_cpu/u_ifu_subsys/g_tage.u_tage/q_row_idx_reg[1]_0[0].  Did not re-place instance u_soc/Core_cpu/u_ifu_subsys/g_tage.u_tage/q_row_idx_reg[1][0]
INFO: [Physopt 32-662] Processed net u_soc/Core_cpu/u_ifu_subsys/g_tage.u_tage/q_row_idx_reg[3]_5[1].  Did not re-place instance u_soc/Core_cpu/u_ifu_subsys/g_tage.u_tage/q_row_idx_reg[3][1]
INFO: [Physopt 32-662] Processed net u_soc/Core_cpu/u_ifu_subsys/u_btb/btb_t1.  Did not re-place instance u_soc/Core_cpu/u_ifu_subsys/u_btb/id_pred_npc[31]_i_5
INFO: [Physopt 32-662] Processed net u_soc/Core_cpu/u_ifu_subsys/u_ibuf/ghr_cnt_return[0].  Did not re-place instance u_soc/Core_cpu/u_ifu_subsys/u_ibuf/ghr_q[13]_i_3
INFO: [Physopt 32-662] Processed net u_soc/Core_cpu/u_ifu_subsys/u_ibuf/p_2_in.  Did not re-place instance u_soc/Core_cpu/u_ifu_subsys/u_ibuf/q_row_idx[1][2]_i_7
INFO: [Physopt 32-662] Processed net u_soc/Core_cpu/u_ifu_subsys/g_tage.u_tage/ent_q[6][150]_i_61_n_0.  Did not re-place instance u_soc/Core_cpu/u_ifu_subsys/g_tage.u_tage/ent_q[6][150]_i_61
INFO: [Physopt 32-662] Processed net u_soc/Core_cpu/u_ifu_subsys/u_icache/u_tag_way1/u_prim/push_num[2].  Did not re-place instance u_soc/Core_cpu/u_ifu_subsys/u_icache/u_tag_way1/u_prim/cnt_q[4]_i_6
INFO: [Physopt 32-662] Processed net u_soc/Core_cpu/u_ifu_subsys/u_ibuf/cnt_q_reg[4]_0.  Did not re-place instance u_soc/Core_cpu/u_ifu_subsys/u_ibuf/cnt_q[4]_i_4
INFO: [Physopt 32-662] Processed net u_soc/Core_cpu/u_ifu_subsys/u_btb/taken_slot[0].  Did not re-place instance u_soc/Core_cpu/u_ifu_subsys/u_btb/cnt_q[0]_i_7
INFO: [Physopt 32-662] Processed net u_soc/Core_cpu/u_ifu_subsys/u_ibuf/iu_red_ghr_q_reg[7].  Did not re-place instance u_soc/Core_cpu/u_ifu_subsys/u_ibuf/q_row_idx[3][1]_i_2
INFO: [Physopt 32-662] Processed net u_soc/Core_cpu/u_ifu_subsys/g_tage.u_tage/init_done_q_reg_inv_0.  Did not re-place instance u_soc/Core_cpu/u_ifu_subsys/g_tage.u_tage/id_bht_chk[22]_i_4
INFO: [Physopt 32-662] Processed net u_soc/Core_cpu/u_ifu_subsys/g_tage.u_tage/id_bht_chk[22]_i_36_n_0.  Did not re-place instance u_soc/Core_cpu/u_ifu_subsys/g_tage.u_tage/id_bht_chk[22]_i_36
INFO: [Physopt 32-662] Processed net u_soc/Core_cpu/u_ifu_subsys/u_ibuf/q_row_idx[2][1]_i_2_n_0.  Did not re-place instance u_soc/Core_cpu/u_ifu_subsys/u_ibuf/q_row_idx[2][1]_i_2
INFO: [Physopt 32-662] Processed net u_soc/Core_cpu/u_ifu_subsys/g_tage.u_tage/id_bht_chk[22]_i_18_n_0.  Did not re-place instance u_soc/Core_cpu/u_ifu_subsys/g_tage.u_tage/id_bht_chk[22]_i_18
INFO: [Physopt 32-662] Processed net u_soc/Core_cpu/u_ifu_subsys/g_tage.u_tage/id_bht_chk[22]_i_9_n_0.  Did not re-place instance u_soc/Core_cpu/u_ifu_subsys/g_tage.u_tage/id_bht_chk[22]_i_9
INFO: [Physopt 32-662] Processed net u_soc/Core_cpu/u_ifu_subsys/u_ibuf/row_index_w2_return[1].  Did not re-place instance u_soc/Core_cpu/u_ifu_subsys/u_ibuf/q_row_idx[3][1]_i_1
INFO: [Physopt 32-662] Processed net u_soc/Core_cpu/u_ifu_subsys/u_ibuf/q_row_idx[2][1]_i_3_n_0.  Did not re-place instance u_soc/Core_cpu/u_ifu_subsys/u_ibuf/q_row_idx[2][1]_i_3
INFO: [Physopt 32-662] Processed net u_soc/Core_cpu/u_ifu_subsys/u_btb/q_pc_q_reg[2]_rep_1.  Did not re-place instance u_soc/Core_cpu/u_ifu_subsys/u_btb/q_row_idx[1][2]_i_4
INFO: [Physopt 32-662] Processed net u_soc/Core_cpu/u_ifu_subsys/u_ibuf/cnt_q_reg[4]_2[1].  Did not re-place instance u_soc/Core_cpu/u_ifu_subsys/u_ibuf/cnt_q[4]_i_5
INFO: [Physopt 32-662] Processed net u_soc/Core_cpu/u_ifu_subsys/u_ibuf/p_3_in.  Did not re-place instance u_soc/Core_cpu/u_ifu_subsys/u_ibuf/ghr_q[3]_i_2
INFO: [Physopt 32-662] Processed net u_soc/Core_cpu/u_ifu_subsys/u_icache/u_tag_way1/u_prim/push_num[1].  Did not re-place instance u_soc/Core_cpu/u_ifu_subsys/u_icache/u_tag_way1/u_prim/q_t0_idx[0]_i_9
INFO: [Physopt 32-662] Processed net u_soc/Core_cpu/u_ifu_subsys/g_tage.u_tage/q_row_idx_reg[3]_5[0].  Did not re-place instance u_soc/Core_cpu/u_ifu_subsys/g_tage.u_tage/q_row_idx_reg[3][0]
INFO: [Physopt 32-662] Processed net u_soc/Core_cpu/u_ifu_subsys/u_ibuf/ghr_cnt_return[1].  Did not re-place instance u_soc/Core_cpu/u_ifu_subsys/u_ibuf/q_row_idx[1][2]_i_8
INFO: [Physopt 32-662] Processed net u_soc/Core_cpu/u_ifu_subsys/u_ibuf/ghr_q[13]_i_5_n_0.  Did not re-place instance u_soc/Core_cpu/u_ifu_subsys/u_ibuf/ghr_q[13]_i_5
INFO: [Physopt 32-662] Processed net u_soc/Core_cpu/u_ifu_subsys/u_ibuf/D[10].  Did not re-place instance u_soc/Core_cpu/u_ifu_subsys/u_ibuf/ghr_q[12]_i_1
INFO: [Physopt 32-662] Processed net u_soc/Core_cpu/u_ifu_subsys/u_ibuf/ghr_q[13]_i_4_n_0.  Did not re-place instance u_soc/Core_cpu/u_ifu_subsys/u_ibuf/ghr_q[13]_i_4
INFO: [Physopt 32-662] Processed net u_soc/Core_cpu/u_ifu_subsys/u_ibuf/row_index_w2_return[0].  Did not re-place instance u_soc/Core_cpu/u_ifu_subsys/u_ibuf/q_row_idx[3][0]_i_1
INFO: [Physopt 32-662] Processed net u_soc/Core_cpu/u_ifu_subsys/u_ibuf/q_row_idx[2][1]_i_4_n_0.  Did not re-place instance u_soc/Core_cpu/u_ifu_subsys/u_ibuf/q_row_idx[2][1]_i_4
INFO: [Physopt 32-662] Processed net u_soc/Core_cpu/u_ifu_subsys/g_tage.u_tage/q_row_idx_reg[2]_4[0].  Did not re-place instance u_soc/Core_cpu/u_ifu_subsys/g_tage.u_tage/q_row_idx_reg[2][0]
INFO: [Physopt 32-662] Processed net u_soc/Core_cpu/u_ifu_subsys/u_ibuf/D[4].  Did not re-place instance u_soc/Core_cpu/u_ifu_subsys/u_ibuf/ghr_q[6]_i_1
INFO: [Physopt 32-662] Processed net u_soc/Core_cpu/u_ifu_subsys/u_ibuf/ghr_q[7]_i_2_n_0.  Did not re-place instance u_soc/Core_cpu/u_ifu_subsys/u_ibuf/ghr_q[7]_i_2
INFO: [Physopt 32-662] Processed net u_soc/Core_cpu/u_ifu_subsys/u_ibuf/iu_red_ghr_q_reg[7]_0[0].  Did not re-place instance u_soc/Core_cpu/u_ifu_subsys/u_ibuf/q_row_idx[2][0]_i_1
INFO: [Physopt 32-662] Processed net u_soc/Core_cpu/u_ifu_subsys/u_ibuf/ghr_cnt_return[2].  Did not re-place instance u_soc/Core_cpu/u_ifu_subsys/u_ibuf/q_row_idx[1][2]_i_9
INFO: [Physopt 32-662] Processed net u_soc/Core_cpu/u_ifu_subsys/g_tage.u_tage/q_row_idx_reg[1]_0[3].  Did not re-place instance u_soc/Core_cpu/u_ifu_subsys/g_tage.u_tage/q_row_idx_reg[1][3]
INFO: [Physopt 32-662] Processed net u_soc/Core_cpu/u_ifu_subsys/u_ibuf/iu_red_vld_q_reg_1.  Did not re-place instance u_soc/Core_cpu/u_ifu_subsys/u_ibuf/q_row_idx[3][3]_i_2
INFO: [Physopt 32-662] Processed net u_soc/Core_cpu/u_ifu_subsys/u_ibuf/iu_red_vld_q_reg_0[2].  Did not re-place instance u_soc/Core_cpu/u_ifu_subsys/u_ibuf/q_row_idx[1][3]_i_1
INFO: [Physopt 32-662] Processed net u_soc/Core_cpu/u_ifu_subsys/u_ibuf/q_row_idx[3][3]_i_3_n_0.  Did not re-place instance u_soc/Core_cpu/u_ifu_subsys/u_ibuf/q_row_idx[3][3]_i_3
INFO: [Physopt 32-662] Processed net u_soc/Core_cpu/u_ifu_subsys/g_tage.u_tage/iu_red_vld_q_reg.  Did not re-place instance u_soc/Core_cpu/u_ifu_subsys/g_tage.u_tage/ghr_q[0]_i_1
INFO: [Physopt 32-662] Processed net u_soc/Core_cpu/u_ifu_subsys/u_ibuf/ghr_q_reg[0].  Did not re-place instance u_soc/Core_cpu/u_ifu_subsys/u_ibuf/q_row_idx[1][0]_i_3
INFO: [Physopt 32-662] Processed net u_soc/Core_cpu/u_ifu_subsys/u_ibuf/ghr_q[4]_i_2_n_0.  Did not re-place instance u_soc/Core_cpu/u_ifu_subsys/u_ibuf/ghr_q[4]_i_2
INFO: [Physopt 32-662] Processed net u_soc/Core_cpu/u_ifu_subsys/u_ibuf/ghr_q[12]_i_2_n_0.  Did not re-place instance u_soc/Core_cpu/u_ifu_subsys/u_ibuf/ghr_q[12]_i_2
INFO: [Physopt 32-662] Processed net u_soc/Core_cpu/u_ifu_subsys/u_ibuf/q_row_idx[2][1]_i_5_n_0.  Did not re-place instance u_soc/Core_cpu/u_ifu_subsys/u_ibuf/q_row_idx[2][1]_i_5
INFO: [Physopt 32-662] Processed net u_soc/Core_cpu/u_ifu_subsys/u_btb/btb_t2.  Did not re-place instance u_soc/Core_cpu/u_ifu_subsys/u_btb/q_t0_idx[1]_i_17
INFO: [Physopt 32-662] Processed net u_soc/Core_cpu/u_ifu_subsys/g_tage.u_tage/id_bht_chk[22]_i_33_n_0.  Did not re-place instance u_soc/Core_cpu/u_ifu_subsys/g_tage.u_tage/id_bht_chk[22]_i_33
INFO: [Physopt 32-662] Processed net u_soc/Core_cpu/u_ifu_subsys/u_ibuf/cnt_q_reg[4]_2[0].  Did not re-place instance u_soc/Core_cpu/u_ifu_subsys/u_ibuf/q_t0_idx[1]_i_11
INFO: [Physopt 32-662] Processed net u_soc/Core_cpu/u_ifu_subsys/u_icache/u_tag_way1/u_prim/push_num[0].  Did not re-place instance u_soc/Core_cpu/u_ifu_subsys/u_icache/u_tag_way1/u_prim/cnt_q[0]_i_2
INFO: [Physopt 32-662] Processed net u_soc/Core_cpu/u_ifu_subsys/g_tage.u_tage/init_done_q_reg_inv_1.  Did not re-place instance u_soc/Core_cpu/u_ifu_subsys/g_tage.u_tage/ent_q[6][150]_i_12
INFO: [Physopt 32-662] Processed net u_soc/Core_cpu/u_ifu_subsys/g_tage.u_tage/ent_q[6][150]_i_49_n_0.  Did not re-place instance u_soc/Core_cpu/u_ifu_subsys/g_tage.u_tage/ent_q[6][150]_i_49
INFO: [Physopt 32-662] Processed net u_soc/Core_cpu/u_ifu_subsys/g_tage.u_tage/ent_q[6][150]_i_26_n_0.  Did not re-place instance u_soc/Core_cpu/u_ifu_subsys/g_tage.u_tage/ent_q[6][150]_i_26
INFO: [Physopt 32-662] Processed net u_soc/Core_cpu/u_ifu_subsys/u_btb/taken_slot[1].  Did not re-place instance u_soc/Core_cpu/u_ifu_subsys/u_btb/cnt_q[0]_i_8
INFO: [Physopt 32-662] Processed net u_soc/Core_cpu/u_ifu_subsys/g_tage.u_tage/id_bht_chk[22]_i_19_n_0.  Did not re-place instance u_soc/Core_cpu/u_ifu_subsys/g_tage.u_tage/id_bht_chk[22]_i_19
INFO: [Physopt 32-662] Processed net u_soc/Core_cpu/u_ifu_subsys/u_btb/next_pc[0].  Did not re-place instance u_soc/Core_cpu/u_ifu_subsys/u_btb/q_t0_idx[0]_i_1
INFO: [Physopt 32-662] Processed net u_soc/Core_cpu/u_ifu_subsys/u_btb/reached_taken.  Did not re-place instance u_soc/Core_cpu/u_ifu_subsys/u_btb/q_t0_idx[1]_i_3
INFO: [Physopt 32-662] Processed net u_soc/Core_cpu/u_ifu_subsys/u_btb/q_t0_idx[1]_i_8_n_0.  Did not re-place instance u_soc/Core_cpu/u_ifu_subsys/u_btb/q_t0_idx[1]_i_8
INFO: [Physopt 32-662] Processed net u_soc/Core_cpu/u_ifu_subsys/g_tage.u_tage/q_row_idx_reg[1]_0[4].  Did not re-place instance u_soc/Core_cpu/u_ifu_subsys/g_tage.u_tage/q_row_idx_reg[1][4]
INFO: [Physopt 32-662] Processed net u_soc/Core_cpu/u_ifu_subsys/u_ibuf/D[3].  Did not re-place instance u_soc/Core_cpu/u_ifu_subsys/u_ibuf/ghr_q[4]_i_1
INFO: [Physopt 32-663] Processed net u_soc/Core_cpu/u_ifu_subsys/u_ibuf/ghr_q[5]_i_2_n_0.  Re-placed instance u_soc/Core_cpu/u_ifu_subsys/u_ibuf/ghr_q[5]_i_2
INFO: [Physopt 32-662] Processed net u_soc/Core_cpu/u_ifu_subsys/u_ibuf/iu_red_vld_q_reg_0[3].  Did not re-place instance u_soc/Core_cpu/u_ifu_subsys/u_ibuf/q_row_idx[1][4]_i_1
INFO: [Physopt 32-662] Processed net u_soc/Core_cpu/u_ifu_subsys/u_btb/btb_t0.  Did not re-place instance u_soc/Core_cpu/u_ifu_subsys/u_btb/q_t0_idx[1]_i_12
INFO: [Physopt 32-662] Processed net u_soc/Core_cpu/u_ifu_subsys/g_tage.u_tage/dir_pred[0].  Did not re-place instance u_soc/Core_cpu/u_ifu_subsys/g_tage.u_tage/id_bht_chk[22]_i_5
INFO: [Physopt 32-662] Processed net u_soc/Core_cpu/u_ifu_subsys/g_tage.u_tage/id_bht_chk[22]_i_12_n_0.  Did not re-place instance u_soc/Core_cpu/u_ifu_subsys/g_tage.u_tage/id_bht_chk[22]_i_12
INFO: [Physopt 32-662] Processed net u_soc/Core_cpu/u_ifu_subsys/g_tage.u_tage/id_bht_chk[22]_i_25_n_0.  Did not re-place instance u_soc/Core_cpu/u_ifu_subsys/g_tage.u_tage/id_bht_chk[22]_i_25
INFO: [Physopt 32-662] Processed net u_soc/Core_cpu/u_ifu_subsys/g_tage.u_tage/q_row_idx_reg[1]_0[1]_repN.  Did not re-place instance u_soc/Core_cpu/u_ifu_subsys/g_tage.u_tage/q_row_idx_reg[1][1]_replica
INFO: [Physopt 32-662] Processed net u_soc/Core_cpu/u_ifu_subsys/u_ibuf/D[0].  Did not re-place instance u_soc/Core_cpu/u_ifu_subsys/u_ibuf/ghr_q[1]_i_1
INFO: [Physopt 32-662] Processed net u_soc/Core_cpu/u_ifu_subsys/u_ibuf/iu_red_vld_q_reg_0[0].  Did not re-place instance u_soc/Core_cpu/u_ifu_subsys/u_ibuf/q_row_idx[1][1]_i_1
INFO: [Physopt 32-662] Processed net u_soc/Core_cpu/u_ifu_subsys/u_ibuf/ghr_q[1]_i_2_n_0.  Did not re-place instance u_soc/Core_cpu/u_ifu_subsys/u_ibuf/ghr_q[1]_i_2
INFO: [Physopt 32-662] Processed net u_soc/Core_cpu/u_ifu_subsys/g_tage.u_tage/q_row_idx_reg[3]_5[4].  Did not re-place instance u_soc/Core_cpu/u_ifu_subsys/g_tage.u_tage/q_row_idx_reg[3][4]
INFO: [Physopt 32-662] Processed net u_soc/Core_cpu/u_ifu_subsys/u_ibuf/row_index_w2_return[4].  Did not re-place instance u_soc/Core_cpu/u_ifu_subsys/u_ibuf/q_row_idx[3][4]_i_1
INFO: [Physopt 32-662] Processed net u_soc/Core_cpu/u_ifu_subsys/u_btb/next_pc[3].  Did not re-place instance u_soc/Core_cpu/u_ifu_subsys/u_btb/q_row_idx[0][3]_i_1
INFO: [Physopt 32-662] Processed net u_soc/Core_cpu/u_ifu_subsys/u_ibuf/ghr_q[1]_i_3_n_0.  Did not re-place instance u_soc/Core_cpu/u_ifu_subsys/u_ibuf/ghr_q[1]_i_3
INFO: [Physopt 32-662] Processed net u_soc/Core_cpu/u_ifu_subsys/u_btb/any_taken.  Did not re-place instance u_soc/Core_cpu/u_ifu_subsys/u_btb/q_t0_idx[1]_i_9
INFO: [Physopt 32-662] Processed net u_soc/Core_cpu/u_ifu_subsys/u_ibuf/cnt_q_reg[4]_3.  Did not re-place instance u_soc/Core_cpu/u_ifu_subsys/u_ibuf/id_have_inst_i_2
INFO: [Physopt 32-662] Processed net u_soc/Core_cpu/u_ifu_subsys/u_ibuf/p_0_in__0[87].  Did not re-place instance u_soc/Core_cpu/u_ifu_subsys/u_ibuf/ent_q[6][87]_i_6
INFO: [Physopt 32-662] Processed net u_soc/Core_cpu/u_ifu_subsys/u_ibuf/ent_q[6][87]_i_3_n_0.  Did not re-place instance u_soc/Core_cpu/u_ifu_subsys/u_ibuf/ent_q[6][87]_i_3
INFO: [Physopt 32-662] Processed net u_soc/Core_cpu/u_ifu_subsys/u_ibuf/ent_q[6][95]_i_4_n_0.  Did not re-place instance u_soc/Core_cpu/u_ifu_subsys/u_ibuf/ent_q[6][95]_i_4
INFO: [Physopt 32-662] Processed net u_soc/Core_cpu/u_ifu_subsys/u_ibuf/ent_q[1][87]_i_1_n_0.  Did not re-place instance u_soc/Core_cpu/u_ifu_subsys/u_ibuf/ent_q[1][87]_i_1
INFO: [Physopt 32-662] Processed net u_soc/Core_cpu/u_ifu_subsys/u_ibuf/ent_q[1][87]_i_2_n_0.  Did not re-place instance u_soc/Core_cpu/u_ifu_subsys/u_ibuf/ent_q[1][87]_i_2
INFO: [Physopt 32-662] Processed net u_soc/Core_cpu/u_ifu_subsys/u_ibuf/ent_q_reg[1]_24[87].  Did not re-place instance u_soc/Core_cpu/u_ifu_subsys/u_ibuf/ent_q_reg[1][87]
INFO: [Physopt 32-662] Processed net u_soc/Core_cpu/u_ifu_subsys/g_tage.u_tage/q_row_idx_reg[3]_5[3].  Did not re-place instance u_soc/Core_cpu/u_ifu_subsys/g_tage.u_tage/q_row_idx_reg[3][3]
INFO: [Physopt 32-662] Processed net u_soc/Core_cpu/u_ifu_subsys/u_btb/cnt_q_reg[3].  Did not re-place instance u_soc/Core_cpu/u_ifu_subsys/u_btb/cnt_q[0]_i_4
INFO: [Physopt 32-662] Processed net u_soc/Core_cpu/u_ifu_subsys/u_btb/want_cnt_raw[0].  Did not re-place instance u_soc/Core_cpu/u_ifu_subsys/u_btb/cnt_q[0]_i_12
INFO: [Physopt 32-662] Processed net u_soc/Core_cpu/u_ifu_subsys/u_ibuf/ent_q[5][87]_i_1_n_0.  Did not re-place instance u_soc/Core_cpu/u_ifu_subsys/u_ibuf/ent_q[5][87]_i_1
INFO: [Physopt 32-662] Processed net u_soc/Core_cpu/u_ifu_subsys/u_ibuf/ent_q[5][87]_i_2_n_0.  Did not re-place instance u_soc/Core_cpu/u_ifu_subsys/u_ibuf/ent_q[5][87]_i_2
INFO: [Physopt 32-662] Processed net u_soc/Core_cpu/u_ifu_subsys/u_ibuf/row_index_w2_return[3].  Did not re-place instance u_soc/Core_cpu/u_ifu_subsys/u_ibuf/q_row_idx[3][3]_i_1
INFO: [Physopt 32-662] Processed net u_soc/Core_cpu/u_ifu_subsys/u_ibuf/ent_q_reg[5]_20[87].  Did not re-place instance u_soc/Core_cpu/u_ifu_subsys/u_ibuf/ent_q_reg[5][87]
INFO: [Physopt 32-662] Processed net u_soc/Core_cpu/u_ifu_subsys/g_tage.u_tage/ent_q[6][150]_i_60_n_0.  Did not re-place instance u_soc/Core_cpu/u_ifu_subsys/g_tage.u_tage/ent_q[6][150]_i_60
INFO: [Physopt 32-662] Processed net u_soc/Core_cpu/u_ifu_subsys/u_ibuf/D[7].  Did not re-place instance u_soc/Core_cpu/u_ifu_subsys/u_ibuf/ghr_q[9]_i_1
INFO: [Physopt 32-662] Processed net u_soc/Core_cpu/u_ifu_subsys/u_ibuf/ghr_q[9]_i_2_n_0.  Did not re-place instance u_soc/Core_cpu/u_ifu_subsys/u_ibuf/ghr_q[9]_i_2
INFO: [Physopt 32-662] Processed net u_soc/Core_cpu/u_ifu_subsys/g_tage.u_tage/q_row_idx_reg[3]_5[2].  Did not re-place instance u_soc/Core_cpu/u_ifu_subsys/g_tage.u_tage/q_row_idx_reg[3][2]
INFO: [Physopt 32-662] Processed net u_soc/Core_cpu/u_ifu_subsys/u_ibuf/D[1].  Did not re-place instance u_soc/Core_cpu/u_ifu_subsys/u_ibuf/ghr_q[2]_i_1
INFO: [Physopt 32-662] Processed net u_soc/Core_cpu/u_ifu_subsys/u_ibuf/q_row_idx[1][2]_i_3_n_0.  Did not re-place instance u_soc/Core_cpu/u_ifu_subsys/u_ibuf/q_row_idx[1][2]_i_3
INFO: [Physopt 32-662] Processed net u_soc/Core_cpu/u_ifu_subsys/u_ibuf/row_index_w2_return[2].  Did not re-place instance u_soc/Core_cpu/u_ifu_subsys/u_ibuf/q_row_idx[3][2]_i_1
INFO: [Physopt 32-662] Processed net u_soc/Core_cpu/u_ifu_subsys/g_tage.u_tage/id_bht_chk[22]_i_35_n_0.  Did not re-place instance u_soc/Core_cpu/u_ifu_subsys/g_tage.u_tage/id_bht_chk[22]_i_35
INFO: [Physopt 32-662] Processed net u_soc/Core_cpu/u_ifu_subsys/u_btb/q_tag_q_reg[3]_0.  Did not re-place instance u_soc/Core_cpu/u_ifu_subsys/u_btb/ent_q[6][150]_i_42
INFO: [Physopt 32-662] Processed net u_soc/Core_cpu/u_ifu_subsys/g_tage.u_tage/id_bht_chk[22]_i_17_n_0.  Did not re-place instance u_soc/Core_cpu/u_ifu_subsys/g_tage.u_tage/id_bht_chk[22]_i_17
INFO: [Physopt 32-662] Processed net u_soc/Core_cpu/u_ifu_subsys/g_tage.u_tage/id_bht_chk[22]_i_8_n_0.  Did not re-place instance u_soc/Core_cpu/u_ifu_subsys/g_tage.u_tage/id_bht_chk[22]_i_8
INFO: [Physopt 32-662] Processed net u_soc/Core_cpu/u_ifu_subsys/u_btb/want_cnt_raw[1].  Did not re-place instance u_soc/Core_cpu/u_ifu_subsys/u_btb/cnt_q[0]_i_11
INFO: [Physopt 32-662] Processed net u_soc/Core_cpu/u_ifu_subsys/u_btb/cnt_q_reg[3]_0.  Did not re-place instance u_soc/Core_cpu/u_ifu_subsys/u_btb/q_t0_idx[0]_i_10
INFO: [Physopt 32-662] Processed net u_soc/Core_cpu/u_ifu_subsys/u_btb/want_cnt_raw[2].  Did not re-place instance u_soc/Core_cpu/u_ifu_subsys/u_btb/cnt_q[0]_i_13
INFO: [Physopt 32-662] Processed net u_soc/Core_cpu/u_ifu_subsys/u_ibuf/ghr_q[10]_i_2_n_0.  Did not re-place instance u_soc/Core_cpu/u_ifu_subsys/u_ibuf/ghr_q[10]_i_2
INFO: [Physopt 32-662] Processed net u_soc/Core_cpu/u_ifu_subsys/g_tage.u_tage/id_bht_chk[22]_i_27_n_0.  Did not re-place instance u_soc/Core_cpu/u_ifu_subsys/g_tage.u_tage/id_bht_chk[22]_i_27
INFO: [Physopt 32-662] Processed net u_soc/Core_cpu/u_ifu_subsys/g_tage.u_tage/id_bht_chk[22]_i_14_n_0.  Did not re-place instance u_soc/Core_cpu/u_ifu_subsys/g_tage.u_tage/id_bht_chk[22]_i_14
INFO: [Physopt 32-662] Processed net u_soc/Core_cpu/u_ifu_subsys/g_tage.u_tage/ent_q[6][150]_i_27_n_0.  Did not re-place instance u_soc/Core_cpu/u_ifu_subsys/g_tage.u_tage/ent_q[6][150]_i_27
INFO: [Physopt 32-662] Processed net u_soc/Core_cpu/u_ifu_subsys/g_tage.u_tage/q_row_tag_reg[3]_16[3].  Did not re-place instance u_soc/Core_cpu/u_ifu_subsys/g_tage.u_tage/q_row_tag_reg[3][3]
INFO: [Physopt 32-662] Processed net u_soc/Core_cpu/u_ifu_subsys/u_ibuf/rst_cpu_reg_rep__14[3].  Did not re-place instance u_soc/Core_cpu/u_ifu_subsys/u_ibuf/q_row_tag[3][3]_i_1
INFO: [Physopt 32-662] Processed net u_soc/Core_cpu/u_ifu_subsys/u_btb/next_pc[1].  Did not re-place instance u_soc/Core_cpu/u_ifu_subsys/u_btb/q_t0_idx[1]_i_1
INFO: [Physopt 32-662] Processed net u_soc/Core_cpu/u_ifu_subsys/u_ibuf/p_0_in__0[84].  Did not re-place instance u_soc/Core_cpu/u_ifu_subsys/u_ibuf/ent_q[6][84]_i_6
INFO: [Physopt 32-662] Processed net u_soc/Core_cpu/u_ifu_subsys/u_ibuf/ent_q[7][84]_i_1_n_0.  Did not re-place instance u_soc/Core_cpu/u_ifu_subsys/u_ibuf/ent_q[7][84]_i_1
INFO: [Physopt 32-662] Processed net u_soc/Core_cpu/u_ifu_subsys/u_ibuf/ent_q[7][84]_i_2_n_0.  Did not re-place instance u_soc/Core_cpu/u_ifu_subsys/u_ibuf/ent_q[7][84]_i_2
INFO: [Physopt 32-662] Processed net u_soc/Core_cpu/u_ifu_subsys/u_ibuf/ent_q[84].  Did not re-place instance u_soc/Core_cpu/u_ifu_subsys/u_ibuf/ent_q[7][84]_i_3
INFO: [Physopt 32-662] Processed net u_soc/Core_cpu/u_ifu_subsys/u_ibuf/ent_q_reg[7]_26[84].  Did not re-place instance u_soc/Core_cpu/u_ifu_subsys/u_ibuf/ent_q_reg[7][84]
INFO: [Physopt 32-662] Processed net u_soc/Core_cpu/u_ifu_subsys/g_tage.u_tage/q_pc_q_reg[2]_rep.  Did not re-place instance u_soc/Core_cpu/u_ifu_subsys/g_tage.u_tage/q_row_idx[1][2]_i_6
INFO: [Physopt 32-662] Processed net u_soc/Core_cpu/u_ifu_subsys/u_ibuf/q_row_idx[1][2]_i_2_n_0.  Did not re-place instance u_soc/Core_cpu/u_ifu_subsys/u_ibuf/q_row_idx[1][2]_i_2
INFO: [Physopt 32-662] Processed net u_soc/Core_cpu/u_ifu_subsys/g_tage.u_tage/id_bht_chk[22]_i_16_n_0.  Did not re-place instance u_soc/Core_cpu/u_ifu_subsys/g_tage.u_tage/id_bht_chk[22]_i_16
INFO: [Physopt 32-662] Processed net u_soc/Core_cpu/u_ifu_subsys/g_tage.u_tage/ent_q[6][150]_i_54_n_0.  Did not re-place instance u_soc/Core_cpu/u_ifu_subsys/g_tage.u_tage/ent_q[6][150]_i_54
INFO: [Physopt 32-662] Processed net u_soc/Core_cpu/u_ifu_subsys/g_tage.u_tage/id_bht_chk[22]_i_24_n_0.  Did not re-place instance u_soc/Core_cpu/u_ifu_subsys/g_tage.u_tage/id_bht_chk[22]_i_24
INFO: [Physopt 32-662] Processed net u_soc/Core_cpu/u_ifu_subsys/g_tage.u_tage/ent_q[6][150]_i_63_n_0.  Did not re-place instance u_soc/Core_cpu/u_ifu_subsys/g_tage.u_tage/ent_q[6][150]_i_63
INFO: [Physopt 32-662] Processed net u_soc/Core_cpu/u_ifu_subsys/g_tage.u_tage/ent_q[6][150]_i_50_n_0.  Did not re-place instance u_soc/Core_cpu/u_ifu_subsys/g_tage.u_tage/ent_q[6][150]_i_50
INFO: [Physopt 32-662] Processed net u_soc/Core_cpu/u_ifu_subsys/u_ibuf/p_0_in__0[59].  Did not re-place instance u_soc/Core_cpu/u_ifu_subsys/u_ibuf/ent_q[6][59]_i_5
INFO: [Physopt 32-662] Processed net u_soc/Core_cpu/u_ifu_subsys/u_ibuf/ent_q[6][59]_i_3_n_0.  Did not re-place instance u_soc/Core_cpu/u_ifu_subsys/u_ibuf/ent_q[6][59]_i_3
INFO: [Physopt 32-662] Processed net u_soc/Core_cpu/u_ifu_subsys/u_ibuf/ent_q[0][59]_i_1_n_0.  Did not re-place instance u_soc/Core_cpu/u_ifu_subsys/u_ibuf/ent_q[0][59]_i_1
INFO: [Physopt 32-662] Processed net u_soc/Core_cpu/u_ifu_subsys/u_ibuf/ent_q[0][59]_i_2_n_0.  Did not re-place instance u_soc/Core_cpu/u_ifu_subsys/u_ibuf/ent_q[0][59]_i_2
INFO: [Physopt 32-662] Processed net u_soc/Core_cpu/u_ifu_subsys/u_ibuf/ent_q_reg[0]_25[59].  Did not re-place instance u_soc/Core_cpu/u_ifu_subsys/u_ibuf/ent_q_reg[0][59]
INFO: [Physopt 32-662] Processed net u_soc/Core_cpu/u_ifu_subsys/u_ibuf/p_0_in__0[47].  Did not re-place instance u_soc/Core_cpu/u_ifu_subsys/u_ibuf/ent_q[6][47]_i_5
INFO: [Physopt 32-662] Processed net u_soc/Core_cpu/u_ifu_subsys/u_ibuf/ent_q[6][47]_i_3_n_0.  Did not re-place instance u_soc/Core_cpu/u_ifu_subsys/u_ibuf/ent_q[6][47]_i_3
INFO: [Physopt 32-662] Processed net u_soc/Core_cpu/u_ifu_subsys/u_ibuf/ent_q[6][47]_i_2_n_0.  Did not re-place instance u_soc/Core_cpu/u_ifu_subsys/u_ibuf/ent_q[6][47]_i_2
INFO: [Physopt 32-662] Processed net u_soc/Core_cpu/u_ifu_subsys/u_ibuf/p_1_in[47].  Did not re-place instance u_soc/Core_cpu/u_ifu_subsys/u_ibuf/ent_q[6][47]_i_1
INFO: [Physopt 32-662] Processed net u_soc/Core_cpu/u_ifu_subsys/u_ibuf/ent_q_reg[6]_19[47].  Did not re-place instance u_soc/Core_cpu/u_ifu_subsys/u_ibuf/ent_q_reg[6][47]
INFO: [Physopt 32-662] Processed net u_soc/Core_cpu/u_ifu_subsys/u_ibuf/ent_q[1][47]_i_1_n_0.  Did not re-place instance u_soc/Core_cpu/u_ifu_subsys/u_ibuf/ent_q[1][47]_i_1
INFO: [Physopt 32-662] Processed net u_soc/Core_cpu/u_ifu_subsys/u_ibuf/ent_q[1][47]_i_2_n_0.  Did not re-place instance u_soc/Core_cpu/u_ifu_subsys/u_ibuf/ent_q[1][47]_i_2
INFO: [Physopt 32-662] Processed net u_soc/Core_cpu/u_ifu_subsys/u_ibuf/ent_q_reg[1]_24[47].  Did not re-place instance u_soc/Core_cpu/u_ifu_subsys/u_ibuf/ent_q_reg[1][47]
INFO: [Physopt 32-662] Processed net u_soc/Core_cpu/u_ifu_subsys/u_ibuf/p_0_in__0[86].  Did not re-place instance u_soc/Core_cpu/u_ifu_subsys/u_ibuf/ent_q[6][86]_i_7
INFO: [Physopt 32-662] Processed net u_soc/Core_cpu/u_ifu_subsys/u_ibuf/ent_q[6][86]_i_4_n_0.  Did not re-place instance u_soc/Core_cpu/u_ifu_subsys/u_ibuf/ent_q[6][86]_i_4
INFO: [Physopt 32-662] Processed net u_soc/Core_cpu/u_ifu_subsys/u_ibuf/ent_q[2][86]_i_1_n_0.  Did not re-place instance u_soc/Core_cpu/u_ifu_subsys/u_ibuf/ent_q[2][86]_i_1
INFO: [Physopt 32-662] Processed net u_soc/Core_cpu/u_ifu_subsys/u_ibuf/ent_q[2][86]_i_2_n_0.  Did not re-place instance u_soc/Core_cpu/u_ifu_subsys/u_ibuf/ent_q[2][86]_i_2
INFO: [Physopt 32-662] Processed net u_soc/Core_cpu/u_ifu_subsys/u_ibuf/ent_q_reg[2]_23[86].  Did not re-place instance u_soc/Core_cpu/u_ifu_subsys/u_ibuf/ent_q_reg[2][86]
INFO: [Physopt 32-662] Processed net u_soc/Core_cpu/u_ifu_subsys/u_ibuf/ent_q[6][84]_i_3_n_0.  Did not re-place instance u_soc/Core_cpu/u_ifu_subsys/u_ibuf/ent_q[6][84]_i_3
INFO: [Physopt 32-662] Processed net u_soc/Core_cpu/u_ifu_subsys/g_tage.u_tage/dir_pred[1].  Did not re-place instance u_soc/Core_cpu/u_ifu_subsys/g_tage.u_tage/ent_q[6][150]_i_8
INFO: [Physopt 32-662] Processed net u_soc/Core_cpu/u_ifu_subsys/g_tage.u_tage/p_0_in11_in.  Did not re-place instance u_soc/Core_cpu/u_ifu_subsys/g_tage.u_tage/q_t0_idx[1]_i_16
INFO: [Physopt 32-662] Processed net u_soc/Core_cpu/u_ifu_subsys/g_tage.u_tage/ent_q[6][150]_i_35_n_0.  Did not re-place instance u_soc/Core_cpu/u_ifu_subsys/g_tage.u_tage/ent_q[6][150]_i_35
INFO: [Physopt 32-663] Processed net u_soc/Core_cpu/u_ifu_subsys/g_tage.u_tage/ent_q[6][150]_i_22_n_0.  Re-placed instance u_soc/Core_cpu/u_ifu_subsys/g_tage.u_tage/ent_q[6][150]_i_22
INFO: [Physopt 32-662] Processed net u_soc/Core_cpu/u_ifu_subsys/u_btb/next_pc[4].  Did not re-place instance u_soc/Core_cpu/u_ifu_subsys/u_btb/q_row_idx[0][4]_i_1
INFO: [Physopt 32-662] Processed net u_soc/Core_cpu/u_ifu_subsys/u_ibuf/S[0].  Did not re-place instance u_soc/Core_cpu/u_ifu_subsys/u_ibuf/q_t0_idx[0]_i_7
INFO: [Physopt 32-662] Processed net u_soc/Core_cpu/u_ifu_subsys/u_ibuf/ent_q[7][87]_i_1_n_0.  Did not re-place instance u_soc/Core_cpu/u_ifu_subsys/u_ibuf/ent_q[7][87]_i_1
INFO: [Physopt 32-662] Processed net u_soc/Core_cpu/u_ifu_subsys/u_ibuf/ent_q[7][87]_i_2_n_0.  Did not re-place instance u_soc/Core_cpu/u_ifu_subsys/u_ibuf/ent_q[7][87]_i_2
INFO: [Physopt 32-662] Processed net u_soc/Core_cpu/u_ifu_subsys/u_ibuf/ent_q_reg[7]_26[87].  Did not re-place instance u_soc/Core_cpu/u_ifu_subsys/u_ibuf/ent_q_reg[7][87]
INFO: [Physopt 32-662] Processed net u_soc/Core_cpu/u_ifu_subsys/g_tage.u_tage/q_row_idx_reg[1]_0[2].  Did not re-place instance u_soc/Core_cpu/u_ifu_subsys/g_tage.u_tage/q_row_idx_reg[1][2]
INFO: [Physopt 32-662] Processed net u_soc/Core_cpu/u_ifu_subsys/u_ibuf/rst_cpu_reg_rep__14[4].  Did not re-place instance u_soc/Core_cpu/u_ifu_subsys/u_ibuf/q_row_tag[3][4]_i_1
INFO: [Physopt 32-662] Processed net u_soc/Core_cpu/u_ifu_subsys/g_tage.u_tage/q_row_tag_reg[3]_16[4].  Did not re-place instance u_soc/Core_cpu/u_ifu_subsys/g_tage.u_tage/q_row_tag_reg[3][4]
INFO: [Physopt 32-662] Processed net u_soc/Core_cpu/u_ifu_subsys/g_tage.u_tage/q_row_tag_reg[1]_13[5].  Did not re-place instance u_soc/Core_cpu/u_ifu_subsys/g_tage.u_tage/q_row_tag_reg[1][5]
INFO: [Physopt 32-663] Processed net u_soc/Core_cpu/u_ifu_subsys/u_btb/rst_cpu_reg_rep__14_1[4].  Re-placed instance u_soc/Core_cpu/u_ifu_subsys/u_btb/q_row_tag[1][5]_i_1
INFO: [Physopt 32-662] Processed net u_soc/Core_cpu/u_ifu_subsys/g_tage.u_tage/id_bht_chk[22]_i_13_n_0.  Did not re-place instance u_soc/Core_cpu/u_ifu_subsys/g_tage.u_tage/id_bht_chk[22]_i_13
INFO: [Physopt 32-662] Processed net u_soc/Core_cpu/u_ifu_subsys/g_tage.u_tage/ent_q[6][150]_i_55_n_0.  Did not re-place instance u_soc/Core_cpu/u_ifu_subsys/g_tage.u_tage/ent_q[6][150]_i_55
INFO: [Physopt 32-662] Processed net u_soc/Core_cpu/u_ifu_subsys/g_tage.u_tage/ent_q[6][150]_i_45_n_0.  Did not re-place instance u_soc/Core_cpu/u_ifu_subsys/g_tage.u_tage/ent_q[6][150]_i_45
INFO: [Physopt 32-662] Processed net u_soc/Core_cpu/u_ifu_subsys/g_tage.u_tage/id_bht_chk[22]_i_44_n_0.  Did not re-place instance u_soc/Core_cpu/u_ifu_subsys/g_tage.u_tage/id_bht_chk[22]_i_44
INFO: [Physopt 32-662] Processed net u_soc/Core_cpu/u_ifu_subsys/g_tage.u_tage/ent_q[6][150]_i_48_n_0.  Did not re-place instance u_soc/Core_cpu/u_ifu_subsys/g_tage.u_tage/ent_q[6][150]_i_48
INFO: [Physopt 32-662] Processed net u_soc/Core_cpu/u_ifu_subsys/u_ibuf/p_0_in__0[56].  Did not re-place instance u_soc/Core_cpu/u_ifu_subsys/u_ibuf/ent_q[6][56]_i_6
INFO: [Physopt 32-662] Processed net u_soc/Core_cpu/u_ifu_subsys/u_ibuf/ent_q[6][56]_i_4_n_0.  Did not re-place instance u_soc/Core_cpu/u_ifu_subsys/u_ibuf/ent_q[6][56]_i_4
INFO: [Physopt 32-662] Processed net u_soc/Core_cpu/u_ifu_subsys/u_ibuf/ent_q[5][56]_i_1_n_0.  Did not re-place instance u_soc/Core_cpu/u_ifu_subsys/u_ibuf/ent_q[5][56]_i_1
INFO: [Physopt 32-662] Processed net u_soc/Core_cpu/u_ifu_subsys/u_ibuf/ent_q[5][56]_i_2_n_0.  Did not re-place instance u_soc/Core_cpu/u_ifu_subsys/u_ibuf/ent_q[5][56]_i_2
INFO: [Physopt 32-662] Processed net u_soc/Core_cpu/u_ifu_subsys/u_ibuf/ent_q_reg[5]_20[56].  Did not re-place instance u_soc/Core_cpu/u_ifu_subsys/u_ibuf/ent_q_reg[5][56]
INFO: [Physopt 32-663] Processed net u_soc/Core_cpu/u_ifu_subsys/g_tage.u_tage/id_bht_chk[22]_i_38_n_0.  Re-placed instance u_soc/Core_cpu/u_ifu_subsys/g_tage.u_tage/id_bht_chk[22]_i_38
INFO: [Physopt 32-662] Processed net u_soc/Core_cpu/u_ifu_subsys/u_ibuf/p_0_in__0[83].  Did not re-place instance u_soc/Core_cpu/u_ifu_subsys/u_ibuf/ent_q[6][83]_i_6
INFO: [Physopt 32-662] Processed net u_soc/Core_cpu/u_ifu_subsys/u_ibuf/ent_q[6][83]_i_3_n_0.  Did not re-place instance u_soc/Core_cpu/u_ifu_subsys/u_ibuf/ent_q[6][83]_i_3
INFO: [Physopt 32-662] Processed net u_soc/Core_cpu/u_ifu_subsys/u_ibuf/ent_q[0][83]_i_1_n_0.  Did not re-place instance u_soc/Core_cpu/u_ifu_subsys/u_ibuf/ent_q[0][83]_i_1
INFO: [Physopt 32-662] Processed net u_soc/Core_cpu/u_ifu_subsys/u_ibuf/ent_q[0][83]_i_2_n_0.  Did not re-place instance u_soc/Core_cpu/u_ifu_subsys/u_ibuf/ent_q[0][83]_i_2
INFO: [Physopt 32-662] Processed net u_soc/Core_cpu/u_ifu_subsys/u_ibuf/ent_q_reg[0]_25[83].  Did not re-place instance u_soc/Core_cpu/u_ifu_subsys/u_ibuf/ent_q_reg[0][83]
INFO: [Physopt 32-662] Processed net u_soc/Core_cpu/u_ifu_subsys/u_btb/next_pc[2].  Did not re-place instance u_soc/Core_cpu/u_ifu_subsys/u_btb/q_row_idx[0][2]_i_1
INFO: [Physopt 32-662] Processed net u_soc/Core_cpu/u_ifu_subsys/g_tage.u_tage/q_row_idx_reg[2]_4[1].  Did not re-place instance u_soc/Core_cpu/u_ifu_subsys/g_tage.u_tage/q_row_idx_reg[2][1]
INFO: [Physopt 32-662] Processed net u_soc/Core_cpu/u_ifu_subsys/g_tage.u_tage/id_bht_chk[22]_i_37_n_0.  Did not re-place instance u_soc/Core_cpu/u_ifu_subsys/g_tage.u_tage/id_bht_chk[22]_i_37
INFO: [Physopt 32-662] Processed net u_soc/Core_cpu/u_ifu_subsys/u_ibuf/ent_q[6][84]_i_2_n_0.  Did not re-place instance u_soc/Core_cpu/u_ifu_subsys/u_ibuf/ent_q[6][84]_i_2
INFO: [Physopt 32-662] Processed net u_soc/Core_cpu/u_ifu_subsys/u_ibuf/iu_red_ghr_q_reg[7]_0[1].  Did not re-place instance u_soc/Core_cpu/u_ifu_subsys/u_ibuf/q_row_idx[2][1]_i_1
INFO: [Physopt 32-662] Processed net u_soc/Core_cpu/u_ifu_subsys/u_ibuf/p_1_in[84].  Did not re-place instance u_soc/Core_cpu/u_ifu_subsys/u_ibuf/ent_q[6][84]_i_1
INFO: [Physopt 32-662] Processed net u_soc/Core_cpu/u_ifu_subsys/u_ibuf/ent_q_reg[6]_19[84].  Did not re-place instance u_soc/Core_cpu/u_ifu_subsys/u_ibuf/ent_q_reg[6][84]
INFO: [Physopt 32-662] Processed net u_soc/Core_cpu/u_ifu_subsys/g_tage.u_tage/ent_q[6][150]_i_25_n_0.  Did not re-place instance u_soc/Core_cpu/u_ifu_subsys/g_tage.u_tage/ent_q[6][150]_i_25
INFO: [Physopt 32-662] Processed net u_soc/Core_cpu/u_ifu_subsys/g_tage.u_tage/ent_q[6][150]_i_47_n_0.  Did not re-place instance u_soc/Core_cpu/u_ifu_subsys/g_tage.u_tage/ent_q[6][150]_i_47
INFO: [Physopt 32-662] Processed net u_soc/Core_cpu/u_ifu_subsys/u_ibuf/ent_q[393].  Did not re-place instance u_soc/Core_cpu/u_ifu_subsys/u_ibuf/ent_q[5][87]_i_3
INFO: [Physopt 32-662] Processed net u_soc/Core_cpu/u_ifu_subsys/u_ibuf/p_0_in__0[58].  Did not re-place instance u_soc/Core_cpu/u_ifu_subsys/u_ibuf/ent_q[6][58]_i_5
INFO: [Physopt 32-662] Processed net u_soc/Core_cpu/u_ifu_subsys/u_ibuf/ent_q[6][58]_i_3_n_0.  Did not re-place instance u_soc/Core_cpu/u_ifu_subsys/u_ibuf/ent_q[6][58]_i_3
INFO: [Physopt 32-662] Processed net u_soc/Core_cpu/u_ifu_subsys/g_tage.u_tage/id_bht_chk[22]_i_21_n_0.  Did not re-place instance u_soc/Core_cpu/u_ifu_subsys/g_tage.u_tage/id_bht_chk[22]_i_21
INFO: [Physopt 32-662] Processed net u_soc/Core_cpu/u_ifu_subsys/u_ibuf/ent_q[7][58]_i_1_n_0.  Did not re-place instance u_soc/Core_cpu/u_ifu_subsys/u_ibuf/ent_q[7][58]_i_1
INFO: [Physopt 32-662] Processed net u_soc/Core_cpu/u_ifu_subsys/u_ibuf/ent_q[7][58]_i_2_n_0.  Did not re-place instance u_soc/Core_cpu/u_ifu_subsys/u_ibuf/ent_q[7][58]_i_2
INFO: [Physopt 32-662] Processed net u_soc/Core_cpu/u_ifu_subsys/u_ibuf/ent_q_reg[7]_26[58].  Did not re-place instance u_soc/Core_cpu/u_ifu_subsys/u_ibuf/ent_q_reg[7][58]
INFO: [Physopt 32-662] Processed net u_soc/Core_cpu/u_ifu_subsys/u_ibuf/p_0_in__0[46].  Did not re-place instance u_soc/Core_cpu/u_ifu_subsys/u_ibuf/ent_q[6][46]_i_5
INFO: [Physopt 32-662] Processed net u_soc/Core_cpu/u_ifu_subsys/u_ibuf/ent_q[6][46]_i_3_n_0.  Did not re-place instance u_soc/Core_cpu/u_ifu_subsys/u_ibuf/ent_q[6][46]_i_3
INFO: [Physopt 32-662] Processed net u_soc/Core_cpu/u_ifu_subsys/u_ibuf/ent_q[5][46]_i_1_n_0.  Did not re-place instance u_soc/Core_cpu/u_ifu_subsys/u_ibuf/ent_q[5][46]_i_1
INFO: [Physopt 32-662] Processed net u_soc/Core_cpu/u_ifu_subsys/u_ibuf/ent_q[5][46]_i_2_n_0.  Did not re-place instance u_soc/Core_cpu/u_ifu_subsys/u_ibuf/ent_q[5][46]_i_2
INFO: [Physopt 32-662] Processed net u_soc/Core_cpu/u_ifu_subsys/u_ibuf/ent_q_reg[5]_20[46].  Did not re-place instance u_soc/Core_cpu/u_ifu_subsys/u_ibuf/ent_q_reg[5][46]
INFO: [Physopt 32-662] Processed net u_soc/Core_cpu/u_ifu_subsys/g_tage.u_tage/ent_q[6][150]_i_62_n_0.  Did not re-place instance u_soc/Core_cpu/u_ifu_subsys/g_tage.u_tage/ent_q[6][150]_i_62
INFO: [Physopt 32-662] Processed net u_soc/Core_cpu/u_ifu_subsys/g_tage.u_tage/ent_q[6][150]_i_64_n_0.  Did not re-place instance u_soc/Core_cpu/u_ifu_subsys/g_tage.u_tage/ent_q[6][150]_i_64
INFO: [Physopt 32-662] Processed net u_soc/Core_cpu/u_ifu_subsys/u_ibuf/ent_q[237].  Did not re-place instance u_soc/Core_cpu/u_ifu_subsys/u_ibuf/ent_q[6][84]_i_5
INFO: [Physopt 32-662] Processed net u_soc/Core_cpu/u_ifu_subsys/u_ibuf/ent_q[0][47]_i_1_n_0.  Did not re-place instance u_soc/Core_cpu/u_ifu_subsys/u_ibuf/ent_q[0][47]_i_1
INFO: [Physopt 32-662] Processed net u_soc/Core_cpu/u_ifu_subsys/u_ibuf/ent_q[0][47]_i_2_n_0.  Did not re-place instance u_soc/Core_cpu/u_ifu_subsys/u_ibuf/ent_q[0][47]_i_2
INFO: [Physopt 32-662] Processed net u_soc/Core_cpu/u_ifu_subsys/u_ibuf/ent_q[3][84]_i_1_n_0.  Did not re-place instance u_soc/Core_cpu/u_ifu_subsys/u_ibuf/ent_q[3][84]_i_1
INFO: [Physopt 32-662] Processed net u_soc/Core_cpu/u_ifu_subsys/u_ibuf/ent_q[3][84]_i_2_n_0.  Did not re-place instance u_soc/Core_cpu/u_ifu_subsys/u_ibuf/ent_q[3][84]_i_2
INFO: [Physopt 32-662] Processed net u_soc/Core_cpu/u_ifu_subsys/u_ibuf/ent_q[4][83]_i_1_n_0.  Did not re-place instance u_soc/Core_cpu/u_ifu_subsys/u_ibuf/ent_q[4][83]_i_1
INFO: [Physopt 32-662] Processed net u_soc/Core_cpu/u_ifu_subsys/u_ibuf/ent_q[4][83]_i_2_n_0.  Did not re-place instance u_soc/Core_cpu/u_ifu_subsys/u_ibuf/ent_q[4][83]_i_2
INFO: [Physopt 32-662] Processed net u_soc/Core_cpu/u_ifu_subsys/u_ibuf/ent_q_reg[0]_25[47].  Did not re-place instance u_soc/Core_cpu/u_ifu_subsys/u_ibuf/ent_q_reg[0][47]
INFO: [Physopt 32-662] Processed net u_soc/Core_cpu/u_ifu_subsys/u_ibuf/ent_q_reg[3]_22[84].  Did not re-place instance u_soc/Core_cpu/u_ifu_subsys/u_ibuf/ent_q_reg[3][84]
INFO: [Physopt 32-662] Processed net u_soc/Core_cpu/u_ifu_subsys/u_ibuf/ent_q_reg[4]_21[83].  Did not re-place instance u_soc/Core_cpu/u_ifu_subsys/u_ibuf/ent_q_reg[4][83]
INFO: [Physopt 32-662] Processed net u_soc/Core_cpu/u_ifu_subsys/u_btb/q_t0_idx[1]_i_7_n_0.  Did not re-place instance u_soc/Core_cpu/u_ifu_subsys/u_btb/q_t0_idx[1]_i_7
INFO: [Physopt 32-662] Processed net u_soc/Core_cpu/u_ifu_subsys/u_ibuf/p_0_in__0[57].  Did not re-place instance u_soc/Core_cpu/u_ifu_subsys/u_ibuf/ent_q[6][57]_i_5
INFO: [Physopt 32-662] Processed net u_soc/Core_cpu/u_ifu_subsys/u_ibuf/ent_q[6][57]_i_3_n_0.  Did not re-place instance u_soc/Core_cpu/u_ifu_subsys/u_ibuf/ent_q[6][57]_i_3
INFO: [Physopt 32-662] Processed net u_soc/Core_cpu/u_ifu_subsys/u_ibuf/b[0].  Did not re-place instance u_soc/Core_cpu/u_ifu_subsys/u_ibuf/q_row_idx[1][2]_i_5
INFO: [Physopt 32-662] Processed net u_soc/Core_cpu/u_ifu_subsys/g_tage.u_tage/q_row_idx[1][2]_i_14_n_0.  Did not re-place instance u_soc/Core_cpu/u_ifu_subsys/g_tage.u_tage/q_row_idx[1][2]_i_14
INFO: [Physopt 32-663] Processed net u_soc/Core_cpu/u_ifu_subsys/g_tage.u_tage/q_pc_q_reg[2]_rep_0.  Re-placed instance u_soc/Core_cpu/u_ifu_subsys/g_tage.u_tage/q_row_idx[1][2]_i_13
INFO: [Physopt 32-662] Processed net u_soc/Core_cpu/u_ifu_subsys/u_ibuf/ent_q[4][57]_i_1_n_0.  Did not re-place instance u_soc/Core_cpu/u_ifu_subsys/u_ibuf/ent_q[4][57]_i_1
INFO: [Physopt 32-662] Processed net u_soc/Core_cpu/u_ifu_subsys/u_ibuf/ent_q[4][57]_i_2_n_0.  Did not re-place instance u_soc/Core_cpu/u_ifu_subsys/u_ibuf/ent_q[4][57]_i_2
INFO: [Physopt 32-662] Processed net u_soc/Core_cpu/u_ifu_subsys/u_ibuf/ent_q[5][84]_i_1_n_0.  Did not re-place instance u_soc/Core_cpu/u_ifu_subsys/u_ibuf/ent_q[5][84]_i_1
INFO: [Physopt 32-662] Processed net u_soc/Core_cpu/u_ifu_subsys/u_ibuf/ent_q[5][84]_i_2_n_0.  Did not re-place instance u_soc/Core_cpu/u_ifu_subsys/u_ibuf/ent_q[5][84]_i_2
INFO: [Physopt 32-662] Processed net u_soc/Core_cpu/u_ifu_subsys/u_ibuf/ent_q_reg[4]_21[57].  Did not re-place instance u_soc/Core_cpu/u_ifu_subsys/u_ibuf/ent_q_reg[4][57]
INFO: [Physopt 32-662] Processed net u_soc/Core_cpu/u_ifu_subsys/u_ibuf/ent_q_reg[5]_20[84].  Did not re-place instance u_soc/Core_cpu/u_ifu_subsys/u_ibuf/ent_q_reg[5][84]
INFO: [Physopt 32-662] Processed net u_soc/Core_cpu/u_ifu_subsys/u_ibuf/ent_q[7][47]_i_1_n_0.  Did not re-place instance u_soc/Core_cpu/u_ifu_subsys/u_ibuf/ent_q[7][47]_i_1
INFO: [Physopt 32-662] Processed net u_soc/Core_cpu/u_ifu_subsys/u_ibuf/ent_q[7][47]_i_2_n_0.  Did not re-place instance u_soc/Core_cpu/u_ifu_subsys/u_ibuf/ent_q[7][47]_i_2
INFO: [Physopt 32-662] Processed net u_soc/Core_cpu/u_ifu_subsys/u_ibuf/rst_cpu_reg_rep__14[1].  Did not re-place instance u_soc/Core_cpu/u_ifu_subsys/u_ibuf/q_row_tag[3][1]_i_1
INFO: [Physopt 32-662] Processed net u_soc/Core_cpu/u_ifu_subsys/u_ibuf/ent_q_reg[7]_26[47].  Did not re-place instance u_soc/Core_cpu/u_ifu_subsys/u_ibuf/ent_q_reg[7][47]
INFO: [Physopt 32-662] Processed net u_soc/Core_cpu/u_ifu_subsys/g_tage.u_tage/q_row_tag_reg[3]_16[1].  Did not re-place instance u_soc/Core_cpu/u_ifu_subsys/g_tage.u_tage/q_row_tag_reg[3][1]
INFO: [Physopt 32-662] Processed net u_soc/Core_cpu/u_ifu_subsys/u_ibuf/ent_q[6][78]_i_8_n_0.  Did not re-place instance u_soc/Core_cpu/u_ifu_subsys/u_ibuf/ent_q[6][78]_i_8
INFO: [Physopt 32-662] Processed net u_soc/Core_cpu/u_ifu_subsys/u_ibuf/ent_q[6][88]_i_2_n_0.  Did not re-place instance u_soc/Core_cpu/u_ifu_subsys/u_ibuf/ent_q[6][88]_i_2
INFO: [Physopt 32-662] Processed net u_soc/Core_cpu/u_ifu_subsys/u_ibuf/ent_q[3][78]_i_1_n_0.  Did not re-place instance u_soc/Core_cpu/u_ifu_subsys/u_ibuf/ent_q[3][78]_i_1
INFO: [Physopt 32-663] Processed net u_soc/Core_cpu/u_ifu_subsys/u_ibuf/ent_q[3][78]_i_2_n_0.  Re-placed instance u_soc/Core_cpu/u_ifu_subsys/u_ibuf/ent_q[3][78]_i_2
INFO: [Physopt 32-662] Processed net u_soc/Core_cpu/u_ifu_subsys/u_ibuf/ent_q_reg[3]_22[78].  Did not re-place instance u_soc/Core_cpu/u_ifu_subsys/u_ibuf/ent_q_reg[3][78]
INFO: [Physopt 32-662] Processed net u_soc/Core_cpu/u_ifu_subsys/u_ibuf/ent_q[6][14]_i_7_n_0.  Did not re-place instance u_soc/Core_cpu/u_ifu_subsys/u_ibuf/ent_q[6][14]_i_7
INFO: [Physopt 32-662] Processed net u_soc/Core_cpu/u_ifu_subsys/u_icache/u_tag_way0/u_prim/inst[14].  Did not re-place instance u_soc/Core_cpu/u_ifu_subsys/u_icache/u_tag_way0/u_prim/id_inst[14]_i_4
INFO: [Physopt 32-663] Processed net u_soc/Core_cpu/u_ifu_biu_mem/u_rom/u_prim/wr_data[46].  Re-placed instance u_soc/Core_cpu/u_ifu_biu_mem/u_rom/u_prim/mem_q_reg_0_i_50
INFO: [Physopt 32-662] Processed net u_soc/Core_cpu/u_ifu_subsys/u_ibuf/ent_q[5][14]_i_1_n_0.  Did not re-place instance u_soc/Core_cpu/u_ifu_subsys/u_ibuf/ent_q[5][14]_i_1
INFO: [Physopt 32-662] Processed net u_soc/Core_cpu/u_ifu_subsys/u_ibuf/ent_q[5][14]_i_2_n_0.  Did not re-place instance u_soc/Core_cpu/u_ifu_subsys/u_ibuf/ent_q[5][14]_i_2
INFO: [Physopt 32-663] Processed net u_soc/Core_cpu/u_ifu_subsys/u_icache/u_tag_way0/u_prim/ent_q[6][14]_i_18_n_0.  Re-placed instance u_soc/Core_cpu/u_ifu_subsys/u_icache/u_tag_way0/u_prim/ent_q[6][14]_i_18
INFO: [Physopt 32-663] Processed net u_soc/Core_cpu/u_ifu_subsys/u_icache/u_tag_way0/u_prim/ib_push2[14].  Re-placed instance u_soc/Core_cpu/u_ifu_subsys/u_icache/u_tag_way0/u_prim/ent_q[6][14]_i_13
INFO: [Physopt 32-663] Processed net u_soc/Core_cpu/u_ifu_subsys/u_icache/u_tag_way0/u_prim/id_inst[14]_i_8_n_0.  Re-placed instance u_soc/Core_cpu/u_ifu_subsys/u_icache/u_tag_way0/u_prim/id_inst[14]_i_8
INFO: [Physopt 32-662] Processed net u_soc/Core_cpu/u_ifu_subsys/u_ibuf/ent_q_reg[5]_20[14].  Did not re-place instance u_soc/Core_cpu/u_ifu_subsys/u_ibuf/ent_q_reg[5][14]
INFO: [Physopt 32-662] Processed net u_soc/Core_cpu/u_ifu_subsys/u_ibuf/p_0_in__0[131].  Did not re-place instance u_soc/Core_cpu/u_ifu_subsys/u_ibuf/ent_q[6][131]_i_5
INFO: [Physopt 32-662] Processed net u_soc/Core_cpu/u_ifu_subsys/u_ibuf/p_0_in__0[42].  Did not re-place instance u_soc/Core_cpu/u_ifu_subsys/u_ibuf/ent_q[6][42]_i_5
INFO: [Physopt 32-662] Processed net u_soc/Core_cpu/u_ifu_subsys/u_ibuf/p_0_in__0[88].  Did not re-place instance u_soc/Core_cpu/u_ifu_subsys/u_ibuf/ent_q[6][88]_i_7
INFO: [Physopt 32-662] Processed net u_soc/Core_cpu/u_ifu_subsys/u_ibuf/ent_q[6][131]_i_3_n_0.  Did not re-place instance u_soc/Core_cpu/u_ifu_subsys/u_ibuf/ent_q[6][131]_i_3
INFO: [Physopt 32-662] Processed net u_soc/Core_cpu/u_ifu_subsys/u_ibuf/ent_q[6][42]_i_3_n_0.  Did not re-place instance u_soc/Core_cpu/u_ifu_subsys/u_ibuf/ent_q[6][42]_i_3
INFO: [Physopt 32-662] Processed net u_soc/Core_cpu/u_ifu_subsys/u_ibuf/ent_q[6][88]_i_4_n_0.  Did not re-place instance u_soc/Core_cpu/u_ifu_subsys/u_ibuf/ent_q[6][88]_i_4
INFO: [Physopt 32-662] Processed net u_soc/Core_cpu/u_ifu_subsys/g_tage.u_tage/ent_q[6][150]_i_46_n_0.  Did not re-place instance u_soc/Core_cpu/u_ifu_subsys/g_tage.u_tage/ent_q[6][150]_i_46
INFO: [Physopt 32-662] Processed net u_soc/Core_cpu/u_ifu_subsys/u_ibuf/ent_q[2][131]_i_1_n_0.  Did not re-place instance u_soc/Core_cpu/u_ifu_subsys/u_ibuf/ent_q[2][131]_i_1
INFO: [Physopt 32-662] Processed net u_soc/Core_cpu/u_ifu_subsys/u_ibuf/ent_q[2][131]_i_2_n_0.  Did not re-place instance u_soc/Core_cpu/u_ifu_subsys/u_ibuf/ent_q[2][131]_i_2
INFO: [Physopt 32-662] Processed net u_soc/Core_cpu/u_ifu_subsys/u_ibuf/ent_q[6][42]_i_2_n_0.  Did not re-place instance u_soc/Core_cpu/u_ifu_subsys/u_ibuf/ent_q[6][42]_i_2
INFO: [Physopt 32-662] Processed net u_soc/Core_cpu/u_ifu_subsys/u_ibuf/ent_q[7][88]_i_1_n_0.  Did not re-place instance u_soc/Core_cpu/u_ifu_subsys/u_ibuf/ent_q[7][88]_i_1
INFO: [Physopt 32-662] Processed net u_soc/Core_cpu/u_ifu_subsys/u_ibuf/ent_q[7][88]_i_2_n_0.  Did not re-place instance u_soc/Core_cpu/u_ifu_subsys/u_ibuf/ent_q[7][88]_i_2
INFO: [Physopt 32-662] Processed net u_soc/Core_cpu/u_ifu_subsys/u_ibuf/p_1_in[42].  Did not re-place instance u_soc/Core_cpu/u_ifu_subsys/u_ibuf/ent_q[6][42]_i_1
INFO: [Physopt 32-662] Processed net u_soc/Core_cpu/u_ifu_subsys/u_ibuf/ent_q_reg[2]_23[131].  Did not re-place instance u_soc/Core_cpu/u_ifu_subsys/u_ibuf/ent_q_reg[2][131]
INFO: [Physopt 32-662] Processed net u_soc/Core_cpu/u_ifu_subsys/u_ibuf/ent_q_reg[6]_19[42].  Did not re-place instance u_soc/Core_cpu/u_ifu_subsys/u_ibuf/ent_q_reg[6][42]
INFO: [Physopt 32-662] Processed net u_soc/Core_cpu/u_ifu_subsys/u_ibuf/ent_q_reg[7]_26[88].  Did not re-place instance u_soc/Core_cpu/u_ifu_subsys/u_ibuf/ent_q_reg[7][88]
INFO: [Physopt 32-662] Processed net u_soc/Core_cpu/u_ifu_subsys/u_ibuf/p_0_in__0[1].  Did not re-place instance u_soc/Core_cpu/u_ifu_subsys/u_ibuf/ent_q[6][1]_i_14
INFO: [Physopt 32-662] Processed net u_soc/Core_cpu/u_ifu_subsys/u_ibuf/p_0_in__0[33].  Did not re-place instance u_soc/Core_cpu/u_ifu_subsys/u_ibuf/ent_q[6][33]_i_7
INFO: [Physopt 32-663] Processed net u_soc/Core_cpu/u_ifu_subsys/u_ibuf/ent_q[6][33]_i_5_n_0.  Re-placed instance u_soc/Core_cpu/u_ifu_subsys/u_ibuf/ent_q[6][33]_i_5
INFO: [Physopt 32-661] Optimized 11 nets.  Re-placed 11 instances.
INFO: [Physopt 32-775] End 1 Pass. Optimized 11 nets or cells. Created 0 new cell, deleted 0 existing cell and moved 11 existing cells
INFO: [Physopt 32-619] Estimated Timing Summary | WNS=-0.107 | TNS=-0.688 |
Netlist sorting complete. Time (s): cpu = 00:00:00.02 ; elapsed = 00:00:00.01 . Memory (MB): peak = 3513.953 ; gain = 0.000 ; free physical = 68837 ; free virtual = 950285
Phase 4 Single Cell Placement Optimization | Checksum: 1301380ce

Time (s): cpu = 00:00:41 ; elapsed = 00:00:11 . Memory (MB): peak = 3513.953 ; gain = 0.000 ; free physical = 68836 ; free virtual = 950285

Phase 5 Multi Cell Placement Optimization
INFO: [Physopt 32-660] Identified 100 candidate nets for placement-based optimization.
INFO: [Physopt 32-662] Processed net u_soc/Core_cpu/u_ifu_subsys/u_btb/btb_t1.  Did not re-place instance u_soc/Core_cpu/u_ifu_subsys/u_btb/id_pred_npc[31]_i_5/O
INFO: [Physopt 32-662] Processed net u_soc/Core_cpu/u_ifu_subsys/u_ibuf/ghr_cnt_return[0].  Did not re-place instance u_soc/Core_cpu/u_ifu_subsys/u_ibuf/ghr_q[13]_i_3/O
INFO: [Physopt 32-662] Processed net u_soc/Core_cpu/u_ifu_subsys/u_ibuf/p_2_in.  Did not re-place instance u_soc/Core_cpu/u_ifu_subsys/u_ibuf/q_row_idx[1][2]_i_7/O
INFO: [Physopt 32-662] Processed net u_soc/Core_cpu/u_ifu_subsys/g_tage.u_tage/ent_q[6][150]_i_61_n_0.  Did not re-place instance u_soc/Core_cpu/u_ifu_subsys/g_tage.u_tage/ent_q[6][150]_i_61/O
INFO: [Physopt 32-662] Processed net u_soc/Core_cpu/u_ifu_subsys/u_icache/u_tag_way1/u_prim/push_num[2].  Did not re-place instance u_soc/Core_cpu/u_ifu_subsys/u_icache/u_tag_way1/u_prim/cnt_q[4]_i_6/O
INFO: [Physopt 32-662] Processed net u_soc/Core_cpu/u_ifu_subsys/u_ibuf/cnt_q_reg[4]_0.  Did not re-place instance u_soc/Core_cpu/u_ifu_subsys/u_ibuf/cnt_q[4]_i_4/O
INFO: [Physopt 32-662] Processed net u_soc/Core_cpu/u_ifu_subsys/u_btb/taken_slot[0].  Did not re-place instance u_soc/Core_cpu/u_ifu_subsys/u_btb/cnt_q[0]_i_7/O
INFO: [Physopt 32-662] Processed net u_soc/Core_cpu/u_ifu_subsys/u_ibuf/iu_red_ghr_q_reg[7].  Did not re-place instance u_soc/Core_cpu/u_ifu_subsys/u_ibuf/q_row_idx[3][1]_i_2/O
INFO: [Physopt 32-662] Processed net u_soc/Core_cpu/u_ifu_subsys/g_tage.u_tage/init_done_q_reg_inv_0.  Did not re-place instance u_soc/Core_cpu/u_ifu_subsys/g_tage.u_tage/id_bht_chk[22]_i_4/O
INFO: [Physopt 32-662] Processed net u_soc/Core_cpu/u_ifu_subsys/g_tage.u_tage/id_bht_chk[22]_i_36_n_0.  Did not re-place instance u_soc/Core_cpu/u_ifu_subsys/g_tage.u_tage/id_bht_chk[22]_i_36/O
INFO: [Physopt 32-662] Processed net u_soc/Core_cpu/u_ifu_subsys/u_ibuf/q_row_idx[2][1]_i_2_n_0.  Did not re-place instance u_soc/Core_cpu/u_ifu_subsys/u_ibuf/q_row_idx[2][1]_i_2/O
INFO: [Physopt 32-662] Processed net u_soc/Core_cpu/u_ifu_subsys/g_tage.u_tage/id_bht_chk[22]_i_18_n_0.  Did not re-place instance u_soc/Core_cpu/u_ifu_subsys/g_tage.u_tage/id_bht_chk[22]_i_18/O
INFO: [Physopt 32-662] Processed net u_soc/Core_cpu/u_ifu_subsys/g_tage.u_tage/id_bht_chk[22]_i_9_n_0.  Did not re-place instance u_soc/Core_cpu/u_ifu_subsys/g_tage.u_tage/id_bht_chk[22]_i_9/O
INFO: [Physopt 32-662] Processed net u_soc/Core_cpu/u_ifu_subsys/u_ibuf/row_index_w2_return[1].  Did not re-place instance u_soc/Core_cpu/u_ifu_subsys/u_ibuf/q_row_idx[3][1]_i_1/O
INFO: [Physopt 32-662] Processed net u_soc/Core_cpu/u_ifu_subsys/u_ibuf/q_row_idx[2][1]_i_3_n_0.  Did not re-place instance u_soc/Core_cpu/u_ifu_subsys/u_ibuf/q_row_idx[2][1]_i_3/O
INFO: [Physopt 32-662] Processed net u_soc/Core_cpu/u_ifu_subsys/u_btb/q_pc_q_reg[2]_rep_1.  Did not re-place instance u_soc/Core_cpu/u_ifu_subsys/u_btb/q_row_idx[1][2]_i_4/O
INFO: [Physopt 32-662] Processed net u_soc/Core_cpu/u_ifu_subsys/u_ibuf/cnt_q_reg[4]_2[1].  Did not re-place instance u_soc/Core_cpu/u_ifu_subsys/u_ibuf/cnt_q[4]_i_5/O
INFO: [Physopt 32-662] Processed net u_soc/Core_cpu/u_ifu_subsys/u_ibuf/p_3_in.  Did not re-place instance u_soc/Core_cpu/u_ifu_subsys/u_ibuf/ghr_q[3]_i_2/O
INFO: [Physopt 32-662] Processed net u_soc/Core_cpu/u_ifu_subsys/u_icache/u_tag_way1/u_prim/push_num[1].  Did not re-place instance u_soc/Core_cpu/u_ifu_subsys/u_icache/u_tag_way1/u_prim/q_t0_idx[0]_i_9/O
INFO: [Physopt 32-662] Processed net u_soc/Core_cpu/u_ifu_subsys/u_ibuf/ghr_cnt_return[1].  Did not re-place instance u_soc/Core_cpu/u_ifu_subsys/u_ibuf/q_row_idx[1][2]_i_8/O
INFO: [Physopt 32-662] Processed net u_soc/Core_cpu/u_ifu_subsys/u_ibuf/ghr_q[13]_i_5_n_0.  Did not re-place instance u_soc/Core_cpu/u_ifu_subsys/u_ibuf/ghr_q[13]_i_5/O
INFO: [Physopt 32-662] Processed net u_soc/Core_cpu/u_ifu_subsys/u_ibuf/D[10].  Did not re-place instance u_soc/Core_cpu/u_ifu_subsys/u_ibuf/ghr_q[12]_i_1/O
INFO: [Physopt 32-662] Processed net u_soc/Core_cpu/u_ifu_subsys/u_ibuf/ghr_q[13]_i_4_n_0.  Did not re-place instance u_soc/Core_cpu/u_ifu_subsys/u_ibuf/ghr_q[13]_i_4/O
INFO: [Physopt 32-662] Processed net u_soc/Core_cpu/u_ifu_subsys/u_ibuf/row_index_w2_return[0].  Did not re-place instance u_soc/Core_cpu/u_ifu_subsys/u_ibuf/q_row_idx[3][0]_i_1/O
INFO: [Physopt 32-662] Processed net u_soc/Core_cpu/u_ifu_subsys/u_ibuf/q_row_idx[2][1]_i_4_n_0.  Did not re-place instance u_soc/Core_cpu/u_ifu_subsys/u_ibuf/q_row_idx[2][1]_i_4/O
INFO: [Physopt 32-662] Processed net u_soc/Core_cpu/u_ifu_subsys/u_ibuf/D[4].  Did not re-place instance u_soc/Core_cpu/u_ifu_subsys/u_ibuf/ghr_q[6]_i_1/O
INFO: [Physopt 32-662] Processed net u_soc/Core_cpu/u_ifu_subsys/u_ibuf/ghr_q[7]_i_2_n_0.  Did not re-place instance u_soc/Core_cpu/u_ifu_subsys/u_ibuf/ghr_q[7]_i_2/O
INFO: [Physopt 32-662] Processed net u_soc/Core_cpu/u_ifu_subsys/u_ibuf/iu_red_ghr_q_reg[7]_0[0].  Did not re-place instance u_soc/Core_cpu/u_ifu_subsys/u_ibuf/q_row_idx[2][0]_i_1/O
INFO: [Physopt 32-662] Processed net u_soc/Core_cpu/u_ifu_subsys/u_ibuf/ghr_cnt_return[2].  Did not re-place instance u_soc/Core_cpu/u_ifu_subsys/u_ibuf/q_row_idx[1][2]_i_9/O
INFO: [Physopt 32-662] Processed net u_soc/Core_cpu/u_ifu_subsys/u_ibuf/iu_red_vld_q_reg_1.  Did not re-place instance u_soc/Core_cpu/u_ifu_subsys/u_ibuf/q_row_idx[3][3]_i_2/O
INFO: [Physopt 32-662] Processed net u_soc/Core_cpu/u_ifu_subsys/u_ibuf/iu_red_vld_q_reg_0[2].  Did not re-place instance u_soc/Core_cpu/u_ifu_subsys/u_ibuf/q_row_idx[1][3]_i_1/O
INFO: [Physopt 32-662] Processed net u_soc/Core_cpu/u_ifu_subsys/u_ibuf/q_row_idx[3][3]_i_3_n_0.  Did not re-place instance u_soc/Core_cpu/u_ifu_subsys/u_ibuf/q_row_idx[3][3]_i_3/O
INFO: [Physopt 32-662] Processed net u_soc/Core_cpu/u_ifu_subsys/g_tage.u_tage/iu_red_vld_q_reg.  Did not re-place instance u_soc/Core_cpu/u_ifu_subsys/g_tage.u_tage/ghr_q[0]_i_1/O
INFO: [Physopt 32-662] Processed net u_soc/Core_cpu/u_ifu_subsys/u_ibuf/ghr_q_reg[0].  Did not re-place instance u_soc/Core_cpu/u_ifu_subsys/u_ibuf/q_row_idx[1][0]_i_3/O
INFO: [Physopt 32-662] Processed net u_soc/Core_cpu/u_ifu_subsys/u_ibuf/ghr_q[4]_i_2_n_0.  Did not re-place instance u_soc/Core_cpu/u_ifu_subsys/u_ibuf/ghr_q[4]_i_2/O
INFO: [Physopt 32-662] Processed net u_soc/Core_cpu/u_ifu_subsys/u_ibuf/ghr_q[12]_i_2_n_0.  Did not re-place instance u_soc/Core_cpu/u_ifu_subsys/u_ibuf/ghr_q[12]_i_2/O
INFO: [Physopt 32-662] Processed net u_soc/Core_cpu/u_ifu_subsys/u_ibuf/q_row_idx[2][1]_i_5_n_0.  Did not re-place instance u_soc/Core_cpu/u_ifu_subsys/u_ibuf/q_row_idx[2][1]_i_5/O
INFO: [Physopt 32-662] Processed net u_soc/Core_cpu/u_ifu_subsys/u_btb/btb_t2.  Did not re-place instance u_soc/Core_cpu/u_ifu_subsys/u_btb/q_t0_idx[1]_i_17/O
INFO: [Physopt 32-662] Processed net u_soc/Core_cpu/u_ifu_subsys/g_tage.u_tage/id_bht_chk[22]_i_33_n_0.  Did not re-place instance u_soc/Core_cpu/u_ifu_subsys/g_tage.u_tage/id_bht_chk[22]_i_33/O
INFO: [Physopt 32-662] Processed net u_soc/Core_cpu/u_ifu_subsys/u_ibuf/cnt_q_reg[4]_2[0].  Did not re-place instance u_soc/Core_cpu/u_ifu_subsys/u_ibuf/q_t0_idx[1]_i_11/O
INFO: [Physopt 32-662] Processed net u_soc/Core_cpu/u_ifu_subsys/u_icache/u_tag_way1/u_prim/push_num[0].  Did not re-place instance u_soc/Core_cpu/u_ifu_subsys/u_icache/u_tag_way1/u_prim/cnt_q[0]_i_2/O
INFO: [Physopt 32-662] Processed net u_soc/Core_cpu/u_ifu_subsys/g_tage.u_tage/init_done_q_reg_inv_1.  Did not re-place instance u_soc/Core_cpu/u_ifu_subsys/g_tage.u_tage/ent_q[6][150]_i_12/O
INFO: [Physopt 32-662] Processed net u_soc/Core_cpu/u_ifu_subsys/g_tage.u_tage/ent_q[6][150]_i_49_n_0.  Did not re-place instance u_soc/Core_cpu/u_ifu_subsys/g_tage.u_tage/ent_q[6][150]_i_49/O
INFO: [Physopt 32-662] Processed net u_soc/Core_cpu/u_ifu_subsys/g_tage.u_tage/ent_q[6][150]_i_26_n_0.  Did not re-place instance u_soc/Core_cpu/u_ifu_subsys/g_tage.u_tage/ent_q[6][150]_i_26/O
INFO: [Physopt 32-662] Processed net u_soc/Core_cpu/u_ifu_subsys/u_btb/taken_slot[1].  Did not re-place instance u_soc/Core_cpu/u_ifu_subsys/u_btb/cnt_q[0]_i_8/O
INFO: [Physopt 32-662] Processed net u_soc/Core_cpu/u_ifu_subsys/g_tage.u_tage/id_bht_chk[22]_i_19_n_0.  Did not re-place instance u_soc/Core_cpu/u_ifu_subsys/g_tage.u_tage/id_bht_chk[22]_i_19/O
INFO: [Physopt 32-662] Processed net u_soc/Core_cpu/u_ifu_subsys/u_btb/reached_taken.  Did not re-place instance u_soc/Core_cpu/u_ifu_subsys/u_btb/q_t0_idx[1]_i_3/O
INFO: [Physopt 32-662] Processed net u_soc/Core_cpu/u_ifu_subsys/u_btb/q_t0_idx[1]_i_8_n_0.  Did not re-place instance u_soc/Core_cpu/u_ifu_subsys/u_btb/q_t0_idx[1]_i_8/O
INFO: [Physopt 32-662] Processed net u_soc/Core_cpu/u_ifu_subsys/u_btb/btb_t0.  Did not re-place instance u_soc/Core_cpu/u_ifu_subsys/u_btb/q_t0_idx[1]_i_12/O
INFO: [Physopt 32-662] Processed net u_soc/Core_cpu/u_ifu_subsys/u_ibuf/D[3].  Did not re-place instance u_soc/Core_cpu/u_ifu_subsys/u_ibuf/ghr_q[4]_i_1/O
INFO: [Physopt 32-662] Processed net u_soc/Core_cpu/u_ifu_subsys/u_ibuf/ghr_q[5]_i_2_n_0.  Did not re-place instance u_soc/Core_cpu/u_ifu_subsys/u_ibuf/ghr_q[5]_i_2/O
INFO: [Physopt 32-662] Processed net u_soc/Core_cpu/u_ifu_subsys/g_tage.u_tage/dir_pred[0].  Did not re-place instance u_soc/Core_cpu/u_ifu_subsys/g_tage.u_tage/id_bht_chk[22]_i_5/O
INFO: [Physopt 32-662] Processed net u_soc/Core_cpu/u_ifu_subsys/g_tage.u_tage/id_bht_chk[22]_i_12_n_0.  Did not re-place instance u_soc/Core_cpu/u_ifu_subsys/g_tage.u_tage/id_bht_chk[22]_i_12/O
INFO: [Physopt 32-662] Processed net u_soc/Core_cpu/u_ifu_subsys/g_tage.u_tage/id_bht_chk[22]_i_25_n_0.  Did not re-place instance u_soc/Core_cpu/u_ifu_subsys/g_tage.u_tage/id_bht_chk[22]_i_25/O
INFO: [Physopt 32-662] Processed net u_soc/Core_cpu/u_ifu_subsys/u_ibuf/iu_red_vld_q_reg_0[3].  Did not re-place instance u_soc/Core_cpu/u_ifu_subsys/u_ibuf/q_row_idx[1][4]_i_1/O
INFO: [Physopt 32-662] Processed net u_soc/Core_cpu/u_ifu_subsys/u_ibuf/D[0].  Did not re-place instance u_soc/Core_cpu/u_ifu_subsys/u_ibuf/ghr_q[1]_i_1/O
INFO: [Physopt 32-662] Processed net u_soc/Core_cpu/u_ifu_subsys/u_ibuf/iu_red_vld_q_reg_0[0].  Did not re-place instance u_soc/Core_cpu/u_ifu_subsys/u_ibuf/q_row_idx[1][1]_i_1/O
INFO: [Physopt 32-662] Processed net u_soc/Core_cpu/u_ifu_subsys/u_ibuf/ghr_q[1]_i_2_n_0.  Did not re-place instance u_soc/Core_cpu/u_ifu_subsys/u_ibuf/ghr_q[1]_i_2/O
INFO: [Physopt 32-662] Processed net u_soc/Core_cpu/u_ifu_subsys/u_ibuf/row_index_w2_return[4].  Did not re-place instance u_soc/Core_cpu/u_ifu_subsys/u_ibuf/q_row_idx[3][4]_i_1/O
INFO: [Physopt 32-662] Processed net u_soc/Core_cpu/u_ifu_subsys/u_ibuf/ghr_q[1]_i_3_n_0.  Did not re-place instance u_soc/Core_cpu/u_ifu_subsys/u_ibuf/ghr_q[1]_i_3/O
INFO: [Physopt 32-662] Processed net u_soc/Core_cpu/u_ifu_subsys/u_btb/any_taken.  Did not re-place instance u_soc/Core_cpu/u_ifu_subsys/u_btb/q_t0_idx[1]_i_9/O
INFO: [Physopt 32-662] Processed net u_soc/Core_cpu/u_ifu_subsys/u_ibuf/cnt_q_reg[4]_3.  Did not re-place instance u_soc/Core_cpu/u_ifu_subsys/u_ibuf/id_have_inst_i_2/O
INFO: [Physopt 32-662] Processed net u_soc/Core_cpu/u_ifu_subsys/u_ibuf/p_0_in__0[87].  Did not re-place instance u_soc/Core_cpu/u_ifu_subsys/u_ibuf/ent_q[6][87]_i_6/O
INFO: [Physopt 32-662] Processed net u_soc/Core_cpu/u_ifu_subsys/u_ibuf/ent_q[6][87]_i_3_n_0.  Did not re-place instance u_soc/Core_cpu/u_ifu_subsys/u_ibuf/ent_q[6][87]_i_3/O
INFO: [Physopt 32-662] Processed net u_soc/Core_cpu/u_ifu_subsys/u_ibuf/ent_q[6][95]_i_4_n_0.  Did not re-place instance u_soc/Core_cpu/u_ifu_subsys/u_ibuf/ent_q[6][95]_i_4/O
INFO: [Physopt 32-662] Processed net u_soc/Core_cpu/u_ifu_subsys/u_ibuf/ent_q[1][87]_i_1_n_0.  Did not re-place instance u_soc/Core_cpu/u_ifu_subsys/u_ibuf/ent_q[1][87]_i_1/O
INFO: [Physopt 32-662] Processed net u_soc/Core_cpu/u_ifu_subsys/u_ibuf/ent_q[1][87]_i_2_n_0.  Did not re-place instance u_soc/Core_cpu/u_ifu_subsys/u_ibuf/ent_q[1][87]_i_2/O
INFO: [Physopt 32-662] Processed net u_soc/Core_cpu/u_ifu_subsys/u_btb/cnt_q_reg[3].  Did not re-place instance u_soc/Core_cpu/u_ifu_subsys/u_btb/cnt_q[0]_i_4/O
INFO: [Physopt 32-662] Processed net u_soc/Core_cpu/u_ifu_subsys/u_btb/want_cnt_raw[0].  Did not re-place instance u_soc/Core_cpu/u_ifu_subsys/u_btb/cnt_q[0]_i_12/O
INFO: [Physopt 32-662] Processed net u_soc/Core_cpu/u_ifu_subsys/u_ibuf/ent_q[5][87]_i_1_n_0.  Did not re-place instance u_soc/Core_cpu/u_ifu_subsys/u_ibuf/ent_q[5][87]_i_1/O
INFO: [Physopt 32-662] Processed net u_soc/Core_cpu/u_ifu_subsys/u_ibuf/ent_q[5][87]_i_2_n_0.  Did not re-place instance u_soc/Core_cpu/u_ifu_subsys/u_ibuf/ent_q[5][87]_i_2/O
INFO: [Physopt 32-662] Processed net u_soc/Core_cpu/u_ifu_subsys/u_ibuf/row_index_w2_return[3].  Did not re-place instance u_soc/Core_cpu/u_ifu_subsys/u_ibuf/q_row_idx[3][3]_i_1/O
INFO: [Physopt 32-662] Processed net u_soc/Core_cpu/u_ifu_subsys/g_tage.u_tage/ent_q[6][150]_i_60_n_0.  Did not re-place instance u_soc/Core_cpu/u_ifu_subsys/g_tage.u_tage/ent_q[6][150]_i_60/O
INFO: [Physopt 32-662] Processed net u_soc/Core_cpu/u_ifu_subsys/u_ibuf/D[7].  Did not re-place instance u_soc/Core_cpu/u_ifu_subsys/u_ibuf/ghr_q[9]_i_1/O
INFO: [Physopt 32-662] Processed net u_soc/Core_cpu/u_ifu_subsys/u_ibuf/ghr_q[9]_i_2_n_0.  Did not re-place instance u_soc/Core_cpu/u_ifu_subsys/u_ibuf/ghr_q[9]_i_2/O
INFO: [Physopt 32-662] Processed net u_soc/Core_cpu/u_ifu_subsys/u_ibuf/D[1].  Did not re-place instance u_soc/Core_cpu/u_ifu_subsys/u_ibuf/ghr_q[2]_i_1/O
INFO: [Physopt 32-662] Processed net u_soc/Core_cpu/u_ifu_subsys/u_ibuf/q_row_idx[1][2]_i_3_n_0.  Did not re-place instance u_soc/Core_cpu/u_ifu_subsys/u_ibuf/q_row_idx[1][2]_i_3/O
INFO: [Physopt 32-662] Processed net u_soc/Core_cpu/u_ifu_subsys/u_ibuf/row_index_w2_return[2].  Did not re-place instance u_soc/Core_cpu/u_ifu_subsys/u_ibuf/q_row_idx[3][2]_i_1/O
INFO: [Physopt 32-662] Processed net u_soc/Core_cpu/u_ifu_subsys/g_tage.u_tage/id_bht_chk[22]_i_35_n_0.  Did not re-place instance u_soc/Core_cpu/u_ifu_subsys/g_tage.u_tage/id_bht_chk[22]_i_35/O
INFO: [Physopt 32-662] Processed net u_soc/Core_cpu/u_ifu_subsys/u_btb/q_tag_q_reg[3]_0.  Did not re-place instance u_soc/Core_cpu/u_ifu_subsys/u_btb/ent_q[6][150]_i_42/O
INFO: [Physopt 32-662] Processed net u_soc/Core_cpu/u_ifu_subsys/g_tage.u_tage/id_bht_chk[22]_i_17_n_0.  Did not re-place instance u_soc/Core_cpu/u_ifu_subsys/g_tage.u_tage/id_bht_chk[22]_i_17/O
INFO: [Physopt 32-662] Processed net u_soc/Core_cpu/u_ifu_subsys/g_tage.u_tage/id_bht_chk[22]_i_8_n_0.  Did not re-place instance u_soc/Core_cpu/u_ifu_subsys/g_tage.u_tage/id_bht_chk[22]_i_8/O
INFO: [Physopt 32-662] Processed net u_soc/Core_cpu/u_ifu_subsys/u_btb/want_cnt_raw[1].  Did not re-place instance u_soc/Core_cpu/u_ifu_subsys/u_btb/cnt_q[0]_i_11/O
INFO: [Physopt 32-662] Processed net u_soc/Core_cpu/u_ifu_subsys/u_btb/cnt_q_reg[3]_0.  Did not re-place instance u_soc/Core_cpu/u_ifu_subsys/u_btb/q_t0_idx[0]_i_10/O
INFO: [Physopt 32-662] Processed net u_soc/Core_cpu/u_ifu_subsys/u_btb/want_cnt_raw[2].  Did not re-place instance u_soc/Core_cpu/u_ifu_subsys/u_btb/cnt_q[0]_i_13/O
INFO: [Physopt 32-662] Processed net u_soc/Core_cpu/u_ifu_subsys/u_ibuf/ghr_q[10]_i_2_n_0.  Did not re-place instance u_soc/Core_cpu/u_ifu_subsys/u_ibuf/ghr_q[10]_i_2/O
INFO: [Physopt 32-661] Optimized 0 net.  Re-placed 0 instance.
INFO: [Physopt 32-775] End 1 Pass. Optimized 0 net or cell. Created 0 new cell, deleted 0 existing cell and moved 0 existing cell
Netlist sorting complete. Time (s): cpu = 00:00:00.01 ; elapsed = 00:00:00.01 . Memory (MB): peak = 3513.953 ; gain = 0.000 ; free physical = 68804 ; free virtual = 950259
Phase 5 Multi Cell Placement Optimization | Checksum: 1301380ce

Time (s): cpu = 00:01:26 ; elapsed = 00:00:20 . Memory (MB): peak = 3513.953 ; gain = 0.000 ; free physical = 68803 ; free virtual = 950257

Phase 6 Rewire
INFO: [Physopt 32-246] Starting Signal Push optimization...
INFO: [Physopt 32-77] Pass 1. Identified 3 candidate nets for rewire optimization.
INFO: [Physopt 32-134] Processed net u_soc/Core_cpu/u_ifu_subsys/u_ibuf/ghr_q_reg[0]. Rewiring did not optimize the net.
INFO: [Physopt 32-134] Processed net u_soc/Core_cpu/u_ifu_subsys/u_btb/q_t0_idx[1]_i_8_n_0. Rewiring did not optimize the net.
INFO: [Physopt 32-134] Processed net u_soc/Core_cpu/u_ifu_subsys/g_tage.u_tage/ent_q[6][150]_i_54_n_0. Rewiring did not optimize the net.
INFO: [Physopt 32-232] Optimized 0 net. Created 0 new instance.
INFO: [Physopt 32-775] End 1 Pass. Optimized 0 net or cell. Created 0 new cell, deleted 0 existing cell and moved 0 existing cell
Netlist sorting complete. Time (s): cpu = 00:00:00.01 ; elapsed = 00:00:00.01 . Memory (MB): peak = 3513.953 ; gain = 0.000 ; free physical = 68814 ; free virtual = 950269
Netlist sorting complete. Time (s): cpu = 00:00:00 ; elapsed = 00:00:00 . Memory (MB): peak = 3513.953 ; gain = 0.000 ; free physical = 68814 ; free virtual = 950269
Phase 6 Rewire | Checksum: 1301380ce

Time (s): cpu = 00:01:27 ; elapsed = 00:00:21 . Memory (MB): peak = 3513.953 ; gain = 0.000 ; free physical = 68813 ; free virtual = 950267

Phase 7 Critical Cell Optimization
INFO: [Physopt 32-46] Identified 30 candidate nets for critical-cell optimization.
INFO: [Physopt 32-572] Net u_soc/Core_cpu/u_ifu_subsys/u_btb/btb_t1 was not replicated.
Resolution: phys_opt_design can be forced to replicate a net driver using the option -force_replication_on_nets <list of net objects>.
INFO: [Physopt 32-572] Net u_soc/Core_cpu/u_ifu_subsys/u_ibuf/ghr_cnt_return[0] was not replicated.
Resolution: phys_opt_design can be forced to replicate a net driver using the option -force_replication_on_nets <list of net objects>.
INFO: [Physopt 32-572] Net u_soc/Core_cpu/u_ifu_subsys/u_ibuf/p_2_in was not replicated.
Resolution: phys_opt_design can be forced to replicate a net driver using the option -force_replication_on_nets <list of net objects>.
INFO: [Physopt 32-572] Net u_soc/Core_cpu/u_ifu_subsys/g_tage.u_tage/ent_q[6][150]_i_61_n_0 was not replicated.
Resolution: phys_opt_design can be forced to replicate a net driver using the option -force_replication_on_nets <list of net objects>.
INFO: [Physopt 32-572] Net u_soc/Core_cpu/u_ifu_subsys/u_icache/u_tag_way1/u_prim/push_num[2] was not replicated.
Resolution: phys_opt_design can be forced to replicate a net driver using the option -force_replication_on_nets <list of net objects>.
INFO: [Physopt 32-572] Net u_soc/Core_cpu/u_ifu_subsys/u_ibuf/cnt_q_reg[4]_0 was not replicated.
Resolution: phys_opt_design can be forced to replicate a net driver using the option -force_replication_on_nets <list of net objects>.
INFO: [Physopt 32-572] Net u_soc/Core_cpu/u_ifu_subsys/u_btb/taken_slot[0] was not replicated.
Resolution: phys_opt_design can be forced to replicate a net driver using the option -force_replication_on_nets <list of net objects>.
INFO: [Physopt 32-572] Net u_soc/Core_cpu/u_ifu_subsys/u_ibuf/iu_red_ghr_q_reg[7] was not replicated.
Resolution: phys_opt_design can be forced to replicate a net driver using the option -force_replication_on_nets <list of net objects>.
INFO: [Physopt 32-571] Net u_soc/Core_cpu/u_ifu_subsys/g_tage.u_tage/init_done_q_reg_inv_0 was not replicated.
INFO: [Physopt 32-572] Net u_soc/Core_cpu/u_ifu_subsys/g_tage.u_tage/id_bht_chk[22]_i_36_n_0 was not replicated.
Resolution: phys_opt_design can be forced to replicate a net driver using the option -force_replication_on_nets <list of net objects>.
INFO: [Physopt 32-572] Net u_soc/Core_cpu/u_ifu_subsys/u_ibuf/q_row_idx[2][1]_i_2_n_0 was not replicated.
Resolution: phys_opt_design can be forced to replicate a net driver using the option -force_replication_on_nets <list of net objects>.
INFO: [Physopt 32-572] Net u_soc/Core_cpu/u_ifu_subsys/u_btb/q_pc_q_reg[2]_rep_1 was not replicated.
Resolution: phys_opt_design can be forced to replicate a net driver using the option -force_replication_on_nets <list of net objects>.
INFO: [Physopt 32-572] Net u_soc/Core_cpu/u_ifu_subsys/u_ibuf/cnt_q_reg[4]_2[1] was not replicated.
Resolution: phys_opt_design can be forced to replicate a net driver using the option -force_replication_on_nets <list of net objects>.
INFO: [Physopt 32-572] Net u_soc/Core_cpu/u_ifu_subsys/u_ibuf/p_3_in was not replicated.
Resolution: phys_opt_design can be forced to replicate a net driver using the option -force_replication_on_nets <list of net objects>.
INFO: [Physopt 32-572] Net u_soc/Core_cpu/u_ifu_subsys/u_icache/u_tag_way1/u_prim/push_num[1] was not replicated.
Resolution: phys_opt_design can be forced to replicate a net driver using the option -force_replication_on_nets <list of net objects>.
INFO: [Physopt 32-572] Net u_soc/Core_cpu/u_ifu_subsys/u_ibuf/ghr_cnt_return[1] was not replicated.
Resolution: phys_opt_design can be forced to replicate a net driver using the option -force_replication_on_nets <list of net objects>.
INFO: [Physopt 32-572] Net u_soc/Core_cpu/u_ifu_subsys/u_ibuf/ghr_q[13]_i_5_n_0 was not replicated.
Resolution: phys_opt_design can be forced to replicate a net driver using the option -force_replication_on_nets <list of net objects>.
INFO: [Physopt 32-572] Net u_soc/Core_cpu/u_ifu_subsys/u_ibuf/D[10] was not replicated.
Resolution: phys_opt_design can be forced to replicate a net driver using the option -force_replication_on_nets <list of net objects>.
INFO: [Physopt 32-572] Net u_soc/Core_cpu/u_ifu_subsys/u_ibuf/ghr_q[13]_i_4_n_0 was not replicated.
Resolution: phys_opt_design can be forced to replicate a net driver using the option -force_replication_on_nets <list of net objects>.
INFO: [Physopt 32-572] Net u_soc/Core_cpu/u_ifu_subsys/u_ibuf/D[4] was not replicated.
Resolution: phys_opt_design can be forced to replicate a net driver using the option -force_replication_on_nets <list of net objects>.
INFO: [Physopt 32-572] Net u_soc/Core_cpu/u_ifu_subsys/u_ibuf/ghr_q[7]_i_2_n_0 was not replicated.
Resolution: phys_opt_design can be forced to replicate a net driver using the option -force_replication_on_nets <list of net objects>.
INFO: [Physopt 32-572] Net u_soc/Core_cpu/u_ifu_subsys/u_ibuf/ghr_cnt_return[2] was not replicated.
Resolution: phys_opt_design can be forced to replicate a net driver using the option -force_replication_on_nets <list of net objects>.
INFO: [Physopt 32-572] Net u_soc/Core_cpu/u_ifu_subsys/u_ibuf/iu_red_vld_q_reg_1 was not replicated.
Resolution: phys_opt_design can be forced to replicate a net driver using the option -force_replication_on_nets <list of net objects>.
INFO: [Physopt 32-572] Net u_soc/Core_cpu/u_ifu_subsys/g_tage.u_tage/iu_red_vld_q_reg was not replicated.
Resolution: phys_opt_design can be forced to replicate a net driver using the option -force_replication_on_nets <list of net objects>.
INFO: [Physopt 32-572] Net u_soc/Core_cpu/u_ifu_subsys/u_ibuf/ghr_q_reg[0] was not replicated.
Resolution: phys_opt_design can be forced to replicate a net driver using the option -force_replication_on_nets <list of net objects>.
INFO: [Physopt 32-572] Net u_soc/Core_cpu/u_ifu_subsys/u_ibuf/ghr_q[4]_i_2_n_0 was not replicated.
Resolution: phys_opt_design can be forced to replicate a net driver using the option -force_replication_on_nets <list of net objects>.
INFO: [Physopt 32-572] Net u_soc/Core_cpu/u_ifu_subsys/u_ibuf/ghr_q[12]_i_2_n_0 was not replicated.
Resolution: phys_opt_design can be forced to replicate a net driver using the option -force_replication_on_nets <list of net objects>.
INFO: [Physopt 32-572] Net u_soc/Core_cpu/u_ifu_subsys/u_btb/btb_t2 was not replicated.
Resolution: phys_opt_design can be forced to replicate a net driver using the option -force_replication_on_nets <list of net objects>.
INFO: [Physopt 32-572] Net u_soc/Core_cpu/u_ifu_subsys/g_tage.u_tage/id_bht_chk[22]_i_33_n_0 was not replicated.
Resolution: phys_opt_design can be forced to replicate a net driver using the option -force_replication_on_nets <list of net objects>.
INFO: [Physopt 32-572] Net u_soc/Core_cpu/u_ifu_subsys/u_ibuf/cnt_q_reg[4]_2[0] was not replicated.
Resolution: phys_opt_design can be forced to replicate a net driver using the option -force_replication_on_nets <list of net objects>.
INFO: [Physopt 32-232] Optimized 0 net. Created 0 new instance.
INFO: [Physopt 32-775] End 1 Pass. Optimized 0 net or cell. Created 0 new cell, deleted 0 existing cell and moved 0 existing cell
Netlist sorting complete. Time (s): cpu = 00:00:00.01 ; elapsed = 00:00:00.01 . Memory (MB): peak = 3513.953 ; gain = 0.000 ; free physical = 68813 ; free virtual = 950267
Phase 7 Critical Cell Optimization | Checksum: 1301380ce

Time (s): cpu = 00:01:40 ; elapsed = 00:00:25 . Memory (MB): peak = 3513.953 ; gain = 0.000 ; free physical = 68812 ; free virtual = 950266

Phase 8 Fanout Optimization
INFO: [Physopt 32-76] Pass 1. Identified 1 candidate net for fanout optimization.
INFO: [Physopt 32-572] Net u_soc/Core_cpu/u_ifu_subsys/g_tage.u_tage/q_row_idx_reg[1]_0[1]_repN was not replicated.
Resolution: phys_opt_design can be forced to replicate a net driver using the option -force_replication_on_nets <list of net objects>.
INFO: [Physopt 32-232] Optimized 0 net. Created 0 new instance.
INFO: [Physopt 32-775] End 1 Pass. Optimized 0 net or cell. Created 0 new cell, deleted 0 existing cell and moved 0 existing cell
Netlist sorting complete. Time (s): cpu = 00:00:00.01 ; elapsed = 00:00:00.01 . Memory (MB): peak = 3513.953 ; gain = 0.000 ; free physical = 68773 ; free virtual = 950228
Phase 8 Fanout Optimization | Checksum: 1301380ce

Time (s): cpu = 00:01:41 ; elapsed = 00:00:25 . Memory (MB): peak = 3513.953 ; gain = 0.000 ; free physical = 68772 ; free virtual = 950227

Phase 9 Single Cell Placement Optimization
INFO: [Physopt 32-660] Identified 250 candidate nets for placement-based optimization.
INFO: [Physopt 32-662] Processed net u_soc/Core_cpu/u_ifu_subsys/g_tage.u_tage/q_row_idx_reg[1]_0[0].  Did not re-place instance u_soc/Core_cpu/u_ifu_subsys/g_tage.u_tage/q_row_idx_reg[1][0]
INFO: [Physopt 32-662] Processed net u_soc/Core_cpu/u_ifu_subsys/g_tage.u_tage/q_row_idx_reg[3]_5[1].  Did not re-place instance u_soc/Core_cpu/u_ifu_subsys/g_tage.u_tage/q_row_idx_reg[3][1]
INFO: [Physopt 32-662] Processed net u_soc/Core_cpu/u_ifu_subsys/u_btb/btb_t1.  Did not re-place instance u_soc/Core_cpu/u_ifu_subsys/u_btb/id_pred_npc[31]_i_5
INFO: [Physopt 32-662] Processed net u_soc/Core_cpu/u_ifu_subsys/u_ibuf/ghr_cnt_return[0].  Did not re-place instance u_soc/Core_cpu/u_ifu_subsys/u_ibuf/ghr_q[13]_i_3
INFO: [Physopt 32-662] Processed net u_soc/Core_cpu/u_ifu_subsys/u_ibuf/p_2_in.  Did not re-place instance u_soc/Core_cpu/u_ifu_subsys/u_ibuf/q_row_idx[1][2]_i_7
INFO: [Physopt 32-662] Processed net u_soc/Core_cpu/u_ifu_subsys/g_tage.u_tage/ent_q[6][150]_i_61_n_0.  Did not re-place instance u_soc/Core_cpu/u_ifu_subsys/g_tage.u_tage/ent_q[6][150]_i_61
INFO: [Physopt 32-662] Processed net u_soc/Core_cpu/u_ifu_subsys/u_icache/u_tag_way1/u_prim/push_num[2].  Did not re-place instance u_soc/Core_cpu/u_ifu_subsys/u_icache/u_tag_way1/u_prim/cnt_q[4]_i_6
INFO: [Physopt 32-662] Processed net u_soc/Core_cpu/u_ifu_subsys/u_ibuf/cnt_q_reg[4]_0.  Did not re-place instance u_soc/Core_cpu/u_ifu_subsys/u_ibuf/cnt_q[4]_i_4
INFO: [Physopt 32-662] Processed net u_soc/Core_cpu/u_ifu_subsys/u_btb/taken_slot[0].  Did not re-place instance u_soc/Core_cpu/u_ifu_subsys/u_btb/cnt_q[0]_i_7
INFO: [Physopt 32-662] Processed net u_soc/Core_cpu/u_ifu_subsys/u_ibuf/iu_red_ghr_q_reg[7].  Did not re-place instance u_soc/Core_cpu/u_ifu_subsys/u_ibuf/q_row_idx[3][1]_i_2
INFO: [Physopt 32-662] Processed net u_soc/Core_cpu/u_ifu_subsys/g_tage.u_tage/init_done_q_reg_inv_0.  Did not re-place instance u_soc/Core_cpu/u_ifu_subsys/g_tage.u_tage/id_bht_chk[22]_i_4
INFO: [Physopt 32-662] Processed net u_soc/Core_cpu/u_ifu_subsys/g_tage.u_tage/id_bht_chk[22]_i_36_n_0.  Did not re-place instance u_soc/Core_cpu/u_ifu_subsys/g_tage.u_tage/id_bht_chk[22]_i_36
INFO: [Physopt 32-662] Processed net u_soc/Core_cpu/u_ifu_subsys/u_ibuf/q_row_idx[2][1]_i_2_n_0.  Did not re-place instance u_soc/Core_cpu/u_ifu_subsys/u_ibuf/q_row_idx[2][1]_i_2
INFO: [Physopt 32-662] Processed net u_soc/Core_cpu/u_ifu_subsys/g_tage.u_tage/id_bht_chk[22]_i_18_n_0.  Did not re-place instance u_soc/Core_cpu/u_ifu_subsys/g_tage.u_tage/id_bht_chk[22]_i_18
INFO: [Physopt 32-662] Processed net u_soc/Core_cpu/u_ifu_subsys/g_tage.u_tage/id_bht_chk[22]_i_9_n_0.  Did not re-place instance u_soc/Core_cpu/u_ifu_subsys/g_tage.u_tage/id_bht_chk[22]_i_9
INFO: [Physopt 32-662] Processed net u_soc/Core_cpu/u_ifu_subsys/u_ibuf/row_index_w2_return[1].  Did not re-place instance u_soc/Core_cpu/u_ifu_subsys/u_ibuf/q_row_idx[3][1]_i_1
INFO: [Physopt 32-662] Processed net u_soc/Core_cpu/u_ifu_subsys/u_ibuf/q_row_idx[2][1]_i_3_n_0.  Did not re-place instance u_soc/Core_cpu/u_ifu_subsys/u_ibuf/q_row_idx[2][1]_i_3
INFO: [Physopt 32-662] Processed net u_soc/Core_cpu/u_ifu_subsys/u_btb/q_pc_q_reg[2]_rep_1.  Did not re-place instance u_soc/Core_cpu/u_ifu_subsys/u_btb/q_row_idx[1][2]_i_4
INFO: [Physopt 32-662] Processed net u_soc/Core_cpu/u_ifu_subsys/u_ibuf/cnt_q_reg[4]_2[1].  Did not re-place instance u_soc/Core_cpu/u_ifu_subsys/u_ibuf/cnt_q[4]_i_5
INFO: [Physopt 32-662] Processed net u_soc/Core_cpu/u_ifu_subsys/u_ibuf/p_3_in.  Did not re-place instance u_soc/Core_cpu/u_ifu_subsys/u_ibuf/ghr_q[3]_i_2
INFO: [Physopt 32-662] Processed net u_soc/Core_cpu/u_ifu_subsys/u_icache/u_tag_way1/u_prim/push_num[1].  Did not re-place instance u_soc/Core_cpu/u_ifu_subsys/u_icache/u_tag_way1/u_prim/q_t0_idx[0]_i_9
INFO: [Physopt 32-662] Processed net u_soc/Core_cpu/u_ifu_subsys/g_tage.u_tage/q_row_idx_reg[3]_5[0].  Did not re-place instance u_soc/Core_cpu/u_ifu_subsys/g_tage.u_tage/q_row_idx_reg[3][0]
INFO: [Physopt 32-662] Processed net u_soc/Core_cpu/u_ifu_subsys/u_ibuf/ghr_cnt_return[1].  Did not re-place instance u_soc/Core_cpu/u_ifu_subsys/u_ibuf/q_row_idx[1][2]_i_8
INFO: [Physopt 32-662] Processed net u_soc/Core_cpu/u_ifu_subsys/u_ibuf/ghr_q[13]_i_5_n_0.  Did not re-place instance u_soc/Core_cpu/u_ifu_subsys/u_ibuf/ghr_q[13]_i_5
INFO: [Physopt 32-662] Processed net u_soc/Core_cpu/u_ifu_subsys/u_ibuf/D[10].  Did not re-place instance u_soc/Core_cpu/u_ifu_subsys/u_ibuf/ghr_q[12]_i_1
INFO: [Physopt 32-662] Processed net u_soc/Core_cpu/u_ifu_subsys/u_ibuf/ghr_q[13]_i_4_n_0.  Did not re-place instance u_soc/Core_cpu/u_ifu_subsys/u_ibuf/ghr_q[13]_i_4
INFO: [Physopt 32-662] Processed net u_soc/Core_cpu/u_ifu_subsys/u_ibuf/row_index_w2_return[0].  Did not re-place instance u_soc/Core_cpu/u_ifu_subsys/u_ibuf/q_row_idx[3][0]_i_1
INFO: [Physopt 32-662] Processed net u_soc/Core_cpu/u_ifu_subsys/u_ibuf/q_row_idx[2][1]_i_4_n_0.  Did not re-place instance u_soc/Core_cpu/u_ifu_subsys/u_ibuf/q_row_idx[2][1]_i_4
INFO: [Physopt 32-662] Processed net u_soc/Core_cpu/u_ifu_subsys/g_tage.u_tage/q_row_idx_reg[2]_4[0].  Did not re-place instance u_soc/Core_cpu/u_ifu_subsys/g_tage.u_tage/q_row_idx_reg[2][0]
INFO: [Physopt 32-662] Processed net u_soc/Core_cpu/u_ifu_subsys/u_ibuf/D[4].  Did not re-place instance u_soc/Core_cpu/u_ifu_subsys/u_ibuf/ghr_q[6]_i_1
INFO: [Physopt 32-662] Processed net u_soc/Core_cpu/u_ifu_subsys/u_ibuf/ghr_q[7]_i_2_n_0.  Did not re-place instance u_soc/Core_cpu/u_ifu_subsys/u_ibuf/ghr_q[7]_i_2
INFO: [Physopt 32-662] Processed net u_soc/Core_cpu/u_ifu_subsys/u_ibuf/iu_red_ghr_q_reg[7]_0[0].  Did not re-place instance u_soc/Core_cpu/u_ifu_subsys/u_ibuf/q_row_idx[2][0]_i_1
INFO: [Physopt 32-662] Processed net u_soc/Core_cpu/u_ifu_subsys/u_ibuf/ghr_cnt_return[2].  Did not re-place instance u_soc/Core_cpu/u_ifu_subsys/u_ibuf/q_row_idx[1][2]_i_9
INFO: [Physopt 32-662] Processed net u_soc/Core_cpu/u_ifu_subsys/g_tage.u_tage/q_row_idx_reg[1]_0[3].  Did not re-place instance u_soc/Core_cpu/u_ifu_subsys/g_tage.u_tage/q_row_idx_reg[1][3]
INFO: [Physopt 32-662] Processed net u_soc/Core_cpu/u_ifu_subsys/u_ibuf/iu_red_vld_q_reg_1.  Did not re-place instance u_soc/Core_cpu/u_ifu_subsys/u_ibuf/q_row_idx[3][3]_i_2
INFO: [Physopt 32-662] Processed net u_soc/Core_cpu/u_ifu_subsys/u_ibuf/iu_red_vld_q_reg_0[2].  Did not re-place instance u_soc/Core_cpu/u_ifu_subsys/u_ibuf/q_row_idx[1][3]_i_1
INFO: [Physopt 32-662] Processed net u_soc/Core_cpu/u_ifu_subsys/u_ibuf/q_row_idx[3][3]_i_3_n_0.  Did not re-place instance u_soc/Core_cpu/u_ifu_subsys/u_ibuf/q_row_idx[3][3]_i_3
INFO: [Physopt 32-662] Processed net u_soc/Core_cpu/u_ifu_subsys/g_tage.u_tage/iu_red_vld_q_reg.  Did not re-place instance u_soc/Core_cpu/u_ifu_subsys/g_tage.u_tage/ghr_q[0]_i_1
INFO: [Physopt 32-662] Processed net u_soc/Core_cpu/u_ifu_subsys/u_ibuf/ghr_q_reg[0].  Did not re-place instance u_soc/Core_cpu/u_ifu_subsys/u_ibuf/q_row_idx[1][0]_i_3
INFO: [Physopt 32-662] Processed net u_soc/Core_cpu/u_ifu_subsys/u_ibuf/ghr_q[4]_i_2_n_0.  Did not re-place instance u_soc/Core_cpu/u_ifu_subsys/u_ibuf/ghr_q[4]_i_2
INFO: [Physopt 32-662] Processed net u_soc/Core_cpu/u_ifu_subsys/u_ibuf/ghr_q[12]_i_2_n_0.  Did not re-place instance u_soc/Core_cpu/u_ifu_subsys/u_ibuf/ghr_q[12]_i_2
INFO: [Physopt 32-662] Processed net u_soc/Core_cpu/u_ifu_subsys/u_ibuf/q_row_idx[2][1]_i_5_n_0.  Did not re-place instance u_soc/Core_cpu/u_ifu_subsys/u_ibuf/q_row_idx[2][1]_i_5
INFO: [Physopt 32-662] Processed net u_soc/Core_cpu/u_ifu_subsys/u_btb/btb_t2.  Did not re-place instance u_soc/Core_cpu/u_ifu_subsys/u_btb/q_t0_idx[1]_i_17
INFO: [Physopt 32-662] Processed net u_soc/Core_cpu/u_ifu_subsys/g_tage.u_tage/id_bht_chk[22]_i_33_n_0.  Did not re-place instance u_soc/Core_cpu/u_ifu_subsys/g_tage.u_tage/id_bht_chk[22]_i_33
INFO: [Physopt 32-662] Processed net u_soc/Core_cpu/u_ifu_subsys/u_ibuf/cnt_q_reg[4]_2[0].  Did not re-place instance u_soc/Core_cpu/u_ifu_subsys/u_ibuf/q_t0_idx[1]_i_11
INFO: [Physopt 32-662] Processed net u_soc/Core_cpu/u_ifu_subsys/u_icache/u_tag_way1/u_prim/push_num[0].  Did not re-place instance u_soc/Core_cpu/u_ifu_subsys/u_icache/u_tag_way1/u_prim/cnt_q[0]_i_2
INFO: [Physopt 32-662] Processed net u_soc/Core_cpu/u_ifu_subsys/g_tage.u_tage/init_done_q_reg_inv_1.  Did not re-place instance u_soc/Core_cpu/u_ifu_subsys/g_tage.u_tage/ent_q[6][150]_i_12
INFO: [Physopt 32-662] Processed net u_soc/Core_cpu/u_ifu_subsys/g_tage.u_tage/ent_q[6][150]_i_49_n_0.  Did not re-place instance u_soc/Core_cpu/u_ifu_subsys/g_tage.u_tage/ent_q[6][150]_i_49
INFO: [Physopt 32-662] Processed net u_soc/Core_cpu/u_ifu_subsys/g_tage.u_tage/ent_q[6][150]_i_26_n_0.  Did not re-place instance u_soc/Core_cpu/u_ifu_subsys/g_tage.u_tage/ent_q[6][150]_i_26
INFO: [Physopt 32-662] Processed net u_soc/Core_cpu/u_ifu_subsys/u_btb/taken_slot[1].  Did not re-place instance u_soc/Core_cpu/u_ifu_subsys/u_btb/cnt_q[0]_i_8
INFO: [Physopt 32-662] Processed net u_soc/Core_cpu/u_ifu_subsys/g_tage.u_tage/id_bht_chk[22]_i_19_n_0.  Did not re-place instance u_soc/Core_cpu/u_ifu_subsys/g_tage.u_tage/id_bht_chk[22]_i_19
INFO: [Physopt 32-662] Processed net u_soc/Core_cpu/u_ifu_subsys/u_btb/next_pc[0].  Did not re-place instance u_soc/Core_cpu/u_ifu_subsys/u_btb/q_t0_idx[0]_i_1
INFO: [Physopt 32-662] Processed net u_soc/Core_cpu/u_ifu_subsys/u_btb/reached_taken.  Did not re-place instance u_soc/Core_cpu/u_ifu_subsys/u_btb/q_t0_idx[1]_i_3
INFO: [Physopt 32-662] Processed net u_soc/Core_cpu/u_ifu_subsys/u_btb/q_t0_idx[1]_i_8_n_0.  Did not re-place instance u_soc/Core_cpu/u_ifu_subsys/u_btb/q_t0_idx[1]_i_8
INFO: [Physopt 32-662] Processed net u_soc/Core_cpu/u_ifu_subsys/g_tage.u_tage/q_row_idx_reg[1]_0[4].  Did not re-place instance u_soc/Core_cpu/u_ifu_subsys/g_tage.u_tage/q_row_idx_reg[1][4]
INFO: [Physopt 32-662] Processed net u_soc/Core_cpu/u_ifu_subsys/u_btb/btb_t0.  Did not re-place instance u_soc/Core_cpu/u_ifu_subsys/u_btb/q_t0_idx[1]_i_12
INFO: [Physopt 32-662] Processed net u_soc/Core_cpu/u_ifu_subsys/u_ibuf/D[3].  Did not re-place instance u_soc/Core_cpu/u_ifu_subsys/u_ibuf/ghr_q[4]_i_1
INFO: [Physopt 32-662] Processed net u_soc/Core_cpu/u_ifu_subsys/u_ibuf/ghr_q[5]_i_2_n_0.  Did not re-place instance u_soc/Core_cpu/u_ifu_subsys/u_ibuf/ghr_q[5]_i_2
INFO: [Physopt 32-662] Processed net u_soc/Core_cpu/u_ifu_subsys/g_tage.u_tage/dir_pred[0].  Did not re-place instance u_soc/Core_cpu/u_ifu_subsys/g_tage.u_tage/id_bht_chk[22]_i_5
INFO: [Physopt 32-662] Processed net u_soc/Core_cpu/u_ifu_subsys/g_tage.u_tage/id_bht_chk[22]_i_12_n_0.  Did not re-place instance u_soc/Core_cpu/u_ifu_subsys/g_tage.u_tage/id_bht_chk[22]_i_12
INFO: [Physopt 32-662] Processed net u_soc/Core_cpu/u_ifu_subsys/g_tage.u_tage/id_bht_chk[22]_i_25_n_0.  Did not re-place instance u_soc/Core_cpu/u_ifu_subsys/g_tage.u_tage/id_bht_chk[22]_i_25
INFO: [Physopt 32-662] Processed net u_soc/Core_cpu/u_ifu_subsys/u_ibuf/iu_red_vld_q_reg_0[3].  Did not re-place instance u_soc/Core_cpu/u_ifu_subsys/u_ibuf/q_row_idx[1][4]_i_1
INFO: [Physopt 32-662] Processed net u_soc/Core_cpu/u_ifu_subsys/g_tage.u_tage/q_row_idx_reg[1]_0[1]_repN.  Did not re-place instance u_soc/Core_cpu/u_ifu_subsys/g_tage.u_tage/q_row_idx_reg[1][1]_replica
INFO: [Physopt 32-662] Processed net u_soc/Core_cpu/u_ifu_subsys/u_ibuf/D[0].  Did not re-place instance u_soc/Core_cpu/u_ifu_subsys/u_ibuf/ghr_q[1]_i_1
INFO: [Physopt 32-662] Processed net u_soc/Core_cpu/u_ifu_subsys/u_ibuf/iu_red_vld_q_reg_0[0].  Did not re-place instance u_soc/Core_cpu/u_ifu_subsys/u_ibuf/q_row_idx[1][1]_i_1
INFO: [Physopt 32-662] Processed net u_soc/Core_cpu/u_ifu_subsys/u_ibuf/ghr_q[1]_i_2_n_0.  Did not re-place instance u_soc/Core_cpu/u_ifu_subsys/u_ibuf/ghr_q[1]_i_2
INFO: [Physopt 32-662] Processed net u_soc/Core_cpu/u_ifu_subsys/u_btb/next_pc[3].  Did not re-place instance u_soc/Core_cpu/u_ifu_subsys/u_btb/q_row_idx[0][3]_i_1
INFO: [Physopt 32-662] Processed net u_soc/Core_cpu/u_ifu_subsys/g_tage.u_tage/q_row_idx_reg[3]_5[4].  Did not re-place instance u_soc/Core_cpu/u_ifu_subsys/g_tage.u_tage/q_row_idx_reg[3][4]
INFO: [Physopt 32-662] Processed net u_soc/Core_cpu/u_ifu_subsys/u_ibuf/row_index_w2_return[4].  Did not re-place instance u_soc/Core_cpu/u_ifu_subsys/u_ibuf/q_row_idx[3][4]_i_1
INFO: [Physopt 32-662] Processed net u_soc/Core_cpu/u_ifu_subsys/u_ibuf/ghr_q[1]_i_3_n_0.  Did not re-place instance u_soc/Core_cpu/u_ifu_subsys/u_ibuf/ghr_q[1]_i_3
INFO: [Physopt 32-662] Processed net u_soc/Core_cpu/u_ifu_subsys/u_btb/any_taken.  Did not re-place instance u_soc/Core_cpu/u_ifu_subsys/u_btb/q_t0_idx[1]_i_9
INFO: [Physopt 32-662] Processed net u_soc/Core_cpu/u_ifu_subsys/u_ibuf/cnt_q_reg[4]_3.  Did not re-place instance u_soc/Core_cpu/u_ifu_subsys/u_ibuf/id_have_inst_i_2
INFO: [Physopt 32-662] Processed net u_soc/Core_cpu/u_ifu_subsys/u_ibuf/p_0_in__0[87].  Did not re-place instance u_soc/Core_cpu/u_ifu_subsys/u_ibuf/ent_q[6][87]_i_6
INFO: [Physopt 32-662] Processed net u_soc/Core_cpu/u_ifu_subsys/u_ibuf/ent_q[6][87]_i_3_n_0.  Did not re-place instance u_soc/Core_cpu/u_ifu_subsys/u_ibuf/ent_q[6][87]_i_3
INFO: [Physopt 32-662] Processed net u_soc/Core_cpu/u_ifu_subsys/u_ibuf/ent_q[6][95]_i_4_n_0.  Did not re-place instance u_soc/Core_cpu/u_ifu_subsys/u_ibuf/ent_q[6][95]_i_4
INFO: [Physopt 32-662] Processed net u_soc/Core_cpu/u_ifu_subsys/u_ibuf/ent_q[1][87]_i_1_n_0.  Did not re-place instance u_soc/Core_cpu/u_ifu_subsys/u_ibuf/ent_q[1][87]_i_1
INFO: [Physopt 32-662] Processed net u_soc/Core_cpu/u_ifu_subsys/u_ibuf/ent_q[1][87]_i_2_n_0.  Did not re-place instance u_soc/Core_cpu/u_ifu_subsys/u_ibuf/ent_q[1][87]_i_2
INFO: [Physopt 32-662] Processed net u_soc/Core_cpu/u_ifu_subsys/u_ibuf/ent_q_reg[1]_24[87].  Did not re-place instance u_soc/Core_cpu/u_ifu_subsys/u_ibuf/ent_q_reg[1][87]
INFO: [Physopt 32-662] Processed net u_soc/Core_cpu/u_ifu_subsys/g_tage.u_tage/q_row_idx_reg[3]_5[3].  Did not re-place instance u_soc/Core_cpu/u_ifu_subsys/g_tage.u_tage/q_row_idx_reg[3][3]
INFO: [Physopt 32-662] Processed net u_soc/Core_cpu/u_ifu_subsys/u_btb/cnt_q_reg[3].  Did not re-place instance u_soc/Core_cpu/u_ifu_subsys/u_btb/cnt_q[0]_i_4
INFO: [Physopt 32-662] Processed net u_soc/Core_cpu/u_ifu_subsys/u_btb/want_cnt_raw[0].  Did not re-place instance u_soc/Core_cpu/u_ifu_subsys/u_btb/cnt_q[0]_i_12
INFO: [Physopt 32-662] Processed net u_soc/Core_cpu/u_ifu_subsys/u_ibuf/ent_q[5][87]_i_1_n_0.  Did not re-place instance u_soc/Core_cpu/u_ifu_subsys/u_ibuf/ent_q[5][87]_i_1
INFO: [Physopt 32-662] Processed net u_soc/Core_cpu/u_ifu_subsys/u_ibuf/ent_q[5][87]_i_2_n_0.  Did not re-place instance u_soc/Core_cpu/u_ifu_subsys/u_ibuf/ent_q[5][87]_i_2
INFO: [Physopt 32-662] Processed net u_soc/Core_cpu/u_ifu_subsys/u_ibuf/row_index_w2_return[3].  Did not re-place instance u_soc/Core_cpu/u_ifu_subsys/u_ibuf/q_row_idx[3][3]_i_1
INFO: [Physopt 32-662] Processed net u_soc/Core_cpu/u_ifu_subsys/u_ibuf/ent_q_reg[5]_20[87].  Did not re-place instance u_soc/Core_cpu/u_ifu_subsys/u_ibuf/ent_q_reg[5][87]
INFO: [Physopt 32-662] Processed net u_soc/Core_cpu/u_ifu_subsys/g_tage.u_tage/ent_q[6][150]_i_60_n_0.  Did not re-place instance u_soc/Core_cpu/u_ifu_subsys/g_tage.u_tage/ent_q[6][150]_i_60
INFO: [Physopt 32-662] Processed net u_soc/Core_cpu/u_ifu_subsys/u_ibuf/D[7].  Did not re-place instance u_soc/Core_cpu/u_ifu_subsys/u_ibuf/ghr_q[9]_i_1
INFO: [Physopt 32-662] Processed net u_soc/Core_cpu/u_ifu_subsys/u_ibuf/ghr_q[9]_i_2_n_0.  Did not re-place instance u_soc/Core_cpu/u_ifu_subsys/u_ibuf/ghr_q[9]_i_2
INFO: [Physopt 32-662] Processed net u_soc/Core_cpu/u_ifu_subsys/g_tage.u_tage/q_row_idx_reg[3]_5[2].  Did not re-place instance u_soc/Core_cpu/u_ifu_subsys/g_tage.u_tage/q_row_idx_reg[3][2]
INFO: [Physopt 32-662] Processed net u_soc/Core_cpu/u_ifu_subsys/u_ibuf/D[1].  Did not re-place instance u_soc/Core_cpu/u_ifu_subsys/u_ibuf/ghr_q[2]_i_1
INFO: [Physopt 32-662] Processed net u_soc/Core_cpu/u_ifu_subsys/u_ibuf/q_row_idx[1][2]_i_3_n_0.  Did not re-place instance u_soc/Core_cpu/u_ifu_subsys/u_ibuf/q_row_idx[1][2]_i_3
INFO: [Physopt 32-662] Processed net u_soc/Core_cpu/u_ifu_subsys/u_ibuf/row_index_w2_return[2].  Did not re-place instance u_soc/Core_cpu/u_ifu_subsys/u_ibuf/q_row_idx[3][2]_i_1
INFO: [Physopt 32-662] Processed net u_soc/Core_cpu/u_ifu_subsys/g_tage.u_tage/id_bht_chk[22]_i_35_n_0.  Did not re-place instance u_soc/Core_cpu/u_ifu_subsys/g_tage.u_tage/id_bht_chk[22]_i_35
INFO: [Physopt 32-662] Processed net u_soc/Core_cpu/u_ifu_subsys/u_btb/q_tag_q_reg[3]_0.  Did not re-place instance u_soc/Core_cpu/u_ifu_subsys/u_btb/ent_q[6][150]_i_42
INFO: [Physopt 32-662] Processed net u_soc/Core_cpu/u_ifu_subsys/g_tage.u_tage/id_bht_chk[22]_i_17_n_0.  Did not re-place instance u_soc/Core_cpu/u_ifu_subsys/g_tage.u_tage/id_bht_chk[22]_i_17
INFO: [Physopt 32-662] Processed net u_soc/Core_cpu/u_ifu_subsys/g_tage.u_tage/id_bht_chk[22]_i_8_n_0.  Did not re-place instance u_soc/Core_cpu/u_ifu_subsys/g_tage.u_tage/id_bht_chk[22]_i_8
INFO: [Physopt 32-662] Processed net u_soc/Core_cpu/u_ifu_subsys/u_btb/want_cnt_raw[1].  Did not re-place instance u_soc/Core_cpu/u_ifu_subsys/u_btb/cnt_q[0]_i_11
INFO: [Physopt 32-662] Processed net u_soc/Core_cpu/u_ifu_subsys/u_btb/cnt_q_reg[3]_0.  Did not re-place instance u_soc/Core_cpu/u_ifu_subsys/u_btb/q_t0_idx[0]_i_10
INFO: [Physopt 32-662] Processed net u_soc/Core_cpu/u_ifu_subsys/u_btb/want_cnt_raw[2].  Did not re-place instance u_soc/Core_cpu/u_ifu_subsys/u_btb/cnt_q[0]_i_13
INFO: [Physopt 32-662] Processed net u_soc/Core_cpu/u_ifu_subsys/u_ibuf/ghr_q[10]_i_2_n_0.  Did not re-place instance u_soc/Core_cpu/u_ifu_subsys/u_ibuf/ghr_q[10]_i_2
INFO: [Physopt 32-662] Processed net u_soc/Core_cpu/u_ifu_subsys/g_tage.u_tage/id_bht_chk[22]_i_27_n_0.  Did not re-place instance u_soc/Core_cpu/u_ifu_subsys/g_tage.u_tage/id_bht_chk[22]_i_27
INFO: [Physopt 32-662] Processed net u_soc/Core_cpu/u_ifu_subsys/g_tage.u_tage/id_bht_chk[22]_i_14_n_0.  Did not re-place instance u_soc/Core_cpu/u_ifu_subsys/g_tage.u_tage/id_bht_chk[22]_i_14
INFO: [Physopt 32-662] Processed net u_soc/Core_cpu/u_ifu_subsys/g_tage.u_tage/ent_q[6][150]_i_27_n_0.  Did not re-place instance u_soc/Core_cpu/u_ifu_subsys/g_tage.u_tage/ent_q[6][150]_i_27
INFO: [Physopt 32-662] Processed net u_soc/Core_cpu/u_ifu_subsys/g_tage.u_tage/q_row_tag_reg[3]_16[3].  Did not re-place instance u_soc/Core_cpu/u_ifu_subsys/g_tage.u_tage/q_row_tag_reg[3][3]
INFO: [Physopt 32-662] Processed net u_soc/Core_cpu/u_ifu_subsys/u_ibuf/rst_cpu_reg_rep__14[3].  Did not re-place instance u_soc/Core_cpu/u_ifu_subsys/u_ibuf/q_row_tag[3][3]_i_1
INFO: [Physopt 32-662] Processed net u_soc/Core_cpu/u_ifu_subsys/u_btb/next_pc[1].  Did not re-place instance u_soc/Core_cpu/u_ifu_subsys/u_btb/q_t0_idx[1]_i_1
INFO: [Physopt 32-662] Processed net u_soc/Core_cpu/u_ifu_subsys/u_ibuf/p_0_in__0[84].  Did not re-place instance u_soc/Core_cpu/u_ifu_subsys/u_ibuf/ent_q[6][84]_i_6
INFO: [Physopt 32-662] Processed net u_soc/Core_cpu/u_ifu_subsys/u_ibuf/ent_q[7][84]_i_1_n_0.  Did not re-place instance u_soc/Core_cpu/u_ifu_subsys/u_ibuf/ent_q[7][84]_i_1
INFO: [Physopt 32-662] Processed net u_soc/Core_cpu/u_ifu_subsys/u_ibuf/ent_q[7][84]_i_2_n_0.  Did not re-place instance u_soc/Core_cpu/u_ifu_subsys/u_ibuf/ent_q[7][84]_i_2
INFO: [Physopt 32-662] Processed net u_soc/Core_cpu/u_ifu_subsys/u_ibuf/ent_q[84].  Did not re-place instance u_soc/Core_cpu/u_ifu_subsys/u_ibuf/ent_q[7][84]_i_3
INFO: [Physopt 32-662] Processed net u_soc/Core_cpu/u_ifu_subsys/u_ibuf/ent_q_reg[7]_26[84].  Did not re-place instance u_soc/Core_cpu/u_ifu_subsys/u_ibuf/ent_q_reg[7][84]
INFO: [Physopt 32-662] Processed net u_soc/Core_cpu/u_ifu_subsys/g_tage.u_tage/q_pc_q_reg[2]_rep.  Did not re-place instance u_soc/Core_cpu/u_ifu_subsys/g_tage.u_tage/q_row_idx[1][2]_i_6
INFO: [Physopt 32-662] Processed net u_soc/Core_cpu/u_ifu_subsys/u_ibuf/q_row_idx[1][2]_i_2_n_0.  Did not re-place instance u_soc/Core_cpu/u_ifu_subsys/u_ibuf/q_row_idx[1][2]_i_2
INFO: [Physopt 32-662] Processed net u_soc/Core_cpu/u_ifu_subsys/g_tage.u_tage/id_bht_chk[22]_i_16_n_0.  Did not re-place instance u_soc/Core_cpu/u_ifu_subsys/g_tage.u_tage/id_bht_chk[22]_i_16
INFO: [Physopt 32-662] Processed net u_soc/Core_cpu/u_ifu_subsys/g_tage.u_tage/ent_q[6][150]_i_54_n_0.  Did not re-place instance u_soc/Core_cpu/u_ifu_subsys/g_tage.u_tage/ent_q[6][150]_i_54
INFO: [Physopt 32-662] Processed net u_soc/Core_cpu/u_ifu_subsys/g_tage.u_tage/id_bht_chk[22]_i_24_n_0.  Did not re-place instance u_soc/Core_cpu/u_ifu_subsys/g_tage.u_tage/id_bht_chk[22]_i_24
INFO: [Physopt 32-662] Processed net u_soc/Core_cpu/u_ifu_subsys/g_tage.u_tage/ent_q[6][150]_i_63_n_0.  Did not re-place instance u_soc/Core_cpu/u_ifu_subsys/g_tage.u_tage/ent_q[6][150]_i_63
INFO: [Physopt 32-662] Processed net u_soc/Core_cpu/u_ifu_subsys/g_tage.u_tage/ent_q[6][150]_i_50_n_0.  Did not re-place instance u_soc/Core_cpu/u_ifu_subsys/g_tage.u_tage/ent_q[6][150]_i_50
INFO: [Physopt 32-662] Processed net u_soc/Core_cpu/u_ifu_subsys/u_ibuf/p_0_in__0[59].  Did not re-place instance u_soc/Core_cpu/u_ifu_subsys/u_ibuf/ent_q[6][59]_i_5
INFO: [Physopt 32-662] Processed net u_soc/Core_cpu/u_ifu_subsys/u_ibuf/ent_q[6][59]_i_3_n_0.  Did not re-place instance u_soc/Core_cpu/u_ifu_subsys/u_ibuf/ent_q[6][59]_i_3
INFO: [Physopt 32-662] Processed net u_soc/Core_cpu/u_ifu_subsys/u_ibuf/ent_q[0][59]_i_1_n_0.  Did not re-place instance u_soc/Core_cpu/u_ifu_subsys/u_ibuf/ent_q[0][59]_i_1
INFO: [Physopt 32-662] Processed net u_soc/Core_cpu/u_ifu_subsys/u_ibuf/ent_q[0][59]_i_2_n_0.  Did not re-place instance u_soc/Core_cpu/u_ifu_subsys/u_ibuf/ent_q[0][59]_i_2
INFO: [Physopt 32-662] Processed net u_soc/Core_cpu/u_ifu_subsys/u_ibuf/ent_q_reg[0]_25[59].  Did not re-place instance u_soc/Core_cpu/u_ifu_subsys/u_ibuf/ent_q_reg[0][59]
INFO: [Physopt 32-662] Processed net u_soc/Core_cpu/u_ifu_subsys/u_ibuf/p_0_in__0[47].  Did not re-place instance u_soc/Core_cpu/u_ifu_subsys/u_ibuf/ent_q[6][47]_i_5
INFO: [Physopt 32-662] Processed net u_soc/Core_cpu/u_ifu_subsys/u_ibuf/ent_q[6][47]_i_3_n_0.  Did not re-place instance u_soc/Core_cpu/u_ifu_subsys/u_ibuf/ent_q[6][47]_i_3
INFO: [Physopt 32-662] Processed net u_soc/Core_cpu/u_ifu_subsys/u_ibuf/ent_q[6][47]_i_2_n_0.  Did not re-place instance u_soc/Core_cpu/u_ifu_subsys/u_ibuf/ent_q[6][47]_i_2
INFO: [Physopt 32-662] Processed net u_soc/Core_cpu/u_ifu_subsys/u_ibuf/p_1_in[47].  Did not re-place instance u_soc/Core_cpu/u_ifu_subsys/u_ibuf/ent_q[6][47]_i_1
INFO: [Physopt 32-662] Processed net u_soc/Core_cpu/u_ifu_subsys/u_ibuf/ent_q_reg[6]_19[47].  Did not re-place instance u_soc/Core_cpu/u_ifu_subsys/u_ibuf/ent_q_reg[6][47]
INFO: [Physopt 32-662] Processed net u_soc/Core_cpu/u_ifu_subsys/u_ibuf/ent_q[1][47]_i_1_n_0.  Did not re-place instance u_soc/Core_cpu/u_ifu_subsys/u_ibuf/ent_q[1][47]_i_1
INFO: [Physopt 32-662] Processed net u_soc/Core_cpu/u_ifu_subsys/u_ibuf/ent_q[1][47]_i_2_n_0.  Did not re-place instance u_soc/Core_cpu/u_ifu_subsys/u_ibuf/ent_q[1][47]_i_2
INFO: [Physopt 32-662] Processed net u_soc/Core_cpu/u_ifu_subsys/u_ibuf/ent_q_reg[1]_24[47].  Did not re-place instance u_soc/Core_cpu/u_ifu_subsys/u_ibuf/ent_q_reg[1][47]
INFO: [Physopt 32-662] Processed net u_soc/Core_cpu/u_ifu_subsys/u_ibuf/p_0_in__0[86].  Did not re-place instance u_soc/Core_cpu/u_ifu_subsys/u_ibuf/ent_q[6][86]_i_7
INFO: [Physopt 32-662] Processed net u_soc/Core_cpu/u_ifu_subsys/u_ibuf/ent_q[6][86]_i_4_n_0.  Did not re-place instance u_soc/Core_cpu/u_ifu_subsys/u_ibuf/ent_q[6][86]_i_4
INFO: [Physopt 32-662] Processed net u_soc/Core_cpu/u_ifu_subsys/u_ibuf/ent_q[2][86]_i_1_n_0.  Did not re-place instance u_soc/Core_cpu/u_ifu_subsys/u_ibuf/ent_q[2][86]_i_1
INFO: [Physopt 32-662] Processed net u_soc/Core_cpu/u_ifu_subsys/u_ibuf/ent_q[2][86]_i_2_n_0.  Did not re-place instance u_soc/Core_cpu/u_ifu_subsys/u_ibuf/ent_q[2][86]_i_2
INFO: [Physopt 32-662] Processed net u_soc/Core_cpu/u_ifu_subsys/u_ibuf/ent_q_reg[2]_23[86].  Did not re-place instance u_soc/Core_cpu/u_ifu_subsys/u_ibuf/ent_q_reg[2][86]
INFO: [Physopt 32-662] Processed net u_soc/Core_cpu/u_ifu_subsys/u_ibuf/ent_q[6][84]_i_3_n_0.  Did not re-place instance u_soc/Core_cpu/u_ifu_subsys/u_ibuf/ent_q[6][84]_i_3
INFO: [Physopt 32-662] Processed net u_soc/Core_cpu/u_ifu_subsys/u_btb/next_pc[4].  Did not re-place instance u_soc/Core_cpu/u_ifu_subsys/u_btb/q_row_idx[0][4]_i_1
INFO: [Physopt 32-662] Processed net u_soc/Core_cpu/u_ifu_subsys/u_ibuf/S[0].  Did not re-place instance u_soc/Core_cpu/u_ifu_subsys/u_ibuf/q_t0_idx[0]_i_7
INFO: [Physopt 32-662] Processed net u_soc/Core_cpu/u_ifu_subsys/u_ibuf/ent_q[7][87]_i_1_n_0.  Did not re-place instance u_soc/Core_cpu/u_ifu_subsys/u_ibuf/ent_q[7][87]_i_1
INFO: [Physopt 32-662] Processed net u_soc/Core_cpu/u_ifu_subsys/u_ibuf/ent_q[7][87]_i_2_n_0.  Did not re-place instance u_soc/Core_cpu/u_ifu_subsys/u_ibuf/ent_q[7][87]_i_2
INFO: [Physopt 32-662] Processed net u_soc/Core_cpu/u_ifu_subsys/u_ibuf/ent_q_reg[7]_26[87].  Did not re-place instance u_soc/Core_cpu/u_ifu_subsys/u_ibuf/ent_q_reg[7][87]
INFO: [Physopt 32-662] Processed net u_soc/Core_cpu/u_ifu_subsys/g_tage.u_tage/q_row_idx_reg[1]_0[2].  Did not re-place instance u_soc/Core_cpu/u_ifu_subsys/g_tage.u_tage/q_row_idx_reg[1][2]
INFO: [Physopt 32-662] Processed net u_soc/Core_cpu/u_ifu_subsys/u_ibuf/rst_cpu_reg_rep__14[4].  Did not re-place instance u_soc/Core_cpu/u_ifu_subsys/u_ibuf/q_row_tag[3][4]_i_1
INFO: [Physopt 32-662] Processed net u_soc/Core_cpu/u_ifu_subsys/g_tage.u_tage/q_row_tag_reg[3]_16[4].  Did not re-place instance u_soc/Core_cpu/u_ifu_subsys/g_tage.u_tage/q_row_tag_reg[3][4]
INFO: [Physopt 32-662] Processed net u_soc/Core_cpu/u_ifu_subsys/g_tage.u_tage/dir_pred[1].  Did not re-place instance u_soc/Core_cpu/u_ifu_subsys/g_tage.u_tage/ent_q[6][150]_i_8
INFO: [Physopt 32-662] Processed net u_soc/Core_cpu/u_ifu_subsys/g_tage.u_tage/p_0_in11_in.  Did not re-place instance u_soc/Core_cpu/u_ifu_subsys/g_tage.u_tage/q_t0_idx[1]_i_16
INFO: [Physopt 32-662] Processed net u_soc/Core_cpu/u_ifu_subsys/g_tage.u_tage/ent_q[6][150]_i_35_n_0.  Did not re-place instance u_soc/Core_cpu/u_ifu_subsys/g_tage.u_tage/ent_q[6][150]_i_35
INFO: [Physopt 32-662] Processed net u_soc/Core_cpu/u_ifu_subsys/g_tage.u_tage/ent_q[6][150]_i_22_n_0.  Did not re-place instance u_soc/Core_cpu/u_ifu_subsys/g_tage.u_tage/ent_q[6][150]_i_22
INFO: [Physopt 32-662] Processed net u_soc/Core_cpu/u_ifu_subsys/g_tage.u_tage/id_bht_chk[22]_i_13_n_0.  Did not re-place instance u_soc/Core_cpu/u_ifu_subsys/g_tage.u_tage/id_bht_chk[22]_i_13
INFO: [Physopt 32-662] Processed net u_soc/Core_cpu/u_ifu_subsys/g_tage.u_tage/ent_q[6][150]_i_55_n_0.  Did not re-place instance u_soc/Core_cpu/u_ifu_subsys/g_tage.u_tage/ent_q[6][150]_i_55
INFO: [Physopt 32-662] Processed net u_soc/Core_cpu/u_ifu_subsys/g_tage.u_tage/id_bht_chk[22]_i_44_n_0.  Did not re-place instance u_soc/Core_cpu/u_ifu_subsys/g_tage.u_tage/id_bht_chk[22]_i_44
INFO: [Physopt 32-662] Processed net u_soc/Core_cpu/u_ifu_subsys/g_tage.u_tage/ent_q[6][150]_i_48_n_0.  Did not re-place instance u_soc/Core_cpu/u_ifu_subsys/g_tage.u_tage/ent_q[6][150]_i_48
INFO: [Physopt 32-662] Processed net u_soc/Core_cpu/u_ifu_subsys/u_ibuf/p_0_in__0[56].  Did not re-place instance u_soc/Core_cpu/u_ifu_subsys/u_ibuf/ent_q[6][56]_i_6
INFO: [Physopt 32-662] Processed net u_soc/Core_cpu/u_ifu_subsys/u_ibuf/ent_q[6][56]_i_4_n_0.  Did not re-place instance u_soc/Core_cpu/u_ifu_subsys/u_ibuf/ent_q[6][56]_i_4
INFO: [Physopt 32-662] Processed net u_soc/Core_cpu/u_ifu_subsys/u_ibuf/ent_q[5][56]_i_1_n_0.  Did not re-place instance u_soc/Core_cpu/u_ifu_subsys/u_ibuf/ent_q[5][56]_i_1
INFO: [Physopt 32-662] Processed net u_soc/Core_cpu/u_ifu_subsys/u_ibuf/ent_q[5][56]_i_2_n_0.  Did not re-place instance u_soc/Core_cpu/u_ifu_subsys/u_ibuf/ent_q[5][56]_i_2
INFO: [Physopt 32-662] Processed net u_soc/Core_cpu/u_ifu_subsys/u_ibuf/ent_q_reg[5]_20[56].  Did not re-place instance u_soc/Core_cpu/u_ifu_subsys/u_ibuf/ent_q_reg[5][56]
INFO: [Physopt 32-662] Processed net u_soc/Core_cpu/u_ifu_subsys/u_ibuf/p_0_in__0[83].  Did not re-place instance u_soc/Core_cpu/u_ifu_subsys/u_ibuf/ent_q[6][83]_i_6
INFO: [Physopt 32-662] Processed net u_soc/Core_cpu/u_ifu_subsys/u_ibuf/ent_q[6][83]_i_3_n_0.  Did not re-place instance u_soc/Core_cpu/u_ifu_subsys/u_ibuf/ent_q[6][83]_i_3
INFO: [Physopt 32-662] Processed net u_soc/Core_cpu/u_ifu_subsys/u_ibuf/ent_q[0][83]_i_1_n_0.  Did not re-place instance u_soc/Core_cpu/u_ifu_subsys/u_ibuf/ent_q[0][83]_i_1
INFO: [Physopt 32-662] Processed net u_soc/Core_cpu/u_ifu_subsys/u_ibuf/ent_q[0][83]_i_2_n_0.  Did not re-place instance u_soc/Core_cpu/u_ifu_subsys/u_ibuf/ent_q[0][83]_i_2
INFO: [Physopt 32-662] Processed net u_soc/Core_cpu/u_ifu_subsys/u_ibuf/ent_q_reg[0]_25[83].  Did not re-place instance u_soc/Core_cpu/u_ifu_subsys/u_ibuf/ent_q_reg[0][83]
INFO: [Physopt 32-662] Processed net u_soc/Core_cpu/u_ifu_subsys/u_btb/next_pc[2].  Did not re-place instance u_soc/Core_cpu/u_ifu_subsys/u_btb/q_row_idx[0][2]_i_1
INFO: [Physopt 32-662] Processed net u_soc/Core_cpu/u_ifu_subsys/g_tage.u_tage/q_row_idx_reg[2]_4[1].  Did not re-place instance u_soc/Core_cpu/u_ifu_subsys/g_tage.u_tage/q_row_idx_reg[2][1]
INFO: [Physopt 32-662] Processed net u_soc/Core_cpu/u_ifu_subsys/g_tage.u_tage/id_bht_chk[22]_i_37_n_0.  Did not re-place instance u_soc/Core_cpu/u_ifu_subsys/g_tage.u_tage/id_bht_chk[22]_i_37
INFO: [Physopt 32-662] Processed net u_soc/Core_cpu/u_ifu_subsys/u_ibuf/ent_q[6][84]_i_2_n_0.  Did not re-place instance u_soc/Core_cpu/u_ifu_subsys/u_ibuf/ent_q[6][84]_i_2
INFO: [Physopt 32-662] Processed net u_soc/Core_cpu/u_ifu_subsys/u_ibuf/iu_red_ghr_q_reg[7]_0[1].  Did not re-place instance u_soc/Core_cpu/u_ifu_subsys/u_ibuf/q_row_idx[2][1]_i_1
INFO: [Physopt 32-662] Processed net u_soc/Core_cpu/u_ifu_subsys/u_ibuf/p_1_in[84].  Did not re-place instance u_soc/Core_cpu/u_ifu_subsys/u_ibuf/ent_q[6][84]_i_1
INFO: [Physopt 32-662] Processed net u_soc/Core_cpu/u_ifu_subsys/u_ibuf/ent_q_reg[6]_19[84].  Did not re-place instance u_soc/Core_cpu/u_ifu_subsys/u_ibuf/ent_q_reg[6][84]
INFO: [Physopt 32-662] Processed net u_soc/Core_cpu/u_ifu_subsys/g_tage.u_tage/ent_q[6][150]_i_25_n_0.  Did not re-place instance u_soc/Core_cpu/u_ifu_subsys/g_tage.u_tage/ent_q[6][150]_i_25
INFO: [Physopt 32-662] Processed net u_soc/Core_cpu/u_ifu_subsys/g_tage.u_tage/ent_q[6][150]_i_47_n_0.  Did not re-place instance u_soc/Core_cpu/u_ifu_subsys/g_tage.u_tage/ent_q[6][150]_i_47
INFO: [Physopt 32-662] Processed net u_soc/Core_cpu/u_ifu_subsys/u_ibuf/ent_q[393].  Did not re-place instance u_soc/Core_cpu/u_ifu_subsys/u_ibuf/ent_q[5][87]_i_3
INFO: [Physopt 32-662] Processed net u_soc/Core_cpu/u_ifu_subsys/g_tage.u_tage/id_bht_chk[22]_i_38_n_0.  Did not re-place instance u_soc/Core_cpu/u_ifu_subsys/g_tage.u_tage/id_bht_chk[22]_i_38
INFO: [Physopt 32-662] Processed net u_soc/Core_cpu/u_ifu_subsys/u_ibuf/p_0_in__0[58].  Did not re-place instance u_soc/Core_cpu/u_ifu_subsys/u_ibuf/ent_q[6][58]_i_5
INFO: [Physopt 32-662] Processed net u_soc/Core_cpu/u_ifu_subsys/u_ibuf/ent_q[6][58]_i_3_n_0.  Did not re-place instance u_soc/Core_cpu/u_ifu_subsys/u_ibuf/ent_q[6][58]_i_3
INFO: [Physopt 32-662] Processed net u_soc/Core_cpu/u_ifu_subsys/g_tage.u_tage/ent_q[6][150]_i_45_n_0.  Did not re-place instance u_soc/Core_cpu/u_ifu_subsys/g_tage.u_tage/ent_q[6][150]_i_45
INFO: [Physopt 32-662] Processed net u_soc/Core_cpu/u_ifu_subsys/g_tage.u_tage/id_bht_chk[22]_i_21_n_0.  Did not re-place instance u_soc/Core_cpu/u_ifu_subsys/g_tage.u_tage/id_bht_chk[22]_i_21
INFO: [Physopt 32-662] Processed net u_soc/Core_cpu/u_ifu_subsys/u_ibuf/ent_q[7][58]_i_1_n_0.  Did not re-place instance u_soc/Core_cpu/u_ifu_subsys/u_ibuf/ent_q[7][58]_i_1
INFO: [Physopt 32-662] Processed net u_soc/Core_cpu/u_ifu_subsys/u_ibuf/ent_q[7][58]_i_2_n_0.  Did not re-place instance u_soc/Core_cpu/u_ifu_subsys/u_ibuf/ent_q[7][58]_i_2
INFO: [Physopt 32-662] Processed net u_soc/Core_cpu/u_ifu_subsys/u_ibuf/ent_q_reg[7]_26[58].  Did not re-place instance u_soc/Core_cpu/u_ifu_subsys/u_ibuf/ent_q_reg[7][58]
INFO: [Physopt 32-662] Processed net u_soc/Core_cpu/u_ifu_subsys/u_ibuf/p_0_in__0[46].  Did not re-place instance u_soc/Core_cpu/u_ifu_subsys/u_ibuf/ent_q[6][46]_i_5
INFO: [Physopt 32-662] Processed net u_soc/Core_cpu/u_ifu_subsys/u_ibuf/ent_q[6][46]_i_3_n_0.  Did not re-place instance u_soc/Core_cpu/u_ifu_subsys/u_ibuf/ent_q[6][46]_i_3
INFO: [Physopt 32-662] Processed net u_soc/Core_cpu/u_ifu_subsys/u_ibuf/ent_q[5][46]_i_1_n_0.  Did not re-place instance u_soc/Core_cpu/u_ifu_subsys/u_ibuf/ent_q[5][46]_i_1
INFO: [Physopt 32-662] Processed net u_soc/Core_cpu/u_ifu_subsys/u_ibuf/ent_q[5][46]_i_2_n_0.  Did not re-place instance u_soc/Core_cpu/u_ifu_subsys/u_ibuf/ent_q[5][46]_i_2
INFO: [Physopt 32-662] Processed net u_soc/Core_cpu/u_ifu_subsys/u_ibuf/ent_q_reg[5]_20[46].  Did not re-place instance u_soc/Core_cpu/u_ifu_subsys/u_ibuf/ent_q_reg[5][46]
INFO: [Physopt 32-662] Processed net u_soc/Core_cpu/u_ifu_subsys/g_tage.u_tage/ent_q[6][150]_i_62_n_0.  Did not re-place instance u_soc/Core_cpu/u_ifu_subsys/g_tage.u_tage/ent_q[6][150]_i_62
INFO: [Physopt 32-662] Processed net u_soc/Core_cpu/u_ifu_subsys/g_tage.u_tage/ent_q[6][150]_i_64_n_0.  Did not re-place instance u_soc/Core_cpu/u_ifu_subsys/g_tage.u_tage/ent_q[6][150]_i_64
INFO: [Physopt 32-662] Processed net u_soc/Core_cpu/u_ifu_subsys/u_ibuf/ent_q[237].  Did not re-place instance u_soc/Core_cpu/u_ifu_subsys/u_ibuf/ent_q[6][84]_i_5
INFO: [Physopt 32-662] Processed net u_soc/Core_cpu/u_ifu_subsys/u_ibuf/ent_q[0][47]_i_1_n_0.  Did not re-place instance u_soc/Core_cpu/u_ifu_subsys/u_ibuf/ent_q[0][47]_i_1
INFO: [Physopt 32-662] Processed net u_soc/Core_cpu/u_ifu_subsys/u_ibuf/ent_q[0][47]_i_2_n_0.  Did not re-place instance u_soc/Core_cpu/u_ifu_subsys/u_ibuf/ent_q[0][47]_i_2
INFO: [Physopt 32-662] Processed net u_soc/Core_cpu/u_ifu_subsys/u_ibuf/ent_q[3][84]_i_1_n_0.  Did not re-place instance u_soc/Core_cpu/u_ifu_subsys/u_ibuf/ent_q[3][84]_i_1
INFO: [Physopt 32-662] Processed net u_soc/Core_cpu/u_ifu_subsys/u_ibuf/ent_q[3][84]_i_2_n_0.  Did not re-place instance u_soc/Core_cpu/u_ifu_subsys/u_ibuf/ent_q[3][84]_i_2
INFO: [Physopt 32-662] Processed net u_soc/Core_cpu/u_ifu_subsys/u_ibuf/ent_q[4][83]_i_1_n_0.  Did not re-place instance u_soc/Core_cpu/u_ifu_subsys/u_ibuf/ent_q[4][83]_i_1
INFO: [Physopt 32-662] Processed net u_soc/Core_cpu/u_ifu_subsys/u_ibuf/ent_q[4][83]_i_2_n_0.  Did not re-place instance u_soc/Core_cpu/u_ifu_subsys/u_ibuf/ent_q[4][83]_i_2
INFO: [Physopt 32-662] Processed net u_soc/Core_cpu/u_ifu_subsys/u_ibuf/ent_q_reg[0]_25[47].  Did not re-place instance u_soc/Core_cpu/u_ifu_subsys/u_ibuf/ent_q_reg[0][47]
INFO: [Physopt 32-662] Processed net u_soc/Core_cpu/u_ifu_subsys/u_ibuf/ent_q_reg[3]_22[84].  Did not re-place instance u_soc/Core_cpu/u_ifu_subsys/u_ibuf/ent_q_reg[3][84]
INFO: [Physopt 32-662] Processed net u_soc/Core_cpu/u_ifu_subsys/u_ibuf/ent_q_reg[4]_21[83].  Did not re-place instance u_soc/Core_cpu/u_ifu_subsys/u_ibuf/ent_q_reg[4][83]
INFO: [Physopt 32-662] Processed net u_soc/Core_cpu/u_ifu_subsys/u_btb/q_t0_idx[1]_i_7_n_0.  Did not re-place instance u_soc/Core_cpu/u_ifu_subsys/u_btb/q_t0_idx[1]_i_7
INFO: [Physopt 32-662] Processed net u_soc/Core_cpu/u_ifu_subsys/u_ibuf/p_0_in__0[57].  Did not re-place instance u_soc/Core_cpu/u_ifu_subsys/u_ibuf/ent_q[6][57]_i_5
INFO: [Physopt 32-662] Processed net u_soc/Core_cpu/u_ifu_subsys/u_ibuf/ent_q[6][57]_i_3_n_0.  Did not re-place instance u_soc/Core_cpu/u_ifu_subsys/u_ibuf/ent_q[6][57]_i_3
INFO: [Physopt 32-662] Processed net u_soc/Core_cpu/u_ifu_subsys/u_ibuf/ent_q[4][57]_i_1_n_0.  Did not re-place instance u_soc/Core_cpu/u_ifu_subsys/u_ibuf/ent_q[4][57]_i_1
INFO: [Physopt 32-662] Processed net u_soc/Core_cpu/u_ifu_subsys/u_ibuf/ent_q[4][57]_i_2_n_0.  Did not re-place instance u_soc/Core_cpu/u_ifu_subsys/u_ibuf/ent_q[4][57]_i_2
INFO: [Physopt 32-662] Processed net u_soc/Core_cpu/u_ifu_subsys/u_ibuf/ent_q[5][84]_i_1_n_0.  Did not re-place instance u_soc/Core_cpu/u_ifu_subsys/u_ibuf/ent_q[5][84]_i_1
INFO: [Physopt 32-662] Processed net u_soc/Core_cpu/u_ifu_subsys/u_ibuf/ent_q[5][84]_i_2_n_0.  Did not re-place instance u_soc/Core_cpu/u_ifu_subsys/u_ibuf/ent_q[5][84]_i_2
INFO: [Physopt 32-662] Processed net u_soc/Core_cpu/u_ifu_subsys/u_ibuf/ent_q_reg[4]_21[57].  Did not re-place instance u_soc/Core_cpu/u_ifu_subsys/u_ibuf/ent_q_reg[4][57]
INFO: [Physopt 32-662] Processed net u_soc/Core_cpu/u_ifu_subsys/u_ibuf/ent_q_reg[5]_20[84].  Did not re-place instance u_soc/Core_cpu/u_ifu_subsys/u_ibuf/ent_q_reg[5][84]
INFO: [Physopt 32-662] Processed net u_soc/Core_cpu/u_ifu_subsys/u_ibuf/ent_q[7][47]_i_1_n_0.  Did not re-place instance u_soc/Core_cpu/u_ifu_subsys/u_ibuf/ent_q[7][47]_i_1
INFO: [Physopt 32-662] Processed net u_soc/Core_cpu/u_ifu_subsys/u_ibuf/ent_q[7][47]_i_2_n_0.  Did not re-place instance u_soc/Core_cpu/u_ifu_subsys/u_ibuf/ent_q[7][47]_i_2
INFO: [Physopt 32-662] Processed net u_soc/Core_cpu/u_ifu_subsys/u_ibuf/ent_q_reg[7]_26[47].  Did not re-place instance u_soc/Core_cpu/u_ifu_subsys/u_ibuf/ent_q_reg[7][47]
INFO: [Physopt 32-662] Processed net u_soc/Core_cpu/u_ifu_subsys/u_ibuf/p_0_in__0[131].  Did not re-place instance u_soc/Core_cpu/u_ifu_subsys/u_ibuf/ent_q[6][131]_i_5
INFO: [Physopt 32-662] Processed net u_soc/Core_cpu/u_ifu_subsys/u_ibuf/p_0_in__0[42].  Did not re-place instance u_soc/Core_cpu/u_ifu_subsys/u_ibuf/ent_q[6][42]_i_5
INFO: [Physopt 32-662] Processed net u_soc/Core_cpu/u_ifu_subsys/u_ibuf/p_0_in__0[88].  Did not re-place instance u_soc/Core_cpu/u_ifu_subsys/u_ibuf/ent_q[6][88]_i_7
INFO: [Physopt 32-662] Processed net u_soc/Core_cpu/u_ifu_subsys/u_ibuf/ent_q[6][131]_i_3_n_0.  Did not re-place instance u_soc/Core_cpu/u_ifu_subsys/u_ibuf/ent_q[6][131]_i_3
INFO: [Physopt 32-662] Processed net u_soc/Core_cpu/u_ifu_subsys/u_ibuf/ent_q[6][42]_i_3_n_0.  Did not re-place instance u_soc/Core_cpu/u_ifu_subsys/u_ibuf/ent_q[6][42]_i_3
INFO: [Physopt 32-662] Processed net u_soc/Core_cpu/u_ifu_subsys/u_ibuf/ent_q[6][88]_i_4_n_0.  Did not re-place instance u_soc/Core_cpu/u_ifu_subsys/u_ibuf/ent_q[6][88]_i_4
INFO: [Physopt 32-662] Processed net u_soc/Core_cpu/u_ifu_subsys/g_tage.u_tage/ent_q[6][150]_i_46_n_0.  Did not re-place instance u_soc/Core_cpu/u_ifu_subsys/g_tage.u_tage/ent_q[6][150]_i_46
INFO: [Physopt 32-662] Processed net u_soc/Core_cpu/u_ifu_subsys/u_ibuf/ent_q[2][131]_i_1_n_0.  Did not re-place instance u_soc/Core_cpu/u_ifu_subsys/u_ibuf/ent_q[2][131]_i_1
INFO: [Physopt 32-662] Processed net u_soc/Core_cpu/u_ifu_subsys/u_ibuf/ent_q[2][131]_i_2_n_0.  Did not re-place instance u_soc/Core_cpu/u_ifu_subsys/u_ibuf/ent_q[2][131]_i_2
INFO: [Physopt 32-662] Processed net u_soc/Core_cpu/u_ifu_subsys/u_ibuf/ent_q[6][42]_i_2_n_0.  Did not re-place instance u_soc/Core_cpu/u_ifu_subsys/u_ibuf/ent_q[6][42]_i_2
INFO: [Physopt 32-662] Processed net u_soc/Core_cpu/u_ifu_subsys/u_ibuf/ent_q[7][88]_i_1_n_0.  Did not re-place instance u_soc/Core_cpu/u_ifu_subsys/u_ibuf/ent_q[7][88]_i_1
INFO: [Physopt 32-662] Processed net u_soc/Core_cpu/u_ifu_subsys/u_ibuf/ent_q[7][88]_i_2_n_0.  Did not re-place instance u_soc/Core_cpu/u_ifu_subsys/u_ibuf/ent_q[7][88]_i_2
INFO: [Physopt 32-662] Processed net u_soc/Core_cpu/u_ifu_subsys/u_ibuf/p_1_in[42].  Did not re-place instance u_soc/Core_cpu/u_ifu_subsys/u_ibuf/ent_q[6][42]_i_1
INFO: [Physopt 32-662] Processed net u_soc/Core_cpu/u_ifu_subsys/u_ibuf/rst_cpu_reg_rep__14[1].  Did not re-place instance u_soc/Core_cpu/u_ifu_subsys/u_ibuf/q_row_tag[3][1]_i_1
INFO: [Physopt 32-662] Processed net u_soc/Core_cpu/u_ifu_subsys/u_ibuf/ent_q_reg[2]_23[131].  Did not re-place instance u_soc/Core_cpu/u_ifu_subsys/u_ibuf/ent_q_reg[2][131]
INFO: [Physopt 32-662] Processed net u_soc/Core_cpu/u_ifu_subsys/u_ibuf/ent_q_reg[6]_19[42].  Did not re-place instance u_soc/Core_cpu/u_ifu_subsys/u_ibuf/ent_q_reg[6][42]
INFO: [Physopt 32-662] Processed net u_soc/Core_cpu/u_ifu_subsys/u_ibuf/ent_q_reg[7]_26[88].  Did not re-place instance u_soc/Core_cpu/u_ifu_subsys/u_ibuf/ent_q_reg[7][88]
INFO: [Physopt 32-662] Processed net u_soc/Core_cpu/u_ifu_subsys/g_tage.u_tage/q_row_tag_reg[3]_16[1].  Did not re-place instance u_soc/Core_cpu/u_ifu_subsys/g_tage.u_tage/q_row_tag_reg[3][1]
INFO: [Physopt 32-662] Processed net u_soc/Core_cpu/u_ifu_subsys/u_ibuf/p_0_in__0[1].  Did not re-place instance u_soc/Core_cpu/u_ifu_subsys/u_ibuf/ent_q[6][1]_i_14
INFO: [Physopt 32-663] Processed net u_soc/Core_cpu/u_ifu_subsys/g_tage.u_tage/ent_q[6][150]_i_36_n_0.  Re-placed instance u_soc/Core_cpu/u_ifu_subsys/g_tage.u_tage/ent_q[6][150]_i_36
INFO: [Physopt 32-663] Processed net u_soc/Core_cpu/u_ifu_subsys/u_ibuf/ent_q[307].  Re-placed instance u_soc/Core_cpu/u_ifu_subsys/u_ibuf/ent_q[5][1]_i_3
INFO: [Physopt 32-662] Processed net u_soc/Core_cpu/u_ifu_subsys/u_ibuf/ent_q[4][131]_i_1_n_0.  Did not re-place instance u_soc/Core_cpu/u_ifu_subsys/u_ibuf/ent_q[4][131]_i_1
INFO: [Physopt 32-662] Processed net u_soc/Core_cpu/u_ifu_subsys/u_ibuf/ent_q[4][131]_i_2_n_0.  Did not re-place instance u_soc/Core_cpu/u_ifu_subsys/u_ibuf/ent_q[4][131]_i_2
INFO: [Physopt 32-662] Processed net u_soc/Core_cpu/u_ifu_subsys/u_ibuf/ent_q[590].  Did not re-place instance u_soc/Core_cpu/u_ifu_subsys/u_ibuf/ent_q[4][131]_i_3
INFO: [Physopt 32-662] Processed net u_soc/Core_cpu/u_ifu_subsys/u_ibuf/ent_q[5][1]_i_1_n_0.  Did not re-place instance u_soc/Core_cpu/u_ifu_subsys/u_ibuf/ent_q[5][1]_i_1
INFO: [Physopt 32-662] Processed net u_soc/Core_cpu/u_ifu_subsys/u_ibuf/ent_q[5][1]_i_2_n_0.  Did not re-place instance u_soc/Core_cpu/u_ifu_subsys/u_ibuf/ent_q[5][1]_i_2
INFO: [Physopt 32-662] Processed net u_soc/Core_cpu/u_ifu_subsys/u_ibuf/ent_q_reg[4]_21[131].  Did not re-place instance u_soc/Core_cpu/u_ifu_subsys/u_ibuf/ent_q_reg[4][131]
INFO: [Physopt 32-662] Processed net u_soc/Core_cpu/u_ifu_subsys/u_ibuf/ent_q_reg[5]_20[1].  Did not re-place instance u_soc/Core_cpu/u_ifu_subsys/u_ibuf/ent_q_reg[5][1]
INFO: [Physopt 32-662] Processed net u_soc/Core_cpu/u_ifu_subsys/u_ibuf/p_0_in__0[26].  Did not re-place instance u_soc/Core_cpu/u_ifu_subsys/u_ibuf/ent_q[6][26]_i_14
INFO: [Physopt 32-662] Processed net u_soc/Core_cpu/u_ifu_subsys/u_ibuf/ent_q[6][26]_i_7_n_0.  Did not re-place instance u_soc/Core_cpu/u_ifu_subsys/u_ibuf/ent_q[6][26]_i_7
INFO: [Physopt 32-662] Processed net u_soc/Core_cpu/u_ifu_subsys/u_icache/u_tag_way0/u_prim/ent_q[6][26]_i_12_n_0.  Did not re-place instance u_soc/Core_cpu/u_ifu_subsys/u_icache/u_tag_way0/u_prim/ent_q[6][26]_i_12
INFO: [Physopt 32-663] Processed net u_soc/Core_cpu/u_ifu_biu_mem/u_rom/u_prim/wr_data[90].  Re-placed instance u_soc/Core_cpu/u_ifu_biu_mem/u_rom/u_prim/mem_q_reg_1_i_14
INFO: [Physopt 32-662] Processed net u_soc/Core_cpu/u_ifu_subsys/u_icache/u_tag_way0/u_prim/ib_push0[26].  Did not re-place instance u_soc/Core_cpu/u_ifu_subsys/u_icache/u_tag_way0/u_prim/id_inst[26]_i_2
INFO: [Physopt 32-662] Processed net u_soc/Core_cpu/u_ifu_subsys/u_ibuf/ent_q[1][26]_i_1_n_0.  Did not re-place instance u_soc/Core_cpu/u_ifu_subsys/u_ibuf/ent_q[1][26]_i_1
INFO: [Physopt 32-662] Processed net u_soc/Core_cpu/u_ifu_subsys/u_ibuf/ent_q[1][26]_i_2_n_0.  Did not re-place instance u_soc/Core_cpu/u_ifu_subsys/u_ibuf/ent_q[1][26]_i_2
INFO: [Physopt 32-663] Processed net u_soc/Core_cpu/u_ifu_subsys/u_icache/u_tag_way0/u_prim/ent_q[6][26]_i_17_n_0.  Re-placed instance u_soc/Core_cpu/u_ifu_subsys/u_icache/u_tag_way0/u_prim/ent_q[6][26]_i_17
INFO: [Physopt 32-662] Processed net u_soc/Core_cpu/u_ifu_subsys/u_icache/u_tag_way0/u_prim/id_inst[26]_i_5_n_0.  Did not re-place instance u_soc/Core_cpu/u_ifu_subsys/u_icache/u_tag_way0/u_prim/id_inst[26]_i_5
INFO: [Physopt 32-662] Processed net u_soc/Core_cpu/u_ifu_subsys/u_ibuf/ent_q_reg[1]_24[26].  Did not re-place instance u_soc/Core_cpu/u_ifu_subsys/u_ibuf/ent_q_reg[1][26]
INFO: [Physopt 32-662] Processed net u_soc/Core_cpu/u_ifu_subsys/u_ibuf/p_0_in__0[85].  Did not re-place instance u_soc/Core_cpu/u_ifu_subsys/u_ibuf/ent_q[6][85]_i_6
INFO: [Physopt 32-662] Processed net u_soc/Core_cpu/u_ifu_subsys/u_ibuf/ent_q[6][85]_i_3_n_0.  Did not re-place instance u_soc/Core_cpu/u_ifu_subsys/u_ibuf/ent_q[6][85]_i_3
INFO: [Physopt 32-661] Optimized 4 nets.  Re-placed 4 instances.
INFO: [Physopt 32-775] End 1 Pass. Optimized 4 nets or cells. Created 0 new cell, deleted 0 existing cell and moved 4 existing cells
INFO: [Physopt 32-619] Estimated Timing Summary | WNS=-0.107 | TNS=-0.688 |
Netlist sorting complete. Time (s): cpu = 00:00:00 ; elapsed = 00:00:00.01 . Memory (MB): peak = 3513.953 ; gain = 0.000 ; free physical = 70794 ; free virtual = 952248
Phase 9 Single Cell Placement Optimization | Checksum: 1734e8435

Time (s): cpu = 00:02:09 ; elapsed = 00:00:31 . Memory (MB): peak = 3513.953 ; gain = 0.000 ; free physical = 70783 ; free virtual = 952237

Phase 10 Multi Cell Placement Optimization
INFO: [Physopt 32-660] Identified 100 candidate nets for placement-based optimization.
INFO: [Physopt 32-662] Processed net u_soc/Core_cpu/u_ifu_subsys/u_btb/btb_t1.  Did not re-place instance u_soc/Core_cpu/u_ifu_subsys/u_btb/id_pred_npc[31]_i_5/O
INFO: [Physopt 32-662] Processed net u_soc/Core_cpu/u_ifu_subsys/u_ibuf/ghr_cnt_return[0].  Did not re-place instance u_soc/Core_cpu/u_ifu_subsys/u_ibuf/ghr_q[13]_i_3/O
INFO: [Physopt 32-662] Processed net u_soc/Core_cpu/u_ifu_subsys/u_ibuf/p_2_in.  Did not re-place instance u_soc/Core_cpu/u_ifu_subsys/u_ibuf/q_row_idx[1][2]_i_7/O
INFO: [Physopt 32-662] Processed net u_soc/Core_cpu/u_ifu_subsys/g_tage.u_tage/ent_q[6][150]_i_61_n_0.  Did not re-place instance u_soc/Core_cpu/u_ifu_subsys/g_tage.u_tage/ent_q[6][150]_i_61/O
INFO: [Physopt 32-662] Processed net u_soc/Core_cpu/u_ifu_subsys/u_icache/u_tag_way1/u_prim/push_num[2].  Did not re-place instance u_soc/Core_cpu/u_ifu_subsys/u_icache/u_tag_way1/u_prim/cnt_q[4]_i_6/O
INFO: [Physopt 32-662] Processed net u_soc/Core_cpu/u_ifu_subsys/u_ibuf/cnt_q_reg[4]_0.  Did not re-place instance u_soc/Core_cpu/u_ifu_subsys/u_ibuf/cnt_q[4]_i_4/O
INFO: [Physopt 32-662] Processed net u_soc/Core_cpu/u_ifu_subsys/u_btb/taken_slot[0].  Did not re-place instance u_soc/Core_cpu/u_ifu_subsys/u_btb/cnt_q[0]_i_7/O
INFO: [Physopt 32-662] Processed net u_soc/Core_cpu/u_ifu_subsys/u_ibuf/iu_red_ghr_q_reg[7].  Did not re-place instance u_soc/Core_cpu/u_ifu_subsys/u_ibuf/q_row_idx[3][1]_i_2/O
INFO: [Physopt 32-662] Processed net u_soc/Core_cpu/u_ifu_subsys/g_tage.u_tage/init_done_q_reg_inv_0.  Did not re-place instance u_soc/Core_cpu/u_ifu_subsys/g_tage.u_tage/id_bht_chk[22]_i_4/O
INFO: [Physopt 32-662] Processed net u_soc/Core_cpu/u_ifu_subsys/g_tage.u_tage/id_bht_chk[22]_i_36_n_0.  Did not re-place instance u_soc/Core_cpu/u_ifu_subsys/g_tage.u_tage/id_bht_chk[22]_i_36/O
INFO: [Physopt 32-662] Processed net u_soc/Core_cpu/u_ifu_subsys/u_ibuf/q_row_idx[2][1]_i_2_n_0.  Did not re-place instance u_soc/Core_cpu/u_ifu_subsys/u_ibuf/q_row_idx[2][1]_i_2/O
INFO: [Physopt 32-662] Processed net u_soc/Core_cpu/u_ifu_subsys/g_tage.u_tage/id_bht_chk[22]_i_18_n_0.  Did not re-place instance u_soc/Core_cpu/u_ifu_subsys/g_tage.u_tage/id_bht_chk[22]_i_18/O
INFO: [Physopt 32-662] Processed net u_soc/Core_cpu/u_ifu_subsys/g_tage.u_tage/id_bht_chk[22]_i_9_n_0.  Did not re-place instance u_soc/Core_cpu/u_ifu_subsys/g_tage.u_tage/id_bht_chk[22]_i_9/O
INFO: [Physopt 32-662] Processed net u_soc/Core_cpu/u_ifu_subsys/u_ibuf/row_index_w2_return[1].  Did not re-place instance u_soc/Core_cpu/u_ifu_subsys/u_ibuf/q_row_idx[3][1]_i_1/O
INFO: [Physopt 32-662] Processed net u_soc/Core_cpu/u_ifu_subsys/u_ibuf/q_row_idx[2][1]_i_3_n_0.  Did not re-place instance u_soc/Core_cpu/u_ifu_subsys/u_ibuf/q_row_idx[2][1]_i_3/O
INFO: [Physopt 32-662] Processed net u_soc/Core_cpu/u_ifu_subsys/u_btb/q_pc_q_reg[2]_rep_1.  Did not re-place instance u_soc/Core_cpu/u_ifu_subsys/u_btb/q_row_idx[1][2]_i_4/O
INFO: [Physopt 32-662] Processed net u_soc/Core_cpu/u_ifu_subsys/u_ibuf/cnt_q_reg[4]_2[1].  Did not re-place instance u_soc/Core_cpu/u_ifu_subsys/u_ibuf/cnt_q[4]_i_5/O
INFO: [Physopt 32-662] Processed net u_soc/Core_cpu/u_ifu_subsys/u_ibuf/p_3_in.  Did not re-place instance u_soc/Core_cpu/u_ifu_subsys/u_ibuf/ghr_q[3]_i_2/O
INFO: [Physopt 32-662] Processed net u_soc/Core_cpu/u_ifu_subsys/u_icache/u_tag_way1/u_prim/push_num[1].  Did not re-place instance u_soc/Core_cpu/u_ifu_subsys/u_icache/u_tag_way1/u_prim/q_t0_idx[0]_i_9/O
INFO: [Physopt 32-662] Processed net u_soc/Core_cpu/u_ifu_subsys/u_ibuf/ghr_cnt_return[1].  Did not re-place instance u_soc/Core_cpu/u_ifu_subsys/u_ibuf/q_row_idx[1][2]_i_8/O
INFO: [Physopt 32-662] Processed net u_soc/Core_cpu/u_ifu_subsys/u_ibuf/ghr_q[13]_i_5_n_0.  Did not re-place instance u_soc/Core_cpu/u_ifu_subsys/u_ibuf/ghr_q[13]_i_5/O
INFO: [Physopt 32-662] Processed net u_soc/Core_cpu/u_ifu_subsys/u_ibuf/D[10].  Did not re-place instance u_soc/Core_cpu/u_ifu_subsys/u_ibuf/ghr_q[12]_i_1/O
INFO: [Physopt 32-662] Processed net u_soc/Core_cpu/u_ifu_subsys/u_ibuf/ghr_q[13]_i_4_n_0.  Did not re-place instance u_soc/Core_cpu/u_ifu_subsys/u_ibuf/ghr_q[13]_i_4/O
INFO: [Physopt 32-662] Processed net u_soc/Core_cpu/u_ifu_subsys/u_ibuf/row_index_w2_return[0].  Did not re-place instance u_soc/Core_cpu/u_ifu_subsys/u_ibuf/q_row_idx[3][0]_i_1/O
INFO: [Physopt 32-662] Processed net u_soc/Core_cpu/u_ifu_subsys/u_ibuf/q_row_idx[2][1]_i_4_n_0.  Did not re-place instance u_soc/Core_cpu/u_ifu_subsys/u_ibuf/q_row_idx[2][1]_i_4/O
INFO: [Physopt 32-662] Processed net u_soc/Core_cpu/u_ifu_subsys/u_ibuf/D[4].  Did not re-place instance u_soc/Core_cpu/u_ifu_subsys/u_ibuf/ghr_q[6]_i_1/O
INFO: [Physopt 32-662] Processed net u_soc/Core_cpu/u_ifu_subsys/u_ibuf/ghr_q[7]_i_2_n_0.  Did not re-place instance u_soc/Core_cpu/u_ifu_subsys/u_ibuf/ghr_q[7]_i_2/O
INFO: [Physopt 32-662] Processed net u_soc/Core_cpu/u_ifu_subsys/u_ibuf/iu_red_ghr_q_reg[7]_0[0].  Did not re-place instance u_soc/Core_cpu/u_ifu_subsys/u_ibuf/q_row_idx[2][0]_i_1/O
INFO: [Physopt 32-662] Processed net u_soc/Core_cpu/u_ifu_subsys/u_ibuf/ghr_cnt_return[2].  Did not re-place instance u_soc/Core_cpu/u_ifu_subsys/u_ibuf/q_row_idx[1][2]_i_9/O
INFO: [Physopt 32-662] Processed net u_soc/Core_cpu/u_ifu_subsys/u_ibuf/iu_red_vld_q_reg_1.  Did not re-place instance u_soc/Core_cpu/u_ifu_subsys/u_ibuf/q_row_idx[3][3]_i_2/O
INFO: [Physopt 32-662] Processed net u_soc/Core_cpu/u_ifu_subsys/u_ibuf/iu_red_vld_q_reg_0[2].  Did not re-place instance u_soc/Core_cpu/u_ifu_subsys/u_ibuf/q_row_idx[1][3]_i_1/O
INFO: [Physopt 32-662] Processed net u_soc/Core_cpu/u_ifu_subsys/u_ibuf/q_row_idx[3][3]_i_3_n_0.  Did not re-place instance u_soc/Core_cpu/u_ifu_subsys/u_ibuf/q_row_idx[3][3]_i_3/O
INFO: [Physopt 32-662] Processed net u_soc/Core_cpu/u_ifu_subsys/g_tage.u_tage/iu_red_vld_q_reg.  Did not re-place instance u_soc/Core_cpu/u_ifu_subsys/g_tage.u_tage/ghr_q[0]_i_1/O
INFO: [Physopt 32-662] Processed net u_soc/Core_cpu/u_ifu_subsys/u_ibuf/ghr_q_reg[0].  Did not re-place instance u_soc/Core_cpu/u_ifu_subsys/u_ibuf/q_row_idx[1][0]_i_3/O
INFO: [Physopt 32-662] Processed net u_soc/Core_cpu/u_ifu_subsys/u_ibuf/ghr_q[4]_i_2_n_0.  Did not re-place instance u_soc/Core_cpu/u_ifu_subsys/u_ibuf/ghr_q[4]_i_2/O
INFO: [Physopt 32-662] Processed net u_soc/Core_cpu/u_ifu_subsys/u_ibuf/ghr_q[12]_i_2_n_0.  Did not re-place instance u_soc/Core_cpu/u_ifu_subsys/u_ibuf/ghr_q[12]_i_2/O
INFO: [Physopt 32-662] Processed net u_soc/Core_cpu/u_ifu_subsys/u_ibuf/q_row_idx[2][1]_i_5_n_0.  Did not re-place instance u_soc/Core_cpu/u_ifu_subsys/u_ibuf/q_row_idx[2][1]_i_5/O
INFO: [Physopt 32-662] Processed net u_soc/Core_cpu/u_ifu_subsys/u_btb/btb_t2.  Did not re-place instance u_soc/Core_cpu/u_ifu_subsys/u_btb/q_t0_idx[1]_i_17/O
INFO: [Physopt 32-662] Processed net u_soc/Core_cpu/u_ifu_subsys/g_tage.u_tage/id_bht_chk[22]_i_33_n_0.  Did not re-place instance u_soc/Core_cpu/u_ifu_subsys/g_tage.u_tage/id_bht_chk[22]_i_33/O
INFO: [Physopt 32-662] Processed net u_soc/Core_cpu/u_ifu_subsys/u_ibuf/cnt_q_reg[4]_2[0].  Did not re-place instance u_soc/Core_cpu/u_ifu_subsys/u_ibuf/q_t0_idx[1]_i_11/O
INFO: [Physopt 32-662] Processed net u_soc/Core_cpu/u_ifu_subsys/u_icache/u_tag_way1/u_prim/push_num[0].  Did not re-place instance u_soc/Core_cpu/u_ifu_subsys/u_icache/u_tag_way1/u_prim/cnt_q[0]_i_2/O
INFO: [Physopt 32-662] Processed net u_soc/Core_cpu/u_ifu_subsys/g_tage.u_tage/init_done_q_reg_inv_1.  Did not re-place instance u_soc/Core_cpu/u_ifu_subsys/g_tage.u_tage/ent_q[6][150]_i_12/O
INFO: [Physopt 32-662] Processed net u_soc/Core_cpu/u_ifu_subsys/g_tage.u_tage/ent_q[6][150]_i_49_n_0.  Did not re-place instance u_soc/Core_cpu/u_ifu_subsys/g_tage.u_tage/ent_q[6][150]_i_49/O
INFO: [Physopt 32-662] Processed net u_soc/Core_cpu/u_ifu_subsys/g_tage.u_tage/ent_q[6][150]_i_26_n_0.  Did not re-place instance u_soc/Core_cpu/u_ifu_subsys/g_tage.u_tage/ent_q[6][150]_i_26/O
INFO: [Physopt 32-662] Processed net u_soc/Core_cpu/u_ifu_subsys/u_btb/taken_slot[1].  Did not re-place instance u_soc/Core_cpu/u_ifu_subsys/u_btb/cnt_q[0]_i_8/O
INFO: [Physopt 32-662] Processed net u_soc/Core_cpu/u_ifu_subsys/g_tage.u_tage/id_bht_chk[22]_i_19_n_0.  Did not re-place instance u_soc/Core_cpu/u_ifu_subsys/g_tage.u_tage/id_bht_chk[22]_i_19/O
INFO: [Physopt 32-662] Processed net u_soc/Core_cpu/u_ifu_subsys/u_btb/reached_taken.  Did not re-place instance u_soc/Core_cpu/u_ifu_subsys/u_btb/q_t0_idx[1]_i_3/O
INFO: [Physopt 32-662] Processed net u_soc/Core_cpu/u_ifu_subsys/u_btb/q_t0_idx[1]_i_8_n_0.  Did not re-place instance u_soc/Core_cpu/u_ifu_subsys/u_btb/q_t0_idx[1]_i_8/O
INFO: [Physopt 32-662] Processed net u_soc/Core_cpu/u_ifu_subsys/u_btb/btb_t0.  Did not re-place instance u_soc/Core_cpu/u_ifu_subsys/u_btb/q_t0_idx[1]_i_12/O
INFO: [Physopt 32-662] Processed net u_soc/Core_cpu/u_ifu_subsys/u_ibuf/D[3].  Did not re-place instance u_soc/Core_cpu/u_ifu_subsys/u_ibuf/ghr_q[4]_i_1/O
INFO: [Physopt 32-662] Processed net u_soc/Core_cpu/u_ifu_subsys/u_ibuf/ghr_q[5]_i_2_n_0.  Did not re-place instance u_soc/Core_cpu/u_ifu_subsys/u_ibuf/ghr_q[5]_i_2/O
INFO: [Physopt 32-662] Processed net u_soc/Core_cpu/u_ifu_subsys/g_tage.u_tage/dir_pred[0].  Did not re-place instance u_soc/Core_cpu/u_ifu_subsys/g_tage.u_tage/id_bht_chk[22]_i_5/O
INFO: [Physopt 32-662] Processed net u_soc/Core_cpu/u_ifu_subsys/g_tage.u_tage/id_bht_chk[22]_i_12_n_0.  Did not re-place instance u_soc/Core_cpu/u_ifu_subsys/g_tage.u_tage/id_bht_chk[22]_i_12/O
INFO: [Physopt 32-662] Processed net u_soc/Core_cpu/u_ifu_subsys/g_tage.u_tage/id_bht_chk[22]_i_25_n_0.  Did not re-place instance u_soc/Core_cpu/u_ifu_subsys/g_tage.u_tage/id_bht_chk[22]_i_25/O
INFO: [Physopt 32-662] Processed net u_soc/Core_cpu/u_ifu_subsys/u_ibuf/iu_red_vld_q_reg_0[3].  Did not re-place instance u_soc/Core_cpu/u_ifu_subsys/u_ibuf/q_row_idx[1][4]_i_1/O
INFO: [Physopt 32-662] Processed net u_soc/Core_cpu/u_ifu_subsys/u_ibuf/D[0].  Did not re-place instance u_soc/Core_cpu/u_ifu_subsys/u_ibuf/ghr_q[1]_i_1/O
INFO: [Physopt 32-662] Processed net u_soc/Core_cpu/u_ifu_subsys/u_ibuf/iu_red_vld_q_reg_0[0].  Did not re-place instance u_soc/Core_cpu/u_ifu_subsys/u_ibuf/q_row_idx[1][1]_i_1/O
INFO: [Physopt 32-662] Processed net u_soc/Core_cpu/u_ifu_subsys/u_ibuf/ghr_q[1]_i_2_n_0.  Did not re-place instance u_soc/Core_cpu/u_ifu_subsys/u_ibuf/ghr_q[1]_i_2/O
INFO: [Physopt 32-662] Processed net u_soc/Core_cpu/u_ifu_subsys/u_ibuf/row_index_w2_return[4].  Did not re-place instance u_soc/Core_cpu/u_ifu_subsys/u_ibuf/q_row_idx[3][4]_i_1/O
INFO: [Physopt 32-662] Processed net u_soc/Core_cpu/u_ifu_subsys/u_ibuf/ghr_q[1]_i_3_n_0.  Did not re-place instance u_soc/Core_cpu/u_ifu_subsys/u_ibuf/ghr_q[1]_i_3/O
INFO: [Physopt 32-662] Processed net u_soc/Core_cpu/u_ifu_subsys/u_btb/any_taken.  Did not re-place instance u_soc/Core_cpu/u_ifu_subsys/u_btb/q_t0_idx[1]_i_9/O
INFO: [Physopt 32-662] Processed net u_soc/Core_cpu/u_ifu_subsys/u_ibuf/cnt_q_reg[4]_3.  Did not re-place instance u_soc/Core_cpu/u_ifu_subsys/u_ibuf/id_have_inst_i_2/O
INFO: [Physopt 32-662] Processed net u_soc/Core_cpu/u_ifu_subsys/u_ibuf/p_0_in__0[87].  Did not re-place instance u_soc/Core_cpu/u_ifu_subsys/u_ibuf/ent_q[6][87]_i_6/O
INFO: [Physopt 32-662] Processed net u_soc/Core_cpu/u_ifu_subsys/u_ibuf/ent_q[6][87]_i_3_n_0.  Did not re-place instance u_soc/Core_cpu/u_ifu_subsys/u_ibuf/ent_q[6][87]_i_3/O
INFO: [Physopt 32-662] Processed net u_soc/Core_cpu/u_ifu_subsys/u_ibuf/ent_q[6][95]_i_4_n_0.  Did not re-place instance u_soc/Core_cpu/u_ifu_subsys/u_ibuf/ent_q[6][95]_i_4/O
INFO: [Physopt 32-662] Processed net u_soc/Core_cpu/u_ifu_subsys/u_ibuf/ent_q[1][87]_i_1_n_0.  Did not re-place instance u_soc/Core_cpu/u_ifu_subsys/u_ibuf/ent_q[1][87]_i_1/O
INFO: [Physopt 32-662] Processed net u_soc/Core_cpu/u_ifu_subsys/u_ibuf/ent_q[1][87]_i_2_n_0.  Did not re-place instance u_soc/Core_cpu/u_ifu_subsys/u_ibuf/ent_q[1][87]_i_2/O
INFO: [Physopt 32-662] Processed net u_soc/Core_cpu/u_ifu_subsys/u_btb/cnt_q_reg[3].  Did not re-place instance u_soc/Core_cpu/u_ifu_subsys/u_btb/cnt_q[0]_i_4/O
INFO: [Physopt 32-662] Processed net u_soc/Core_cpu/u_ifu_subsys/u_btb/want_cnt_raw[0].  Did not re-place instance u_soc/Core_cpu/u_ifu_subsys/u_btb/cnt_q[0]_i_12/O
INFO: [Physopt 32-662] Processed net u_soc/Core_cpu/u_ifu_subsys/u_ibuf/ent_q[5][87]_i_1_n_0.  Did not re-place instance u_soc/Core_cpu/u_ifu_subsys/u_ibuf/ent_q[5][87]_i_1/O
INFO: [Physopt 32-662] Processed net u_soc/Core_cpu/u_ifu_subsys/u_ibuf/ent_q[5][87]_i_2_n_0.  Did not re-place instance u_soc/Core_cpu/u_ifu_subsys/u_ibuf/ent_q[5][87]_i_2/O
INFO: [Physopt 32-662] Processed net u_soc/Core_cpu/u_ifu_subsys/u_ibuf/row_index_w2_return[3].  Did not re-place instance u_soc/Core_cpu/u_ifu_subsys/u_ibuf/q_row_idx[3][3]_i_1/O
INFO: [Physopt 32-662] Processed net u_soc/Core_cpu/u_ifu_subsys/g_tage.u_tage/ent_q[6][150]_i_60_n_0.  Did not re-place instance u_soc/Core_cpu/u_ifu_subsys/g_tage.u_tage/ent_q[6][150]_i_60/O
INFO: [Physopt 32-662] Processed net u_soc/Core_cpu/u_ifu_subsys/u_ibuf/D[7].  Did not re-place instance u_soc/Core_cpu/u_ifu_subsys/u_ibuf/ghr_q[9]_i_1/O
INFO: [Physopt 32-662] Processed net u_soc/Core_cpu/u_ifu_subsys/u_ibuf/ghr_q[9]_i_2_n_0.  Did not re-place instance u_soc/Core_cpu/u_ifu_subsys/u_ibuf/ghr_q[9]_i_2/O
INFO: [Physopt 32-662] Processed net u_soc/Core_cpu/u_ifu_subsys/u_ibuf/D[1].  Did not re-place instance u_soc/Core_cpu/u_ifu_subsys/u_ibuf/ghr_q[2]_i_1/O
INFO: [Physopt 32-662] Processed net u_soc/Core_cpu/u_ifu_subsys/u_ibuf/q_row_idx[1][2]_i_3_n_0.  Did not re-place instance u_soc/Core_cpu/u_ifu_subsys/u_ibuf/q_row_idx[1][2]_i_3/O
INFO: [Physopt 32-662] Processed net u_soc/Core_cpu/u_ifu_subsys/u_ibuf/row_index_w2_return[2].  Did not re-place instance u_soc/Core_cpu/u_ifu_subsys/u_ibuf/q_row_idx[3][2]_i_1/O
INFO: [Physopt 32-662] Processed net u_soc/Core_cpu/u_ifu_subsys/g_tage.u_tage/id_bht_chk[22]_i_35_n_0.  Did not re-place instance u_soc/Core_cpu/u_ifu_subsys/g_tage.u_tage/id_bht_chk[22]_i_35/O
INFO: [Physopt 32-662] Processed net u_soc/Core_cpu/u_ifu_subsys/u_btb/q_tag_q_reg[3]_0.  Did not re-place instance u_soc/Core_cpu/u_ifu_subsys/u_btb/ent_q[6][150]_i_42/O
INFO: [Physopt 32-662] Processed net u_soc/Core_cpu/u_ifu_subsys/g_tage.u_tage/id_bht_chk[22]_i_17_n_0.  Did not re-place instance u_soc/Core_cpu/u_ifu_subsys/g_tage.u_tage/id_bht_chk[22]_i_17/O
INFO: [Physopt 32-662] Processed net u_soc/Core_cpu/u_ifu_subsys/g_tage.u_tage/id_bht_chk[22]_i_8_n_0.  Did not re-place instance u_soc/Core_cpu/u_ifu_subsys/g_tage.u_tage/id_bht_chk[22]_i_8/O
INFO: [Physopt 32-662] Processed net u_soc/Core_cpu/u_ifu_subsys/u_btb/want_cnt_raw[1].  Did not re-place instance u_soc/Core_cpu/u_ifu_subsys/u_btb/cnt_q[0]_i_11/O
INFO: [Physopt 32-662] Processed net u_soc/Core_cpu/u_ifu_subsys/u_btb/cnt_q_reg[3]_0.  Did not re-place instance u_soc/Core_cpu/u_ifu_subsys/u_btb/q_t0_idx[0]_i_10/O
INFO: [Physopt 32-662] Processed net u_soc/Core_cpu/u_ifu_subsys/u_btb/want_cnt_raw[2].  Did not re-place instance u_soc/Core_cpu/u_ifu_subsys/u_btb/cnt_q[0]_i_13/O
INFO: [Physopt 32-662] Processed net u_soc/Core_cpu/u_ifu_subsys/u_ibuf/ghr_q[10]_i_2_n_0.  Did not re-place instance u_soc/Core_cpu/u_ifu_subsys/u_ibuf/ghr_q[10]_i_2/O
INFO: [Physopt 32-661] Optimized 0 net.  Re-placed 0 instance.
INFO: [Physopt 32-775] End 1 Pass. Optimized 0 net or cell. Created 0 new cell, deleted 0 existing cell and moved 0 existing cell
Netlist sorting complete. Time (s): cpu = 00:00:00 ; elapsed = 00:00:00 . Memory (MB): peak = 3513.953 ; gain = 0.000 ; free physical = 70266 ; free virtual = 951752
Phase 10 Multi Cell Placement Optimization | Checksum: 1734e8435

Time (s): cpu = 00:02:55 ; elapsed = 00:00:41 . Memory (MB): peak = 3513.953 ; gain = 0.000 ; free physical = 70265 ; free virtual = 951750

Phase 11 Rewire
INFO: [Physopt 32-246] Starting Signal Push optimization...
INFO: [Physopt 32-241] No nets found for rewiring () optimization.
INFO: [Physopt 32-232] Optimized 0 net. Created 0 new instance.
INFO: [Physopt 32-775] End 1 Pass. Optimized 0 net or cell. Created 0 new cell, deleted 0 existing cell and moved 0 existing cell
Netlist sorting complete. Time (s): cpu = 00:00:00.01 ; elapsed = 00:00:00 . Memory (MB): peak = 3513.953 ; gain = 0.000 ; free physical = 70264 ; free virtual = 951750
Phase 11 Rewire | Checksum: 1734e8435

Time (s): cpu = 00:02:55 ; elapsed = 00:00:41 . Memory (MB): peak = 3513.953 ; gain = 0.000 ; free physical = 70264 ; free virtual = 951750

Phase 12 Critical Cell Optimization
INFO: [Physopt 32-46] Identified 30 candidate nets for critical-cell optimization.
INFO: [Physopt 32-572] Net u_soc/Core_cpu/u_ifu_subsys/u_icache/u_tag_way1/u_prim/push_num[0] was not replicated.
Resolution: phys_opt_design can be forced to replicate a net driver using the option -force_replication_on_nets <list of net objects>.
INFO: [Physopt 32-571] Net u_soc/Core_cpu/u_ifu_subsys/g_tage.u_tage/init_done_q_reg_inv_1 was not replicated.
INFO: [Physopt 32-572] Net u_soc/Core_cpu/u_ifu_subsys/g_tage.u_tage/ent_q[6][150]_i_49_n_0 was not replicated.
Resolution: phys_opt_design can be forced to replicate a net driver using the option -force_replication_on_nets <list of net objects>.
INFO: [Physopt 32-572] Net u_soc/Core_cpu/u_ifu_subsys/u_btb/taken_slot[1] was not replicated.
Resolution: phys_opt_design can be forced to replicate a net driver using the option -force_replication_on_nets <list of net objects>.
INFO: [Physopt 32-571] Net u_soc/Core_cpu/u_ifu_subsys/g_tage.u_tage/id_bht_chk[22]_i_19_n_0 was not replicated.
INFO: [Physopt 32-572] Net u_soc/Core_cpu/u_ifu_subsys/u_btb/btb_t0 was not replicated.
Resolution: phys_opt_design can be forced to replicate a net driver using the option -force_replication_on_nets <list of net objects>.
INFO: [Physopt 32-572] Net u_soc/Core_cpu/u_ifu_subsys/u_ibuf/D[3] was not replicated.
Resolution: phys_opt_design can be forced to replicate a net driver using the option -force_replication_on_nets <list of net objects>.
INFO: [Physopt 32-572] Net u_soc/Core_cpu/u_ifu_subsys/u_ibuf/ghr_q[5]_i_2_n_0 was not replicated.
Resolution: phys_opt_design can be forced to replicate a net driver using the option -force_replication_on_nets <list of net objects>.
INFO: [Physopt 32-572] Net u_soc/Core_cpu/u_ifu_subsys/u_ibuf/D[0] was not replicated.
Resolution: phys_opt_design can be forced to replicate a net driver using the option -force_replication_on_nets <list of net objects>.
INFO: [Physopt 32-572] Net u_soc/Core_cpu/u_ifu_subsys/u_ibuf/iu_red_vld_q_reg_0[0] was not replicated.
Resolution: phys_opt_design can be forced to replicate a net driver using the option -force_replication_on_nets <list of net objects>.
INFO: [Physopt 32-572] Net u_soc/Core_cpu/u_ifu_subsys/u_btb/any_taken was not replicated.
Resolution: phys_opt_design can be forced to replicate a net driver using the option -force_replication_on_nets <list of net objects>.
INFO: [Physopt 32-572] Net u_soc/Core_cpu/u_ifu_subsys/u_ibuf/p_0_in__0[87] was not replicated.
Resolution: phys_opt_design can be forced to replicate a net driver using the option -force_replication_on_nets <list of net objects>.
INFO: [Physopt 32-572] Net u_soc/Core_cpu/u_ifu_subsys/u_ibuf/ent_q[6][87]_i_3_n_0 was not replicated.
Resolution: phys_opt_design can be forced to replicate a net driver using the option -force_replication_on_nets <list of net objects>.
INFO: [Physopt 32-572] Net u_soc/Core_cpu/u_ifu_subsys/u_ibuf/ent_q[6][95]_i_4_n_0 was not replicated.
Resolution: phys_opt_design can be forced to replicate a net driver using the option -force_replication_on_nets <list of net objects>.
INFO: [Physopt 32-572] Net u_soc/Core_cpu/u_ifu_subsys/u_btb/cnt_q_reg[3] was not replicated.
Resolution: phys_opt_design can be forced to replicate a net driver using the option -force_replication_on_nets <list of net objects>.
INFO: [Physopt 32-572] Net u_soc/Core_cpu/u_ifu_subsys/g_tage.u_tage/ent_q[6][150]_i_60_n_0 was not replicated.
Resolution: phys_opt_design can be forced to replicate a net driver using the option -force_replication_on_nets <list of net objects>.
INFO: [Physopt 32-572] Net u_soc/Core_cpu/u_ifu_subsys/u_ibuf/D[7] was not replicated.
Resolution: phys_opt_design can be forced to replicate a net driver using the option -force_replication_on_nets <list of net objects>.
INFO: [Physopt 32-571] Net u_soc/Core_cpu/u_ifu_subsys/u_ibuf/ghr_q[9]_i_2_n_0 was not replicated.
INFO: [Physopt 32-572] Net u_soc/Core_cpu/u_ifu_subsys/u_ibuf/D[1] was not replicated.
Resolution: phys_opt_design can be forced to replicate a net driver using the option -force_replication_on_nets <list of net objects>.
INFO: [Physopt 32-572] Net u_soc/Core_cpu/u_ifu_subsys/u_ibuf/q_row_idx[1][2]_i_3_n_0 was not replicated.
Resolution: phys_opt_design can be forced to replicate a net driver using the option -force_replication_on_nets <list of net objects>.
INFO: [Physopt 32-572] Net u_soc/Core_cpu/u_ifu_subsys/g_tage.u_tage/id_bht_chk[22]_i_35_n_0 was not replicated.
Resolution: phys_opt_design can be forced to replicate a net driver using the option -force_replication_on_nets <list of net objects>.
INFO: [Physopt 32-81] Processed net u_soc/Core_cpu/u_ifu_subsys/u_btb/q_tag_q_reg[3]_0. Replicated 1 times.
INFO: [Physopt 32-572] Net u_soc/Core_cpu/u_ifu_subsys/u_btb/want_cnt_raw[1] was not replicated.
Resolution: phys_opt_design can be forced to replicate a net driver using the option -force_replication_on_nets <list of net objects>.
INFO: [Physopt 32-572] Net u_soc/Core_cpu/u_ifu_subsys/u_btb/cnt_q_reg[3]_0 was not replicated.
Resolution: phys_opt_design can be forced to replicate a net driver using the option -force_replication_on_nets <list of net objects>.
INFO: [Physopt 32-572] Net u_soc/Core_cpu/u_ifu_subsys/u_btb/want_cnt_raw[2] was not replicated.
Resolution: phys_opt_design can be forced to replicate a net driver using the option -force_replication_on_nets <list of net objects>.
INFO: [Physopt 32-571] Net u_soc/Core_cpu/u_ifu_subsys/u_ibuf/ghr_q[10]_i_2_n_0 was not replicated.
INFO: [Physopt 32-572] Net u_soc/Core_cpu/u_ifu_subsys/g_tage.u_tage/id_bht_chk[22]_i_27_n_0 was not replicated.
Resolution: phys_opt_design can be forced to replicate a net driver using the option -force_replication_on_nets <list of net objects>.
INFO: [Physopt 32-81] Processed net u_soc/Core_cpu/u_ifu_subsys/u_ibuf/p_0_in__0[84]. Replicated 1 times.
INFO: [Physopt 32-572] Net u_soc/Core_cpu/u_ifu_subsys/g_tage.u_tage/q_pc_q_reg[2]_rep was not replicated.
Resolution: phys_opt_design can be forced to replicate a net driver using the option -force_replication_on_nets <list of net objects>.
INFO: [Physopt 32-232] Optimized 2 nets. Created 2 new instances.
INFO: [Physopt 32-775] End 1 Pass. Optimized 2 nets or cells. Created 2 new cells, deleted 0 existing cell and moved 0 existing cell
INFO: [Physopt 32-619] Estimated Timing Summary | WNS=-0.107 | TNS=-0.677 |
Netlist sorting complete. Time (s): cpu = 00:00:00.02 ; elapsed = 00:00:00.02 . Memory (MB): peak = 3513.953 ; gain = 0.000 ; free physical = 69797 ; free virtual = 951265
Phase 12 Critical Cell Optimization | Checksum: f087f57b

Time (s): cpu = 00:03:07 ; elapsed = 00:00:44 . Memory (MB): peak = 3513.953 ; gain = 0.000 ; free physical = 69795 ; free virtual = 951262

Phase 13 SLR Crossing Optimization
Phase 13 SLR Crossing Optimization | Checksum: f087f57b

Time (s): cpu = 00:03:07 ; elapsed = 00:00:44 . Memory (MB): peak = 3513.953 ; gain = 0.000 ; free physical = 69793 ; free virtual = 951260

Phase 14 Fanout Optimization
INFO: [Physopt 32-64] No nets found for fanout-optimization.
INFO: [Physopt 32-232] Optimized 0 net. Created 0 new instance.
INFO: [Physopt 32-775] End 1 Pass. Optimized 0 net or cell. Created 0 new cell, deleted 0 existing cell and moved 0 existing cell
Phase 14 Fanout Optimization | Checksum: f087f57b

Time (s): cpu = 00:03:07 ; elapsed = 00:00:45 . Memory (MB): peak = 3513.953 ; gain = 0.000 ; free physical = 69787 ; free virtual = 951254

Phase 15 Single Cell Placement Optimization
INFO: [Physopt 32-660] Identified 250 candidate nets for placement-based optimization.
INFO: [Physopt 32-662] Processed net u_soc/Core_cpu/u_ifu_subsys/g_tage.u_tage/q_row_idx_reg[1]_0[0].  Did not re-place instance u_soc/Core_cpu/u_ifu_subsys/g_tage.u_tage/q_row_idx_reg[1][0]
INFO: [Physopt 32-662] Processed net u_soc/Core_cpu/u_ifu_subsys/g_tage.u_tage/q_row_idx_reg[3]_5[1].  Did not re-place instance u_soc/Core_cpu/u_ifu_subsys/g_tage.u_tage/q_row_idx_reg[3][1]
INFO: [Physopt 32-662] Processed net u_soc/Core_cpu/u_ifu_subsys/u_btb/btb_t1.  Did not re-place instance u_soc/Core_cpu/u_ifu_subsys/u_btb/id_pred_npc[31]_i_5
INFO: [Physopt 32-662] Processed net u_soc/Core_cpu/u_ifu_subsys/u_ibuf/ghr_cnt_return[0].  Did not re-place instance u_soc/Core_cpu/u_ifu_subsys/u_ibuf/ghr_q[13]_i_3
INFO: [Physopt 32-662] Processed net u_soc/Core_cpu/u_ifu_subsys/u_ibuf/p_2_in.  Did not re-place instance u_soc/Core_cpu/u_ifu_subsys/u_ibuf/q_row_idx[1][2]_i_7
INFO: [Physopt 32-662] Processed net u_soc/Core_cpu/u_ifu_subsys/g_tage.u_tage/ent_q[6][150]_i_61_n_0.  Did not re-place instance u_soc/Core_cpu/u_ifu_subsys/g_tage.u_tage/ent_q[6][150]_i_61
INFO: [Physopt 32-662] Processed net u_soc/Core_cpu/u_ifu_subsys/u_icache/u_tag_way1/u_prim/push_num[2].  Did not re-place instance u_soc/Core_cpu/u_ifu_subsys/u_icache/u_tag_way1/u_prim/cnt_q[4]_i_6
INFO: [Physopt 32-662] Processed net u_soc/Core_cpu/u_ifu_subsys/u_ibuf/cnt_q_reg[4]_0.  Did not re-place instance u_soc/Core_cpu/u_ifu_subsys/u_ibuf/cnt_q[4]_i_4
INFO: [Physopt 32-662] Processed net u_soc/Core_cpu/u_ifu_subsys/u_btb/taken_slot[0].  Did not re-place instance u_soc/Core_cpu/u_ifu_subsys/u_btb/cnt_q[0]_i_7
INFO: [Physopt 32-662] Processed net u_soc/Core_cpu/u_ifu_subsys/u_ibuf/iu_red_ghr_q_reg[7].  Did not re-place instance u_soc/Core_cpu/u_ifu_subsys/u_ibuf/q_row_idx[3][1]_i_2
INFO: [Physopt 32-662] Processed net u_soc/Core_cpu/u_ifu_subsys/g_tage.u_tage/init_done_q_reg_inv_0.  Did not re-place instance u_soc/Core_cpu/u_ifu_subsys/g_tage.u_tage/id_bht_chk[22]_i_4
INFO: [Physopt 32-662] Processed net u_soc/Core_cpu/u_ifu_subsys/g_tage.u_tage/id_bht_chk[22]_i_36_n_0.  Did not re-place instance u_soc/Core_cpu/u_ifu_subsys/g_tage.u_tage/id_bht_chk[22]_i_36
INFO: [Physopt 32-662] Processed net u_soc/Core_cpu/u_ifu_subsys/u_ibuf/q_row_idx[2][1]_i_2_n_0.  Did not re-place instance u_soc/Core_cpu/u_ifu_subsys/u_ibuf/q_row_idx[2][1]_i_2
INFO: [Physopt 32-662] Processed net u_soc/Core_cpu/u_ifu_subsys/g_tage.u_tage/id_bht_chk[22]_i_18_n_0.  Did not re-place instance u_soc/Core_cpu/u_ifu_subsys/g_tage.u_tage/id_bht_chk[22]_i_18
INFO: [Physopt 32-662] Processed net u_soc/Core_cpu/u_ifu_subsys/g_tage.u_tage/id_bht_chk[22]_i_9_n_0.  Did not re-place instance u_soc/Core_cpu/u_ifu_subsys/g_tage.u_tage/id_bht_chk[22]_i_9
INFO: [Physopt 32-662] Processed net u_soc/Core_cpu/u_ifu_subsys/u_ibuf/row_index_w2_return[1].  Did not re-place instance u_soc/Core_cpu/u_ifu_subsys/u_ibuf/q_row_idx[3][1]_i_1
INFO: [Physopt 32-662] Processed net u_soc/Core_cpu/u_ifu_subsys/u_ibuf/q_row_idx[2][1]_i_3_n_0.  Did not re-place instance u_soc/Core_cpu/u_ifu_subsys/u_ibuf/q_row_idx[2][1]_i_3
INFO: [Physopt 32-662] Processed net u_soc/Core_cpu/u_ifu_subsys/u_btb/q_pc_q_reg[2]_rep_1.  Did not re-place instance u_soc/Core_cpu/u_ifu_subsys/u_btb/q_row_idx[1][2]_i_4
INFO: [Physopt 32-662] Processed net u_soc/Core_cpu/u_ifu_subsys/u_ibuf/cnt_q_reg[4]_2[1].  Did not re-place instance u_soc/Core_cpu/u_ifu_subsys/u_ibuf/cnt_q[4]_i_5
INFO: [Physopt 32-662] Processed net u_soc/Core_cpu/u_ifu_subsys/u_ibuf/p_3_in.  Did not re-place instance u_soc/Core_cpu/u_ifu_subsys/u_ibuf/ghr_q[3]_i_2
INFO: [Physopt 32-662] Processed net u_soc/Core_cpu/u_ifu_subsys/u_icache/u_tag_way1/u_prim/push_num[1].  Did not re-place instance u_soc/Core_cpu/u_ifu_subsys/u_icache/u_tag_way1/u_prim/q_t0_idx[0]_i_9
INFO: [Physopt 32-662] Processed net u_soc/Core_cpu/u_ifu_subsys/g_tage.u_tage/q_row_idx_reg[3]_5[0].  Did not re-place instance u_soc/Core_cpu/u_ifu_subsys/g_tage.u_tage/q_row_idx_reg[3][0]
INFO: [Physopt 32-662] Processed net u_soc/Core_cpu/u_ifu_subsys/u_ibuf/ghr_cnt_return[1].  Did not re-place instance u_soc/Core_cpu/u_ifu_subsys/u_ibuf/q_row_idx[1][2]_i_8
INFO: [Physopt 32-662] Processed net u_soc/Core_cpu/u_ifu_subsys/u_ibuf/ghr_q[13]_i_5_n_0.  Did not re-place instance u_soc/Core_cpu/u_ifu_subsys/u_ibuf/ghr_q[13]_i_5
INFO: [Physopt 32-662] Processed net u_soc/Core_cpu/u_ifu_subsys/u_ibuf/D[10].  Did not re-place instance u_soc/Core_cpu/u_ifu_subsys/u_ibuf/ghr_q[12]_i_1
INFO: [Physopt 32-662] Processed net u_soc/Core_cpu/u_ifu_subsys/u_ibuf/ghr_q[13]_i_4_n_0.  Did not re-place instance u_soc/Core_cpu/u_ifu_subsys/u_ibuf/ghr_q[13]_i_4
INFO: [Physopt 32-662] Processed net u_soc/Core_cpu/u_ifu_subsys/u_ibuf/row_index_w2_return[0].  Did not re-place instance u_soc/Core_cpu/u_ifu_subsys/u_ibuf/q_row_idx[3][0]_i_1
INFO: [Physopt 32-662] Processed net u_soc/Core_cpu/u_ifu_subsys/u_ibuf/q_row_idx[2][1]_i_4_n_0.  Did not re-place instance u_soc/Core_cpu/u_ifu_subsys/u_ibuf/q_row_idx[2][1]_i_4
INFO: [Physopt 32-662] Processed net u_soc/Core_cpu/u_ifu_subsys/g_tage.u_tage/q_row_idx_reg[2]_4[0].  Did not re-place instance u_soc/Core_cpu/u_ifu_subsys/g_tage.u_tage/q_row_idx_reg[2][0]
INFO: [Physopt 32-662] Processed net u_soc/Core_cpu/u_ifu_subsys/u_ibuf/D[4].  Did not re-place instance u_soc/Core_cpu/u_ifu_subsys/u_ibuf/ghr_q[6]_i_1
INFO: [Physopt 32-662] Processed net u_soc/Core_cpu/u_ifu_subsys/u_ibuf/ghr_q[7]_i_2_n_0.  Did not re-place instance u_soc/Core_cpu/u_ifu_subsys/u_ibuf/ghr_q[7]_i_2
INFO: [Physopt 32-662] Processed net u_soc/Core_cpu/u_ifu_subsys/u_ibuf/iu_red_ghr_q_reg[7]_0[0].  Did not re-place instance u_soc/Core_cpu/u_ifu_subsys/u_ibuf/q_row_idx[2][0]_i_1
INFO: [Physopt 32-662] Processed net u_soc/Core_cpu/u_ifu_subsys/u_ibuf/ghr_cnt_return[2].  Did not re-place instance u_soc/Core_cpu/u_ifu_subsys/u_ibuf/q_row_idx[1][2]_i_9
INFO: [Physopt 32-662] Processed net u_soc/Core_cpu/u_ifu_subsys/g_tage.u_tage/q_row_idx_reg[1]_0[3].  Did not re-place instance u_soc/Core_cpu/u_ifu_subsys/g_tage.u_tage/q_row_idx_reg[1][3]
INFO: [Physopt 32-662] Processed net u_soc/Core_cpu/u_ifu_subsys/u_ibuf/iu_red_vld_q_reg_1.  Did not re-place instance u_soc/Core_cpu/u_ifu_subsys/u_ibuf/q_row_idx[3][3]_i_2
INFO: [Physopt 32-662] Processed net u_soc/Core_cpu/u_ifu_subsys/u_ibuf/iu_red_vld_q_reg_0[2].  Did not re-place instance u_soc/Core_cpu/u_ifu_subsys/u_ibuf/q_row_idx[1][3]_i_1
INFO: [Physopt 32-662] Processed net u_soc/Core_cpu/u_ifu_subsys/u_ibuf/q_row_idx[3][3]_i_3_n_0.  Did not re-place instance u_soc/Core_cpu/u_ifu_subsys/u_ibuf/q_row_idx[3][3]_i_3
INFO: [Physopt 32-662] Processed net u_soc/Core_cpu/u_ifu_subsys/g_tage.u_tage/iu_red_vld_q_reg.  Did not re-place instance u_soc/Core_cpu/u_ifu_subsys/g_tage.u_tage/ghr_q[0]_i_1
INFO: [Physopt 32-662] Processed net u_soc/Core_cpu/u_ifu_subsys/u_ibuf/ghr_q_reg[0].  Did not re-place instance u_soc/Core_cpu/u_ifu_subsys/u_ibuf/q_row_idx[1][0]_i_3
INFO: [Physopt 32-662] Processed net u_soc/Core_cpu/u_ifu_subsys/u_ibuf/ghr_q[4]_i_2_n_0.  Did not re-place instance u_soc/Core_cpu/u_ifu_subsys/u_ibuf/ghr_q[4]_i_2
INFO: [Physopt 32-662] Processed net u_soc/Core_cpu/u_ifu_subsys/u_ibuf/ghr_q[12]_i_2_n_0.  Did not re-place instance u_soc/Core_cpu/u_ifu_subsys/u_ibuf/ghr_q[12]_i_2
INFO: [Physopt 32-662] Processed net u_soc/Core_cpu/u_ifu_subsys/u_ibuf/q_row_idx[2][1]_i_5_n_0.  Did not re-place instance u_soc/Core_cpu/u_ifu_subsys/u_ibuf/q_row_idx[2][1]_i_5
INFO: [Physopt 32-662] Processed net u_soc/Core_cpu/u_ifu_subsys/u_btb/btb_t2.  Did not re-place instance u_soc/Core_cpu/u_ifu_subsys/u_btb/q_t0_idx[1]_i_17
INFO: [Physopt 32-662] Processed net u_soc/Core_cpu/u_ifu_subsys/g_tage.u_tage/id_bht_chk[22]_i_33_n_0.  Did not re-place instance u_soc/Core_cpu/u_ifu_subsys/g_tage.u_tage/id_bht_chk[22]_i_33
INFO: [Physopt 32-662] Processed net u_soc/Core_cpu/u_ifu_subsys/u_ibuf/cnt_q_reg[4]_2[0].  Did not re-place instance u_soc/Core_cpu/u_ifu_subsys/u_ibuf/q_t0_idx[1]_i_11
INFO: [Physopt 32-662] Processed net u_soc/Core_cpu/u_ifu_subsys/u_icache/u_tag_way1/u_prim/push_num[0].  Did not re-place instance u_soc/Core_cpu/u_ifu_subsys/u_icache/u_tag_way1/u_prim/cnt_q[0]_i_2
INFO: [Physopt 32-662] Processed net u_soc/Core_cpu/u_ifu_subsys/g_tage.u_tage/init_done_q_reg_inv_1.  Did not re-place instance u_soc/Core_cpu/u_ifu_subsys/g_tage.u_tage/ent_q[6][150]_i_12
INFO: [Physopt 32-662] Processed net u_soc/Core_cpu/u_ifu_subsys/g_tage.u_tage/ent_q[6][150]_i_49_n_0.  Did not re-place instance u_soc/Core_cpu/u_ifu_subsys/g_tage.u_tage/ent_q[6][150]_i_49
INFO: [Physopt 32-662] Processed net u_soc/Core_cpu/u_ifu_subsys/g_tage.u_tage/ent_q[6][150]_i_26_n_0.  Did not re-place instance u_soc/Core_cpu/u_ifu_subsys/g_tage.u_tage/ent_q[6][150]_i_26
INFO: [Physopt 32-662] Processed net u_soc/Core_cpu/u_ifu_subsys/u_btb/taken_slot[1].  Did not re-place instance u_soc/Core_cpu/u_ifu_subsys/u_btb/cnt_q[0]_i_8
INFO: [Physopt 32-662] Processed net u_soc/Core_cpu/u_ifu_subsys/g_tage.u_tage/id_bht_chk[22]_i_19_n_0.  Did not re-place instance u_soc/Core_cpu/u_ifu_subsys/g_tage.u_tage/id_bht_chk[22]_i_19
INFO: [Physopt 32-662] Processed net u_soc/Core_cpu/u_ifu_subsys/u_btb/next_pc[0].  Did not re-place instance u_soc/Core_cpu/u_ifu_subsys/u_btb/q_t0_idx[0]_i_1
INFO: [Physopt 32-662] Processed net u_soc/Core_cpu/u_ifu_subsys/u_btb/reached_taken.  Did not re-place instance u_soc/Core_cpu/u_ifu_subsys/u_btb/q_t0_idx[1]_i_3
INFO: [Physopt 32-662] Processed net u_soc/Core_cpu/u_ifu_subsys/u_btb/q_t0_idx[1]_i_8_n_0.  Did not re-place instance u_soc/Core_cpu/u_ifu_subsys/u_btb/q_t0_idx[1]_i_8
INFO: [Physopt 32-662] Processed net u_soc/Core_cpu/u_ifu_subsys/g_tage.u_tage/q_row_idx_reg[1]_0[4].  Did not re-place instance u_soc/Core_cpu/u_ifu_subsys/g_tage.u_tage/q_row_idx_reg[1][4]
INFO: [Physopt 32-662] Processed net u_soc/Core_cpu/u_ifu_subsys/u_btb/btb_t0.  Did not re-place instance u_soc/Core_cpu/u_ifu_subsys/u_btb/q_t0_idx[1]_i_12
INFO: [Physopt 32-662] Processed net u_soc/Core_cpu/u_ifu_subsys/u_ibuf/D[3].  Did not re-place instance u_soc/Core_cpu/u_ifu_subsys/u_ibuf/ghr_q[4]_i_1
INFO: [Physopt 32-662] Processed net u_soc/Core_cpu/u_ifu_subsys/u_ibuf/ghr_q[5]_i_2_n_0.  Did not re-place instance u_soc/Core_cpu/u_ifu_subsys/u_ibuf/ghr_q[5]_i_2
INFO: [Physopt 32-662] Processed net u_soc/Core_cpu/u_ifu_subsys/g_tage.u_tage/dir_pred[0].  Did not re-place instance u_soc/Core_cpu/u_ifu_subsys/g_tage.u_tage/id_bht_chk[22]_i_5
INFO: [Physopt 32-662] Processed net u_soc/Core_cpu/u_ifu_subsys/g_tage.u_tage/id_bht_chk[22]_i_12_n_0.  Did not re-place instance u_soc/Core_cpu/u_ifu_subsys/g_tage.u_tage/id_bht_chk[22]_i_12
INFO: [Physopt 32-662] Processed net u_soc/Core_cpu/u_ifu_subsys/g_tage.u_tage/id_bht_chk[22]_i_25_n_0.  Did not re-place instance u_soc/Core_cpu/u_ifu_subsys/g_tage.u_tage/id_bht_chk[22]_i_25
INFO: [Physopt 32-662] Processed net u_soc/Core_cpu/u_ifu_subsys/u_ibuf/iu_red_vld_q_reg_0[3].  Did not re-place instance u_soc/Core_cpu/u_ifu_subsys/u_ibuf/q_row_idx[1][4]_i_1
INFO: [Physopt 32-662] Processed net u_soc/Core_cpu/u_ifu_subsys/g_tage.u_tage/q_row_idx_reg[1]_0[1]_repN.  Did not re-place instance u_soc/Core_cpu/u_ifu_subsys/g_tage.u_tage/q_row_idx_reg[1][1]_replica
INFO: [Physopt 32-662] Processed net u_soc/Core_cpu/u_ifu_subsys/u_ibuf/D[0].  Did not re-place instance u_soc/Core_cpu/u_ifu_subsys/u_ibuf/ghr_q[1]_i_1
INFO: [Physopt 32-662] Processed net u_soc/Core_cpu/u_ifu_subsys/u_ibuf/iu_red_vld_q_reg_0[0].  Did not re-place instance u_soc/Core_cpu/u_ifu_subsys/u_ibuf/q_row_idx[1][1]_i_1
INFO: [Physopt 32-662] Processed net u_soc/Core_cpu/u_ifu_subsys/u_ibuf/ghr_q[1]_i_2_n_0.  Did not re-place instance u_soc/Core_cpu/u_ifu_subsys/u_ibuf/ghr_q[1]_i_2
INFO: [Physopt 32-662] Processed net u_soc/Core_cpu/u_ifu_subsys/u_btb/next_pc[3].  Did not re-place instance u_soc/Core_cpu/u_ifu_subsys/u_btb/q_row_idx[0][3]_i_1
INFO: [Physopt 32-662] Processed net u_soc/Core_cpu/u_ifu_subsys/g_tage.u_tage/q_row_idx_reg[3]_5[4].  Did not re-place instance u_soc/Core_cpu/u_ifu_subsys/g_tage.u_tage/q_row_idx_reg[3][4]
INFO: [Physopt 32-662] Processed net u_soc/Core_cpu/u_ifu_subsys/u_ibuf/row_index_w2_return[4].  Did not re-place instance u_soc/Core_cpu/u_ifu_subsys/u_ibuf/q_row_idx[3][4]_i_1
INFO: [Physopt 32-662] Processed net u_soc/Core_cpu/u_ifu_subsys/u_ibuf/ghr_q[1]_i_3_n_0.  Did not re-place instance u_soc/Core_cpu/u_ifu_subsys/u_ibuf/ghr_q[1]_i_3
INFO: [Physopt 32-662] Processed net u_soc/Core_cpu/u_ifu_subsys/u_btb/any_taken.  Did not re-place instance u_soc/Core_cpu/u_ifu_subsys/u_btb/q_t0_idx[1]_i_9
INFO: [Physopt 32-662] Processed net u_soc/Core_cpu/u_ifu_subsys/u_ibuf/cnt_q_reg[4]_3.  Did not re-place instance u_soc/Core_cpu/u_ifu_subsys/u_ibuf/id_have_inst_i_2
INFO: [Physopt 32-662] Processed net u_soc/Core_cpu/u_ifu_subsys/u_ibuf/p_0_in__0[87].  Did not re-place instance u_soc/Core_cpu/u_ifu_subsys/u_ibuf/ent_q[6][87]_i_6
INFO: [Physopt 32-662] Processed net u_soc/Core_cpu/u_ifu_subsys/u_ibuf/ent_q[6][87]_i_3_n_0.  Did not re-place instance u_soc/Core_cpu/u_ifu_subsys/u_ibuf/ent_q[6][87]_i_3
INFO: [Physopt 32-662] Processed net u_soc/Core_cpu/u_ifu_subsys/u_ibuf/ent_q[6][95]_i_4_n_0.  Did not re-place instance u_soc/Core_cpu/u_ifu_subsys/u_ibuf/ent_q[6][95]_i_4
INFO: [Physopt 32-662] Processed net u_soc/Core_cpu/u_ifu_subsys/u_ibuf/ent_q[1][87]_i_1_n_0.  Did not re-place instance u_soc/Core_cpu/u_ifu_subsys/u_ibuf/ent_q[1][87]_i_1
INFO: [Physopt 32-662] Processed net u_soc/Core_cpu/u_ifu_subsys/u_ibuf/ent_q[1][87]_i_2_n_0.  Did not re-place instance u_soc/Core_cpu/u_ifu_subsys/u_ibuf/ent_q[1][87]_i_2
INFO: [Physopt 32-662] Processed net u_soc/Core_cpu/u_ifu_subsys/u_ibuf/ent_q_reg[1]_24[87].  Did not re-place instance u_soc/Core_cpu/u_ifu_subsys/u_ibuf/ent_q_reg[1][87]
INFO: [Physopt 32-662] Processed net u_soc/Core_cpu/u_ifu_subsys/g_tage.u_tage/q_row_idx_reg[3]_5[3].  Did not re-place instance u_soc/Core_cpu/u_ifu_subsys/g_tage.u_tage/q_row_idx_reg[3][3]
INFO: [Physopt 32-662] Processed net u_soc/Core_cpu/u_ifu_subsys/u_btb/cnt_q_reg[3].  Did not re-place instance u_soc/Core_cpu/u_ifu_subsys/u_btb/cnt_q[0]_i_4
INFO: [Physopt 32-662] Processed net u_soc/Core_cpu/u_ifu_subsys/u_btb/want_cnt_raw[0].  Did not re-place instance u_soc/Core_cpu/u_ifu_subsys/u_btb/cnt_q[0]_i_12
INFO: [Physopt 32-662] Processed net u_soc/Core_cpu/u_ifu_subsys/u_ibuf/ent_q[5][87]_i_1_n_0.  Did not re-place instance u_soc/Core_cpu/u_ifu_subsys/u_ibuf/ent_q[5][87]_i_1
INFO: [Physopt 32-662] Processed net u_soc/Core_cpu/u_ifu_subsys/u_ibuf/ent_q[5][87]_i_2_n_0.  Did not re-place instance u_soc/Core_cpu/u_ifu_subsys/u_ibuf/ent_q[5][87]_i_2
INFO: [Physopt 32-662] Processed net u_soc/Core_cpu/u_ifu_subsys/u_ibuf/row_index_w2_return[3].  Did not re-place instance u_soc/Core_cpu/u_ifu_subsys/u_ibuf/q_row_idx[3][3]_i_1
INFO: [Physopt 32-662] Processed net u_soc/Core_cpu/u_ifu_subsys/u_ibuf/ent_q_reg[5]_20[87].  Did not re-place instance u_soc/Core_cpu/u_ifu_subsys/u_ibuf/ent_q_reg[5][87]
INFO: [Physopt 32-662] Processed net u_soc/Core_cpu/u_ifu_subsys/g_tage.u_tage/ent_q[6][150]_i_60_n_0.  Did not re-place instance u_soc/Core_cpu/u_ifu_subsys/g_tage.u_tage/ent_q[6][150]_i_60
INFO: [Physopt 32-662] Processed net u_soc/Core_cpu/u_ifu_subsys/u_ibuf/D[7].  Did not re-place instance u_soc/Core_cpu/u_ifu_subsys/u_ibuf/ghr_q[9]_i_1
INFO: [Physopt 32-662] Processed net u_soc/Core_cpu/u_ifu_subsys/u_ibuf/ghr_q[9]_i_2_n_0.  Did not re-place instance u_soc/Core_cpu/u_ifu_subsys/u_ibuf/ghr_q[9]_i_2
INFO: [Physopt 32-662] Processed net u_soc/Core_cpu/u_ifu_subsys/g_tage.u_tage/q_row_idx_reg[3]_5[2].  Did not re-place instance u_soc/Core_cpu/u_ifu_subsys/g_tage.u_tage/q_row_idx_reg[3][2]
INFO: [Physopt 32-662] Processed net u_soc/Core_cpu/u_ifu_subsys/u_ibuf/D[1].  Did not re-place instance u_soc/Core_cpu/u_ifu_subsys/u_ibuf/ghr_q[2]_i_1
INFO: [Physopt 32-662] Processed net u_soc/Core_cpu/u_ifu_subsys/u_ibuf/q_row_idx[1][2]_i_3_n_0.  Did not re-place instance u_soc/Core_cpu/u_ifu_subsys/u_ibuf/q_row_idx[1][2]_i_3
INFO: [Physopt 32-662] Processed net u_soc/Core_cpu/u_ifu_subsys/u_ibuf/row_index_w2_return[2].  Did not re-place instance u_soc/Core_cpu/u_ifu_subsys/u_ibuf/q_row_idx[3][2]_i_1
INFO: [Physopt 32-662] Processed net u_soc/Core_cpu/u_ifu_subsys/u_btb/want_cnt_raw[1].  Did not re-place instance u_soc/Core_cpu/u_ifu_subsys/u_btb/cnt_q[0]_i_11
INFO: [Physopt 32-662] Processed net u_soc/Core_cpu/u_ifu_subsys/u_btb/cnt_q_reg[3]_0.  Did not re-place instance u_soc/Core_cpu/u_ifu_subsys/u_btb/q_t0_idx[0]_i_10
INFO: [Physopt 32-662] Processed net u_soc/Core_cpu/u_ifu_subsys/u_btb/want_cnt_raw[2].  Did not re-place instance u_soc/Core_cpu/u_ifu_subsys/u_btb/cnt_q[0]_i_13
INFO: [Physopt 32-662] Processed net u_soc/Core_cpu/u_ifu_subsys/u_ibuf/ghr_q[10]_i_2_n_0.  Did not re-place instance u_soc/Core_cpu/u_ifu_subsys/u_ibuf/ghr_q[10]_i_2
INFO: [Physopt 32-662] Processed net u_soc/Core_cpu/u_ifu_subsys/g_tage.u_tage/id_bht_chk[22]_i_35_n_0.  Did not re-place instance u_soc/Core_cpu/u_ifu_subsys/g_tage.u_tage/id_bht_chk[22]_i_35
INFO: [Physopt 32-662] Processed net u_soc/Core_cpu/u_ifu_subsys/u_btb/q_tag_q_reg[3]_0_repN.  Did not re-place instance u_soc/Core_cpu/u_ifu_subsys/u_btb/ent_q[6][150]_i_42_replica
INFO: [Physopt 32-662] Processed net u_soc/Core_cpu/u_ifu_subsys/g_tage.u_tage/id_bht_chk[22]_i_17_n_0.  Did not re-place instance u_soc/Core_cpu/u_ifu_subsys/g_tage.u_tage/id_bht_chk[22]_i_17
INFO: [Physopt 32-662] Processed net u_soc/Core_cpu/u_ifu_subsys/g_tage.u_tage/id_bht_chk[22]_i_8_n_0.  Did not re-place instance u_soc/Core_cpu/u_ifu_subsys/g_tage.u_tage/id_bht_chk[22]_i_8
INFO: [Physopt 32-662] Processed net u_soc/Core_cpu/u_ifu_subsys/g_tage.u_tage/id_bht_chk[22]_i_27_n_0.  Did not re-place instance u_soc/Core_cpu/u_ifu_subsys/g_tage.u_tage/id_bht_chk[22]_i_27
INFO: [Physopt 32-662] Processed net u_soc/Core_cpu/u_ifu_subsys/g_tage.u_tage/id_bht_chk[22]_i_14_n_0.  Did not re-place instance u_soc/Core_cpu/u_ifu_subsys/g_tage.u_tage/id_bht_chk[22]_i_14
INFO: [Physopt 32-662] Processed net u_soc/Core_cpu/u_ifu_subsys/g_tage.u_tage/ent_q[6][150]_i_27_n_0.  Did not re-place instance u_soc/Core_cpu/u_ifu_subsys/g_tage.u_tage/ent_q[6][150]_i_27
INFO: [Physopt 32-662] Processed net u_soc/Core_cpu/u_ifu_subsys/g_tage.u_tage/q_row_tag_reg[3]_16[3].  Did not re-place instance u_soc/Core_cpu/u_ifu_subsys/g_tage.u_tage/q_row_tag_reg[3][3]
INFO: [Physopt 32-662] Processed net u_soc/Core_cpu/u_ifu_subsys/u_ibuf/rst_cpu_reg_rep__14[3].  Did not re-place instance u_soc/Core_cpu/u_ifu_subsys/u_ibuf/q_row_tag[3][3]_i_1
INFO: [Physopt 32-662] Processed net u_soc/Core_cpu/u_ifu_subsys/u_btb/next_pc[1].  Did not re-place instance u_soc/Core_cpu/u_ifu_subsys/u_btb/q_t0_idx[1]_i_1
INFO: [Physopt 32-662] Processed net u_soc/Core_cpu/u_ifu_subsys/g_tage.u_tage/q_pc_q_reg[2]_rep.  Did not re-place instance u_soc/Core_cpu/u_ifu_subsys/g_tage.u_tage/q_row_idx[1][2]_i_6
INFO: [Physopt 32-662] Processed net u_soc/Core_cpu/u_ifu_subsys/u_ibuf/q_row_idx[1][2]_i_2_n_0.  Did not re-place instance u_soc/Core_cpu/u_ifu_subsys/u_ibuf/q_row_idx[1][2]_i_2
INFO: [Physopt 32-662] Processed net u_soc/Core_cpu/u_ifu_subsys/g_tage.u_tage/id_bht_chk[22]_i_16_n_0.  Did not re-place instance u_soc/Core_cpu/u_ifu_subsys/g_tage.u_tage/id_bht_chk[22]_i_16
INFO: [Physopt 32-662] Processed net u_soc/Core_cpu/u_ifu_subsys/g_tage.u_tage/ent_q[6][150]_i_54_n_0.  Did not re-place instance u_soc/Core_cpu/u_ifu_subsys/g_tage.u_tage/ent_q[6][150]_i_54
INFO: [Physopt 32-662] Processed net u_soc/Core_cpu/u_ifu_subsys/g_tage.u_tage/id_bht_chk[22]_i_24_n_0.  Did not re-place instance u_soc/Core_cpu/u_ifu_subsys/g_tage.u_tage/id_bht_chk[22]_i_24
INFO: [Physopt 32-662] Processed net u_soc/Core_cpu/u_ifu_subsys/g_tage.u_tage/ent_q[6][150]_i_63_n_0.  Did not re-place instance u_soc/Core_cpu/u_ifu_subsys/g_tage.u_tage/ent_q[6][150]_i_63
INFO: [Physopt 32-662] Processed net u_soc/Core_cpu/u_ifu_subsys/g_tage.u_tage/ent_q[6][150]_i_50_n_0.  Did not re-place instance u_soc/Core_cpu/u_ifu_subsys/g_tage.u_tage/ent_q[6][150]_i_50
INFO: [Physopt 32-662] Processed net u_soc/Core_cpu/u_ifu_subsys/u_ibuf/p_0_in__0[59].  Did not re-place instance u_soc/Core_cpu/u_ifu_subsys/u_ibuf/ent_q[6][59]_i_5
INFO: [Physopt 32-662] Processed net u_soc/Core_cpu/u_ifu_subsys/u_ibuf/ent_q[6][59]_i_3_n_0.  Did not re-place instance u_soc/Core_cpu/u_ifu_subsys/u_ibuf/ent_q[6][59]_i_3
INFO: [Physopt 32-662] Processed net u_soc/Core_cpu/u_ifu_subsys/u_ibuf/ent_q[0][59]_i_1_n_0.  Did not re-place instance u_soc/Core_cpu/u_ifu_subsys/u_ibuf/ent_q[0][59]_i_1
INFO: [Physopt 32-662] Processed net u_soc/Core_cpu/u_ifu_subsys/u_ibuf/ent_q[0][59]_i_2_n_0.  Did not re-place instance u_soc/Core_cpu/u_ifu_subsys/u_ibuf/ent_q[0][59]_i_2
INFO: [Physopt 32-662] Processed net u_soc/Core_cpu/u_ifu_subsys/u_ibuf/ent_q_reg[0]_25[59].  Did not re-place instance u_soc/Core_cpu/u_ifu_subsys/u_ibuf/ent_q_reg[0][59]
INFO: [Physopt 32-662] Processed net u_soc/Core_cpu/u_ifu_subsys/u_ibuf/p_0_in__0[47].  Did not re-place instance u_soc/Core_cpu/u_ifu_subsys/u_ibuf/ent_q[6][47]_i_5
INFO: [Physopt 32-662] Processed net u_soc/Core_cpu/u_ifu_subsys/u_ibuf/ent_q[6][47]_i_3_n_0.  Did not re-place instance u_soc/Core_cpu/u_ifu_subsys/u_ibuf/ent_q[6][47]_i_3
INFO: [Physopt 32-662] Processed net u_soc/Core_cpu/u_ifu_subsys/u_ibuf/ent_q[6][47]_i_2_n_0.  Did not re-place instance u_soc/Core_cpu/u_ifu_subsys/u_ibuf/ent_q[6][47]_i_2
INFO: [Physopt 32-662] Processed net u_soc/Core_cpu/u_ifu_subsys/u_ibuf/p_1_in[47].  Did not re-place instance u_soc/Core_cpu/u_ifu_subsys/u_ibuf/ent_q[6][47]_i_1
INFO: [Physopt 32-662] Processed net u_soc/Core_cpu/u_ifu_subsys/u_ibuf/ent_q_reg[6]_19[47].  Did not re-place instance u_soc/Core_cpu/u_ifu_subsys/u_ibuf/ent_q_reg[6][47]
INFO: [Physopt 32-662] Processed net u_soc/Core_cpu/u_ifu_subsys/u_ibuf/ent_q[1][47]_i_1_n_0.  Did not re-place instance u_soc/Core_cpu/u_ifu_subsys/u_ibuf/ent_q[1][47]_i_1
INFO: [Physopt 32-662] Processed net u_soc/Core_cpu/u_ifu_subsys/u_ibuf/ent_q[1][47]_i_2_n_0.  Did not re-place instance u_soc/Core_cpu/u_ifu_subsys/u_ibuf/ent_q[1][47]_i_2
INFO: [Physopt 32-662] Processed net u_soc/Core_cpu/u_ifu_subsys/u_ibuf/ent_q_reg[1]_24[47].  Did not re-place instance u_soc/Core_cpu/u_ifu_subsys/u_ibuf/ent_q_reg[1][47]
INFO: [Physopt 32-662] Processed net u_soc/Core_cpu/u_ifu_subsys/u_ibuf/p_0_in__0[86].  Did not re-place instance u_soc/Core_cpu/u_ifu_subsys/u_ibuf/ent_q[6][86]_i_7
INFO: [Physopt 32-662] Processed net u_soc/Core_cpu/u_ifu_subsys/u_ibuf/ent_q[6][86]_i_4_n_0.  Did not re-place instance u_soc/Core_cpu/u_ifu_subsys/u_ibuf/ent_q[6][86]_i_4
INFO: [Physopt 32-662] Processed net u_soc/Core_cpu/u_ifu_subsys/u_ibuf/ent_q[2][86]_i_1_n_0.  Did not re-place instance u_soc/Core_cpu/u_ifu_subsys/u_ibuf/ent_q[2][86]_i_1
INFO: [Physopt 32-662] Processed net u_soc/Core_cpu/u_ifu_subsys/u_ibuf/ent_q[2][86]_i_2_n_0.  Did not re-place instance u_soc/Core_cpu/u_ifu_subsys/u_ibuf/ent_q[2][86]_i_2
INFO: [Physopt 32-662] Processed net u_soc/Core_cpu/u_ifu_subsys/u_ibuf/ent_q_reg[2]_23[86].  Did not re-place instance u_soc/Core_cpu/u_ifu_subsys/u_ibuf/ent_q_reg[2][86]
INFO: [Physopt 32-662] Processed net u_soc/Core_cpu/u_ifu_subsys/u_btb/next_pc[4].  Did not re-place instance u_soc/Core_cpu/u_ifu_subsys/u_btb/q_row_idx[0][4]_i_1
INFO: [Physopt 32-662] Processed net u_soc/Core_cpu/u_ifu_subsys/u_ibuf/S[0].  Did not re-place instance u_soc/Core_cpu/u_ifu_subsys/u_ibuf/q_t0_idx[0]_i_7
INFO: [Physopt 32-662] Processed net u_soc/Core_cpu/u_ifu_subsys/u_ibuf/ent_q[7][87]_i_1_n_0.  Did not re-place instance u_soc/Core_cpu/u_ifu_subsys/u_ibuf/ent_q[7][87]_i_1
INFO: [Physopt 32-662] Processed net u_soc/Core_cpu/u_ifu_subsys/u_ibuf/ent_q[7][87]_i_2_n_0.  Did not re-place instance u_soc/Core_cpu/u_ifu_subsys/u_ibuf/ent_q[7][87]_i_2
INFO: [Physopt 32-662] Processed net u_soc/Core_cpu/u_ifu_subsys/u_ibuf/ent_q_reg[7]_26[87].  Did not re-place instance u_soc/Core_cpu/u_ifu_subsys/u_ibuf/ent_q_reg[7][87]
INFO: [Physopt 32-662] Processed net u_soc/Core_cpu/u_ifu_subsys/g_tage.u_tage/q_row_idx_reg[1]_0[2].  Did not re-place instance u_soc/Core_cpu/u_ifu_subsys/g_tage.u_tage/q_row_idx_reg[1][2]
INFO: [Physopt 32-662] Processed net u_soc/Core_cpu/u_ifu_subsys/u_ibuf/rst_cpu_reg_rep__14[4].  Did not re-place instance u_soc/Core_cpu/u_ifu_subsys/u_ibuf/q_row_tag[3][4]_i_1
INFO: [Physopt 32-662] Processed net u_soc/Core_cpu/u_ifu_subsys/g_tage.u_tage/q_row_tag_reg[3]_16[4].  Did not re-place instance u_soc/Core_cpu/u_ifu_subsys/g_tage.u_tage/q_row_tag_reg[3][4]
INFO: [Physopt 32-662] Processed net u_soc/Core_cpu/u_ifu_subsys/g_tage.u_tage/dir_pred[1].  Did not re-place instance u_soc/Core_cpu/u_ifu_subsys/g_tage.u_tage/ent_q[6][150]_i_8
INFO: [Physopt 32-662] Processed net u_soc/Core_cpu/u_ifu_subsys/g_tage.u_tage/p_0_in11_in.  Did not re-place instance u_soc/Core_cpu/u_ifu_subsys/g_tage.u_tage/q_t0_idx[1]_i_16
INFO: [Physopt 32-662] Processed net u_soc/Core_cpu/u_ifu_subsys/g_tage.u_tage/ent_q[6][150]_i_35_n_0.  Did not re-place instance u_soc/Core_cpu/u_ifu_subsys/g_tage.u_tage/ent_q[6][150]_i_35
INFO: [Physopt 32-662] Processed net u_soc/Core_cpu/u_ifu_subsys/g_tage.u_tage/ent_q[6][150]_i_22_n_0.  Did not re-place instance u_soc/Core_cpu/u_ifu_subsys/g_tage.u_tage/ent_q[6][150]_i_22
INFO: [Physopt 32-662] Processed net u_soc/Core_cpu/u_ifu_subsys/g_tage.u_tage/id_bht_chk[22]_i_13_n_0.  Did not re-place instance u_soc/Core_cpu/u_ifu_subsys/g_tage.u_tage/id_bht_chk[22]_i_13
INFO: [Physopt 32-662] Processed net u_soc/Core_cpu/u_ifu_subsys/g_tage.u_tage/ent_q[6][150]_i_55_n_0.  Did not re-place instance u_soc/Core_cpu/u_ifu_subsys/g_tage.u_tage/ent_q[6][150]_i_55
INFO: [Physopt 32-662] Processed net u_soc/Core_cpu/u_ifu_subsys/g_tage.u_tage/id_bht_chk[22]_i_44_n_0.  Did not re-place instance u_soc/Core_cpu/u_ifu_subsys/g_tage.u_tage/id_bht_chk[22]_i_44
INFO: [Physopt 32-662] Processed net u_soc/Core_cpu/u_ifu_subsys/g_tage.u_tage/ent_q[6][150]_i_48_n_0.  Did not re-place instance u_soc/Core_cpu/u_ifu_subsys/g_tage.u_tage/ent_q[6][150]_i_48
INFO: [Physopt 32-662] Processed net u_soc/Core_cpu/u_ifu_subsys/u_ibuf/p_0_in__0[56].  Did not re-place instance u_soc/Core_cpu/u_ifu_subsys/u_ibuf/ent_q[6][56]_i_6
INFO: [Physopt 32-662] Processed net u_soc/Core_cpu/u_ifu_subsys/u_ibuf/ent_q[6][56]_i_4_n_0.  Did not re-place instance u_soc/Core_cpu/u_ifu_subsys/u_ibuf/ent_q[6][56]_i_4
INFO: [Physopt 32-662] Processed net u_soc/Core_cpu/u_ifu_subsys/u_ibuf/ent_q[5][56]_i_1_n_0.  Did not re-place instance u_soc/Core_cpu/u_ifu_subsys/u_ibuf/ent_q[5][56]_i_1
INFO: [Physopt 32-662] Processed net u_soc/Core_cpu/u_ifu_subsys/u_ibuf/ent_q[5][56]_i_2_n_0.  Did not re-place instance u_soc/Core_cpu/u_ifu_subsys/u_ibuf/ent_q[5][56]_i_2
INFO: [Physopt 32-662] Processed net u_soc/Core_cpu/u_ifu_subsys/u_ibuf/ent_q_reg[5]_20[56].  Did not re-place instance u_soc/Core_cpu/u_ifu_subsys/u_ibuf/ent_q_reg[5][56]
INFO: [Physopt 32-662] Processed net u_soc/Core_cpu/u_ifu_subsys/u_ibuf/p_0_in__0[84]_repN.  Did not re-place instance u_soc/Core_cpu/u_ifu_subsys/u_ibuf/ent_q[6][84]_i_6_replica
INFO: [Physopt 32-663] Processed net u_soc/Core_cpu/u_ifu_subsys/u_ibuf/ent_q[237].  Re-placed instance u_soc/Core_cpu/u_ifu_subsys/u_ibuf/ent_q[6][84]_i_5
INFO: [Physopt 32-662] Processed net u_soc/Core_cpu/u_ifu_subsys/u_ibuf/ent_q[6][84]_i_2_n_0.  Did not re-place instance u_soc/Core_cpu/u_ifu_subsys/u_ibuf/ent_q[6][84]_i_2
INFO: [Physopt 32-662] Processed net u_soc/Core_cpu/u_ifu_subsys/u_ibuf/p_1_in[84].  Did not re-place instance u_soc/Core_cpu/u_ifu_subsys/u_ibuf/ent_q[6][84]_i_1
INFO: [Physopt 32-662] Processed net u_soc/Core_cpu/u_ifu_subsys/u_ibuf/ent_q_reg[6]_19[84].  Did not re-place instance u_soc/Core_cpu/u_ifu_subsys/u_ibuf/ent_q_reg[6][84]
INFO: [Physopt 32-662] Processed net u_soc/Core_cpu/u_ifu_subsys/u_ibuf/p_0_in__0[83].  Did not re-place instance u_soc/Core_cpu/u_ifu_subsys/u_ibuf/ent_q[6][83]_i_6
INFO: [Physopt 32-662] Processed net u_soc/Core_cpu/u_ifu_subsys/u_ibuf/ent_q[6][83]_i_3_n_0.  Did not re-place instance u_soc/Core_cpu/u_ifu_subsys/u_ibuf/ent_q[6][83]_i_3
INFO: [Physopt 32-662] Processed net u_soc/Core_cpu/u_ifu_subsys/u_ibuf/ent_q[6][84]_i_3_n_0.  Did not re-place instance u_soc/Core_cpu/u_ifu_subsys/u_ibuf/ent_q[6][84]_i_3
INFO: [Physopt 32-662] Processed net u_soc/Core_cpu/u_ifu_subsys/u_ibuf/p_0_in__0[84].  Did not re-place instance u_soc/Core_cpu/u_ifu_subsys/u_ibuf/ent_q[6][84]_i_6
INFO: [Physopt 32-662] Processed net u_soc/Core_cpu/u_ifu_subsys/u_ibuf/ent_q[0][83]_i_1_n_0.  Did not re-place instance u_soc/Core_cpu/u_ifu_subsys/u_ibuf/ent_q[0][83]_i_1
INFO: [Physopt 32-662] Processed net u_soc/Core_cpu/u_ifu_subsys/u_ibuf/ent_q[0][83]_i_2_n_0.  Did not re-place instance u_soc/Core_cpu/u_ifu_subsys/u_ibuf/ent_q[0][83]_i_2
INFO: [Physopt 32-662] Processed net u_soc/Core_cpu/u_ifu_subsys/u_ibuf/ent_q[7][84]_i_1_n_0.  Did not re-place instance u_soc/Core_cpu/u_ifu_subsys/u_ibuf/ent_q[7][84]_i_1
INFO: [Physopt 32-662] Processed net u_soc/Core_cpu/u_ifu_subsys/u_ibuf/ent_q[7][84]_i_2_n_0.  Did not re-place instance u_soc/Core_cpu/u_ifu_subsys/u_ibuf/ent_q[7][84]_i_2
INFO: [Physopt 32-662] Processed net u_soc/Core_cpu/u_ifu_subsys/u_ibuf/ent_q_reg[0]_25[83].  Did not re-place instance u_soc/Core_cpu/u_ifu_subsys/u_ibuf/ent_q_reg[0][83]
INFO: [Physopt 32-662] Processed net u_soc/Core_cpu/u_ifu_subsys/u_ibuf/ent_q_reg[7]_26[84].  Did not re-place instance u_soc/Core_cpu/u_ifu_subsys/u_ibuf/ent_q_reg[7][84]
INFO: [Physopt 32-662] Processed net u_soc/Core_cpu/u_ifu_subsys/u_btb/next_pc[2].  Did not re-place instance u_soc/Core_cpu/u_ifu_subsys/u_btb/q_row_idx[0][2]_i_1
INFO: [Physopt 32-662] Processed net u_soc/Core_cpu/u_ifu_subsys/g_tage.u_tage/q_row_idx_reg[2]_4[1].  Did not re-place instance u_soc/Core_cpu/u_ifu_subsys/g_tage.u_tage/q_row_idx_reg[2][1]
INFO: [Physopt 32-662] Processed net u_soc/Core_cpu/u_ifu_subsys/g_tage.u_tage/id_bht_chk[22]_i_37_n_0.  Did not re-place instance u_soc/Core_cpu/u_ifu_subsys/g_tage.u_tage/id_bht_chk[22]_i_37
INFO: [Physopt 32-662] Processed net u_soc/Core_cpu/u_ifu_subsys/u_ibuf/iu_red_ghr_q_reg[7]_0[1].  Did not re-place instance u_soc/Core_cpu/u_ifu_subsys/u_ibuf/q_row_idx[2][1]_i_1
INFO: [Physopt 32-662] Processed net u_soc/Core_cpu/u_ifu_subsys/u_ibuf/ent_q[393].  Did not re-place instance u_soc/Core_cpu/u_ifu_subsys/u_ibuf/ent_q[5][87]_i_3
INFO: [Physopt 32-662] Processed net u_soc/Core_cpu/u_ifu_subsys/g_tage.u_tage/id_bht_chk[22]_i_38_n_0.  Did not re-place instance u_soc/Core_cpu/u_ifu_subsys/g_tage.u_tage/id_bht_chk[22]_i_38
INFO: [Physopt 32-662] Processed net u_soc/Core_cpu/u_ifu_subsys/g_tage.u_tage/ent_q[6][150]_i_25_n_0.  Did not re-place instance u_soc/Core_cpu/u_ifu_subsys/g_tage.u_tage/ent_q[6][150]_i_25
INFO: [Physopt 32-662] Processed net u_soc/Core_cpu/u_ifu_subsys/g_tage.u_tage/ent_q[6][150]_i_47_n_0.  Did not re-place instance u_soc/Core_cpu/u_ifu_subsys/g_tage.u_tage/ent_q[6][150]_i_47
INFO: [Physopt 32-662] Processed net u_soc/Core_cpu/u_ifu_subsys/u_ibuf/p_0_in__0[58].  Did not re-place instance u_soc/Core_cpu/u_ifu_subsys/u_ibuf/ent_q[6][58]_i_5
INFO: [Physopt 32-662] Processed net u_soc/Core_cpu/u_ifu_subsys/u_ibuf/ent_q[6][58]_i_3_n_0.  Did not re-place instance u_soc/Core_cpu/u_ifu_subsys/u_ibuf/ent_q[6][58]_i_3
INFO: [Physopt 32-662] Processed net u_soc/Core_cpu/u_ifu_subsys/g_tage.u_tage/ent_q[6][150]_i_45_n_0.  Did not re-place instance u_soc/Core_cpu/u_ifu_subsys/g_tage.u_tage/ent_q[6][150]_i_45
INFO: [Physopt 32-662] Processed net u_soc/Core_cpu/u_ifu_subsys/g_tage.u_tage/id_bht_chk[22]_i_21_n_0.  Did not re-place instance u_soc/Core_cpu/u_ifu_subsys/g_tage.u_tage/id_bht_chk[22]_i_21
INFO: [Physopt 32-662] Processed net u_soc/Core_cpu/u_ifu_subsys/u_ibuf/ent_q[7][58]_i_1_n_0.  Did not re-place instance u_soc/Core_cpu/u_ifu_subsys/u_ibuf/ent_q[7][58]_i_1
INFO: [Physopt 32-662] Processed net u_soc/Core_cpu/u_ifu_subsys/u_ibuf/ent_q[7][58]_i_2_n_0.  Did not re-place instance u_soc/Core_cpu/u_ifu_subsys/u_ibuf/ent_q[7][58]_i_2
INFO: [Physopt 32-662] Processed net u_soc/Core_cpu/u_ifu_subsys/u_ibuf/ent_q_reg[7]_26[58].  Did not re-place instance u_soc/Core_cpu/u_ifu_subsys/u_ibuf/ent_q_reg[7][58]
INFO: [Physopt 32-662] Processed net u_soc/Core_cpu/u_ifu_subsys/u_ibuf/p_0_in__0[46].  Did not re-place instance u_soc/Core_cpu/u_ifu_subsys/u_ibuf/ent_q[6][46]_i_5
INFO: [Physopt 32-662] Processed net u_soc/Core_cpu/u_ifu_subsys/u_ibuf/ent_q[6][46]_i_3_n_0.  Did not re-place instance u_soc/Core_cpu/u_ifu_subsys/u_ibuf/ent_q[6][46]_i_3
INFO: [Physopt 32-662] Processed net u_soc/Core_cpu/u_ifu_subsys/u_ibuf/ent_q[5][46]_i_1_n_0.  Did not re-place instance u_soc/Core_cpu/u_ifu_subsys/u_ibuf/ent_q[5][46]_i_1
INFO: [Physopt 32-662] Processed net u_soc/Core_cpu/u_ifu_subsys/u_ibuf/ent_q[5][46]_i_2_n_0.  Did not re-place instance u_soc/Core_cpu/u_ifu_subsys/u_ibuf/ent_q[5][46]_i_2
INFO: [Physopt 32-662] Processed net u_soc/Core_cpu/u_ifu_subsys/u_ibuf/ent_q_reg[5]_20[46].  Did not re-place instance u_soc/Core_cpu/u_ifu_subsys/u_ibuf/ent_q_reg[5][46]
INFO: [Physopt 32-662] Processed net u_soc/Core_cpu/u_ifu_subsys/g_tage.u_tage/ent_q[6][150]_i_62_n_0.  Did not re-place instance u_soc/Core_cpu/u_ifu_subsys/g_tage.u_tage/ent_q[6][150]_i_62
INFO: [Physopt 32-662] Processed net u_soc/Core_cpu/u_ifu_subsys/g_tage.u_tage/ent_q[6][150]_i_64_n_0.  Did not re-place instance u_soc/Core_cpu/u_ifu_subsys/g_tage.u_tage/ent_q[6][150]_i_64
INFO: [Physopt 32-662] Processed net u_soc/Core_cpu/u_ifu_subsys/u_ibuf/ent_q[0][47]_i_1_n_0.  Did not re-place instance u_soc/Core_cpu/u_ifu_subsys/u_ibuf/ent_q[0][47]_i_1
INFO: [Physopt 32-662] Processed net u_soc/Core_cpu/u_ifu_subsys/u_ibuf/ent_q[0][47]_i_2_n_0.  Did not re-place instance u_soc/Core_cpu/u_ifu_subsys/u_ibuf/ent_q[0][47]_i_2
INFO: [Physopt 32-662] Processed net u_soc/Core_cpu/u_ifu_subsys/u_ibuf/ent_q[4][83]_i_1_n_0.  Did not re-place instance u_soc/Core_cpu/u_ifu_subsys/u_ibuf/ent_q[4][83]_i_1
INFO: [Physopt 32-662] Processed net u_soc/Core_cpu/u_ifu_subsys/u_ibuf/ent_q[4][83]_i_2_n_0.  Did not re-place instance u_soc/Core_cpu/u_ifu_subsys/u_ibuf/ent_q[4][83]_i_2
INFO: [Physopt 32-662] Processed net u_soc/Core_cpu/u_ifu_subsys/u_ibuf/ent_q_reg[0]_25[47].  Did not re-place instance u_soc/Core_cpu/u_ifu_subsys/u_ibuf/ent_q_reg[0][47]
INFO: [Physopt 32-662] Processed net u_soc/Core_cpu/u_ifu_subsys/u_ibuf/ent_q_reg[4]_21[83].  Did not re-place instance u_soc/Core_cpu/u_ifu_subsys/u_ibuf/ent_q_reg[4][83]
INFO: [Physopt 32-662] Processed net u_soc/Core_cpu/u_ifu_subsys/u_btb/q_t0_idx[1]_i_7_n_0.  Did not re-place instance u_soc/Core_cpu/u_ifu_subsys/u_btb/q_t0_idx[1]_i_7
INFO: [Physopt 32-662] Processed net u_soc/Core_cpu/u_ifu_subsys/u_ibuf/p_0_in__0[57].  Did not re-place instance u_soc/Core_cpu/u_ifu_subsys/u_ibuf/ent_q[6][57]_i_5
INFO: [Physopt 32-662] Processed net u_soc/Core_cpu/u_ifu_subsys/u_ibuf/ent_q[6][57]_i_3_n_0.  Did not re-place instance u_soc/Core_cpu/u_ifu_subsys/u_ibuf/ent_q[6][57]_i_3
INFO: [Physopt 32-662] Processed net u_soc/Core_cpu/u_ifu_subsys/u_ibuf/ent_q[4][57]_i_1_n_0.  Did not re-place instance u_soc/Core_cpu/u_ifu_subsys/u_ibuf/ent_q[4][57]_i_1
INFO: [Physopt 32-662] Processed net u_soc/Core_cpu/u_ifu_subsys/u_ibuf/ent_q[4][57]_i_2_n_0.  Did not re-place instance u_soc/Core_cpu/u_ifu_subsys/u_ibuf/ent_q[4][57]_i_2
INFO: [Physopt 32-662] Processed net u_soc/Core_cpu/u_ifu_subsys/u_ibuf/ent_q_reg[4]_21[57].  Did not re-place instance u_soc/Core_cpu/u_ifu_subsys/u_ibuf/ent_q_reg[4][57]
INFO: [Physopt 32-662] Processed net u_soc/Core_cpu/u_ifu_subsys/u_ibuf/ent_q[7][47]_i_1_n_0.  Did not re-place instance u_soc/Core_cpu/u_ifu_subsys/u_ibuf/ent_q[7][47]_i_1
INFO: [Physopt 32-662] Processed net u_soc/Core_cpu/u_ifu_subsys/u_ibuf/ent_q[7][47]_i_2_n_0.  Did not re-place instance u_soc/Core_cpu/u_ifu_subsys/u_ibuf/ent_q[7][47]_i_2
INFO: [Physopt 32-662] Processed net u_soc/Core_cpu/u_ifu_subsys/u_ibuf/ent_q_reg[7]_26[47].  Did not re-place instance u_soc/Core_cpu/u_ifu_subsys/u_ibuf/ent_q_reg[7][47]
INFO: [Physopt 32-662] Processed net u_soc/Core_cpu/u_ifu_subsys/u_ibuf/p_0_in__0[131].  Did not re-place instance u_soc/Core_cpu/u_ifu_subsys/u_ibuf/ent_q[6][131]_i_5
INFO: [Physopt 32-662] Processed net u_soc/Core_cpu/u_ifu_subsys/u_ibuf/p_0_in__0[42].  Did not re-place instance u_soc/Core_cpu/u_ifu_subsys/u_ibuf/ent_q[6][42]_i_5
INFO: [Physopt 32-662] Processed net u_soc/Core_cpu/u_ifu_subsys/u_ibuf/p_0_in__0[88].  Did not re-place instance u_soc/Core_cpu/u_ifu_subsys/u_ibuf/ent_q[6][88]_i_7
INFO: [Physopt 32-662] Processed net u_soc/Core_cpu/u_ifu_subsys/u_ibuf/ent_q[6][131]_i_3_n_0.  Did not re-place instance u_soc/Core_cpu/u_ifu_subsys/u_ibuf/ent_q[6][131]_i_3
INFO: [Physopt 32-662] Processed net u_soc/Core_cpu/u_ifu_subsys/u_ibuf/ent_q[6][42]_i_3_n_0.  Did not re-place instance u_soc/Core_cpu/u_ifu_subsys/u_ibuf/ent_q[6][42]_i_3
INFO: [Physopt 32-662] Processed net u_soc/Core_cpu/u_ifu_subsys/u_ibuf/ent_q[6][88]_i_4_n_0.  Did not re-place instance u_soc/Core_cpu/u_ifu_subsys/u_ibuf/ent_q[6][88]_i_4
INFO: [Physopt 32-662] Processed net u_soc/Core_cpu/u_ifu_subsys/g_tage.u_tage/ent_q[6][150]_i_46_n_0.  Did not re-place instance u_soc/Core_cpu/u_ifu_subsys/g_tage.u_tage/ent_q[6][150]_i_46
INFO: [Physopt 32-662] Processed net u_soc/Core_cpu/u_ifu_subsys/u_ibuf/ent_q[2][131]_i_1_n_0.  Did not re-place instance u_soc/Core_cpu/u_ifu_subsys/u_ibuf/ent_q[2][131]_i_1
INFO: [Physopt 32-662] Processed net u_soc/Core_cpu/u_ifu_subsys/u_ibuf/ent_q[2][131]_i_2_n_0.  Did not re-place instance u_soc/Core_cpu/u_ifu_subsys/u_ibuf/ent_q[2][131]_i_2
INFO: [Physopt 32-662] Processed net u_soc/Core_cpu/u_ifu_subsys/u_ibuf/ent_q[6][42]_i_2_n_0.  Did not re-place instance u_soc/Core_cpu/u_ifu_subsys/u_ibuf/ent_q[6][42]_i_2
INFO: [Physopt 32-662] Processed net u_soc/Core_cpu/u_ifu_subsys/u_ibuf/ent_q[7][88]_i_1_n_0.  Did not re-place instance u_soc/Core_cpu/u_ifu_subsys/u_ibuf/ent_q[7][88]_i_1
INFO: [Physopt 32-662] Processed net u_soc/Core_cpu/u_ifu_subsys/u_ibuf/ent_q[7][88]_i_2_n_0.  Did not re-place instance u_soc/Core_cpu/u_ifu_subsys/u_ibuf/ent_q[7][88]_i_2
INFO: [Physopt 32-662] Processed net u_soc/Core_cpu/u_ifu_subsys/u_ibuf/p_1_in[42].  Did not re-place instance u_soc/Core_cpu/u_ifu_subsys/u_ibuf/ent_q[6][42]_i_1
INFO: [Physopt 32-662] Processed net u_soc/Core_cpu/u_ifu_subsys/u_ibuf/rst_cpu_reg_rep__14[1].  Did not re-place instance u_soc/Core_cpu/u_ifu_subsys/u_ibuf/q_row_tag[3][1]_i_1
INFO: [Physopt 32-662] Processed net u_soc/Core_cpu/u_ifu_subsys/u_ibuf/ent_q_reg[2]_23[131].  Did not re-place instance u_soc/Core_cpu/u_ifu_subsys/u_ibuf/ent_q_reg[2][131]
INFO: [Physopt 32-662] Processed net u_soc/Core_cpu/u_ifu_subsys/u_ibuf/ent_q_reg[6]_19[42].  Did not re-place instance u_soc/Core_cpu/u_ifu_subsys/u_ibuf/ent_q_reg[6][42]
INFO: [Physopt 32-662] Processed net u_soc/Core_cpu/u_ifu_subsys/u_ibuf/ent_q_reg[7]_26[88].  Did not re-place instance u_soc/Core_cpu/u_ifu_subsys/u_ibuf/ent_q_reg[7][88]
INFO: [Physopt 32-662] Processed net u_soc/Core_cpu/u_ifu_subsys/g_tage.u_tage/q_row_tag_reg[3]_16[1].  Did not re-place instance u_soc/Core_cpu/u_ifu_subsys/g_tage.u_tage/q_row_tag_reg[3][1]
INFO: [Physopt 32-662] Processed net u_soc/Core_cpu/u_ifu_subsys/u_ibuf/ent_q[4][131]_i_1_n_0.  Did not re-place instance u_soc/Core_cpu/u_ifu_subsys/u_ibuf/ent_q[4][131]_i_1
INFO: [Physopt 32-662] Processed net u_soc/Core_cpu/u_ifu_subsys/u_ibuf/ent_q[4][131]_i_2_n_0.  Did not re-place instance u_soc/Core_cpu/u_ifu_subsys/u_ibuf/ent_q[4][131]_i_2
INFO: [Physopt 32-662] Processed net u_soc/Core_cpu/u_ifu_subsys/u_ibuf/ent_q[590].  Did not re-place instance u_soc/Core_cpu/u_ifu_subsys/u_ibuf/ent_q[4][131]_i_3
INFO: [Physopt 32-662] Processed net u_soc/Core_cpu/u_ifu_subsys/u_ibuf/ent_q_reg[4]_21[131].  Did not re-place instance u_soc/Core_cpu/u_ifu_subsys/u_ibuf/ent_q_reg[4][131]
INFO: [Physopt 32-662] Processed net u_soc/Core_cpu/u_ifu_subsys/u_ibuf/p_0_in__0[85].  Did not re-place instance u_soc/Core_cpu/u_ifu_subsys/u_ibuf/ent_q[6][85]_i_6
INFO: [Physopt 32-662] Processed net u_soc/Core_cpu/u_ifu_subsys/u_ibuf/ent_q[6][85]_i_3_n_0.  Did not re-place instance u_soc/Core_cpu/u_ifu_subsys/u_ibuf/ent_q[6][85]_i_3
INFO: [Physopt 32-662] Processed net u_soc/Core_cpu/u_ifu_subsys/g_tage.u_tage/id_bht_chk[22]_i_34_n_0.  Did not re-place instance u_soc/Core_cpu/u_ifu_subsys/g_tage.u_tage/id_bht_chk[22]_i_34
INFO: [Physopt 32-662] Processed net u_soc/Core_cpu/u_ifu_subsys/g_tage.u_tage/id_bht_chk[22]_i_28_n_0.  Did not re-place instance u_soc/Core_cpu/u_ifu_subsys/g_tage.u_tage/id_bht_chk[22]_i_28
INFO: [Physopt 32-662] Processed net u_soc/Core_cpu/u_ifu_subsys/g_tage.u_tage/id_bht_chk[22]_i_15_n_0.  Did not re-place instance u_soc/Core_cpu/u_ifu_subsys/g_tage.u_tage/id_bht_chk[22]_i_15
INFO: [Physopt 32-662] Processed net u_soc/Core_cpu/u_ifu_subsys/u_ibuf/ent_q[3][85]_i_1_n_0.  Did not re-place instance u_soc/Core_cpu/u_ifu_subsys/u_ibuf/ent_q[3][85]_i_1
INFO: [Physopt 32-662] Processed net u_soc/Core_cpu/u_ifu_subsys/u_ibuf/ent_q[3][85]_i_2_n_0.  Did not re-place instance u_soc/Core_cpu/u_ifu_subsys/u_ibuf/ent_q[3][85]_i_2
INFO: [Physopt 32-662] Processed net u_soc/Core_cpu/u_ifu_subsys/u_ibuf/ent_q[6][83]_i_2_n_0.  Did not re-place instance u_soc/Core_cpu/u_ifu_subsys/u_ibuf/ent_q[6][83]_i_2
INFO: [Physopt 32-662] Processed net u_soc/Core_cpu/u_ifu_subsys/u_ibuf/p_1_in[83].  Did not re-place instance u_soc/Core_cpu/u_ifu_subsys/u_ibuf/ent_q[6][83]_i_1
INFO: [Physopt 32-662] Processed net u_soc/Core_cpu/u_ifu_subsys/u_ibuf/ent_q_reg[3]_22[85].  Did not re-place instance u_soc/Core_cpu/u_ifu_subsys/u_ibuf/ent_q_reg[3][85]
INFO: [Physopt 32-662] Processed net u_soc/Core_cpu/u_ifu_subsys/u_ibuf/ent_q_reg[6]_19[83].  Did not re-place instance u_soc/Core_cpu/u_ifu_subsys/u_ibuf/ent_q_reg[6][83]
INFO: [Physopt 32-662] Processed net u_soc/Core_cpu/u_ifu_subsys/u_ibuf/p_0_in__0[130].  Did not re-place instance u_soc/Core_cpu/u_ifu_subsys/u_ibuf/ent_q[6][130]_i_5
INFO: [Physopt 32-662] Processed net u_soc/Core_cpu/u_ifu_subsys/u_ibuf/p_0_in__0[136].  Did not re-place instance u_soc/Core_cpu/u_ifu_subsys/u_ibuf/ent_q[6][136]_i_5
INFO: [Physopt 32-662] Processed net u_soc/Core_cpu/u_ifu_subsys/u_ibuf/p_0_in__0[40].  Did not re-place instance u_soc/Core_cpu/u_ifu_subsys/u_ibuf/ent_q[6][40]_i_7
INFO: [Physopt 32-662] Processed net u_soc/Core_cpu/u_ifu_subsys/u_ibuf/p_0_in__0[60].  Did not re-place instance u_soc/Core_cpu/u_ifu_subsys/u_ibuf/ent_q[6][60]_i_8
INFO: [Physopt 32-662] Processed net u_soc/Core_cpu/u_ifu_subsys/u_ibuf/ent_q[6][130]_i_3_n_0.  Did not re-place instance u_soc/Core_cpu/u_ifu_subsys/u_ibuf/ent_q[6][130]_i_3
INFO: [Physopt 32-662] Processed net u_soc/Core_cpu/u_ifu_subsys/u_ibuf/ent_q[6][136]_i_3_n_0.  Did not re-place instance u_soc/Core_cpu/u_ifu_subsys/u_ibuf/ent_q[6][136]_i_3
INFO: [Physopt 32-662] Processed net u_soc/Core_cpu/u_ifu_subsys/u_ibuf/ent_q[6][40]_i_4_n_0.  Did not re-place instance u_soc/Core_cpu/u_ifu_subsys/u_ibuf/ent_q[6][40]_i_4
INFO: [Physopt 32-662] Processed net u_soc/Core_cpu/u_ifu_subsys/u_ibuf/ent_q[6][60]_i_5_n_0.  Did not re-place instance u_soc/Core_cpu/u_ifu_subsys/u_ibuf/ent_q[6][60]_i_5
INFO: [Physopt 32-662] Processed net u_soc/Core_cpu/u_ifu_subsys/u_ibuf/D[6].  Did not re-place instance u_soc/Core_cpu/u_ifu_subsys/u_ibuf/ghr_q[8]_i_1
INFO: [Physopt 32-662] Processed net u_soc/Core_cpu/u_ifu_subsys/u_ibuf/ghr_q[8]_i_2_n_0.  Did not re-place instance u_soc/Core_cpu/u_ifu_subsys/u_ibuf/ghr_q[8]_i_2
INFO: [Physopt 32-662] Processed net u_soc/Core_cpu/u_ifu_subsys/u_ibuf/ent_q[0][130]_i_1_n_0.  Did not re-place instance u_soc/Core_cpu/u_ifu_subsys/u_ibuf/ent_q[0][130]_i_1
INFO: [Physopt 32-662] Processed net u_soc/Core_cpu/u_ifu_subsys/u_ibuf/ent_q[0][130]_i_2_n_0.  Did not re-place instance u_soc/Core_cpu/u_ifu_subsys/u_ibuf/ent_q[0][130]_i_2
INFO: [Physopt 32-662] Processed net u_soc/Core_cpu/u_ifu_subsys/u_ibuf/ent_q[2][87]_i_1_n_0.  Did not re-place instance u_soc/Core_cpu/u_ifu_subsys/u_ibuf/ent_q[2][87]_i_1
INFO: [Physopt 32-661] Optimized 1 net.  Re-placed 1 instance.
INFO: [Physopt 32-775] End 1 Pass. Optimized 1 net or cell. Created 0 new cell, deleted 0 existing cell and moved 1 existing cell
INFO: [Physopt 32-619] Estimated Timing Summary | WNS=-0.107 | TNS=-0.677 |
Netlist sorting complete. Time (s): cpu = 00:00:00 ; elapsed = 00:00:00 . Memory (MB): peak = 3513.953 ; gain = 0.000 ; free physical = 69760 ; free virtual = 951234
Phase 15 Single Cell Placement Optimization | Checksum: c098e287

Time (s): cpu = 00:03:34 ; elapsed = 00:00:51 . Memory (MB): peak = 3513.953 ; gain = 0.000 ; free physical = 69760 ; free virtual = 951234

Phase 16 Multi Cell Placement Optimization
INFO: [Physopt 32-660] Identified 100 candidate nets for placement-based optimization.
INFO: [Physopt 32-662] Processed net u_soc/Core_cpu/u_ifu_subsys/u_btb/btb_t1.  Did not re-place instance u_soc/Core_cpu/u_ifu_subsys/u_btb/id_pred_npc[31]_i_5/O
INFO: [Physopt 32-662] Processed net u_soc/Core_cpu/u_ifu_subsys/u_ibuf/ghr_cnt_return[0].  Did not re-place instance u_soc/Core_cpu/u_ifu_subsys/u_ibuf/ghr_q[13]_i_3/O
INFO: [Physopt 32-662] Processed net u_soc/Core_cpu/u_ifu_subsys/u_ibuf/p_2_in.  Did not re-place instance u_soc/Core_cpu/u_ifu_subsys/u_ibuf/q_row_idx[1][2]_i_7/O
INFO: [Physopt 32-662] Processed net u_soc/Core_cpu/u_ifu_subsys/g_tage.u_tage/ent_q[6][150]_i_61_n_0.  Did not re-place instance u_soc/Core_cpu/u_ifu_subsys/g_tage.u_tage/ent_q[6][150]_i_61/O
INFO: [Physopt 32-662] Processed net u_soc/Core_cpu/u_ifu_subsys/u_icache/u_tag_way1/u_prim/push_num[2].  Did not re-place instance u_soc/Core_cpu/u_ifu_subsys/u_icache/u_tag_way1/u_prim/cnt_q[4]_i_6/O
INFO: [Physopt 32-662] Processed net u_soc/Core_cpu/u_ifu_subsys/u_ibuf/cnt_q_reg[4]_0.  Did not re-place instance u_soc/Core_cpu/u_ifu_subsys/u_ibuf/cnt_q[4]_i_4/O
INFO: [Physopt 32-662] Processed net u_soc/Core_cpu/u_ifu_subsys/u_btb/taken_slot[0].  Did not re-place instance u_soc/Core_cpu/u_ifu_subsys/u_btb/cnt_q[0]_i_7/O
INFO: [Physopt 32-662] Processed net u_soc/Core_cpu/u_ifu_subsys/u_ibuf/iu_red_ghr_q_reg[7].  Did not re-place instance u_soc/Core_cpu/u_ifu_subsys/u_ibuf/q_row_idx[3][1]_i_2/O
INFO: [Physopt 32-662] Processed net u_soc/Core_cpu/u_ifu_subsys/g_tage.u_tage/init_done_q_reg_inv_0.  Did not re-place instance u_soc/Core_cpu/u_ifu_subsys/g_tage.u_tage/id_bht_chk[22]_i_4/O
INFO: [Physopt 32-662] Processed net u_soc/Core_cpu/u_ifu_subsys/g_tage.u_tage/id_bht_chk[22]_i_36_n_0.  Did not re-place instance u_soc/Core_cpu/u_ifu_subsys/g_tage.u_tage/id_bht_chk[22]_i_36/O
INFO: [Physopt 32-662] Processed net u_soc/Core_cpu/u_ifu_subsys/u_ibuf/q_row_idx[2][1]_i_2_n_0.  Did not re-place instance u_soc/Core_cpu/u_ifu_subsys/u_ibuf/q_row_idx[2][1]_i_2/O
INFO: [Physopt 32-662] Processed net u_soc/Core_cpu/u_ifu_subsys/g_tage.u_tage/id_bht_chk[22]_i_18_n_0.  Did not re-place instance u_soc/Core_cpu/u_ifu_subsys/g_tage.u_tage/id_bht_chk[22]_i_18/O
INFO: [Physopt 32-662] Processed net u_soc/Core_cpu/u_ifu_subsys/g_tage.u_tage/id_bht_chk[22]_i_9_n_0.  Did not re-place instance u_soc/Core_cpu/u_ifu_subsys/g_tage.u_tage/id_bht_chk[22]_i_9/O
INFO: [Physopt 32-662] Processed net u_soc/Core_cpu/u_ifu_subsys/u_ibuf/row_index_w2_return[1].  Did not re-place instance u_soc/Core_cpu/u_ifu_subsys/u_ibuf/q_row_idx[3][1]_i_1/O
INFO: [Physopt 32-662] Processed net u_soc/Core_cpu/u_ifu_subsys/u_ibuf/q_row_idx[2][1]_i_3_n_0.  Did not re-place instance u_soc/Core_cpu/u_ifu_subsys/u_ibuf/q_row_idx[2][1]_i_3/O
INFO: [Physopt 32-662] Processed net u_soc/Core_cpu/u_ifu_subsys/u_btb/q_pc_q_reg[2]_rep_1.  Did not re-place instance u_soc/Core_cpu/u_ifu_subsys/u_btb/q_row_idx[1][2]_i_4/O
INFO: [Physopt 32-662] Processed net u_soc/Core_cpu/u_ifu_subsys/u_ibuf/cnt_q_reg[4]_2[1].  Did not re-place instance u_soc/Core_cpu/u_ifu_subsys/u_ibuf/cnt_q[4]_i_5/O
INFO: [Physopt 32-662] Processed net u_soc/Core_cpu/u_ifu_subsys/u_ibuf/p_3_in.  Did not re-place instance u_soc/Core_cpu/u_ifu_subsys/u_ibuf/ghr_q[3]_i_2/O
INFO: [Physopt 32-662] Processed net u_soc/Core_cpu/u_ifu_subsys/u_icache/u_tag_way1/u_prim/push_num[1].  Did not re-place instance u_soc/Core_cpu/u_ifu_subsys/u_icache/u_tag_way1/u_prim/q_t0_idx[0]_i_9/O
INFO: [Physopt 32-662] Processed net u_soc/Core_cpu/u_ifu_subsys/u_ibuf/ghr_cnt_return[1].  Did not re-place instance u_soc/Core_cpu/u_ifu_subsys/u_ibuf/q_row_idx[1][2]_i_8/O
INFO: [Physopt 32-662] Processed net u_soc/Core_cpu/u_ifu_subsys/u_ibuf/ghr_q[13]_i_5_n_0.  Did not re-place instance u_soc/Core_cpu/u_ifu_subsys/u_ibuf/ghr_q[13]_i_5/O
INFO: [Physopt 32-662] Processed net u_soc/Core_cpu/u_ifu_subsys/u_ibuf/D[10].  Did not re-place instance u_soc/Core_cpu/u_ifu_subsys/u_ibuf/ghr_q[12]_i_1/O
INFO: [Physopt 32-662] Processed net u_soc/Core_cpu/u_ifu_subsys/u_ibuf/ghr_q[13]_i_4_n_0.  Did not re-place instance u_soc/Core_cpu/u_ifu_subsys/u_ibuf/ghr_q[13]_i_4/O
INFO: [Physopt 32-662] Processed net u_soc/Core_cpu/u_ifu_subsys/u_ibuf/row_index_w2_return[0].  Did not re-place instance u_soc/Core_cpu/u_ifu_subsys/u_ibuf/q_row_idx[3][0]_i_1/O
INFO: [Physopt 32-662] Processed net u_soc/Core_cpu/u_ifu_subsys/u_ibuf/q_row_idx[2][1]_i_4_n_0.  Did not re-place instance u_soc/Core_cpu/u_ifu_subsys/u_ibuf/q_row_idx[2][1]_i_4/O
INFO: [Physopt 32-662] Processed net u_soc/Core_cpu/u_ifu_subsys/u_ibuf/D[4].  Did not re-place instance u_soc/Core_cpu/u_ifu_subsys/u_ibuf/ghr_q[6]_i_1/O
INFO: [Physopt 32-662] Processed net u_soc/Core_cpu/u_ifu_subsys/u_ibuf/ghr_q[7]_i_2_n_0.  Did not re-place instance u_soc/Core_cpu/u_ifu_subsys/u_ibuf/ghr_q[7]_i_2/O
INFO: [Physopt 32-662] Processed net u_soc/Core_cpu/u_ifu_subsys/u_ibuf/iu_red_ghr_q_reg[7]_0[0].  Did not re-place instance u_soc/Core_cpu/u_ifu_subsys/u_ibuf/q_row_idx[2][0]_i_1/O
INFO: [Physopt 32-662] Processed net u_soc/Core_cpu/u_ifu_subsys/u_ibuf/ghr_cnt_return[2].  Did not re-place instance u_soc/Core_cpu/u_ifu_subsys/u_ibuf/q_row_idx[1][2]_i_9/O
INFO: [Physopt 32-662] Processed net u_soc/Core_cpu/u_ifu_subsys/u_ibuf/iu_red_vld_q_reg_1.  Did not re-place instance u_soc/Core_cpu/u_ifu_subsys/u_ibuf/q_row_idx[3][3]_i_2/O
INFO: [Physopt 32-662] Processed net u_soc/Core_cpu/u_ifu_subsys/u_ibuf/iu_red_vld_q_reg_0[2].  Did not re-place instance u_soc/Core_cpu/u_ifu_subsys/u_ibuf/q_row_idx[1][3]_i_1/O
INFO: [Physopt 32-662] Processed net u_soc/Core_cpu/u_ifu_subsys/u_ibuf/q_row_idx[3][3]_i_3_n_0.  Did not re-place instance u_soc/Core_cpu/u_ifu_subsys/u_ibuf/q_row_idx[3][3]_i_3/O
INFO: [Physopt 32-662] Processed net u_soc/Core_cpu/u_ifu_subsys/g_tage.u_tage/iu_red_vld_q_reg.  Did not re-place instance u_soc/Core_cpu/u_ifu_subsys/g_tage.u_tage/ghr_q[0]_i_1/O
INFO: [Physopt 32-662] Processed net u_soc/Core_cpu/u_ifu_subsys/u_ibuf/ghr_q_reg[0].  Did not re-place instance u_soc/Core_cpu/u_ifu_subsys/u_ibuf/q_row_idx[1][0]_i_3/O
INFO: [Physopt 32-662] Processed net u_soc/Core_cpu/u_ifu_subsys/u_ibuf/ghr_q[4]_i_2_n_0.  Did not re-place instance u_soc/Core_cpu/u_ifu_subsys/u_ibuf/ghr_q[4]_i_2/O
INFO: [Physopt 32-662] Processed net u_soc/Core_cpu/u_ifu_subsys/u_ibuf/ghr_q[12]_i_2_n_0.  Did not re-place instance u_soc/Core_cpu/u_ifu_subsys/u_ibuf/ghr_q[12]_i_2/O
INFO: [Physopt 32-662] Processed net u_soc/Core_cpu/u_ifu_subsys/u_ibuf/q_row_idx[2][1]_i_5_n_0.  Did not re-place instance u_soc/Core_cpu/u_ifu_subsys/u_ibuf/q_row_idx[2][1]_i_5/O
INFO: [Physopt 32-662] Processed net u_soc/Core_cpu/u_ifu_subsys/u_btb/btb_t2.  Did not re-place instance u_soc/Core_cpu/u_ifu_subsys/u_btb/q_t0_idx[1]_i_17/O
INFO: [Physopt 32-662] Processed net u_soc/Core_cpu/u_ifu_subsys/g_tage.u_tage/id_bht_chk[22]_i_33_n_0.  Did not re-place instance u_soc/Core_cpu/u_ifu_subsys/g_tage.u_tage/id_bht_chk[22]_i_33/O
INFO: [Physopt 32-662] Processed net u_soc/Core_cpu/u_ifu_subsys/u_ibuf/cnt_q_reg[4]_2[0].  Did not re-place instance u_soc/Core_cpu/u_ifu_subsys/u_ibuf/q_t0_idx[1]_i_11/O
INFO: [Physopt 32-662] Processed net u_soc/Core_cpu/u_ifu_subsys/u_icache/u_tag_way1/u_prim/push_num[0].  Did not re-place instance u_soc/Core_cpu/u_ifu_subsys/u_icache/u_tag_way1/u_prim/cnt_q[0]_i_2/O
INFO: [Physopt 32-662] Processed net u_soc/Core_cpu/u_ifu_subsys/g_tage.u_tage/init_done_q_reg_inv_1.  Did not re-place instance u_soc/Core_cpu/u_ifu_subsys/g_tage.u_tage/ent_q[6][150]_i_12/O
INFO: [Physopt 32-662] Processed net u_soc/Core_cpu/u_ifu_subsys/g_tage.u_tage/ent_q[6][150]_i_49_n_0.  Did not re-place instance u_soc/Core_cpu/u_ifu_subsys/g_tage.u_tage/ent_q[6][150]_i_49/O
INFO: [Physopt 32-662] Processed net u_soc/Core_cpu/u_ifu_subsys/g_tage.u_tage/ent_q[6][150]_i_26_n_0.  Did not re-place instance u_soc/Core_cpu/u_ifu_subsys/g_tage.u_tage/ent_q[6][150]_i_26/O
INFO: [Physopt 32-662] Processed net u_soc/Core_cpu/u_ifu_subsys/u_btb/taken_slot[1].  Did not re-place instance u_soc/Core_cpu/u_ifu_subsys/u_btb/cnt_q[0]_i_8/O
INFO: [Physopt 32-662] Processed net u_soc/Core_cpu/u_ifu_subsys/g_tage.u_tage/id_bht_chk[22]_i_19_n_0.  Did not re-place instance u_soc/Core_cpu/u_ifu_subsys/g_tage.u_tage/id_bht_chk[22]_i_19/O
INFO: [Physopt 32-662] Processed net u_soc/Core_cpu/u_ifu_subsys/u_btb/reached_taken.  Did not re-place instance u_soc/Core_cpu/u_ifu_subsys/u_btb/q_t0_idx[1]_i_3/O
INFO: [Physopt 32-662] Processed net u_soc/Core_cpu/u_ifu_subsys/u_btb/q_t0_idx[1]_i_8_n_0.  Did not re-place instance u_soc/Core_cpu/u_ifu_subsys/u_btb/q_t0_idx[1]_i_8/O
INFO: [Physopt 32-662] Processed net u_soc/Core_cpu/u_ifu_subsys/u_btb/btb_t0.  Did not re-place instance u_soc/Core_cpu/u_ifu_subsys/u_btb/q_t0_idx[1]_i_12/O
INFO: [Physopt 32-662] Processed net u_soc/Core_cpu/u_ifu_subsys/u_ibuf/D[3].  Did not re-place instance u_soc/Core_cpu/u_ifu_subsys/u_ibuf/ghr_q[4]_i_1/O
INFO: [Physopt 32-662] Processed net u_soc/Core_cpu/u_ifu_subsys/u_ibuf/ghr_q[5]_i_2_n_0.  Did not re-place instance u_soc/Core_cpu/u_ifu_subsys/u_ibuf/ghr_q[5]_i_2/O
INFO: [Physopt 32-662] Processed net u_soc/Core_cpu/u_ifu_subsys/g_tage.u_tage/dir_pred[0].  Did not re-place instance u_soc/Core_cpu/u_ifu_subsys/g_tage.u_tage/id_bht_chk[22]_i_5/O
INFO: [Physopt 32-662] Processed net u_soc/Core_cpu/u_ifu_subsys/g_tage.u_tage/id_bht_chk[22]_i_12_n_0.  Did not re-place instance u_soc/Core_cpu/u_ifu_subsys/g_tage.u_tage/id_bht_chk[22]_i_12/O
INFO: [Physopt 32-662] Processed net u_soc/Core_cpu/u_ifu_subsys/g_tage.u_tage/id_bht_chk[22]_i_25_n_0.  Did not re-place instance u_soc/Core_cpu/u_ifu_subsys/g_tage.u_tage/id_bht_chk[22]_i_25/O
INFO: [Physopt 32-662] Processed net u_soc/Core_cpu/u_ifu_subsys/u_ibuf/iu_red_vld_q_reg_0[3].  Did not re-place instance u_soc/Core_cpu/u_ifu_subsys/u_ibuf/q_row_idx[1][4]_i_1/O
INFO: [Physopt 32-662] Processed net u_soc/Core_cpu/u_ifu_subsys/u_ibuf/D[0].  Did not re-place instance u_soc/Core_cpu/u_ifu_subsys/u_ibuf/ghr_q[1]_i_1/O
INFO: [Physopt 32-662] Processed net u_soc/Core_cpu/u_ifu_subsys/u_ibuf/iu_red_vld_q_reg_0[0].  Did not re-place instance u_soc/Core_cpu/u_ifu_subsys/u_ibuf/q_row_idx[1][1]_i_1/O
INFO: [Physopt 32-662] Processed net u_soc/Core_cpu/u_ifu_subsys/u_ibuf/ghr_q[1]_i_2_n_0.  Did not re-place instance u_soc/Core_cpu/u_ifu_subsys/u_ibuf/ghr_q[1]_i_2/O
INFO: [Physopt 32-662] Processed net u_soc/Core_cpu/u_ifu_subsys/u_ibuf/row_index_w2_return[4].  Did not re-place instance u_soc/Core_cpu/u_ifu_subsys/u_ibuf/q_row_idx[3][4]_i_1/O
INFO: [Physopt 32-662] Processed net u_soc/Core_cpu/u_ifu_subsys/u_ibuf/ghr_q[1]_i_3_n_0.  Did not re-place instance u_soc/Core_cpu/u_ifu_subsys/u_ibuf/ghr_q[1]_i_3/O
INFO: [Physopt 32-662] Processed net u_soc/Core_cpu/u_ifu_subsys/u_btb/any_taken.  Did not re-place instance u_soc/Core_cpu/u_ifu_subsys/u_btb/q_t0_idx[1]_i_9/O
INFO: [Physopt 32-662] Processed net u_soc/Core_cpu/u_ifu_subsys/u_ibuf/cnt_q_reg[4]_3.  Did not re-place instance u_soc/Core_cpu/u_ifu_subsys/u_ibuf/id_have_inst_i_2/O
INFO: [Physopt 32-662] Processed net u_soc/Core_cpu/u_ifu_subsys/u_ibuf/p_0_in__0[87].  Did not re-place instance u_soc/Core_cpu/u_ifu_subsys/u_ibuf/ent_q[6][87]_i_6/O
INFO: [Physopt 32-662] Processed net u_soc/Core_cpu/u_ifu_subsys/u_ibuf/ent_q[6][87]_i_3_n_0.  Did not re-place instance u_soc/Core_cpu/u_ifu_subsys/u_ibuf/ent_q[6][87]_i_3/O
INFO: [Physopt 32-662] Processed net u_soc/Core_cpu/u_ifu_subsys/u_ibuf/ent_q[6][95]_i_4_n_0.  Did not re-place instance u_soc/Core_cpu/u_ifu_subsys/u_ibuf/ent_q[6][95]_i_4/O
INFO: [Physopt 32-662] Processed net u_soc/Core_cpu/u_ifu_subsys/u_ibuf/ent_q[1][87]_i_1_n_0.  Did not re-place instance u_soc/Core_cpu/u_ifu_subsys/u_ibuf/ent_q[1][87]_i_1/O
INFO: [Physopt 32-662] Processed net u_soc/Core_cpu/u_ifu_subsys/u_ibuf/ent_q[1][87]_i_2_n_0.  Did not re-place instance u_soc/Core_cpu/u_ifu_subsys/u_ibuf/ent_q[1][87]_i_2/O
INFO: [Physopt 32-662] Processed net u_soc/Core_cpu/u_ifu_subsys/u_btb/cnt_q_reg[3].  Did not re-place instance u_soc/Core_cpu/u_ifu_subsys/u_btb/cnt_q[0]_i_4/O
INFO: [Physopt 32-662] Processed net u_soc/Core_cpu/u_ifu_subsys/u_btb/want_cnt_raw[0].  Did not re-place instance u_soc/Core_cpu/u_ifu_subsys/u_btb/cnt_q[0]_i_12/O
INFO: [Physopt 32-662] Processed net u_soc/Core_cpu/u_ifu_subsys/u_ibuf/ent_q[5][87]_i_1_n_0.  Did not re-place instance u_soc/Core_cpu/u_ifu_subsys/u_ibuf/ent_q[5][87]_i_1/O
INFO: [Physopt 32-662] Processed net u_soc/Core_cpu/u_ifu_subsys/u_ibuf/ent_q[5][87]_i_2_n_0.  Did not re-place instance u_soc/Core_cpu/u_ifu_subsys/u_ibuf/ent_q[5][87]_i_2/O
INFO: [Physopt 32-662] Processed net u_soc/Core_cpu/u_ifu_subsys/u_ibuf/row_index_w2_return[3].  Did not re-place instance u_soc/Core_cpu/u_ifu_subsys/u_ibuf/q_row_idx[3][3]_i_1/O
INFO: [Physopt 32-662] Processed net u_soc/Core_cpu/u_ifu_subsys/g_tage.u_tage/ent_q[6][150]_i_60_n_0.  Did not re-place instance u_soc/Core_cpu/u_ifu_subsys/g_tage.u_tage/ent_q[6][150]_i_60/O
INFO: [Physopt 32-662] Processed net u_soc/Core_cpu/u_ifu_subsys/u_ibuf/D[7].  Did not re-place instance u_soc/Core_cpu/u_ifu_subsys/u_ibuf/ghr_q[9]_i_1/O
INFO: [Physopt 32-662] Processed net u_soc/Core_cpu/u_ifu_subsys/u_ibuf/ghr_q[9]_i_2_n_0.  Did not re-place instance u_soc/Core_cpu/u_ifu_subsys/u_ibuf/ghr_q[9]_i_2/O
INFO: [Physopt 32-662] Processed net u_soc/Core_cpu/u_ifu_subsys/u_ibuf/D[1].  Did not re-place instance u_soc/Core_cpu/u_ifu_subsys/u_ibuf/ghr_q[2]_i_1/O
INFO: [Physopt 32-662] Processed net u_soc/Core_cpu/u_ifu_subsys/u_ibuf/q_row_idx[1][2]_i_3_n_0.  Did not re-place instance u_soc/Core_cpu/u_ifu_subsys/u_ibuf/q_row_idx[1][2]_i_3/O
INFO: [Physopt 32-662] Processed net u_soc/Core_cpu/u_ifu_subsys/u_ibuf/row_index_w2_return[2].  Did not re-place instance u_soc/Core_cpu/u_ifu_subsys/u_ibuf/q_row_idx[3][2]_i_1/O
INFO: [Physopt 32-662] Processed net u_soc/Core_cpu/u_ifu_subsys/u_btb/want_cnt_raw[1].  Did not re-place instance u_soc/Core_cpu/u_ifu_subsys/u_btb/cnt_q[0]_i_11/O
INFO: [Physopt 32-662] Processed net u_soc/Core_cpu/u_ifu_subsys/u_btb/cnt_q_reg[3]_0.  Did not re-place instance u_soc/Core_cpu/u_ifu_subsys/u_btb/q_t0_idx[0]_i_10/O
INFO: [Physopt 32-662] Processed net u_soc/Core_cpu/u_ifu_subsys/u_btb/want_cnt_raw[2].  Did not re-place instance u_soc/Core_cpu/u_ifu_subsys/u_btb/cnt_q[0]_i_13/O
INFO: [Physopt 32-662] Processed net u_soc/Core_cpu/u_ifu_subsys/u_ibuf/ghr_q[10]_i_2_n_0.  Did not re-place instance u_soc/Core_cpu/u_ifu_subsys/u_ibuf/ghr_q[10]_i_2/O
INFO: [Physopt 32-662] Processed net u_soc/Core_cpu/u_ifu_subsys/g_tage.u_tage/id_bht_chk[22]_i_35_n_0.  Did not re-place instance u_soc/Core_cpu/u_ifu_subsys/g_tage.u_tage/id_bht_chk[22]_i_35/O
INFO: [Physopt 32-662] Processed net u_soc/Core_cpu/u_ifu_subsys/u_btb/q_tag_q_reg[3]_0_repN.  Did not re-place instance u_soc/Core_cpu/u_ifu_subsys/u_btb/ent_q[6][150]_i_42_replica/O
INFO: [Physopt 32-662] Processed net u_soc/Core_cpu/u_ifu_subsys/g_tage.u_tage/id_bht_chk[22]_i_17_n_0.  Did not re-place instance u_soc/Core_cpu/u_ifu_subsys/g_tage.u_tage/id_bht_chk[22]_i_17/O
INFO: [Physopt 32-662] Processed net u_soc/Core_cpu/u_ifu_subsys/g_tage.u_tage/id_bht_chk[22]_i_8_n_0.  Did not re-place instance u_soc/Core_cpu/u_ifu_subsys/g_tage.u_tage/id_bht_chk[22]_i_8/O
INFO: [Physopt 32-661] Optimized 0 net.  Re-placed 0 instance.
INFO: [Physopt 32-775] End 1 Pass. Optimized 0 net or cell. Created 0 new cell, deleted 0 existing cell and moved 0 existing cell
Netlist sorting complete. Time (s): cpu = 00:00:00.01 ; elapsed = 00:00:00 . Memory (MB): peak = 3513.953 ; gain = 0.000 ; free physical = 73047 ; free virtual = 954520
Phase 16 Multi Cell Placement Optimization | Checksum: c098e287

Time (s): cpu = 00:04:20 ; elapsed = 00:01:00 . Memory (MB): peak = 3513.953 ; gain = 0.000 ; free physical = 73046 ; free virtual = 954519

Phase 17 Rewire
INFO: [Physopt 32-246] Starting Signal Push optimization...
INFO: [Physopt 32-77] Pass 1. Identified 1 candidate net for rewire optimization.
INFO: [Physopt 32-134] Processed net u_soc/Core_cpu/u_ifu_subsys/g_tage.u_tage/id_bht_chk[22]_i_35_n_0. Rewiring did not optimize the net.
INFO: [Physopt 32-232] Optimized 0 net. Created 0 new instance.
INFO: [Physopt 32-775] End 1 Pass. Optimized 0 net or cell. Created 0 new cell, deleted 0 existing cell and moved 0 existing cell
Netlist sorting complete. Time (s): cpu = 00:00:00 ; elapsed = 00:00:00.01 . Memory (MB): peak = 3513.953 ; gain = 0.000 ; free physical = 73045 ; free virtual = 954518
Netlist sorting complete. Time (s): cpu = 00:00:00 ; elapsed = 00:00:00 . Memory (MB): peak = 3513.953 ; gain = 0.000 ; free physical = 73045 ; free virtual = 954518
Phase 17 Rewire | Checksum: c098e287

Time (s): cpu = 00:04:20 ; elapsed = 00:01:00 . Memory (MB): peak = 3513.953 ; gain = 0.000 ; free physical = 73043 ; free virtual = 954517

Phase 18 Critical Cell Optimization
INFO: [Physopt 32-46] Identified 30 candidate nets for critical-cell optimization.
INFO: [Physopt 32-571] Net u_soc/Core_cpu/u_ifu_subsys/g_tage.u_tage/init_done_q_reg_inv_0 was not replicated.
INFO: [Physopt 32-571] Net u_soc/Core_cpu/u_ifu_subsys/g_tage.u_tage/init_done_q_reg_inv_1 was not replicated.
INFO: [Physopt 32-572] Net u_soc/Core_cpu/u_ifu_subsys/g_tage.u_tage/ent_q[6][150]_i_49_n_0 was not replicated.
Resolution: phys_opt_design can be forced to replicate a net driver using the option -force_replication_on_nets <list of net objects>.
INFO: [Physopt 32-572] Net u_soc/Core_cpu/u_ifu_subsys/u_ibuf/p_0_in__0[87] was not replicated.
Resolution: phys_opt_design can be forced to replicate a net driver using the option -force_replication_on_nets <list of net objects>.
INFO: [Physopt 32-572] Net u_soc/Core_cpu/u_ifu_subsys/g_tage.u_tage/id_bht_chk[22]_i_35_n_0 was not replicated.
Resolution: phys_opt_design can be forced to replicate a net driver using the option -force_replication_on_nets <list of net objects>.
INFO: [Physopt 32-572] Net u_soc/Core_cpu/u_ifu_subsys/u_btb/q_tag_q_reg[3]_0_repN was not replicated.
Resolution: phys_opt_design can be forced to replicate a net driver using the option -force_replication_on_nets <list of net objects>.
INFO: [Physopt 32-572] Net u_soc/Core_cpu/u_ifu_subsys/u_ibuf/q_row_idx[1][2]_i_2_n_0 was not replicated.
Resolution: phys_opt_design can be forced to replicate a net driver using the option -force_replication_on_nets <list of net objects>.
INFO: [Physopt 32-572] Net u_soc/Core_cpu/u_ifu_subsys/g_tage.u_tage/ent_q[6][150]_i_54_n_0 was not replicated.
Resolution: phys_opt_design can be forced to replicate a net driver using the option -force_replication_on_nets <list of net objects>.
INFO: [Physopt 32-572] Net u_soc/Core_cpu/u_ifu_subsys/g_tage.u_tage/id_bht_chk[22]_i_24_n_0 was not replicated.
Resolution: phys_opt_design can be forced to replicate a net driver using the option -force_replication_on_nets <list of net objects>.
INFO: [Physopt 32-572] Net u_soc/Core_cpu/u_ifu_subsys/g_tage.u_tage/ent_q[6][150]_i_63_n_0 was not replicated.
Resolution: phys_opt_design can be forced to replicate a net driver using the option -force_replication_on_nets <list of net objects>.
INFO: [Physopt 32-572] Net u_soc/Core_cpu/u_ifu_subsys/g_tage.u_tage/ent_q[6][150]_i_50_n_0 was not replicated.
Resolution: phys_opt_design can be forced to replicate a net driver using the option -force_replication_on_nets <list of net objects>.
INFO: [Physopt 32-572] Net u_soc/Core_cpu/u_ifu_subsys/u_ibuf/p_0_in__0[59] was not replicated.
Resolution: phys_opt_design can be forced to replicate a net driver using the option -force_replication_on_nets <list of net objects>.
INFO: [Physopt 32-572] Net u_soc/Core_cpu/u_ifu_subsys/u_ibuf/ent_q[6][59]_i_3_n_0 was not replicated.
Resolution: phys_opt_design can be forced to replicate a net driver using the option -force_replication_on_nets <list of net objects>.
INFO: [Physopt 32-81] Processed net u_soc/Core_cpu/u_ifu_subsys/u_ibuf/p_0_in__0[47]. Replicated 1 times.
INFO: [Physopt 32-572] Net u_soc/Core_cpu/u_ifu_subsys/u_ibuf/ent_q[6][47]_i_3_n_0 was not replicated.
Resolution: phys_opt_design can be forced to replicate a net driver using the option -force_replication_on_nets <list of net objects>.
INFO: [Physopt 32-571] Net u_soc/Core_cpu/u_ifu_subsys/u_ibuf/p_0_in__0[86] was not replicated.
INFO: [Physopt 32-571] Net u_soc/Core_cpu/u_ifu_subsys/u_ibuf/ent_q[6][86]_i_4_n_0 was not replicated.
INFO: [Physopt 32-571] Net u_soc/Core_cpu/u_ifu_subsys/g_tage.u_tage/dir_pred[1] was not replicated.
INFO: [Physopt 32-571] Net u_soc/Core_cpu/u_ifu_subsys/g_tage.u_tage/p_0_in11_in was not replicated.
INFO: [Physopt 32-571] Net u_soc/Core_cpu/u_ifu_subsys/g_tage.u_tage/ent_q[6][150]_i_35_n_0 was not replicated.
INFO: [Physopt 32-571] Net u_soc/Core_cpu/u_ifu_subsys/g_tage.u_tage/ent_q[6][150]_i_55_n_0 was not replicated.
INFO: [Physopt 32-571] Net u_soc/Core_cpu/u_ifu_subsys/g_tage.u_tage/id_bht_chk[22]_i_44_n_0 was not replicated.
INFO: [Physopt 32-571] Net u_soc/Core_cpu/u_ifu_subsys/u_ibuf/p_0_in__0[56] was not replicated.
INFO: [Physopt 32-571] Net u_soc/Core_cpu/u_ifu_subsys/u_ibuf/ent_q[6][56]_i_4_n_0 was not replicated.
INFO: [Physopt 32-571] Net u_soc/Core_cpu/u_ifu_subsys/u_ibuf/p_0_in__0[83] was not replicated.
INFO: [Physopt 32-571] Net u_soc/Core_cpu/u_ifu_subsys/u_ibuf/ent_q[6][83]_i_3_n_0 was not replicated.
INFO: [Physopt 32-571] Net u_soc/Core_cpu/u_ifu_subsys/u_ibuf/ent_q[6][84]_i_3_n_0 was not replicated.
INFO: [Physopt 32-571] Net u_soc/Core_cpu/u_ifu_subsys/u_ibuf/p_0_in__0[58] was not replicated.
INFO: [Physopt 32-571] Net u_soc/Core_cpu/u_ifu_subsys/u_ibuf/ent_q[6][58]_i_3_n_0 was not replicated.
INFO: [Physopt 32-232] Optimized 1 net. Created 1 new instance.
INFO: [Physopt 32-775] End 1 Pass. Optimized 1 net or cell. Created 1 new cell, deleted 0 existing cell and moved 0 existing cell
INFO: [Physopt 32-619] Estimated Timing Summary | WNS=-0.107 | TNS=-0.949 |
Netlist sorting complete. Time (s): cpu = 00:00:00.02 ; elapsed = 00:00:00.01 . Memory (MB): peak = 3513.953 ; gain = 0.000 ; free physical = 73016 ; free virtual = 954490
Phase 18 Critical Cell Optimization | Checksum: 170da6729

Time (s): cpu = 00:04:26 ; elapsed = 00:01:02 . Memory (MB): peak = 3513.953 ; gain = 0.000 ; free physical = 73016 ; free virtual = 954489

Phase 19 DSP Register Optimization
INFO: [Physopt 32-456] No candidate cells for DSP register optimization found in the design.
INFO: [Physopt 32-775] End 1 Pass. Optimized 0 net or cell. Created 0 new cell, deleted 0 existing cell and moved 0 existing cell
Phase 19 DSP Register Optimization | Checksum: 170da6729

Time (s): cpu = 00:04:26 ; elapsed = 00:01:02 . Memory (MB): peak = 3513.953 ; gain = 0.000 ; free physical = 73014 ; free virtual = 954487

Phase 20 BRAM Register Optimization
INFO: [Physopt 32-614] Property 'READ_WIDTH_B' on BRAM cell 'u_soc/Core_cpu/u_ifu_biu_mem/u_rom/u_prim/rd_q_reg_0' Port 'B' is 0. Skip BRAM Register Optimization on the port
INFO: [Physopt 32-614] Property 'READ_WIDTH_B' on BRAM cell 'u_soc/Core_cpu/u_ifu_biu_mem/u_rom/u_prim/rd_q_reg_1' Port 'B' is 0. Skip BRAM Register Optimization on the port
INFO: [Physopt 32-614] Property 'READ_WIDTH_B' on BRAM cell 'u_soc/Core_cpu/u_ifu_biu_mem/u_rom/u_prim/rd_q_reg_10' Port 'B' is 0. Skip BRAM Register Optimization on the port
INFO: [Physopt 32-614] Property 'READ_WIDTH_B' on BRAM cell 'u_soc/Core_cpu/u_ifu_biu_mem/u_rom/u_prim/rd_q_reg_11' Port 'B' is 0. Skip BRAM Register Optimization on the port
INFO: [Physopt 32-614] Property 'READ_WIDTH_B' on BRAM cell 'u_soc/Core_cpu/u_ifu_biu_mem/u_rom/u_prim/rd_q_reg_12' Port 'B' is 0. Skip BRAM Register Optimization on the port
INFO: [Physopt 32-614] Property 'READ_WIDTH_B' on BRAM cell 'u_soc/Core_cpu/u_ifu_biu_mem/u_rom/u_prim/rd_q_reg_13' Port 'B' is 0. Skip BRAM Register Optimization on the port
INFO: [Physopt 32-614] Property 'READ_WIDTH_B' on BRAM cell 'u_soc/Core_cpu/u_ifu_biu_mem/u_rom/u_prim/rd_q_reg_14' Port 'B' is 0. Skip BRAM Register Optimization on the port
INFO: [Physopt 32-614] Property 'READ_WIDTH_B' on BRAM cell 'u_soc/Core_cpu/u_ifu_biu_mem/u_rom/u_prim/rd_q_reg_2' Port 'B' is 0. Skip BRAM Register Optimization on the port
INFO: [Physopt 32-614] Property 'READ_WIDTH_B' on BRAM cell 'u_soc/Core_cpu/u_ifu_biu_mem/u_rom/u_prim/rd_q_reg_3' Port 'B' is 0. Skip BRAM Register Optimization on the port
INFO: [Physopt 32-614] Property 'READ_WIDTH_B' on BRAM cell 'u_soc/Core_cpu/u_ifu_biu_mem/u_rom/u_prim/rd_q_reg_4' Port 'B' is 0. Skip BRAM Register Optimization on the port
INFO: [Physopt 32-614] Property 'READ_WIDTH_B' on BRAM cell 'u_soc/Core_cpu/u_ifu_biu_mem/u_rom/u_prim/rd_q_reg_5' Port 'B' is 0. Skip BRAM Register Optimization on the port
INFO: [Physopt 32-614] Property 'READ_WIDTH_B' on BRAM cell 'u_soc/Core_cpu/u_ifu_biu_mem/u_rom/u_prim/rd_q_reg_6' Port 'B' is 0. Skip BRAM Register Optimization on the port
INFO: [Physopt 32-614] Property 'READ_WIDTH_B' on BRAM cell 'u_soc/Core_cpu/u_ifu_biu_mem/u_rom/u_prim/rd_q_reg_7' Port 'B' is 0. Skip BRAM Register Optimization on the port
INFO: [Physopt 32-614] Property 'READ_WIDTH_B' on BRAM cell 'u_soc/Core_cpu/u_ifu_biu_mem/u_rom/u_prim/rd_q_reg_8' Port 'B' is 0. Skip BRAM Register Optimization on the port
INFO: [Physopt 32-614] Property 'READ_WIDTH_B' on BRAM cell 'u_soc/Core_cpu/u_ifu_biu_mem/u_rom/u_prim/rd_q_reg_9' Port 'B' is 0. Skip BRAM Register Optimization on the port
INFO: [Physopt 32-526] No candidate cells for BRAM register optimization found in the design
INFO: [Physopt 32-775] End 1 Pass. Optimized 0 net or cell. Created 0 new cell, deleted 0 existing cell and moved 0 existing cell
Phase 20 BRAM Register Optimization | Checksum: 170da6729

Time (s): cpu = 00:04:26 ; elapsed = 00:01:02 . Memory (MB): peak = 3513.953 ; gain = 0.000 ; free physical = 73012 ; free virtual = 954485

Phase 21 URAM Register Optimization
INFO: [Physopt 32-846] No candidate cells for URAM register optimization found in the design
INFO: [Physopt 32-775] End 1 Pass. Optimized 0 net or cell. Created 0 new cell, deleted 0 existing cell and moved 0 existing cell
INFO: [Physopt 32-846] No candidate cells for URAM register optimization found in the design
INFO: [Physopt 32-775] End 1 Pass. Optimized 0 net or cell. Created 0 new cell, deleted 0 existing cell and moved 0 existing cell
Phase 21 URAM Register Optimization | Checksum: 170da6729

Time (s): cpu = 00:04:26 ; elapsed = 00:01:02 . Memory (MB): peak = 3513.953 ; gain = 0.000 ; free physical = 73011 ; free virtual = 954485

Phase 22 Shift Register Optimization
INFO: [Physopt 32-1401] No candidate cells found for Shift Register optimization.
INFO: [Physopt 32-677] No candidate cells for Shift Register optimization found in the design
INFO: [Physopt 32-775] End 1 Pass. Optimized 0 net or cell. Created 0 new cell, deleted 0 existing cell and moved 0 existing cell
Phase 22 Shift Register Optimization | Checksum: 170da6729

Time (s): cpu = 00:04:26 ; elapsed = 00:01:02 . Memory (MB): peak = 3513.953 ; gain = 0.000 ; free physical = 73011 ; free virtual = 954485

Phase 23 DSP Register Optimization
INFO: [Physopt 32-456] No candidate cells for DSP register optimization found in the design.
INFO: [Physopt 32-775] End 1 Pass. Optimized 0 net or cell. Created 0 new cell, deleted 0 existing cell and moved 0 existing cell
Phase 23 DSP Register Optimization | Checksum: 170da6729

Time (s): cpu = 00:04:26 ; elapsed = 00:01:02 . Memory (MB): peak = 3513.953 ; gain = 0.000 ; free physical = 73011 ; free virtual = 954485

Phase 24 BRAM Register Optimization
INFO: [Physopt 32-614] Property 'READ_WIDTH_B' on BRAM cell 'u_soc/Core_cpu/u_ifu_biu_mem/u_rom/u_prim/rd_q_reg_0' Port 'B' is 0. Skip BRAM Register Optimization on the port
INFO: [Physopt 32-614] Property 'READ_WIDTH_B' on BRAM cell 'u_soc/Core_cpu/u_ifu_biu_mem/u_rom/u_prim/rd_q_reg_1' Port 'B' is 0. Skip BRAM Register Optimization on the port
INFO: [Physopt 32-614] Property 'READ_WIDTH_B' on BRAM cell 'u_soc/Core_cpu/u_ifu_biu_mem/u_rom/u_prim/rd_q_reg_10' Port 'B' is 0. Skip BRAM Register Optimization on the port
INFO: [Physopt 32-614] Property 'READ_WIDTH_B' on BRAM cell 'u_soc/Core_cpu/u_ifu_biu_mem/u_rom/u_prim/rd_q_reg_11' Port 'B' is 0. Skip BRAM Register Optimization on the port
INFO: [Physopt 32-614] Property 'READ_WIDTH_B' on BRAM cell 'u_soc/Core_cpu/u_ifu_biu_mem/u_rom/u_prim/rd_q_reg_12' Port 'B' is 0. Skip BRAM Register Optimization on the port
INFO: [Physopt 32-614] Property 'READ_WIDTH_B' on BRAM cell 'u_soc/Core_cpu/u_ifu_biu_mem/u_rom/u_prim/rd_q_reg_13' Port 'B' is 0. Skip BRAM Register Optimization on the port
INFO: [Physopt 32-614] Property 'READ_WIDTH_B' on BRAM cell 'u_soc/Core_cpu/u_ifu_biu_mem/u_rom/u_prim/rd_q_reg_14' Port 'B' is 0. Skip BRAM Register Optimization on the port
INFO: [Physopt 32-614] Property 'READ_WIDTH_B' on BRAM cell 'u_soc/Core_cpu/u_ifu_biu_mem/u_rom/u_prim/rd_q_reg_2' Port 'B' is 0. Skip BRAM Register Optimization on the port
INFO: [Physopt 32-614] Property 'READ_WIDTH_B' on BRAM cell 'u_soc/Core_cpu/u_ifu_biu_mem/u_rom/u_prim/rd_q_reg_3' Port 'B' is 0. Skip BRAM Register Optimization on the port
INFO: [Physopt 32-614] Property 'READ_WIDTH_B' on BRAM cell 'u_soc/Core_cpu/u_ifu_biu_mem/u_rom/u_prim/rd_q_reg_4' Port 'B' is 0. Skip BRAM Register Optimization on the port
INFO: [Physopt 32-614] Property 'READ_WIDTH_B' on BRAM cell 'u_soc/Core_cpu/u_ifu_biu_mem/u_rom/u_prim/rd_q_reg_5' Port 'B' is 0. Skip BRAM Register Optimization on the port
INFO: [Physopt 32-614] Property 'READ_WIDTH_B' on BRAM cell 'u_soc/Core_cpu/u_ifu_biu_mem/u_rom/u_prim/rd_q_reg_6' Port 'B' is 0. Skip BRAM Register Optimization on the port
INFO: [Physopt 32-614] Property 'READ_WIDTH_B' on BRAM cell 'u_soc/Core_cpu/u_ifu_biu_mem/u_rom/u_prim/rd_q_reg_7' Port 'B' is 0. Skip BRAM Register Optimization on the port
INFO: [Physopt 32-614] Property 'READ_WIDTH_B' on BRAM cell 'u_soc/Core_cpu/u_ifu_biu_mem/u_rom/u_prim/rd_q_reg_8' Port 'B' is 0. Skip BRAM Register Optimization on the port
INFO: [Physopt 32-614] Property 'READ_WIDTH_B' on BRAM cell 'u_soc/Core_cpu/u_ifu_biu_mem/u_rom/u_prim/rd_q_reg_9' Port 'B' is 0. Skip BRAM Register Optimization on the port
INFO: [Physopt 32-526] No candidate cells for BRAM register optimization found in the design
INFO: [Physopt 32-775] End 1 Pass. Optimized 0 net or cell. Created 0 new cell, deleted 0 existing cell and moved 0 existing cell
Phase 24 BRAM Register Optimization | Checksum: 170da6729

Time (s): cpu = 00:04:26 ; elapsed = 00:01:02 . Memory (MB): peak = 3513.953 ; gain = 0.000 ; free physical = 73011 ; free virtual = 954485

Phase 25 URAM Register Optimization
INFO: [Physopt 32-846] No candidate cells for URAM register optimization found in the design
INFO: [Physopt 32-775] End 1 Pass. Optimized 0 net or cell. Created 0 new cell, deleted 0 existing cell and moved 0 existing cell
INFO: [Physopt 32-846] No candidate cells for URAM register optimization found in the design
INFO: [Physopt 32-775] End 1 Pass. Optimized 0 net or cell. Created 0 new cell, deleted 0 existing cell and moved 0 existing cell
Phase 25 URAM Register Optimization | Checksum: 170da6729

Time (s): cpu = 00:04:26 ; elapsed = 00:01:02 . Memory (MB): peak = 3513.953 ; gain = 0.000 ; free physical = 73011 ; free virtual = 954485

Phase 26 Shift Register Optimization
INFO: [Physopt 32-1401] No candidate cells found for Shift Register optimization.
INFO: [Physopt 32-677] No candidate cells for Shift Register optimization found in the design
INFO: [Physopt 32-775] End 1 Pass. Optimized 0 net or cell. Created 0 new cell, deleted 0 existing cell and moved 0 existing cell
Phase 26 Shift Register Optimization | Checksum: 170da6729

Time (s): cpu = 00:04:26 ; elapsed = 00:01:02 . Memory (MB): peak = 3513.953 ; gain = 0.000 ; free physical = 73011 ; free virtual = 954484

Phase 27 Critical Pin Optimization
INFO: [Physopt 32-606] Identified 100 candidate nets for critical-pin optimization.
INFO: [Physopt 32-608] Optimized 20 nets.  Swapped 398 pins.
INFO: [Physopt 32-775] End 1 Pass. Optimized 20 nets or cells. Created 0 new cell, deleted 0 existing cell and moved 398 existing cells
INFO: [Physopt 32-619] Estimated Timing Summary | WNS=0.023 | TNS=0.000 |
Netlist sorting complete. Time (s): cpu = 00:00:00.01 ; elapsed = 00:00:00.01 . Memory (MB): peak = 3513.953 ; gain = 0.000 ; free physical = 73011 ; free virtual = 954485
Phase 27 Critical Pin Optimization | Checksum: 177014da4

Time (s): cpu = 00:04:28 ; elapsed = 00:01:03 . Memory (MB): peak = 3513.953 ; gain = 0.000 ; free physical = 73011 ; free virtual = 954485

Phase 28 Very High Fanout Optimization
INFO: [Physopt 32-1132] Very high fanout net 'u_soc/Core_cpu/u_ifu_subsys/g_tage.u_tage/g_tab[2].tg_u_reg_r1_0_63_0_2_i_4_n_0' is not considered as a candidate in VHFN optimzation. The fanout considered for this optimization is changed from 736 to 190 due to a timing constraint that prevent optimization on all of the loads. To force replication, set the FORCE_MAX_FANOUT property on the net to a number less than 190.
INFO: [Physopt 32-76] Pass 1. Identified 7 candidate nets for fanout optimization.
INFO: [Physopt 32-572] Net u_soc/Core_cpu/U_MEM_WB/wb_is_mret_reg_0 was not replicated.
Resolution: phys_opt_design can be forced to replicate a net driver using the option -force_replication_on_nets <list of net objects>.
INFO: [Physopt 32-81] Processed net u_soc/Core_cpu/u_ifu_subsys/u_ibuf/ent_q[6][150]_i_1_n_0. Replicated 1 times.
INFO: [Physopt 32-232] Optimized 1 net. Created 1 new instance.
INFO: [Physopt 32-775] End 1 Pass. Optimized 1 net or cell. Created 1 new cell, deleted 0 existing cell and moved 0 existing cell
INFO: [Physopt 32-619] Estimated Timing Summary | WNS=0.023 | TNS=0.000 |
Netlist sorting complete. Time (s): cpu = 00:00:00.03 ; elapsed = 00:00:00.03 . Memory (MB): peak = 3513.953 ; gain = 0.000 ; free physical = 72752 ; free virtual = 954226
Phase 28 Very High Fanout Optimization | Checksum: 1b551d402

Time (s): cpu = 00:04:33 ; elapsed = 00:01:04 . Memory (MB): peak = 3513.953 ; gain = 0.000 ; free physical = 72653 ; free virtual = 954127

Phase 29 Single Cell Placement Optimization
INFO: [Physopt 32-670] No setup violation found.  Single Cell Placement Optimization was not performed.
Netlist sorting complete. Time (s): cpu = 00:00:00 ; elapsed = 00:00:00 . Memory (MB): peak = 3513.953 ; gain = 0.000 ; free physical = 72641 ; free virtual = 954115
Phase 29 Single Cell Placement Optimization | Checksum: 1b551d402

Time (s): cpu = 00:04:33 ; elapsed = 00:01:04 . Memory (MB): peak = 3513.953 ; gain = 0.000 ; free physical = 72641 ; free virtual = 954115

Phase 30 Multi Cell Placement Optimization
INFO: [Physopt 32-670] No setup violation found.  Multi Cell Placement Optimization was not performed.
Netlist sorting complete. Time (s): cpu = 00:00:00 ; elapsed = 00:00:00 . Memory (MB): peak = 3513.953 ; gain = 0.000 ; free physical = 72641 ; free virtual = 954115
Phase 30 Multi Cell Placement Optimization | Checksum: 1b551d402

Time (s): cpu = 00:04:33 ; elapsed = 00:01:04 . Memory (MB): peak = 3513.953 ; gain = 0.000 ; free physical = 72641 ; free virtual = 954115

Phase 31 SLR Crossing Optimization
Phase 31 SLR Crossing Optimization | Checksum: 1b551d402

Time (s): cpu = 00:04:33 ; elapsed = 00:01:04 . Memory (MB): peak = 3513.953 ; gain = 0.000 ; free physical = 72632 ; free virtual = 954106

Phase 32 Critical Path Optimization
INFO: [Physopt 32-619] Estimated Timing Summary | WNS=0.023 | TNS=0.000 |
INFO: [Physopt 32-619] Estimated Timing Summary | WNS=0.023 | TNS=0.000 |
Netlist sorting complete. Time (s): cpu = 00:00:00 ; elapsed = 00:00:00 . Memory (MB): peak = 3513.953 ; gain = 0.000 ; free physical = 72630 ; free virtual = 954104
Phase 32 Critical Path Optimization | Checksum: 1b551d402

Time (s): cpu = 00:04:33 ; elapsed = 00:01:04 . Memory (MB): peak = 3513.953 ; gain = 0.000 ; free physical = 72629 ; free virtual = 954103

Phase 33 BRAM Enable Optimization
Phase 33 BRAM Enable Optimization | Checksum: 1b551d402

Time (s): cpu = 00:04:33 ; elapsed = 00:01:04 . Memory (MB): peak = 3513.953 ; gain = 0.000 ; free physical = 72629 ; free virtual = 954102

Phase 34 Hold Fix Optimization
INFO: [Physopt 32-668] Estimated Timing Summary | WNS=0.023 | TNS=0.000 | WHS=-1.868 | THS=-139.167 |
INFO: [Physopt 32-45] Identified 1 candidate net for hold slack optimization.
INFO: [Physopt 32-234] Optimized 1 net. Inserted 0 new ZHOLD_DELAYs. Calibrated 0 existing ZHOLD_DELAYs. Inserted 1 buffer.

INFO: [Physopt 32-668] Estimated Timing Summary | WNS=0.023 | TNS=0.000 | WHS=-0.322 | THS=-2.012 |
Phase 34 Hold Fix Optimization | Checksum: 1b551d402

Time (s): cpu = 00:04:35 ; elapsed = 00:01:05 . Memory (MB): peak = 3513.953 ; gain = 0.000 ; free physical = 72517 ; free virtual = 953991
Netlist sorting complete. Time (s): cpu = 00:00:00 ; elapsed = 00:00:00 . Memory (MB): peak = 3513.953 ; gain = 0.000 ; free physical = 72517 ; free virtual = 953991
INFO: [Physopt 32-669] Post Physical Optimization Timing Summary | WNS=0.023 | TNS=0.000 | WHS=-0.322 | THS=-2.012 |

Summary of Physical Synthesis Optimizations
============================================


----------------------------------------------------------------------------------------------------------------------------------------------------------------------
|  Optimization            |  WNS Gain (ns)  |  TNS Gain (ns)  |  Added Cells  |  Removed Cells  |  Optimized Cells/Nets  |  Dont Touch  |  Iterations  |  Elapsed   |
----------------------------------------------------------------------------------------------------------------------------------------------------------------------
|  Fanout                  |          0.000  |         -0.121  |            1  |              0  |                     1  |           0  |           3  |  00:00:04  |
|  Single Cell Placement   |          0.000  |          0.004  |            0  |              0  |                    16  |           0  |           3  |  00:00:19  |
|  Multi Cell Placement    |          0.000  |          0.000  |            0  |              0  |                     0  |           0  |           3  |  00:00:27  |
|  Rewire                  |          0.000  |          0.000  |            0  |              0  |                     0  |           0  |           3  |  00:00:00  |
|  Critical Cell           |          0.000  |         -0.261  |            3  |              0  |                     3  |           0  |           3  |  00:00:09  |
|  SLR Crossing            |          0.000  |          0.000  |            0  |              0  |                     0  |           0  |           3  |  00:00:00  |
|  DSP Register            |          0.000  |          0.000  |            0  |              0  |                     0  |           0  |           2  |  00:00:00  |
|  BRAM Register           |          0.000  |          0.000  |            0  |              0  |                     0  |           0  |           2  |  00:00:00  |
|  URAM Register           |          0.000  |          0.000  |            0  |              0  |                     0  |           0  |           2  |  00:00:00  |
|  Shift Register          |          0.000  |          0.000  |            0  |              0  |                     0  |           0  |           2  |  00:00:00  |
|  Critical Pin            |          0.130  |          0.949  |            0  |              0  |                    20  |           0  |           1  |  00:00:00  |
|  Very High Fanout        |          0.000  |          0.000  |            1  |              0  |                     1  |           0  |           1  |  00:00:01  |
|  BRAM Enable             |          0.000  |          0.000  |            0  |              0  |                     0  |           0  |           1  |  00:00:00  |
|  Critical Path           |          0.000  |          0.000  |            0  |              0  |                     0  |           0  |           1  |  00:00:00  |
|  Total                   |          0.130  |          0.570  |            5  |              0  |                    41  |           0  |          30  |  00:01:01  |
----------------------------------------------------------------------------------------------------------------------------------------------------------------------


Summary of Hold Fix Optimizations
=================================


--------------------------------------------------------------------------------------------------------------------------------------------------------------
|  Optimization               |  WHS Gain (ns)  |  THS Gain (ns)  |  Added LUTs  |  Added FFs  |  Optimized Nets  |  Dont Touch  |  Iterations  |  Elapsed   |
--------------------------------------------------------------------------------------------------------------------------------------------------------------
|  LUT1 and ZHOLD Insertion   |          1.547  |        137.155  |           1  |          0  |               1  |           0  |           1  |  00:00:00  |
|  Total                      |          1.547  |        137.155  |           1  |          0  |               1  |           0  |           1  |  00:00:00  |
--------------------------------------------------------------------------------------------------------------------------------------------------------------


Netlist sorting complete. Time (s): cpu = 00:00:00 ; elapsed = 00:00:00 . Memory (MB): peak = 3513.953 ; gain = 0.000 ; free physical = 72516 ; free virtual = 953989
Ending Physical Synthesis Task | Checksum: 1b2f7a7cd

Time (s): cpu = 00:04:35 ; elapsed = 00:01:05 . Memory (MB): peak = 3513.953 ; gain = 0.000 ; free physical = 72514 ; free virtual = 953987
INFO: [Common 17-83] Releasing license: Implementation
1333 Infos, 0 Warnings, 0 Critical Warnings and 0 Errors encountered.
phys_opt_design completed successfully
phys_opt_design: Time (s): cpu = 00:04:39 ; elapsed = 00:01:06 . Memory (MB): peak = 3513.953 ; gain = 0.000 ; free physical = 72513 ; free virtual = 953987
INFO: [Timing 38-480] Writing timing data to binary archive.
Write ShapeDB Complete: Time (s): cpu = 00:00:00.08 ; elapsed = 00:00:00.02 . Memory (MB): peak = 3513.953 ; gain = 0.000 ; free physical = 72511 ; free virtual = 953985
Wrote PlaceDB: Time (s): cpu = 00:00:02 ; elapsed = 00:00:00.75 . Memory (MB): peak = 3513.953 ; gain = 0.000 ; free physical = 72483 ; free virtual = 953976
Wrote PulsedLatchDB: Time (s): cpu = 00:00:00 ; elapsed = 00:00:00 . Memory (MB): peak = 3513.953 ; gain = 0.000 ; free physical = 72483 ; free virtual = 953976
Writing XDEF routing.
Writing XDEF routing logical nets.
Writing XDEF routing special nets.
Wrote RouteStorage: Time (s): cpu = 00:00:00.02 ; elapsed = 00:00:00.03 . Memory (MB): peak = 3513.953 ; gain = 0.000 ; free physical = 72482 ; free virtual = 953975
Wrote Netlist Cache: Time (s): cpu = 00:00:00.03 ; elapsed = 00:00:00.02 . Memory (MB): peak = 3513.953 ; gain = 0.000 ; free physical = 72481 ; free virtual = 953976
Wrote Device Cache: Time (s): cpu = 00:00:00 ; elapsed = 00:00:00 . Memory (MB): peak = 3513.953 ; gain = 0.000 ; free physical = 72481 ; free virtual = 953975
Write Physdb Complete: Time (s): cpu = 00:00:02 ; elapsed = 00:00:00.81 . Memory (MB): peak = 3513.953 ; gain = 0.000 ; free physical = 72480 ; free virtual = 953974
INFO: [Common 17-1381] The checkpoint '/home/st-wangjun/project/RISCV_A910/synth/vivado/fmax_impl_6.5ns_ndhi/fmax_impl_6.5ns_ndhi.runs/impl_1/top_fmax_physopt.dcp' has been generated.
Command: route_design -directive NoTimingRelaxation
Attempting to get a license for feature 'Implementation' and/or device 'xc7k325t'
INFO: [Common 17-349] Got license for feature 'Implementation' and/or device 'xc7k325t'
INFO: [DRC 23-27] Running DRC with 8 threads
INFO: [Vivado_Tcl 4-198] DRC finished with 0 Errors
INFO: [Vivado_Tcl 4-199] Please refer to the DRC report (report_drc) for more information.
Running DRC as a precondition to command route_design
INFO: [DRC 23-27] Running DRC with 8 threads
INFO: [Vivado_Tcl 4-198] DRC finished with 0 Errors
INFO: [Vivado_Tcl 4-199] Please refer to the DRC report (report_drc) for more information.


Starting Routing Task
INFO: [Route 35-270] Using Router directive 'NoTimingRelaxation'.
INFO: [Route 35-254] Multithreading enabled for route_design using a maximum of 8 CPUs

Phase 1 Build RT Design
Checksum: PlaceDB: e7b4f248 ConstDB: 0 ShapeSum: 6d61e5fb RouteDB: 0
Post Restoration Checksum: NetGraph: d9595540 | NumContArr: 9f60941d | Constraints: c2a8fa9d | Timing: c2a8fa9d
Phase 1 Build RT Design | Checksum: 2fe0bde97

Time (s): cpu = 00:00:31 ; elapsed = 00:00:19 . Memory (MB): peak = 3672.859 ; gain = 158.906 ; free physical = 73698 ; free virtual = 955183

Phase 2 Router Initialization

Phase 2.1 Fix Topology Constraints
Phase 2.1 Fix Topology Constraints | Checksum: 2fe0bde97

Time (s): cpu = 00:00:31 ; elapsed = 00:00:19 . Memory (MB): peak = 3672.859 ; gain = 158.906 ; free physical = 73698 ; free virtual = 955183

Phase 2.2 Pre Route Cleanup
Phase 2.2 Pre Route Cleanup | Checksum: 2fe0bde97

Time (s): cpu = 00:00:31 ; elapsed = 00:00:19 . Memory (MB): peak = 3672.859 ; gain = 158.906 ; free physical = 73698 ; free virtual = 955183
 Number of Nodes with overlaps = 0

Phase 2.3 Update Timing
Phase 2.3 Update Timing | Checksum: 294e5b0e2

Time (s): cpu = 00:00:38 ; elapsed = 00:00:22 . Memory (MB): peak = 3758.594 ; gain = 244.641 ; free physical = 73616 ; free virtual = 955101
INFO: [Route 35-416] Intermediate Timing Summary | WNS=0.095  | TNS=0.000  | WHS=-0.234 | THS=-257.070|


Router Utilization Summary
  Global Vertical Routing Utilization    = 0 %
  Global Horizontal Routing Utilization  = 0 %
  Routable Net Status*
  *Does not include unroutable nets such as driverless and loadless.
  Run report_route_status for detailed report.
  Number of Failed Nets               = 14917
    (Failed Nets is the sum of unrouted and partially routed nets)
  Number of Unrouted Nets             = 14917
  Number of Partially Routed Nets     = 0
  Number of Node Overlaps             = 0

Phase 2 Router Initialization | Checksum: 23b5c46b6

Time (s): cpu = 00:00:42 ; elapsed = 00:00:23 . Memory (MB): peak = 3772.469 ; gain = 258.516 ; free physical = 73607 ; free virtual = 955092

Phase 3 Initial Routing

Phase 3.1 Global Routing
Phase 3.1 Global Routing | Checksum: 23b5c46b6

Time (s): cpu = 00:00:42 ; elapsed = 00:00:23 . Memory (MB): peak = 3772.469 ; gain = 258.516 ; free physical = 73607 ; free virtual = 955092

Phase 3.2 Initial Net Routing
Phase 3.2 Initial Net Routing | Checksum: 1b8226e22

Time (s): cpu = 00:00:55 ; elapsed = 00:00:26 . Memory (MB): peak = 3817.469 ; gain = 303.516 ; free physical = 73560 ; free virtual = 955045
Phase 3 Initial Routing | Checksum: 1b8226e22

Time (s): cpu = 00:00:55 ; elapsed = 00:00:26 . Memory (MB): peak = 3817.469 ; gain = 303.516 ; free physical = 73560 ; free virtual = 955045
INFO: [Route 35-580] Design has 1 pins with tight setup and hold constraints.

The top 5 pins with tight setup and hold constraints:

+====================+===================+=================================================================+
| Launch Setup Clock | Launch Hold Clock | Pin                                                             |
+====================+===================+=================================================================+
| clk                | clk               | u_soc/Core_cpu/u_ifu_subsys/g_tage.u_tage/q_row_idx_reg[2][1]/D |
+--------------------+-------------------+-----------------------------------------------------------------+

File with complete list of pins: tight_setup_hold_pins.txt


Phase 4 Rip-up And Reroute

Phase 4.1 Global Iteration 0
 Number of Nodes with overlaps = 6629
 Number of Nodes with overlaps = 2352
 Number of Nodes with overlaps = 736
 Number of Nodes with overlaps = 262
 Number of Nodes with overlaps = 132
 Number of Nodes with overlaps = 70
 Number of Nodes with overlaps = 34
 Number of Nodes with overlaps = 18
 Number of Nodes with overlaps = 8
 Number of Nodes with overlaps = 4
 Number of Nodes with overlaps = 3
 Number of Nodes with overlaps = 1
 Number of Nodes with overlaps = 0
INFO: [Route 35-416] Intermediate Timing Summary | WNS=-0.678 | TNS=-336.157| WHS=N/A    | THS=N/A    |

Phase 4.1 Global Iteration 0 | Checksum: 2d5b26d9b

Time (s): cpu = 00:01:45 ; elapsed = 00:00:53 . Memory (MB): peak = 3817.469 ; gain = 303.516 ; free physical = 73590 ; free virtual = 955095

Phase 4.2 Global Iteration 1
 Number of Nodes with overlaps = 931
 Number of Nodes with overlaps = 397
 Number of Nodes with overlaps = 110
 Number of Nodes with overlaps = 56
 Number of Nodes with overlaps = 33
 Number of Nodes with overlaps = 18
 Number of Nodes with overlaps = 16
 Number of Nodes with overlaps = 13
 Number of Nodes with overlaps = 5
 Number of Nodes with overlaps = 0
INFO: [Route 35-416] Intermediate Timing Summary | WNS=-0.282 | TNS=-32.685| WHS=N/A    | THS=N/A    |

Phase 4.2 Global Iteration 1 | Checksum: 2651b678b

Time (s): cpu = 00:01:58 ; elapsed = 00:01:00 . Memory (MB): peak = 3817.469 ; gain = 303.516 ; free physical = 75879 ; free virtual = 957384

Phase 4.3 Global Iteration 2
 Number of Nodes with overlaps = 1358
 Number of Nodes with overlaps = 372
 Number of Nodes with overlaps = 137
 Number of Nodes with overlaps = 33
 Number of Nodes with overlaps = 24
 Number of Nodes with overlaps = 15
 Number of Nodes with overlaps = 9
 Number of Nodes with overlaps = 8
 Number of Nodes with overlaps = 6
 Number of Nodes with overlaps = 6
 Number of Nodes with overlaps = 6
 Number of Nodes with overlaps = 4
 Number of Nodes with overlaps = 2
 Number of Nodes with overlaps = 3
 Number of Nodes with overlaps = 0
INFO: [Route 35-416] Intermediate Timing Summary | WNS=-0.445 | TNS=-28.844| WHS=N/A    | THS=N/A    |

Phase 4.3 Global Iteration 2 | Checksum: 33b449d16

Time (s): cpu = 00:02:15 ; elapsed = 00:01:09 . Memory (MB): peak = 3817.469 ; gain = 303.516 ; free physical = 77059 ; free virtual = 958564
Phase 4 Rip-up And Reroute | Checksum: 33b449d16

Time (s): cpu = 00:02:15 ; elapsed = 00:01:09 . Memory (MB): peak = 3817.469 ; gain = 303.516 ; free physical = 77059 ; free virtual = 958564

Phase 5 Delay and Skew Optimization

Phase 5.1 Delay CleanUp

Phase 5.1.1 Update Timing
Phase 5.1.1 Update Timing | Checksum: 2d4b97487

Time (s): cpu = 00:02:16 ; elapsed = 00:01:10 . Memory (MB): peak = 3817.469 ; gain = 303.516 ; free physical = 77043 ; free virtual = 958548
INFO: [Route 35-416] Intermediate Timing Summary | WNS=-0.190 | TNS=-6.635 | WHS=N/A    | THS=N/A    |

 Number of Nodes with overlaps = 0
Phase 5.1 Delay CleanUp | Checksum: 31007ab4b

Time (s): cpu = 00:02:17 ; elapsed = 00:01:10 . Memory (MB): peak = 3817.469 ; gain = 303.516 ; free physical = 77036 ; free virtual = 958540

Phase 5.2 Clock Skew Optimization
Phase 5.2 Clock Skew Optimization | Checksum: 31007ab4b

Time (s): cpu = 00:02:17 ; elapsed = 00:01:10 . Memory (MB): peak = 3817.469 ; gain = 303.516 ; free physical = 77035 ; free virtual = 958540
Phase 5 Delay and Skew Optimization | Checksum: 31007ab4b

Time (s): cpu = 00:02:17 ; elapsed = 00:01:10 . Memory (MB): peak = 3817.469 ; gain = 303.516 ; free physical = 77034 ; free virtual = 958539

Phase 6 Post Hold Fix

Phase 6.1 Hold Fix Iter

Phase 6.1.1 Update Timing
Phase 6.1.1 Update Timing | Checksum: 2fbf8952d

Time (s): cpu = 00:02:19 ; elapsed = 00:01:10 . Memory (MB): peak = 3817.469 ; gain = 303.516 ; free physical = 77022 ; free virtual = 958527
INFO: [Route 35-416] Intermediate Timing Summary | WNS=-0.190 | TNS=-6.382 | WHS=-0.178 | THS=-0.201 |

Phase 6.1 Hold Fix Iter | Checksum: 2d22470b3

Time (s): cpu = 00:02:19 ; elapsed = 00:01:10 . Memory (MB): peak = 3817.469 ; gain = 303.516 ; free physical = 77020 ; free virtual = 958525

Phase 6.2 Non Free Resource Hold Fix Iter
Phase 6.2 Non Free Resource Hold Fix Iter | Checksum: 2541ae31d

Time (s): cpu = 00:02:19 ; elapsed = 00:01:10 . Memory (MB): peak = 3817.469 ; gain = 303.516 ; free physical = 77020 ; free virtual = 958525
Phase 6 Post Hold Fix | Checksum: 2541ae31d

Time (s): cpu = 00:02:19 ; elapsed = 00:01:10 . Memory (MB): peak = 3817.469 ; gain = 303.516 ; free physical = 77020 ; free virtual = 958525

Phase 7 Timing Verification

Phase 7.1 Update Timing
Phase 7.1 Update Timing | Checksum: 32b9b5e02

Time (s): cpu = 00:02:21 ; elapsed = 00:01:11 . Memory (MB): peak = 3817.469 ; gain = 303.516 ; free physical = 77011 ; free virtual = 958516
INFO: [Route 35-416] Intermediate Timing Summary | WNS=-0.190 | TNS=-6.382 | WHS=N/A    | THS=N/A    |

Phase 7 Timing Verification | Checksum: 32b9b5e02

Time (s): cpu = 00:02:21 ; elapsed = 00:01:11 . Memory (MB): peak = 3817.469 ; gain = 303.516 ; free physical = 77011 ; free virtual = 958516

Phase 8 Route finalize

Router Utilization Summary
  Global Vertical Routing Utilization    = 1.92881 %
  Global Horizontal Routing Utilization  = 2.45151 %
  Routable Net Status*
  *Does not include unroutable nets such as driverless and loadless.
  Run report_route_status for detailed report.
  Number of Failed Nets               = 0
    (Failed Nets is the sum of unrouted and partially routed nets)
  Number of Unrouted Nets             = 0
  Number of Partially Routed Nets     = 0
  Number of Node Overlaps             = 0


--GLOBAL Congestion:
Utilization threshold used for congestion level computation: 0.85
Congestion Report
North Dir 1x1 Area, Max Cong = 80.1802%, No Congested Regions.
South Dir 1x1 Area, Max Cong = 81.982%, No Congested Regions.
East Dir 1x1 Area, Max Cong = 95.5882%, Congestion bounded by tiles (Lower Left Tile -> Upper Right Tile):
   INT_R_X17Y66 -> INT_R_X17Y66
   INT_R_X17Y46 -> INT_R_X17Y46
   INT_R_X17Y44 -> INT_R_X17Y44
   INT_R_X19Y44 -> INT_R_X19Y44
   INT_R_X17Y43 -> INT_R_X17Y43
West Dir 1x1 Area, Max Cong = 92.6471%, Congestion bounded by tiles (Lower Left Tile -> Upper Right Tile):
   INT_L_X24Y44 -> INT_L_X24Y44
   INT_R_X23Y43 -> INT_R_X23Y43
   INT_L_X22Y42 -> INT_L_X22Y42
   INT_R_X21Y41 -> INT_R_X21Y41
   INT_L_X22Y40 -> INT_L_X22Y40

------------------------------
Reporting congestion hotspots
------------------------------
Direction: North
----------------
Congested clusters found at Level 0
Effective congestion level: 0 Aspect Ratio: 1 Sparse Ratio: 0
Direction: South
----------------
Congested clusters found at Level 0
Effective congestion level: 0 Aspect Ratio: 1 Sparse Ratio: 0
Direction: East
----------------
Congested clusters found at Level 0
Effective congestion level: 2 Aspect Ratio: 0.571429 Sparse Ratio: 0.625
Direction: West
----------------
Congested clusters found at Level 0
Effective congestion level: 1 Aspect Ratio: 0.5 Sparse Ratio: 0.5

Phase 8 Route finalize | Checksum: 32b9b5e02

Time (s): cpu = 00:02:21 ; elapsed = 00:01:11 . Memory (MB): peak = 3817.469 ; gain = 303.516 ; free physical = 77010 ; free virtual = 958515

Phase 9 Verifying routed nets

 Verification completed successfully
Phase 9 Verifying routed nets | Checksum: 32b9b5e02

Time (s): cpu = 00:02:21 ; elapsed = 00:01:11 . Memory (MB): peak = 3817.469 ; gain = 303.516 ; free physical = 77010 ; free virtual = 958514

Phase 10 Depositing Routes
Phase 10 Depositing Routes | Checksum: 2d9d745f1

Time (s): cpu = 00:02:23 ; elapsed = 00:01:12 . Memory (MB): peak = 3817.469 ; gain = 303.516 ; free physical = 76965 ; free virtual = 958470

Phase 11 Incr Placement Change
Netlist sorting complete. Time (s): cpu = 00:00:00.01 ; elapsed = 00:00:00 . Memory (MB): peak = 3817.469 ; gain = 0.000 ; free physical = 76946 ; free virtual = 958450
INFO: [Place 30-746] Post Placement Timing Summary WNS=-0.105. For the most accurate timing information please run report_timing.
Ending IncrPlace Task | Checksum: 1c1210a6b

Time (s): cpu = 00:00:18 ; elapsed = 00:00:12 . Memory (MB): peak = 3817.469 ; gain = 0.000 ; free physical = 75885 ; free virtual = 957402
Phase 11 Incr Placement Change | Checksum: 1c1210a6b

Time (s): cpu = 00:02:41 ; elapsed = 00:01:25 . Memory (MB): peak = 3817.469 ; gain = 303.516 ; free physical = 75885 ; free virtual = 957402

Phase 12 Build RT Design
Checksum: PlaceDB: 643d41d6 ConstDB: 0 ShapeSum: ebd6b203 RouteDB: 710d1692
Post Restoration Checksum: NetGraph: 49b61f3b | NumContArr: c2b1b994 | Constraints: c2a8fa9d | Timing: c2a8fa9d
Phase 12 Build RT Design | Checksum: 291b9ce09

Time (s): cpu = 00:02:46 ; elapsed = 00:01:26 . Memory (MB): peak = 3817.469 ; gain = 303.516 ; free physical = 75886 ; free virtual = 957402

Phase 13 Router Initialization

Phase 13.1 Fix Topology Constraints
Phase 13.1 Fix Topology Constraints | Checksum: 291b9ce09

Time (s): cpu = 00:02:46 ; elapsed = 00:01:26 . Memory (MB): peak = 3817.469 ; gain = 303.516 ; free physical = 75886 ; free virtual = 957402

Phase 13.2 Pre Route Cleanup
Phase 13.2 Pre Route Cleanup | Checksum: 29e29c34a

Time (s): cpu = 00:02:46 ; elapsed = 00:01:26 . Memory (MB): peak = 3817.469 ; gain = 303.516 ; free physical = 75886 ; free virtual = 957402
 Number of Nodes with overlaps = 0

Phase 13.3 Update Timing
Phase 13.3 Update Timing | Checksum: 2e782f36d

Time (s): cpu = 00:02:54 ; elapsed = 00:01:29 . Memory (MB): peak = 3817.469 ; gain = 303.516 ; free physical = 77402 ; free virtual = 958918
INFO: [Route 35-416] Intermediate Timing Summary | WNS=-0.120 | TNS=-2.290 | WHS=-0.234 | THS=-256.624|


Router Utilization Summary
  Global Vertical Routing Utilization    = 1.92431 %
  Global Horizontal Routing Utilization  = 2.44481 %
  Routable Net Status*
  *Does not include unroutable nets such as driverless and loadless.
  Run report_route_status for detailed report.
  Number of Failed Nets               = 170
    (Failed Nets is the sum of unrouted and partially routed nets)
  Number of Unrouted Nets             = 61
  Number of Partially Routed Nets     = 109
  Number of Node Overlaps             = 0

Phase 13 Router Initialization | Checksum: 2b0c1f24f

Time (s): cpu = 00:02:58 ; elapsed = 00:01:30 . Memory (MB): peak = 3817.469 ; gain = 303.516 ; free physical = 78922 ; free virtual = 960439

Phase 14 Initial Routing

Phase 14.1 Global Routing
Phase 14.1 Global Routing | Checksum: 2b0c1f24f

Time (s): cpu = 00:02:58 ; elapsed = 00:01:30 . Memory (MB): peak = 3817.469 ; gain = 303.516 ; free physical = 78922 ; free virtual = 960439

Phase 14.2 Initial Net Routing
Phase 14.2 Initial Net Routing | Checksum: 21eed5afe

Time (s): cpu = 00:02:59 ; elapsed = 00:01:30 . Memory (MB): peak = 3817.469 ; gain = 303.516 ; free physical = 78924 ; free virtual = 960441
Phase 14 Initial Routing | Checksum: 21eed5afe

Time (s): cpu = 00:02:59 ; elapsed = 00:01:30 . Memory (MB): peak = 3817.469 ; gain = 303.516 ; free physical = 78924 ; free virtual = 960441
INFO: [Route 35-580] Design has 165 pins with tight setup and hold constraints.

The top 5 pins with tight setup and hold constraints:

+====================+===================+=================================================================+
| Launch Setup Clock | Launch Hold Clock | Pin                                                             |
+====================+===================+=================================================================+
| clk                | clk               | u_soc/Core_cpu/u_ifu_subsys/u_ibuf/cnt_q_reg[4]/D               |
| clk                | clk               | u_soc/Core_cpu/u_ifu_subsys/u_ibuf/cnt_q_reg[3]/D               |
| clk                | clk               | u_soc/Core_cpu/u_ifu_subsys/g_tage.u_tage/q_row_tag_reg[3][0]/D |
| clk                | clk               | u_soc/Core_cpu/u_ifu_subsys/g_tage.u_tage/q_row_tag_reg[2][5]/D |
| clk                | clk               | u_soc/Core_cpu/u_ifu_subsys/g_tage.u_tage/q_row_idx_reg[1][3]/D |
+--------------------+-------------------+-----------------------------------------------------------------+

File with complete list of pins: tight_setup_hold_pins.txt


Phase 15 Rip-up And Reroute

Phase 15.1 Global Iteration 0
 Number of Nodes with overlaps = 770
 Number of Nodes with overlaps = 472
 Number of Nodes with overlaps = 240
 Number of Nodes with overlaps = 136
 Number of Nodes with overlaps = 76
 Number of Nodes with overlaps = 33
 Number of Nodes with overlaps = 14
 Number of Nodes with overlaps = 7
 Number of Nodes with overlaps = 3
 Number of Nodes with overlaps = 2
 Number of Nodes with overlaps = 2
 Number of Nodes with overlaps = 3
 Number of Nodes with overlaps = 1
 Number of Nodes with overlaps = 1
 Number of Nodes with overlaps = 0
INFO: [Route 35-416] Intermediate Timing Summary | WNS=-0.650 | TNS=-273.549| WHS=N/A    | THS=N/A    |

Phase 15.1 Global Iteration 0 | Checksum: 21691b0cc

Time (s): cpu = 00:03:15 ; elapsed = 00:01:38 . Memory (MB): peak = 3817.469 ; gain = 303.516 ; free physical = 78930 ; free virtual = 960447

Phase 15.2 Global Iteration 1
 Number of Nodes with overlaps = 581
 Number of Nodes with overlaps = 223
 Number of Nodes with overlaps = 153
 Number of Nodes with overlaps = 77
 Number of Nodes with overlaps = 31
 Number of Nodes with overlaps = 34
 Number of Nodes with overlaps = 17
 Number of Nodes with overlaps = 9
 Number of Nodes with overlaps = 6
 Number of Nodes with overlaps = 4
 Number of Nodes with overlaps = 2
 Number of Nodes with overlaps = 1
 Number of Nodes with overlaps = 0
INFO: [Route 35-416] Intermediate Timing Summary | WNS=-0.544 | TNS=-144.218| WHS=N/A    | THS=N/A    |

Phase 15.2 Global Iteration 1 | Checksum: 21863d592

Time (s): cpu = 00:03:27 ; elapsed = 00:01:45 . Memory (MB): peak = 3817.469 ; gain = 303.516 ; free physical = 78932 ; free virtual = 960448

Phase 15.3 Global Iteration 2
 Number of Nodes with overlaps = 1002
 Number of Nodes with overlaps = 267
 Number of Nodes with overlaps = 138
 Number of Nodes with overlaps = 105
 Number of Nodes with overlaps = 42
 Number of Nodes with overlaps = 28
 Number of Nodes with overlaps = 23
 Number of Nodes with overlaps = 16
 Number of Nodes with overlaps = 11
 Number of Nodes with overlaps = 6
 Number of Nodes with overlaps = 4
 Number of Nodes with overlaps = 3
 Number of Nodes with overlaps = 1
 Number of Nodes with overlaps = 0
INFO: [Route 35-416] Intermediate Timing Summary | WNS=-0.426 | TNS=-114.251| WHS=N/A    | THS=N/A    |

Phase 15.3 Global Iteration 2 | Checksum: 2971dba7f

Time (s): cpu = 00:03:43 ; elapsed = 00:01:54 . Memory (MB): peak = 3817.469 ; gain = 303.516 ; free physical = 78935 ; free virtual = 960452

Phase 15.4 Global Iteration 3
 Number of Nodes with overlaps = 962
 Number of Nodes with overlaps = 304
 Number of Nodes with overlaps = 139
 Number of Nodes with overlaps = 78
 Number of Nodes with overlaps = 39
 Number of Nodes with overlaps = 24
 Number of Nodes with overlaps = 15
 Number of Nodes with overlaps = 13
 Number of Nodes with overlaps = 7
 Number of Nodes with overlaps = 4
 Number of Nodes with overlaps = 4
 Number of Nodes with overlaps = 2
 Number of Nodes with overlaps = 3
 Number of Nodes with overlaps = 1
 Number of Nodes with overlaps = 0
INFO: [Route 35-416] Intermediate Timing Summary | WNS=-0.310 | TNS=-13.685| WHS=N/A    | THS=N/A    |

Phase 15.4 Global Iteration 3 | Checksum: 2af2a5e8c

Time (s): cpu = 00:04:00 ; elapsed = 00:02:05 . Memory (MB): peak = 3817.469 ; gain = 303.516 ; free physical = 78941 ; free virtual = 960457

Phase 15.5 Global Iteration 4
 Number of Nodes with overlaps = 818
 Number of Nodes with overlaps = 93
 Number of Nodes with overlaps = 51
 Number of Nodes with overlaps = 26
 Number of Nodes with overlaps = 17
 Number of Nodes with overlaps = 15
 Number of Nodes with overlaps = 10
 Number of Nodes with overlaps = 10
 Number of Nodes with overlaps = 6
 Number of Nodes with overlaps = 11
 Number of Nodes with overlaps = 6
 Number of Nodes with overlaps = 6
 Number of Nodes with overlaps = 4
 Number of Nodes with overlaps = 4
 Number of Nodes with overlaps = 4
 Number of Nodes with overlaps = 3
 Number of Nodes with overlaps = 2
 Number of Nodes with overlaps = 2
 Number of Nodes with overlaps = 1
 Number of Nodes with overlaps = 1
 Number of Nodes with overlaps = 1
 Number of Nodes with overlaps = 1
 Number of Nodes with overlaps = 2
 Number of Nodes with overlaps = 1
 Number of Nodes with overlaps = 0
INFO: [Route 35-416] Intermediate Timing Summary | WNS=-0.395 | TNS=-9.496 | WHS=N/A    | THS=N/A    |

Phase 15.5 Global Iteration 4 | Checksum: 2ce4966f3

Time (s): cpu = 00:04:14 ; elapsed = 00:02:14 . Memory (MB): peak = 3817.469 ; gain = 303.516 ; free physical = 78941 ; free virtual = 960458
Phase 15 Rip-up And Reroute | Checksum: 2ce4966f3

Time (s): cpu = 00:04:14 ; elapsed = 00:02:14 . Memory (MB): peak = 3817.469 ; gain = 303.516 ; free physical = 78941 ; free virtual = 960458

Phase 16 Delay and Skew Optimization

Phase 16.1 Delay CleanUp

Phase 16.1.1 Update Timing
Phase 16.1.1 Update Timing | Checksum: 1f0731b0f

Time (s): cpu = 00:04:16 ; elapsed = 00:02:14 . Memory (MB): peak = 3817.469 ; gain = 303.516 ; free physical = 78941 ; free virtual = 960458
INFO: [Route 35-416] Intermediate Timing Summary | WNS=-0.196 | TNS=-2.096 | WHS=N/A    | THS=N/A    |

 Number of Nodes with overlaps = 0
Phase 16.1 Delay CleanUp | Checksum: 216eae1e7

Time (s): cpu = 00:04:16 ; elapsed = 00:02:14 . Memory (MB): peak = 3817.469 ; gain = 303.516 ; free physical = 78941 ; free virtual = 960458

Phase 16.2 Clock Skew Optimization
Phase 16.2 Clock Skew Optimization | Checksum: 216eae1e7

Time (s): cpu = 00:04:16 ; elapsed = 00:02:14 . Memory (MB): peak = 3817.469 ; gain = 303.516 ; free physical = 78941 ; free virtual = 960458
Phase 16 Delay and Skew Optimization | Checksum: 216eae1e7

Time (s): cpu = 00:04:16 ; elapsed = 00:02:14 . Memory (MB): peak = 3817.469 ; gain = 303.516 ; free physical = 78941 ; free virtual = 960458

Phase 17 Post Hold Fix

Phase 17.1 Hold Fix Iter

Phase 17.1.1 Update Timing
Phase 17.1.1 Update Timing | Checksum: 20139c15d

Time (s): cpu = 00:04:18 ; elapsed = 00:02:15 . Memory (MB): peak = 3817.469 ; gain = 303.516 ; free physical = 78942 ; free virtual = 960459
INFO: [Route 35-416] Intermediate Timing Summary | WNS=-0.192 | TNS=-1.462 | WHS=0.085  | THS=0.000  |

Phase 17.1 Hold Fix Iter | Checksum: 20139c15d

Time (s): cpu = 00:04:18 ; elapsed = 00:02:15 . Memory (MB): peak = 3817.469 ; gain = 303.516 ; free physical = 78942 ; free virtual = 960459
Phase 17 Post Hold Fix | Checksum: 20139c15d

Time (s): cpu = 00:04:18 ; elapsed = 00:02:15 . Memory (MB): peak = 3817.469 ; gain = 303.516 ; free physical = 78942 ; free virtual = 960459

Phase 18 Timing Verification

Phase 18.1 Update Timing
Phase 18.1 Update Timing | Checksum: 24bf21df5

Time (s): cpu = 00:04:20 ; elapsed = 00:02:15 . Memory (MB): peak = 3817.469 ; gain = 303.516 ; free physical = 78941 ; free virtual = 960458
INFO: [Route 35-416] Intermediate Timing Summary | WNS=-0.192 | TNS=-1.462 | WHS=N/A    | THS=N/A    |

Phase 18 Timing Verification | Checksum: 24bf21df5

Time (s): cpu = 00:04:20 ; elapsed = 00:02:15 . Memory (MB): peak = 3817.469 ; gain = 303.516 ; free physical = 78941 ; free virtual = 960458

Phase 19 Reset Design
INFO: [Route 35-307] 14921 nets already restored were skipped.
Post Restoration Checksum: NetGraph: b6be5016 | NumContArr: 1224a3c2 | Constraints: c2a8fa9d | Timing: fa601c9a

Phase 19.1 Create Timer
Phase 19.1 Create Timer | Checksum: 285ec0b0f

Time (s): cpu = 00:04:20 ; elapsed = 00:02:15 . Memory (MB): peak = 3817.469 ; gain = 303.516 ; free physical = 78941 ; free virtual = 960458
Phase 19 Reset Design | Checksum: 285ec0b0f

Time (s): cpu = 00:04:22 ; elapsed = 00:02:16 . Memory (MB): peak = 3817.469 ; gain = 303.516 ; free physical = 78942 ; free virtual = 960459

Phase 20 Post Router Timing
INFO: [Route 35-20] Post Routing Timing Summary | WNS=-0.191 | TNS=-6.257 | WHS=0.085  | THS=0.000  |

Phase 20 Post Router Timing | Checksum: 1bd557587

Time (s): cpu = 00:04:27 ; elapsed = 00:02:17 . Memory (MB): peak = 3817.469 ; gain = 303.516 ; free physical = 78943 ; free virtual = 960459
CRITICAL WARNING: [Route 35-39] The design did not meet timing requirements. Please run report_timing_summary for detailed reports.
Resolution: Verify that the timing was met or had small violations at all previous steps (synthesis, placement, power_opt, and phys_opt). Run report_timing_summary and analyze individual timing paths.
INFO: [Route 35-253] TNS is the sum of the worst slack violation on every endpoint in the design. Review the paths with the biggest WNS violations in the timing reports and modify your constraints or your design to improve both WNS and TNS.
INFO: [Route 35-16] Router Completed Successfully

Phase 21 Post-Route Event Processing
Phase 21 Post-Route Event Processing | Checksum: 1fa5912aa

Time (s): cpu = 00:04:27 ; elapsed = 00:02:17 . Memory (MB): peak = 3817.469 ; gain = 303.516 ; free physical = 78942 ; free virtual = 960459
Ending Routing Task | Checksum: 1fa5912aa

Time (s): cpu = 00:04:28 ; elapsed = 00:02:18 . Memory (MB): peak = 3817.469 ; gain = 303.516 ; free physical = 78942 ; free virtual = 960458

Routing Is Done.
INFO: [Common 17-83] Releasing license: Implementation
1368 Infos, 0 Warnings, 1 Critical Warnings and 0 Errors encountered.
route_design completed successfully
route_design: Time (s): cpu = 00:04:30 ; elapsed = 00:02:19 . Memory (MB): peak = 3817.469 ; gain = 303.516 ; free physical = 78942 ; free virtual = 960458
INFO: [runtcl-4] Executing : report_drc -file top_fmax_drc_routed.rpt -pb top_fmax_drc_routed.pb -rpx top_fmax_drc_routed.rpx
Command: report_drc -file top_fmax_drc_routed.rpt -pb top_fmax_drc_routed.pb -rpx top_fmax_drc_routed.rpx
INFO: [IP_Flow 19-1839] IP Catalog is up to date.
INFO: [DRC 23-27] Running DRC with 8 threads
INFO: [Vivado_Tcl 2-168] The results of DRC are in file /home/st-wangjun/project/RISCV_A910/synth/vivado/fmax_impl_6.5ns_ndhi/fmax_impl_6.5ns_ndhi.runs/impl_1/top_fmax_drc_routed.rpt.
report_drc completed successfully
INFO: [runtcl-4] Executing : report_methodology -file top_fmax_methodology_drc_routed.rpt -pb top_fmax_methodology_drc_routed.pb -rpx top_fmax_methodology_drc_routed.rpx
Command: report_methodology -file top_fmax_methodology_drc_routed.rpt -pb top_fmax_methodology_drc_routed.pb -rpx top_fmax_methodology_drc_routed.rpx
INFO: [Timing 38-35] Done setting XDC timing constraints.
INFO: [DRC 23-133] Running Methodology with 8 threads
INFO: [Vivado_Tcl 2-1520] The results of Report Methodology are in file /home/st-wangjun/project/RISCV_A910/synth/vivado/fmax_impl_6.5ns_ndhi/fmax_impl_6.5ns_ndhi.runs/impl_1/top_fmax_methodology_drc_routed.rpt.
report_methodology completed successfully
INFO: [runtcl-4] Executing : report_power -file top_fmax_power_routed.rpt -pb top_fmax_power_summary_routed.pb -rpx top_fmax_power_routed.rpx
Command: report_power -file top_fmax_power_routed.rpt -pb top_fmax_power_summary_routed.pb -rpx top_fmax_power_routed.rpx
INFO: [Timing 38-35] Done setting XDC timing constraints.
Running Vector-less Activity Propagation...

Finished Running Vector-less Activity Propagation
1378 Infos, 0 Warnings, 1 Critical Warnings and 0 Errors encountered.
report_power completed successfully
INFO: [runtcl-4] Executing : report_route_status -file top_fmax_route_status.rpt -pb top_fmax_route_status.pb
INFO: [runtcl-4] Executing : report_timing_summary -max_paths 10 -report_unconstrained -file top_fmax_timing_summary_routed.rpt -pb top_fmax_timing_summary_routed.pb -rpx top_fmax_timing_summary_routed.rpx -warn_on_violation 
INFO: [Timing 38-91] UpdateTimingParams: Speed grade: -2, Delay Type: min_max.
INFO: [Timing 38-191] Multithreading enabled for timing update using a maximum of 8 CPUs
CRITICAL WARNING: [Timing 38-282] The design failed to meet the timing requirements. Please see the timing summary report for details on the timing violations.
INFO: [runtcl-4] Executing : report_incremental_reuse -file top_fmax_incremental_reuse_routed.rpt
INFO: [Vivado_Tcl 4-1062] Incremental flow is disabled. No incremental reuse Info to report.
INFO: [runtcl-4] Executing : report_clock_utilization -file top_fmax_clock_utilization_routed.rpt
INFO: [runtcl-4] Executing : report_bus_skew -warn_on_violation -file top_fmax_bus_skew_routed.rpt -pb top_fmax_bus_skew_routed.pb -rpx top_fmax_bus_skew_routed.rpx
INFO: [Timing 38-91] UpdateTimingParams: Speed grade: -2, Delay Type: min_max.
INFO: [Timing 38-191] Multithreading enabled for timing update using a maximum of 8 CPUs
INFO: [Timing 38-480] Writing timing data to binary archive.
Write ShapeDB Complete: Time (s): cpu = 00:00:00.14 ; elapsed = 00:00:00.02 . Memory (MB): peak = 3936.098 ; gain = 0.000 ; free physical = 78936 ; free virtual = 960461
Wrote PlaceDB: Time (s): cpu = 00:00:02 ; elapsed = 00:00:00.73 . Memory (MB): peak = 3936.098 ; gain = 0.000 ; free physical = 78917 ; free virtual = 960458
Wrote PulsedLatchDB: Time (s): cpu = 00:00:00 ; elapsed = 00:00:00 . Memory (MB): peak = 3936.098 ; gain = 0.000 ; free physical = 78917 ; free virtual = 960458
Writing XDEF routing.
Writing XDEF routing logical nets.
Writing XDEF routing special nets.
Wrote RouteStorage: Time (s): cpu = 00:00:00.14 ; elapsed = 00:00:00.15 . Memory (MB): peak = 3936.098 ; gain = 0.000 ; free physical = 78913 ; free virtual = 960457
Wrote Netlist Cache: Time (s): cpu = 00:00:00.02 ; elapsed = 00:00:00.02 . Memory (MB): peak = 3936.098 ; gain = 0.000 ; free physical = 78912 ; free virtual = 960458
Wrote Device Cache: Time (s): cpu = 00:00:00 ; elapsed = 00:00:00 . Memory (MB): peak = 3936.098 ; gain = 0.000 ; free physical = 78912 ; free virtual = 960458
Write Physdb Complete: Time (s): cpu = 00:00:02 ; elapsed = 00:00:00.91 . Memory (MB): peak = 3936.098 ; gain = 0.000 ; free physical = 78912 ; free virtual = 960458
INFO: [Common 17-1381] The checkpoint '/home/st-wangjun/project/RISCV_A910/synth/vivado/fmax_impl_6.5ns_ndhi/fmax_impl_6.5ns_ndhi.runs/impl_1/top_fmax_routed.dcp' has been generated.
INFO: [Common 17-206] Exiting Vivado at Tue Sep 29 03:09:09 2026...
[Tue Sep 29 03:09:24 2026] impl_1 finished
wait_on_runs: Time (s): cpu = 00:00:01 ; elapsed = 00:10:11 . Memory (MB): peak = 1507.980 ; gain = 0.000 ; free physical = 81281 ; free virtual = 962810
INFO: [Device 21-403] Loading part xc7k325tffg900-2
Netlist sorting complete. Time (s): cpu = 00:00:00.06 ; elapsed = 00:00:00.06 . Memory (MB): peak = 1816.863 ; gain = 0.000 ; free physical = 80977 ; free virtual = 962506
INFO: [Netlist 29-17] Analyzing 1275 Unisim elements for replacement
INFO: [Netlist 29-28] Unisim Transformation completed in 0 CPU seconds
INFO: [Project 1-479] Netlist was created with Vivado 2023.2
INFO: [Project 1-570] Preparing netlist for logic optimization
Read ShapeDB Complete: Time (s): cpu = 00:00:00.03 ; elapsed = 00:00:00.03 . Memory (MB): peak = 1910.457 ; gain = 4.004 ; free physical = 80881 ; free virtual = 962410
INFO: [Timing 38-478] Restoring timing data from binary archive.
INFO: [Timing 38-479] Binary timing data restore complete.
INFO: [Project 1-856] Restoring constraints from binary archive.
INFO: [Project 1-853] Binary constraint restore complete.
INFO: [Designutils 20-5722] Start Reading Physical Databases.
Reading placement.
Read Netlist Cache: Time (s): cpu = 00:00:00.02 ; elapsed = 00:00:00.02 . Memory (MB): peak = 2609.840 ; gain = 0.000 ; free physical = 80313 ; free virtual = 961843
Reading placer database...
Read Device Cache: Time (s): cpu = 00:00:00 ; elapsed = 00:00:00.01 . Memory (MB): peak = 2609.840 ; gain = 0.000 ; free physical = 80312 ; free virtual = 961841
Read PlaceDB: Time (s): cpu = 00:00:00.63 ; elapsed = 00:00:00.63 . Memory (MB): peak = 2611.801 ; gain = 1.961 ; free physical = 80298 ; free virtual = 961827
Read PulsedLatchDB: Time (s): cpu = 00:00:00 ; elapsed = 00:00:00 . Memory (MB): peak = 2611.801 ; gain = 0.000 ; free physical = 80298 ; free virtual = 961827
Reading routing.
Read RouteStorage: Time (s): cpu = 00:00:00.26 ; elapsed = 00:00:00.26 . Memory (MB): peak = 2614.801 ; gain = 3.000 ; free physical = 80294 ; free virtual = 961823
Read Physdb Files: Time (s): cpu = 00:00:00.92 ; elapsed = 00:00:00.92 . Memory (MB): peak = 2614.801 ; gain = 4.965 ; free physical = 80294 ; free virtual = 961823
Restored from archive | CPU: 0.950000 secs | Memory: 24.015862 MB |
Finished XDEF File Restore: Time (s): cpu = 00:00:00.95 ; elapsed = 00:00:00.96 . Memory (MB): peak = 2614.801 ; gain = 11.898 ; free physical = 80294 ; free virtual = 961823
Netlist sorting complete. Time (s): cpu = 00:00:00 ; elapsed = 00:00:00 . Memory (MB): peak = 2614.801 ; gain = 0.000 ; free physical = 80294 ; free virtual = 961823
INFO: [Project 1-111] Unisim Transformation Summary:
  A total of 267 instances were transformed.
  RAM32M => RAM32M (RAMD32(x6), RAMS32(x2)): 8 instances
  RAM64M => RAM64M (RAMD64E(x4)): 183 instances
  RAM64X1D => RAM64X1D (RAMD64E(x2)): 76 instances

open_run: Time (s): cpu = 00:00:13 ; elapsed = 00:00:14 . Memory (MB): peak = 2614.801 ; gain = 1106.820 ; free physical = 80294 ; free virtual = 961823
# report_timing_summary -delay_type max -max_paths 20 -file [file join $PROJ_DIR timing_summary.rpt]
INFO: [Timing 38-91] UpdateTimingParams: Speed grade: -2, Delay Type: max.
INFO: [Timing 38-191] Multithreading enabled for timing update using a maximum of 8 CPUs
# report_utilization -file [file join $PROJ_DIR utilization.rpt]
# report_timing -delay_type max -max_paths 500 -file [file join $PROJ_DIR timing_paths500.rpt]
INFO: [Timing 38-91] UpdateTimingParams: Speed grade: -2, Delay Type: max.
INFO: [Timing 38-191] Multithreading enabled for timing update using a maximum of 8 CPUs
INFO: [Timing 38-78] ReportTimingParams: -max_paths 500 -nworst 1 -delay_type max -sort_by slack.
# report_timing -delay_type max -max_paths 200 -nworst 8 -file [file join $PROJ_DIR timing_paths_f1.rpt]
INFO: [Timing 38-91] UpdateTimingParams: Speed grade: -2, Delay Type: max.
INFO: [Timing 38-191] Multithreading enabled for timing update using a maximum of 8 CPUs
INFO: [Timing 38-78] ReportTimingParams: -max_paths 200 -nworst 8 -delay_type max -sort_by slack.
# if {[catch {
#     set f1_src [get_pins -hier -filter {NAME =~ "*u_icache/q_pc_q_reg*/C"}]
#     if {[llength $f1_src] > 0} {
#         report_timing -delay_type max -from $f1_src -max_paths 20 -nworst 3 \
#             -file [file join $PROJ_DIR timing_from_qpc.rpt]
#         puts "F1 report: [llength $f1_src] 个 q_pc_q 起点"
#     } else {
#         puts "F1 report: 找不到 u_icache/q_pc_q_reg, 跳过"
#     }
# } err]} { puts "F1 report skipped: $err" }
INFO: [Timing 38-91] UpdateTimingParams: Speed grade: -2, Delay Type: max.
INFO: [Timing 38-191] Multithreading enabled for timing update using a maximum of 8 CPUs
INFO: [Timing 38-78] ReportTimingParams: -from_pins  -max_paths 20 -nworst 3 -delay_type max -sort_by slack.
F1 report: 29 个 q_pc_q 起点
# set wns  [get_property SLACK [get_timing_paths -delay_type max -max_paths 1]]
# set fmax [expr {1000.0 / ($PERIOD - $wns)}]
# puts "================================================================"
================================================================
# puts "TIMING PATHS (top 8):"
TIMING PATHS (top 8):
# set i 0
# foreach p [get_timing_paths -delay_type max -max_paths 8] {
#     incr i
#     puts [format "  %d) %8.3f ns  %s -> %s" \
#         $i [get_property SLACK $p] \
#         [get_property STARTPOINT_PIN $p] [get_property ENDPOINT_PIN $p]]
# }
  1)   -0.191 ns  u_soc/Core_cpu/u_ifu_subsys/g_tage.u_tage/q_row_idx_reg[1][0]/C -> u_soc/Core_cpu/u_ifu_subsys/g_tage.u_tage/q_row_idx_reg[1][3]/D
  2)   -0.189 ns  u_soc/Core_cpu/u_ifu_subsys/g_tage.u_tage/q_row_idx_reg[1][0]/C -> u_soc/Core_cpu/u_ifu_subsys/g_tage.u_tage/q_row_idx_reg[3][3]/D
  3)   -0.183 ns  u_soc/Core_cpu/u_ifu_subsys/g_tage.u_tage/q_row_idx_reg[1][0]/C -> u_soc/Core_cpu/u_ifu_subsys/u_ibuf/ent_q_reg[6][84]/D
  4)   -0.169 ns  u_soc/Core_cpu/u_ifu_subsys/g_tage.u_tage/q_row_idx_reg[1][3]/C -> u_soc/Core_cpu/u_ifu_subsys/g_tage.u_tage/q_row_idx_reg[3][1]/D
  5)   -0.148 ns  u_soc/Core_cpu/u_ifu_subsys/g_tage.u_tage/q_row_idx_reg[1][0]/C -> u_soc/Core_cpu/u_ifu_subsys/u_ibuf/ent_q_reg[5][91]/D
  6)   -0.140 ns  u_soc/Core_cpu/u_ifu_subsys/g_tage.u_tage/q_row_idx_reg[1][3]/C -> u_soc/Core_cpu/u_ifu_subsys/g_tage.u_tage/q_row_idx_reg[2][0]/D
  7)   -0.136 ns  u_soc/Core_cpu/u_ifu_subsys/g_tage.u_tage/q_row_idx_reg[1][3]/C -> u_soc/Core_cpu/u_ifu_subsys/u_icache/u_dat_way1/u_prim/mem_q_reg_1/ADDRARDADDR[7]
  8)   -0.132 ns  u_soc/Core_cpu/u_ifu_subsys/g_tage.u_tage/q_row_idx_reg[1][3]/C -> u_soc/Core_cpu/u_ifu_subsys/u_icache/u_dat_way1/u_prim/mem_q_reg_0/ADDRARDADDR[7]
# set ncrit 0
# foreach p [get_timing_paths -delay_type max -max_paths 200 -slack_lesser_than 0] { incr ncrit }
# puts "VIOLATING PATHS (slack<0, up to 200): $ncrit"
VIOLATING PATHS (slack<0, up to 200): 125
# set non_ex ""
# foreach p [get_timing_paths -delay_type max -max_paths 300 -nworst 8] {
#     if {[string match "*ex_csr_addr*" [get_property STARTPOINT_PIN $p]]} { continue }
#     set non_ex $p
#     break
# }
# if {$non_ex ne ""} {
#     puts [format "WORST_NON_EX slack=%.3fns  %s -> %s" \
#         [get_property SLACK $non_ex] \
#         [get_property STARTPOINT_PIN $non_ex] [get_property ENDPOINT_PIN $non_ex]]
# } else {
#     puts "WORST_NON_EX 没有非 ex_csr_addr 起点的路径 (前 300 个终点全是它)"
# }
WORST_NON_EX slack=-0.191ns  u_soc/Core_cpu/u_ifu_subsys/g_tage.u_tage/q_row_idx_reg[1][0]/C -> u_soc/Core_cpu/u_ifu_subsys/g_tage.u_tage/q_row_idx_reg[1][3]/D
# puts [format "FMAX_SUMMARY period=%s mode=%s wns=%.4f fmax_mhz=%.2f" \
#       $PERIOD $MODE $wns $fmax]
FMAX_SUMMARY period=6.5 mode=impl wns=-0.1910 fmax_mhz=149.45
# puts "================================================================"
================================================================
INFO: [Common 17-206] Exiting Vivado at Tue Sep 29 03:09:41 2026...
