Copyright 1986-2022 Xilinx, Inc. All Rights Reserved. Copyright 2022-2023 Advanced Micro Devices, Inc. All Rights Reserved.
---------------------------------------------------------------------------------------------------------------------------------------------------------------
| Tool Version : Vivado v.2023.2 (lin64) Build 4029153 Fri Oct 13 20:13:54 MDT 2023
| Date         : Mon Sep 28 23:13:56 2026
| Host         : edaserver08 running 64-bit NAME="Red Hat Enterprise Linux Server"
| Command      : report_timing_summary -delay_type max -max_paths 20 -file /home/st-wangjun/project/RISCV_A910/synth/vivado/fmax_impl_6.9ns/timing_summary.rpt
| Design       : top_fmax
| Device       : 7k325t-ffg900
| Speed File   : -2  PRODUCTION 1.12 2017-02-17
| Design State : Routed
---------------------------------------------------------------------------------------------------------------------------------------------------------------

Timing Summary Report

------------------------------------------------------------------------------------------------
| Timer Settings
| --------------
------------------------------------------------------------------------------------------------

  Enable Multi Corner Analysis               :  Yes
  Enable Pessimism Removal                   :  Yes
  Pessimism Removal Resolution               :  Nearest Common Node
  Enable Input Delay Default Clock           :  No
  Enable Preset / Clear Arcs                 :  No
  Disable Flight Delays                      :  No
  Ignore I/O Paths                           :  No
  Timing Early Launch at Borrowing Latches   :  No
  Borrow Time for Max Delay Exceptions       :  Yes
  Merge Timing Exceptions                    :  Yes
  Inter-SLR Compensation                     :  Conservative

  Corner  Analyze    Analyze    
  Name    Max Paths  Min Paths  
  ------  ---------  ---------  
  Slow    Yes        Yes        
  Fast    Yes        Yes        


------------------------------------------------------------------------------------------------
| Report Methodology
| ------------------
------------------------------------------------------------------------------------------------

Rule    Severity  Description                               Violations  
------  --------  ----------------------------------------  ----------  
XDCH-2  Warning   Same min and max delay values on IO port  1           

Note: This report is based on the most recent report_methodology run and may not be up-to-date. Run report_methodology on the current design for the latest report.



check_timing report

Table of Contents
-----------------
1. checking no_clock (0)
2. checking constant_clock (0)
3. checking pulse_width_clock (0)
4. checking unconstrained_internal_endpoints (0)
5. checking no_input_delay (0)
6. checking no_output_delay (71)
7. checking multiple_clock (0)
8. checking generated_clocks (0)
9. checking loops (0)
10. checking partial_input_delay (0)
11. checking partial_output_delay (0)
12. checking latch_loops (0)

1. checking no_clock (0)
------------------------
 There are 0 register/latch pins with no clock.


2. checking constant_clock (0)
------------------------------
 There are 0 register/latch pins with constant_clock.


3. checking pulse_width_clock (0)
---------------------------------
 There are 0 register/latch pins which need pulse_width check


4. checking unconstrained_internal_endpoints (0)
------------------------------------------------
 There are 0 pins that are not constrained for maximum delay.

 There are 0 pins that are not constrained for maximum delay due to constant clock.


5. checking no_input_delay (0)
------------------------------
 There are 0 input ports with no input delay specified.

 There are 0 input ports with no input delay but user has a false path constraint.


6. checking no_output_delay (71)
--------------------------------
 There are 0 ports with no output delay specified.

 There are 71 ports with no output delay but user has a false path constraint (MEDIUM)

 There are 0 ports with no output delay but with a timing clock defined on it or propagating through it


7. checking multiple_clock (0)
------------------------------
 There are 0 register/latch pins with multiple clocks.


8. checking generated_clocks (0)
--------------------------------
 There are 0 generated clocks that are not connected to a clock source.


9. checking loops (0)
---------------------
 There are 0 combinational loops in the design.


10. checking partial_input_delay (0)
------------------------------------
 There are 0 input ports with partial input delay specified.


11. checking partial_output_delay (0)
-------------------------------------
 There are 0 ports with partial output delay specified.


12. checking latch_loops (0)
----------------------------
 There are 0 combinational latch loops in the design through latch input



------------------------------------------------------------------------------------------------
| Design Timing Summary
| ---------------------
------------------------------------------------------------------------------------------------

    WNS(ns)      TNS(ns)  TNS Failing Endpoints  TNS Total Endpoints     WPWS(ns)     TPWS(ns)  TPWS Failing Endpoints  TPWS Total Endpoints  
    -------      -------  ---------------------  -------------------     --------     --------  ----------------------  --------------------  
      0.114        0.000                      0                20298        2.682        0.000                       0                  5755  


All user specified timing constraints are met.


------------------------------------------------------------------------------------------------
| Clock Summary
| -------------
------------------------------------------------------------------------------------------------

Clock  Waveform(ns)         Period(ns)      Frequency(MHz)
-----  ------------         ----------      --------------
clk    {0.000 3.450}        6.900           144.928         


------------------------------------------------------------------------------------------------
| Intra Clock Table
| -----------------
------------------------------------------------------------------------------------------------

Clock             WNS(ns)      TNS(ns)  TNS Failing Endpoints  TNS Total Endpoints     WPWS(ns)     TPWS(ns)  TPWS Failing Endpoints  TPWS Total Endpoints  
-----             -------      -------  ---------------------  -------------------     --------     --------  ----------------------  --------------------  
clk                 0.114        0.000                      0                18379        2.682        0.000                       0                  5755  


------------------------------------------------------------------------------------------------
| Inter Clock Table
| -----------------
------------------------------------------------------------------------------------------------

From Clock    To Clock          WNS(ns)      TNS(ns)  TNS Failing Endpoints  TNS Total Endpoints  
----------    --------          -------      -------  ---------------------  -------------------  


------------------------------------------------------------------------------------------------
| Other Path Groups Table
| -----------------------
------------------------------------------------------------------------------------------------

Path Group         From Clock         To Clock               WNS(ns)      TNS(ns)  TNS Failing Endpoints  TNS Total Endpoints  
----------         ----------         --------               -------      -------  ---------------------  -------------------  
**async_default**  clk                clk                      2.784        0.000                      0                 1919  


------------------------------------------------------------------------------------------------
| Timing Details
| --------------
------------------------------------------------------------------------------------------------


---------------------------------------------------------------------------------------------------
From Clock:  clk
  To Clock:  clk

Setup :            0  Failing Endpoints,  Worst Slack        0.114ns,  Total Violation        0.000ns
Hold  :           NA  Failing Endpoints,  Worst Slack           NA  ,  Total Violation           NA
PW    :            0  Failing Endpoints,  Worst Slack        2.682ns,  Total Violation        0.000ns
---------------------------------------------------------------------------------------------------


Max Delay Paths
--------------------------------------------------------------------------------------
Slack (MET) :             0.114ns  (required time - arrival time)
  Source:                 u_soc/Core_cpu/u_ifu_subsys/g_tage.u_tage/q_row_idx_reg[1][1]/C
                            (rising edge-triggered cell FDRE clocked by clk  {rise@0.000ns fall@3.450ns period=6.900ns})
  Destination:            u_soc/Core_cpu/u_ifu_subsys/g_tage.u_tage/q_row_tag_reg[2][1]/D
                            (rising edge-triggered cell FDRE clocked by clk  {rise@0.000ns fall@3.450ns period=6.900ns})
  Path Group:             clk
  Path Type:              Setup (Max at Slow Process Corner)
  Requirement:            6.900ns  (clk rise@6.900ns - clk rise@0.000ns)
  Data Path Delay:        6.755ns  (logic 0.868ns (12.849%)  route 5.887ns (87.151%))
  Logic Levels:           15  (LUT3=2 LUT4=2 LUT5=3 LUT6=7 RAMD64E=1)
  Clock Path Skew:        -0.029ns (DCD - SCD + CPR)
    Destination Clock Delay (DCD):    4.918ns = ( 11.818 - 6.900 ) 
    Source Clock Delay      (SCD):    5.258ns
    Clock Pessimism Removal (CPR):    0.312ns
  Clock Uncertainty:      0.035ns  ((TSJ^2 + TIJ^2)^1/2 + DJ) / 2 + PE
    Total System Jitter     (TSJ):    0.071ns
    Total Input Jitter      (TIJ):    0.000ns
    Discrete Jitter          (DJ):    0.000ns
    Phase Error              (PE):    0.000ns

    Location             Delay type                Incr(ns)  Path(ns)    Netlist Resource(s)
  -------------------------------------------------------------------    -------------------
                         (clock clk rise edge)        0.000     0.000 r  
    AE23                                              0.000     0.000 r  clk (IN)
                         net (fo=0)                   0.000     0.000    clk
    AE23                 IBUF (Prop_ibuf_I_O)         0.734     0.734 r  clk_IBUF_inst/O
                         net (fo=1, routed)           2.651     3.385    clk_IBUF
    BUFGCTRL_X0Y0        BUFG (Prop_bufg_I_O)         0.093     3.478 r  u_bufg/O
                         net (fo=5754, routed)        1.780     5.258    u_soc/Core_cpu/u_ifu_subsys/g_tage.u_tage/clk_buf
    SLICE_X48Y24         FDRE                                         r  u_soc/Core_cpu/u_ifu_subsys/g_tage.u_tage/q_row_idx_reg[1][1]/C
  -------------------------------------------------------------------    -------------------
    SLICE_X48Y24         FDRE (Prop_fdre_C_Q)         0.223     5.481 r  u_soc/Core_cpu/u_ifu_subsys/g_tage.u_tage/q_row_idx_reg[1][1]/Q
                         net (fo=62, routed)          0.752     6.233    u_soc/Core_cpu/u_ifu_subsys/g_tage.u_tage/g_tab[1].tg_p_reg_r1_0_63_0_2/ADDRA1
    SLICE_X46Y20         RAMD64E (Prop_ramd64e_RADR1_O)
                                                      0.043     6.276 r  u_soc/Core_cpu/u_ifu_subsys/g_tage.u_tage/g_tab[1].tg_p_reg_r1_0_63_0_2/RAMA/O
                         net (fo=1, routed)           0.457     6.733    u_soc/Core_cpu/u_ifu_subsys/g_tage.u_tage/g_tab[1].tg_p_reg_r1_0_63_0_2_n_0
    SLICE_X44Y21         LUT6 (Prop_lut6_I0_O)        0.043     6.776 f  u_soc/Core_cpu/u_ifu_subsys/g_tage.u_tage/ent_q[6][150]_i_61/O
                         net (fo=9, routed)           0.285     7.061    u_soc/Core_cpu/u_ifu_subsys/g_tage.u_tage/ent_q[6][150]_i_61_n_0
    SLICE_X45Y21         LUT3 (Prop_lut3_I2_O)        0.043     7.104 f  u_soc/Core_cpu/u_ifu_subsys/g_tage.u_tage/id_bht_chk[22]_i_33/O
                         net (fo=13, routed)          0.412     7.516    u_soc/Core_cpu/u_ifu_subsys/g_tage.u_tage/id_bht_chk[22]_i_33_n_0
    SLICE_X40Y23         LUT6 (Prop_lut6_I3_O)        0.043     7.559 r  u_soc/Core_cpu/u_ifu_subsys/g_tage.u_tage/id_bht_chk[22]_i_27/O
                         net (fo=2, routed)           0.334     7.893    u_soc/Core_cpu/u_ifu_subsys/g_tage.u_tage/id_bht_chk[22]_i_27_n_0
    SLICE_X40Y21         LUT6 (Prop_lut6_I2_O)        0.043     7.936 f  u_soc/Core_cpu/u_ifu_subsys/g_tage.u_tage/id_bht_chk[22]_i_13/O
                         net (fo=1, routed)           0.347     8.283    u_soc/Core_cpu/u_ifu_subsys/g_tage.u_tage/id_bht_chk[22]_i_13_n_0
    SLICE_X40Y20         LUT6 (Prop_lut6_I1_O)        0.043     8.326 r  u_soc/Core_cpu/u_ifu_subsys/g_tage.u_tage/id_bht_chk[22]_i_5/O
                         net (fo=3, routed)           0.115     8.441    u_soc/Core_cpu/u_ifu_subsys/u_btb/dir_pred[0]
    SLICE_X40Y20         LUT6 (Prop_lut6_I3_O)        0.043     8.484 r  u_soc/Core_cpu/u_ifu_subsys/u_btb/q_t0_idx[1]_i_11/O
                         net (fo=22, routed)          0.482     8.966    u_soc/Core_cpu/u_ifu_subsys/u_btb/btb_t0
    SLICE_X37Y20         LUT5 (Prop_lut5_I2_O)        0.043     9.009 r  u_soc/Core_cpu/u_ifu_subsys/u_btb/cnt_q[0]_i_8/O
                         net (fo=2, routed)           0.324     9.333    u_soc/Core_cpu/u_ifu_subsys/u_btb/want_cnt_raw[1]
    SLICE_X36Y19         LUT6 (Prop_lut6_I2_O)        0.043     9.376 f  u_soc/Core_cpu/u_ifu_subsys/u_btb/cnt_q[0]_i_5/O
                         net (fo=3, routed)           0.434     9.810    u_soc/Core_cpu/u_ifu_subsys/u_ibuf/cnt_q_reg[0]_14
    SLICE_X35Y21         LUT4 (Prop_lut4_I3_O)        0.043     9.853 f  u_soc/Core_cpu/u_ifu_subsys/u_ibuf/cnt_q[0]_i_2/O
                         net (fo=9, routed)           0.369    10.223    u_soc/Core_cpu/u_ifu_subsys/u_ibuf/cnt_q_reg[4]_1[0]
    SLICE_X35Y21         LUT5 (Prop_lut5_I3_O)        0.043    10.266 r  u_soc/Core_cpu/u_ifu_subsys/u_ibuf/ghr_q[3]_i_2/O
                         net (fo=13, routed)          0.391    10.656    u_soc/Core_cpu/u_ifu_subsys/u_ibuf/p_3_in
    SLICE_X34Y21         LUT4 (Prop_lut4_I0_O)        0.043    10.699 r  u_soc/Core_cpu/u_ifu_subsys/u_ibuf/q_row_tag[0][0]_i_10/O
                         net (fo=15, routed)          0.387    11.087    u_soc/Core_cpu/u_ifu_subsys/u_ibuf/ghr_cnt_return[2]
    SLICE_X34Y21         LUT5 (Prop_lut5_I3_O)        0.043    11.130 r  u_soc/Core_cpu/u_ifu_subsys/u_ibuf/ghr_q[6]_i_2/O
                         net (fo=2, routed)           0.337    11.467    u_soc/Core_cpu/u_ifu_subsys/u_ibuf/ghr_q[6]_i_2_n_0
    SLICE_X39Y21         LUT6 (Prop_lut6_I2_O)        0.043    11.510 r  u_soc/Core_cpu/u_ifu_subsys/u_ibuf/ghr_q[5]_i_1/O
                         net (fo=5, routed)           0.461    11.971    u_soc/Core_cpu/u_ifu_subsys/u_btb/q_row_idx_reg[2][5]
    SLICE_X34Y20         LUT3 (Prop_lut3_I2_O)        0.043    12.014 r  u_soc/Core_cpu/u_ifu_subsys/u_btb/q_row_tag[2][1]_i_1/O
                         net (fo=1, routed)           0.000    12.014    u_soc/Core_cpu/u_ifu_subsys/g_tage.u_tage/q_row_tag_reg[2][5]_0[1]
    SLICE_X34Y20         FDRE                                         r  u_soc/Core_cpu/u_ifu_subsys/g_tage.u_tage/q_row_tag_reg[2][1]/D
  -------------------------------------------------------------------    -------------------

                         (clock clk rise edge)        6.900     6.900 r  
    AE23                                              0.000     6.900 r  clk (IN)
                         net (fo=0)                   0.000     6.900    clk
    AE23                 IBUF (Prop_ibuf_I_O)         0.660     7.560 r  clk_IBUF_inst/O
                         net (fo=1, routed)           2.516    10.076    clk_IBUF
    BUFGCTRL_X0Y0        BUFG (Prop_bufg_I_O)         0.083    10.159 r  u_bufg/O
                         net (fo=5754, routed)        1.659    11.818    u_soc/Core_cpu/u_ifu_subsys/g_tage.u_tage/clk_buf
    SLICE_X34Y20         FDRE                                         r  u_soc/Core_cpu/u_ifu_subsys/g_tage.u_tage/q_row_tag_reg[2][1]/C
                         clock pessimism              0.312    12.129    
                         clock uncertainty           -0.035    12.094    
    SLICE_X34Y20         FDRE (Setup_fdre_C_D)        0.034    12.128    u_soc/Core_cpu/u_ifu_subsys/g_tage.u_tage/q_row_tag_reg[2][1]
  -------------------------------------------------------------------
                         required time                         12.128    
                         arrival time                         -12.014    
  -------------------------------------------------------------------
                         slack                                  0.114    

Slack (MET) :             0.127ns  (required time - arrival time)
  Source:                 u_soc/Core_cpu/u_ifu_subsys/g_tage.u_tage/q_row_idx_reg[1][1]/C
                            (rising edge-triggered cell FDRE clocked by clk  {rise@0.000ns fall@3.450ns period=6.900ns})
  Destination:            u_soc/Core_cpu/u_ifu_subsys/g_tage.u_tage/q_row_tag_reg[3][0]/D
                            (rising edge-triggered cell FDRE clocked by clk  {rise@0.000ns fall@3.450ns period=6.900ns})
  Path Group:             clk
  Path Type:              Setup (Max at Slow Process Corner)
  Requirement:            6.900ns  (clk rise@6.900ns - clk rise@0.000ns)
  Data Path Delay:        6.735ns  (logic 0.868ns (12.887%)  route 5.867ns (87.112%))
  Logic Levels:           15  (LUT3=1 LUT4=3 LUT5=2 LUT6=8 RAMD64E=1)
  Clock Path Skew:        -0.036ns (DCD - SCD + CPR)
    Destination Clock Delay (DCD):    4.911ns = ( 11.811 - 6.900 ) 
    Source Clock Delay      (SCD):    5.258ns
    Clock Pessimism Removal (CPR):    0.312ns
  Clock Uncertainty:      0.035ns  ((TSJ^2 + TIJ^2)^1/2 + DJ) / 2 + PE
    Total System Jitter     (TSJ):    0.071ns
    Total Input Jitter      (TIJ):    0.000ns
    Discrete Jitter          (DJ):    0.000ns
    Phase Error              (PE):    0.000ns

    Location             Delay type                Incr(ns)  Path(ns)    Netlist Resource(s)
  -------------------------------------------------------------------    -------------------
                         (clock clk rise edge)        0.000     0.000 r  
    AE23                                              0.000     0.000 r  clk (IN)
                         net (fo=0)                   0.000     0.000    clk
    AE23                 IBUF (Prop_ibuf_I_O)         0.734     0.734 r  clk_IBUF_inst/O
                         net (fo=1, routed)           2.651     3.385    clk_IBUF
    BUFGCTRL_X0Y0        BUFG (Prop_bufg_I_O)         0.093     3.478 r  u_bufg/O
                         net (fo=5754, routed)        1.780     5.258    u_soc/Core_cpu/u_ifu_subsys/g_tage.u_tage/clk_buf
    SLICE_X48Y24         FDRE                                         r  u_soc/Core_cpu/u_ifu_subsys/g_tage.u_tage/q_row_idx_reg[1][1]/C
  -------------------------------------------------------------------    -------------------
    SLICE_X48Y24         FDRE (Prop_fdre_C_Q)         0.223     5.481 r  u_soc/Core_cpu/u_ifu_subsys/g_tage.u_tage/q_row_idx_reg[1][1]/Q
                         net (fo=62, routed)          0.752     6.233    u_soc/Core_cpu/u_ifu_subsys/g_tage.u_tage/g_tab[1].tg_p_reg_r1_0_63_0_2/ADDRA1
    SLICE_X46Y20         RAMD64E (Prop_ramd64e_RADR1_O)
                                                      0.043     6.276 r  u_soc/Core_cpu/u_ifu_subsys/g_tage.u_tage/g_tab[1].tg_p_reg_r1_0_63_0_2/RAMA/O
                         net (fo=1, routed)           0.457     6.733    u_soc/Core_cpu/u_ifu_subsys/g_tage.u_tage/g_tab[1].tg_p_reg_r1_0_63_0_2_n_0
    SLICE_X44Y21         LUT6 (Prop_lut6_I0_O)        0.043     6.776 f  u_soc/Core_cpu/u_ifu_subsys/g_tage.u_tage/ent_q[6][150]_i_61/O
                         net (fo=9, routed)           0.285     7.061    u_soc/Core_cpu/u_ifu_subsys/g_tage.u_tage/ent_q[6][150]_i_61_n_0
    SLICE_X45Y21         LUT3 (Prop_lut3_I2_O)        0.043     7.104 f  u_soc/Core_cpu/u_ifu_subsys/g_tage.u_tage/id_bht_chk[22]_i_33/O
                         net (fo=13, routed)          0.412     7.516    u_soc/Core_cpu/u_ifu_subsys/g_tage.u_tage/id_bht_chk[22]_i_33_n_0
    SLICE_X40Y23         LUT6 (Prop_lut6_I3_O)        0.043     7.559 r  u_soc/Core_cpu/u_ifu_subsys/g_tage.u_tage/id_bht_chk[22]_i_27/O
                         net (fo=2, routed)           0.334     7.893    u_soc/Core_cpu/u_ifu_subsys/g_tage.u_tage/id_bht_chk[22]_i_27_n_0
    SLICE_X40Y21         LUT6 (Prop_lut6_I2_O)        0.043     7.936 f  u_soc/Core_cpu/u_ifu_subsys/g_tage.u_tage/id_bht_chk[22]_i_13/O
                         net (fo=1, routed)           0.347     8.283    u_soc/Core_cpu/u_ifu_subsys/g_tage.u_tage/id_bht_chk[22]_i_13_n_0
    SLICE_X40Y20         LUT6 (Prop_lut6_I1_O)        0.043     8.326 r  u_soc/Core_cpu/u_ifu_subsys/g_tage.u_tage/id_bht_chk[22]_i_5/O
                         net (fo=3, routed)           0.115     8.441    u_soc/Core_cpu/u_ifu_subsys/u_btb/dir_pred[0]
    SLICE_X40Y20         LUT6 (Prop_lut6_I3_O)        0.043     8.484 r  u_soc/Core_cpu/u_ifu_subsys/u_btb/q_t0_idx[1]_i_11/O
                         net (fo=22, routed)          0.482     8.966    u_soc/Core_cpu/u_ifu_subsys/u_btb/btb_t0
    SLICE_X37Y20         LUT5 (Prop_lut5_I2_O)        0.043     9.009 r  u_soc/Core_cpu/u_ifu_subsys/u_btb/cnt_q[0]_i_8/O
                         net (fo=2, routed)           0.324     9.333    u_soc/Core_cpu/u_ifu_subsys/u_btb/want_cnt_raw[1]
    SLICE_X36Y19         LUT6 (Prop_lut6_I2_O)        0.043     9.376 f  u_soc/Core_cpu/u_ifu_subsys/u_btb/cnt_q[0]_i_5/O
                         net (fo=3, routed)           0.434     9.810    u_soc/Core_cpu/u_ifu_subsys/u_ibuf/cnt_q_reg[0]_14
    SLICE_X35Y21         LUT4 (Prop_lut4_I3_O)        0.043     9.853 f  u_soc/Core_cpu/u_ifu_subsys/u_ibuf/cnt_q[0]_i_2/O
                         net (fo=9, routed)           0.369    10.223    u_soc/Core_cpu/u_ifu_subsys/u_ibuf/cnt_q_reg[4]_1[0]
    SLICE_X35Y21         LUT5 (Prop_lut5_I3_O)        0.043    10.266 r  u_soc/Core_cpu/u_ifu_subsys/u_ibuf/ghr_q[3]_i_2/O
                         net (fo=13, routed)          0.391    10.656    u_soc/Core_cpu/u_ifu_subsys/u_ibuf/p_3_in
    SLICE_X34Y21         LUT4 (Prop_lut4_I0_O)        0.043    10.699 r  u_soc/Core_cpu/u_ifu_subsys/u_ibuf/q_row_tag[0][0]_i_10/O
                         net (fo=15, routed)          0.357    11.056    u_soc/Core_cpu/u_ifu_subsys/u_ibuf/ghr_cnt_return[2]
    SLICE_X35Y23         LUT4 (Prop_lut4_I3_O)        0.043    11.099 f  u_soc/Core_cpu/u_ifu_subsys/u_ibuf/q_row_idx[3][3]_i_3/O
                         net (fo=1, routed)           0.348    11.448    u_soc/Core_cpu/u_ifu_subsys/u_ibuf/q_row_idx[3][3]_i_3_n_0
    SLICE_X35Y22         LUT6 (Prop_lut6_I3_O)        0.043    11.491 r  u_soc/Core_cpu/u_ifu_subsys/u_ibuf/q_row_idx[3][3]_i_2/O
                         net (fo=5, routed)           0.460    11.951    u_soc/Core_cpu/u_ifu_subsys/u_ibuf/iu_red_vld_q_reg_0
    SLICE_X37Y23         LUT6 (Prop_lut6_I1_O)        0.043    11.994 r  u_soc/Core_cpu/u_ifu_subsys/u_ibuf/q_row_tag[3][0]_i_1/O
                         net (fo=1, routed)           0.000    11.994    u_soc/Core_cpu/u_ifu_subsys/g_tage.u_tage/q_row_tag_reg[3][5]_0[0]
    SLICE_X37Y23         FDRE                                         r  u_soc/Core_cpu/u_ifu_subsys/g_tage.u_tage/q_row_tag_reg[3][0]/D
  -------------------------------------------------------------------    -------------------

                         (clock clk rise edge)        6.900     6.900 r  
    AE23                                              0.000     6.900 r  clk (IN)
                         net (fo=0)                   0.000     6.900    clk
    AE23                 IBUF (Prop_ibuf_I_O)         0.660     7.560 r  clk_IBUF_inst/O
                         net (fo=1, routed)           2.516    10.076    clk_IBUF
    BUFGCTRL_X0Y0        BUFG (Prop_bufg_I_O)         0.083    10.159 r  u_bufg/O
                         net (fo=5754, routed)        1.652    11.811    u_soc/Core_cpu/u_ifu_subsys/g_tage.u_tage/clk_buf
    SLICE_X37Y23         FDRE                                         r  u_soc/Core_cpu/u_ifu_subsys/g_tage.u_tage/q_row_tag_reg[3][0]/C
                         clock pessimism              0.312    12.122    
                         clock uncertainty           -0.035    12.087    
    SLICE_X37Y23         FDRE (Setup_fdre_C_D)        0.034    12.121    u_soc/Core_cpu/u_ifu_subsys/g_tage.u_tage/q_row_tag_reg[3][0]
  -------------------------------------------------------------------
                         required time                         12.121    
                         arrival time                         -11.994    
  -------------------------------------------------------------------
                         slack                                  0.127    

Slack (MET) :             0.145ns  (required time - arrival time)
  Source:                 u_soc/Core_cpu/u_ifu_subsys/g_tage.u_tage/q_row_idx_reg[1][1]/C
                            (rising edge-triggered cell FDRE clocked by clk  {rise@0.000ns fall@3.450ns period=6.900ns})
  Destination:            u_soc/Core_cpu/u_ifu_subsys/u_ibuf/ent_q_reg[0][83]/D
                            (rising edge-triggered cell FDRE clocked by clk  {rise@0.000ns fall@3.450ns period=6.900ns})
  Path Group:             clk
  Path Type:              Setup (Max at Slow Process Corner)
  Requirement:            6.900ns  (clk rise@6.900ns - clk rise@0.000ns)
  Data Path Delay:        6.774ns  (logic 0.825ns (12.179%)  route 5.949ns (87.821%))
  Logic Levels:           14  (LUT3=2 LUT4=1 LUT5=2 LUT6=8 RAMD64E=1)
  Clock Path Skew:        -0.012ns (DCD - SCD + CPR)
    Destination Clock Delay (DCD):    4.935ns = ( 11.835 - 6.900 ) 
    Source Clock Delay      (SCD):    5.258ns
    Clock Pessimism Removal (CPR):    0.312ns
  Clock Uncertainty:      0.035ns  ((TSJ^2 + TIJ^2)^1/2 + DJ) / 2 + PE
    Total System Jitter     (TSJ):    0.071ns
    Total Input Jitter      (TIJ):    0.000ns
    Discrete Jitter          (DJ):    0.000ns
    Phase Error              (PE):    0.000ns

    Location             Delay type                Incr(ns)  Path(ns)    Netlist Resource(s)
  -------------------------------------------------------------------    -------------------
                         (clock clk rise edge)        0.000     0.000 r  
    AE23                                              0.000     0.000 r  clk (IN)
                         net (fo=0)                   0.000     0.000    clk
    AE23                 IBUF (Prop_ibuf_I_O)         0.734     0.734 r  clk_IBUF_inst/O
                         net (fo=1, routed)           2.651     3.385    clk_IBUF
    BUFGCTRL_X0Y0        BUFG (Prop_bufg_I_O)         0.093     3.478 r  u_bufg/O
                         net (fo=5754, routed)        1.780     5.258    u_soc/Core_cpu/u_ifu_subsys/g_tage.u_tage/clk_buf
    SLICE_X48Y24         FDRE                                         r  u_soc/Core_cpu/u_ifu_subsys/g_tage.u_tage/q_row_idx_reg[1][1]/C
  -------------------------------------------------------------------    -------------------
    SLICE_X48Y24         FDRE (Prop_fdre_C_Q)         0.223     5.481 r  u_soc/Core_cpu/u_ifu_subsys/g_tage.u_tage/q_row_idx_reg[1][1]/Q
                         net (fo=62, routed)          0.752     6.233    u_soc/Core_cpu/u_ifu_subsys/g_tage.u_tage/g_tab[1].tg_p_reg_r1_0_63_0_2/ADDRA1
    SLICE_X46Y20         RAMD64E (Prop_ramd64e_RADR1_O)
                                                      0.043     6.276 r  u_soc/Core_cpu/u_ifu_subsys/g_tage.u_tage/g_tab[1].tg_p_reg_r1_0_63_0_2/RAMA/O
                         net (fo=1, routed)           0.457     6.733    u_soc/Core_cpu/u_ifu_subsys/g_tage.u_tage/g_tab[1].tg_p_reg_r1_0_63_0_2_n_0
    SLICE_X44Y21         LUT6 (Prop_lut6_I0_O)        0.043     6.776 f  u_soc/Core_cpu/u_ifu_subsys/g_tage.u_tage/ent_q[6][150]_i_61/O
                         net (fo=9, routed)           0.285     7.061    u_soc/Core_cpu/u_ifu_subsys/g_tage.u_tage/ent_q[6][150]_i_61_n_0
    SLICE_X45Y21         LUT3 (Prop_lut3_I2_O)        0.043     7.104 f  u_soc/Core_cpu/u_ifu_subsys/g_tage.u_tage/id_bht_chk[22]_i_33/O
                         net (fo=13, routed)          0.412     7.516    u_soc/Core_cpu/u_ifu_subsys/g_tage.u_tage/id_bht_chk[22]_i_33_n_0
    SLICE_X40Y23         LUT6 (Prop_lut6_I3_O)        0.043     7.559 r  u_soc/Core_cpu/u_ifu_subsys/g_tage.u_tage/id_bht_chk[22]_i_27/O
                         net (fo=2, routed)           0.334     7.893    u_soc/Core_cpu/u_ifu_subsys/g_tage.u_tage/id_bht_chk[22]_i_27_n_0
    SLICE_X40Y21         LUT6 (Prop_lut6_I2_O)        0.043     7.936 f  u_soc/Core_cpu/u_ifu_subsys/g_tage.u_tage/id_bht_chk[22]_i_13/O
                         net (fo=1, routed)           0.347     8.283    u_soc/Core_cpu/u_ifu_subsys/g_tage.u_tage/id_bht_chk[22]_i_13_n_0
    SLICE_X40Y20         LUT6 (Prop_lut6_I1_O)        0.043     8.326 r  u_soc/Core_cpu/u_ifu_subsys/g_tage.u_tage/id_bht_chk[22]_i_5/O
                         net (fo=3, routed)           0.115     8.441    u_soc/Core_cpu/u_ifu_subsys/u_btb/dir_pred[0]
    SLICE_X40Y20         LUT6 (Prop_lut6_I3_O)        0.043     8.484 r  u_soc/Core_cpu/u_ifu_subsys/u_btb/q_t0_idx[1]_i_11/O
                         net (fo=22, routed)          0.482     8.966    u_soc/Core_cpu/u_ifu_subsys/u_btb/btb_t0
    SLICE_X37Y20         LUT5 (Prop_lut5_I2_O)        0.043     9.009 r  u_soc/Core_cpu/u_ifu_subsys/u_btb/cnt_q[0]_i_8/O
                         net (fo=2, routed)           0.324     9.333    u_soc/Core_cpu/u_ifu_subsys/u_btb/want_cnt_raw[1]
    SLICE_X36Y19         LUT6 (Prop_lut6_I2_O)        0.043     9.376 r  u_soc/Core_cpu/u_ifu_subsys/u_btb/cnt_q[0]_i_5/O
                         net (fo=3, routed)           0.434     9.810    u_soc/Core_cpu/u_ifu_subsys/u_ibuf/cnt_q_reg[0]_14
    SLICE_X35Y21         LUT4 (Prop_lut4_I3_O)        0.043     9.853 r  u_soc/Core_cpu/u_ifu_subsys/u_ibuf/cnt_q[0]_i_2/O
                         net (fo=9, routed)           0.356    10.209    u_soc/Core_cpu/u_ifu_subsys/u_ibuf/cnt_q_reg[4]_1[0]
    SLICE_X33Y18         LUT3 (Prop_lut3_I1_O)        0.043    10.252 r  u_soc/Core_cpu/u_ifu_subsys/u_ibuf/ent_q[6][150]_i_13/O
                         net (fo=111, routed)         0.872    11.123    u_soc/Core_cpu/u_ifu_subsys/u_ibuf/cnt_q_reg[4]_3
    SLICE_X22Y3          LUT6 (Prop_lut6_I2_O)        0.043    11.166 r  u_soc/Core_cpu/u_ifu_subsys/u_ibuf/ent_q[6][83]_i_3/O
                         net (fo=8, routed)           0.537    11.703    u_soc/Core_cpu/u_ifu_subsys/u_ibuf/ent_q[6][83]_i_3_n_0
    SLICE_X19Y2          LUT6 (Prop_lut6_I0_O)        0.043    11.746 r  u_soc/Core_cpu/u_ifu_subsys/u_ibuf/ent_q[0][83]_i_2/O
                         net (fo=1, routed)           0.243    11.989    u_soc/Core_cpu/u_ifu_subsys/u_ibuf/ent_q[0][83]_i_2_n_0
    SLICE_X18Y2          LUT5 (Prop_lut5_I4_O)        0.043    12.032 r  u_soc/Core_cpu/u_ifu_subsys/u_ibuf/ent_q[0][83]_i_1/O
                         net (fo=1, routed)           0.000    12.032    u_soc/Core_cpu/u_ifu_subsys/u_ibuf/ent_q[0][83]_i_1_n_0
    SLICE_X18Y2          FDRE                                         r  u_soc/Core_cpu/u_ifu_subsys/u_ibuf/ent_q_reg[0][83]/D
  -------------------------------------------------------------------    -------------------

                         (clock clk rise edge)        6.900     6.900 r  
    AE23                                              0.000     6.900 r  clk (IN)
                         net (fo=0)                   0.000     6.900    clk
    AE23                 IBUF (Prop_ibuf_I_O)         0.660     7.560 r  clk_IBUF_inst/O
                         net (fo=1, routed)           2.516    10.076    clk_IBUF
    BUFGCTRL_X0Y0        BUFG (Prop_bufg_I_O)         0.083    10.159 r  u_bufg/O
                         net (fo=5754, routed)        1.676    11.835    u_soc/Core_cpu/u_ifu_subsys/u_ibuf/clk_buf
    SLICE_X18Y2          FDRE                                         r  u_soc/Core_cpu/u_ifu_subsys/u_ibuf/ent_q_reg[0][83]/C
                         clock pessimism              0.312    12.146    
                         clock uncertainty           -0.035    12.111    
    SLICE_X18Y2          FDRE (Setup_fdre_C_D)        0.066    12.177    u_soc/Core_cpu/u_ifu_subsys/u_ibuf/ent_q_reg[0][83]
  -------------------------------------------------------------------
                         required time                         12.177    
                         arrival time                         -12.032    
  -------------------------------------------------------------------
                         slack                                  0.145    

Slack (MET) :             0.145ns  (required time - arrival time)
  Source:                 u_soc/Core_cpu/u_ifu_subsys/g_tage.u_tage/q_row_idx_reg[1][1]/C
                            (rising edge-triggered cell FDRE clocked by clk  {rise@0.000ns fall@3.450ns period=6.900ns})
  Destination:            u_soc/Core_cpu/u_ifu_subsys/u_ibuf/ent_q_reg[0][60]/D
                            (rising edge-triggered cell FDRE clocked by clk  {rise@0.000ns fall@3.450ns period=6.900ns})
  Path Group:             clk
  Path Type:              Setup (Max at Slow Process Corner)
  Requirement:            6.900ns  (clk rise@6.900ns - clk rise@0.000ns)
  Data Path Delay:        6.822ns  (logic 0.825ns (12.093%)  route 5.997ns (87.907%))
  Logic Levels:           14  (LUT3=2 LUT4=2 LUT5=2 LUT6=7 RAMD64E=1)
  Clock Path Skew:        0.038ns (DCD - SCD + CPR)
    Destination Clock Delay (DCD):    4.985ns = ( 11.885 - 6.900 ) 
    Source Clock Delay      (SCD):    5.258ns
    Clock Pessimism Removal (CPR):    0.312ns
  Clock Uncertainty:      0.035ns  ((TSJ^2 + TIJ^2)^1/2 + DJ) / 2 + PE
    Total System Jitter     (TSJ):    0.071ns
    Total Input Jitter      (TIJ):    0.000ns
    Discrete Jitter          (DJ):    0.000ns
    Phase Error              (PE):    0.000ns

    Location             Delay type                Incr(ns)  Path(ns)    Netlist Resource(s)
  -------------------------------------------------------------------    -------------------
                         (clock clk rise edge)        0.000     0.000 r  
    AE23                                              0.000     0.000 r  clk (IN)
                         net (fo=0)                   0.000     0.000    clk
    AE23                 IBUF (Prop_ibuf_I_O)         0.734     0.734 r  clk_IBUF_inst/O
                         net (fo=1, routed)           2.651     3.385    clk_IBUF
    BUFGCTRL_X0Y0        BUFG (Prop_bufg_I_O)         0.093     3.478 r  u_bufg/O
                         net (fo=5754, routed)        1.780     5.258    u_soc/Core_cpu/u_ifu_subsys/g_tage.u_tage/clk_buf
    SLICE_X48Y24         FDRE                                         r  u_soc/Core_cpu/u_ifu_subsys/g_tage.u_tage/q_row_idx_reg[1][1]/C
  -------------------------------------------------------------------    -------------------
    SLICE_X48Y24         FDRE (Prop_fdre_C_Q)         0.223     5.481 r  u_soc/Core_cpu/u_ifu_subsys/g_tage.u_tage/q_row_idx_reg[1][1]/Q
                         net (fo=62, routed)          0.752     6.233    u_soc/Core_cpu/u_ifu_subsys/g_tage.u_tage/g_tab[1].tg_p_reg_r1_0_63_0_2/ADDRA1
    SLICE_X46Y20         RAMD64E (Prop_ramd64e_RADR1_O)
                                                      0.043     6.276 r  u_soc/Core_cpu/u_ifu_subsys/g_tage.u_tage/g_tab[1].tg_p_reg_r1_0_63_0_2/RAMA/O
                         net (fo=1, routed)           0.457     6.733    u_soc/Core_cpu/u_ifu_subsys/g_tage.u_tage/g_tab[1].tg_p_reg_r1_0_63_0_2_n_0
    SLICE_X44Y21         LUT6 (Prop_lut6_I0_O)        0.043     6.776 f  u_soc/Core_cpu/u_ifu_subsys/g_tage.u_tage/ent_q[6][150]_i_61/O
                         net (fo=9, routed)           0.285     7.061    u_soc/Core_cpu/u_ifu_subsys/g_tage.u_tage/ent_q[6][150]_i_61_n_0
    SLICE_X45Y21         LUT3 (Prop_lut3_I2_O)        0.043     7.104 f  u_soc/Core_cpu/u_ifu_subsys/g_tage.u_tage/id_bht_chk[22]_i_33/O
                         net (fo=13, routed)          0.412     7.516    u_soc/Core_cpu/u_ifu_subsys/g_tage.u_tage/id_bht_chk[22]_i_33_n_0
    SLICE_X40Y23         LUT6 (Prop_lut6_I3_O)        0.043     7.559 r  u_soc/Core_cpu/u_ifu_subsys/g_tage.u_tage/id_bht_chk[22]_i_27/O
                         net (fo=2, routed)           0.334     7.893    u_soc/Core_cpu/u_ifu_subsys/g_tage.u_tage/id_bht_chk[22]_i_27_n_0
    SLICE_X40Y21         LUT6 (Prop_lut6_I2_O)        0.043     7.936 f  u_soc/Core_cpu/u_ifu_subsys/g_tage.u_tage/id_bht_chk[22]_i_13/O
                         net (fo=1, routed)           0.347     8.283    u_soc/Core_cpu/u_ifu_subsys/g_tage.u_tage/id_bht_chk[22]_i_13_n_0
    SLICE_X40Y20         LUT6 (Prop_lut6_I1_O)        0.043     8.326 r  u_soc/Core_cpu/u_ifu_subsys/g_tage.u_tage/id_bht_chk[22]_i_5/O
                         net (fo=3, routed)           0.115     8.441    u_soc/Core_cpu/u_ifu_subsys/u_btb/dir_pred[0]
    SLICE_X40Y20         LUT6 (Prop_lut6_I3_O)        0.043     8.484 r  u_soc/Core_cpu/u_ifu_subsys/u_btb/q_t0_idx[1]_i_11/O
                         net (fo=22, routed)          0.482     8.966    u_soc/Core_cpu/u_ifu_subsys/u_btb/btb_t0
    SLICE_X37Y20         LUT5 (Prop_lut5_I2_O)        0.043     9.009 r  u_soc/Core_cpu/u_ifu_subsys/u_btb/cnt_q[0]_i_8/O
                         net (fo=2, routed)           0.324     9.333    u_soc/Core_cpu/u_ifu_subsys/u_btb/want_cnt_raw[1]
    SLICE_X36Y19         LUT6 (Prop_lut6_I2_O)        0.043     9.376 r  u_soc/Core_cpu/u_ifu_subsys/u_btb/cnt_q[0]_i_5/O
                         net (fo=3, routed)           0.434     9.810    u_soc/Core_cpu/u_ifu_subsys/u_ibuf/cnt_q_reg[0]_14
    SLICE_X35Y21         LUT4 (Prop_lut4_I3_O)        0.043     9.853 r  u_soc/Core_cpu/u_ifu_subsys/u_ibuf/cnt_q[0]_i_2/O
                         net (fo=9, routed)           0.356    10.209    u_soc/Core_cpu/u_ifu_subsys/u_ibuf/cnt_q_reg[4]_1[0]
    SLICE_X33Y18         LUT3 (Prop_lut3_I1_O)        0.043    10.252 r  u_soc/Core_cpu/u_ifu_subsys/u_ibuf/ent_q[6][150]_i_13/O
                         net (fo=111, routed)         0.899    11.151    u_soc/Core_cpu/u_ifu_subsys/u_ibuf/cnt_q_reg[4]_3
    SLICE_X13Y17         LUT5 (Prop_lut5_I1_O)        0.043    11.194 r  u_soc/Core_cpu/u_ifu_subsys/u_ibuf/ent_q[6][60]_i_5/O
                         net (fo=8, routed)           0.445    11.639    u_soc/Core_cpu/u_ifu_subsys/u_ibuf/ent_q[6][60]_i_5_n_0
    SLICE_X11Y15         LUT6 (Prop_lut6_I0_O)        0.043    11.682 r  u_soc/Core_cpu/u_ifu_subsys/u_ibuf/ent_q[0][60]_i_2/O
                         net (fo=1, routed)           0.356    12.038    u_soc/Core_cpu/u_ifu_subsys/u_ibuf/ent_q[0][60]_i_2_n_0
    SLICE_X2Y15          LUT4 (Prop_lut4_I3_O)        0.043    12.081 r  u_soc/Core_cpu/u_ifu_subsys/u_ibuf/ent_q[0][60]_i_1/O
                         net (fo=1, routed)           0.000    12.081    u_soc/Core_cpu/u_ifu_subsys/u_ibuf/ent_q[0][60]_i_1_n_0
    SLICE_X2Y15          FDRE                                         r  u_soc/Core_cpu/u_ifu_subsys/u_ibuf/ent_q_reg[0][60]/D
  -------------------------------------------------------------------    -------------------

                         (clock clk rise edge)        6.900     6.900 r  
    AE23                                              0.000     6.900 r  clk (IN)
                         net (fo=0)                   0.000     6.900    clk
    AE23                 IBUF (Prop_ibuf_I_O)         0.660     7.560 r  clk_IBUF_inst/O
                         net (fo=1, routed)           2.516    10.076    clk_IBUF
    BUFGCTRL_X0Y0        BUFG (Prop_bufg_I_O)         0.083    10.159 r  u_bufg/O
                         net (fo=5754, routed)        1.726    11.885    u_soc/Core_cpu/u_ifu_subsys/u_ibuf/clk_buf
    SLICE_X2Y15          FDRE                                         r  u_soc/Core_cpu/u_ifu_subsys/u_ibuf/ent_q_reg[0][60]/C
                         clock pessimism              0.312    12.196    
                         clock uncertainty           -0.035    12.161    
    SLICE_X2Y15          FDRE (Setup_fdre_C_D)        0.065    12.226    u_soc/Core_cpu/u_ifu_subsys/u_ibuf/ent_q_reg[0][60]
  -------------------------------------------------------------------
                         required time                         12.226    
                         arrival time                         -12.081    
  -------------------------------------------------------------------
                         slack                                  0.145    

Slack (MET) :             0.148ns  (required time - arrival time)
  Source:                 u_soc/Core_cpu/u_ifu_subsys/g_tage.u_tage/q_row_idx_reg[1][0]/C
                            (rising edge-triggered cell FDRE clocked by clk  {rise@0.000ns fall@3.450ns period=6.900ns})
  Destination:            u_soc/Core_cpu/u_ifu_subsys/u_ibuf/ent_q_reg[2][47]/D
                            (rising edge-triggered cell FDRE clocked by clk  {rise@0.000ns fall@3.450ns period=6.900ns})
  Path Group:             clk
  Path Type:              Setup (Max at Slow Process Corner)
  Requirement:            6.900ns  (clk rise@6.900ns - clk rise@0.000ns)
  Data Path Delay:        6.789ns  (logic 0.868ns (12.786%)  route 5.921ns (87.214%))
  Logic Levels:           15  (LUT3=4 LUT4=1 LUT5=1 LUT6=8 RAMD64E=1)
  Clock Path Skew:        0.039ns (DCD - SCD + CPR)
    Destination Clock Delay (DCD):    4.986ns = ( 11.886 - 6.900 ) 
    Source Clock Delay      (SCD):    5.258ns
    Clock Pessimism Removal (CPR):    0.312ns
  Clock Uncertainty:      0.035ns  ((TSJ^2 + TIJ^2)^1/2 + DJ) / 2 + PE
    Total System Jitter     (TSJ):    0.071ns
    Total Input Jitter      (TIJ):    0.000ns
    Discrete Jitter          (DJ):    0.000ns
    Phase Error              (PE):    0.000ns

    Location             Delay type                Incr(ns)  Path(ns)    Netlist Resource(s)
  -------------------------------------------------------------------    -------------------
                         (clock clk rise edge)        0.000     0.000 r  
    AE23                                              0.000     0.000 r  clk (IN)
                         net (fo=0)                   0.000     0.000    clk
    AE23                 IBUF (Prop_ibuf_I_O)         0.734     0.734 r  clk_IBUF_inst/O
                         net (fo=1, routed)           2.651     3.385    clk_IBUF
    BUFGCTRL_X0Y0        BUFG (Prop_bufg_I_O)         0.093     3.478 r  u_bufg/O
                         net (fo=5754, routed)        1.780     5.258    u_soc/Core_cpu/u_ifu_subsys/g_tage.u_tage/clk_buf
    SLICE_X48Y24         FDRE                                         r  u_soc/Core_cpu/u_ifu_subsys/g_tage.u_tage/q_row_idx_reg[1][0]/C
  -------------------------------------------------------------------    -------------------
    SLICE_X48Y24         FDRE (Prop_fdre_C_Q)         0.223     5.481 r  u_soc/Core_cpu/u_ifu_subsys/g_tage.u_tage/q_row_idx_reg[1][0]/Q
                         net (fo=62, routed)          0.598     6.080    u_soc/Core_cpu/u_ifu_subsys/g_tage.u_tage/g_tab[0].tg_p_reg_r1_0_63_3_5/ADDRA0
    SLICE_X50Y24         RAMD64E (Prop_ramd64e_RADR0_O)
                                                      0.043     6.123 r  u_soc/Core_cpu/u_ifu_subsys/g_tage.u_tage/g_tab[0].tg_p_reg_r1_0_63_3_5/RAMA/O
                         net (fo=1, routed)           0.576     6.699    u_soc/Core_cpu/u_ifu_subsys/u_btb/p_1_in4_in[0]
    SLICE_X47Y24         LUT6 (Prop_lut6_I1_O)        0.043     6.742 f  u_soc/Core_cpu/u_ifu_subsys/u_btb/ent_q[6][150]_i_42/O
                         net (fo=7, routed)           0.263     7.005    u_soc/Core_cpu/u_ifu_subsys/g_tage.u_tage/id_bht_chk[22]_i_4_0
    SLICE_X43Y24         LUT3 (Prop_lut3_I1_O)        0.043     7.048 f  u_soc/Core_cpu/u_ifu_subsys/g_tage.u_tage/id_bht_chk[22]_i_35/O
                         net (fo=8, routed)           0.447     7.496    u_soc/Core_cpu/u_ifu_subsys/g_tage.u_tage/id_bht_chk[22]_i_35_n_0
    SLICE_X43Y22         LUT6 (Prop_lut6_I5_O)        0.043     7.539 r  u_soc/Core_cpu/u_ifu_subsys/g_tage.u_tage/ent_q[6][150]_i_49/O
                         net (fo=2, routed)           0.341     7.879    u_soc/Core_cpu/u_ifu_subsys/g_tage.u_tage/ent_q[6][150]_i_49_n_0
    SLICE_X43Y20         LUT6 (Prop_lut6_I4_O)        0.043     7.922 f  u_soc/Core_cpu/u_ifu_subsys/g_tage.u_tage/ent_q[6][150]_i_27/O
                         net (fo=1, routed)           0.350     8.273    u_soc/Core_cpu/u_ifu_subsys/g_tage.u_tage/ent_q[6][150]_i_27_n_0
    SLICE_X43Y21         LUT6 (Prop_lut6_I2_O)        0.043     8.316 f  u_soc/Core_cpu/u_ifu_subsys/g_tage.u_tage/ent_q[6][150]_i_12/O
                         net (fo=5, routed)           0.196     8.512    u_soc/Core_cpu/u_ifu_subsys/u_btb/q_t0_idx[1]_i_10_3
    SLICE_X41Y21         LUT6 (Prop_lut6_I3_O)        0.043     8.555 f  u_soc/Core_cpu/u_ifu_subsys/u_btb/q_t0_idx[1]_i_17/O
                         net (fo=21, routed)          0.352     8.907    u_soc/Core_cpu/u_ifu_subsys/u_btb/btb_t2
    SLICE_X39Y20         LUT3 (Prop_lut3_I0_O)        0.043     8.950 r  u_soc/Core_cpu/u_ifu_subsys/u_btb/id_pred_npc[31]_i_5/O
                         net (fo=5, routed)           0.443     9.393    u_soc/Core_cpu/u_ifu_subsys/u_icache/u_tag_way1/u_prim/taken_slot[0]
    SLICE_X34Y19         LUT6 (Prop_lut6_I1_O)        0.043     9.436 r  u_soc/Core_cpu/u_ifu_subsys/u_icache/u_tag_way1/u_prim/cnt_q[4]_i_6/O
                         net (fo=8, routed)           0.204     9.640    u_soc/Core_cpu/u_ifu_subsys/u_ibuf/push_num[2]
    SLICE_X32Y19         LUT3 (Prop_lut3_I1_O)        0.043     9.683 r  u_soc/Core_cpu/u_ifu_subsys/u_ibuf/ent_q[6][95]_i_4/O
                         net (fo=108, routed)         0.238     9.921    u_soc/Core_cpu/u_ifu_subsys/u_ibuf/ent_q[6][95]_i_4_n_0
    SLICE_X31Y19         LUT6 (Prop_lut6_I5_O)        0.043     9.964 r  u_soc/Core_cpu/u_ifu_subsys/u_ibuf/id_have_inst_i_2/O
                         net (fo=114, routed)         0.527    10.490    u_soc/Core_cpu/u_ifu_subsys/u_ibuf/cnt_q_reg[4]_2
    SLICE_X26Y14         LUT5 (Prop_lut5_I4_O)        0.043    10.533 r  u_soc/Core_cpu/u_ifu_subsys/u_ibuf/ent_q[6][47]_i_5/O
                         net (fo=9, routed)           0.846    11.379    u_soc/Core_cpu/u_ifu_subsys/u_ibuf/p_0_in__0[47]
    SLICE_X4Y12          LUT3 (Prop_lut3_I0_O)        0.043    11.422 r  u_soc/Core_cpu/u_ifu_subsys/u_ibuf/ent_q[2][47]_i_3/O
                         net (fo=1, routed)           0.329    11.752    u_soc/Core_cpu/u_ifu_subsys/u_ibuf/ent_q[812]
    SLICE_X4Y12          LUT6 (Prop_lut6_I5_O)        0.043    11.795 r  u_soc/Core_cpu/u_ifu_subsys/u_ibuf/ent_q[2][47]_i_2/O
                         net (fo=1, routed)           0.209    12.004    u_soc/Core_cpu/u_ifu_subsys/u_ibuf/ent_q[2][47]_i_2_n_0
    SLICE_X5Y12          LUT4 (Prop_lut4_I3_O)        0.043    12.047 r  u_soc/Core_cpu/u_ifu_subsys/u_ibuf/ent_q[2][47]_i_1/O
                         net (fo=1, routed)           0.000    12.047    u_soc/Core_cpu/u_ifu_subsys/u_ibuf/ent_q[2][47]_i_1_n_0
    SLICE_X5Y12          FDRE                                         r  u_soc/Core_cpu/u_ifu_subsys/u_ibuf/ent_q_reg[2][47]/D
  -------------------------------------------------------------------    -------------------

                         (clock clk rise edge)        6.900     6.900 r  
    AE23                                              0.000     6.900 r  clk (IN)
                         net (fo=0)                   0.000     6.900    clk
    AE23                 IBUF (Prop_ibuf_I_O)         0.660     7.560 r  clk_IBUF_inst/O
                         net (fo=1, routed)           2.516    10.076    clk_IBUF
    BUFGCTRL_X0Y0        BUFG (Prop_bufg_I_O)         0.083    10.159 r  u_bufg/O
                         net (fo=5754, routed)        1.727    11.886    u_soc/Core_cpu/u_ifu_subsys/u_ibuf/clk_buf
    SLICE_X5Y12          FDRE                                         r  u_soc/Core_cpu/u_ifu_subsys/u_ibuf/ent_q_reg[2][47]/C
                         clock pessimism              0.312    12.197    
                         clock uncertainty           -0.035    12.162    
    SLICE_X5Y12          FDRE (Setup_fdre_C_D)        0.033    12.195    u_soc/Core_cpu/u_ifu_subsys/u_ibuf/ent_q_reg[2][47]
  -------------------------------------------------------------------
                         required time                         12.195    
                         arrival time                         -12.047    
  -------------------------------------------------------------------
                         slack                                  0.148    

Slack (MET) :             0.150ns  (required time - arrival time)
  Source:                 u_soc/Core_cpu/u_ifu_subsys/g_tage.u_tage/q_row_idx_reg[1][0]/C
                            (rising edge-triggered cell FDRE clocked by clk  {rise@0.000ns fall@3.450ns period=6.900ns})
  Destination:            u_soc/Core_cpu/u_ifu_subsys/g_tage.u_tage/q_row_idx_reg[2][0]/D
                            (rising edge-triggered cell FDRE clocked by clk  {rise@0.000ns fall@3.450ns period=6.900ns})
  Path Group:             clk
  Path Type:              Setup (Max at Slow Process Corner)
  Requirement:            6.900ns  (clk rise@6.900ns - clk rise@0.000ns)
  Data Path Delay:        6.710ns  (logic 0.868ns (12.937%)  route 5.842ns (87.063%))
  Logic Levels:           15  (LUT3=4 LUT4=2 LUT5=2 LUT6=6 RAMD64E=1)
  Clock Path Skew:        -0.039ns (DCD - SCD + CPR)
    Destination Clock Delay (DCD):    4.908ns = ( 11.808 - 6.900 ) 
    Source Clock Delay      (SCD):    5.258ns
    Clock Pessimism Removal (CPR):    0.312ns
  Clock Uncertainty:      0.035ns  ((TSJ^2 + TIJ^2)^1/2 + DJ) / 2 + PE
    Total System Jitter     (TSJ):    0.071ns
    Total Input Jitter      (TIJ):    0.000ns
    Discrete Jitter          (DJ):    0.000ns
    Phase Error              (PE):    0.000ns

    Location             Delay type                Incr(ns)  Path(ns)    Netlist Resource(s)
  -------------------------------------------------------------------    -------------------
                         (clock clk rise edge)        0.000     0.000 r  
    AE23                                              0.000     0.000 r  clk (IN)
                         net (fo=0)                   0.000     0.000    clk
    AE23                 IBUF (Prop_ibuf_I_O)         0.734     0.734 r  clk_IBUF_inst/O
                         net (fo=1, routed)           2.651     3.385    clk_IBUF
    BUFGCTRL_X0Y0        BUFG (Prop_bufg_I_O)         0.093     3.478 r  u_bufg/O
                         net (fo=5754, routed)        1.780     5.258    u_soc/Core_cpu/u_ifu_subsys/g_tage.u_tage/clk_buf
    SLICE_X48Y24         FDRE                                         r  u_soc/Core_cpu/u_ifu_subsys/g_tage.u_tage/q_row_idx_reg[1][0]/C
  -------------------------------------------------------------------    -------------------
    SLICE_X48Y24         FDRE (Prop_fdre_C_Q)         0.223     5.481 r  u_soc/Core_cpu/u_ifu_subsys/g_tage.u_tage/q_row_idx_reg[1][0]/Q
                         net (fo=62, routed)          0.598     6.080    u_soc/Core_cpu/u_ifu_subsys/g_tage.u_tage/g_tab[0].tg_p_reg_r1_0_63_3_5/ADDRA0
    SLICE_X50Y24         RAMD64E (Prop_ramd64e_RADR0_O)
                                                      0.043     6.123 r  u_soc/Core_cpu/u_ifu_subsys/g_tage.u_tage/g_tab[0].tg_p_reg_r1_0_63_3_5/RAMA/O
                         net (fo=1, routed)           0.576     6.699    u_soc/Core_cpu/u_ifu_subsys/u_btb/p_1_in4_in[0]
    SLICE_X47Y24         LUT6 (Prop_lut6_I1_O)        0.043     6.742 f  u_soc/Core_cpu/u_ifu_subsys/u_btb/ent_q[6][150]_i_42/O
                         net (fo=7, routed)           0.263     7.005    u_soc/Core_cpu/u_ifu_subsys/g_tage.u_tage/id_bht_chk[22]_i_4_0
    SLICE_X43Y24         LUT3 (Prop_lut3_I1_O)        0.043     7.048 f  u_soc/Core_cpu/u_ifu_subsys/g_tage.u_tage/id_bht_chk[22]_i_35/O
                         net (fo=8, routed)           0.447     7.496    u_soc/Core_cpu/u_ifu_subsys/g_tage.u_tage/id_bht_chk[22]_i_35_n_0
    SLICE_X43Y22         LUT6 (Prop_lut6_I5_O)        0.043     7.539 r  u_soc/Core_cpu/u_ifu_subsys/g_tage.u_tage/ent_q[6][150]_i_49/O
                         net (fo=2, routed)           0.341     7.879    u_soc/Core_cpu/u_ifu_subsys/g_tage.u_tage/ent_q[6][150]_i_49_n_0
    SLICE_X43Y20         LUT6 (Prop_lut6_I4_O)        0.043     7.922 f  u_soc/Core_cpu/u_ifu_subsys/g_tage.u_tage/ent_q[6][150]_i_27/O
                         net (fo=1, routed)           0.350     8.273    u_soc/Core_cpu/u_ifu_subsys/g_tage.u_tage/ent_q[6][150]_i_27_n_0
    SLICE_X43Y21         LUT6 (Prop_lut6_I2_O)        0.043     8.316 f  u_soc/Core_cpu/u_ifu_subsys/g_tage.u_tage/ent_q[6][150]_i_12/O
                         net (fo=5, routed)           0.196     8.512    u_soc/Core_cpu/u_ifu_subsys/u_btb/q_t0_idx[1]_i_10_3
    SLICE_X41Y21         LUT6 (Prop_lut6_I3_O)        0.043     8.555 f  u_soc/Core_cpu/u_ifu_subsys/u_btb/q_t0_idx[1]_i_17/O
                         net (fo=21, routed)          0.352     8.907    u_soc/Core_cpu/u_ifu_subsys/u_btb/btb_t2
    SLICE_X39Y20         LUT3 (Prop_lut3_I0_O)        0.043     8.950 r  u_soc/Core_cpu/u_ifu_subsys/u_btb/id_pred_npc[31]_i_5/O
                         net (fo=5, routed)           0.443     9.393    u_soc/Core_cpu/u_ifu_subsys/u_icache/u_tag_way1/u_prim/taken_slot[0]
    SLICE_X34Y19         LUT6 (Prop_lut6_I1_O)        0.043     9.436 r  u_soc/Core_cpu/u_ifu_subsys/u_icache/u_tag_way1/u_prim/cnt_q[4]_i_6/O
                         net (fo=8, routed)           0.202     9.638    u_soc/Core_cpu/u_ifu_subsys/u_ibuf/push_num[2]
    SLICE_X35Y20         LUT3 (Prop_lut3_I1_O)        0.043     9.681 r  u_soc/Core_cpu/u_ifu_subsys/u_ibuf/cnt_q[4]_i_4/O
                         net (fo=110, routed)         0.397    10.079    u_soc/Core_cpu/u_ifu_subsys/u_btb/q_row_tag[0][0]_i_8
    SLICE_X36Y20         LUT5 (Prop_lut5_I4_O)        0.043    10.122 r  u_soc/Core_cpu/u_ifu_subsys/u_btb/ghr_q[13]_i_5/O
                         net (fo=12, routed)          0.515    10.637    u_soc/Core_cpu/u_ifu_subsys/u_ibuf/ghr_q_reg[1]
    SLICE_X35Y20         LUT4 (Prop_lut4_I1_O)        0.043    10.680 f  u_soc/Core_cpu/u_ifu_subsys/u_ibuf/ghr_q[13]_i_3/O
                         net (fo=15, routed)          0.489    11.169    u_soc/Core_cpu/u_ifu_subsys/u_ibuf/ghr_cnt_return[0]
    SLICE_X37Y21         LUT4 (Prop_lut4_I3_O)        0.043    11.212 r  u_soc/Core_cpu/u_ifu_subsys/u_ibuf/q_row_tag[0][0]_i_3/O
                         net (fo=3, routed)           0.243    11.454    u_soc/Core_cpu/u_ifu_subsys/g_tage.u_tage/ghr_q_reg[0]
    SLICE_X37Y22         LUT5 (Prop_lut5_I3_O)        0.043    11.497 r  u_soc/Core_cpu/u_ifu_subsys/g_tage.u_tage/ghr_q[0]_i_1/O
                         net (fo=6, routed)           0.428    11.925    u_soc/Core_cpu/u_ifu_subsys/u_ibuf/q_row_idx_reg[2][0]
    SLICE_X45Y22         LUT3 (Prop_lut3_I1_O)        0.043    11.968 r  u_soc/Core_cpu/u_ifu_subsys/u_ibuf/q_row_idx[2][0]_i_1/O
                         net (fo=1, routed)           0.000    11.968    u_soc/Core_cpu/u_ifu_subsys/g_tage.u_tage/q_row_idx_reg[2][5]_0[0]
    SLICE_X45Y22         FDRE                                         r  u_soc/Core_cpu/u_ifu_subsys/g_tage.u_tage/q_row_idx_reg[2][0]/D
  -------------------------------------------------------------------    -------------------

                         (clock clk rise edge)        6.900     6.900 r  
    AE23                                              0.000     6.900 r  clk (IN)
                         net (fo=0)                   0.000     6.900    clk
    AE23                 IBUF (Prop_ibuf_I_O)         0.660     7.560 r  clk_IBUF_inst/O
                         net (fo=1, routed)           2.516    10.076    clk_IBUF
    BUFGCTRL_X0Y0        BUFG (Prop_bufg_I_O)         0.083    10.159 r  u_bufg/O
                         net (fo=5754, routed)        1.649    11.808    u_soc/Core_cpu/u_ifu_subsys/g_tage.u_tage/clk_buf
    SLICE_X45Y22         FDRE                                         r  u_soc/Core_cpu/u_ifu_subsys/g_tage.u_tage/q_row_idx_reg[2][0]/C
                         clock pessimism              0.312    12.119    
                         clock uncertainty           -0.035    12.084    
    SLICE_X45Y22         FDRE (Setup_fdre_C_D)        0.034    12.118    u_soc/Core_cpu/u_ifu_subsys/g_tage.u_tage/q_row_idx_reg[2][0]
  -------------------------------------------------------------------
                         required time                         12.118    
                         arrival time                         -11.968    
  -------------------------------------------------------------------
                         slack                                  0.150    

Slack (MET) :             0.163ns  (required time - arrival time)
  Source:                 u_soc/Core_cpu/u_ifu_subsys/g_tage.u_tage/q_row_idx_reg[1][1]/C
                            (rising edge-triggered cell FDRE clocked by clk  {rise@0.000ns fall@3.450ns period=6.900ns})
  Destination:            u_soc/Core_cpu/u_ifu_subsys/g_tage.u_tage/q_row_idx_reg[3][1]/D
                            (rising edge-triggered cell FDRE clocked by clk  {rise@0.000ns fall@3.450ns period=6.900ns})
  Path Group:             clk
  Path Type:              Setup (Max at Slow Process Corner)
  Requirement:            6.900ns  (clk rise@6.900ns - clk rise@0.000ns)
  Data Path Delay:        6.700ns  (logic 0.868ns (12.955%)  route 5.832ns (87.045%))
  Logic Levels:           15  (LUT3=2 LUT4=2 LUT5=2 LUT6=8 RAMD64E=1)
  Clock Path Skew:        -0.036ns (DCD - SCD + CPR)
    Destination Clock Delay (DCD):    4.911ns = ( 11.811 - 6.900 ) 
    Source Clock Delay      (SCD):    5.258ns
    Clock Pessimism Removal (CPR):    0.312ns
  Clock Uncertainty:      0.035ns  ((TSJ^2 + TIJ^2)^1/2 + DJ) / 2 + PE
    Total System Jitter     (TSJ):    0.071ns
    Total Input Jitter      (TIJ):    0.000ns
    Discrete Jitter          (DJ):    0.000ns
    Phase Error              (PE):    0.000ns

    Location             Delay type                Incr(ns)  Path(ns)    Netlist Resource(s)
  -------------------------------------------------------------------    -------------------
                         (clock clk rise edge)        0.000     0.000 r  
    AE23                                              0.000     0.000 r  clk (IN)
                         net (fo=0)                   0.000     0.000    clk
    AE23                 IBUF (Prop_ibuf_I_O)         0.734     0.734 r  clk_IBUF_inst/O
                         net (fo=1, routed)           2.651     3.385    clk_IBUF
    BUFGCTRL_X0Y0        BUFG (Prop_bufg_I_O)         0.093     3.478 r  u_bufg/O
                         net (fo=5754, routed)        1.780     5.258    u_soc/Core_cpu/u_ifu_subsys/g_tage.u_tage/clk_buf
    SLICE_X48Y24         FDRE                                         r  u_soc/Core_cpu/u_ifu_subsys/g_tage.u_tage/q_row_idx_reg[1][1]/C
  -------------------------------------------------------------------    -------------------
    SLICE_X48Y24         FDRE (Prop_fdre_C_Q)         0.223     5.481 r  u_soc/Core_cpu/u_ifu_subsys/g_tage.u_tage/q_row_idx_reg[1][1]/Q
                         net (fo=62, routed)          0.752     6.233    u_soc/Core_cpu/u_ifu_subsys/g_tage.u_tage/g_tab[1].tg_p_reg_r1_0_63_0_2/ADDRA1
    SLICE_X46Y20         RAMD64E (Prop_ramd64e_RADR1_O)
                                                      0.043     6.276 r  u_soc/Core_cpu/u_ifu_subsys/g_tage.u_tage/g_tab[1].tg_p_reg_r1_0_63_0_2/RAMA/O
                         net (fo=1, routed)           0.457     6.733    u_soc/Core_cpu/u_ifu_subsys/g_tage.u_tage/g_tab[1].tg_p_reg_r1_0_63_0_2_n_0
    SLICE_X44Y21         LUT6 (Prop_lut6_I0_O)        0.043     6.776 f  u_soc/Core_cpu/u_ifu_subsys/g_tage.u_tage/ent_q[6][150]_i_61/O
                         net (fo=9, routed)           0.285     7.061    u_soc/Core_cpu/u_ifu_subsys/g_tage.u_tage/ent_q[6][150]_i_61_n_0
    SLICE_X45Y21         LUT3 (Prop_lut3_I2_O)        0.043     7.104 f  u_soc/Core_cpu/u_ifu_subsys/g_tage.u_tage/id_bht_chk[22]_i_33/O
                         net (fo=13, routed)          0.412     7.516    u_soc/Core_cpu/u_ifu_subsys/g_tage.u_tage/id_bht_chk[22]_i_33_n_0
    SLICE_X40Y23         LUT6 (Prop_lut6_I3_O)        0.043     7.559 r  u_soc/Core_cpu/u_ifu_subsys/g_tage.u_tage/id_bht_chk[22]_i_27/O
                         net (fo=2, routed)           0.334     7.893    u_soc/Core_cpu/u_ifu_subsys/g_tage.u_tage/id_bht_chk[22]_i_27_n_0
    SLICE_X40Y21         LUT6 (Prop_lut6_I2_O)        0.043     7.936 f  u_soc/Core_cpu/u_ifu_subsys/g_tage.u_tage/id_bht_chk[22]_i_13/O
                         net (fo=1, routed)           0.347     8.283    u_soc/Core_cpu/u_ifu_subsys/g_tage.u_tage/id_bht_chk[22]_i_13_n_0
    SLICE_X40Y20         LUT6 (Prop_lut6_I1_O)        0.043     8.326 r  u_soc/Core_cpu/u_ifu_subsys/g_tage.u_tage/id_bht_chk[22]_i_5/O
                         net (fo=3, routed)           0.115     8.441    u_soc/Core_cpu/u_ifu_subsys/u_btb/dir_pred[0]
    SLICE_X40Y20         LUT6 (Prop_lut6_I3_O)        0.043     8.484 r  u_soc/Core_cpu/u_ifu_subsys/u_btb/q_t0_idx[1]_i_11/O
                         net (fo=22, routed)          0.482     8.966    u_soc/Core_cpu/u_ifu_subsys/u_btb/btb_t0
    SLICE_X37Y20         LUT5 (Prop_lut5_I2_O)        0.043     9.009 r  u_soc/Core_cpu/u_ifu_subsys/u_btb/cnt_q[0]_i_8/O
                         net (fo=2, routed)           0.324     9.333    u_soc/Core_cpu/u_ifu_subsys/u_btb/want_cnt_raw[1]
    SLICE_X36Y19         LUT6 (Prop_lut6_I2_O)        0.043     9.376 f  u_soc/Core_cpu/u_ifu_subsys/u_btb/cnt_q[0]_i_5/O
                         net (fo=3, routed)           0.434     9.810    u_soc/Core_cpu/u_ifu_subsys/u_ibuf/cnt_q_reg[0]_14
    SLICE_X35Y21         LUT4 (Prop_lut4_I3_O)        0.043     9.853 f  u_soc/Core_cpu/u_ifu_subsys/u_ibuf/cnt_q[0]_i_2/O
                         net (fo=9, routed)           0.369    10.223    u_soc/Core_cpu/u_ifu_subsys/u_ibuf/cnt_q_reg[4]_1[0]
    SLICE_X35Y21         LUT5 (Prop_lut5_I3_O)        0.043    10.266 r  u_soc/Core_cpu/u_ifu_subsys/u_ibuf/ghr_q[3]_i_2/O
                         net (fo=13, routed)          0.351    10.617    u_soc/Core_cpu/u_ifu_subsys/u_ibuf/p_3_in
    SLICE_X34Y20         LUT4 (Prop_lut4_I1_O)        0.043    10.660 r  u_soc/Core_cpu/u_ifu_subsys/u_ibuf/q_row_tag[0][0]_i_9/O
                         net (fo=16, routed)          0.400    11.059    u_soc/Core_cpu/u_ifu_subsys/u_ibuf/ghr_cnt_return[1]
    SLICE_X32Y21         LUT6 (Prop_lut6_I2_O)        0.043    11.102 r  u_soc/Core_cpu/u_ifu_subsys/u_ibuf/ghr_q[13]_i_4/O
                         net (fo=2, routed)           0.429    11.532    u_soc/Core_cpu/u_ifu_subsys/u_ibuf/ghr_q[13]_i_4_n_0
    SLICE_X36Y19         LUT6 (Prop_lut6_I4_O)        0.043    11.575 r  u_soc/Core_cpu/u_ifu_subsys/u_ibuf/ghr_q[13]_i_1/O
                         net (fo=3, routed)           0.341    11.915    u_soc/Core_cpu/u_ifu_subsys/u_ibuf/D[11]
    SLICE_X41Y21         LUT3 (Prop_lut3_I1_O)        0.043    11.958 r  u_soc/Core_cpu/u_ifu_subsys/u_ibuf/q_row_idx[3][1]_i_1/O
                         net (fo=1, routed)           0.000    11.958    u_soc/Core_cpu/u_ifu_subsys/g_tage.u_tage/row_index_w2_return[1]
    SLICE_X41Y21         FDRE                                         r  u_soc/Core_cpu/u_ifu_subsys/g_tage.u_tage/q_row_idx_reg[3][1]/D
  -------------------------------------------------------------------    -------------------

                         (clock clk rise edge)        6.900     6.900 r  
    AE23                                              0.000     6.900 r  clk (IN)
                         net (fo=0)                   0.000     6.900    clk
    AE23                 IBUF (Prop_ibuf_I_O)         0.660     7.560 r  clk_IBUF_inst/O
                         net (fo=1, routed)           2.516    10.076    clk_IBUF
    BUFGCTRL_X0Y0        BUFG (Prop_bufg_I_O)         0.083    10.159 r  u_bufg/O
                         net (fo=5754, routed)        1.652    11.811    u_soc/Core_cpu/u_ifu_subsys/g_tage.u_tage/clk_buf
    SLICE_X41Y21         FDRE                                         r  u_soc/Core_cpu/u_ifu_subsys/g_tage.u_tage/q_row_idx_reg[3][1]/C
                         clock pessimism              0.312    12.122    
                         clock uncertainty           -0.035    12.087    
    SLICE_X41Y21         FDRE (Setup_fdre_C_D)        0.034    12.121    u_soc/Core_cpu/u_ifu_subsys/g_tage.u_tage/q_row_idx_reg[3][1]
  -------------------------------------------------------------------
                         required time                         12.121    
                         arrival time                         -11.958    
  -------------------------------------------------------------------
                         slack                                  0.163    

Slack (MET) :             0.163ns  (required time - arrival time)
  Source:                 u_soc/Core_cpu/u_ifu_subsys/g_tage.u_tage/q_row_idx_reg[1][1]/C
                            (rising edge-triggered cell FDRE clocked by clk  {rise@0.000ns fall@3.450ns period=6.900ns})
  Destination:            u_soc/Core_cpu/u_ifu_subsys/ghr_q_reg[5]/D
                            (rising edge-triggered cell FDRE clocked by clk  {rise@0.000ns fall@3.450ns period=6.900ns})
  Path Group:             clk
  Path Type:              Setup (Max at Slow Process Corner)
  Requirement:            6.900ns  (clk rise@6.900ns - clk rise@0.000ns)
  Data Path Delay:        6.651ns  (logic 0.825ns (12.405%)  route 5.826ns (87.595%))
  Logic Levels:           14  (LUT3=1 LUT4=2 LUT5=3 LUT6=7 RAMD64E=1)
  Clock Path Skew:        -0.032ns (DCD - SCD + CPR)
    Destination Clock Delay (DCD):    4.915ns = ( 11.815 - 6.900 ) 
    Source Clock Delay      (SCD):    5.258ns
    Clock Pessimism Removal (CPR):    0.312ns
  Clock Uncertainty:      0.035ns  ((TSJ^2 + TIJ^2)^1/2 + DJ) / 2 + PE
    Total System Jitter     (TSJ):    0.071ns
    Total Input Jitter      (TIJ):    0.000ns
    Discrete Jitter          (DJ):    0.000ns
    Phase Error              (PE):    0.000ns

    Location             Delay type                Incr(ns)  Path(ns)    Netlist Resource(s)
  -------------------------------------------------------------------    -------------------
                         (clock clk rise edge)        0.000     0.000 r  
    AE23                                              0.000     0.000 r  clk (IN)
                         net (fo=0)                   0.000     0.000    clk
    AE23                 IBUF (Prop_ibuf_I_O)         0.734     0.734 r  clk_IBUF_inst/O
                         net (fo=1, routed)           2.651     3.385    clk_IBUF
    BUFGCTRL_X0Y0        BUFG (Prop_bufg_I_O)         0.093     3.478 r  u_bufg/O
                         net (fo=5754, routed)        1.780     5.258    u_soc/Core_cpu/u_ifu_subsys/g_tage.u_tage/clk_buf
    SLICE_X48Y24         FDRE                                         r  u_soc/Core_cpu/u_ifu_subsys/g_tage.u_tage/q_row_idx_reg[1][1]/C
  -------------------------------------------------------------------    -------------------
    SLICE_X48Y24         FDRE (Prop_fdre_C_Q)         0.223     5.481 r  u_soc/Core_cpu/u_ifu_subsys/g_tage.u_tage/q_row_idx_reg[1][1]/Q
                         net (fo=62, routed)          0.752     6.233    u_soc/Core_cpu/u_ifu_subsys/g_tage.u_tage/g_tab[1].tg_p_reg_r1_0_63_0_2/ADDRA1
    SLICE_X46Y20         RAMD64E (Prop_ramd64e_RADR1_O)
                                                      0.043     6.276 r  u_soc/Core_cpu/u_ifu_subsys/g_tage.u_tage/g_tab[1].tg_p_reg_r1_0_63_0_2/RAMA/O
                         net (fo=1, routed)           0.457     6.733    u_soc/Core_cpu/u_ifu_subsys/g_tage.u_tage/g_tab[1].tg_p_reg_r1_0_63_0_2_n_0
    SLICE_X44Y21         LUT6 (Prop_lut6_I0_O)        0.043     6.776 f  u_soc/Core_cpu/u_ifu_subsys/g_tage.u_tage/ent_q[6][150]_i_61/O
                         net (fo=9, routed)           0.285     7.061    u_soc/Core_cpu/u_ifu_subsys/g_tage.u_tage/ent_q[6][150]_i_61_n_0
    SLICE_X45Y21         LUT3 (Prop_lut3_I2_O)        0.043     7.104 f  u_soc/Core_cpu/u_ifu_subsys/g_tage.u_tage/id_bht_chk[22]_i_33/O
                         net (fo=13, routed)          0.412     7.516    u_soc/Core_cpu/u_ifu_subsys/g_tage.u_tage/id_bht_chk[22]_i_33_n_0
    SLICE_X40Y23         LUT6 (Prop_lut6_I3_O)        0.043     7.559 r  u_soc/Core_cpu/u_ifu_subsys/g_tage.u_tage/id_bht_chk[22]_i_27/O
                         net (fo=2, routed)           0.334     7.893    u_soc/Core_cpu/u_ifu_subsys/g_tage.u_tage/id_bht_chk[22]_i_27_n_0
    SLICE_X40Y21         LUT6 (Prop_lut6_I2_O)        0.043     7.936 f  u_soc/Core_cpu/u_ifu_subsys/g_tage.u_tage/id_bht_chk[22]_i_13/O
                         net (fo=1, routed)           0.347     8.283    u_soc/Core_cpu/u_ifu_subsys/g_tage.u_tage/id_bht_chk[22]_i_13_n_0
    SLICE_X40Y20         LUT6 (Prop_lut6_I1_O)        0.043     8.326 r  u_soc/Core_cpu/u_ifu_subsys/g_tage.u_tage/id_bht_chk[22]_i_5/O
                         net (fo=3, routed)           0.115     8.441    u_soc/Core_cpu/u_ifu_subsys/u_btb/dir_pred[0]
    SLICE_X40Y20         LUT6 (Prop_lut6_I3_O)        0.043     8.484 r  u_soc/Core_cpu/u_ifu_subsys/u_btb/q_t0_idx[1]_i_11/O
                         net (fo=22, routed)          0.482     8.966    u_soc/Core_cpu/u_ifu_subsys/u_btb/btb_t0
    SLICE_X37Y20         LUT5 (Prop_lut5_I2_O)        0.043     9.009 r  u_soc/Core_cpu/u_ifu_subsys/u_btb/cnt_q[0]_i_8/O
                         net (fo=2, routed)           0.324     9.333    u_soc/Core_cpu/u_ifu_subsys/u_btb/want_cnt_raw[1]
    SLICE_X36Y19         LUT6 (Prop_lut6_I2_O)        0.043     9.376 f  u_soc/Core_cpu/u_ifu_subsys/u_btb/cnt_q[0]_i_5/O
                         net (fo=3, routed)           0.434     9.810    u_soc/Core_cpu/u_ifu_subsys/u_ibuf/cnt_q_reg[0]_14
    SLICE_X35Y21         LUT4 (Prop_lut4_I3_O)        0.043     9.853 f  u_soc/Core_cpu/u_ifu_subsys/u_ibuf/cnt_q[0]_i_2/O
                         net (fo=9, routed)           0.369    10.223    u_soc/Core_cpu/u_ifu_subsys/u_ibuf/cnt_q_reg[4]_1[0]
    SLICE_X35Y21         LUT5 (Prop_lut5_I3_O)        0.043    10.266 r  u_soc/Core_cpu/u_ifu_subsys/u_ibuf/ghr_q[3]_i_2/O
                         net (fo=13, routed)          0.391    10.656    u_soc/Core_cpu/u_ifu_subsys/u_ibuf/p_3_in
    SLICE_X34Y21         LUT4 (Prop_lut4_I0_O)        0.043    10.699 r  u_soc/Core_cpu/u_ifu_subsys/u_ibuf/q_row_tag[0][0]_i_10/O
                         net (fo=15, routed)          0.387    11.087    u_soc/Core_cpu/u_ifu_subsys/u_ibuf/ghr_cnt_return[2]
    SLICE_X34Y21         LUT5 (Prop_lut5_I3_O)        0.043    11.130 r  u_soc/Core_cpu/u_ifu_subsys/u_ibuf/ghr_q[6]_i_2/O
                         net (fo=2, routed)           0.337    11.467    u_soc/Core_cpu/u_ifu_subsys/u_ibuf/ghr_q[6]_i_2_n_0
    SLICE_X39Y21         LUT6 (Prop_lut6_I2_O)        0.043    11.510 r  u_soc/Core_cpu/u_ifu_subsys/u_ibuf/ghr_q[5]_i_1/O
                         net (fo=5, routed)           0.399    11.909    u_soc/Core_cpu/u_ifu_subsys/u_ibuf_n_9
    SLICE_X35Y22         FDRE                                         r  u_soc/Core_cpu/u_ifu_subsys/ghr_q_reg[5]/D
  -------------------------------------------------------------------    -------------------

                         (clock clk rise edge)        6.900     6.900 r  
    AE23                                              0.000     6.900 r  clk (IN)
                         net (fo=0)                   0.000     6.900    clk
    AE23                 IBUF (Prop_ibuf_I_O)         0.660     7.560 r  clk_IBUF_inst/O
                         net (fo=1, routed)           2.516    10.076    clk_IBUF
    BUFGCTRL_X0Y0        BUFG (Prop_bufg_I_O)         0.083    10.159 r  u_bufg/O
                         net (fo=5754, routed)        1.656    11.815    u_soc/Core_cpu/u_ifu_subsys/clk_buf
    SLICE_X35Y22         FDRE                                         r  u_soc/Core_cpu/u_ifu_subsys/ghr_q_reg[5]/C
                         clock pessimism              0.312    12.126    
                         clock uncertainty           -0.035    12.091    
    SLICE_X35Y22         FDRE (Setup_fdre_C_D)       -0.019    12.072    u_soc/Core_cpu/u_ifu_subsys/ghr_q_reg[5]
  -------------------------------------------------------------------
                         required time                         12.072    
                         arrival time                         -11.909    
  -------------------------------------------------------------------
                         slack                                  0.163    

Slack (MET) :             0.168ns  (required time - arrival time)
  Source:                 u_soc/Core_cpu/u_ifu_subsys/g_tage.u_tage/q_row_idx_reg[1][1]/C
                            (rising edge-triggered cell FDRE clocked by clk  {rise@0.000ns fall@3.450ns period=6.900ns})
  Destination:            u_soc/Core_cpu/u_ifu_subsys/u_icache/u_dat_way1/u_prim/mem_q_reg_1/ADDRARDADDR[10]
                            (rising edge-triggered cell RAMB36E1 clocked by clk  {rise@0.000ns fall@3.450ns period=6.900ns})
  Path Group:             clk
  Path Type:              Setup (Max at Slow Process Corner)
  Requirement:            6.900ns  (clk rise@6.900ns - clk rise@0.000ns)
  Data Path Delay:        6.211ns  (logic 0.739ns (11.898%)  route 5.472ns (88.102%))
  Logic Levels:           12  (LUT3=1 LUT4=1 LUT5=2 LUT6=7 RAMD64E=1)
  Clock Path Skew:        -0.069ns (DCD - SCD + CPR)
    Destination Clock Delay (DCD):    4.877ns = ( 11.777 - 6.900 ) 
    Source Clock Delay      (SCD):    5.258ns
    Clock Pessimism Removal (CPR):    0.312ns
  Clock Uncertainty:      0.035ns  ((TSJ^2 + TIJ^2)^1/2 + DJ) / 2 + PE
    Total System Jitter     (TSJ):    0.071ns
    Total Input Jitter      (TIJ):    0.000ns
    Discrete Jitter          (DJ):    0.000ns
    Phase Error              (PE):    0.000ns

    Location             Delay type                Incr(ns)  Path(ns)    Netlist Resource(s)
  -------------------------------------------------------------------    -------------------
                         (clock clk rise edge)        0.000     0.000 r  
    AE23                                              0.000     0.000 r  clk (IN)
                         net (fo=0)                   0.000     0.000    clk
    AE23                 IBUF (Prop_ibuf_I_O)         0.734     0.734 r  clk_IBUF_inst/O
                         net (fo=1, routed)           2.651     3.385    clk_IBUF
    BUFGCTRL_X0Y0        BUFG (Prop_bufg_I_O)         0.093     3.478 r  u_bufg/O
                         net (fo=5754, routed)        1.780     5.258    u_soc/Core_cpu/u_ifu_subsys/g_tage.u_tage/clk_buf
    SLICE_X48Y24         FDRE                                         r  u_soc/Core_cpu/u_ifu_subsys/g_tage.u_tage/q_row_idx_reg[1][1]/C
  -------------------------------------------------------------------    -------------------
    SLICE_X48Y24         FDRE (Prop_fdre_C_Q)         0.223     5.481 r  u_soc/Core_cpu/u_ifu_subsys/g_tage.u_tage/q_row_idx_reg[1][1]/Q
                         net (fo=62, routed)          0.752     6.233    u_soc/Core_cpu/u_ifu_subsys/g_tage.u_tage/g_tab[1].tg_p_reg_r1_0_63_0_2/ADDRA1
    SLICE_X46Y20         RAMD64E (Prop_ramd64e_RADR1_O)
                                                      0.043     6.276 r  u_soc/Core_cpu/u_ifu_subsys/g_tage.u_tage/g_tab[1].tg_p_reg_r1_0_63_0_2/RAMA/O
                         net (fo=1, routed)           0.457     6.733    u_soc/Core_cpu/u_ifu_subsys/g_tage.u_tage/g_tab[1].tg_p_reg_r1_0_63_0_2_n_0
    SLICE_X44Y21         LUT6 (Prop_lut6_I0_O)        0.043     6.776 f  u_soc/Core_cpu/u_ifu_subsys/g_tage.u_tage/ent_q[6][150]_i_61/O
                         net (fo=9, routed)           0.285     7.061    u_soc/Core_cpu/u_ifu_subsys/g_tage.u_tage/ent_q[6][150]_i_61_n_0
    SLICE_X45Y21         LUT3 (Prop_lut3_I2_O)        0.043     7.104 f  u_soc/Core_cpu/u_ifu_subsys/g_tage.u_tage/id_bht_chk[22]_i_33/O
                         net (fo=13, routed)          0.412     7.516    u_soc/Core_cpu/u_ifu_subsys/g_tage.u_tage/id_bht_chk[22]_i_33_n_0
    SLICE_X40Y23         LUT6 (Prop_lut6_I3_O)        0.043     7.559 r  u_soc/Core_cpu/u_ifu_subsys/g_tage.u_tage/id_bht_chk[22]_i_27/O
                         net (fo=2, routed)           0.334     7.893    u_soc/Core_cpu/u_ifu_subsys/g_tage.u_tage/id_bht_chk[22]_i_27_n_0
    SLICE_X40Y21         LUT6 (Prop_lut6_I2_O)        0.043     7.936 f  u_soc/Core_cpu/u_ifu_subsys/g_tage.u_tage/id_bht_chk[22]_i_13/O
                         net (fo=1, routed)           0.347     8.283    u_soc/Core_cpu/u_ifu_subsys/g_tage.u_tage/id_bht_chk[22]_i_13_n_0
    SLICE_X40Y20         LUT6 (Prop_lut6_I1_O)        0.043     8.326 r  u_soc/Core_cpu/u_ifu_subsys/g_tage.u_tage/id_bht_chk[22]_i_5/O
                         net (fo=3, routed)           0.115     8.441    u_soc/Core_cpu/u_ifu_subsys/u_btb/dir_pred[0]
    SLICE_X40Y20         LUT6 (Prop_lut6_I3_O)        0.043     8.484 r  u_soc/Core_cpu/u_ifu_subsys/u_btb/q_t0_idx[1]_i_11/O
                         net (fo=22, routed)          0.482     8.966    u_soc/Core_cpu/u_ifu_subsys/u_btb/btb_t0
    SLICE_X37Y20         LUT5 (Prop_lut5_I2_O)        0.043     9.009 r  u_soc/Core_cpu/u_ifu_subsys/u_btb/cnt_q[0]_i_8/O
                         net (fo=2, routed)           0.324     9.333    u_soc/Core_cpu/u_ifu_subsys/u_btb/want_cnt_raw[1]
    SLICE_X36Y19         LUT6 (Prop_lut6_I2_O)        0.043     9.376 r  u_soc/Core_cpu/u_ifu_subsys/u_btb/cnt_q[0]_i_5/O
                         net (fo=3, routed)           0.434     9.810    u_soc/Core_cpu/u_ifu_subsys/u_ibuf/cnt_q_reg[0]_14
    SLICE_X35Y21         LUT4 (Prop_lut4_I3_O)        0.043     9.853 r  u_soc/Core_cpu/u_ifu_subsys/u_ibuf/cnt_q[0]_i_2/O
                         net (fo=9, routed)           0.445    10.299    u_soc/Core_cpu/u_ifu_subsys/u_btb/ib_push_acc[0]
    SLICE_X36Y21         LUT5 (Prop_lut5_I4_O)        0.043    10.342 r  u_soc/Core_cpu/u_ifu_subsys/u_btb/q_t0_idx[1]_i_3/O
                         net (fo=40, routed)          0.381    10.723    u_soc/Core_cpu/u_ifu_subsys/u_btb/reached_taken
    SLICE_X41Y23         LUT6 (Prop_lut6_I1_O)        0.043    10.766 r  u_soc/Core_cpu/u_ifu_subsys/u_btb/q_row_idx[0][4]_i_1/O
                         net (fo=57, routed)          0.704    11.470    u_soc/Core_cpu/u_ifu_subsys/u_icache/u_dat_way1/u_prim/next_pc[4]
    RAMB36_X2Y5          RAMB36E1                                     r  u_soc/Core_cpu/u_ifu_subsys/u_icache/u_dat_way1/u_prim/mem_q_reg_1/ADDRARDADDR[10]
  -------------------------------------------------------------------    -------------------

                         (clock clk rise edge)        6.900     6.900 r  
    AE23                                              0.000     6.900 r  clk (IN)
                         net (fo=0)                   0.000     6.900    clk
    AE23                 IBUF (Prop_ibuf_I_O)         0.660     7.560 r  clk_IBUF_inst/O
                         net (fo=1, routed)           2.516    10.076    clk_IBUF
    BUFGCTRL_X0Y0        BUFG (Prop_bufg_I_O)         0.083    10.159 r  u_bufg/O
                         net (fo=5754, routed)        1.619    11.777    u_soc/Core_cpu/u_ifu_subsys/u_icache/u_dat_way1/u_prim/clk_buf
    RAMB36_X2Y5          RAMB36E1                                     r  u_soc/Core_cpu/u_ifu_subsys/u_icache/u_dat_way1/u_prim/mem_q_reg_1/CLKARDCLK
                         clock pessimism              0.312    12.089    
                         clock uncertainty           -0.035    12.054    
    RAMB36_X2Y5          RAMB36E1 (Setup_ramb36e1_CLKARDCLK_ADDRARDADDR[10])
                                                     -0.416    11.638    u_soc/Core_cpu/u_ifu_subsys/u_icache/u_dat_way1/u_prim/mem_q_reg_1
  -------------------------------------------------------------------
                         required time                         11.638    
                         arrival time                         -11.470    
  -------------------------------------------------------------------
                         slack                                  0.168    

Slack (MET) :             0.177ns  (required time - arrival time)
  Source:                 u_soc/Core_cpu/u_ifu_subsys/g_tage.u_tage/q_row_idx_reg[1][1]/C
                            (rising edge-triggered cell FDRE clocked by clk  {rise@0.000ns fall@3.450ns period=6.900ns})
  Destination:            u_soc/Core_cpu/u_ifu_subsys/u_ibuf/ent_q_reg[3][52]/D
                            (rising edge-triggered cell FDRE clocked by clk  {rise@0.000ns fall@3.450ns period=6.900ns})
  Path Group:             clk
  Path Type:              Setup (Max at Slow Process Corner)
  Requirement:            6.900ns  (clk rise@6.900ns - clk rise@0.000ns)
  Data Path Delay:        6.795ns  (logic 0.825ns (12.142%)  route 5.970ns (87.858%))
  Logic Levels:           14  (LUT3=2 LUT4=2 LUT5=2 LUT6=7 RAMD64E=1)
  Clock Path Skew:        0.043ns (DCD - SCD + CPR)
    Destination Clock Delay (DCD):    4.990ns = ( 11.890 - 6.900 ) 
    Source Clock Delay      (SCD):    5.258ns
    Clock Pessimism Removal (CPR):    0.312ns
  Clock Uncertainty:      0.035ns  ((TSJ^2 + TIJ^2)^1/2 + DJ) / 2 + PE
    Total System Jitter     (TSJ):    0.071ns
    Total Input Jitter      (TIJ):    0.000ns
    Discrete Jitter          (DJ):    0.000ns
    Phase Error              (PE):    0.000ns

    Location             Delay type                Incr(ns)  Path(ns)    Netlist Resource(s)
  -------------------------------------------------------------------    -------------------
                         (clock clk rise edge)        0.000     0.000 r  
    AE23                                              0.000     0.000 r  clk (IN)
                         net (fo=0)                   0.000     0.000    clk
    AE23                 IBUF (Prop_ibuf_I_O)         0.734     0.734 r  clk_IBUF_inst/O
                         net (fo=1, routed)           2.651     3.385    clk_IBUF
    BUFGCTRL_X0Y0        BUFG (Prop_bufg_I_O)         0.093     3.478 r  u_bufg/O
                         net (fo=5754, routed)        1.780     5.258    u_soc/Core_cpu/u_ifu_subsys/g_tage.u_tage/clk_buf
    SLICE_X48Y24         FDRE                                         r  u_soc/Core_cpu/u_ifu_subsys/g_tage.u_tage/q_row_idx_reg[1][1]/C
  -------------------------------------------------------------------    -------------------
    SLICE_X48Y24         FDRE (Prop_fdre_C_Q)         0.223     5.481 r  u_soc/Core_cpu/u_ifu_subsys/g_tage.u_tage/q_row_idx_reg[1][1]/Q
                         net (fo=62, routed)          0.752     6.233    u_soc/Core_cpu/u_ifu_subsys/g_tage.u_tage/g_tab[1].tg_p_reg_r1_0_63_0_2/ADDRA1
    SLICE_X46Y20         RAMD64E (Prop_ramd64e_RADR1_O)
                                                      0.043     6.276 r  u_soc/Core_cpu/u_ifu_subsys/g_tage.u_tage/g_tab[1].tg_p_reg_r1_0_63_0_2/RAMA/O
                         net (fo=1, routed)           0.457     6.733    u_soc/Core_cpu/u_ifu_subsys/g_tage.u_tage/g_tab[1].tg_p_reg_r1_0_63_0_2_n_0
    SLICE_X44Y21         LUT6 (Prop_lut6_I0_O)        0.043     6.776 f  u_soc/Core_cpu/u_ifu_subsys/g_tage.u_tage/ent_q[6][150]_i_61/O
                         net (fo=9, routed)           0.285     7.061    u_soc/Core_cpu/u_ifu_subsys/g_tage.u_tage/ent_q[6][150]_i_61_n_0
    SLICE_X45Y21         LUT3 (Prop_lut3_I2_O)        0.043     7.104 f  u_soc/Core_cpu/u_ifu_subsys/g_tage.u_tage/id_bht_chk[22]_i_33/O
                         net (fo=13, routed)          0.412     7.516    u_soc/Core_cpu/u_ifu_subsys/g_tage.u_tage/id_bht_chk[22]_i_33_n_0
    SLICE_X40Y23         LUT6 (Prop_lut6_I3_O)        0.043     7.559 r  u_soc/Core_cpu/u_ifu_subsys/g_tage.u_tage/id_bht_chk[22]_i_27/O
                         net (fo=2, routed)           0.334     7.893    u_soc/Core_cpu/u_ifu_subsys/g_tage.u_tage/id_bht_chk[22]_i_27_n_0
    SLICE_X40Y21         LUT6 (Prop_lut6_I2_O)        0.043     7.936 f  u_soc/Core_cpu/u_ifu_subsys/g_tage.u_tage/id_bht_chk[22]_i_13/O
                         net (fo=1, routed)           0.347     8.283    u_soc/Core_cpu/u_ifu_subsys/g_tage.u_tage/id_bht_chk[22]_i_13_n_0
    SLICE_X40Y20         LUT6 (Prop_lut6_I1_O)        0.043     8.326 r  u_soc/Core_cpu/u_ifu_subsys/g_tage.u_tage/id_bht_chk[22]_i_5/O
                         net (fo=3, routed)           0.115     8.441    u_soc/Core_cpu/u_ifu_subsys/u_btb/dir_pred[0]
    SLICE_X40Y20         LUT6 (Prop_lut6_I3_O)        0.043     8.484 r  u_soc/Core_cpu/u_ifu_subsys/u_btb/q_t0_idx[1]_i_11/O
                         net (fo=22, routed)          0.482     8.966    u_soc/Core_cpu/u_ifu_subsys/u_btb/btb_t0
    SLICE_X37Y20         LUT5 (Prop_lut5_I2_O)        0.043     9.009 r  u_soc/Core_cpu/u_ifu_subsys/u_btb/cnt_q[0]_i_8/O
                         net (fo=2, routed)           0.324     9.333    u_soc/Core_cpu/u_ifu_subsys/u_btb/want_cnt_raw[1]
    SLICE_X36Y19         LUT6 (Prop_lut6_I2_O)        0.043     9.376 r  u_soc/Core_cpu/u_ifu_subsys/u_btb/cnt_q[0]_i_5/O
                         net (fo=3, routed)           0.434     9.810    u_soc/Core_cpu/u_ifu_subsys/u_ibuf/cnt_q_reg[0]_14
    SLICE_X35Y21         LUT4 (Prop_lut4_I3_O)        0.043     9.853 r  u_soc/Core_cpu/u_ifu_subsys/u_ibuf/cnt_q[0]_i_2/O
                         net (fo=9, routed)           0.356    10.209    u_soc/Core_cpu/u_ifu_subsys/u_ibuf/cnt_q_reg[4]_1[0]
    SLICE_X33Y18         LUT3 (Prop_lut3_I1_O)        0.043    10.252 r  u_soc/Core_cpu/u_ifu_subsys/u_ibuf/ent_q[6][150]_i_13/O
                         net (fo=111, routed)         0.936    11.188    u_soc/Core_cpu/u_ifu_subsys/u_ibuf/cnt_q_reg[4]_3
    SLICE_X11Y8          LUT5 (Prop_lut5_I1_O)        0.043    11.231 r  u_soc/Core_cpu/u_ifu_subsys/u_ibuf/ent_q[6][52]_i_4/O
                         net (fo=8, routed)           0.379    11.610    u_soc/Core_cpu/u_ifu_subsys/u_ibuf/ent_q[6][52]_i_4_n_0
    SLICE_X11Y7          LUT6 (Prop_lut6_I0_O)        0.043    11.653 r  u_soc/Core_cpu/u_ifu_subsys/u_ibuf/ent_q[3][52]_i_2/O
                         net (fo=1, routed)           0.358    12.010    u_soc/Core_cpu/u_ifu_subsys/u_ibuf/ent_q[3][52]_i_2_n_0
    SLICE_X2Y7           LUT4 (Prop_lut4_I3_O)        0.043    12.053 r  u_soc/Core_cpu/u_ifu_subsys/u_ibuf/ent_q[3][52]_i_1/O
                         net (fo=1, routed)           0.000    12.053    u_soc/Core_cpu/u_ifu_subsys/u_ibuf/ent_q[3][52]_i_1_n_0
    SLICE_X2Y7           FDRE                                         r  u_soc/Core_cpu/u_ifu_subsys/u_ibuf/ent_q_reg[3][52]/D
  -------------------------------------------------------------------    -------------------

                         (clock clk rise edge)        6.900     6.900 r  
    AE23                                              0.000     6.900 r  clk (IN)
                         net (fo=0)                   0.000     6.900    clk
    AE23                 IBUF (Prop_ibuf_I_O)         0.660     7.560 r  clk_IBUF_inst/O
                         net (fo=1, routed)           2.516    10.076    clk_IBUF
    BUFGCTRL_X0Y0        BUFG (Prop_bufg_I_O)         0.083    10.159 r  u_bufg/O
                         net (fo=5754, routed)        1.731    11.890    u_soc/Core_cpu/u_ifu_subsys/u_ibuf/clk_buf
    SLICE_X2Y7           FDRE                                         r  u_soc/Core_cpu/u_ifu_subsys/u_ibuf/ent_q_reg[3][52]/C
                         clock pessimism              0.312    12.201    
                         clock uncertainty           -0.035    12.166    
    SLICE_X2Y7           FDRE (Setup_fdre_C_D)        0.064    12.230    u_soc/Core_cpu/u_ifu_subsys/u_ibuf/ent_q_reg[3][52]
  -------------------------------------------------------------------
                         required time                         12.230    
                         arrival time                         -12.053    
  -------------------------------------------------------------------
                         slack                                  0.177    

Slack (MET) :             0.177ns  (required time - arrival time)
  Source:                 u_soc/Core_cpu/u_ifu_subsys/g_tage.u_tage/q_row_idx_reg[1][0]/C
                            (rising edge-triggered cell FDRE clocked by clk  {rise@0.000ns fall@3.450ns period=6.900ns})
  Destination:            u_soc/Core_cpu/u_ifu_subsys/u_ibuf/ent_q_reg[5][47]/D
                            (rising edge-triggered cell FDRE clocked by clk  {rise@0.000ns fall@3.450ns period=6.900ns})
  Path Group:             clk
  Path Type:              Setup (Max at Slow Process Corner)
  Requirement:            6.900ns  (clk rise@6.900ns - clk rise@0.000ns)
  Data Path Delay:        6.762ns  (logic 0.868ns (12.837%)  route 5.894ns (87.163%))
  Logic Levels:           15  (LUT3=3 LUT4=1 LUT5=2 LUT6=8 RAMD64E=1)
  Clock Path Skew:        0.040ns (DCD - SCD + CPR)
    Destination Clock Delay (DCD):    4.987ns = ( 11.887 - 6.900 ) 
    Source Clock Delay      (SCD):    5.258ns
    Clock Pessimism Removal (CPR):    0.312ns
  Clock Uncertainty:      0.035ns  ((TSJ^2 + TIJ^2)^1/2 + DJ) / 2 + PE
    Total System Jitter     (TSJ):    0.071ns
    Total Input Jitter      (TIJ):    0.000ns
    Discrete Jitter          (DJ):    0.000ns
    Phase Error              (PE):    0.000ns

    Location             Delay type                Incr(ns)  Path(ns)    Netlist Resource(s)
  -------------------------------------------------------------------    -------------------
                         (clock clk rise edge)        0.000     0.000 r  
    AE23                                              0.000     0.000 r  clk (IN)
                         net (fo=0)                   0.000     0.000    clk
    AE23                 IBUF (Prop_ibuf_I_O)         0.734     0.734 r  clk_IBUF_inst/O
                         net (fo=1, routed)           2.651     3.385    clk_IBUF
    BUFGCTRL_X0Y0        BUFG (Prop_bufg_I_O)         0.093     3.478 r  u_bufg/O
                         net (fo=5754, routed)        1.780     5.258    u_soc/Core_cpu/u_ifu_subsys/g_tage.u_tage/clk_buf
    SLICE_X48Y24         FDRE                                         r  u_soc/Core_cpu/u_ifu_subsys/g_tage.u_tage/q_row_idx_reg[1][0]/C
  -------------------------------------------------------------------    -------------------
    SLICE_X48Y24         FDRE (Prop_fdre_C_Q)         0.223     5.481 r  u_soc/Core_cpu/u_ifu_subsys/g_tage.u_tage/q_row_idx_reg[1][0]/Q
                         net (fo=62, routed)          0.598     6.080    u_soc/Core_cpu/u_ifu_subsys/g_tage.u_tage/g_tab[0].tg_p_reg_r1_0_63_3_5/ADDRA0
    SLICE_X50Y24         RAMD64E (Prop_ramd64e_RADR0_O)
                                                      0.043     6.123 r  u_soc/Core_cpu/u_ifu_subsys/g_tage.u_tage/g_tab[0].tg_p_reg_r1_0_63_3_5/RAMA/O
                         net (fo=1, routed)           0.576     6.699    u_soc/Core_cpu/u_ifu_subsys/u_btb/p_1_in4_in[0]
    SLICE_X47Y24         LUT6 (Prop_lut6_I1_O)        0.043     6.742 f  u_soc/Core_cpu/u_ifu_subsys/u_btb/ent_q[6][150]_i_42/O
                         net (fo=7, routed)           0.263     7.005    u_soc/Core_cpu/u_ifu_subsys/g_tage.u_tage/id_bht_chk[22]_i_4_0
    SLICE_X43Y24         LUT3 (Prop_lut3_I1_O)        0.043     7.048 f  u_soc/Core_cpu/u_ifu_subsys/g_tage.u_tage/id_bht_chk[22]_i_35/O
                         net (fo=8, routed)           0.447     7.496    u_soc/Core_cpu/u_ifu_subsys/g_tage.u_tage/id_bht_chk[22]_i_35_n_0
    SLICE_X43Y22         LUT6 (Prop_lut6_I5_O)        0.043     7.539 r  u_soc/Core_cpu/u_ifu_subsys/g_tage.u_tage/ent_q[6][150]_i_49/O
                         net (fo=2, routed)           0.341     7.879    u_soc/Core_cpu/u_ifu_subsys/g_tage.u_tage/ent_q[6][150]_i_49_n_0
    SLICE_X43Y20         LUT6 (Prop_lut6_I4_O)        0.043     7.922 f  u_soc/Core_cpu/u_ifu_subsys/g_tage.u_tage/ent_q[6][150]_i_27/O
                         net (fo=1, routed)           0.350     8.273    u_soc/Core_cpu/u_ifu_subsys/g_tage.u_tage/ent_q[6][150]_i_27_n_0
    SLICE_X43Y21         LUT6 (Prop_lut6_I2_O)        0.043     8.316 f  u_soc/Core_cpu/u_ifu_subsys/g_tage.u_tage/ent_q[6][150]_i_12/O
                         net (fo=5, routed)           0.196     8.512    u_soc/Core_cpu/u_ifu_subsys/u_btb/q_t0_idx[1]_i_10_3
    SLICE_X41Y21         LUT6 (Prop_lut6_I3_O)        0.043     8.555 f  u_soc/Core_cpu/u_ifu_subsys/u_btb/q_t0_idx[1]_i_17/O
                         net (fo=21, routed)          0.352     8.907    u_soc/Core_cpu/u_ifu_subsys/u_btb/btb_t2
    SLICE_X39Y20         LUT3 (Prop_lut3_I0_O)        0.043     8.950 r  u_soc/Core_cpu/u_ifu_subsys/u_btb/id_pred_npc[31]_i_5/O
                         net (fo=5, routed)           0.443     9.393    u_soc/Core_cpu/u_ifu_subsys/u_icache/u_tag_way1/u_prim/taken_slot[0]
    SLICE_X34Y19         LUT6 (Prop_lut6_I1_O)        0.043     9.436 r  u_soc/Core_cpu/u_ifu_subsys/u_icache/u_tag_way1/u_prim/cnt_q[4]_i_6/O
                         net (fo=8, routed)           0.204     9.640    u_soc/Core_cpu/u_ifu_subsys/u_ibuf/push_num[2]
    SLICE_X32Y19         LUT3 (Prop_lut3_I1_O)        0.043     9.683 r  u_soc/Core_cpu/u_ifu_subsys/u_ibuf/ent_q[6][95]_i_4/O
                         net (fo=108, routed)         0.238     9.921    u_soc/Core_cpu/u_ifu_subsys/u_ibuf/ent_q[6][95]_i_4_n_0
    SLICE_X31Y19         LUT6 (Prop_lut6_I5_O)        0.043     9.964 r  u_soc/Core_cpu/u_ifu_subsys/u_ibuf/id_have_inst_i_2/O
                         net (fo=114, routed)         0.527    10.490    u_soc/Core_cpu/u_ifu_subsys/u_ibuf/cnt_q_reg[4]_2
    SLICE_X26Y14         LUT5 (Prop_lut5_I4_O)        0.043    10.533 r  u_soc/Core_cpu/u_ifu_subsys/u_ibuf/ent_q[6][47]_i_5/O
                         net (fo=9, routed)           0.810    11.344    u_soc/Core_cpu/u_ifu_subsys/u_ibuf/p_0_in__0[47]
    SLICE_X5Y11          LUT5 (Prop_lut5_I2_O)        0.043    11.387 r  u_soc/Core_cpu/u_ifu_subsys/u_ibuf/ent_q[6][47]_i_3/O
                         net (fo=8, routed)           0.441    11.827    u_soc/Core_cpu/u_ifu_subsys/u_ibuf/ent_q[6][47]_i_3_n_0
    SLICE_X4Y10          LUT6 (Prop_lut6_I0_O)        0.043    11.870 r  u_soc/Core_cpu/u_ifu_subsys/u_ibuf/ent_q[5][47]_i_2/O
                         net (fo=1, routed)           0.107    11.977    u_soc/Core_cpu/u_ifu_subsys/u_ibuf/ent_q[5][47]_i_2_n_0
    SLICE_X4Y10          LUT4 (Prop_lut4_I3_O)        0.043    12.020 r  u_soc/Core_cpu/u_ifu_subsys/u_ibuf/ent_q[5][47]_i_1/O
                         net (fo=1, routed)           0.000    12.020    u_soc/Core_cpu/u_ifu_subsys/u_ibuf/ent_q[5][47]_i_1_n_0
    SLICE_X4Y10          FDRE                                         r  u_soc/Core_cpu/u_ifu_subsys/u_ibuf/ent_q_reg[5][47]/D
  -------------------------------------------------------------------    -------------------

                         (clock clk rise edge)        6.900     6.900 r  
    AE23                                              0.000     6.900 r  clk (IN)
                         net (fo=0)                   0.000     6.900    clk
    AE23                 IBUF (Prop_ibuf_I_O)         0.660     7.560 r  clk_IBUF_inst/O
                         net (fo=1, routed)           2.516    10.076    clk_IBUF
    BUFGCTRL_X0Y0        BUFG (Prop_bufg_I_O)         0.083    10.159 r  u_bufg/O
                         net (fo=5754, routed)        1.728    11.887    u_soc/Core_cpu/u_ifu_subsys/u_ibuf/clk_buf
    SLICE_X4Y10          FDRE                                         r  u_soc/Core_cpu/u_ifu_subsys/u_ibuf/ent_q_reg[5][47]/C
                         clock pessimism              0.312    12.198    
                         clock uncertainty           -0.035    12.163    
    SLICE_X4Y10          FDRE (Setup_fdre_C_D)        0.034    12.197    u_soc/Core_cpu/u_ifu_subsys/u_ibuf/ent_q_reg[5][47]
  -------------------------------------------------------------------
                         required time                         12.197    
                         arrival time                         -12.020    
  -------------------------------------------------------------------
                         slack                                  0.177    

Slack (MET) :             0.179ns  (required time - arrival time)
  Source:                 u_soc/Core_cpu/u_ifu_subsys/g_tage.u_tage/q_row_idx_reg[1][0]/C
                            (rising edge-triggered cell FDRE clocked by clk  {rise@0.000ns fall@3.450ns period=6.900ns})
  Destination:            u_soc/Core_cpu/u_ifu_subsys/u_ibuf/ent_q_reg[0][53]/D
                            (rising edge-triggered cell FDRE clocked by clk  {rise@0.000ns fall@3.450ns period=6.900ns})
  Path Group:             clk
  Path Type:              Setup (Max at Slow Process Corner)
  Requirement:            6.900ns  (clk rise@6.900ns - clk rise@0.000ns)
  Data Path Delay:        6.789ns  (logic 0.868ns (12.785%)  route 5.921ns (87.215%))
  Logic Levels:           15  (LUT3=4 LUT4=1 LUT5=1 LUT6=8 RAMD64E=1)
  Clock Path Skew:        0.039ns (DCD - SCD + CPR)
    Destination Clock Delay (DCD):    4.986ns = ( 11.886 - 6.900 ) 
    Source Clock Delay      (SCD):    5.258ns
    Clock Pessimism Removal (CPR):    0.312ns
  Clock Uncertainty:      0.035ns  ((TSJ^2 + TIJ^2)^1/2 + DJ) / 2 + PE
    Total System Jitter     (TSJ):    0.071ns
    Total Input Jitter      (TIJ):    0.000ns
    Discrete Jitter          (DJ):    0.000ns
    Phase Error              (PE):    0.000ns

    Location             Delay type                Incr(ns)  Path(ns)    Netlist Resource(s)
  -------------------------------------------------------------------    -------------------
                         (clock clk rise edge)        0.000     0.000 r  
    AE23                                              0.000     0.000 r  clk (IN)
                         net (fo=0)                   0.000     0.000    clk
    AE23                 IBUF (Prop_ibuf_I_O)         0.734     0.734 r  clk_IBUF_inst/O
                         net (fo=1, routed)           2.651     3.385    clk_IBUF
    BUFGCTRL_X0Y0        BUFG (Prop_bufg_I_O)         0.093     3.478 r  u_bufg/O
                         net (fo=5754, routed)        1.780     5.258    u_soc/Core_cpu/u_ifu_subsys/g_tage.u_tage/clk_buf
    SLICE_X48Y24         FDRE                                         r  u_soc/Core_cpu/u_ifu_subsys/g_tage.u_tage/q_row_idx_reg[1][0]/C
  -------------------------------------------------------------------    -------------------
    SLICE_X48Y24         FDRE (Prop_fdre_C_Q)         0.223     5.481 r  u_soc/Core_cpu/u_ifu_subsys/g_tage.u_tage/q_row_idx_reg[1][0]/Q
                         net (fo=62, routed)          0.598     6.080    u_soc/Core_cpu/u_ifu_subsys/g_tage.u_tage/g_tab[0].tg_p_reg_r1_0_63_3_5/ADDRA0
    SLICE_X50Y24         RAMD64E (Prop_ramd64e_RADR0_O)
                                                      0.043     6.123 r  u_soc/Core_cpu/u_ifu_subsys/g_tage.u_tage/g_tab[0].tg_p_reg_r1_0_63_3_5/RAMA/O
                         net (fo=1, routed)           0.576     6.699    u_soc/Core_cpu/u_ifu_subsys/u_btb/p_1_in4_in[0]
    SLICE_X47Y24         LUT6 (Prop_lut6_I1_O)        0.043     6.742 f  u_soc/Core_cpu/u_ifu_subsys/u_btb/ent_q[6][150]_i_42/O
                         net (fo=7, routed)           0.263     7.005    u_soc/Core_cpu/u_ifu_subsys/g_tage.u_tage/id_bht_chk[22]_i_4_0
    SLICE_X43Y24         LUT3 (Prop_lut3_I1_O)        0.043     7.048 f  u_soc/Core_cpu/u_ifu_subsys/g_tage.u_tage/id_bht_chk[22]_i_35/O
                         net (fo=8, routed)           0.447     7.496    u_soc/Core_cpu/u_ifu_subsys/g_tage.u_tage/id_bht_chk[22]_i_35_n_0
    SLICE_X43Y22         LUT6 (Prop_lut6_I5_O)        0.043     7.539 r  u_soc/Core_cpu/u_ifu_subsys/g_tage.u_tage/ent_q[6][150]_i_49/O
                         net (fo=2, routed)           0.341     7.879    u_soc/Core_cpu/u_ifu_subsys/g_tage.u_tage/ent_q[6][150]_i_49_n_0
    SLICE_X43Y20         LUT6 (Prop_lut6_I4_O)        0.043     7.922 f  u_soc/Core_cpu/u_ifu_subsys/g_tage.u_tage/ent_q[6][150]_i_27/O
                         net (fo=1, routed)           0.350     8.273    u_soc/Core_cpu/u_ifu_subsys/g_tage.u_tage/ent_q[6][150]_i_27_n_0
    SLICE_X43Y21         LUT6 (Prop_lut6_I2_O)        0.043     8.316 f  u_soc/Core_cpu/u_ifu_subsys/g_tage.u_tage/ent_q[6][150]_i_12/O
                         net (fo=5, routed)           0.196     8.512    u_soc/Core_cpu/u_ifu_subsys/u_btb/q_t0_idx[1]_i_10_3
    SLICE_X41Y21         LUT6 (Prop_lut6_I3_O)        0.043     8.555 f  u_soc/Core_cpu/u_ifu_subsys/u_btb/q_t0_idx[1]_i_17/O
                         net (fo=21, routed)          0.352     8.907    u_soc/Core_cpu/u_ifu_subsys/u_btb/btb_t2
    SLICE_X39Y20         LUT3 (Prop_lut3_I0_O)        0.043     8.950 r  u_soc/Core_cpu/u_ifu_subsys/u_btb/id_pred_npc[31]_i_5/O
                         net (fo=5, routed)           0.443     9.393    u_soc/Core_cpu/u_ifu_subsys/u_icache/u_tag_way1/u_prim/taken_slot[0]
    SLICE_X34Y19         LUT6 (Prop_lut6_I1_O)        0.043     9.436 r  u_soc/Core_cpu/u_ifu_subsys/u_icache/u_tag_way1/u_prim/cnt_q[4]_i_6/O
                         net (fo=8, routed)           0.204     9.640    u_soc/Core_cpu/u_ifu_subsys/u_ibuf/push_num[2]
    SLICE_X32Y19         LUT3 (Prop_lut3_I1_O)        0.043     9.683 r  u_soc/Core_cpu/u_ifu_subsys/u_ibuf/ent_q[6][95]_i_4/O
                         net (fo=108, routed)         0.238     9.921    u_soc/Core_cpu/u_ifu_subsys/u_ibuf/ent_q[6][95]_i_4_n_0
    SLICE_X31Y19         LUT6 (Prop_lut6_I5_O)        0.043     9.964 r  u_soc/Core_cpu/u_ifu_subsys/u_ibuf/id_have_inst_i_2/O
                         net (fo=114, routed)         0.904    10.868    u_soc/Core_cpu/u_ifu_subsys/u_ibuf/cnt_q_reg[4]_2
    SLICE_X11Y16         LUT5 (Prop_lut5_I4_O)        0.043    10.911 r  u_soc/Core_cpu/u_ifu_subsys/u_ibuf/ent_q[6][53]_i_5/O
                         net (fo=9, routed)           0.464    11.375    u_soc/Core_cpu/u_ifu_subsys/u_ibuf/p_0_in__0[53]
    SLICE_X6Y13          LUT3 (Prop_lut3_I0_O)        0.043    11.418 r  u_soc/Core_cpu/u_ifu_subsys/u_ibuf/ent_q[0][53]_i_3/O
                         net (fo=1, routed)           0.299    11.717    u_soc/Core_cpu/u_ifu_subsys/u_ibuf/ent_q[1124]
    SLICE_X6Y13          LUT6 (Prop_lut6_I5_O)        0.043    11.760 r  u_soc/Core_cpu/u_ifu_subsys/u_ibuf/ent_q[0][53]_i_2/O
                         net (fo=1, routed)           0.244    12.005    u_soc/Core_cpu/u_ifu_subsys/u_ibuf/ent_q[0][53]_i_2_n_0
    SLICE_X6Y13          LUT4 (Prop_lut4_I3_O)        0.043    12.048 r  u_soc/Core_cpu/u_ifu_subsys/u_ibuf/ent_q[0][53]_i_1/O
                         net (fo=1, routed)           0.000    12.048    u_soc/Core_cpu/u_ifu_subsys/u_ibuf/ent_q[0][53]_i_1_n_0
    SLICE_X6Y13          FDRE                                         r  u_soc/Core_cpu/u_ifu_subsys/u_ibuf/ent_q_reg[0][53]/D
  -------------------------------------------------------------------    -------------------

                         (clock clk rise edge)        6.900     6.900 r  
    AE23                                              0.000     6.900 r  clk (IN)
                         net (fo=0)                   0.000     6.900    clk
    AE23                 IBUF (Prop_ibuf_I_O)         0.660     7.560 r  clk_IBUF_inst/O
                         net (fo=1, routed)           2.516    10.076    clk_IBUF
    BUFGCTRL_X0Y0        BUFG (Prop_bufg_I_O)         0.083    10.159 r  u_bufg/O
                         net (fo=5754, routed)        1.727    11.886    u_soc/Core_cpu/u_ifu_subsys/u_ibuf/clk_buf
    SLICE_X6Y13          FDRE                                         r  u_soc/Core_cpu/u_ifu_subsys/u_ibuf/ent_q_reg[0][53]/C
                         clock pessimism              0.312    12.197    
                         clock uncertainty           -0.035    12.162    
    SLICE_X6Y13          FDRE (Setup_fdre_C_D)        0.064    12.226    u_soc/Core_cpu/u_ifu_subsys/u_ibuf/ent_q_reg[0][53]
  -------------------------------------------------------------------
                         required time                         12.226    
                         arrival time                         -12.048    
  -------------------------------------------------------------------
                         slack                                  0.179    

Slack (MET) :             0.183ns  (required time - arrival time)
  Source:                 u_soc/Core_cpu/u_ifu_subsys/g_tage.u_tage/q_row_idx_reg[1][0]/C
                            (rising edge-triggered cell FDRE clocked by clk  {rise@0.000ns fall@3.450ns period=6.900ns})
  Destination:            u_soc/Core_cpu/u_ifu_subsys/u_icache/u_dat_way0/u_prim/mem_q_reg_1/ADDRARDADDR[7]
                            (rising edge-triggered cell RAMB36E1 clocked by clk  {rise@0.000ns fall@3.450ns period=6.900ns})
  Path Group:             clk
  Path Type:              Setup (Max at Slow Process Corner)
  Requirement:            6.900ns  (clk rise@6.900ns - clk rise@0.000ns)
  Data Path Delay:        6.194ns  (logic 1.124ns (18.146%)  route 5.070ns (81.854%))
  Logic Levels:           14  (CARRY4=2 LUT2=1 LUT3=3 LUT6=7 RAMD64E=1)
  Clock Path Skew:        -0.071ns (DCD - SCD + CPR)
    Destination Clock Delay (DCD):    4.875ns = ( 11.775 - 6.900 ) 
    Source Clock Delay      (SCD):    5.258ns
    Clock Pessimism Removal (CPR):    0.312ns
  Clock Uncertainty:      0.035ns  ((TSJ^2 + TIJ^2)^1/2 + DJ) / 2 + PE
    Total System Jitter     (TSJ):    0.071ns
    Total Input Jitter      (TIJ):    0.000ns
    Discrete Jitter          (DJ):    0.000ns
    Phase Error              (PE):    0.000ns

    Location             Delay type                Incr(ns)  Path(ns)    Netlist Resource(s)
  -------------------------------------------------------------------    -------------------
                         (clock clk rise edge)        0.000     0.000 r  
    AE23                                              0.000     0.000 r  clk (IN)
                         net (fo=0)                   0.000     0.000    clk
    AE23                 IBUF (Prop_ibuf_I_O)         0.734     0.734 r  clk_IBUF_inst/O
                         net (fo=1, routed)           2.651     3.385    clk_IBUF
    BUFGCTRL_X0Y0        BUFG (Prop_bufg_I_O)         0.093     3.478 r  u_bufg/O
                         net (fo=5754, routed)        1.780     5.258    u_soc/Core_cpu/u_ifu_subsys/g_tage.u_tage/clk_buf
    SLICE_X48Y24         FDRE                                         r  u_soc/Core_cpu/u_ifu_subsys/g_tage.u_tage/q_row_idx_reg[1][0]/C
  -------------------------------------------------------------------    -------------------
    SLICE_X48Y24         FDRE (Prop_fdre_C_Q)         0.223     5.481 r  u_soc/Core_cpu/u_ifu_subsys/g_tage.u_tage/q_row_idx_reg[1][0]/Q
                         net (fo=62, routed)          0.598     6.080    u_soc/Core_cpu/u_ifu_subsys/g_tage.u_tage/g_tab[0].tg_p_reg_r1_0_63_3_5/ADDRA0
    SLICE_X50Y24         RAMD64E (Prop_ramd64e_RADR0_O)
                                                      0.043     6.123 r  u_soc/Core_cpu/u_ifu_subsys/g_tage.u_tage/g_tab[0].tg_p_reg_r1_0_63_3_5/RAMA/O
                         net (fo=1, routed)           0.576     6.699    u_soc/Core_cpu/u_ifu_subsys/u_btb/p_1_in4_in[0]
    SLICE_X47Y24         LUT6 (Prop_lut6_I1_O)        0.043     6.742 f  u_soc/Core_cpu/u_ifu_subsys/u_btb/ent_q[6][150]_i_42/O
                         net (fo=7, routed)           0.263     7.005    u_soc/Core_cpu/u_ifu_subsys/g_tage.u_tage/id_bht_chk[22]_i_4_0
    SLICE_X43Y24         LUT3 (Prop_lut3_I1_O)        0.043     7.048 f  u_soc/Core_cpu/u_ifu_subsys/g_tage.u_tage/id_bht_chk[22]_i_35/O
                         net (fo=8, routed)           0.447     7.496    u_soc/Core_cpu/u_ifu_subsys/g_tage.u_tage/id_bht_chk[22]_i_35_n_0
    SLICE_X43Y22         LUT6 (Prop_lut6_I5_O)        0.043     7.539 r  u_soc/Core_cpu/u_ifu_subsys/g_tage.u_tage/ent_q[6][150]_i_49/O
                         net (fo=2, routed)           0.341     7.879    u_soc/Core_cpu/u_ifu_subsys/g_tage.u_tage/ent_q[6][150]_i_49_n_0
    SLICE_X43Y20         LUT6 (Prop_lut6_I4_O)        0.043     7.922 f  u_soc/Core_cpu/u_ifu_subsys/g_tage.u_tage/ent_q[6][150]_i_27/O
                         net (fo=1, routed)           0.350     8.273    u_soc/Core_cpu/u_ifu_subsys/g_tage.u_tage/ent_q[6][150]_i_27_n_0
    SLICE_X43Y21         LUT6 (Prop_lut6_I2_O)        0.043     8.316 f  u_soc/Core_cpu/u_ifu_subsys/g_tage.u_tage/ent_q[6][150]_i_12/O
                         net (fo=5, routed)           0.196     8.512    u_soc/Core_cpu/u_ifu_subsys/u_btb/q_t0_idx[1]_i_10_3
    SLICE_X41Y21         LUT6 (Prop_lut6_I3_O)        0.043     8.555 f  u_soc/Core_cpu/u_ifu_subsys/u_btb/q_t0_idx[1]_i_17/O
                         net (fo=21, routed)          0.352     8.907    u_soc/Core_cpu/u_ifu_subsys/u_btb/btb_t2
    SLICE_X39Y20         LUT3 (Prop_lut3_I0_O)        0.043     8.950 r  u_soc/Core_cpu/u_ifu_subsys/u_btb/id_pred_npc[31]_i_5/O
                         net (fo=5, routed)           0.443     9.393    u_soc/Core_cpu/u_ifu_subsys/u_icache/u_tag_way1/u_prim/taken_slot[0]
    SLICE_X34Y19         LUT6 (Prop_lut6_I1_O)        0.043     9.436 r  u_soc/Core_cpu/u_ifu_subsys/u_icache/u_tag_way1/u_prim/cnt_q[4]_i_6/O
                         net (fo=8, routed)           0.202     9.638    u_soc/Core_cpu/u_ifu_subsys/u_ibuf/push_num[2]
    SLICE_X35Y20         LUT3 (Prop_lut3_I1_O)        0.043     9.681 r  u_soc/Core_cpu/u_ifu_subsys/u_ibuf/cnt_q[4]_i_4/O
                         net (fo=110, routed)         0.360    10.042    u_soc/Core_cpu/u_ifu_subsys/u_icache/u_tag_way0/u_prim/q_t0_idx_reg[0]_i_2_0
    SLICE_X36Y22         LUT2 (Prop_lut2_I1_O)        0.043    10.085 r  u_soc/Core_cpu/u_ifu_subsys/u_icache/u_tag_way0/u_prim/q_t0_idx[0]_i_5/O
                         net (fo=1, routed)           0.000    10.085    u_soc/Core_cpu/u_ifu_subsys/u_icache/u_tag_way0/u_prim/q_t0_idx[0]_i_5_n_0
    SLICE_X36Y22         CARRY4 (Prop_carry4_S[3]_CO[3])
                                                      0.193    10.278 r  u_soc/Core_cpu/u_ifu_subsys/u_icache/u_tag_way0/u_prim/q_t0_idx_reg[0]_i_2/CO[3]
                         net (fo=1, routed)           0.000    10.278    u_soc/Core_cpu/u_ifu_subsys/u_icache/u_tag_way0_n_131
    SLICE_X36Y23         CARRY4 (Prop_carry4_CI_O[0])
                                                      0.111    10.389 r  u_soc/Core_cpu/u_ifu_subsys/u_icache/q_t0_idx_reg[1]_i_2/O[0]
                         net (fo=2, routed)           0.237    10.625    u_soc/Core_cpu/u_ifu_subsys/u_btb/mem_q_reg_1[3]
    SLICE_X37Y24         LUT6 (Prop_lut6_I0_O)        0.124    10.749 r  u_soc/Core_cpu/u_ifu_subsys/u_btb/q_t0_idx[1]_i_1/O
                         net (fo=59, routed)          0.703    11.453    u_soc/Core_cpu/u_ifu_subsys/u_icache/u_dat_way0/u_prim/next_pc[1]
    RAMB36_X2Y4          RAMB36E1                                     r  u_soc/Core_cpu/u_ifu_subsys/u_icache/u_dat_way0/u_prim/mem_q_reg_1/ADDRARDADDR[7]
  -------------------------------------------------------------------    -------------------

                         (clock clk rise edge)        6.900     6.900 r  
    AE23                                              0.000     6.900 r  clk (IN)
                         net (fo=0)                   0.000     6.900    clk
    AE23                 IBUF (Prop_ibuf_I_O)         0.660     7.560 r  clk_IBUF_inst/O
                         net (fo=1, routed)           2.516    10.076    clk_IBUF
    BUFGCTRL_X0Y0        BUFG (Prop_bufg_I_O)         0.083    10.159 r  u_bufg/O
                         net (fo=5754, routed)        1.617    11.775    u_soc/Core_cpu/u_ifu_subsys/u_icache/u_dat_way0/u_prim/clk_buf
    RAMB36_X2Y4          RAMB36E1                                     r  u_soc/Core_cpu/u_ifu_subsys/u_icache/u_dat_way0/u_prim/mem_q_reg_1/CLKARDCLK
                         clock pessimism              0.312    12.087    
                         clock uncertainty           -0.035    12.052    
    RAMB36_X2Y4          RAMB36E1 (Setup_ramb36e1_CLKARDCLK_ADDRARDADDR[7])
                                                     -0.416    11.636    u_soc/Core_cpu/u_ifu_subsys/u_icache/u_dat_way0/u_prim/mem_q_reg_1
  -------------------------------------------------------------------
                         required time                         11.636    
                         arrival time                         -11.453    
  -------------------------------------------------------------------
                         slack                                  0.183    

Slack (MET) :             0.186ns  (required time - arrival time)
  Source:                 u_soc/Core_cpu/u_ifu_subsys/g_tage.u_tage/q_row_idx_reg[1][0]/C
                            (rising edge-triggered cell FDRE clocked by clk  {rise@0.000ns fall@3.450ns period=6.900ns})
  Destination:            u_soc/Core_cpu/u_ifu_subsys/u_ibuf/ent_q_reg[1][79]/D
                            (rising edge-triggered cell FDRE clocked by clk  {rise@0.000ns fall@3.450ns period=6.900ns})
  Path Group:             clk
  Path Type:              Setup (Max at Slow Process Corner)
  Requirement:            6.900ns  (clk rise@6.900ns - clk rise@0.000ns)
  Data Path Delay:        6.727ns  (logic 0.868ns (12.904%)  route 5.859ns (87.096%))
  Logic Levels:           15  (LUT3=3 LUT5=3 LUT6=8 RAMD64E=1)
  Clock Path Skew:        -0.018ns (DCD - SCD + CPR)
    Destination Clock Delay (DCD):    4.929ns = ( 11.829 - 6.900 ) 
    Source Clock Delay      (SCD):    5.258ns
    Clock Pessimism Removal (CPR):    0.312ns
  Clock Uncertainty:      0.035ns  ((TSJ^2 + TIJ^2)^1/2 + DJ) / 2 + PE
    Total System Jitter     (TSJ):    0.071ns
    Total Input Jitter      (TIJ):    0.000ns
    Discrete Jitter          (DJ):    0.000ns
    Phase Error              (PE):    0.000ns

    Location             Delay type                Incr(ns)  Path(ns)    Netlist Resource(s)
  -------------------------------------------------------------------    -------------------
                         (clock clk rise edge)        0.000     0.000 r  
    AE23                                              0.000     0.000 r  clk (IN)
                         net (fo=0)                   0.000     0.000    clk
    AE23                 IBUF (Prop_ibuf_I_O)         0.734     0.734 r  clk_IBUF_inst/O
                         net (fo=1, routed)           2.651     3.385    clk_IBUF
    BUFGCTRL_X0Y0        BUFG (Prop_bufg_I_O)         0.093     3.478 r  u_bufg/O
                         net (fo=5754, routed)        1.780     5.258    u_soc/Core_cpu/u_ifu_subsys/g_tage.u_tage/clk_buf
    SLICE_X48Y24         FDRE                                         r  u_soc/Core_cpu/u_ifu_subsys/g_tage.u_tage/q_row_idx_reg[1][0]/C
  -------------------------------------------------------------------    -------------------
    SLICE_X48Y24         FDRE (Prop_fdre_C_Q)         0.223     5.481 r  u_soc/Core_cpu/u_ifu_subsys/g_tage.u_tage/q_row_idx_reg[1][0]/Q
                         net (fo=62, routed)          0.598     6.080    u_soc/Core_cpu/u_ifu_subsys/g_tage.u_tage/g_tab[0].tg_p_reg_r1_0_63_3_5/ADDRA0
    SLICE_X50Y24         RAMD64E (Prop_ramd64e_RADR0_O)
                                                      0.043     6.123 r  u_soc/Core_cpu/u_ifu_subsys/g_tage.u_tage/g_tab[0].tg_p_reg_r1_0_63_3_5/RAMA/O
                         net (fo=1, routed)           0.576     6.699    u_soc/Core_cpu/u_ifu_subsys/u_btb/p_1_in4_in[0]
    SLICE_X47Y24         LUT6 (Prop_lut6_I1_O)        0.043     6.742 f  u_soc/Core_cpu/u_ifu_subsys/u_btb/ent_q[6][150]_i_42/O
                         net (fo=7, routed)           0.263     7.005    u_soc/Core_cpu/u_ifu_subsys/g_tage.u_tage/id_bht_chk[22]_i_4_0
    SLICE_X43Y24         LUT3 (Prop_lut3_I1_O)        0.043     7.048 f  u_soc/Core_cpu/u_ifu_subsys/g_tage.u_tage/id_bht_chk[22]_i_35/O
                         net (fo=8, routed)           0.447     7.496    u_soc/Core_cpu/u_ifu_subsys/g_tage.u_tage/id_bht_chk[22]_i_35_n_0
    SLICE_X43Y22         LUT6 (Prop_lut6_I5_O)        0.043     7.539 r  u_soc/Core_cpu/u_ifu_subsys/g_tage.u_tage/ent_q[6][150]_i_49/O
                         net (fo=2, routed)           0.341     7.879    u_soc/Core_cpu/u_ifu_subsys/g_tage.u_tage/ent_q[6][150]_i_49_n_0
    SLICE_X43Y20         LUT6 (Prop_lut6_I4_O)        0.043     7.922 f  u_soc/Core_cpu/u_ifu_subsys/g_tage.u_tage/ent_q[6][150]_i_27/O
                         net (fo=1, routed)           0.350     8.273    u_soc/Core_cpu/u_ifu_subsys/g_tage.u_tage/ent_q[6][150]_i_27_n_0
    SLICE_X43Y21         LUT6 (Prop_lut6_I2_O)        0.043     8.316 f  u_soc/Core_cpu/u_ifu_subsys/g_tage.u_tage/ent_q[6][150]_i_12/O
                         net (fo=5, routed)           0.196     8.512    u_soc/Core_cpu/u_ifu_subsys/u_btb/q_t0_idx[1]_i_10_3
    SLICE_X41Y21         LUT6 (Prop_lut6_I3_O)        0.043     8.555 f  u_soc/Core_cpu/u_ifu_subsys/u_btb/q_t0_idx[1]_i_17/O
                         net (fo=21, routed)          0.352     8.907    u_soc/Core_cpu/u_ifu_subsys/u_btb/btb_t2
    SLICE_X39Y20         LUT3 (Prop_lut3_I0_O)        0.043     8.950 r  u_soc/Core_cpu/u_ifu_subsys/u_btb/id_pred_npc[31]_i_5/O
                         net (fo=5, routed)           0.443     9.393    u_soc/Core_cpu/u_ifu_subsys/u_icache/u_tag_way1/u_prim/taken_slot[0]
    SLICE_X34Y19         LUT6 (Prop_lut6_I1_O)        0.043     9.436 r  u_soc/Core_cpu/u_ifu_subsys/u_icache/u_tag_way1/u_prim/cnt_q[4]_i_6/O
                         net (fo=8, routed)           0.204     9.640    u_soc/Core_cpu/u_ifu_subsys/u_ibuf/push_num[2]
    SLICE_X32Y19         LUT3 (Prop_lut3_I1_O)        0.043     9.683 r  u_soc/Core_cpu/u_ifu_subsys/u_ibuf/ent_q[6][95]_i_4/O
                         net (fo=108, routed)         0.238     9.921    u_soc/Core_cpu/u_ifu_subsys/u_ibuf/ent_q[6][95]_i_4_n_0
    SLICE_X31Y19         LUT6 (Prop_lut6_I5_O)        0.043     9.964 r  u_soc/Core_cpu/u_ifu_subsys/u_ibuf/id_have_inst_i_2/O
                         net (fo=114, routed)         0.531    10.494    u_soc/Core_cpu/u_ifu_subsys/u_btb/ent_q[6][79]_i_6
    SLICE_X37Y26         LUT5 (Prop_lut5_I4_O)        0.043    10.537 r  u_soc/Core_cpu/u_ifu_subsys/u_btb/ent_q[6][79]_i_8/O
                         net (fo=9, routed)           0.748    11.285    u_soc/Core_cpu/u_ifu_subsys/u_ibuf/ent_q_reg[1][79]_0[13]
    SLICE_X19Y17         LUT5 (Prop_lut5_I0_O)        0.043    11.328 r  u_soc/Core_cpu/u_ifu_subsys/u_ibuf/ent_q[6][79]_i_6/O
                         net (fo=1, routed)           0.098    11.426    u_soc/Core_cpu/u_ifu_subsys/u_btb/ent_q_reg[0][79]
    SLICE_X19Y17         LUT5 (Prop_lut5_I4_O)        0.043    11.469 r  u_soc/Core_cpu/u_ifu_subsys/u_btb/ent_q[6][79]_i_3/O
                         net (fo=8, routed)           0.473    11.942    u_soc/Core_cpu/u_ifu_subsys/u_ibuf/ent_q_reg[0][79]_0
    SLICE_X16Y15         LUT6 (Prop_lut6_I3_O)        0.043    11.985 r  u_soc/Core_cpu/u_ifu_subsys/u_ibuf/ent_q[1][79]_i_1/O
                         net (fo=1, routed)           0.000    11.985    u_soc/Core_cpu/u_ifu_subsys/u_ibuf/ent_q[1][79]_i_1_n_0
    SLICE_X16Y15         FDRE                                         r  u_soc/Core_cpu/u_ifu_subsys/u_ibuf/ent_q_reg[1][79]/D
  -------------------------------------------------------------------    -------------------

                         (clock clk rise edge)        6.900     6.900 r  
    AE23                                              0.000     6.900 r  clk (IN)
                         net (fo=0)                   0.000     6.900    clk
    AE23                 IBUF (Prop_ibuf_I_O)         0.660     7.560 r  clk_IBUF_inst/O
                         net (fo=1, routed)           2.516    10.076    clk_IBUF
    BUFGCTRL_X0Y0        BUFG (Prop_bufg_I_O)         0.083    10.159 r  u_bufg/O
                         net (fo=5754, routed)        1.670    11.829    u_soc/Core_cpu/u_ifu_subsys/u_ibuf/clk_buf
    SLICE_X16Y15         FDRE                                         r  u_soc/Core_cpu/u_ifu_subsys/u_ibuf/ent_q_reg[1][79]/C
                         clock pessimism              0.312    12.140    
                         clock uncertainty           -0.035    12.105    
    SLICE_X16Y15         FDRE (Setup_fdre_C_D)        0.066    12.171    u_soc/Core_cpu/u_ifu_subsys/u_ibuf/ent_q_reg[1][79]
  -------------------------------------------------------------------
                         required time                         12.171    
                         arrival time                         -11.985    
  -------------------------------------------------------------------
                         slack                                  0.186    

Slack (MET) :             0.187ns  (required time - arrival time)
  Source:                 u_soc/Core_cpu/u_ifu_subsys/g_tage.u_tage/q_row_idx_reg[1][1]/C
                            (rising edge-triggered cell FDRE clocked by clk  {rise@0.000ns fall@3.450ns period=6.900ns})
  Destination:            u_soc/Core_cpu/u_ifu_subsys/u_ibuf/ent_q_reg[3][60]/D
                            (rising edge-triggered cell FDRE clocked by clk  {rise@0.000ns fall@3.450ns period=6.900ns})
  Path Group:             clk
  Path Type:              Setup (Max at Slow Process Corner)
  Requirement:            6.900ns  (clk rise@6.900ns - clk rise@0.000ns)
  Data Path Delay:        6.782ns  (logic 0.825ns (12.164%)  route 5.957ns (87.836%))
  Logic Levels:           14  (LUT3=2 LUT4=2 LUT5=2 LUT6=7 RAMD64E=1)
  Clock Path Skew:        0.039ns (DCD - SCD + CPR)
    Destination Clock Delay (DCD):    4.986ns = ( 11.886 - 6.900 ) 
    Source Clock Delay      (SCD):    5.258ns
    Clock Pessimism Removal (CPR):    0.312ns
  Clock Uncertainty:      0.035ns  ((TSJ^2 + TIJ^2)^1/2 + DJ) / 2 + PE
    Total System Jitter     (TSJ):    0.071ns
    Total Input Jitter      (TIJ):    0.000ns
    Discrete Jitter          (DJ):    0.000ns
    Phase Error              (PE):    0.000ns

    Location             Delay type                Incr(ns)  Path(ns)    Netlist Resource(s)
  -------------------------------------------------------------------    -------------------
                         (clock clk rise edge)        0.000     0.000 r  
    AE23                                              0.000     0.000 r  clk (IN)
                         net (fo=0)                   0.000     0.000    clk
    AE23                 IBUF (Prop_ibuf_I_O)         0.734     0.734 r  clk_IBUF_inst/O
                         net (fo=1, routed)           2.651     3.385    clk_IBUF
    BUFGCTRL_X0Y0        BUFG (Prop_bufg_I_O)         0.093     3.478 r  u_bufg/O
                         net (fo=5754, routed)        1.780     5.258    u_soc/Core_cpu/u_ifu_subsys/g_tage.u_tage/clk_buf
    SLICE_X48Y24         FDRE                                         r  u_soc/Core_cpu/u_ifu_subsys/g_tage.u_tage/q_row_idx_reg[1][1]/C
  -------------------------------------------------------------------    -------------------
    SLICE_X48Y24         FDRE (Prop_fdre_C_Q)         0.223     5.481 r  u_soc/Core_cpu/u_ifu_subsys/g_tage.u_tage/q_row_idx_reg[1][1]/Q
                         net (fo=62, routed)          0.752     6.233    u_soc/Core_cpu/u_ifu_subsys/g_tage.u_tage/g_tab[1].tg_p_reg_r1_0_63_0_2/ADDRA1
    SLICE_X46Y20         RAMD64E (Prop_ramd64e_RADR1_O)
                                                      0.043     6.276 r  u_soc/Core_cpu/u_ifu_subsys/g_tage.u_tage/g_tab[1].tg_p_reg_r1_0_63_0_2/RAMA/O
                         net (fo=1, routed)           0.457     6.733    u_soc/Core_cpu/u_ifu_subsys/g_tage.u_tage/g_tab[1].tg_p_reg_r1_0_63_0_2_n_0
    SLICE_X44Y21         LUT6 (Prop_lut6_I0_O)        0.043     6.776 f  u_soc/Core_cpu/u_ifu_subsys/g_tage.u_tage/ent_q[6][150]_i_61/O
                         net (fo=9, routed)           0.285     7.061    u_soc/Core_cpu/u_ifu_subsys/g_tage.u_tage/ent_q[6][150]_i_61_n_0
    SLICE_X45Y21         LUT3 (Prop_lut3_I2_O)        0.043     7.104 f  u_soc/Core_cpu/u_ifu_subsys/g_tage.u_tage/id_bht_chk[22]_i_33/O
                         net (fo=13, routed)          0.412     7.516    u_soc/Core_cpu/u_ifu_subsys/g_tage.u_tage/id_bht_chk[22]_i_33_n_0
    SLICE_X40Y23         LUT6 (Prop_lut6_I3_O)        0.043     7.559 r  u_soc/Core_cpu/u_ifu_subsys/g_tage.u_tage/id_bht_chk[22]_i_27/O
                         net (fo=2, routed)           0.334     7.893    u_soc/Core_cpu/u_ifu_subsys/g_tage.u_tage/id_bht_chk[22]_i_27_n_0
    SLICE_X40Y21         LUT6 (Prop_lut6_I2_O)        0.043     7.936 f  u_soc/Core_cpu/u_ifu_subsys/g_tage.u_tage/id_bht_chk[22]_i_13/O
                         net (fo=1, routed)           0.347     8.283    u_soc/Core_cpu/u_ifu_subsys/g_tage.u_tage/id_bht_chk[22]_i_13_n_0
    SLICE_X40Y20         LUT6 (Prop_lut6_I1_O)        0.043     8.326 r  u_soc/Core_cpu/u_ifu_subsys/g_tage.u_tage/id_bht_chk[22]_i_5/O
                         net (fo=3, routed)           0.115     8.441    u_soc/Core_cpu/u_ifu_subsys/u_btb/dir_pred[0]
    SLICE_X40Y20         LUT6 (Prop_lut6_I3_O)        0.043     8.484 r  u_soc/Core_cpu/u_ifu_subsys/u_btb/q_t0_idx[1]_i_11/O
                         net (fo=22, routed)          0.482     8.966    u_soc/Core_cpu/u_ifu_subsys/u_btb/btb_t0
    SLICE_X37Y20         LUT5 (Prop_lut5_I2_O)        0.043     9.009 r  u_soc/Core_cpu/u_ifu_subsys/u_btb/cnt_q[0]_i_8/O
                         net (fo=2, routed)           0.324     9.333    u_soc/Core_cpu/u_ifu_subsys/u_btb/want_cnt_raw[1]
    SLICE_X36Y19         LUT6 (Prop_lut6_I2_O)        0.043     9.376 r  u_soc/Core_cpu/u_ifu_subsys/u_btb/cnt_q[0]_i_5/O
                         net (fo=3, routed)           0.434     9.810    u_soc/Core_cpu/u_ifu_subsys/u_ibuf/cnt_q_reg[0]_14
    SLICE_X35Y21         LUT4 (Prop_lut4_I3_O)        0.043     9.853 r  u_soc/Core_cpu/u_ifu_subsys/u_ibuf/cnt_q[0]_i_2/O
                         net (fo=9, routed)           0.356    10.209    u_soc/Core_cpu/u_ifu_subsys/u_ibuf/cnt_q_reg[4]_1[0]
    SLICE_X33Y18         LUT3 (Prop_lut3_I1_O)        0.043    10.252 r  u_soc/Core_cpu/u_ifu_subsys/u_ibuf/ent_q[6][150]_i_13/O
                         net (fo=111, routed)         0.899    11.151    u_soc/Core_cpu/u_ifu_subsys/u_ibuf/cnt_q_reg[4]_3
    SLICE_X13Y17         LUT5 (Prop_lut5_I1_O)        0.043    11.194 r  u_soc/Core_cpu/u_ifu_subsys/u_ibuf/ent_q[6][60]_i_5/O
                         net (fo=8, routed)           0.401    11.595    u_soc/Core_cpu/u_ifu_subsys/u_ibuf/ent_q[6][60]_i_5_n_0
    SLICE_X11Y14         LUT6 (Prop_lut6_I0_O)        0.043    11.638 r  u_soc/Core_cpu/u_ifu_subsys/u_ibuf/ent_q[3][60]_i_2/O
                         net (fo=1, routed)           0.360    11.998    u_soc/Core_cpu/u_ifu_subsys/u_ibuf/ent_q[3][60]_i_2_n_0
    SLICE_X2Y14          LUT4 (Prop_lut4_I3_O)        0.043    12.041 r  u_soc/Core_cpu/u_ifu_subsys/u_ibuf/ent_q[3][60]_i_1/O
                         net (fo=1, routed)           0.000    12.041    u_soc/Core_cpu/u_ifu_subsys/u_ibuf/ent_q[3][60]_i_1_n_0
    SLICE_X2Y14          FDRE                                         r  u_soc/Core_cpu/u_ifu_subsys/u_ibuf/ent_q_reg[3][60]/D
  -------------------------------------------------------------------    -------------------

                         (clock clk rise edge)        6.900     6.900 r  
    AE23                                              0.000     6.900 r  clk (IN)
                         net (fo=0)                   0.000     6.900    clk
    AE23                 IBUF (Prop_ibuf_I_O)         0.660     7.560 r  clk_IBUF_inst/O
                         net (fo=1, routed)           2.516    10.076    clk_IBUF
    BUFGCTRL_X0Y0        BUFG (Prop_bufg_I_O)         0.083    10.159 r  u_bufg/O
                         net (fo=5754, routed)        1.727    11.886    u_soc/Core_cpu/u_ifu_subsys/u_ibuf/clk_buf
    SLICE_X2Y14          FDRE                                         r  u_soc/Core_cpu/u_ifu_subsys/u_ibuf/ent_q_reg[3][60]/C
                         clock pessimism              0.312    12.197    
                         clock uncertainty           -0.035    12.162    
    SLICE_X2Y14          FDRE (Setup_fdre_C_D)        0.066    12.228    u_soc/Core_cpu/u_ifu_subsys/u_ibuf/ent_q_reg[3][60]
  -------------------------------------------------------------------
                         required time                         12.228    
                         arrival time                         -12.041    
  -------------------------------------------------------------------
                         slack                                  0.187    

Slack (MET) :             0.189ns  (required time - arrival time)
  Source:                 u_soc/Core_cpu/u_ifu_subsys/g_tage.u_tage/q_row_idx_reg[1][0]/C
                            (rising edge-triggered cell FDRE clocked by clk  {rise@0.000ns fall@3.450ns period=6.900ns})
  Destination:            u_soc/Core_cpu/u_ifu_subsys/u_ibuf/ent_q_reg[2][57]/D
                            (rising edge-triggered cell FDRE clocked by clk  {rise@0.000ns fall@3.450ns period=6.900ns})
  Path Group:             clk
  Path Type:              Setup (Max at Slow Process Corner)
  Requirement:            6.900ns  (clk rise@6.900ns - clk rise@0.000ns)
  Data Path Delay:        6.780ns  (logic 0.868ns (12.802%)  route 5.912ns (87.198%))
  Logic Levels:           15  (LUT3=4 LUT4=1 LUT5=1 LUT6=8 RAMD64E=1)
  Clock Path Skew:        0.039ns (DCD - SCD + CPR)
    Destination Clock Delay (DCD):    4.986ns = ( 11.886 - 6.900 ) 
    Source Clock Delay      (SCD):    5.258ns
    Clock Pessimism Removal (CPR):    0.312ns
  Clock Uncertainty:      0.035ns  ((TSJ^2 + TIJ^2)^1/2 + DJ) / 2 + PE
    Total System Jitter     (TSJ):    0.071ns
    Total Input Jitter      (TIJ):    0.000ns
    Discrete Jitter          (DJ):    0.000ns
    Phase Error              (PE):    0.000ns

    Location             Delay type                Incr(ns)  Path(ns)    Netlist Resource(s)
  -------------------------------------------------------------------    -------------------
                         (clock clk rise edge)        0.000     0.000 r  
    AE23                                              0.000     0.000 r  clk (IN)
                         net (fo=0)                   0.000     0.000    clk
    AE23                 IBUF (Prop_ibuf_I_O)         0.734     0.734 r  clk_IBUF_inst/O
                         net (fo=1, routed)           2.651     3.385    clk_IBUF
    BUFGCTRL_X0Y0        BUFG (Prop_bufg_I_O)         0.093     3.478 r  u_bufg/O
                         net (fo=5754, routed)        1.780     5.258    u_soc/Core_cpu/u_ifu_subsys/g_tage.u_tage/clk_buf
    SLICE_X48Y24         FDRE                                         r  u_soc/Core_cpu/u_ifu_subsys/g_tage.u_tage/q_row_idx_reg[1][0]/C
  -------------------------------------------------------------------    -------------------
    SLICE_X48Y24         FDRE (Prop_fdre_C_Q)         0.223     5.481 r  u_soc/Core_cpu/u_ifu_subsys/g_tage.u_tage/q_row_idx_reg[1][0]/Q
                         net (fo=62, routed)          0.598     6.080    u_soc/Core_cpu/u_ifu_subsys/g_tage.u_tage/g_tab[0].tg_p_reg_r1_0_63_3_5/ADDRA0
    SLICE_X50Y24         RAMD64E (Prop_ramd64e_RADR0_O)
                                                      0.043     6.123 r  u_soc/Core_cpu/u_ifu_subsys/g_tage.u_tage/g_tab[0].tg_p_reg_r1_0_63_3_5/RAMA/O
                         net (fo=1, routed)           0.576     6.699    u_soc/Core_cpu/u_ifu_subsys/u_btb/p_1_in4_in[0]
    SLICE_X47Y24         LUT6 (Prop_lut6_I1_O)        0.043     6.742 f  u_soc/Core_cpu/u_ifu_subsys/u_btb/ent_q[6][150]_i_42/O
                         net (fo=7, routed)           0.263     7.005    u_soc/Core_cpu/u_ifu_subsys/g_tage.u_tage/id_bht_chk[22]_i_4_0
    SLICE_X43Y24         LUT3 (Prop_lut3_I1_O)        0.043     7.048 f  u_soc/Core_cpu/u_ifu_subsys/g_tage.u_tage/id_bht_chk[22]_i_35/O
                         net (fo=8, routed)           0.447     7.496    u_soc/Core_cpu/u_ifu_subsys/g_tage.u_tage/id_bht_chk[22]_i_35_n_0
    SLICE_X43Y22         LUT6 (Prop_lut6_I5_O)        0.043     7.539 r  u_soc/Core_cpu/u_ifu_subsys/g_tage.u_tage/ent_q[6][150]_i_49/O
                         net (fo=2, routed)           0.341     7.879    u_soc/Core_cpu/u_ifu_subsys/g_tage.u_tage/ent_q[6][150]_i_49_n_0
    SLICE_X43Y20         LUT6 (Prop_lut6_I4_O)        0.043     7.922 f  u_soc/Core_cpu/u_ifu_subsys/g_tage.u_tage/ent_q[6][150]_i_27/O
                         net (fo=1, routed)           0.350     8.273    u_soc/Core_cpu/u_ifu_subsys/g_tage.u_tage/ent_q[6][150]_i_27_n_0
    SLICE_X43Y21         LUT6 (Prop_lut6_I2_O)        0.043     8.316 f  u_soc/Core_cpu/u_ifu_subsys/g_tage.u_tage/ent_q[6][150]_i_12/O
                         net (fo=5, routed)           0.196     8.512    u_soc/Core_cpu/u_ifu_subsys/u_btb/q_t0_idx[1]_i_10_3
    SLICE_X41Y21         LUT6 (Prop_lut6_I3_O)        0.043     8.555 f  u_soc/Core_cpu/u_ifu_subsys/u_btb/q_t0_idx[1]_i_17/O
                         net (fo=21, routed)          0.352     8.907    u_soc/Core_cpu/u_ifu_subsys/u_btb/btb_t2
    SLICE_X39Y20         LUT3 (Prop_lut3_I0_O)        0.043     8.950 r  u_soc/Core_cpu/u_ifu_subsys/u_btb/id_pred_npc[31]_i_5/O
                         net (fo=5, routed)           0.443     9.393    u_soc/Core_cpu/u_ifu_subsys/u_icache/u_tag_way1/u_prim/taken_slot[0]
    SLICE_X34Y19         LUT6 (Prop_lut6_I1_O)        0.043     9.436 r  u_soc/Core_cpu/u_ifu_subsys/u_icache/u_tag_way1/u_prim/cnt_q[4]_i_6/O
                         net (fo=8, routed)           0.204     9.640    u_soc/Core_cpu/u_ifu_subsys/u_ibuf/push_num[2]
    SLICE_X32Y19         LUT3 (Prop_lut3_I1_O)        0.043     9.683 r  u_soc/Core_cpu/u_ifu_subsys/u_ibuf/ent_q[6][95]_i_4/O
                         net (fo=108, routed)         0.238     9.921    u_soc/Core_cpu/u_ifu_subsys/u_ibuf/ent_q[6][95]_i_4_n_0
    SLICE_X31Y19         LUT6 (Prop_lut6_I5_O)        0.043     9.964 r  u_soc/Core_cpu/u_ifu_subsys/u_ibuf/id_have_inst_i_2/O
                         net (fo=114, routed)         0.834    10.798    u_soc/Core_cpu/u_ifu_subsys/u_ibuf/cnt_q_reg[4]_2
    SLICE_X13Y15         LUT5 (Prop_lut5_I4_O)        0.043    10.841 r  u_soc/Core_cpu/u_ifu_subsys/u_ibuf/ent_q[6][57]_i_5/O
                         net (fo=9, routed)           0.399    11.239    u_soc/Core_cpu/u_ifu_subsys/u_ibuf/p_0_in__0[57]
    SLICE_X8Y14          LUT3 (Prop_lut3_I0_O)        0.043    11.282 r  u_soc/Core_cpu/u_ifu_subsys/u_ibuf/ent_q[2][57]_i_3/O
                         net (fo=1, routed)           0.333    11.616    u_soc/Core_cpu/u_ifu_subsys/u_ibuf/ent_q[822]
    SLICE_X8Y14          LUT6 (Prop_lut6_I5_O)        0.043    11.659 r  u_soc/Core_cpu/u_ifu_subsys/u_ibuf/ent_q[2][57]_i_2/O
                         net (fo=1, routed)           0.337    11.996    u_soc/Core_cpu/u_ifu_subsys/u_ibuf/ent_q[2][57]_i_2_n_0
    SLICE_X2Y14          LUT4 (Prop_lut4_I3_O)        0.043    12.039 r  u_soc/Core_cpu/u_ifu_subsys/u_ibuf/ent_q[2][57]_i_1/O
                         net (fo=1, routed)           0.000    12.039    u_soc/Core_cpu/u_ifu_subsys/u_ibuf/ent_q[2][57]_i_1_n_0
    SLICE_X2Y14          FDRE                                         r  u_soc/Core_cpu/u_ifu_subsys/u_ibuf/ent_q_reg[2][57]/D
  -------------------------------------------------------------------    -------------------

                         (clock clk rise edge)        6.900     6.900 r  
    AE23                                              0.000     6.900 r  clk (IN)
                         net (fo=0)                   0.000     6.900    clk
    AE23                 IBUF (Prop_ibuf_I_O)         0.660     7.560 r  clk_IBUF_inst/O
                         net (fo=1, routed)           2.516    10.076    clk_IBUF
    BUFGCTRL_X0Y0        BUFG (Prop_bufg_I_O)         0.083    10.159 r  u_bufg/O
                         net (fo=5754, routed)        1.727    11.886    u_soc/Core_cpu/u_ifu_subsys/u_ibuf/clk_buf
    SLICE_X2Y14          FDRE                                         r  u_soc/Core_cpu/u_ifu_subsys/u_ibuf/ent_q_reg[2][57]/C
                         clock pessimism              0.312    12.197    
                         clock uncertainty           -0.035    12.162    
    SLICE_X2Y14          FDRE (Setup_fdre_C_D)        0.066    12.228    u_soc/Core_cpu/u_ifu_subsys/u_ibuf/ent_q_reg[2][57]
  -------------------------------------------------------------------
                         required time                         12.228    
                         arrival time                         -12.039    
  -------------------------------------------------------------------
                         slack                                  0.189    

Slack (MET) :             0.190ns  (required time - arrival time)
  Source:                 u_soc/Core_cpu/u_ifu_subsys/g_tage.u_tage/q_row_idx_reg[1][1]/C
                            (rising edge-triggered cell FDRE clocked by clk  {rise@0.000ns fall@3.450ns period=6.900ns})
  Destination:            u_soc/Core_cpu/u_ifu_subsys/u_icache/u_dat_way0/u_prim/mem_q_reg_1/ADDRARDADDR[9]
                            (rising edge-triggered cell RAMB36E1 clocked by clk  {rise@0.000ns fall@3.450ns period=6.900ns})
  Path Group:             clk
  Path Type:              Setup (Max at Slow Process Corner)
  Requirement:            6.900ns  (clk rise@6.900ns - clk rise@0.000ns)
  Data Path Delay:        6.188ns  (logic 0.739ns (11.943%)  route 5.449ns (88.057%))
  Logic Levels:           12  (LUT3=1 LUT4=1 LUT5=2 LUT6=7 RAMD64E=1)
  Clock Path Skew:        -0.071ns (DCD - SCD + CPR)
    Destination Clock Delay (DCD):    4.875ns = ( 11.775 - 6.900 ) 
    Source Clock Delay      (SCD):    5.258ns
    Clock Pessimism Removal (CPR):    0.312ns
  Clock Uncertainty:      0.035ns  ((TSJ^2 + TIJ^2)^1/2 + DJ) / 2 + PE
    Total System Jitter     (TSJ):    0.071ns
    Total Input Jitter      (TIJ):    0.000ns
    Discrete Jitter          (DJ):    0.000ns
    Phase Error              (PE):    0.000ns

    Location             Delay type                Incr(ns)  Path(ns)    Netlist Resource(s)
  -------------------------------------------------------------------    -------------------
                         (clock clk rise edge)        0.000     0.000 r  
    AE23                                              0.000     0.000 r  clk (IN)
                         net (fo=0)                   0.000     0.000    clk
    AE23                 IBUF (Prop_ibuf_I_O)         0.734     0.734 r  clk_IBUF_inst/O
                         net (fo=1, routed)           2.651     3.385    clk_IBUF
    BUFGCTRL_X0Y0        BUFG (Prop_bufg_I_O)         0.093     3.478 r  u_bufg/O
                         net (fo=5754, routed)        1.780     5.258    u_soc/Core_cpu/u_ifu_subsys/g_tage.u_tage/clk_buf
    SLICE_X48Y24         FDRE                                         r  u_soc/Core_cpu/u_ifu_subsys/g_tage.u_tage/q_row_idx_reg[1][1]/C
  -------------------------------------------------------------------    -------------------
    SLICE_X48Y24         FDRE (Prop_fdre_C_Q)         0.223     5.481 r  u_soc/Core_cpu/u_ifu_subsys/g_tage.u_tage/q_row_idx_reg[1][1]/Q
                         net (fo=62, routed)          0.752     6.233    u_soc/Core_cpu/u_ifu_subsys/g_tage.u_tage/g_tab[1].tg_p_reg_r1_0_63_0_2/ADDRA1
    SLICE_X46Y20         RAMD64E (Prop_ramd64e_RADR1_O)
                                                      0.043     6.276 r  u_soc/Core_cpu/u_ifu_subsys/g_tage.u_tage/g_tab[1].tg_p_reg_r1_0_63_0_2/RAMA/O
                         net (fo=1, routed)           0.457     6.733    u_soc/Core_cpu/u_ifu_subsys/g_tage.u_tage/g_tab[1].tg_p_reg_r1_0_63_0_2_n_0
    SLICE_X44Y21         LUT6 (Prop_lut6_I0_O)        0.043     6.776 f  u_soc/Core_cpu/u_ifu_subsys/g_tage.u_tage/ent_q[6][150]_i_61/O
                         net (fo=9, routed)           0.285     7.061    u_soc/Core_cpu/u_ifu_subsys/g_tage.u_tage/ent_q[6][150]_i_61_n_0
    SLICE_X45Y21         LUT3 (Prop_lut3_I2_O)        0.043     7.104 f  u_soc/Core_cpu/u_ifu_subsys/g_tage.u_tage/id_bht_chk[22]_i_33/O
                         net (fo=13, routed)          0.412     7.516    u_soc/Core_cpu/u_ifu_subsys/g_tage.u_tage/id_bht_chk[22]_i_33_n_0
    SLICE_X40Y23         LUT6 (Prop_lut6_I3_O)        0.043     7.559 r  u_soc/Core_cpu/u_ifu_subsys/g_tage.u_tage/id_bht_chk[22]_i_27/O
                         net (fo=2, routed)           0.334     7.893    u_soc/Core_cpu/u_ifu_subsys/g_tage.u_tage/id_bht_chk[22]_i_27_n_0
    SLICE_X40Y21         LUT6 (Prop_lut6_I2_O)        0.043     7.936 f  u_soc/Core_cpu/u_ifu_subsys/g_tage.u_tage/id_bht_chk[22]_i_13/O
                         net (fo=1, routed)           0.347     8.283    u_soc/Core_cpu/u_ifu_subsys/g_tage.u_tage/id_bht_chk[22]_i_13_n_0
    SLICE_X40Y20         LUT6 (Prop_lut6_I1_O)        0.043     8.326 r  u_soc/Core_cpu/u_ifu_subsys/g_tage.u_tage/id_bht_chk[22]_i_5/O
                         net (fo=3, routed)           0.115     8.441    u_soc/Core_cpu/u_ifu_subsys/u_btb/dir_pred[0]
    SLICE_X40Y20         LUT6 (Prop_lut6_I3_O)        0.043     8.484 r  u_soc/Core_cpu/u_ifu_subsys/u_btb/q_t0_idx[1]_i_11/O
                         net (fo=22, routed)          0.482     8.966    u_soc/Core_cpu/u_ifu_subsys/u_btb/btb_t0
    SLICE_X37Y20         LUT5 (Prop_lut5_I2_O)        0.043     9.009 r  u_soc/Core_cpu/u_ifu_subsys/u_btb/cnt_q[0]_i_8/O
                         net (fo=2, routed)           0.324     9.333    u_soc/Core_cpu/u_ifu_subsys/u_btb/want_cnt_raw[1]
    SLICE_X36Y19         LUT6 (Prop_lut6_I2_O)        0.043     9.376 r  u_soc/Core_cpu/u_ifu_subsys/u_btb/cnt_q[0]_i_5/O
                         net (fo=3, routed)           0.434     9.810    u_soc/Core_cpu/u_ifu_subsys/u_ibuf/cnt_q_reg[0]_14
    SLICE_X35Y21         LUT4 (Prop_lut4_I3_O)        0.043     9.853 r  u_soc/Core_cpu/u_ifu_subsys/u_ibuf/cnt_q[0]_i_2/O
                         net (fo=9, routed)           0.445    10.299    u_soc/Core_cpu/u_ifu_subsys/u_btb/ib_push_acc[0]
    SLICE_X36Y21         LUT5 (Prop_lut5_I4_O)        0.043    10.342 r  u_soc/Core_cpu/u_ifu_subsys/u_btb/q_t0_idx[1]_i_3/O
                         net (fo=40, routed)          0.369    10.711    u_soc/Core_cpu/u_ifu_subsys/u_btb/reached_taken
    SLICE_X37Y23         LUT6 (Prop_lut6_I1_O)        0.043    10.754 r  u_soc/Core_cpu/u_ifu_subsys/u_btb/q_row_idx[0][3]_i_1/O
                         net (fo=57, routed)          0.692    11.446    u_soc/Core_cpu/u_ifu_subsys/u_icache/u_dat_way0/u_prim/next_pc[3]
    RAMB36_X2Y4          RAMB36E1                                     r  u_soc/Core_cpu/u_ifu_subsys/u_icache/u_dat_way0/u_prim/mem_q_reg_1/ADDRARDADDR[9]
  -------------------------------------------------------------------    -------------------

                         (clock clk rise edge)        6.900     6.900 r  
    AE23                                              0.000     6.900 r  clk (IN)
                         net (fo=0)                   0.000     6.900    clk
    AE23                 IBUF (Prop_ibuf_I_O)         0.660     7.560 r  clk_IBUF_inst/O
                         net (fo=1, routed)           2.516    10.076    clk_IBUF
    BUFGCTRL_X0Y0        BUFG (Prop_bufg_I_O)         0.083    10.159 r  u_bufg/O
                         net (fo=5754, routed)        1.617    11.775    u_soc/Core_cpu/u_ifu_subsys/u_icache/u_dat_way0/u_prim/clk_buf
    RAMB36_X2Y4          RAMB36E1                                     r  u_soc/Core_cpu/u_ifu_subsys/u_icache/u_dat_way0/u_prim/mem_q_reg_1/CLKARDCLK
                         clock pessimism              0.312    12.087    
                         clock uncertainty           -0.035    12.052    
    RAMB36_X2Y4          RAMB36E1 (Setup_ramb36e1_CLKARDCLK_ADDRARDADDR[9])
                                                     -0.416    11.636    u_soc/Core_cpu/u_ifu_subsys/u_icache/u_dat_way0/u_prim/mem_q_reg_1
  -------------------------------------------------------------------
                         required time                         11.636    
                         arrival time                         -11.446    
  -------------------------------------------------------------------
                         slack                                  0.190    

Slack (MET) :             0.190ns  (required time - arrival time)
  Source:                 u_soc/Core_cpu/u_ifu_subsys/g_tage.u_tage/q_row_idx_reg[1][0]/C
                            (rising edge-triggered cell FDRE clocked by clk  {rise@0.000ns fall@3.450ns period=6.900ns})
  Destination:            u_soc/Core_cpu/u_ifu_subsys/u_ibuf/ent_q_reg[0][47]/D
                            (rising edge-triggered cell FDRE clocked by clk  {rise@0.000ns fall@3.450ns period=6.900ns})
  Path Group:             clk
  Path Type:              Setup (Max at Slow Process Corner)
  Requirement:            6.900ns  (clk rise@6.900ns - clk rise@0.000ns)
  Data Path Delay:        6.748ns  (logic 0.868ns (12.862%)  route 5.880ns (87.138%))
  Logic Levels:           15  (LUT3=3 LUT4=1 LUT5=2 LUT6=8 RAMD64E=1)
  Clock Path Skew:        0.040ns (DCD - SCD + CPR)
    Destination Clock Delay (DCD):    4.987ns = ( 11.887 - 6.900 ) 
    Source Clock Delay      (SCD):    5.258ns
    Clock Pessimism Removal (CPR):    0.312ns
  Clock Uncertainty:      0.035ns  ((TSJ^2 + TIJ^2)^1/2 + DJ) / 2 + PE
    Total System Jitter     (TSJ):    0.071ns
    Total Input Jitter      (TIJ):    0.000ns
    Discrete Jitter          (DJ):    0.000ns
    Phase Error              (PE):    0.000ns

    Location             Delay type                Incr(ns)  Path(ns)    Netlist Resource(s)
  -------------------------------------------------------------------    -------------------
                         (clock clk rise edge)        0.000     0.000 r  
    AE23                                              0.000     0.000 r  clk (IN)
                         net (fo=0)                   0.000     0.000    clk
    AE23                 IBUF (Prop_ibuf_I_O)         0.734     0.734 r  clk_IBUF_inst/O
                         net (fo=1, routed)           2.651     3.385    clk_IBUF
    BUFGCTRL_X0Y0        BUFG (Prop_bufg_I_O)         0.093     3.478 r  u_bufg/O
                         net (fo=5754, routed)        1.780     5.258    u_soc/Core_cpu/u_ifu_subsys/g_tage.u_tage/clk_buf
    SLICE_X48Y24         FDRE                                         r  u_soc/Core_cpu/u_ifu_subsys/g_tage.u_tage/q_row_idx_reg[1][0]/C
  -------------------------------------------------------------------    -------------------
    SLICE_X48Y24         FDRE (Prop_fdre_C_Q)         0.223     5.481 r  u_soc/Core_cpu/u_ifu_subsys/g_tage.u_tage/q_row_idx_reg[1][0]/Q
                         net (fo=62, routed)          0.598     6.080    u_soc/Core_cpu/u_ifu_subsys/g_tage.u_tage/g_tab[0].tg_p_reg_r1_0_63_3_5/ADDRA0
    SLICE_X50Y24         RAMD64E (Prop_ramd64e_RADR0_O)
                                                      0.043     6.123 r  u_soc/Core_cpu/u_ifu_subsys/g_tage.u_tage/g_tab[0].tg_p_reg_r1_0_63_3_5/RAMA/O
                         net (fo=1, routed)           0.576     6.699    u_soc/Core_cpu/u_ifu_subsys/u_btb/p_1_in4_in[0]
    SLICE_X47Y24         LUT6 (Prop_lut6_I1_O)        0.043     6.742 f  u_soc/Core_cpu/u_ifu_subsys/u_btb/ent_q[6][150]_i_42/O
                         net (fo=7, routed)           0.263     7.005    u_soc/Core_cpu/u_ifu_subsys/g_tage.u_tage/id_bht_chk[22]_i_4_0
    SLICE_X43Y24         LUT3 (Prop_lut3_I1_O)        0.043     7.048 f  u_soc/Core_cpu/u_ifu_subsys/g_tage.u_tage/id_bht_chk[22]_i_35/O
                         net (fo=8, routed)           0.447     7.496    u_soc/Core_cpu/u_ifu_subsys/g_tage.u_tage/id_bht_chk[22]_i_35_n_0
    SLICE_X43Y22         LUT6 (Prop_lut6_I5_O)        0.043     7.539 r  u_soc/Core_cpu/u_ifu_subsys/g_tage.u_tage/ent_q[6][150]_i_49/O
                         net (fo=2, routed)           0.341     7.879    u_soc/Core_cpu/u_ifu_subsys/g_tage.u_tage/ent_q[6][150]_i_49_n_0
    SLICE_X43Y20         LUT6 (Prop_lut6_I4_O)        0.043     7.922 f  u_soc/Core_cpu/u_ifu_subsys/g_tage.u_tage/ent_q[6][150]_i_27/O
                         net (fo=1, routed)           0.350     8.273    u_soc/Core_cpu/u_ifu_subsys/g_tage.u_tage/ent_q[6][150]_i_27_n_0
    SLICE_X43Y21         LUT6 (Prop_lut6_I2_O)        0.043     8.316 f  u_soc/Core_cpu/u_ifu_subsys/g_tage.u_tage/ent_q[6][150]_i_12/O
                         net (fo=5, routed)           0.196     8.512    u_soc/Core_cpu/u_ifu_subsys/u_btb/q_t0_idx[1]_i_10_3
    SLICE_X41Y21         LUT6 (Prop_lut6_I3_O)        0.043     8.555 f  u_soc/Core_cpu/u_ifu_subsys/u_btb/q_t0_idx[1]_i_17/O
                         net (fo=21, routed)          0.352     8.907    u_soc/Core_cpu/u_ifu_subsys/u_btb/btb_t2
    SLICE_X39Y20         LUT3 (Prop_lut3_I0_O)        0.043     8.950 r  u_soc/Core_cpu/u_ifu_subsys/u_btb/id_pred_npc[31]_i_5/O
                         net (fo=5, routed)           0.443     9.393    u_soc/Core_cpu/u_ifu_subsys/u_icache/u_tag_way1/u_prim/taken_slot[0]
    SLICE_X34Y19         LUT6 (Prop_lut6_I1_O)        0.043     9.436 r  u_soc/Core_cpu/u_ifu_subsys/u_icache/u_tag_way1/u_prim/cnt_q[4]_i_6/O
                         net (fo=8, routed)           0.204     9.640    u_soc/Core_cpu/u_ifu_subsys/u_ibuf/push_num[2]
    SLICE_X32Y19         LUT3 (Prop_lut3_I1_O)        0.043     9.683 r  u_soc/Core_cpu/u_ifu_subsys/u_ibuf/ent_q[6][95]_i_4/O
                         net (fo=108, routed)         0.238     9.921    u_soc/Core_cpu/u_ifu_subsys/u_ibuf/ent_q[6][95]_i_4_n_0
    SLICE_X31Y19         LUT6 (Prop_lut6_I5_O)        0.043     9.964 r  u_soc/Core_cpu/u_ifu_subsys/u_ibuf/id_have_inst_i_2/O
                         net (fo=114, routed)         0.527    10.490    u_soc/Core_cpu/u_ifu_subsys/u_ibuf/cnt_q_reg[4]_2
    SLICE_X26Y14         LUT5 (Prop_lut5_I4_O)        0.043    10.533 r  u_soc/Core_cpu/u_ifu_subsys/u_ibuf/ent_q[6][47]_i_5/O
                         net (fo=9, routed)           0.810    11.344    u_soc/Core_cpu/u_ifu_subsys/u_ibuf/p_0_in__0[47]
    SLICE_X5Y11          LUT5 (Prop_lut5_I2_O)        0.043    11.387 r  u_soc/Core_cpu/u_ifu_subsys/u_ibuf/ent_q[6][47]_i_3/O
                         net (fo=8, routed)           0.384    11.771    u_soc/Core_cpu/u_ifu_subsys/u_ibuf/ent_q[6][47]_i_3_n_0
    SLICE_X3Y11          LUT6 (Prop_lut6_I0_O)        0.043    11.814 r  u_soc/Core_cpu/u_ifu_subsys/u_ibuf/ent_q[0][47]_i_2/O
                         net (fo=1, routed)           0.150    11.964    u_soc/Core_cpu/u_ifu_subsys/u_ibuf/ent_q[0][47]_i_2_n_0
    SLICE_X3Y11          LUT4 (Prop_lut4_I3_O)        0.043    12.007 r  u_soc/Core_cpu/u_ifu_subsys/u_ibuf/ent_q[0][47]_i_1/O
                         net (fo=1, routed)           0.000    12.007    u_soc/Core_cpu/u_ifu_subsys/u_ibuf/ent_q[0][47]_i_1_n_0
    SLICE_X3Y11          FDRE                                         r  u_soc/Core_cpu/u_ifu_subsys/u_ibuf/ent_q_reg[0][47]/D
  -------------------------------------------------------------------    -------------------

                         (clock clk rise edge)        6.900     6.900 r  
    AE23                                              0.000     6.900 r  clk (IN)
                         net (fo=0)                   0.000     6.900    clk
    AE23                 IBUF (Prop_ibuf_I_O)         0.660     7.560 r  clk_IBUF_inst/O
                         net (fo=1, routed)           2.516    10.076    clk_IBUF
    BUFGCTRL_X0Y0        BUFG (Prop_bufg_I_O)         0.083    10.159 r  u_bufg/O
                         net (fo=5754, routed)        1.728    11.887    u_soc/Core_cpu/u_ifu_subsys/u_ibuf/clk_buf
    SLICE_X3Y11          FDRE                                         r  u_soc/Core_cpu/u_ifu_subsys/u_ibuf/ent_q_reg[0][47]/C
                         clock pessimism              0.312    12.198    
                         clock uncertainty           -0.035    12.163    
    SLICE_X3Y11          FDRE (Setup_fdre_C_D)        0.034    12.197    u_soc/Core_cpu/u_ifu_subsys/u_ibuf/ent_q_reg[0][47]
  -------------------------------------------------------------------
                         required time                         12.197    
                         arrival time                         -12.007    
  -------------------------------------------------------------------
                         slack                                  0.190    

Slack (MET) :             0.195ns  (required time - arrival time)
  Source:                 u_soc/Core_cpu/u_ifu_subsys/g_tage.u_tage/q_row_idx_reg[1][1]/C
                            (rising edge-triggered cell FDRE clocked by clk  {rise@0.000ns fall@3.450ns period=6.900ns})
  Destination:            u_soc/Core_cpu/u_ifu_subsys/u_ibuf/ent_q_reg[4][56]/D
                            (rising edge-triggered cell FDRE clocked by clk  {rise@0.000ns fall@3.450ns period=6.900ns})
  Path Group:             clk
  Path Type:              Setup (Max at Slow Process Corner)
  Requirement:            6.900ns  (clk rise@6.900ns - clk rise@0.000ns)
  Data Path Delay:        6.686ns  (logic 0.825ns (12.339%)  route 5.861ns (87.661%))
  Logic Levels:           14  (LUT3=2 LUT4=2 LUT5=2 LUT6=7 RAMD64E=1)
  Clock Path Skew:        -0.017ns (DCD - SCD + CPR)
    Destination Clock Delay (DCD):    4.930ns = ( 11.830 - 6.900 ) 
    Source Clock Delay      (SCD):    5.258ns
    Clock Pessimism Removal (CPR):    0.312ns
  Clock Uncertainty:      0.035ns  ((TSJ^2 + TIJ^2)^1/2 + DJ) / 2 + PE
    Total System Jitter     (TSJ):    0.071ns
    Total Input Jitter      (TIJ):    0.000ns
    Discrete Jitter          (DJ):    0.000ns
    Phase Error              (PE):    0.000ns

    Location             Delay type                Incr(ns)  Path(ns)    Netlist Resource(s)
  -------------------------------------------------------------------    -------------------
                         (clock clk rise edge)        0.000     0.000 r  
    AE23                                              0.000     0.000 r  clk (IN)
                         net (fo=0)                   0.000     0.000    clk
    AE23                 IBUF (Prop_ibuf_I_O)         0.734     0.734 r  clk_IBUF_inst/O
                         net (fo=1, routed)           2.651     3.385    clk_IBUF
    BUFGCTRL_X0Y0        BUFG (Prop_bufg_I_O)         0.093     3.478 r  u_bufg/O
                         net (fo=5754, routed)        1.780     5.258    u_soc/Core_cpu/u_ifu_subsys/g_tage.u_tage/clk_buf
    SLICE_X48Y24         FDRE                                         r  u_soc/Core_cpu/u_ifu_subsys/g_tage.u_tage/q_row_idx_reg[1][1]/C
  -------------------------------------------------------------------    -------------------
    SLICE_X48Y24         FDRE (Prop_fdre_C_Q)         0.223     5.481 r  u_soc/Core_cpu/u_ifu_subsys/g_tage.u_tage/q_row_idx_reg[1][1]/Q
                         net (fo=62, routed)          0.752     6.233    u_soc/Core_cpu/u_ifu_subsys/g_tage.u_tage/g_tab[1].tg_p_reg_r1_0_63_0_2/ADDRA1
    SLICE_X46Y20         RAMD64E (Prop_ramd64e_RADR1_O)
                                                      0.043     6.276 r  u_soc/Core_cpu/u_ifu_subsys/g_tage.u_tage/g_tab[1].tg_p_reg_r1_0_63_0_2/RAMA/O
                         net (fo=1, routed)           0.457     6.733    u_soc/Core_cpu/u_ifu_subsys/g_tage.u_tage/g_tab[1].tg_p_reg_r1_0_63_0_2_n_0
    SLICE_X44Y21         LUT6 (Prop_lut6_I0_O)        0.043     6.776 f  u_soc/Core_cpu/u_ifu_subsys/g_tage.u_tage/ent_q[6][150]_i_61/O
                         net (fo=9, routed)           0.285     7.061    u_soc/Core_cpu/u_ifu_subsys/g_tage.u_tage/ent_q[6][150]_i_61_n_0
    SLICE_X45Y21         LUT3 (Prop_lut3_I2_O)        0.043     7.104 f  u_soc/Core_cpu/u_ifu_subsys/g_tage.u_tage/id_bht_chk[22]_i_33/O
                         net (fo=13, routed)          0.412     7.516    u_soc/Core_cpu/u_ifu_subsys/g_tage.u_tage/id_bht_chk[22]_i_33_n_0
    SLICE_X40Y23         LUT6 (Prop_lut6_I3_O)        0.043     7.559 r  u_soc/Core_cpu/u_ifu_subsys/g_tage.u_tage/id_bht_chk[22]_i_27/O
                         net (fo=2, routed)           0.334     7.893    u_soc/Core_cpu/u_ifu_subsys/g_tage.u_tage/id_bht_chk[22]_i_27_n_0
    SLICE_X40Y21         LUT6 (Prop_lut6_I2_O)        0.043     7.936 f  u_soc/Core_cpu/u_ifu_subsys/g_tage.u_tage/id_bht_chk[22]_i_13/O
                         net (fo=1, routed)           0.347     8.283    u_soc/Core_cpu/u_ifu_subsys/g_tage.u_tage/id_bht_chk[22]_i_13_n_0
    SLICE_X40Y20         LUT6 (Prop_lut6_I1_O)        0.043     8.326 r  u_soc/Core_cpu/u_ifu_subsys/g_tage.u_tage/id_bht_chk[22]_i_5/O
                         net (fo=3, routed)           0.115     8.441    u_soc/Core_cpu/u_ifu_subsys/u_btb/dir_pred[0]
    SLICE_X40Y20         LUT6 (Prop_lut6_I3_O)        0.043     8.484 r  u_soc/Core_cpu/u_ifu_subsys/u_btb/q_t0_idx[1]_i_11/O
                         net (fo=22, routed)          0.482     8.966    u_soc/Core_cpu/u_ifu_subsys/u_btb/btb_t0
    SLICE_X37Y20         LUT5 (Prop_lut5_I2_O)        0.043     9.009 r  u_soc/Core_cpu/u_ifu_subsys/u_btb/cnt_q[0]_i_8/O
                         net (fo=2, routed)           0.324     9.333    u_soc/Core_cpu/u_ifu_subsys/u_btb/want_cnt_raw[1]
    SLICE_X36Y19         LUT6 (Prop_lut6_I2_O)        0.043     9.376 r  u_soc/Core_cpu/u_ifu_subsys/u_btb/cnt_q[0]_i_5/O
                         net (fo=3, routed)           0.434     9.810    u_soc/Core_cpu/u_ifu_subsys/u_ibuf/cnt_q_reg[0]_14
    SLICE_X35Y21         LUT4 (Prop_lut4_I3_O)        0.043     9.853 r  u_soc/Core_cpu/u_ifu_subsys/u_ibuf/cnt_q[0]_i_2/O
                         net (fo=9, routed)           0.356    10.209    u_soc/Core_cpu/u_ifu_subsys/u_ibuf/cnt_q_reg[4]_1[0]
    SLICE_X33Y18         LUT3 (Prop_lut3_I1_O)        0.043    10.252 r  u_soc/Core_cpu/u_ifu_subsys/u_ibuf/ent_q[6][150]_i_13/O
                         net (fo=111, routed)         0.917    11.169    u_soc/Core_cpu/u_ifu_subsys/u_ibuf/cnt_q_reg[4]_3
    SLICE_X5Y15          LUT5 (Prop_lut5_I1_O)        0.043    11.212 r  u_soc/Core_cpu/u_ifu_subsys/u_ibuf/ent_q[6][56]_i_4/O
                         net (fo=8, routed)           0.415    11.627    u_soc/Core_cpu/u_ifu_subsys/u_ibuf/ent_q[6][56]_i_4_n_0
    SLICE_X8Y16          LUT6 (Prop_lut6_I0_O)        0.043    11.670 r  u_soc/Core_cpu/u_ifu_subsys/u_ibuf/ent_q[4][56]_i_2/O
                         net (fo=1, routed)           0.232    11.902    u_soc/Core_cpu/u_ifu_subsys/u_ibuf/ent_q[4][56]_i_2_n_0
    SLICE_X9Y15          LUT4 (Prop_lut4_I3_O)        0.043    11.945 r  u_soc/Core_cpu/u_ifu_subsys/u_ibuf/ent_q[4][56]_i_1/O
                         net (fo=1, routed)           0.000    11.945    u_soc/Core_cpu/u_ifu_subsys/u_ibuf/ent_q[4][56]_i_1_n_0
    SLICE_X9Y15          FDRE                                         r  u_soc/Core_cpu/u_ifu_subsys/u_ibuf/ent_q_reg[4][56]/D
  -------------------------------------------------------------------    -------------------

                         (clock clk rise edge)        6.900     6.900 r  
    AE23                                              0.000     6.900 r  clk (IN)
                         net (fo=0)                   0.000     6.900    clk
    AE23                 IBUF (Prop_ibuf_I_O)         0.660     7.560 r  clk_IBUF_inst/O
                         net (fo=1, routed)           2.516    10.076    clk_IBUF
    BUFGCTRL_X0Y0        BUFG (Prop_bufg_I_O)         0.083    10.159 r  u_bufg/O
                         net (fo=5754, routed)        1.671    11.830    u_soc/Core_cpu/u_ifu_subsys/u_ibuf/clk_buf
    SLICE_X9Y15          FDRE                                         r  u_soc/Core_cpu/u_ifu_subsys/u_ibuf/ent_q_reg[4][56]/C
                         clock pessimism              0.312    12.141    
                         clock uncertainty           -0.035    12.106    
    SLICE_X9Y15          FDRE (Setup_fdre_C_D)        0.034    12.140    u_soc/Core_cpu/u_ifu_subsys/u_ibuf/ent_q_reg[4][56]
  -------------------------------------------------------------------
                         required time                         12.140    
                         arrival time                         -11.945    
  -------------------------------------------------------------------
                         slack                                  0.195    

Slack (MET) :             0.197ns  (required time - arrival time)
  Source:                 u_soc/Core_cpu/u_ifu_subsys/g_tage.u_tage/q_row_idx_reg[1][0]/C
                            (rising edge-triggered cell FDRE clocked by clk  {rise@0.000ns fall@3.450ns period=6.900ns})
  Destination:            u_soc/Core_cpu/u_ifu_subsys/g_tage.u_tage/q_row_tag_reg[1][1]/D
                            (rising edge-triggered cell FDRE clocked by clk  {rise@0.000ns fall@3.450ns period=6.900ns})
  Path Group:             clk
  Path Type:              Setup (Max at Slow Process Corner)
  Requirement:            6.900ns  (clk rise@6.900ns - clk rise@0.000ns)
  Data Path Delay:        6.668ns  (logic 0.868ns (13.018%)  route 5.800ns (86.982%))
  Logic Levels:           15  (LUT3=4 LUT4=2 LUT5=2 LUT6=6 RAMD64E=1)
  Clock Path Skew:        -0.034ns (DCD - SCD + CPR)
    Destination Clock Delay (DCD):    4.913ns = ( 11.813 - 6.900 ) 
    Source Clock Delay      (SCD):    5.258ns
    Clock Pessimism Removal (CPR):    0.312ns
  Clock Uncertainty:      0.035ns  ((TSJ^2 + TIJ^2)^1/2 + DJ) / 2 + PE
    Total System Jitter     (TSJ):    0.071ns
    Total Input Jitter      (TIJ):    0.000ns
    Discrete Jitter          (DJ):    0.000ns
    Phase Error              (PE):    0.000ns

    Location             Delay type                Incr(ns)  Path(ns)    Netlist Resource(s)
  -------------------------------------------------------------------    -------------------
                         (clock clk rise edge)        0.000     0.000 r  
    AE23                                              0.000     0.000 r  clk (IN)
                         net (fo=0)                   0.000     0.000    clk
    AE23                 IBUF (Prop_ibuf_I_O)         0.734     0.734 r  clk_IBUF_inst/O
                         net (fo=1, routed)           2.651     3.385    clk_IBUF
    BUFGCTRL_X0Y0        BUFG (Prop_bufg_I_O)         0.093     3.478 r  u_bufg/O
                         net (fo=5754, routed)        1.780     5.258    u_soc/Core_cpu/u_ifu_subsys/g_tage.u_tage/clk_buf
    SLICE_X48Y24         FDRE                                         r  u_soc/Core_cpu/u_ifu_subsys/g_tage.u_tage/q_row_idx_reg[1][0]/C
  -------------------------------------------------------------------    -------------------
    SLICE_X48Y24         FDRE (Prop_fdre_C_Q)         0.223     5.481 r  u_soc/Core_cpu/u_ifu_subsys/g_tage.u_tage/q_row_idx_reg[1][0]/Q
                         net (fo=62, routed)          0.598     6.080    u_soc/Core_cpu/u_ifu_subsys/g_tage.u_tage/g_tab[0].tg_p_reg_r1_0_63_3_5/ADDRA0
    SLICE_X50Y24         RAMD64E (Prop_ramd64e_RADR0_O)
                                                      0.043     6.123 r  u_soc/Core_cpu/u_ifu_subsys/g_tage.u_tage/g_tab[0].tg_p_reg_r1_0_63_3_5/RAMA/O
                         net (fo=1, routed)           0.576     6.699    u_soc/Core_cpu/u_ifu_subsys/u_btb/p_1_in4_in[0]
    SLICE_X47Y24         LUT6 (Prop_lut6_I1_O)        0.043     6.742 f  u_soc/Core_cpu/u_ifu_subsys/u_btb/ent_q[6][150]_i_42/O
                         net (fo=7, routed)           0.263     7.005    u_soc/Core_cpu/u_ifu_subsys/g_tage.u_tage/id_bht_chk[22]_i_4_0
    SLICE_X43Y24         LUT3 (Prop_lut3_I1_O)        0.043     7.048 f  u_soc/Core_cpu/u_ifu_subsys/g_tage.u_tage/id_bht_chk[22]_i_35/O
                         net (fo=8, routed)           0.447     7.496    u_soc/Core_cpu/u_ifu_subsys/g_tage.u_tage/id_bht_chk[22]_i_35_n_0
    SLICE_X43Y22         LUT6 (Prop_lut6_I5_O)        0.043     7.539 r  u_soc/Core_cpu/u_ifu_subsys/g_tage.u_tage/ent_q[6][150]_i_49/O
                         net (fo=2, routed)           0.341     7.879    u_soc/Core_cpu/u_ifu_subsys/g_tage.u_tage/ent_q[6][150]_i_49_n_0
    SLICE_X43Y20         LUT6 (Prop_lut6_I4_O)        0.043     7.922 f  u_soc/Core_cpu/u_ifu_subsys/g_tage.u_tage/ent_q[6][150]_i_27/O
                         net (fo=1, routed)           0.350     8.273    u_soc/Core_cpu/u_ifu_subsys/g_tage.u_tage/ent_q[6][150]_i_27_n_0
    SLICE_X43Y21         LUT6 (Prop_lut6_I2_O)        0.043     8.316 f  u_soc/Core_cpu/u_ifu_subsys/g_tage.u_tage/ent_q[6][150]_i_12/O
                         net (fo=5, routed)           0.196     8.512    u_soc/Core_cpu/u_ifu_subsys/u_btb/q_t0_idx[1]_i_10_3
    SLICE_X41Y21         LUT6 (Prop_lut6_I3_O)        0.043     8.555 f  u_soc/Core_cpu/u_ifu_subsys/u_btb/q_t0_idx[1]_i_17/O
                         net (fo=21, routed)          0.352     8.907    u_soc/Core_cpu/u_ifu_subsys/u_btb/btb_t2
    SLICE_X39Y20         LUT3 (Prop_lut3_I0_O)        0.043     8.950 r  u_soc/Core_cpu/u_ifu_subsys/u_btb/id_pred_npc[31]_i_5/O
                         net (fo=5, routed)           0.443     9.393    u_soc/Core_cpu/u_ifu_subsys/u_icache/u_tag_way1/u_prim/taken_slot[0]
    SLICE_X34Y19         LUT6 (Prop_lut6_I1_O)        0.043     9.436 r  u_soc/Core_cpu/u_ifu_subsys/u_icache/u_tag_way1/u_prim/cnt_q[4]_i_6/O
                         net (fo=8, routed)           0.202     9.638    u_soc/Core_cpu/u_ifu_subsys/u_ibuf/push_num[2]
    SLICE_X35Y20         LUT3 (Prop_lut3_I1_O)        0.043     9.681 r  u_soc/Core_cpu/u_ifu_subsys/u_ibuf/cnt_q[4]_i_4/O
                         net (fo=110, routed)         0.397    10.079    u_soc/Core_cpu/u_ifu_subsys/u_btb/q_row_tag[0][0]_i_8
    SLICE_X36Y20         LUT5 (Prop_lut5_I4_O)        0.043    10.122 r  u_soc/Core_cpu/u_ifu_subsys/u_btb/ghr_q[13]_i_5/O
                         net (fo=12, routed)          0.515    10.637    u_soc/Core_cpu/u_ifu_subsys/u_ibuf/ghr_q_reg[1]
    SLICE_X35Y20         LUT4 (Prop_lut4_I1_O)        0.043    10.680 f  u_soc/Core_cpu/u_ifu_subsys/u_ibuf/ghr_q[13]_i_3/O
                         net (fo=15, routed)          0.489    11.169    u_soc/Core_cpu/u_ifu_subsys/u_ibuf/ghr_cnt_return[0]
    SLICE_X37Y21         LUT4 (Prop_lut4_I3_O)        0.043    11.212 r  u_soc/Core_cpu/u_ifu_subsys/u_ibuf/q_row_tag[0][0]_i_3/O
                         net (fo=3, routed)           0.243    11.454    u_soc/Core_cpu/u_ifu_subsys/g_tage.u_tage/ghr_q_reg[0]
    SLICE_X37Y22         LUT5 (Prop_lut5_I3_O)        0.043    11.497 r  u_soc/Core_cpu/u_ifu_subsys/g_tage.u_tage/ghr_q[0]_i_1/O
                         net (fo=6, routed)           0.386    11.883    u_soc/Core_cpu/u_ifu_subsys/u_btb/q_row_tag_reg[1][1]
    SLICE_X40Y20         LUT3 (Prop_lut3_I2_O)        0.043    11.926 r  u_soc/Core_cpu/u_ifu_subsys/u_btb/q_row_tag[1][1]_i_1/O
                         net (fo=1, routed)           0.000    11.926    u_soc/Core_cpu/u_ifu_subsys/g_tage.u_tage/q_row_tag_reg[1][5]_0[0]
    SLICE_X40Y20         FDRE                                         r  u_soc/Core_cpu/u_ifu_subsys/g_tage.u_tage/q_row_tag_reg[1][1]/D
  -------------------------------------------------------------------    -------------------

                         (clock clk rise edge)        6.900     6.900 r  
    AE23                                              0.000     6.900 r  clk (IN)
                         net (fo=0)                   0.000     6.900    clk
    AE23                 IBUF (Prop_ibuf_I_O)         0.660     7.560 r  clk_IBUF_inst/O
                         net (fo=1, routed)           2.516    10.076    clk_IBUF
    BUFGCTRL_X0Y0        BUFG (Prop_bufg_I_O)         0.083    10.159 r  u_bufg/O
                         net (fo=5754, routed)        1.654    11.813    u_soc/Core_cpu/u_ifu_subsys/g_tage.u_tage/clk_buf
    SLICE_X40Y20         FDRE                                         r  u_soc/Core_cpu/u_ifu_subsys/g_tage.u_tage/q_row_tag_reg[1][1]/C
                         clock pessimism              0.312    12.124    
                         clock uncertainty           -0.035    12.089    
    SLICE_X40Y20         FDRE (Setup_fdre_C_D)        0.034    12.123    u_soc/Core_cpu/u_ifu_subsys/g_tage.u_tage/q_row_tag_reg[1][1]
  -------------------------------------------------------------------
                         required time                         12.123    
                         arrival time                         -11.926    
  -------------------------------------------------------------------
                         slack                                  0.197    





Pulse Width Checks
--------------------------------------------------------------------------------------
Clock Name:         clk
Waveform(ns):       { 0.000 3.450 }
Period(ns):         6.900
Sources:            { clk }

Check Type        Corner  Lib Pin             Reference Pin  Required(ns)  Actual(ns)  Slack(ns)  Location      Pin
Min Period        n/a     RAMB36E1/CLKARDCLK  n/a            2.095         6.900       4.805      RAMB36_X1Y5   u_soc/Core_cpu/u_ifu_subsys/u_icache/u_dat_way0/u_prim/mem_q_reg_0/CLKARDCLK
Min Period        n/a     RAMB36E1/CLKBWRCLK  n/a            2.095         6.900       4.805      RAMB36_X1Y5   u_soc/Core_cpu/u_ifu_subsys/u_icache/u_dat_way0/u_prim/mem_q_reg_0/CLKBWRCLK
Min Period        n/a     RAMB36E1/CLKARDCLK  n/a            2.095         6.900       4.805      RAMB36_X2Y4   u_soc/Core_cpu/u_ifu_subsys/u_icache/u_dat_way0/u_prim/mem_q_reg_1/CLKARDCLK
Min Period        n/a     RAMB36E1/CLKBWRCLK  n/a            2.095         6.900       4.805      RAMB36_X2Y4   u_soc/Core_cpu/u_ifu_subsys/u_icache/u_dat_way0/u_prim/mem_q_reg_1/CLKBWRCLK
Min Period        n/a     RAMB36E1/CLKARDCLK  n/a            2.095         6.900       4.805      RAMB36_X1Y4   u_soc/Core_cpu/u_ifu_subsys/u_icache/u_dat_way1/u_prim/mem_q_reg_0/CLKARDCLK
Min Period        n/a     RAMB36E1/CLKBWRCLK  n/a            2.095         6.900       4.805      RAMB36_X1Y4   u_soc/Core_cpu/u_ifu_subsys/u_icache/u_dat_way1/u_prim/mem_q_reg_0/CLKBWRCLK
Min Period        n/a     RAMB36E1/CLKARDCLK  n/a            2.095         6.900       4.805      RAMB36_X2Y5   u_soc/Core_cpu/u_ifu_subsys/u_icache/u_dat_way1/u_prim/mem_q_reg_1/CLKARDCLK
Min Period        n/a     RAMB36E1/CLKBWRCLK  n/a            2.095         6.900       4.805      RAMB36_X2Y5   u_soc/Core_cpu/u_ifu_subsys/u_icache/u_dat_way1/u_prim/mem_q_reg_1/CLKBWRCLK
Min Period        n/a     RAMB36E1/CLKARDCLK  n/a            2.095         6.900       4.805      RAMB36_X0Y15  u_soc/Mem_DRAM/u_prim/mem_reg_0/CLKARDCLK
Min Period        n/a     RAMB36E1/CLKARDCLK  n/a            2.095         6.900       4.805      RAMB36_X0Y14  u_soc/Mem_DRAM/u_prim/mem_reg_1/CLKARDCLK
Min Period        n/a     RAMB36E1/CLKARDCLK  n/a            2.095         6.900       4.805      RAMB36_X1Y16  u_soc/Mem_DRAM/u_prim/mem_reg_10/CLKARDCLK
Min Period        n/a     RAMB36E1/CLKARDCLK  n/a            2.095         6.900       4.805      RAMB36_X1Y12  u_soc/Mem_DRAM/u_prim/mem_reg_11/CLKARDCLK
Min Period        n/a     RAMB36E1/CLKARDCLK  n/a            2.095         6.900       4.805      RAMB36_X1Y15  u_soc/Mem_DRAM/u_prim/mem_reg_12/CLKARDCLK
Min Period        n/a     RAMB36E1/CLKARDCLK  n/a            2.095         6.900       4.805      RAMB36_X1Y13  u_soc/Mem_DRAM/u_prim/mem_reg_13/CLKARDCLK
Min Period        n/a     RAMB36E1/CLKARDCLK  n/a            2.095         6.900       4.805      RAMB36_X1Y18  u_soc/Mem_DRAM/u_prim/mem_reg_14/CLKARDCLK
Min Period        n/a     RAMB36E1/CLKARDCLK  n/a            2.095         6.900       4.805      RAMB36_X1Y17  u_soc/Mem_DRAM/u_prim/mem_reg_15/CLKARDCLK
Min Period        n/a     RAMB36E1/CLKARDCLK  n/a            2.095         6.900       4.805      RAMB36_X0Y13  u_soc/Mem_DRAM/u_prim/mem_reg_2/CLKARDCLK
Min Period        n/a     RAMB36E1/CLKARDCLK  n/a            2.095         6.900       4.805      RAMB36_X2Y12  u_soc/Mem_DRAM/u_prim/mem_reg_3/CLKARDCLK
Min Period        n/a     RAMB36E1/CLKARDCLK  n/a            2.095         6.900       4.805      RAMB36_X2Y13  u_soc/Mem_DRAM/u_prim/mem_reg_4/CLKARDCLK
Min Period        n/a     RAMB36E1/CLKARDCLK  n/a            2.095         6.900       4.805      RAMB36_X1Y14  u_soc/Mem_DRAM/u_prim/mem_reg_5/CLKARDCLK
Low Pulse Width   Slow    RAMD64E/CLK         n/a            0.768         3.450       2.682      SLICE_X52Y22  u_soc/Core_cpu/u_ifu_subsys/g_tage.u_tage/g_tab[0].pv_p_reg_r1_0_63_0_2/RAMA/CLK
Low Pulse Width   Fast    RAMD64E/CLK         n/a            0.768         3.450       2.682      SLICE_X52Y22  u_soc/Core_cpu/u_ifu_subsys/g_tage.u_tage/g_tab[0].pv_p_reg_r1_0_63_0_2/RAMA/CLK
Low Pulse Width   Slow    RAMD64E/CLK         n/a            0.768         3.450       2.682      SLICE_X52Y22  u_soc/Core_cpu/u_ifu_subsys/g_tage.u_tage/g_tab[0].pv_p_reg_r1_0_63_0_2/RAMB/CLK
Low Pulse Width   Fast    RAMD64E/CLK         n/a            0.768         3.450       2.682      SLICE_X52Y22  u_soc/Core_cpu/u_ifu_subsys/g_tage.u_tage/g_tab[0].pv_p_reg_r1_0_63_0_2/RAMB/CLK
Low Pulse Width   Slow    RAMD64E/CLK         n/a            0.768         3.450       2.682      SLICE_X52Y22  u_soc/Core_cpu/u_ifu_subsys/g_tage.u_tage/g_tab[0].pv_p_reg_r1_0_63_0_2/RAMC/CLK
Low Pulse Width   Fast    RAMD64E/CLK         n/a            0.768         3.450       2.682      SLICE_X52Y22  u_soc/Core_cpu/u_ifu_subsys/g_tage.u_tage/g_tab[0].pv_p_reg_r1_0_63_0_2/RAMC/CLK
Low Pulse Width   Slow    RAMD64E/CLK         n/a            0.768         3.450       2.682      SLICE_X52Y22  u_soc/Core_cpu/u_ifu_subsys/g_tage.u_tage/g_tab[0].pv_p_reg_r1_0_63_0_2/RAMD/CLK
Low Pulse Width   Fast    RAMD64E/CLK         n/a            0.768         3.450       2.682      SLICE_X52Y22  u_soc/Core_cpu/u_ifu_subsys/g_tage.u_tage/g_tab[0].pv_p_reg_r1_0_63_0_2/RAMD/CLK
Low Pulse Width   Slow    RAMD64E/CLK         n/a            0.768         3.450       2.682      SLICE_X52Y21  u_soc/Core_cpu/u_ifu_subsys/g_tage.u_tage/g_tab[0].pv_p_reg_r1_0_63_12_14/RAMA/CLK
Low Pulse Width   Fast    RAMD64E/CLK         n/a            0.768         3.450       2.682      SLICE_X52Y21  u_soc/Core_cpu/u_ifu_subsys/g_tage.u_tage/g_tab[0].pv_p_reg_r1_0_63_12_14/RAMA/CLK
Low Pulse Width   Slow    RAMD64E/CLK         n/a            0.768         3.450       2.682      SLICE_X52Y21  u_soc/Core_cpu/u_ifu_subsys/g_tage.u_tage/g_tab[0].pv_p_reg_r1_0_63_12_14/RAMB/CLK
Low Pulse Width   Fast    RAMD64E/CLK         n/a            0.768         3.450       2.682      SLICE_X52Y21  u_soc/Core_cpu/u_ifu_subsys/g_tage.u_tage/g_tab[0].pv_p_reg_r1_0_63_12_14/RAMB/CLK
Low Pulse Width   Slow    RAMD64E/CLK         n/a            0.768         3.450       2.682      SLICE_X52Y21  u_soc/Core_cpu/u_ifu_subsys/g_tage.u_tage/g_tab[0].pv_p_reg_r1_0_63_12_14/RAMC/CLK
Low Pulse Width   Fast    RAMD64E/CLK         n/a            0.768         3.450       2.682      SLICE_X52Y21  u_soc/Core_cpu/u_ifu_subsys/g_tage.u_tage/g_tab[0].pv_p_reg_r1_0_63_12_14/RAMC/CLK
Low Pulse Width   Slow    RAMD64E/CLK         n/a            0.768         3.450       2.682      SLICE_X52Y21  u_soc/Core_cpu/u_ifu_subsys/g_tage.u_tage/g_tab[0].pv_p_reg_r1_0_63_12_14/RAMD/CLK
Low Pulse Width   Fast    RAMD64E/CLK         n/a            0.768         3.450       2.682      SLICE_X52Y21  u_soc/Core_cpu/u_ifu_subsys/g_tage.u_tage/g_tab[0].pv_p_reg_r1_0_63_12_14/RAMD/CLK
Low Pulse Width   Slow    RAMD64E/CLK         n/a            0.768         3.450       2.682      SLICE_X46Y27  u_soc/Core_cpu/u_ifu_subsys/g_tage.u_tage/g_tab[0].pv_p_reg_r1_0_63_15_17/RAMA/CLK
Low Pulse Width   Fast    RAMD64E/CLK         n/a            0.768         3.450       2.682      SLICE_X46Y27  u_soc/Core_cpu/u_ifu_subsys/g_tage.u_tage/g_tab[0].pv_p_reg_r1_0_63_15_17/RAMA/CLK
Low Pulse Width   Slow    RAMD64E/CLK         n/a            0.768         3.450       2.682      SLICE_X46Y27  u_soc/Core_cpu/u_ifu_subsys/g_tage.u_tage/g_tab[0].pv_p_reg_r1_0_63_15_17/RAMB/CLK
Low Pulse Width   Fast    RAMD64E/CLK         n/a            0.768         3.450       2.682      SLICE_X46Y27  u_soc/Core_cpu/u_ifu_subsys/g_tage.u_tage/g_tab[0].pv_p_reg_r1_0_63_15_17/RAMB/CLK
High Pulse Width  Slow    RAMD64E/CLK         n/a            0.768         3.450       2.682      SLICE_X52Y22  u_soc/Core_cpu/u_ifu_subsys/g_tage.u_tage/g_tab[0].pv_p_reg_r1_0_63_0_2/RAMA/CLK
High Pulse Width  Fast    RAMD64E/CLK         n/a            0.768         3.450       2.682      SLICE_X52Y22  u_soc/Core_cpu/u_ifu_subsys/g_tage.u_tage/g_tab[0].pv_p_reg_r1_0_63_0_2/RAMA/CLK
High Pulse Width  Slow    RAMD64E/CLK         n/a            0.768         3.450       2.682      SLICE_X52Y22  u_soc/Core_cpu/u_ifu_subsys/g_tage.u_tage/g_tab[0].pv_p_reg_r1_0_63_0_2/RAMB/CLK
High Pulse Width  Fast    RAMD64E/CLK         n/a            0.768         3.450       2.682      SLICE_X52Y22  u_soc/Core_cpu/u_ifu_subsys/g_tage.u_tage/g_tab[0].pv_p_reg_r1_0_63_0_2/RAMB/CLK
High Pulse Width  Slow    RAMD64E/CLK         n/a            0.768         3.450       2.682      SLICE_X52Y22  u_soc/Core_cpu/u_ifu_subsys/g_tage.u_tage/g_tab[0].pv_p_reg_r1_0_63_0_2/RAMC/CLK
High Pulse Width  Fast    RAMD64E/CLK         n/a            0.768         3.450       2.682      SLICE_X52Y22  u_soc/Core_cpu/u_ifu_subsys/g_tage.u_tage/g_tab[0].pv_p_reg_r1_0_63_0_2/RAMC/CLK
High Pulse Width  Slow    RAMD64E/CLK         n/a            0.768         3.450       2.682      SLICE_X52Y22  u_soc/Core_cpu/u_ifu_subsys/g_tage.u_tage/g_tab[0].pv_p_reg_r1_0_63_0_2/RAMD/CLK
High Pulse Width  Fast    RAMD64E/CLK         n/a            0.768         3.450       2.682      SLICE_X52Y22  u_soc/Core_cpu/u_ifu_subsys/g_tage.u_tage/g_tab[0].pv_p_reg_r1_0_63_0_2/RAMD/CLK
High Pulse Width  Slow    RAMD64E/CLK         n/a            0.768         3.450       2.682      SLICE_X52Y21  u_soc/Core_cpu/u_ifu_subsys/g_tage.u_tage/g_tab[0].pv_p_reg_r1_0_63_12_14/RAMA/CLK
High Pulse Width  Fast    RAMD64E/CLK         n/a            0.768         3.450       2.682      SLICE_X52Y21  u_soc/Core_cpu/u_ifu_subsys/g_tage.u_tage/g_tab[0].pv_p_reg_r1_0_63_12_14/RAMA/CLK
High Pulse Width  Slow    RAMD64E/CLK         n/a            0.768         3.450       2.682      SLICE_X52Y21  u_soc/Core_cpu/u_ifu_subsys/g_tage.u_tage/g_tab[0].pv_p_reg_r1_0_63_12_14/RAMB/CLK
High Pulse Width  Fast    RAMD64E/CLK         n/a            0.768         3.450       2.682      SLICE_X52Y21  u_soc/Core_cpu/u_ifu_subsys/g_tage.u_tage/g_tab[0].pv_p_reg_r1_0_63_12_14/RAMB/CLK
High Pulse Width  Slow    RAMD64E/CLK         n/a            0.768         3.450       2.682      SLICE_X52Y21  u_soc/Core_cpu/u_ifu_subsys/g_tage.u_tage/g_tab[0].pv_p_reg_r1_0_63_12_14/RAMC/CLK
High Pulse Width  Fast    RAMD64E/CLK         n/a            0.768         3.450       2.682      SLICE_X52Y21  u_soc/Core_cpu/u_ifu_subsys/g_tage.u_tage/g_tab[0].pv_p_reg_r1_0_63_12_14/RAMC/CLK
High Pulse Width  Slow    RAMD64E/CLK         n/a            0.768         3.450       2.682      SLICE_X52Y21  u_soc/Core_cpu/u_ifu_subsys/g_tage.u_tage/g_tab[0].pv_p_reg_r1_0_63_12_14/RAMD/CLK
High Pulse Width  Fast    RAMD64E/CLK         n/a            0.768         3.450       2.682      SLICE_X52Y21  u_soc/Core_cpu/u_ifu_subsys/g_tage.u_tage/g_tab[0].pv_p_reg_r1_0_63_12_14/RAMD/CLK
High Pulse Width  Slow    RAMD64E/CLK         n/a            0.768         3.450       2.682      SLICE_X46Y27  u_soc/Core_cpu/u_ifu_subsys/g_tage.u_tage/g_tab[0].pv_p_reg_r1_0_63_15_17/RAMA/CLK
High Pulse Width  Fast    RAMD64E/CLK         n/a            0.768         3.450       2.682      SLICE_X46Y27  u_soc/Core_cpu/u_ifu_subsys/g_tage.u_tage/g_tab[0].pv_p_reg_r1_0_63_15_17/RAMA/CLK
High Pulse Width  Slow    RAMD64E/CLK         n/a            0.768         3.450       2.682      SLICE_X46Y27  u_soc/Core_cpu/u_ifu_subsys/g_tage.u_tage/g_tab[0].pv_p_reg_r1_0_63_15_17/RAMB/CLK
High Pulse Width  Fast    RAMD64E/CLK         n/a            0.768         3.450       2.682      SLICE_X46Y27  u_soc/Core_cpu/u_ifu_subsys/g_tage.u_tage/g_tab[0].pv_p_reg_r1_0_63_15_17/RAMB/CLK



---------------------------------------------------------------------------------------------------
Path Group:  **async_default**
From Clock:  clk
  To Clock:  clk

Setup :            0  Failing Endpoints,  Worst Slack        2.784ns,  Total Violation        0.000ns
Hold  :           NA  Failing Endpoints,  Worst Slack           NA  ,  Total Violation           NA
---------------------------------------------------------------------------------------------------


Max Delay Paths
--------------------------------------------------------------------------------------
Slack (MET) :             2.784ns  (required time - arrival time)
  Source:                 u_soc/rst_cpu_reg_rep__8/C
                            (rising edge-triggered cell FDPE clocked by clk  {rise@0.000ns fall@3.450ns period=6.900ns})
  Destination:            u_soc/Core_cpu/U_IF_ID/id_pred_npc_reg[1]/CLR
                            (recovery check against rising-edge clock clk  {rise@0.000ns fall@3.450ns period=6.900ns})
  Path Group:             **async_default**
  Path Type:              Recovery (Max at Slow Process Corner)
  Requirement:            6.900ns  (clk rise@6.900ns - clk rise@0.000ns)
  Data Path Delay:        3.992ns  (logic 0.259ns (6.487%)  route 3.733ns (93.513%))
  Logic Levels:           0  
  Clock Path Skew:        0.124ns (DCD - SCD + CPR)
    Destination Clock Delay (DCD):    4.913ns = ( 11.813 - 6.900 ) 
    Source Clock Delay      (SCD):    5.025ns
    Clock Pessimism Removal (CPR):    0.237ns
  Clock Uncertainty:      0.035ns  ((TSJ^2 + TIJ^2)^1/2 + DJ) / 2 + PE
    Total System Jitter     (TSJ):    0.071ns
    Total Input Jitter      (TIJ):    0.000ns
    Discrete Jitter          (DJ):    0.000ns
    Phase Error              (PE):    0.000ns

    Location             Delay type                Incr(ns)  Path(ns)    Netlist Resource(s)
  -------------------------------------------------------------------    -------------------
                         (clock clk rise edge)        0.000     0.000 r  
    AE23                                              0.000     0.000 r  clk (IN)
                         net (fo=0)                   0.000     0.000    clk
    AE23                 IBUF (Prop_ibuf_I_O)         0.734     0.734 r  clk_IBUF_inst/O
                         net (fo=1, routed)           2.651     3.385    clk_IBUF
    BUFGCTRL_X0Y0        BUFG (Prop_bufg_I_O)         0.093     3.478 r  u_bufg/O
                         net (fo=5754, routed)        1.547     5.025    u_soc/clk_buf
    SLICE_X54Y74         FDPE                                         r  u_soc/rst_cpu_reg_rep__8/C
  -------------------------------------------------------------------    -------------------
    SLICE_X54Y74         FDPE (Prop_fdpe_C_Q)         0.259     5.284 f  u_soc/rst_cpu_reg_rep__8/Q
                         net (fo=184, routed)         3.733     9.018    u_soc/Core_cpu/U_IF_ID/AR[0]
    SLICE_X44Y32         FDCE                                         f  u_soc/Core_cpu/U_IF_ID/id_pred_npc_reg[1]/CLR
  -------------------------------------------------------------------    -------------------

                         (clock clk rise edge)        6.900     6.900 r  
    AE23                                              0.000     6.900 r  clk (IN)
                         net (fo=0)                   0.000     6.900    clk
    AE23                 IBUF (Prop_ibuf_I_O)         0.660     7.560 r  clk_IBUF_inst/O
                         net (fo=1, routed)           2.516    10.076    clk_IBUF
    BUFGCTRL_X0Y0        BUFG (Prop_bufg_I_O)         0.083    10.159 r  u_bufg/O
                         net (fo=5754, routed)        1.654    11.813    u_soc/Core_cpu/U_IF_ID/clk_buf
    SLICE_X44Y32         FDCE                                         r  u_soc/Core_cpu/U_IF_ID/id_pred_npc_reg[1]/C
                         clock pessimism              0.237    12.049    
                         clock uncertainty           -0.035    12.014    
    SLICE_X44Y32         FDCE (Recov_fdce_C_CLR)     -0.212    11.802    u_soc/Core_cpu/U_IF_ID/id_pred_npc_reg[1]
  -------------------------------------------------------------------
                         required time                         11.802    
                         arrival time                          -9.018    
  -------------------------------------------------------------------
                         slack                                  2.784    

Slack (MET) :             2.784ns  (required time - arrival time)
  Source:                 u_soc/rst_cpu_reg_rep__8/C
                            (rising edge-triggered cell FDPE clocked by clk  {rise@0.000ns fall@3.450ns period=6.900ns})
  Destination:            u_soc/Core_cpu/U_IF_ID/id_pred_npc_reg[9]/CLR
                            (recovery check against rising-edge clock clk  {rise@0.000ns fall@3.450ns period=6.900ns})
  Path Group:             **async_default**
  Path Type:              Recovery (Max at Slow Process Corner)
  Requirement:            6.900ns  (clk rise@6.900ns - clk rise@0.000ns)
  Data Path Delay:        3.992ns  (logic 0.259ns (6.487%)  route 3.733ns (93.513%))
  Logic Levels:           0  
  Clock Path Skew:        0.124ns (DCD - SCD + CPR)
    Destination Clock Delay (DCD):    4.913ns = ( 11.813 - 6.900 ) 
    Source Clock Delay      (SCD):    5.025ns
    Clock Pessimism Removal (CPR):    0.237ns
  Clock Uncertainty:      0.035ns  ((TSJ^2 + TIJ^2)^1/2 + DJ) / 2 + PE
    Total System Jitter     (TSJ):    0.071ns
    Total Input Jitter      (TIJ):    0.000ns
    Discrete Jitter          (DJ):    0.000ns
    Phase Error              (PE):    0.000ns

    Location             Delay type                Incr(ns)  Path(ns)    Netlist Resource(s)
  -------------------------------------------------------------------    -------------------
                         (clock clk rise edge)        0.000     0.000 r  
    AE23                                              0.000     0.000 r  clk (IN)
                         net (fo=0)                   0.000     0.000    clk
    AE23                 IBUF (Prop_ibuf_I_O)         0.734     0.734 r  clk_IBUF_inst/O
                         net (fo=1, routed)           2.651     3.385    clk_IBUF
    BUFGCTRL_X0Y0        BUFG (Prop_bufg_I_O)         0.093     3.478 r  u_bufg/O
                         net (fo=5754, routed)        1.547     5.025    u_soc/clk_buf
    SLICE_X54Y74         FDPE                                         r  u_soc/rst_cpu_reg_rep__8/C
  -------------------------------------------------------------------    -------------------
    SLICE_X54Y74         FDPE (Prop_fdpe_C_Q)         0.259     5.284 f  u_soc/rst_cpu_reg_rep__8/Q
                         net (fo=184, routed)         3.733     9.018    u_soc/Core_cpu/U_IF_ID/AR[0]
    SLICE_X44Y32         FDCE                                         f  u_soc/Core_cpu/U_IF_ID/id_pred_npc_reg[9]/CLR
  -------------------------------------------------------------------    -------------------

                         (clock clk rise edge)        6.900     6.900 r  
    AE23                                              0.000     6.900 r  clk (IN)
                         net (fo=0)                   0.000     6.900    clk
    AE23                 IBUF (Prop_ibuf_I_O)         0.660     7.560 r  clk_IBUF_inst/O
                         net (fo=1, routed)           2.516    10.076    clk_IBUF
    BUFGCTRL_X0Y0        BUFG (Prop_bufg_I_O)         0.083    10.159 r  u_bufg/O
                         net (fo=5754, routed)        1.654    11.813    u_soc/Core_cpu/U_IF_ID/clk_buf
    SLICE_X44Y32         FDCE                                         r  u_soc/Core_cpu/U_IF_ID/id_pred_npc_reg[9]/C
                         clock pessimism              0.237    12.049    
                         clock uncertainty           -0.035    12.014    
    SLICE_X44Y32         FDCE (Recov_fdce_C_CLR)     -0.212    11.802    u_soc/Core_cpu/U_IF_ID/id_pred_npc_reg[9]
  -------------------------------------------------------------------
                         required time                         11.802    
                         arrival time                          -9.018    
  -------------------------------------------------------------------
                         slack                                  2.784    

Slack (MET) :             2.879ns  (required time - arrival time)
  Source:                 u_soc/rst_cpu_reg_rep__9/C
                            (rising edge-triggered cell FDPE clocked by clk  {rise@0.000ns fall@3.450ns period=6.900ns})
  Destination:            u_soc/Core_cpu/U_IF_ID/id_inst_reg[1]/CLR
                            (recovery check against rising-edge clock clk  {rise@0.000ns fall@3.450ns period=6.900ns})
  Path Group:             **async_default**
  Path Type:              Recovery (Max at Slow Process Corner)
  Requirement:            6.900ns  (clk rise@6.900ns - clk rise@0.000ns)
  Data Path Delay:        3.885ns  (logic 0.259ns (6.666%)  route 3.626ns (93.334%))
  Logic Levels:           0  
  Clock Path Skew:        0.112ns (DCD - SCD + CPR)
    Destination Clock Delay (DCD):    4.908ns = ( 11.808 - 6.900 ) 
    Source Clock Delay      (SCD):    5.032ns
    Clock Pessimism Removal (CPR):    0.237ns
  Clock Uncertainty:      0.035ns  ((TSJ^2 + TIJ^2)^1/2 + DJ) / 2 + PE
    Total System Jitter     (TSJ):    0.071ns
    Total Input Jitter      (TIJ):    0.000ns
    Discrete Jitter          (DJ):    0.000ns
    Phase Error              (PE):    0.000ns

    Location             Delay type                Incr(ns)  Path(ns)    Netlist Resource(s)
  -------------------------------------------------------------------    -------------------
                         (clock clk rise edge)        0.000     0.000 r  
    AE23                                              0.000     0.000 r  clk (IN)
                         net (fo=0)                   0.000     0.000    clk
    AE23                 IBUF (Prop_ibuf_I_O)         0.734     0.734 r  clk_IBUF_inst/O
                         net (fo=1, routed)           2.651     3.385    clk_IBUF
    BUFGCTRL_X0Y0        BUFG (Prop_bufg_I_O)         0.093     3.478 r  u_bufg/O
                         net (fo=5754, routed)        1.554     5.032    u_soc/clk_buf
    SLICE_X56Y80         FDPE                                         r  u_soc/rst_cpu_reg_rep__9/C
  -------------------------------------------------------------------    -------------------
    SLICE_X56Y80         FDPE (Prop_fdpe_C_Q)         0.259     5.291 f  u_soc/rst_cpu_reg_rep__9/Q
                         net (fo=184, routed)         3.626     8.918    u_soc/Core_cpu/U_IF_ID/AR[1]
    SLICE_X43Y27         FDCE                                         f  u_soc/Core_cpu/U_IF_ID/id_inst_reg[1]/CLR
  -------------------------------------------------------------------    -------------------

                         (clock clk rise edge)        6.900     6.900 r  
    AE23                                              0.000     6.900 r  clk (IN)
                         net (fo=0)                   0.000     6.900    clk
    AE23                 IBUF (Prop_ibuf_I_O)         0.660     7.560 r  clk_IBUF_inst/O
                         net (fo=1, routed)           2.516    10.076    clk_IBUF
    BUFGCTRL_X0Y0        BUFG (Prop_bufg_I_O)         0.083    10.159 r  u_bufg/O
                         net (fo=5754, routed)        1.649    11.808    u_soc/Core_cpu/U_IF_ID/clk_buf
    SLICE_X43Y27         FDCE                                         r  u_soc/Core_cpu/U_IF_ID/id_inst_reg[1]/C
                         clock pessimism              0.237    12.044    
                         clock uncertainty           -0.035    12.009    
    SLICE_X43Y27         FDCE (Recov_fdce_C_CLR)     -0.212    11.797    u_soc/Core_cpu/U_IF_ID/id_inst_reg[1]
  -------------------------------------------------------------------
                         required time                         11.797    
                         arrival time                          -8.918    
  -------------------------------------------------------------------
                         slack                                  2.879    

Slack (MET) :             2.879ns  (required time - arrival time)
  Source:                 u_soc/rst_cpu_reg_rep__9/C
                            (rising edge-triggered cell FDPE clocked by clk  {rise@0.000ns fall@3.450ns period=6.900ns})
  Destination:            u_soc/Core_cpu/U_IF_ID/id_inst_reg[5]/CLR
                            (recovery check against rising-edge clock clk  {rise@0.000ns fall@3.450ns period=6.900ns})
  Path Group:             **async_default**
  Path Type:              Recovery (Max at Slow Process Corner)
  Requirement:            6.900ns  (clk rise@6.900ns - clk rise@0.000ns)
  Data Path Delay:        3.885ns  (logic 0.259ns (6.666%)  route 3.626ns (93.334%))
  Logic Levels:           0  
  Clock Path Skew:        0.112ns (DCD - SCD + CPR)
    Destination Clock Delay (DCD):    4.908ns = ( 11.808 - 6.900 ) 
    Source Clock Delay      (SCD):    5.032ns
    Clock Pessimism Removal (CPR):    0.237ns
  Clock Uncertainty:      0.035ns  ((TSJ^2 + TIJ^2)^1/2 + DJ) / 2 + PE
    Total System Jitter     (TSJ):    0.071ns
    Total Input Jitter      (TIJ):    0.000ns
    Discrete Jitter          (DJ):    0.000ns
    Phase Error              (PE):    0.000ns

    Location             Delay type                Incr(ns)  Path(ns)    Netlist Resource(s)
  -------------------------------------------------------------------    -------------------
                         (clock clk rise edge)        0.000     0.000 r  
    AE23                                              0.000     0.000 r  clk (IN)
                         net (fo=0)                   0.000     0.000    clk
    AE23                 IBUF (Prop_ibuf_I_O)         0.734     0.734 r  clk_IBUF_inst/O
                         net (fo=1, routed)           2.651     3.385    clk_IBUF
    BUFGCTRL_X0Y0        BUFG (Prop_bufg_I_O)         0.093     3.478 r  u_bufg/O
                         net (fo=5754, routed)        1.554     5.032    u_soc/clk_buf
    SLICE_X56Y80         FDPE                                         r  u_soc/rst_cpu_reg_rep__9/C
  -------------------------------------------------------------------    -------------------
    SLICE_X56Y80         FDPE (Prop_fdpe_C_Q)         0.259     5.291 f  u_soc/rst_cpu_reg_rep__9/Q
                         net (fo=184, routed)         3.626     8.918    u_soc/Core_cpu/U_IF_ID/AR[1]
    SLICE_X43Y27         FDCE                                         f  u_soc/Core_cpu/U_IF_ID/id_inst_reg[5]/CLR
  -------------------------------------------------------------------    -------------------

                         (clock clk rise edge)        6.900     6.900 r  
    AE23                                              0.000     6.900 r  clk (IN)
                         net (fo=0)                   0.000     6.900    clk
    AE23                 IBUF (Prop_ibuf_I_O)         0.660     7.560 r  clk_IBUF_inst/O
                         net (fo=1, routed)           2.516    10.076    clk_IBUF
    BUFGCTRL_X0Y0        BUFG (Prop_bufg_I_O)         0.083    10.159 r  u_bufg/O
                         net (fo=5754, routed)        1.649    11.808    u_soc/Core_cpu/U_IF_ID/clk_buf
    SLICE_X43Y27         FDCE                                         r  u_soc/Core_cpu/U_IF_ID/id_inst_reg[5]/C
                         clock pessimism              0.237    12.044    
                         clock uncertainty           -0.035    12.009    
    SLICE_X43Y27         FDCE (Recov_fdce_C_CLR)     -0.212    11.797    u_soc/Core_cpu/U_IF_ID/id_inst_reg[5]
  -------------------------------------------------------------------
                         required time                         11.797    
                         arrival time                          -8.918    
  -------------------------------------------------------------------
                         slack                                  2.879    

Slack (MET) :             2.962ns  (required time - arrival time)
  Source:                 u_soc/rst_cpu_reg_rep__8/C
                            (rising edge-triggered cell FDPE clocked by clk  {rise@0.000ns fall@3.450ns period=6.900ns})
  Destination:            u_soc/Core_cpu/U_IF_ID/id_pred_npc_reg[16]/CLR
                            (recovery check against rising-edge clock clk  {rise@0.000ns fall@3.450ns period=6.900ns})
  Path Group:             **async_default**
  Path Type:              Recovery (Max at Slow Process Corner)
  Requirement:            6.900ns  (clk rise@6.900ns - clk rise@0.000ns)
  Data Path Delay:        3.814ns  (logic 0.259ns (6.791%)  route 3.555ns (93.209%))
  Logic Levels:           0  
  Clock Path Skew:        0.123ns (DCD - SCD + CPR)
    Destination Clock Delay (DCD):    4.912ns = ( 11.812 - 6.900 ) 
    Source Clock Delay      (SCD):    5.025ns
    Clock Pessimism Removal (CPR):    0.237ns
  Clock Uncertainty:      0.035ns  ((TSJ^2 + TIJ^2)^1/2 + DJ) / 2 + PE
    Total System Jitter     (TSJ):    0.071ns
    Total Input Jitter      (TIJ):    0.000ns
    Discrete Jitter          (DJ):    0.000ns
    Phase Error              (PE):    0.000ns

    Location             Delay type                Incr(ns)  Path(ns)    Netlist Resource(s)
  -------------------------------------------------------------------    -------------------
                         (clock clk rise edge)        0.000     0.000 r  
    AE23                                              0.000     0.000 r  clk (IN)
                         net (fo=0)                   0.000     0.000    clk
    AE23                 IBUF (Prop_ibuf_I_O)         0.734     0.734 r  clk_IBUF_inst/O
                         net (fo=1, routed)           2.651     3.385    clk_IBUF
    BUFGCTRL_X0Y0        BUFG (Prop_bufg_I_O)         0.093     3.478 r  u_bufg/O
                         net (fo=5754, routed)        1.547     5.025    u_soc/clk_buf
    SLICE_X54Y74         FDPE                                         r  u_soc/rst_cpu_reg_rep__8/C
  -------------------------------------------------------------------    -------------------
    SLICE_X54Y74         FDPE (Prop_fdpe_C_Q)         0.259     5.284 f  u_soc/rst_cpu_reg_rep__8/Q
                         net (fo=184, routed)         3.555     8.839    u_soc/Core_cpu/U_IF_ID/AR[0]
    SLICE_X44Y31         FDCE                                         f  u_soc/Core_cpu/U_IF_ID/id_pred_npc_reg[16]/CLR
  -------------------------------------------------------------------    -------------------

                         (clock clk rise edge)        6.900     6.900 r  
    AE23                                              0.000     6.900 r  clk (IN)
                         net (fo=0)                   0.000     6.900    clk
    AE23                 IBUF (Prop_ibuf_I_O)         0.660     7.560 r  clk_IBUF_inst/O
                         net (fo=1, routed)           2.516    10.076    clk_IBUF
    BUFGCTRL_X0Y0        BUFG (Prop_bufg_I_O)         0.083    10.159 r  u_bufg/O
                         net (fo=5754, routed)        1.653    11.812    u_soc/Core_cpu/U_IF_ID/clk_buf
    SLICE_X44Y31         FDCE                                         r  u_soc/Core_cpu/U_IF_ID/id_pred_npc_reg[16]/C
                         clock pessimism              0.237    12.048    
                         clock uncertainty           -0.035    12.013    
    SLICE_X44Y31         FDCE (Recov_fdce_C_CLR)     -0.212    11.801    u_soc/Core_cpu/U_IF_ID/id_pred_npc_reg[16]
  -------------------------------------------------------------------
                         required time                         11.801    
                         arrival time                          -8.839    
  -------------------------------------------------------------------
                         slack                                  2.962    

Slack (MET) :             2.971ns  (required time - arrival time)
  Source:                 rst
                            (input port clocked by clk  {rise@0.000ns fall@3.450ns period=6.900ns})
  Destination:            u_soc/u_bridge/dig_reg_reg[26]/CLR
                            (recovery check against rising-edge clock clk  {rise@0.000ns fall@3.450ns period=6.900ns})
  Path Group:             **async_default**
  Path Type:              Recovery (Max at Fast Process Corner)
  Requirement:            6.900ns  (clk rise@6.900ns - clk rise@0.000ns)
  Data Path Delay:        3.840ns  (logic 0.283ns (7.375%)  route 3.556ns (92.625%))
  Logic Levels:           1  (IBUF=1)
  Input Delay:            2.000ns
  Clock Path Skew:        2.063ns (DCD - SCD + CPR)
    Destination Clock Delay (DCD):    2.063ns = ( 8.963 - 6.900 ) 
    Source Clock Delay      (SCD):    0.000ns
    Clock Pessimism Removal (CPR):    0.000ns
  Clock Uncertainty:      0.035ns  ((TSJ^2 + TIJ^2)^1/2 + DJ) / 2 + PE
    Total System Jitter     (TSJ):    0.071ns
    Total Input Jitter      (TIJ):    0.000ns
    Discrete Jitter          (DJ):    0.000ns
    Phase Error              (PE):    0.000ns

    Location             Delay type                Incr(ns)  Path(ns)    Netlist Resource(s)
  -------------------------------------------------------------------    -------------------
                         (clock clk rise edge)        0.000     0.000 r  
                         input delay                  2.000     2.000    
    AC20                                              0.000     2.000 f  rst (IN)
                         net (fo=0)                   0.000     2.000    rst
    AC20                 IBUF (Prop_ibuf_I_O)         0.283     2.283 f  rst_IBUF_inst/O
                         net (fo=241, routed)         3.556     5.840    u_soc/u_bridge/rst_IBUF
    SLICE_X21Y76         FDCE                                         f  u_soc/u_bridge/dig_reg_reg[26]/CLR
  -------------------------------------------------------------------    -------------------

                         (clock clk rise edge)        6.900     6.900 r  
    AE23                                              0.000     6.900 r  clk (IN)
                         net (fo=0)                   0.000     6.900    clk
    AE23                 IBUF (Prop_ibuf_I_O)         0.077     6.977 r  clk_IBUF_inst/O
                         net (fo=1, routed)           1.278     8.255    clk_IBUF
    BUFGCTRL_X0Y0        BUFG (Prop_bufg_I_O)         0.026     8.281 r  u_bufg/O
                         net (fo=5754, routed)        0.682     8.963    u_soc/u_bridge/clk_buf
    SLICE_X21Y76         FDCE                                         r  u_soc/u_bridge/dig_reg_reg[26]/C
                         clock pessimism              0.000     8.963    
                         clock uncertainty           -0.035     8.927    
    SLICE_X21Y76         FDCE (Recov_fdce_C_CLR)     -0.117     8.810    u_soc/u_bridge/dig_reg_reg[26]
  -------------------------------------------------------------------
                         required time                          8.810    
                         arrival time                          -5.840    
  -------------------------------------------------------------------
                         slack                                  2.971    

Slack (MET) :             2.971ns  (required time - arrival time)
  Source:                 rst
                            (input port clocked by clk  {rise@0.000ns fall@3.450ns period=6.900ns})
  Destination:            u_soc/u_bridge/dig_reg_reg[27]/CLR
                            (recovery check against rising-edge clock clk  {rise@0.000ns fall@3.450ns period=6.900ns})
  Path Group:             **async_default**
  Path Type:              Recovery (Max at Fast Process Corner)
  Requirement:            6.900ns  (clk rise@6.900ns - clk rise@0.000ns)
  Data Path Delay:        3.840ns  (logic 0.283ns (7.375%)  route 3.556ns (92.625%))
  Logic Levels:           1  (IBUF=1)
  Input Delay:            2.000ns
  Clock Path Skew:        2.063ns (DCD - SCD + CPR)
    Destination Clock Delay (DCD):    2.063ns = ( 8.963 - 6.900 ) 
    Source Clock Delay      (SCD):    0.000ns
    Clock Pessimism Removal (CPR):    0.000ns
  Clock Uncertainty:      0.035ns  ((TSJ^2 + TIJ^2)^1/2 + DJ) / 2 + PE
    Total System Jitter     (TSJ):    0.071ns
    Total Input Jitter      (TIJ):    0.000ns
    Discrete Jitter          (DJ):    0.000ns
    Phase Error              (PE):    0.000ns

    Location             Delay type                Incr(ns)  Path(ns)    Netlist Resource(s)
  -------------------------------------------------------------------    -------------------
                         (clock clk rise edge)        0.000     0.000 r  
                         input delay                  2.000     2.000    
    AC20                                              0.000     2.000 f  rst (IN)
                         net (fo=0)                   0.000     2.000    rst
    AC20                 IBUF (Prop_ibuf_I_O)         0.283     2.283 f  rst_IBUF_inst/O
                         net (fo=241, routed)         3.556     5.840    u_soc/u_bridge/rst_IBUF
    SLICE_X21Y76         FDCE                                         f  u_soc/u_bridge/dig_reg_reg[27]/CLR
  -------------------------------------------------------------------    -------------------

                         (clock clk rise edge)        6.900     6.900 r  
    AE23                                              0.000     6.900 r  clk (IN)
                         net (fo=0)                   0.000     6.900    clk
    AE23                 IBUF (Prop_ibuf_I_O)         0.077     6.977 r  clk_IBUF_inst/O
                         net (fo=1, routed)           1.278     8.255    clk_IBUF
    BUFGCTRL_X0Y0        BUFG (Prop_bufg_I_O)         0.026     8.281 r  u_bufg/O
                         net (fo=5754, routed)        0.682     8.963    u_soc/u_bridge/clk_buf
    SLICE_X21Y76         FDCE                                         r  u_soc/u_bridge/dig_reg_reg[27]/C
                         clock pessimism              0.000     8.963    
                         clock uncertainty           -0.035     8.927    
    SLICE_X21Y76         FDCE (Recov_fdce_C_CLR)     -0.117     8.810    u_soc/u_bridge/dig_reg_reg[27]
  -------------------------------------------------------------------
                         required time                          8.810    
                         arrival time                          -5.840    
  -------------------------------------------------------------------
                         slack                                  2.971    

Slack (MET) :             2.984ns  (required time - arrival time)
  Source:                 rst
                            (input port clocked by clk  {rise@0.000ns fall@3.450ns period=6.900ns})
  Destination:            u_soc/u_bridge/dig_reg_reg[23]/CLR
                            (recovery check against rising-edge clock clk  {rise@0.000ns fall@3.450ns period=6.900ns})
  Path Group:             **async_default**
  Path Type:              Recovery (Max at Fast Process Corner)
  Requirement:            6.900ns  (clk rise@6.900ns - clk rise@0.000ns)
  Data Path Delay:        3.824ns  (logic 0.283ns (7.405%)  route 3.541ns (92.595%))
  Logic Levels:           1  (IBUF=1)
  Input Delay:            2.000ns
  Clock Path Skew:        2.061ns (DCD - SCD + CPR)
    Destination Clock Delay (DCD):    2.061ns = ( 8.961 - 6.900 ) 
    Source Clock Delay      (SCD):    0.000ns
    Clock Pessimism Removal (CPR):    0.000ns
  Clock Uncertainty:      0.035ns  ((TSJ^2 + TIJ^2)^1/2 + DJ) / 2 + PE
    Total System Jitter     (TSJ):    0.071ns
    Total Input Jitter      (TIJ):    0.000ns
    Discrete Jitter          (DJ):    0.000ns
    Phase Error              (PE):    0.000ns

    Location             Delay type                Incr(ns)  Path(ns)    Netlist Resource(s)
  -------------------------------------------------------------------    -------------------
                         (clock clk rise edge)        0.000     0.000 r  
                         input delay                  2.000     2.000    
    AC20                                              0.000     2.000 f  rst (IN)
                         net (fo=0)                   0.000     2.000    rst
    AC20                 IBUF (Prop_ibuf_I_O)         0.283     2.283 f  rst_IBUF_inst/O
                         net (fo=241, routed)         3.541     5.824    u_soc/u_bridge/rst_IBUF
    SLICE_X30Y69         FDCE                                         f  u_soc/u_bridge/dig_reg_reg[23]/CLR
  -------------------------------------------------------------------    -------------------

                         (clock clk rise edge)        6.900     6.900 r  
    AE23                                              0.000     6.900 r  clk (IN)
                         net (fo=0)                   0.000     6.900    clk
    AE23                 IBUF (Prop_ibuf_I_O)         0.077     6.977 r  clk_IBUF_inst/O
                         net (fo=1, routed)           1.278     8.255    clk_IBUF
    BUFGCTRL_X0Y0        BUFG (Prop_bufg_I_O)         0.026     8.281 r  u_bufg/O
                         net (fo=5754, routed)        0.680     8.961    u_soc/u_bridge/clk_buf
    SLICE_X30Y69         FDCE                                         r  u_soc/u_bridge/dig_reg_reg[23]/C
                         clock pessimism              0.000     8.961    
                         clock uncertainty           -0.035     8.925    
    SLICE_X30Y69         FDCE (Recov_fdce_C_CLR)     -0.117     8.808    u_soc/u_bridge/dig_reg_reg[23]
  -------------------------------------------------------------------
                         required time                          8.808    
                         arrival time                          -5.824    
  -------------------------------------------------------------------
                         slack                                  2.984    

Slack (MET) :             2.984ns  (required time - arrival time)
  Source:                 rst
                            (input port clocked by clk  {rise@0.000ns fall@3.450ns period=6.900ns})
  Destination:            u_soc/u_bridge/dig_reg_reg[6]/CLR
                            (recovery check against rising-edge clock clk  {rise@0.000ns fall@3.450ns period=6.900ns})
  Path Group:             **async_default**
  Path Type:              Recovery (Max at Fast Process Corner)
  Requirement:            6.900ns  (clk rise@6.900ns - clk rise@0.000ns)
  Data Path Delay:        3.824ns  (logic 0.283ns (7.405%)  route 3.541ns (92.595%))
  Logic Levels:           1  (IBUF=1)
  Input Delay:            2.000ns
  Clock Path Skew:        2.061ns (DCD - SCD + CPR)
    Destination Clock Delay (DCD):    2.061ns = ( 8.961 - 6.900 ) 
    Source Clock Delay      (SCD):    0.000ns
    Clock Pessimism Removal (CPR):    0.000ns
  Clock Uncertainty:      0.035ns  ((TSJ^2 + TIJ^2)^1/2 + DJ) / 2 + PE
    Total System Jitter     (TSJ):    0.071ns
    Total Input Jitter      (TIJ):    0.000ns
    Discrete Jitter          (DJ):    0.000ns
    Phase Error              (PE):    0.000ns

    Location             Delay type                Incr(ns)  Path(ns)    Netlist Resource(s)
  -------------------------------------------------------------------    -------------------
                         (clock clk rise edge)        0.000     0.000 r  
                         input delay                  2.000     2.000    
    AC20                                              0.000     2.000 f  rst (IN)
                         net (fo=0)                   0.000     2.000    rst
    AC20                 IBUF (Prop_ibuf_I_O)         0.283     2.283 f  rst_IBUF_inst/O
                         net (fo=241, routed)         3.541     5.824    u_soc/u_bridge/rst_IBUF
    SLICE_X30Y69         FDCE                                         f  u_soc/u_bridge/dig_reg_reg[6]/CLR
  -------------------------------------------------------------------    -------------------

                         (clock clk rise edge)        6.900     6.900 r  
    AE23                                              0.000     6.900 r  clk (IN)
                         net (fo=0)                   0.000     6.900    clk
    AE23                 IBUF (Prop_ibuf_I_O)         0.077     6.977 r  clk_IBUF_inst/O
                         net (fo=1, routed)           1.278     8.255    clk_IBUF
    BUFGCTRL_X0Y0        BUFG (Prop_bufg_I_O)         0.026     8.281 r  u_bufg/O
                         net (fo=5754, routed)        0.680     8.961    u_soc/u_bridge/clk_buf
    SLICE_X30Y69         FDCE                                         r  u_soc/u_bridge/dig_reg_reg[6]/C
                         clock pessimism              0.000     8.961    
                         clock uncertainty           -0.035     8.925    
    SLICE_X30Y69         FDCE (Recov_fdce_C_CLR)     -0.117     8.808    u_soc/u_bridge/dig_reg_reg[6]
  -------------------------------------------------------------------
                         required time                          8.808    
                         arrival time                          -5.824    
  -------------------------------------------------------------------
                         slack                                  2.984    

Slack (MET) :             2.984ns  (required time - arrival time)
  Source:                 rst
                            (input port clocked by clk  {rise@0.000ns fall@3.450ns period=6.900ns})
  Destination:            u_soc/u_bridge/dig_reg_reg[7]/CLR
                            (recovery check against rising-edge clock clk  {rise@0.000ns fall@3.450ns period=6.900ns})
  Path Group:             **async_default**
  Path Type:              Recovery (Max at Fast Process Corner)
  Requirement:            6.900ns  (clk rise@6.900ns - clk rise@0.000ns)
  Data Path Delay:        3.824ns  (logic 0.283ns (7.405%)  route 3.541ns (92.595%))
  Logic Levels:           1  (IBUF=1)
  Input Delay:            2.000ns
  Clock Path Skew:        2.061ns (DCD - SCD + CPR)
    Destination Clock Delay (DCD):    2.061ns = ( 8.961 - 6.900 ) 
    Source Clock Delay      (SCD):    0.000ns
    Clock Pessimism Removal (CPR):    0.000ns
  Clock Uncertainty:      0.035ns  ((TSJ^2 + TIJ^2)^1/2 + DJ) / 2 + PE
    Total System Jitter     (TSJ):    0.071ns
    Total Input Jitter      (TIJ):    0.000ns
    Discrete Jitter          (DJ):    0.000ns
    Phase Error              (PE):    0.000ns

    Location             Delay type                Incr(ns)  Path(ns)    Netlist Resource(s)
  -------------------------------------------------------------------    -------------------
                         (clock clk rise edge)        0.000     0.000 r  
                         input delay                  2.000     2.000    
    AC20                                              0.000     2.000 f  rst (IN)
                         net (fo=0)                   0.000     2.000    rst
    AC20                 IBUF (Prop_ibuf_I_O)         0.283     2.283 f  rst_IBUF_inst/O
                         net (fo=241, routed)         3.541     5.824    u_soc/u_bridge/rst_IBUF
    SLICE_X30Y69         FDCE                                         f  u_soc/u_bridge/dig_reg_reg[7]/CLR
  -------------------------------------------------------------------    -------------------

                         (clock clk rise edge)        6.900     6.900 r  
    AE23                                              0.000     6.900 r  clk (IN)
                         net (fo=0)                   0.000     6.900    clk
    AE23                 IBUF (Prop_ibuf_I_O)         0.077     6.977 r  clk_IBUF_inst/O
                         net (fo=1, routed)           1.278     8.255    clk_IBUF
    BUFGCTRL_X0Y0        BUFG (Prop_bufg_I_O)         0.026     8.281 r  u_bufg/O
                         net (fo=5754, routed)        0.680     8.961    u_soc/u_bridge/clk_buf
    SLICE_X30Y69         FDCE                                         r  u_soc/u_bridge/dig_reg_reg[7]/C
                         clock pessimism              0.000     8.961    
                         clock uncertainty           -0.035     8.925    
    SLICE_X30Y69         FDCE (Recov_fdce_C_CLR)     -0.117     8.808    u_soc/u_bridge/dig_reg_reg[7]
  -------------------------------------------------------------------
                         required time                          8.808    
                         arrival time                          -5.824    
  -------------------------------------------------------------------
                         slack                                  2.984    

Slack (MET) :             2.984ns  (required time - arrival time)
  Source:                 rst
                            (input port clocked by clk  {rise@0.000ns fall@3.450ns period=6.900ns})
  Destination:            u_soc/u_bridge/dig_reg_reg[8]/CLR
                            (recovery check against rising-edge clock clk  {rise@0.000ns fall@3.450ns period=6.900ns})
  Path Group:             **async_default**
  Path Type:              Recovery (Max at Fast Process Corner)
  Requirement:            6.900ns  (clk rise@6.900ns - clk rise@0.000ns)
  Data Path Delay:        3.824ns  (logic 0.283ns (7.405%)  route 3.541ns (92.595%))
  Logic Levels:           1  (IBUF=1)
  Input Delay:            2.000ns
  Clock Path Skew:        2.061ns (DCD - SCD + CPR)
    Destination Clock Delay (DCD):    2.061ns = ( 8.961 - 6.900 ) 
    Source Clock Delay      (SCD):    0.000ns
    Clock Pessimism Removal (CPR):    0.000ns
  Clock Uncertainty:      0.035ns  ((TSJ^2 + TIJ^2)^1/2 + DJ) / 2 + PE
    Total System Jitter     (TSJ):    0.071ns
    Total Input Jitter      (TIJ):    0.000ns
    Discrete Jitter          (DJ):    0.000ns
    Phase Error              (PE):    0.000ns

    Location             Delay type                Incr(ns)  Path(ns)    Netlist Resource(s)
  -------------------------------------------------------------------    -------------------
                         (clock clk rise edge)        0.000     0.000 r  
                         input delay                  2.000     2.000    
    AC20                                              0.000     2.000 f  rst (IN)
                         net (fo=0)                   0.000     2.000    rst
    AC20                 IBUF (Prop_ibuf_I_O)         0.283     2.283 f  rst_IBUF_inst/O
                         net (fo=241, routed)         3.541     5.824    u_soc/u_bridge/rst_IBUF
    SLICE_X30Y69         FDCE                                         f  u_soc/u_bridge/dig_reg_reg[8]/CLR
  -------------------------------------------------------------------    -------------------

                         (clock clk rise edge)        6.900     6.900 r  
    AE23                                              0.000     6.900 r  clk (IN)
                         net (fo=0)                   0.000     6.900    clk
    AE23                 IBUF (Prop_ibuf_I_O)         0.077     6.977 r  clk_IBUF_inst/O
                         net (fo=1, routed)           1.278     8.255    clk_IBUF
    BUFGCTRL_X0Y0        BUFG (Prop_bufg_I_O)         0.026     8.281 r  u_bufg/O
                         net (fo=5754, routed)        0.680     8.961    u_soc/u_bridge/clk_buf
    SLICE_X30Y69         FDCE                                         r  u_soc/u_bridge/dig_reg_reg[8]/C
                         clock pessimism              0.000     8.961    
                         clock uncertainty           -0.035     8.925    
    SLICE_X30Y69         FDCE (Recov_fdce_C_CLR)     -0.117     8.808    u_soc/u_bridge/dig_reg_reg[8]
  -------------------------------------------------------------------
                         required time                          8.808    
                         arrival time                          -5.824    
  -------------------------------------------------------------------
                         slack                                  2.984    

Slack (MET) :             2.996ns  (required time - arrival time)
  Source:                 u_soc/rst_cpu_reg_rep__8/C
                            (rising edge-triggered cell FDPE clocked by clk  {rise@0.000ns fall@3.450ns period=6.900ns})
  Destination:            u_soc/Core_cpu/U_IF_ID/id_pc_reg[31]/CLR
                            (recovery check against rising-edge clock clk  {rise@0.000ns fall@3.450ns period=6.900ns})
  Path Group:             **async_default**
  Path Type:              Recovery (Max at Slow Process Corner)
  Requirement:            6.900ns  (clk rise@6.900ns - clk rise@0.000ns)
  Data Path Delay:        3.785ns  (logic 0.259ns (6.842%)  route 3.526ns (93.158%))
  Logic Levels:           0  
  Clock Path Skew:        0.129ns (DCD - SCD + CPR)
    Destination Clock Delay (DCD):    4.918ns = ( 11.818 - 6.900 ) 
    Source Clock Delay      (SCD):    5.025ns
    Clock Pessimism Removal (CPR):    0.237ns
  Clock Uncertainty:      0.035ns  ((TSJ^2 + TIJ^2)^1/2 + DJ) / 2 + PE
    Total System Jitter     (TSJ):    0.071ns
    Total Input Jitter      (TIJ):    0.000ns
    Discrete Jitter          (DJ):    0.000ns
    Phase Error              (PE):    0.000ns

    Location             Delay type                Incr(ns)  Path(ns)    Netlist Resource(s)
  -------------------------------------------------------------------    -------------------
                         (clock clk rise edge)        0.000     0.000 r  
    AE23                                              0.000     0.000 r  clk (IN)
                         net (fo=0)                   0.000     0.000    clk
    AE23                 IBUF (Prop_ibuf_I_O)         0.734     0.734 r  clk_IBUF_inst/O
                         net (fo=1, routed)           2.651     3.385    clk_IBUF
    BUFGCTRL_X0Y0        BUFG (Prop_bufg_I_O)         0.093     3.478 r  u_bufg/O
                         net (fo=5754, routed)        1.547     5.025    u_soc/clk_buf
    SLICE_X54Y74         FDPE                                         r  u_soc/rst_cpu_reg_rep__8/C
  -------------------------------------------------------------------    -------------------
    SLICE_X54Y74         FDPE (Prop_fdpe_C_Q)         0.259     5.284 f  u_soc/rst_cpu_reg_rep__8/Q
                         net (fo=184, routed)         3.526     8.811    u_soc/Core_cpu/U_IF_ID/AR[0]
    SLICE_X44Y39         FDCE                                         f  u_soc/Core_cpu/U_IF_ID/id_pc_reg[31]/CLR
  -------------------------------------------------------------------    -------------------

                         (clock clk rise edge)        6.900     6.900 r  
    AE23                                              0.000     6.900 r  clk (IN)
                         net (fo=0)                   0.000     6.900    clk
    AE23                 IBUF (Prop_ibuf_I_O)         0.660     7.560 r  clk_IBUF_inst/O
                         net (fo=1, routed)           2.516    10.076    clk_IBUF
    BUFGCTRL_X0Y0        BUFG (Prop_bufg_I_O)         0.083    10.159 r  u_bufg/O
                         net (fo=5754, routed)        1.659    11.818    u_soc/Core_cpu/U_IF_ID/clk_buf
    SLICE_X44Y39         FDCE                                         r  u_soc/Core_cpu/U_IF_ID/id_pc_reg[31]/C
                         clock pessimism              0.237    12.054    
                         clock uncertainty           -0.035    12.019    
    SLICE_X44Y39         FDCE (Recov_fdce_C_CLR)     -0.212    11.807    u_soc/Core_cpu/U_IF_ID/id_pc_reg[31]
  -------------------------------------------------------------------
                         required time                         11.807    
                         arrival time                          -8.811    
  -------------------------------------------------------------------
                         slack                                  2.996    

Slack (MET) :             2.998ns  (required time - arrival time)
  Source:                 u_soc/rst_cpu_reg_rep__8/C
                            (rising edge-triggered cell FDPE clocked by clk  {rise@0.000ns fall@3.450ns period=6.900ns})
  Destination:            u_soc/Core_cpu/U_IF_ID/id_pred_npc_reg[23]/CLR
                            (recovery check against rising-edge clock clk  {rise@0.000ns fall@3.450ns period=6.900ns})
  Path Group:             **async_default**
  Path Type:              Recovery (Max at Slow Process Corner)
  Requirement:            6.900ns  (clk rise@6.900ns - clk rise@0.000ns)
  Data Path Delay:        3.788ns  (logic 0.259ns (6.837%)  route 3.529ns (93.163%))
  Logic Levels:           0  
  Clock Path Skew:        0.134ns (DCD - SCD + CPR)
    Destination Clock Delay (DCD):    4.923ns = ( 11.823 - 6.900 ) 
    Source Clock Delay      (SCD):    5.025ns
    Clock Pessimism Removal (CPR):    0.237ns
  Clock Uncertainty:      0.035ns  ((TSJ^2 + TIJ^2)^1/2 + DJ) / 2 + PE
    Total System Jitter     (TSJ):    0.071ns
    Total Input Jitter      (TIJ):    0.000ns
    Discrete Jitter          (DJ):    0.000ns
    Phase Error              (PE):    0.000ns

    Location             Delay type                Incr(ns)  Path(ns)    Netlist Resource(s)
  -------------------------------------------------------------------    -------------------
                         (clock clk rise edge)        0.000     0.000 r  
    AE23                                              0.000     0.000 r  clk (IN)
                         net (fo=0)                   0.000     0.000    clk
    AE23                 IBUF (Prop_ibuf_I_O)         0.734     0.734 r  clk_IBUF_inst/O
                         net (fo=1, routed)           2.651     3.385    clk_IBUF
    BUFGCTRL_X0Y0        BUFG (Prop_bufg_I_O)         0.093     3.478 r  u_bufg/O
                         net (fo=5754, routed)        1.547     5.025    u_soc/clk_buf
    SLICE_X54Y74         FDPE                                         r  u_soc/rst_cpu_reg_rep__8/C
  -------------------------------------------------------------------    -------------------
    SLICE_X54Y74         FDPE (Prop_fdpe_C_Q)         0.259     5.284 f  u_soc/rst_cpu_reg_rep__8/Q
                         net (fo=184, routed)         3.529     8.814    u_soc/Core_cpu/U_IF_ID/AR[0]
    SLICE_X31Y34         FDCE                                         f  u_soc/Core_cpu/U_IF_ID/id_pred_npc_reg[23]/CLR
  -------------------------------------------------------------------    -------------------

                         (clock clk rise edge)        6.900     6.900 r  
    AE23                                              0.000     6.900 r  clk (IN)
                         net (fo=0)                   0.000     6.900    clk
    AE23                 IBUF (Prop_ibuf_I_O)         0.660     7.560 r  clk_IBUF_inst/O
                         net (fo=1, routed)           2.516    10.076    clk_IBUF
    BUFGCTRL_X0Y0        BUFG (Prop_bufg_I_O)         0.083    10.159 r  u_bufg/O
                         net (fo=5754, routed)        1.664    11.823    u_soc/Core_cpu/U_IF_ID/clk_buf
    SLICE_X31Y34         FDCE                                         r  u_soc/Core_cpu/U_IF_ID/id_pred_npc_reg[23]/C
                         clock pessimism              0.237    12.059    
                         clock uncertainty           -0.035    12.024    
    SLICE_X31Y34         FDCE (Recov_fdce_C_CLR)     -0.212    11.812    u_soc/Core_cpu/U_IF_ID/id_pred_npc_reg[23]
  -------------------------------------------------------------------
                         required time                         11.812    
                         arrival time                          -8.814    
  -------------------------------------------------------------------
                         slack                                  2.998    

Slack (MET) :             2.998ns  (required time - arrival time)
  Source:                 u_soc/rst_cpu_reg_rep__8/C
                            (rising edge-triggered cell FDPE clocked by clk  {rise@0.000ns fall@3.450ns period=6.900ns})
  Destination:            u_soc/Core_cpu/U_IF_ID/id_pred_npc_reg[24]/CLR
                            (recovery check against rising-edge clock clk  {rise@0.000ns fall@3.450ns period=6.900ns})
  Path Group:             **async_default**
  Path Type:              Recovery (Max at Slow Process Corner)
  Requirement:            6.900ns  (clk rise@6.900ns - clk rise@0.000ns)
  Data Path Delay:        3.788ns  (logic 0.259ns (6.837%)  route 3.529ns (93.163%))
  Logic Levels:           0  
  Clock Path Skew:        0.134ns (DCD - SCD + CPR)
    Destination Clock Delay (DCD):    4.923ns = ( 11.823 - 6.900 ) 
    Source Clock Delay      (SCD):    5.025ns
    Clock Pessimism Removal (CPR):    0.237ns
  Clock Uncertainty:      0.035ns  ((TSJ^2 + TIJ^2)^1/2 + DJ) / 2 + PE
    Total System Jitter     (TSJ):    0.071ns
    Total Input Jitter      (TIJ):    0.000ns
    Discrete Jitter          (DJ):    0.000ns
    Phase Error              (PE):    0.000ns

    Location             Delay type                Incr(ns)  Path(ns)    Netlist Resource(s)
  -------------------------------------------------------------------    -------------------
                         (clock clk rise edge)        0.000     0.000 r  
    AE23                                              0.000     0.000 r  clk (IN)
                         net (fo=0)                   0.000     0.000    clk
    AE23                 IBUF (Prop_ibuf_I_O)         0.734     0.734 r  clk_IBUF_inst/O
                         net (fo=1, routed)           2.651     3.385    clk_IBUF
    BUFGCTRL_X0Y0        BUFG (Prop_bufg_I_O)         0.093     3.478 r  u_bufg/O
                         net (fo=5754, routed)        1.547     5.025    u_soc/clk_buf
    SLICE_X54Y74         FDPE                                         r  u_soc/rst_cpu_reg_rep__8/C
  -------------------------------------------------------------------    -------------------
    SLICE_X54Y74         FDPE (Prop_fdpe_C_Q)         0.259     5.284 f  u_soc/rst_cpu_reg_rep__8/Q
                         net (fo=184, routed)         3.529     8.814    u_soc/Core_cpu/U_IF_ID/AR[0]
    SLICE_X31Y34         FDCE                                         f  u_soc/Core_cpu/U_IF_ID/id_pred_npc_reg[24]/CLR
  -------------------------------------------------------------------    -------------------

                         (clock clk rise edge)        6.900     6.900 r  
    AE23                                              0.000     6.900 r  clk (IN)
                         net (fo=0)                   0.000     6.900    clk
    AE23                 IBUF (Prop_ibuf_I_O)         0.660     7.560 r  clk_IBUF_inst/O
                         net (fo=1, routed)           2.516    10.076    clk_IBUF
    BUFGCTRL_X0Y0        BUFG (Prop_bufg_I_O)         0.083    10.159 r  u_bufg/O
                         net (fo=5754, routed)        1.664    11.823    u_soc/Core_cpu/U_IF_ID/clk_buf
    SLICE_X31Y34         FDCE                                         r  u_soc/Core_cpu/U_IF_ID/id_pred_npc_reg[24]/C
                         clock pessimism              0.237    12.059    
                         clock uncertainty           -0.035    12.024    
    SLICE_X31Y34         FDCE (Recov_fdce_C_CLR)     -0.212    11.812    u_soc/Core_cpu/U_IF_ID/id_pred_npc_reg[24]
  -------------------------------------------------------------------
                         required time                         11.812    
                         arrival time                          -8.814    
  -------------------------------------------------------------------
                         slack                                  2.998    

Slack (MET) :             2.998ns  (required time - arrival time)
  Source:                 u_soc/rst_cpu_reg_rep__8/C
                            (rising edge-triggered cell FDPE clocked by clk  {rise@0.000ns fall@3.450ns period=6.900ns})
  Destination:            u_soc/Core_cpu/U_IF_ID/id_pred_npc_reg[27]/CLR
                            (recovery check against rising-edge clock clk  {rise@0.000ns fall@3.450ns period=6.900ns})
  Path Group:             **async_default**
  Path Type:              Recovery (Max at Slow Process Corner)
  Requirement:            6.900ns  (clk rise@6.900ns - clk rise@0.000ns)
  Data Path Delay:        3.788ns  (logic 0.259ns (6.837%)  route 3.529ns (93.163%))
  Logic Levels:           0  
  Clock Path Skew:        0.134ns (DCD - SCD + CPR)
    Destination Clock Delay (DCD):    4.923ns = ( 11.823 - 6.900 ) 
    Source Clock Delay      (SCD):    5.025ns
    Clock Pessimism Removal (CPR):    0.237ns
  Clock Uncertainty:      0.035ns  ((TSJ^2 + TIJ^2)^1/2 + DJ) / 2 + PE
    Total System Jitter     (TSJ):    0.071ns
    Total Input Jitter      (TIJ):    0.000ns
    Discrete Jitter          (DJ):    0.000ns
    Phase Error              (PE):    0.000ns

    Location             Delay type                Incr(ns)  Path(ns)    Netlist Resource(s)
  -------------------------------------------------------------------    -------------------
                         (clock clk rise edge)        0.000     0.000 r  
    AE23                                              0.000     0.000 r  clk (IN)
                         net (fo=0)                   0.000     0.000    clk
    AE23                 IBUF (Prop_ibuf_I_O)         0.734     0.734 r  clk_IBUF_inst/O
                         net (fo=1, routed)           2.651     3.385    clk_IBUF
    BUFGCTRL_X0Y0        BUFG (Prop_bufg_I_O)         0.093     3.478 r  u_bufg/O
                         net (fo=5754, routed)        1.547     5.025    u_soc/clk_buf
    SLICE_X54Y74         FDPE                                         r  u_soc/rst_cpu_reg_rep__8/C
  -------------------------------------------------------------------    -------------------
    SLICE_X54Y74         FDPE (Prop_fdpe_C_Q)         0.259     5.284 f  u_soc/rst_cpu_reg_rep__8/Q
                         net (fo=184, routed)         3.529     8.814    u_soc/Core_cpu/U_IF_ID/AR[0]
    SLICE_X31Y34         FDCE                                         f  u_soc/Core_cpu/U_IF_ID/id_pred_npc_reg[27]/CLR
  -------------------------------------------------------------------    -------------------

                         (clock clk rise edge)        6.900     6.900 r  
    AE23                                              0.000     6.900 r  clk (IN)
                         net (fo=0)                   0.000     6.900    clk
    AE23                 IBUF (Prop_ibuf_I_O)         0.660     7.560 r  clk_IBUF_inst/O
                         net (fo=1, routed)           2.516    10.076    clk_IBUF
    BUFGCTRL_X0Y0        BUFG (Prop_bufg_I_O)         0.083    10.159 r  u_bufg/O
                         net (fo=5754, routed)        1.664    11.823    u_soc/Core_cpu/U_IF_ID/clk_buf
    SLICE_X31Y34         FDCE                                         r  u_soc/Core_cpu/U_IF_ID/id_pred_npc_reg[27]/C
                         clock pessimism              0.237    12.059    
                         clock uncertainty           -0.035    12.024    
    SLICE_X31Y34         FDCE (Recov_fdce_C_CLR)     -0.212    11.812    u_soc/Core_cpu/U_IF_ID/id_pred_npc_reg[27]
  -------------------------------------------------------------------
                         required time                         11.812    
                         arrival time                          -8.814    
  -------------------------------------------------------------------
                         slack                                  2.998    

Slack (MET) :             2.998ns  (required time - arrival time)
  Source:                 u_soc/rst_cpu_reg_rep__8/C
                            (rising edge-triggered cell FDPE clocked by clk  {rise@0.000ns fall@3.450ns period=6.900ns})
  Destination:            u_soc/Core_cpu/U_IF_ID/id_pred_npc_reg[28]/CLR
                            (recovery check against rising-edge clock clk  {rise@0.000ns fall@3.450ns period=6.900ns})
  Path Group:             **async_default**
  Path Type:              Recovery (Max at Slow Process Corner)
  Requirement:            6.900ns  (clk rise@6.900ns - clk rise@0.000ns)
  Data Path Delay:        3.788ns  (logic 0.259ns (6.837%)  route 3.529ns (93.163%))
  Logic Levels:           0  
  Clock Path Skew:        0.134ns (DCD - SCD + CPR)
    Destination Clock Delay (DCD):    4.923ns = ( 11.823 - 6.900 ) 
    Source Clock Delay      (SCD):    5.025ns
    Clock Pessimism Removal (CPR):    0.237ns
  Clock Uncertainty:      0.035ns  ((TSJ^2 + TIJ^2)^1/2 + DJ) / 2 + PE
    Total System Jitter     (TSJ):    0.071ns
    Total Input Jitter      (TIJ):    0.000ns
    Discrete Jitter          (DJ):    0.000ns
    Phase Error              (PE):    0.000ns

    Location             Delay type                Incr(ns)  Path(ns)    Netlist Resource(s)
  -------------------------------------------------------------------    -------------------
                         (clock clk rise edge)        0.000     0.000 r  
    AE23                                              0.000     0.000 r  clk (IN)
                         net (fo=0)                   0.000     0.000    clk
    AE23                 IBUF (Prop_ibuf_I_O)         0.734     0.734 r  clk_IBUF_inst/O
                         net (fo=1, routed)           2.651     3.385    clk_IBUF
    BUFGCTRL_X0Y0        BUFG (Prop_bufg_I_O)         0.093     3.478 r  u_bufg/O
                         net (fo=5754, routed)        1.547     5.025    u_soc/clk_buf
    SLICE_X54Y74         FDPE                                         r  u_soc/rst_cpu_reg_rep__8/C
  -------------------------------------------------------------------    -------------------
    SLICE_X54Y74         FDPE (Prop_fdpe_C_Q)         0.259     5.284 f  u_soc/rst_cpu_reg_rep__8/Q
                         net (fo=184, routed)         3.529     8.814    u_soc/Core_cpu/U_IF_ID/AR[0]
    SLICE_X31Y34         FDCE                                         f  u_soc/Core_cpu/U_IF_ID/id_pred_npc_reg[28]/CLR
  -------------------------------------------------------------------    -------------------

                         (clock clk rise edge)        6.900     6.900 r  
    AE23                                              0.000     6.900 r  clk (IN)
                         net (fo=0)                   0.000     6.900    clk
    AE23                 IBUF (Prop_ibuf_I_O)         0.660     7.560 r  clk_IBUF_inst/O
                         net (fo=1, routed)           2.516    10.076    clk_IBUF
    BUFGCTRL_X0Y0        BUFG (Prop_bufg_I_O)         0.083    10.159 r  u_bufg/O
                         net (fo=5754, routed)        1.664    11.823    u_soc/Core_cpu/U_IF_ID/clk_buf
    SLICE_X31Y34         FDCE                                         r  u_soc/Core_cpu/U_IF_ID/id_pred_npc_reg[28]/C
                         clock pessimism              0.237    12.059    
                         clock uncertainty           -0.035    12.024    
    SLICE_X31Y34         FDCE (Recov_fdce_C_CLR)     -0.212    11.812    u_soc/Core_cpu/U_IF_ID/id_pred_npc_reg[28]
  -------------------------------------------------------------------
                         required time                         11.812    
                         arrival time                          -8.814    
  -------------------------------------------------------------------
                         slack                                  2.998    

Slack (MET) :             2.999ns  (required time - arrival time)
  Source:                 u_soc/rst_cpu_reg_rep__8/C
                            (rising edge-triggered cell FDPE clocked by clk  {rise@0.000ns fall@3.450ns period=6.900ns})
  Destination:            u_soc/Core_cpu/U_IF_ID/id_pred_npc_reg[29]/CLR
                            (recovery check against rising-edge clock clk  {rise@0.000ns fall@3.450ns period=6.900ns})
  Path Group:             **async_default**
  Path Type:              Recovery (Max at Slow Process Corner)
  Requirement:            6.900ns  (clk rise@6.900ns - clk rise@0.000ns)
  Data Path Delay:        3.782ns  (logic 0.259ns (6.849%)  route 3.523ns (93.151%))
  Logic Levels:           0  
  Clock Path Skew:        0.128ns (DCD - SCD + CPR)
    Destination Clock Delay (DCD):    4.917ns = ( 11.817 - 6.900 ) 
    Source Clock Delay      (SCD):    5.025ns
    Clock Pessimism Removal (CPR):    0.237ns
  Clock Uncertainty:      0.035ns  ((TSJ^2 + TIJ^2)^1/2 + DJ) / 2 + PE
    Total System Jitter     (TSJ):    0.071ns
    Total Input Jitter      (TIJ):    0.000ns
    Discrete Jitter          (DJ):    0.000ns
    Phase Error              (PE):    0.000ns

    Location             Delay type                Incr(ns)  Path(ns)    Netlist Resource(s)
  -------------------------------------------------------------------    -------------------
                         (clock clk rise edge)        0.000     0.000 r  
    AE23                                              0.000     0.000 r  clk (IN)
                         net (fo=0)                   0.000     0.000    clk
    AE23                 IBUF (Prop_ibuf_I_O)         0.734     0.734 r  clk_IBUF_inst/O
                         net (fo=1, routed)           2.651     3.385    clk_IBUF
    BUFGCTRL_X0Y0        BUFG (Prop_bufg_I_O)         0.093     3.478 r  u_bufg/O
                         net (fo=5754, routed)        1.547     5.025    u_soc/clk_buf
    SLICE_X54Y74         FDPE                                         r  u_soc/rst_cpu_reg_rep__8/C
  -------------------------------------------------------------------    -------------------
    SLICE_X54Y74         FDPE (Prop_fdpe_C_Q)         0.259     5.284 f  u_soc/rst_cpu_reg_rep__8/Q
                         net (fo=184, routed)         3.523     8.807    u_soc/Core_cpu/U_IF_ID/AR[0]
    SLICE_X37Y32         FDCE                                         f  u_soc/Core_cpu/U_IF_ID/id_pred_npc_reg[29]/CLR
  -------------------------------------------------------------------    -------------------

                         (clock clk rise edge)        6.900     6.900 r  
    AE23                                              0.000     6.900 r  clk (IN)
                         net (fo=0)                   0.000     6.900    clk
    AE23                 IBUF (Prop_ibuf_I_O)         0.660     7.560 r  clk_IBUF_inst/O
                         net (fo=1, routed)           2.516    10.076    clk_IBUF
    BUFGCTRL_X0Y0        BUFG (Prop_bufg_I_O)         0.083    10.159 r  u_bufg/O
                         net (fo=5754, routed)        1.658    11.817    u_soc/Core_cpu/U_IF_ID/clk_buf
    SLICE_X37Y32         FDCE                                         r  u_soc/Core_cpu/U_IF_ID/id_pred_npc_reg[29]/C
                         clock pessimism              0.237    12.053    
                         clock uncertainty           -0.035    12.018    
    SLICE_X37Y32         FDCE (Recov_fdce_C_CLR)     -0.212    11.806    u_soc/Core_cpu/U_IF_ID/id_pred_npc_reg[29]
  -------------------------------------------------------------------
                         required time                         11.806    
                         arrival time                          -8.807    
  -------------------------------------------------------------------
                         slack                                  2.999    

Slack (MET) :             2.999ns  (required time - arrival time)
  Source:                 u_soc/rst_cpu_reg_rep__8/C
                            (rising edge-triggered cell FDPE clocked by clk  {rise@0.000ns fall@3.450ns period=6.900ns})
  Destination:            u_soc/Core_cpu/U_IF_ID/id_pred_npc_reg[31]/CLR
                            (recovery check against rising-edge clock clk  {rise@0.000ns fall@3.450ns period=6.900ns})
  Path Group:             **async_default**
  Path Type:              Recovery (Max at Slow Process Corner)
  Requirement:            6.900ns  (clk rise@6.900ns - clk rise@0.000ns)
  Data Path Delay:        3.782ns  (logic 0.259ns (6.849%)  route 3.523ns (93.151%))
  Logic Levels:           0  
  Clock Path Skew:        0.128ns (DCD - SCD + CPR)
    Destination Clock Delay (DCD):    4.917ns = ( 11.817 - 6.900 ) 
    Source Clock Delay      (SCD):    5.025ns
    Clock Pessimism Removal (CPR):    0.237ns
  Clock Uncertainty:      0.035ns  ((TSJ^2 + TIJ^2)^1/2 + DJ) / 2 + PE
    Total System Jitter     (TSJ):    0.071ns
    Total Input Jitter      (TIJ):    0.000ns
    Discrete Jitter          (DJ):    0.000ns
    Phase Error              (PE):    0.000ns

    Location             Delay type                Incr(ns)  Path(ns)    Netlist Resource(s)
  -------------------------------------------------------------------    -------------------
                         (clock clk rise edge)        0.000     0.000 r  
    AE23                                              0.000     0.000 r  clk (IN)
                         net (fo=0)                   0.000     0.000    clk
    AE23                 IBUF (Prop_ibuf_I_O)         0.734     0.734 r  clk_IBUF_inst/O
                         net (fo=1, routed)           2.651     3.385    clk_IBUF
    BUFGCTRL_X0Y0        BUFG (Prop_bufg_I_O)         0.093     3.478 r  u_bufg/O
                         net (fo=5754, routed)        1.547     5.025    u_soc/clk_buf
    SLICE_X54Y74         FDPE                                         r  u_soc/rst_cpu_reg_rep__8/C
  -------------------------------------------------------------------    -------------------
    SLICE_X54Y74         FDPE (Prop_fdpe_C_Q)         0.259     5.284 f  u_soc/rst_cpu_reg_rep__8/Q
                         net (fo=184, routed)         3.523     8.807    u_soc/Core_cpu/U_IF_ID/AR[0]
    SLICE_X37Y32         FDCE                                         f  u_soc/Core_cpu/U_IF_ID/id_pred_npc_reg[31]/CLR
  -------------------------------------------------------------------    -------------------

                         (clock clk rise edge)        6.900     6.900 r  
    AE23                                              0.000     6.900 r  clk (IN)
                         net (fo=0)                   0.000     6.900    clk
    AE23                 IBUF (Prop_ibuf_I_O)         0.660     7.560 r  clk_IBUF_inst/O
                         net (fo=1, routed)           2.516    10.076    clk_IBUF
    BUFGCTRL_X0Y0        BUFG (Prop_bufg_I_O)         0.083    10.159 r  u_bufg/O
                         net (fo=5754, routed)        1.658    11.817    u_soc/Core_cpu/U_IF_ID/clk_buf
    SLICE_X37Y32         FDCE                                         r  u_soc/Core_cpu/U_IF_ID/id_pred_npc_reg[31]/C
                         clock pessimism              0.237    12.053    
                         clock uncertainty           -0.035    12.018    
    SLICE_X37Y32         FDCE (Recov_fdce_C_CLR)     -0.212    11.806    u_soc/Core_cpu/U_IF_ID/id_pred_npc_reg[31]
  -------------------------------------------------------------------
                         required time                         11.806    
                         arrival time                          -8.807    
  -------------------------------------------------------------------
                         slack                                  2.999    

Slack (MET) :             3.013ns  (required time - arrival time)
  Source:                 u_soc/rst_cpu_reg_rep__8/C
                            (rising edge-triggered cell FDPE clocked by clk  {rise@0.000ns fall@3.450ns period=6.900ns})
  Destination:            u_soc/Core_cpu/U_IF_ID/id_pred_npc_reg[12]/CLR
                            (recovery check against rising-edge clock clk  {rise@0.000ns fall@3.450ns period=6.900ns})
  Path Group:             **async_default**
  Path Type:              Recovery (Max at Slow Process Corner)
  Requirement:            6.900ns  (clk rise@6.900ns - clk rise@0.000ns)
  Data Path Delay:        3.770ns  (logic 0.259ns (6.870%)  route 3.511ns (93.130%))
  Logic Levels:           0  
  Clock Path Skew:        0.131ns (DCD - SCD + CPR)
    Destination Clock Delay (DCD):    4.920ns = ( 11.820 - 6.900 ) 
    Source Clock Delay      (SCD):    5.025ns
    Clock Pessimism Removal (CPR):    0.237ns
  Clock Uncertainty:      0.035ns  ((TSJ^2 + TIJ^2)^1/2 + DJ) / 2 + PE
    Total System Jitter     (TSJ):    0.071ns
    Total Input Jitter      (TIJ):    0.000ns
    Discrete Jitter          (DJ):    0.000ns
    Phase Error              (PE):    0.000ns

    Location             Delay type                Incr(ns)  Path(ns)    Netlist Resource(s)
  -------------------------------------------------------------------    -------------------
                         (clock clk rise edge)        0.000     0.000 r  
    AE23                                              0.000     0.000 r  clk (IN)
                         net (fo=0)                   0.000     0.000    clk
    AE23                 IBUF (Prop_ibuf_I_O)         0.734     0.734 r  clk_IBUF_inst/O
                         net (fo=1, routed)           2.651     3.385    clk_IBUF
    BUFGCTRL_X0Y0        BUFG (Prop_bufg_I_O)         0.093     3.478 r  u_bufg/O
                         net (fo=5754, routed)        1.547     5.025    u_soc/clk_buf
    SLICE_X54Y74         FDPE                                         r  u_soc/rst_cpu_reg_rep__8/C
  -------------------------------------------------------------------    -------------------
    SLICE_X54Y74         FDPE (Prop_fdpe_C_Q)         0.259     5.284 f  u_soc/rst_cpu_reg_rep__8/Q
                         net (fo=184, routed)         3.511     8.796    u_soc/Core_cpu/U_IF_ID/AR[0]
    SLICE_X35Y32         FDCE                                         f  u_soc/Core_cpu/U_IF_ID/id_pred_npc_reg[12]/CLR
  -------------------------------------------------------------------    -------------------

                         (clock clk rise edge)        6.900     6.900 r  
    AE23                                              0.000     6.900 r  clk (IN)
                         net (fo=0)                   0.000     6.900    clk
    AE23                 IBUF (Prop_ibuf_I_O)         0.660     7.560 r  clk_IBUF_inst/O
                         net (fo=1, routed)           2.516    10.076    clk_IBUF
    BUFGCTRL_X0Y0        BUFG (Prop_bufg_I_O)         0.083    10.159 r  u_bufg/O
                         net (fo=5754, routed)        1.661    11.820    u_soc/Core_cpu/U_IF_ID/clk_buf
    SLICE_X35Y32         FDCE                                         r  u_soc/Core_cpu/U_IF_ID/id_pred_npc_reg[12]/C
                         clock pessimism              0.237    12.056    
                         clock uncertainty           -0.035    12.021    
    SLICE_X35Y32         FDCE (Recov_fdce_C_CLR)     -0.212    11.809    u_soc/Core_cpu/U_IF_ID/id_pred_npc_reg[12]
  -------------------------------------------------------------------
                         required time                         11.809    
                         arrival time                          -8.796    
  -------------------------------------------------------------------
                         slack                                  3.013    

Slack (MET) :             3.013ns  (required time - arrival time)
  Source:                 u_soc/rst_cpu_reg_rep__8/C
                            (rising edge-triggered cell FDPE clocked by clk  {rise@0.000ns fall@3.450ns period=6.900ns})
  Destination:            u_soc/Core_cpu/U_IF_ID/id_pred_npc_reg[14]/CLR
                            (recovery check against rising-edge clock clk  {rise@0.000ns fall@3.450ns period=6.900ns})
  Path Group:             **async_default**
  Path Type:              Recovery (Max at Slow Process Corner)
  Requirement:            6.900ns  (clk rise@6.900ns - clk rise@0.000ns)
  Data Path Delay:        3.770ns  (logic 0.259ns (6.870%)  route 3.511ns (93.130%))
  Logic Levels:           0  
  Clock Path Skew:        0.131ns (DCD - SCD + CPR)
    Destination Clock Delay (DCD):    4.920ns = ( 11.820 - 6.900 ) 
    Source Clock Delay      (SCD):    5.025ns
    Clock Pessimism Removal (CPR):    0.237ns
  Clock Uncertainty:      0.035ns  ((TSJ^2 + TIJ^2)^1/2 + DJ) / 2 + PE
    Total System Jitter     (TSJ):    0.071ns
    Total Input Jitter      (TIJ):    0.000ns
    Discrete Jitter          (DJ):    0.000ns
    Phase Error              (PE):    0.000ns

    Location             Delay type                Incr(ns)  Path(ns)    Netlist Resource(s)
  -------------------------------------------------------------------    -------------------
                         (clock clk rise edge)        0.000     0.000 r  
    AE23                                              0.000     0.000 r  clk (IN)
                         net (fo=0)                   0.000     0.000    clk
    AE23                 IBUF (Prop_ibuf_I_O)         0.734     0.734 r  clk_IBUF_inst/O
                         net (fo=1, routed)           2.651     3.385    clk_IBUF
    BUFGCTRL_X0Y0        BUFG (Prop_bufg_I_O)         0.093     3.478 r  u_bufg/O
                         net (fo=5754, routed)        1.547     5.025    u_soc/clk_buf
    SLICE_X54Y74         FDPE                                         r  u_soc/rst_cpu_reg_rep__8/C
  -------------------------------------------------------------------    -------------------
    SLICE_X54Y74         FDPE (Prop_fdpe_C_Q)         0.259     5.284 f  u_soc/rst_cpu_reg_rep__8/Q
                         net (fo=184, routed)         3.511     8.796    u_soc/Core_cpu/U_IF_ID/AR[0]
    SLICE_X35Y32         FDCE                                         f  u_soc/Core_cpu/U_IF_ID/id_pred_npc_reg[14]/CLR
  -------------------------------------------------------------------    -------------------

                         (clock clk rise edge)        6.900     6.900 r  
    AE23                                              0.000     6.900 r  clk (IN)
                         net (fo=0)                   0.000     6.900    clk
    AE23                 IBUF (Prop_ibuf_I_O)         0.660     7.560 r  clk_IBUF_inst/O
                         net (fo=1, routed)           2.516    10.076    clk_IBUF
    BUFGCTRL_X0Y0        BUFG (Prop_bufg_I_O)         0.083    10.159 r  u_bufg/O
                         net (fo=5754, routed)        1.661    11.820    u_soc/Core_cpu/U_IF_ID/clk_buf
    SLICE_X35Y32         FDCE                                         r  u_soc/Core_cpu/U_IF_ID/id_pred_npc_reg[14]/C
                         clock pessimism              0.237    12.056    
                         clock uncertainty           -0.035    12.021    
    SLICE_X35Y32         FDCE (Recov_fdce_C_CLR)     -0.212    11.809    u_soc/Core_cpu/U_IF_ID/id_pred_npc_reg[14]
  -------------------------------------------------------------------
                         required time                         11.809    
                         arrival time                          -8.796    
  -------------------------------------------------------------------
                         slack                                  3.013    





