Copyright 1986-2022 Xilinx, Inc. All Rights Reserved. Copyright 2022-2023 Advanced Micro Devices, Inc. All Rights Reserved.
-------------------------------------------------------------------------------------------------------------------------------------------------------------------------------------------------------------------------------------
| Tool Version : Vivado v.2023.2 (lin64) Build 4029153 Fri Oct 13 20:13:54 MDT 2023
| Date         : Mon Sep 28 23:13:57 2026
| Host         : edaserver08 running 64-bit NAME="Red Hat Enterprise Linux Server"
| Command      : report_timing -delay_type max -from [get_pins -hier -filter {NAME =~ "*u_icache/q_pc_q_reg*/C"}] -max_paths 20 -nworst 3 -file /home/st-wangjun/project/RISCV_A910/synth/vivado/fmax_impl_6.9ns/timing_from_qpc.rpt
| Design       : top_fmax
| Device       : 7k325t-ffg900
| Speed File   : -2  PRODUCTION 1.12 2017-02-17
| Design State : Routed
-------------------------------------------------------------------------------------------------------------------------------------------------------------------------------------------------------------------------------------

Timing Report

Slack (MET) :             0.237ns  (required time - arrival time)
  Source:                 u_soc/Core_cpu/u_ifu_subsys/u_icache/q_pc_q_reg[9]/C
                            (rising edge-triggered cell FDRE clocked by clk  {rise@0.000ns fall@3.450ns period=6.900ns})
  Destination:            u_soc/Core_cpu/u_ifu_subsys/u_ibuf/ent_q_reg[2][47]/D
                            (rising edge-triggered cell FDRE clocked by clk  {rise@0.000ns fall@3.450ns period=6.900ns})
  Path Group:             clk
  Path Type:              Setup (Max at Slow Process Corner)
  Requirement:            6.900ns  (clk rise@6.900ns - clk rise@0.000ns)
  Data Path Delay:        6.699ns  (logic 0.904ns (13.494%)  route 5.795ns (86.506%))
  Logic Levels:           15  (LUT3=4 LUT4=1 LUT5=1 LUT6=8 RAMD64E=1)
  Clock Path Skew:        0.039ns (DCD - SCD + CPR)
    Destination Clock Delay (DCD):    4.986ns = ( 11.886 - 6.900 ) 
    Source Clock Delay      (SCD):    5.258ns
    Clock Pessimism Removal (CPR):    0.312ns
  Clock Uncertainty:      0.035ns  ((TSJ^2 + TIJ^2)^1/2 + DJ) / 2 + PE
    Total System Jitter     (TSJ):    0.071ns
    Total Input Jitter      (TIJ):    0.000ns
    Discrete Jitter          (DJ):    0.000ns
    Phase Error              (PE):    0.000ns

    Location             Delay type                Incr(ns)  Path(ns)    Netlist Resource(s)
  -------------------------------------------------------------------    -------------------
                         (clock clk rise edge)        0.000     0.000 r  
    AE23                                              0.000     0.000 r  clk (IN)
                         net (fo=0)                   0.000     0.000    clk
    AE23                 IBUF (Prop_ibuf_I_O)         0.734     0.734 r  clk_IBUF_inst/O
                         net (fo=1, routed)           2.651     3.385    clk_IBUF
    BUFGCTRL_X0Y0        BUFG (Prop_bufg_I_O)         0.093     3.478 r  u_bufg/O
                         net (fo=5754, routed)        1.780     5.258    u_soc/Core_cpu/u_ifu_subsys/u_icache/clk_buf
    SLICE_X46Y24         FDRE                                         r  u_soc/Core_cpu/u_ifu_subsys/u_icache/q_pc_q_reg[9]/C
  -------------------------------------------------------------------    -------------------
    SLICE_X46Y24         FDRE (Prop_fdre_C_Q)         0.259     5.517 r  u_soc/Core_cpu/u_ifu_subsys/u_icache/q_pc_q_reg[9]/Q
                         net (fo=148, routed)         0.473     5.990    u_soc/Core_cpu/u_ifu_subsys/g_tage.u_tage/g_tab[0].tg_p_reg_r1_0_63_3_5/ADDRA5
    SLICE_X50Y24         RAMD64E (Prop_ramd64e_RADR5_O)
                                                      0.043     6.033 r  u_soc/Core_cpu/u_ifu_subsys/g_tage.u_tage/g_tab[0].tg_p_reg_r1_0_63_3_5/RAMA/O
                         net (fo=1, routed)           0.576     6.610    u_soc/Core_cpu/u_ifu_subsys/u_btb/p_1_in4_in[0]
    SLICE_X47Y24         LUT6 (Prop_lut6_I1_O)        0.043     6.653 f  u_soc/Core_cpu/u_ifu_subsys/u_btb/ent_q[6][150]_i_42/O
                         net (fo=7, routed)           0.263     6.916    u_soc/Core_cpu/u_ifu_subsys/g_tage.u_tage/id_bht_chk[22]_i_4_0
    SLICE_X43Y24         LUT3 (Prop_lut3_I1_O)        0.043     6.959 f  u_soc/Core_cpu/u_ifu_subsys/g_tage.u_tage/id_bht_chk[22]_i_35/O
                         net (fo=8, routed)           0.447     7.406    u_soc/Core_cpu/u_ifu_subsys/g_tage.u_tage/id_bht_chk[22]_i_35_n_0
    SLICE_X43Y22         LUT6 (Prop_lut6_I5_O)        0.043     7.449 r  u_soc/Core_cpu/u_ifu_subsys/g_tage.u_tage/ent_q[6][150]_i_49/O
                         net (fo=2, routed)           0.341     7.790    u_soc/Core_cpu/u_ifu_subsys/g_tage.u_tage/ent_q[6][150]_i_49_n_0
    SLICE_X43Y20         LUT6 (Prop_lut6_I4_O)        0.043     7.833 f  u_soc/Core_cpu/u_ifu_subsys/g_tage.u_tage/ent_q[6][150]_i_27/O
                         net (fo=1, routed)           0.350     8.183    u_soc/Core_cpu/u_ifu_subsys/g_tage.u_tage/ent_q[6][150]_i_27_n_0
    SLICE_X43Y21         LUT6 (Prop_lut6_I2_O)        0.043     8.226 f  u_soc/Core_cpu/u_ifu_subsys/g_tage.u_tage/ent_q[6][150]_i_12/O
                         net (fo=5, routed)           0.196     8.422    u_soc/Core_cpu/u_ifu_subsys/u_btb/q_t0_idx[1]_i_10_3
    SLICE_X41Y21         LUT6 (Prop_lut6_I3_O)        0.043     8.465 f  u_soc/Core_cpu/u_ifu_subsys/u_btb/q_t0_idx[1]_i_17/O
                         net (fo=21, routed)          0.352     8.818    u_soc/Core_cpu/u_ifu_subsys/u_btb/btb_t2
    SLICE_X39Y20         LUT3 (Prop_lut3_I0_O)        0.043     8.861 r  u_soc/Core_cpu/u_ifu_subsys/u_btb/id_pred_npc[31]_i_5/O
                         net (fo=5, routed)           0.443     9.304    u_soc/Core_cpu/u_ifu_subsys/u_icache/u_tag_way1/u_prim/taken_slot[0]
    SLICE_X34Y19         LUT6 (Prop_lut6_I1_O)        0.043     9.347 r  u_soc/Core_cpu/u_ifu_subsys/u_icache/u_tag_way1/u_prim/cnt_q[4]_i_6/O
                         net (fo=8, routed)           0.204     9.550    u_soc/Core_cpu/u_ifu_subsys/u_ibuf/push_num[2]
    SLICE_X32Y19         LUT3 (Prop_lut3_I1_O)        0.043     9.593 r  u_soc/Core_cpu/u_ifu_subsys/u_ibuf/ent_q[6][95]_i_4/O
                         net (fo=108, routed)         0.238     9.831    u_soc/Core_cpu/u_ifu_subsys/u_ibuf/ent_q[6][95]_i_4_n_0
    SLICE_X31Y19         LUT6 (Prop_lut6_I5_O)        0.043     9.874 r  u_soc/Core_cpu/u_ifu_subsys/u_ibuf/id_have_inst_i_2/O
                         net (fo=114, routed)         0.527    10.401    u_soc/Core_cpu/u_ifu_subsys/u_ibuf/cnt_q_reg[4]_2
    SLICE_X26Y14         LUT5 (Prop_lut5_I4_O)        0.043    10.444 r  u_soc/Core_cpu/u_ifu_subsys/u_ibuf/ent_q[6][47]_i_5/O
                         net (fo=9, routed)           0.846    11.290    u_soc/Core_cpu/u_ifu_subsys/u_ibuf/p_0_in__0[47]
    SLICE_X4Y12          LUT3 (Prop_lut3_I0_O)        0.043    11.333 r  u_soc/Core_cpu/u_ifu_subsys/u_ibuf/ent_q[2][47]_i_3/O
                         net (fo=1, routed)           0.329    11.662    u_soc/Core_cpu/u_ifu_subsys/u_ibuf/ent_q[812]
    SLICE_X4Y12          LUT6 (Prop_lut6_I5_O)        0.043    11.705 r  u_soc/Core_cpu/u_ifu_subsys/u_ibuf/ent_q[2][47]_i_2/O
                         net (fo=1, routed)           0.209    11.915    u_soc/Core_cpu/u_ifu_subsys/u_ibuf/ent_q[2][47]_i_2_n_0
    SLICE_X5Y12          LUT4 (Prop_lut4_I3_O)        0.043    11.958 r  u_soc/Core_cpu/u_ifu_subsys/u_ibuf/ent_q[2][47]_i_1/O
                         net (fo=1, routed)           0.000    11.958    u_soc/Core_cpu/u_ifu_subsys/u_ibuf/ent_q[2][47]_i_1_n_0
    SLICE_X5Y12          FDRE                                         r  u_soc/Core_cpu/u_ifu_subsys/u_ibuf/ent_q_reg[2][47]/D
  -------------------------------------------------------------------    -------------------

                         (clock clk rise edge)        6.900     6.900 r  
    AE23                                              0.000     6.900 r  clk (IN)
                         net (fo=0)                   0.000     6.900    clk
    AE23                 IBUF (Prop_ibuf_I_O)         0.660     7.560 r  clk_IBUF_inst/O
                         net (fo=1, routed)           2.516    10.076    clk_IBUF
    BUFGCTRL_X0Y0        BUFG (Prop_bufg_I_O)         0.083    10.159 r  u_bufg/O
                         net (fo=5754, routed)        1.727    11.886    u_soc/Core_cpu/u_ifu_subsys/u_ibuf/clk_buf
    SLICE_X5Y12          FDRE                                         r  u_soc/Core_cpu/u_ifu_subsys/u_ibuf/ent_q_reg[2][47]/C
                         clock pessimism              0.312    12.197    
                         clock uncertainty           -0.035    12.162    
    SLICE_X5Y12          FDRE (Setup_fdre_C_D)        0.033    12.195    u_soc/Core_cpu/u_ifu_subsys/u_ibuf/ent_q_reg[2][47]
  -------------------------------------------------------------------
                         required time                         12.195    
                         arrival time                         -11.958    
  -------------------------------------------------------------------
                         slack                                  0.237    

Slack (MET) :             0.237ns  (required time - arrival time)
  Source:                 u_soc/Core_cpu/u_ifu_subsys/u_icache/q_pc_q_reg[9]/C
                            (rising edge-triggered cell FDRE clocked by clk  {rise@0.000ns fall@3.450ns period=6.900ns})
  Destination:            u_soc/Core_cpu/u_ifu_subsys/u_ibuf/ent_q_reg[2][47]/D
                            (rising edge-triggered cell FDRE clocked by clk  {rise@0.000ns fall@3.450ns period=6.900ns})
  Path Group:             clk
  Path Type:              Setup (Max at Slow Process Corner)
  Requirement:            6.900ns  (clk rise@6.900ns - clk rise@0.000ns)
  Data Path Delay:        6.699ns  (logic 0.904ns (13.494%)  route 5.795ns (86.506%))
  Logic Levels:           15  (LUT3=4 LUT4=1 LUT5=1 LUT6=8 RAMD64E=1)
  Clock Path Skew:        0.039ns (DCD - SCD + CPR)
    Destination Clock Delay (DCD):    4.986ns = ( 11.886 - 6.900 ) 
    Source Clock Delay      (SCD):    5.258ns
    Clock Pessimism Removal (CPR):    0.312ns
  Clock Uncertainty:      0.035ns  ((TSJ^2 + TIJ^2)^1/2 + DJ) / 2 + PE
    Total System Jitter     (TSJ):    0.071ns
    Total Input Jitter      (TIJ):    0.000ns
    Discrete Jitter          (DJ):    0.000ns
    Phase Error              (PE):    0.000ns

    Location             Delay type                Incr(ns)  Path(ns)    Netlist Resource(s)
  -------------------------------------------------------------------    -------------------
                         (clock clk rise edge)        0.000     0.000 r  
    AE23                                              0.000     0.000 r  clk (IN)
                         net (fo=0)                   0.000     0.000    clk
    AE23                 IBUF (Prop_ibuf_I_O)         0.734     0.734 r  clk_IBUF_inst/O
                         net (fo=1, routed)           2.651     3.385    clk_IBUF
    BUFGCTRL_X0Y0        BUFG (Prop_bufg_I_O)         0.093     3.478 r  u_bufg/O
                         net (fo=5754, routed)        1.780     5.258    u_soc/Core_cpu/u_ifu_subsys/u_icache/clk_buf
    SLICE_X46Y24         FDRE                                         r  u_soc/Core_cpu/u_ifu_subsys/u_icache/q_pc_q_reg[9]/C
  -------------------------------------------------------------------    -------------------
    SLICE_X46Y24         FDRE (Prop_fdre_C_Q)         0.259     5.517 r  u_soc/Core_cpu/u_ifu_subsys/u_icache/q_pc_q_reg[9]/Q
                         net (fo=148, routed)         0.473     5.990    u_soc/Core_cpu/u_ifu_subsys/g_tage.u_tage/g_tab[0].tg_p_reg_r1_0_63_3_5/ADDRA5
    SLICE_X50Y24         RAMD64E (Prop_ramd64e_RADR5_O)
                                                      0.043     6.033 f  u_soc/Core_cpu/u_ifu_subsys/g_tage.u_tage/g_tab[0].tg_p_reg_r1_0_63_3_5/RAMA/O
                         net (fo=1, routed)           0.576     6.610    u_soc/Core_cpu/u_ifu_subsys/u_btb/p_1_in4_in[0]
    SLICE_X47Y24         LUT6 (Prop_lut6_I1_O)        0.043     6.653 f  u_soc/Core_cpu/u_ifu_subsys/u_btb/ent_q[6][150]_i_42/O
                         net (fo=7, routed)           0.263     6.916    u_soc/Core_cpu/u_ifu_subsys/g_tage.u_tage/id_bht_chk[22]_i_4_0
    SLICE_X43Y24         LUT3 (Prop_lut3_I1_O)        0.043     6.959 f  u_soc/Core_cpu/u_ifu_subsys/g_tage.u_tage/id_bht_chk[22]_i_35/O
                         net (fo=8, routed)           0.447     7.406    u_soc/Core_cpu/u_ifu_subsys/g_tage.u_tage/id_bht_chk[22]_i_35_n_0
    SLICE_X43Y22         LUT6 (Prop_lut6_I5_O)        0.043     7.449 r  u_soc/Core_cpu/u_ifu_subsys/g_tage.u_tage/ent_q[6][150]_i_49/O
                         net (fo=2, routed)           0.341     7.790    u_soc/Core_cpu/u_ifu_subsys/g_tage.u_tage/ent_q[6][150]_i_49_n_0
    SLICE_X43Y20         LUT6 (Prop_lut6_I4_O)        0.043     7.833 f  u_soc/Core_cpu/u_ifu_subsys/g_tage.u_tage/ent_q[6][150]_i_27/O
                         net (fo=1, routed)           0.350     8.183    u_soc/Core_cpu/u_ifu_subsys/g_tage.u_tage/ent_q[6][150]_i_27_n_0
    SLICE_X43Y21         LUT6 (Prop_lut6_I2_O)        0.043     8.226 f  u_soc/Core_cpu/u_ifu_subsys/g_tage.u_tage/ent_q[6][150]_i_12/O
                         net (fo=5, routed)           0.196     8.422    u_soc/Core_cpu/u_ifu_subsys/u_btb/q_t0_idx[1]_i_10_3
    SLICE_X41Y21         LUT6 (Prop_lut6_I3_O)        0.043     8.465 f  u_soc/Core_cpu/u_ifu_subsys/u_btb/q_t0_idx[1]_i_17/O
                         net (fo=21, routed)          0.352     8.818    u_soc/Core_cpu/u_ifu_subsys/u_btb/btb_t2
    SLICE_X39Y20         LUT3 (Prop_lut3_I0_O)        0.043     8.861 r  u_soc/Core_cpu/u_ifu_subsys/u_btb/id_pred_npc[31]_i_5/O
                         net (fo=5, routed)           0.443     9.304    u_soc/Core_cpu/u_ifu_subsys/u_icache/u_tag_way1/u_prim/taken_slot[0]
    SLICE_X34Y19         LUT6 (Prop_lut6_I1_O)        0.043     9.347 r  u_soc/Core_cpu/u_ifu_subsys/u_icache/u_tag_way1/u_prim/cnt_q[4]_i_6/O
                         net (fo=8, routed)           0.204     9.550    u_soc/Core_cpu/u_ifu_subsys/u_ibuf/push_num[2]
    SLICE_X32Y19         LUT3 (Prop_lut3_I1_O)        0.043     9.593 r  u_soc/Core_cpu/u_ifu_subsys/u_ibuf/ent_q[6][95]_i_4/O
                         net (fo=108, routed)         0.238     9.831    u_soc/Core_cpu/u_ifu_subsys/u_ibuf/ent_q[6][95]_i_4_n_0
    SLICE_X31Y19         LUT6 (Prop_lut6_I5_O)        0.043     9.874 r  u_soc/Core_cpu/u_ifu_subsys/u_ibuf/id_have_inst_i_2/O
                         net (fo=114, routed)         0.527    10.401    u_soc/Core_cpu/u_ifu_subsys/u_ibuf/cnt_q_reg[4]_2
    SLICE_X26Y14         LUT5 (Prop_lut5_I4_O)        0.043    10.444 r  u_soc/Core_cpu/u_ifu_subsys/u_ibuf/ent_q[6][47]_i_5/O
                         net (fo=9, routed)           0.846    11.290    u_soc/Core_cpu/u_ifu_subsys/u_ibuf/p_0_in__0[47]
    SLICE_X4Y12          LUT3 (Prop_lut3_I0_O)        0.043    11.333 r  u_soc/Core_cpu/u_ifu_subsys/u_ibuf/ent_q[2][47]_i_3/O
                         net (fo=1, routed)           0.329    11.662    u_soc/Core_cpu/u_ifu_subsys/u_ibuf/ent_q[812]
    SLICE_X4Y12          LUT6 (Prop_lut6_I5_O)        0.043    11.705 r  u_soc/Core_cpu/u_ifu_subsys/u_ibuf/ent_q[2][47]_i_2/O
                         net (fo=1, routed)           0.209    11.915    u_soc/Core_cpu/u_ifu_subsys/u_ibuf/ent_q[2][47]_i_2_n_0
    SLICE_X5Y12          LUT4 (Prop_lut4_I3_O)        0.043    11.958 r  u_soc/Core_cpu/u_ifu_subsys/u_ibuf/ent_q[2][47]_i_1/O
                         net (fo=1, routed)           0.000    11.958    u_soc/Core_cpu/u_ifu_subsys/u_ibuf/ent_q[2][47]_i_1_n_0
    SLICE_X5Y12          FDRE                                         r  u_soc/Core_cpu/u_ifu_subsys/u_ibuf/ent_q_reg[2][47]/D
  -------------------------------------------------------------------    -------------------

                         (clock clk rise edge)        6.900     6.900 r  
    AE23                                              0.000     6.900 r  clk (IN)
                         net (fo=0)                   0.000     6.900    clk
    AE23                 IBUF (Prop_ibuf_I_O)         0.660     7.560 r  clk_IBUF_inst/O
                         net (fo=1, routed)           2.516    10.076    clk_IBUF
    BUFGCTRL_X0Y0        BUFG (Prop_bufg_I_O)         0.083    10.159 r  u_bufg/O
                         net (fo=5754, routed)        1.727    11.886    u_soc/Core_cpu/u_ifu_subsys/u_ibuf/clk_buf
    SLICE_X5Y12          FDRE                                         r  u_soc/Core_cpu/u_ifu_subsys/u_ibuf/ent_q_reg[2][47]/C
                         clock pessimism              0.312    12.197    
                         clock uncertainty           -0.035    12.162    
    SLICE_X5Y12          FDRE (Setup_fdre_C_D)        0.033    12.195    u_soc/Core_cpu/u_ifu_subsys/u_ibuf/ent_q_reg[2][47]
  -------------------------------------------------------------------
                         required time                         12.195    
                         arrival time                         -11.958    
  -------------------------------------------------------------------
                         slack                                  0.237    

Slack (MET) :             0.237ns  (required time - arrival time)
  Source:                 u_soc/Core_cpu/u_ifu_subsys/u_icache/q_pc_q_reg[9]/C
                            (rising edge-triggered cell FDRE clocked by clk  {rise@0.000ns fall@3.450ns period=6.900ns})
  Destination:            u_soc/Core_cpu/u_ifu_subsys/u_ibuf/ent_q_reg[2][47]/D
                            (rising edge-triggered cell FDRE clocked by clk  {rise@0.000ns fall@3.450ns period=6.900ns})
  Path Group:             clk
  Path Type:              Setup (Max at Slow Process Corner)
  Requirement:            6.900ns  (clk rise@6.900ns - clk rise@0.000ns)
  Data Path Delay:        6.699ns  (logic 0.904ns (13.494%)  route 5.795ns (86.506%))
  Logic Levels:           15  (LUT3=4 LUT4=1 LUT5=1 LUT6=8 RAMD64E=1)
  Clock Path Skew:        0.039ns (DCD - SCD + CPR)
    Destination Clock Delay (DCD):    4.986ns = ( 11.886 - 6.900 ) 
    Source Clock Delay      (SCD):    5.258ns
    Clock Pessimism Removal (CPR):    0.312ns
  Clock Uncertainty:      0.035ns  ((TSJ^2 + TIJ^2)^1/2 + DJ) / 2 + PE
    Total System Jitter     (TSJ):    0.071ns
    Total Input Jitter      (TIJ):    0.000ns
    Discrete Jitter          (DJ):    0.000ns
    Phase Error              (PE):    0.000ns

    Location             Delay type                Incr(ns)  Path(ns)    Netlist Resource(s)
  -------------------------------------------------------------------    -------------------
                         (clock clk rise edge)        0.000     0.000 r  
    AE23                                              0.000     0.000 r  clk (IN)
                         net (fo=0)                   0.000     0.000    clk
    AE23                 IBUF (Prop_ibuf_I_O)         0.734     0.734 r  clk_IBUF_inst/O
                         net (fo=1, routed)           2.651     3.385    clk_IBUF
    BUFGCTRL_X0Y0        BUFG (Prop_bufg_I_O)         0.093     3.478 r  u_bufg/O
                         net (fo=5754, routed)        1.780     5.258    u_soc/Core_cpu/u_ifu_subsys/u_icache/clk_buf
    SLICE_X46Y24         FDRE                                         r  u_soc/Core_cpu/u_ifu_subsys/u_icache/q_pc_q_reg[9]/C
  -------------------------------------------------------------------    -------------------
    SLICE_X46Y24         FDRE (Prop_fdre_C_Q)         0.259     5.517 r  u_soc/Core_cpu/u_ifu_subsys/u_icache/q_pc_q_reg[9]/Q
                         net (fo=148, routed)         0.473     5.990    u_soc/Core_cpu/u_ifu_subsys/g_tage.u_tage/g_tab[0].tg_p_reg_r1_0_63_3_5/ADDRA5
    SLICE_X50Y24         RAMD64E (Prop_ramd64e_RADR5_O)
                                                      0.043     6.033 r  u_soc/Core_cpu/u_ifu_subsys/g_tage.u_tage/g_tab[0].tg_p_reg_r1_0_63_3_5/RAMA/O
                         net (fo=1, routed)           0.576     6.610    u_soc/Core_cpu/u_ifu_subsys/u_btb/p_1_in4_in[0]
    SLICE_X47Y24         LUT6 (Prop_lut6_I1_O)        0.043     6.653 r  u_soc/Core_cpu/u_ifu_subsys/u_btb/ent_q[6][150]_i_42/O
                         net (fo=7, routed)           0.263     6.916    u_soc/Core_cpu/u_ifu_subsys/g_tage.u_tage/id_bht_chk[22]_i_4_0
    SLICE_X43Y24         LUT3 (Prop_lut3_I1_O)        0.043     6.959 r  u_soc/Core_cpu/u_ifu_subsys/g_tage.u_tage/id_bht_chk[22]_i_35/O
                         net (fo=8, routed)           0.447     7.406    u_soc/Core_cpu/u_ifu_subsys/g_tage.u_tage/id_bht_chk[22]_i_35_n_0
    SLICE_X43Y22         LUT6 (Prop_lut6_I5_O)        0.043     7.449 f  u_soc/Core_cpu/u_ifu_subsys/g_tage.u_tage/ent_q[6][150]_i_49/O
                         net (fo=2, routed)           0.341     7.790    u_soc/Core_cpu/u_ifu_subsys/g_tage.u_tage/ent_q[6][150]_i_49_n_0
    SLICE_X43Y20         LUT6 (Prop_lut6_I4_O)        0.043     7.833 f  u_soc/Core_cpu/u_ifu_subsys/g_tage.u_tage/ent_q[6][150]_i_27/O
                         net (fo=1, routed)           0.350     8.183    u_soc/Core_cpu/u_ifu_subsys/g_tage.u_tage/ent_q[6][150]_i_27_n_0
    SLICE_X43Y21         LUT6 (Prop_lut6_I2_O)        0.043     8.226 f  u_soc/Core_cpu/u_ifu_subsys/g_tage.u_tage/ent_q[6][150]_i_12/O
                         net (fo=5, routed)           0.196     8.422    u_soc/Core_cpu/u_ifu_subsys/u_btb/q_t0_idx[1]_i_10_3
    SLICE_X41Y21         LUT6 (Prop_lut6_I3_O)        0.043     8.465 f  u_soc/Core_cpu/u_ifu_subsys/u_btb/q_t0_idx[1]_i_17/O
                         net (fo=21, routed)          0.352     8.818    u_soc/Core_cpu/u_ifu_subsys/u_btb/btb_t2
    SLICE_X39Y20         LUT3 (Prop_lut3_I0_O)        0.043     8.861 r  u_soc/Core_cpu/u_ifu_subsys/u_btb/id_pred_npc[31]_i_5/O
                         net (fo=5, routed)           0.443     9.304    u_soc/Core_cpu/u_ifu_subsys/u_icache/u_tag_way1/u_prim/taken_slot[0]
    SLICE_X34Y19         LUT6 (Prop_lut6_I1_O)        0.043     9.347 r  u_soc/Core_cpu/u_ifu_subsys/u_icache/u_tag_way1/u_prim/cnt_q[4]_i_6/O
                         net (fo=8, routed)           0.204     9.550    u_soc/Core_cpu/u_ifu_subsys/u_ibuf/push_num[2]
    SLICE_X32Y19         LUT3 (Prop_lut3_I1_O)        0.043     9.593 r  u_soc/Core_cpu/u_ifu_subsys/u_ibuf/ent_q[6][95]_i_4/O
                         net (fo=108, routed)         0.238     9.831    u_soc/Core_cpu/u_ifu_subsys/u_ibuf/ent_q[6][95]_i_4_n_0
    SLICE_X31Y19         LUT6 (Prop_lut6_I5_O)        0.043     9.874 r  u_soc/Core_cpu/u_ifu_subsys/u_ibuf/id_have_inst_i_2/O
                         net (fo=114, routed)         0.527    10.401    u_soc/Core_cpu/u_ifu_subsys/u_ibuf/cnt_q_reg[4]_2
    SLICE_X26Y14         LUT5 (Prop_lut5_I4_O)        0.043    10.444 r  u_soc/Core_cpu/u_ifu_subsys/u_ibuf/ent_q[6][47]_i_5/O
                         net (fo=9, routed)           0.846    11.290    u_soc/Core_cpu/u_ifu_subsys/u_ibuf/p_0_in__0[47]
    SLICE_X4Y12          LUT3 (Prop_lut3_I0_O)        0.043    11.333 r  u_soc/Core_cpu/u_ifu_subsys/u_ibuf/ent_q[2][47]_i_3/O
                         net (fo=1, routed)           0.329    11.662    u_soc/Core_cpu/u_ifu_subsys/u_ibuf/ent_q[812]
    SLICE_X4Y12          LUT6 (Prop_lut6_I5_O)        0.043    11.705 r  u_soc/Core_cpu/u_ifu_subsys/u_ibuf/ent_q[2][47]_i_2/O
                         net (fo=1, routed)           0.209    11.915    u_soc/Core_cpu/u_ifu_subsys/u_ibuf/ent_q[2][47]_i_2_n_0
    SLICE_X5Y12          LUT4 (Prop_lut4_I3_O)        0.043    11.958 r  u_soc/Core_cpu/u_ifu_subsys/u_ibuf/ent_q[2][47]_i_1/O
                         net (fo=1, routed)           0.000    11.958    u_soc/Core_cpu/u_ifu_subsys/u_ibuf/ent_q[2][47]_i_1_n_0
    SLICE_X5Y12          FDRE                                         r  u_soc/Core_cpu/u_ifu_subsys/u_ibuf/ent_q_reg[2][47]/D
  -------------------------------------------------------------------    -------------------

                         (clock clk rise edge)        6.900     6.900 r  
    AE23                                              0.000     6.900 r  clk (IN)
                         net (fo=0)                   0.000     6.900    clk
    AE23                 IBUF (Prop_ibuf_I_O)         0.660     7.560 r  clk_IBUF_inst/O
                         net (fo=1, routed)           2.516    10.076    clk_IBUF
    BUFGCTRL_X0Y0        BUFG (Prop_bufg_I_O)         0.083    10.159 r  u_bufg/O
                         net (fo=5754, routed)        1.727    11.886    u_soc/Core_cpu/u_ifu_subsys/u_ibuf/clk_buf
    SLICE_X5Y12          FDRE                                         r  u_soc/Core_cpu/u_ifu_subsys/u_ibuf/ent_q_reg[2][47]/C
                         clock pessimism              0.312    12.197    
                         clock uncertainty           -0.035    12.162    
    SLICE_X5Y12          FDRE (Setup_fdre_C_D)        0.033    12.195    u_soc/Core_cpu/u_ifu_subsys/u_ibuf/ent_q_reg[2][47]
  -------------------------------------------------------------------
                         required time                         12.195    
                         arrival time                         -11.958    
  -------------------------------------------------------------------
                         slack                                  0.237    

Slack (MET) :             0.239ns  (required time - arrival time)
  Source:                 u_soc/Core_cpu/u_ifu_subsys/u_icache/q_pc_q_reg[9]/C
                            (rising edge-triggered cell FDRE clocked by clk  {rise@0.000ns fall@3.450ns period=6.900ns})
  Destination:            u_soc/Core_cpu/u_ifu_subsys/g_tage.u_tage/q_row_idx_reg[2][0]/D
                            (rising edge-triggered cell FDRE clocked by clk  {rise@0.000ns fall@3.450ns period=6.900ns})
  Path Group:             clk
  Path Type:              Setup (Max at Slow Process Corner)
  Requirement:            6.900ns  (clk rise@6.900ns - clk rise@0.000ns)
  Data Path Delay:        6.620ns  (logic 0.904ns (13.655%)  route 5.716ns (86.345%))
  Logic Levels:           15  (LUT3=4 LUT4=2 LUT5=2 LUT6=6 RAMD64E=1)
  Clock Path Skew:        -0.039ns (DCD - SCD + CPR)
    Destination Clock Delay (DCD):    4.908ns = ( 11.808 - 6.900 ) 
    Source Clock Delay      (SCD):    5.258ns
    Clock Pessimism Removal (CPR):    0.312ns
  Clock Uncertainty:      0.035ns  ((TSJ^2 + TIJ^2)^1/2 + DJ) / 2 + PE
    Total System Jitter     (TSJ):    0.071ns
    Total Input Jitter      (TIJ):    0.000ns
    Discrete Jitter          (DJ):    0.000ns
    Phase Error              (PE):    0.000ns

    Location             Delay type                Incr(ns)  Path(ns)    Netlist Resource(s)
  -------------------------------------------------------------------    -------------------
                         (clock clk rise edge)        0.000     0.000 r  
    AE23                                              0.000     0.000 r  clk (IN)
                         net (fo=0)                   0.000     0.000    clk
    AE23                 IBUF (Prop_ibuf_I_O)         0.734     0.734 r  clk_IBUF_inst/O
                         net (fo=1, routed)           2.651     3.385    clk_IBUF
    BUFGCTRL_X0Y0        BUFG (Prop_bufg_I_O)         0.093     3.478 r  u_bufg/O
                         net (fo=5754, routed)        1.780     5.258    u_soc/Core_cpu/u_ifu_subsys/u_icache/clk_buf
    SLICE_X46Y24         FDRE                                         r  u_soc/Core_cpu/u_ifu_subsys/u_icache/q_pc_q_reg[9]/C
  -------------------------------------------------------------------    -------------------
    SLICE_X46Y24         FDRE (Prop_fdre_C_Q)         0.259     5.517 r  u_soc/Core_cpu/u_ifu_subsys/u_icache/q_pc_q_reg[9]/Q
                         net (fo=148, routed)         0.473     5.990    u_soc/Core_cpu/u_ifu_subsys/g_tage.u_tage/g_tab[0].tg_p_reg_r1_0_63_3_5/ADDRA5
    SLICE_X50Y24         RAMD64E (Prop_ramd64e_RADR5_O)
                                                      0.043     6.033 r  u_soc/Core_cpu/u_ifu_subsys/g_tage.u_tage/g_tab[0].tg_p_reg_r1_0_63_3_5/RAMA/O
                         net (fo=1, routed)           0.576     6.610    u_soc/Core_cpu/u_ifu_subsys/u_btb/p_1_in4_in[0]
    SLICE_X47Y24         LUT6 (Prop_lut6_I1_O)        0.043     6.653 f  u_soc/Core_cpu/u_ifu_subsys/u_btb/ent_q[6][150]_i_42/O
                         net (fo=7, routed)           0.263     6.916    u_soc/Core_cpu/u_ifu_subsys/g_tage.u_tage/id_bht_chk[22]_i_4_0
    SLICE_X43Y24         LUT3 (Prop_lut3_I1_O)        0.043     6.959 f  u_soc/Core_cpu/u_ifu_subsys/g_tage.u_tage/id_bht_chk[22]_i_35/O
                         net (fo=8, routed)           0.447     7.406    u_soc/Core_cpu/u_ifu_subsys/g_tage.u_tage/id_bht_chk[22]_i_35_n_0
    SLICE_X43Y22         LUT6 (Prop_lut6_I5_O)        0.043     7.449 r  u_soc/Core_cpu/u_ifu_subsys/g_tage.u_tage/ent_q[6][150]_i_49/O
                         net (fo=2, routed)           0.341     7.790    u_soc/Core_cpu/u_ifu_subsys/g_tage.u_tage/ent_q[6][150]_i_49_n_0
    SLICE_X43Y20         LUT6 (Prop_lut6_I4_O)        0.043     7.833 f  u_soc/Core_cpu/u_ifu_subsys/g_tage.u_tage/ent_q[6][150]_i_27/O
                         net (fo=1, routed)           0.350     8.183    u_soc/Core_cpu/u_ifu_subsys/g_tage.u_tage/ent_q[6][150]_i_27_n_0
    SLICE_X43Y21         LUT6 (Prop_lut6_I2_O)        0.043     8.226 f  u_soc/Core_cpu/u_ifu_subsys/g_tage.u_tage/ent_q[6][150]_i_12/O
                         net (fo=5, routed)           0.196     8.422    u_soc/Core_cpu/u_ifu_subsys/u_btb/q_t0_idx[1]_i_10_3
    SLICE_X41Y21         LUT6 (Prop_lut6_I3_O)        0.043     8.465 f  u_soc/Core_cpu/u_ifu_subsys/u_btb/q_t0_idx[1]_i_17/O
                         net (fo=21, routed)          0.352     8.818    u_soc/Core_cpu/u_ifu_subsys/u_btb/btb_t2
    SLICE_X39Y20         LUT3 (Prop_lut3_I0_O)        0.043     8.861 r  u_soc/Core_cpu/u_ifu_subsys/u_btb/id_pred_npc[31]_i_5/O
                         net (fo=5, routed)           0.443     9.304    u_soc/Core_cpu/u_ifu_subsys/u_icache/u_tag_way1/u_prim/taken_slot[0]
    SLICE_X34Y19         LUT6 (Prop_lut6_I1_O)        0.043     9.347 r  u_soc/Core_cpu/u_ifu_subsys/u_icache/u_tag_way1/u_prim/cnt_q[4]_i_6/O
                         net (fo=8, routed)           0.202     9.549    u_soc/Core_cpu/u_ifu_subsys/u_ibuf/push_num[2]
    SLICE_X35Y20         LUT3 (Prop_lut3_I1_O)        0.043     9.592 r  u_soc/Core_cpu/u_ifu_subsys/u_ibuf/cnt_q[4]_i_4/O
                         net (fo=110, routed)         0.397     9.989    u_soc/Core_cpu/u_ifu_subsys/u_btb/q_row_tag[0][0]_i_8
    SLICE_X36Y20         LUT5 (Prop_lut5_I4_O)        0.043    10.032 r  u_soc/Core_cpu/u_ifu_subsys/u_btb/ghr_q[13]_i_5/O
                         net (fo=12, routed)          0.515    10.547    u_soc/Core_cpu/u_ifu_subsys/u_ibuf/ghr_q_reg[1]
    SLICE_X35Y20         LUT4 (Prop_lut4_I1_O)        0.043    10.590 f  u_soc/Core_cpu/u_ifu_subsys/u_ibuf/ghr_q[13]_i_3/O
                         net (fo=15, routed)          0.489    11.079    u_soc/Core_cpu/u_ifu_subsys/u_ibuf/ghr_cnt_return[0]
    SLICE_X37Y21         LUT4 (Prop_lut4_I3_O)        0.043    11.122 r  u_soc/Core_cpu/u_ifu_subsys/u_ibuf/q_row_tag[0][0]_i_3/O
                         net (fo=3, routed)           0.243    11.365    u_soc/Core_cpu/u_ifu_subsys/g_tage.u_tage/ghr_q_reg[0]
    SLICE_X37Y22         LUT5 (Prop_lut5_I3_O)        0.043    11.408 r  u_soc/Core_cpu/u_ifu_subsys/g_tage.u_tage/ghr_q[0]_i_1/O
                         net (fo=6, routed)           0.428    11.836    u_soc/Core_cpu/u_ifu_subsys/u_ibuf/q_row_idx_reg[2][0]
    SLICE_X45Y22         LUT3 (Prop_lut3_I1_O)        0.043    11.879 r  u_soc/Core_cpu/u_ifu_subsys/u_ibuf/q_row_idx[2][0]_i_1/O
                         net (fo=1, routed)           0.000    11.879    u_soc/Core_cpu/u_ifu_subsys/g_tage.u_tage/q_row_idx_reg[2][5]_0[0]
    SLICE_X45Y22         FDRE                                         r  u_soc/Core_cpu/u_ifu_subsys/g_tage.u_tage/q_row_idx_reg[2][0]/D
  -------------------------------------------------------------------    -------------------

                         (clock clk rise edge)        6.900     6.900 r  
    AE23                                              0.000     6.900 r  clk (IN)
                         net (fo=0)                   0.000     6.900    clk
    AE23                 IBUF (Prop_ibuf_I_O)         0.660     7.560 r  clk_IBUF_inst/O
                         net (fo=1, routed)           2.516    10.076    clk_IBUF
    BUFGCTRL_X0Y0        BUFG (Prop_bufg_I_O)         0.083    10.159 r  u_bufg/O
                         net (fo=5754, routed)        1.649    11.808    u_soc/Core_cpu/u_ifu_subsys/g_tage.u_tage/clk_buf
    SLICE_X45Y22         FDRE                                         r  u_soc/Core_cpu/u_ifu_subsys/g_tage.u_tage/q_row_idx_reg[2][0]/C
                         clock pessimism              0.312    12.119    
                         clock uncertainty           -0.035    12.084    
    SLICE_X45Y22         FDRE (Setup_fdre_C_D)        0.034    12.118    u_soc/Core_cpu/u_ifu_subsys/g_tage.u_tage/q_row_idx_reg[2][0]
  -------------------------------------------------------------------
                         required time                         12.118    
                         arrival time                         -11.879    
  -------------------------------------------------------------------
                         slack                                  0.239    

Slack (MET) :             0.239ns  (required time - arrival time)
  Source:                 u_soc/Core_cpu/u_ifu_subsys/u_icache/q_pc_q_reg[9]/C
                            (rising edge-triggered cell FDRE clocked by clk  {rise@0.000ns fall@3.450ns period=6.900ns})
  Destination:            u_soc/Core_cpu/u_ifu_subsys/g_tage.u_tage/q_row_idx_reg[2][0]/D
                            (rising edge-triggered cell FDRE clocked by clk  {rise@0.000ns fall@3.450ns period=6.900ns})
  Path Group:             clk
  Path Type:              Setup (Max at Slow Process Corner)
  Requirement:            6.900ns  (clk rise@6.900ns - clk rise@0.000ns)
  Data Path Delay:        6.620ns  (logic 0.904ns (13.655%)  route 5.716ns (86.345%))
  Logic Levels:           15  (LUT3=4 LUT4=2 LUT5=2 LUT6=6 RAMD64E=1)
  Clock Path Skew:        -0.039ns (DCD - SCD + CPR)
    Destination Clock Delay (DCD):    4.908ns = ( 11.808 - 6.900 ) 
    Source Clock Delay      (SCD):    5.258ns
    Clock Pessimism Removal (CPR):    0.312ns
  Clock Uncertainty:      0.035ns  ((TSJ^2 + TIJ^2)^1/2 + DJ) / 2 + PE
    Total System Jitter     (TSJ):    0.071ns
    Total Input Jitter      (TIJ):    0.000ns
    Discrete Jitter          (DJ):    0.000ns
    Phase Error              (PE):    0.000ns

    Location             Delay type                Incr(ns)  Path(ns)    Netlist Resource(s)
  -------------------------------------------------------------------    -------------------
                         (clock clk rise edge)        0.000     0.000 r  
    AE23                                              0.000     0.000 r  clk (IN)
                         net (fo=0)                   0.000     0.000    clk
    AE23                 IBUF (Prop_ibuf_I_O)         0.734     0.734 r  clk_IBUF_inst/O
                         net (fo=1, routed)           2.651     3.385    clk_IBUF
    BUFGCTRL_X0Y0        BUFG (Prop_bufg_I_O)         0.093     3.478 r  u_bufg/O
                         net (fo=5754, routed)        1.780     5.258    u_soc/Core_cpu/u_ifu_subsys/u_icache/clk_buf
    SLICE_X46Y24         FDRE                                         r  u_soc/Core_cpu/u_ifu_subsys/u_icache/q_pc_q_reg[9]/C
  -------------------------------------------------------------------    -------------------
    SLICE_X46Y24         FDRE (Prop_fdre_C_Q)         0.259     5.517 r  u_soc/Core_cpu/u_ifu_subsys/u_icache/q_pc_q_reg[9]/Q
                         net (fo=148, routed)         0.473     5.990    u_soc/Core_cpu/u_ifu_subsys/g_tage.u_tage/g_tab[0].tg_p_reg_r1_0_63_3_5/ADDRA5
    SLICE_X50Y24         RAMD64E (Prop_ramd64e_RADR5_O)
                                                      0.043     6.033 r  u_soc/Core_cpu/u_ifu_subsys/g_tage.u_tage/g_tab[0].tg_p_reg_r1_0_63_3_5/RAMA/O
                         net (fo=1, routed)           0.576     6.610    u_soc/Core_cpu/u_ifu_subsys/u_btb/p_1_in4_in[0]
    SLICE_X47Y24         LUT6 (Prop_lut6_I1_O)        0.043     6.653 r  u_soc/Core_cpu/u_ifu_subsys/u_btb/ent_q[6][150]_i_42/O
                         net (fo=7, routed)           0.263     6.916    u_soc/Core_cpu/u_ifu_subsys/g_tage.u_tage/id_bht_chk[22]_i_4_0
    SLICE_X43Y24         LUT3 (Prop_lut3_I1_O)        0.043     6.959 r  u_soc/Core_cpu/u_ifu_subsys/g_tage.u_tage/id_bht_chk[22]_i_35/O
                         net (fo=8, routed)           0.447     7.406    u_soc/Core_cpu/u_ifu_subsys/g_tage.u_tage/id_bht_chk[22]_i_35_n_0
    SLICE_X43Y22         LUT6 (Prop_lut6_I5_O)        0.043     7.449 f  u_soc/Core_cpu/u_ifu_subsys/g_tage.u_tage/ent_q[6][150]_i_49/O
                         net (fo=2, routed)           0.341     7.790    u_soc/Core_cpu/u_ifu_subsys/g_tage.u_tage/ent_q[6][150]_i_49_n_0
    SLICE_X43Y20         LUT6 (Prop_lut6_I4_O)        0.043     7.833 f  u_soc/Core_cpu/u_ifu_subsys/g_tage.u_tage/ent_q[6][150]_i_27/O
                         net (fo=1, routed)           0.350     8.183    u_soc/Core_cpu/u_ifu_subsys/g_tage.u_tage/ent_q[6][150]_i_27_n_0
    SLICE_X43Y21         LUT6 (Prop_lut6_I2_O)        0.043     8.226 f  u_soc/Core_cpu/u_ifu_subsys/g_tage.u_tage/ent_q[6][150]_i_12/O
                         net (fo=5, routed)           0.196     8.422    u_soc/Core_cpu/u_ifu_subsys/u_btb/q_t0_idx[1]_i_10_3
    SLICE_X41Y21         LUT6 (Prop_lut6_I3_O)        0.043     8.465 f  u_soc/Core_cpu/u_ifu_subsys/u_btb/q_t0_idx[1]_i_17/O
                         net (fo=21, routed)          0.352     8.818    u_soc/Core_cpu/u_ifu_subsys/u_btb/btb_t2
    SLICE_X39Y20         LUT3 (Prop_lut3_I0_O)        0.043     8.861 r  u_soc/Core_cpu/u_ifu_subsys/u_btb/id_pred_npc[31]_i_5/O
                         net (fo=5, routed)           0.443     9.304    u_soc/Core_cpu/u_ifu_subsys/u_icache/u_tag_way1/u_prim/taken_slot[0]
    SLICE_X34Y19         LUT6 (Prop_lut6_I1_O)        0.043     9.347 r  u_soc/Core_cpu/u_ifu_subsys/u_icache/u_tag_way1/u_prim/cnt_q[4]_i_6/O
                         net (fo=8, routed)           0.202     9.549    u_soc/Core_cpu/u_ifu_subsys/u_ibuf/push_num[2]
    SLICE_X35Y20         LUT3 (Prop_lut3_I1_O)        0.043     9.592 r  u_soc/Core_cpu/u_ifu_subsys/u_ibuf/cnt_q[4]_i_4/O
                         net (fo=110, routed)         0.397     9.989    u_soc/Core_cpu/u_ifu_subsys/u_btb/q_row_tag[0][0]_i_8
    SLICE_X36Y20         LUT5 (Prop_lut5_I4_O)        0.043    10.032 r  u_soc/Core_cpu/u_ifu_subsys/u_btb/ghr_q[13]_i_5/O
                         net (fo=12, routed)          0.515    10.547    u_soc/Core_cpu/u_ifu_subsys/u_ibuf/ghr_q_reg[1]
    SLICE_X35Y20         LUT4 (Prop_lut4_I1_O)        0.043    10.590 f  u_soc/Core_cpu/u_ifu_subsys/u_ibuf/ghr_q[13]_i_3/O
                         net (fo=15, routed)          0.489    11.079    u_soc/Core_cpu/u_ifu_subsys/u_ibuf/ghr_cnt_return[0]
    SLICE_X37Y21         LUT4 (Prop_lut4_I3_O)        0.043    11.122 r  u_soc/Core_cpu/u_ifu_subsys/u_ibuf/q_row_tag[0][0]_i_3/O
                         net (fo=3, routed)           0.243    11.365    u_soc/Core_cpu/u_ifu_subsys/g_tage.u_tage/ghr_q_reg[0]
    SLICE_X37Y22         LUT5 (Prop_lut5_I3_O)        0.043    11.408 r  u_soc/Core_cpu/u_ifu_subsys/g_tage.u_tage/ghr_q[0]_i_1/O
                         net (fo=6, routed)           0.428    11.836    u_soc/Core_cpu/u_ifu_subsys/u_ibuf/q_row_idx_reg[2][0]
    SLICE_X45Y22         LUT3 (Prop_lut3_I1_O)        0.043    11.879 r  u_soc/Core_cpu/u_ifu_subsys/u_ibuf/q_row_idx[2][0]_i_1/O
                         net (fo=1, routed)           0.000    11.879    u_soc/Core_cpu/u_ifu_subsys/g_tage.u_tage/q_row_idx_reg[2][5]_0[0]
    SLICE_X45Y22         FDRE                                         r  u_soc/Core_cpu/u_ifu_subsys/g_tage.u_tage/q_row_idx_reg[2][0]/D
  -------------------------------------------------------------------    -------------------

                         (clock clk rise edge)        6.900     6.900 r  
    AE23                                              0.000     6.900 r  clk (IN)
                         net (fo=0)                   0.000     6.900    clk
    AE23                 IBUF (Prop_ibuf_I_O)         0.660     7.560 r  clk_IBUF_inst/O
                         net (fo=1, routed)           2.516    10.076    clk_IBUF
    BUFGCTRL_X0Y0        BUFG (Prop_bufg_I_O)         0.083    10.159 r  u_bufg/O
                         net (fo=5754, routed)        1.649    11.808    u_soc/Core_cpu/u_ifu_subsys/g_tage.u_tage/clk_buf
    SLICE_X45Y22         FDRE                                         r  u_soc/Core_cpu/u_ifu_subsys/g_tage.u_tage/q_row_idx_reg[2][0]/C
                         clock pessimism              0.312    12.119    
                         clock uncertainty           -0.035    12.084    
    SLICE_X45Y22         FDRE (Setup_fdre_C_D)        0.034    12.118    u_soc/Core_cpu/u_ifu_subsys/g_tage.u_tage/q_row_idx_reg[2][0]
  -------------------------------------------------------------------
                         required time                         12.118    
                         arrival time                         -11.879    
  -------------------------------------------------------------------
                         slack                                  0.239    

Slack (MET) :             0.239ns  (required time - arrival time)
  Source:                 u_soc/Core_cpu/u_ifu_subsys/u_icache/q_pc_q_reg[9]/C
                            (rising edge-triggered cell FDRE clocked by clk  {rise@0.000ns fall@3.450ns period=6.900ns})
  Destination:            u_soc/Core_cpu/u_ifu_subsys/g_tage.u_tage/q_row_idx_reg[2][0]/D
                            (rising edge-triggered cell FDRE clocked by clk  {rise@0.000ns fall@3.450ns period=6.900ns})
  Path Group:             clk
  Path Type:              Setup (Max at Slow Process Corner)
  Requirement:            6.900ns  (clk rise@6.900ns - clk rise@0.000ns)
  Data Path Delay:        6.620ns  (logic 0.904ns (13.655%)  route 5.716ns (86.345%))
  Logic Levels:           15  (LUT3=4 LUT4=2 LUT5=2 LUT6=6 RAMD64E=1)
  Clock Path Skew:        -0.039ns (DCD - SCD + CPR)
    Destination Clock Delay (DCD):    4.908ns = ( 11.808 - 6.900 ) 
    Source Clock Delay      (SCD):    5.258ns
    Clock Pessimism Removal (CPR):    0.312ns
  Clock Uncertainty:      0.035ns  ((TSJ^2 + TIJ^2)^1/2 + DJ) / 2 + PE
    Total System Jitter     (TSJ):    0.071ns
    Total Input Jitter      (TIJ):    0.000ns
    Discrete Jitter          (DJ):    0.000ns
    Phase Error              (PE):    0.000ns

    Location             Delay type                Incr(ns)  Path(ns)    Netlist Resource(s)
  -------------------------------------------------------------------    -------------------
                         (clock clk rise edge)        0.000     0.000 r  
    AE23                                              0.000     0.000 r  clk (IN)
                         net (fo=0)                   0.000     0.000    clk
    AE23                 IBUF (Prop_ibuf_I_O)         0.734     0.734 r  clk_IBUF_inst/O
                         net (fo=1, routed)           2.651     3.385    clk_IBUF
    BUFGCTRL_X0Y0        BUFG (Prop_bufg_I_O)         0.093     3.478 r  u_bufg/O
                         net (fo=5754, routed)        1.780     5.258    u_soc/Core_cpu/u_ifu_subsys/u_icache/clk_buf
    SLICE_X46Y24         FDRE                                         r  u_soc/Core_cpu/u_ifu_subsys/u_icache/q_pc_q_reg[9]/C
  -------------------------------------------------------------------    -------------------
    SLICE_X46Y24         FDRE (Prop_fdre_C_Q)         0.259     5.517 r  u_soc/Core_cpu/u_ifu_subsys/u_icache/q_pc_q_reg[9]/Q
                         net (fo=148, routed)         0.473     5.990    u_soc/Core_cpu/u_ifu_subsys/g_tage.u_tage/g_tab[0].tg_p_reg_r1_0_63_3_5/ADDRA5
    SLICE_X50Y24         RAMD64E (Prop_ramd64e_RADR5_O)
                                                      0.043     6.033 r  u_soc/Core_cpu/u_ifu_subsys/g_tage.u_tage/g_tab[0].tg_p_reg_r1_0_63_3_5/RAMA/O
                         net (fo=1, routed)           0.576     6.610    u_soc/Core_cpu/u_ifu_subsys/u_btb/p_1_in4_in[0]
    SLICE_X47Y24         LUT6 (Prop_lut6_I1_O)        0.043     6.653 f  u_soc/Core_cpu/u_ifu_subsys/u_btb/ent_q[6][150]_i_42/O
                         net (fo=7, routed)           0.263     6.916    u_soc/Core_cpu/u_ifu_subsys/g_tage.u_tage/id_bht_chk[22]_i_4_0
    SLICE_X43Y24         LUT3 (Prop_lut3_I1_O)        0.043     6.959 f  u_soc/Core_cpu/u_ifu_subsys/g_tage.u_tage/id_bht_chk[22]_i_35/O
                         net (fo=8, routed)           0.447     7.406    u_soc/Core_cpu/u_ifu_subsys/g_tage.u_tage/id_bht_chk[22]_i_35_n_0
    SLICE_X43Y22         LUT6 (Prop_lut6_I5_O)        0.043     7.449 r  u_soc/Core_cpu/u_ifu_subsys/g_tage.u_tage/ent_q[6][150]_i_49/O
                         net (fo=2, routed)           0.341     7.790    u_soc/Core_cpu/u_ifu_subsys/g_tage.u_tage/ent_q[6][150]_i_49_n_0
    SLICE_X43Y20         LUT6 (Prop_lut6_I4_O)        0.043     7.833 f  u_soc/Core_cpu/u_ifu_subsys/g_tage.u_tage/ent_q[6][150]_i_27/O
                         net (fo=1, routed)           0.350     8.183    u_soc/Core_cpu/u_ifu_subsys/g_tage.u_tage/ent_q[6][150]_i_27_n_0
    SLICE_X43Y21         LUT6 (Prop_lut6_I2_O)        0.043     8.226 f  u_soc/Core_cpu/u_ifu_subsys/g_tage.u_tage/ent_q[6][150]_i_12/O
                         net (fo=5, routed)           0.196     8.422    u_soc/Core_cpu/u_ifu_subsys/u_btb/q_t0_idx[1]_i_10_3
    SLICE_X41Y21         LUT6 (Prop_lut6_I3_O)        0.043     8.465 f  u_soc/Core_cpu/u_ifu_subsys/u_btb/q_t0_idx[1]_i_17/O
                         net (fo=21, routed)          0.352     8.818    u_soc/Core_cpu/u_ifu_subsys/u_btb/btb_t2
    SLICE_X39Y20         LUT3 (Prop_lut3_I0_O)        0.043     8.861 r  u_soc/Core_cpu/u_ifu_subsys/u_btb/id_pred_npc[31]_i_5/O
                         net (fo=5, routed)           0.443     9.304    u_soc/Core_cpu/u_ifu_subsys/u_icache/u_tag_way1/u_prim/taken_slot[0]
    SLICE_X34Y19         LUT6 (Prop_lut6_I1_O)        0.043     9.347 r  u_soc/Core_cpu/u_ifu_subsys/u_icache/u_tag_way1/u_prim/cnt_q[4]_i_6/O
                         net (fo=8, routed)           0.202     9.549    u_soc/Core_cpu/u_ifu_subsys/u_ibuf/push_num[2]
    SLICE_X35Y20         LUT3 (Prop_lut3_I1_O)        0.043     9.592 r  u_soc/Core_cpu/u_ifu_subsys/u_ibuf/cnt_q[4]_i_4/O
                         net (fo=110, routed)         0.397     9.989    u_soc/Core_cpu/u_ifu_subsys/u_btb/q_row_tag[0][0]_i_8
    SLICE_X36Y20         LUT5 (Prop_lut5_I4_O)        0.043    10.032 r  u_soc/Core_cpu/u_ifu_subsys/u_btb/ghr_q[13]_i_5/O
                         net (fo=12, routed)          0.515    10.547    u_soc/Core_cpu/u_ifu_subsys/u_ibuf/ghr_q_reg[1]
    SLICE_X35Y20         LUT4 (Prop_lut4_I1_O)        0.043    10.590 r  u_soc/Core_cpu/u_ifu_subsys/u_ibuf/ghr_q[13]_i_3/O
                         net (fo=15, routed)          0.489    11.079    u_soc/Core_cpu/u_ifu_subsys/u_ibuf/ghr_cnt_return[0]
    SLICE_X37Y21         LUT4 (Prop_lut4_I3_O)        0.043    11.122 f  u_soc/Core_cpu/u_ifu_subsys/u_ibuf/q_row_tag[0][0]_i_3/O
                         net (fo=3, routed)           0.243    11.365    u_soc/Core_cpu/u_ifu_subsys/g_tage.u_tage/ghr_q_reg[0]
    SLICE_X37Y22         LUT5 (Prop_lut5_I3_O)        0.043    11.408 f  u_soc/Core_cpu/u_ifu_subsys/g_tage.u_tage/ghr_q[0]_i_1/O
                         net (fo=6, routed)           0.428    11.836    u_soc/Core_cpu/u_ifu_subsys/u_ibuf/q_row_idx_reg[2][0]
    SLICE_X45Y22         LUT3 (Prop_lut3_I1_O)        0.043    11.879 r  u_soc/Core_cpu/u_ifu_subsys/u_ibuf/q_row_idx[2][0]_i_1/O
                         net (fo=1, routed)           0.000    11.879    u_soc/Core_cpu/u_ifu_subsys/g_tage.u_tage/q_row_idx_reg[2][5]_0[0]
    SLICE_X45Y22         FDRE                                         r  u_soc/Core_cpu/u_ifu_subsys/g_tage.u_tage/q_row_idx_reg[2][0]/D
  -------------------------------------------------------------------    -------------------

                         (clock clk rise edge)        6.900     6.900 r  
    AE23                                              0.000     6.900 r  clk (IN)
                         net (fo=0)                   0.000     6.900    clk
    AE23                 IBUF (Prop_ibuf_I_O)         0.660     7.560 r  clk_IBUF_inst/O
                         net (fo=1, routed)           2.516    10.076    clk_IBUF
    BUFGCTRL_X0Y0        BUFG (Prop_bufg_I_O)         0.083    10.159 r  u_bufg/O
                         net (fo=5754, routed)        1.649    11.808    u_soc/Core_cpu/u_ifu_subsys/g_tage.u_tage/clk_buf
    SLICE_X45Y22         FDRE                                         r  u_soc/Core_cpu/u_ifu_subsys/g_tage.u_tage/q_row_idx_reg[2][0]/C
                         clock pessimism              0.312    12.119    
                         clock uncertainty           -0.035    12.084    
    SLICE_X45Y22         FDRE (Setup_fdre_C_D)        0.034    12.118    u_soc/Core_cpu/u_ifu_subsys/g_tage.u_tage/q_row_idx_reg[2][0]
  -------------------------------------------------------------------
                         required time                         12.118    
                         arrival time                         -11.879    
  -------------------------------------------------------------------
                         slack                                  0.239    

Slack (MET) :             0.266ns  (required time - arrival time)
  Source:                 u_soc/Core_cpu/u_ifu_subsys/u_icache/q_pc_q_reg[9]/C
                            (rising edge-triggered cell FDRE clocked by clk  {rise@0.000ns fall@3.450ns period=6.900ns})
  Destination:            u_soc/Core_cpu/u_ifu_subsys/g_tage.u_tage/q_row_tag_reg[2][1]/D
                            (rising edge-triggered cell FDRE clocked by clk  {rise@0.000ns fall@3.450ns period=6.900ns})
  Path Group:             clk
  Path Type:              Setup (Max at Slow Process Corner)
  Requirement:            6.900ns  (clk rise@6.900ns - clk rise@0.000ns)
  Data Path Delay:        6.604ns  (logic 0.904ns (13.689%)  route 5.700ns (86.311%))
  Logic Levels:           15  (LUT3=2 LUT4=2 LUT5=3 LUT6=7 RAMD64E=1)
  Clock Path Skew:        -0.029ns (DCD - SCD + CPR)
    Destination Clock Delay (DCD):    4.918ns = ( 11.818 - 6.900 ) 
    Source Clock Delay      (SCD):    5.258ns
    Clock Pessimism Removal (CPR):    0.312ns
  Clock Uncertainty:      0.035ns  ((TSJ^2 + TIJ^2)^1/2 + DJ) / 2 + PE
    Total System Jitter     (TSJ):    0.071ns
    Total Input Jitter      (TIJ):    0.000ns
    Discrete Jitter          (DJ):    0.000ns
    Phase Error              (PE):    0.000ns

    Location             Delay type                Incr(ns)  Path(ns)    Netlist Resource(s)
  -------------------------------------------------------------------    -------------------
                         (clock clk rise edge)        0.000     0.000 r  
    AE23                                              0.000     0.000 r  clk (IN)
                         net (fo=0)                   0.000     0.000    clk
    AE23                 IBUF (Prop_ibuf_I_O)         0.734     0.734 r  clk_IBUF_inst/O
                         net (fo=1, routed)           2.651     3.385    clk_IBUF
    BUFGCTRL_X0Y0        BUFG (Prop_bufg_I_O)         0.093     3.478 r  u_bufg/O
                         net (fo=5754, routed)        1.780     5.258    u_soc/Core_cpu/u_ifu_subsys/u_icache/clk_buf
    SLICE_X46Y24         FDRE                                         r  u_soc/Core_cpu/u_ifu_subsys/u_icache/q_pc_q_reg[9]/C
  -------------------------------------------------------------------    -------------------
    SLICE_X46Y24         FDRE (Prop_fdre_C_Q)         0.259     5.517 r  u_soc/Core_cpu/u_ifu_subsys/u_icache/q_pc_q_reg[9]/Q
                         net (fo=148, routed)         0.473     5.990    u_soc/Core_cpu/u_ifu_subsys/g_tage.u_tage/g_tab[0].tg_p_reg_r1_0_63_3_5/ADDRA5
    SLICE_X50Y24         RAMD64E (Prop_ramd64e_RADR5_O)
                                                      0.043     6.033 r  u_soc/Core_cpu/u_ifu_subsys/g_tage.u_tage/g_tab[0].tg_p_reg_r1_0_63_3_5/RAMA/O
                         net (fo=1, routed)           0.576     6.610    u_soc/Core_cpu/u_ifu_subsys/u_btb/p_1_in4_in[0]
    SLICE_X47Y24         LUT6 (Prop_lut6_I1_O)        0.043     6.653 f  u_soc/Core_cpu/u_ifu_subsys/u_btb/ent_q[6][150]_i_42/O
                         net (fo=7, routed)           0.263     6.916    u_soc/Core_cpu/u_ifu_subsys/g_tage.u_tage/id_bht_chk[22]_i_4_0
    SLICE_X43Y24         LUT3 (Prop_lut3_I1_O)        0.043     6.959 f  u_soc/Core_cpu/u_ifu_subsys/g_tage.u_tage/id_bht_chk[22]_i_35/O
                         net (fo=8, routed)           0.447     7.406    u_soc/Core_cpu/u_ifu_subsys/g_tage.u_tage/id_bht_chk[22]_i_35_n_0
    SLICE_X43Y22         LUT6 (Prop_lut6_I5_O)        0.043     7.449 r  u_soc/Core_cpu/u_ifu_subsys/g_tage.u_tage/ent_q[6][150]_i_49/O
                         net (fo=2, routed)           0.341     7.790    u_soc/Core_cpu/u_ifu_subsys/g_tage.u_tage/ent_q[6][150]_i_49_n_0
    SLICE_X43Y20         LUT6 (Prop_lut6_I4_O)        0.043     7.833 f  u_soc/Core_cpu/u_ifu_subsys/g_tage.u_tage/ent_q[6][150]_i_27/O
                         net (fo=1, routed)           0.350     8.183    u_soc/Core_cpu/u_ifu_subsys/g_tage.u_tage/ent_q[6][150]_i_27_n_0
    SLICE_X43Y21         LUT6 (Prop_lut6_I2_O)        0.043     8.226 f  u_soc/Core_cpu/u_ifu_subsys/g_tage.u_tage/ent_q[6][150]_i_12/O
                         net (fo=5, routed)           0.196     8.422    u_soc/Core_cpu/u_ifu_subsys/u_btb/q_t0_idx[1]_i_10_3
    SLICE_X41Y21         LUT6 (Prop_lut6_I3_O)        0.043     8.465 f  u_soc/Core_cpu/u_ifu_subsys/u_btb/q_t0_idx[1]_i_17/O
                         net (fo=21, routed)          0.319     8.785    u_soc/Core_cpu/u_ifu_subsys/u_btb/btb_t2
    SLICE_X37Y19         LUT5 (Prop_lut5_I4_O)        0.043     8.828 r  u_soc/Core_cpu/u_ifu_subsys/u_btb/cnt_q[0]_i_10/O
                         net (fo=2, routed)           0.353     9.181    u_soc/Core_cpu/u_ifu_subsys/u_btb/want_cnt_raw[2]
    SLICE_X36Y19         LUT6 (Prop_lut6_I4_O)        0.043     9.224 f  u_soc/Core_cpu/u_ifu_subsys/u_btb/cnt_q[0]_i_5/O
                         net (fo=3, routed)           0.434     9.658    u_soc/Core_cpu/u_ifu_subsys/u_ibuf/cnt_q_reg[0]_14
    SLICE_X35Y21         LUT4 (Prop_lut4_I3_O)        0.043     9.701 f  u_soc/Core_cpu/u_ifu_subsys/u_ibuf/cnt_q[0]_i_2/O
                         net (fo=9, routed)           0.369    10.071    u_soc/Core_cpu/u_ifu_subsys/u_ibuf/cnt_q_reg[4]_1[0]
    SLICE_X35Y21         LUT5 (Prop_lut5_I3_O)        0.043    10.114 r  u_soc/Core_cpu/u_ifu_subsys/u_ibuf/ghr_q[3]_i_2/O
                         net (fo=13, routed)          0.391    10.504    u_soc/Core_cpu/u_ifu_subsys/u_ibuf/p_3_in
    SLICE_X34Y21         LUT4 (Prop_lut4_I0_O)        0.043    10.547 r  u_soc/Core_cpu/u_ifu_subsys/u_ibuf/q_row_tag[0][0]_i_10/O
                         net (fo=15, routed)          0.387    10.935    u_soc/Core_cpu/u_ifu_subsys/u_ibuf/ghr_cnt_return[2]
    SLICE_X34Y21         LUT5 (Prop_lut5_I3_O)        0.043    10.978 r  u_soc/Core_cpu/u_ifu_subsys/u_ibuf/ghr_q[6]_i_2/O
                         net (fo=2, routed)           0.337    11.315    u_soc/Core_cpu/u_ifu_subsys/u_ibuf/ghr_q[6]_i_2_n_0
    SLICE_X39Y21         LUT6 (Prop_lut6_I2_O)        0.043    11.358 r  u_soc/Core_cpu/u_ifu_subsys/u_ibuf/ghr_q[5]_i_1/O
                         net (fo=5, routed)           0.461    11.819    u_soc/Core_cpu/u_ifu_subsys/u_btb/q_row_idx_reg[2][5]
    SLICE_X34Y20         LUT3 (Prop_lut3_I2_O)        0.043    11.862 r  u_soc/Core_cpu/u_ifu_subsys/u_btb/q_row_tag[2][1]_i_1/O
                         net (fo=1, routed)           0.000    11.862    u_soc/Core_cpu/u_ifu_subsys/g_tage.u_tage/q_row_tag_reg[2][5]_0[1]
    SLICE_X34Y20         FDRE                                         r  u_soc/Core_cpu/u_ifu_subsys/g_tage.u_tage/q_row_tag_reg[2][1]/D
  -------------------------------------------------------------------    -------------------

                         (clock clk rise edge)        6.900     6.900 r  
    AE23                                              0.000     6.900 r  clk (IN)
                         net (fo=0)                   0.000     6.900    clk
    AE23                 IBUF (Prop_ibuf_I_O)         0.660     7.560 r  clk_IBUF_inst/O
                         net (fo=1, routed)           2.516    10.076    clk_IBUF
    BUFGCTRL_X0Y0        BUFG (Prop_bufg_I_O)         0.083    10.159 r  u_bufg/O
                         net (fo=5754, routed)        1.659    11.818    u_soc/Core_cpu/u_ifu_subsys/g_tage.u_tage/clk_buf
    SLICE_X34Y20         FDRE                                         r  u_soc/Core_cpu/u_ifu_subsys/g_tage.u_tage/q_row_tag_reg[2][1]/C
                         clock pessimism              0.312    12.129    
                         clock uncertainty           -0.035    12.094    
    SLICE_X34Y20         FDRE (Setup_fdre_C_D)        0.034    12.128    u_soc/Core_cpu/u_ifu_subsys/g_tage.u_tage/q_row_tag_reg[2][1]
  -------------------------------------------------------------------
                         required time                         12.128    
                         arrival time                         -11.862    
  -------------------------------------------------------------------
                         slack                                  0.266    

Slack (MET) :             0.266ns  (required time - arrival time)
  Source:                 u_soc/Core_cpu/u_ifu_subsys/u_icache/q_pc_q_reg[9]/C
                            (rising edge-triggered cell FDRE clocked by clk  {rise@0.000ns fall@3.450ns period=6.900ns})
  Destination:            u_soc/Core_cpu/u_ifu_subsys/g_tage.u_tage/q_row_tag_reg[2][1]/D
                            (rising edge-triggered cell FDRE clocked by clk  {rise@0.000ns fall@3.450ns period=6.900ns})
  Path Group:             clk
  Path Type:              Setup (Max at Slow Process Corner)
  Requirement:            6.900ns  (clk rise@6.900ns - clk rise@0.000ns)
  Data Path Delay:        6.604ns  (logic 0.904ns (13.689%)  route 5.700ns (86.311%))
  Logic Levels:           15  (LUT3=2 LUT4=2 LUT5=3 LUT6=7 RAMD64E=1)
  Clock Path Skew:        -0.029ns (DCD - SCD + CPR)
    Destination Clock Delay (DCD):    4.918ns = ( 11.818 - 6.900 ) 
    Source Clock Delay      (SCD):    5.258ns
    Clock Pessimism Removal (CPR):    0.312ns
  Clock Uncertainty:      0.035ns  ((TSJ^2 + TIJ^2)^1/2 + DJ) / 2 + PE
    Total System Jitter     (TSJ):    0.071ns
    Total Input Jitter      (TIJ):    0.000ns
    Discrete Jitter          (DJ):    0.000ns
    Phase Error              (PE):    0.000ns

    Location             Delay type                Incr(ns)  Path(ns)    Netlist Resource(s)
  -------------------------------------------------------------------    -------------------
                         (clock clk rise edge)        0.000     0.000 r  
    AE23                                              0.000     0.000 r  clk (IN)
                         net (fo=0)                   0.000     0.000    clk
    AE23                 IBUF (Prop_ibuf_I_O)         0.734     0.734 r  clk_IBUF_inst/O
                         net (fo=1, routed)           2.651     3.385    clk_IBUF
    BUFGCTRL_X0Y0        BUFG (Prop_bufg_I_O)         0.093     3.478 r  u_bufg/O
                         net (fo=5754, routed)        1.780     5.258    u_soc/Core_cpu/u_ifu_subsys/u_icache/clk_buf
    SLICE_X46Y24         FDRE                                         r  u_soc/Core_cpu/u_ifu_subsys/u_icache/q_pc_q_reg[9]/C
  -------------------------------------------------------------------    -------------------
    SLICE_X46Y24         FDRE (Prop_fdre_C_Q)         0.259     5.517 r  u_soc/Core_cpu/u_ifu_subsys/u_icache/q_pc_q_reg[9]/Q
                         net (fo=148, routed)         0.473     5.990    u_soc/Core_cpu/u_ifu_subsys/g_tage.u_tage/g_tab[0].tg_p_reg_r1_0_63_3_5/ADDRA5
    SLICE_X50Y24         RAMD64E (Prop_ramd64e_RADR5_O)
                                                      0.043     6.033 f  u_soc/Core_cpu/u_ifu_subsys/g_tage.u_tage/g_tab[0].tg_p_reg_r1_0_63_3_5/RAMA/O
                         net (fo=1, routed)           0.576     6.610    u_soc/Core_cpu/u_ifu_subsys/u_btb/p_1_in4_in[0]
    SLICE_X47Y24         LUT6 (Prop_lut6_I1_O)        0.043     6.653 f  u_soc/Core_cpu/u_ifu_subsys/u_btb/ent_q[6][150]_i_42/O
                         net (fo=7, routed)           0.263     6.916    u_soc/Core_cpu/u_ifu_subsys/g_tage.u_tage/id_bht_chk[22]_i_4_0
    SLICE_X43Y24         LUT3 (Prop_lut3_I1_O)        0.043     6.959 f  u_soc/Core_cpu/u_ifu_subsys/g_tage.u_tage/id_bht_chk[22]_i_35/O
                         net (fo=8, routed)           0.447     7.406    u_soc/Core_cpu/u_ifu_subsys/g_tage.u_tage/id_bht_chk[22]_i_35_n_0
    SLICE_X43Y22         LUT6 (Prop_lut6_I5_O)        0.043     7.449 r  u_soc/Core_cpu/u_ifu_subsys/g_tage.u_tage/ent_q[6][150]_i_49/O
                         net (fo=2, routed)           0.341     7.790    u_soc/Core_cpu/u_ifu_subsys/g_tage.u_tage/ent_q[6][150]_i_49_n_0
    SLICE_X43Y20         LUT6 (Prop_lut6_I4_O)        0.043     7.833 f  u_soc/Core_cpu/u_ifu_subsys/g_tage.u_tage/ent_q[6][150]_i_27/O
                         net (fo=1, routed)           0.350     8.183    u_soc/Core_cpu/u_ifu_subsys/g_tage.u_tage/ent_q[6][150]_i_27_n_0
    SLICE_X43Y21         LUT6 (Prop_lut6_I2_O)        0.043     8.226 f  u_soc/Core_cpu/u_ifu_subsys/g_tage.u_tage/ent_q[6][150]_i_12/O
                         net (fo=5, routed)           0.196     8.422    u_soc/Core_cpu/u_ifu_subsys/u_btb/q_t0_idx[1]_i_10_3
    SLICE_X41Y21         LUT6 (Prop_lut6_I3_O)        0.043     8.465 f  u_soc/Core_cpu/u_ifu_subsys/u_btb/q_t0_idx[1]_i_17/O
                         net (fo=21, routed)          0.319     8.785    u_soc/Core_cpu/u_ifu_subsys/u_btb/btb_t2
    SLICE_X37Y19         LUT5 (Prop_lut5_I4_O)        0.043     8.828 r  u_soc/Core_cpu/u_ifu_subsys/u_btb/cnt_q[0]_i_10/O
                         net (fo=2, routed)           0.353     9.181    u_soc/Core_cpu/u_ifu_subsys/u_btb/want_cnt_raw[2]
    SLICE_X36Y19         LUT6 (Prop_lut6_I4_O)        0.043     9.224 f  u_soc/Core_cpu/u_ifu_subsys/u_btb/cnt_q[0]_i_5/O
                         net (fo=3, routed)           0.434     9.658    u_soc/Core_cpu/u_ifu_subsys/u_ibuf/cnt_q_reg[0]_14
    SLICE_X35Y21         LUT4 (Prop_lut4_I3_O)        0.043     9.701 f  u_soc/Core_cpu/u_ifu_subsys/u_ibuf/cnt_q[0]_i_2/O
                         net (fo=9, routed)           0.369    10.071    u_soc/Core_cpu/u_ifu_subsys/u_ibuf/cnt_q_reg[4]_1[0]
    SLICE_X35Y21         LUT5 (Prop_lut5_I3_O)        0.043    10.114 r  u_soc/Core_cpu/u_ifu_subsys/u_ibuf/ghr_q[3]_i_2/O
                         net (fo=13, routed)          0.391    10.504    u_soc/Core_cpu/u_ifu_subsys/u_ibuf/p_3_in
    SLICE_X34Y21         LUT4 (Prop_lut4_I0_O)        0.043    10.547 r  u_soc/Core_cpu/u_ifu_subsys/u_ibuf/q_row_tag[0][0]_i_10/O
                         net (fo=15, routed)          0.387    10.935    u_soc/Core_cpu/u_ifu_subsys/u_ibuf/ghr_cnt_return[2]
    SLICE_X34Y21         LUT5 (Prop_lut5_I3_O)        0.043    10.978 r  u_soc/Core_cpu/u_ifu_subsys/u_ibuf/ghr_q[6]_i_2/O
                         net (fo=2, routed)           0.337    11.315    u_soc/Core_cpu/u_ifu_subsys/u_ibuf/ghr_q[6]_i_2_n_0
    SLICE_X39Y21         LUT6 (Prop_lut6_I2_O)        0.043    11.358 r  u_soc/Core_cpu/u_ifu_subsys/u_ibuf/ghr_q[5]_i_1/O
                         net (fo=5, routed)           0.461    11.819    u_soc/Core_cpu/u_ifu_subsys/u_btb/q_row_idx_reg[2][5]
    SLICE_X34Y20         LUT3 (Prop_lut3_I2_O)        0.043    11.862 r  u_soc/Core_cpu/u_ifu_subsys/u_btb/q_row_tag[2][1]_i_1/O
                         net (fo=1, routed)           0.000    11.862    u_soc/Core_cpu/u_ifu_subsys/g_tage.u_tage/q_row_tag_reg[2][5]_0[1]
    SLICE_X34Y20         FDRE                                         r  u_soc/Core_cpu/u_ifu_subsys/g_tage.u_tage/q_row_tag_reg[2][1]/D
  -------------------------------------------------------------------    -------------------

                         (clock clk rise edge)        6.900     6.900 r  
    AE23                                              0.000     6.900 r  clk (IN)
                         net (fo=0)                   0.000     6.900    clk
    AE23                 IBUF (Prop_ibuf_I_O)         0.660     7.560 r  clk_IBUF_inst/O
                         net (fo=1, routed)           2.516    10.076    clk_IBUF
    BUFGCTRL_X0Y0        BUFG (Prop_bufg_I_O)         0.083    10.159 r  u_bufg/O
                         net (fo=5754, routed)        1.659    11.818    u_soc/Core_cpu/u_ifu_subsys/g_tage.u_tage/clk_buf
    SLICE_X34Y20         FDRE                                         r  u_soc/Core_cpu/u_ifu_subsys/g_tage.u_tage/q_row_tag_reg[2][1]/C
                         clock pessimism              0.312    12.129    
                         clock uncertainty           -0.035    12.094    
    SLICE_X34Y20         FDRE (Setup_fdre_C_D)        0.034    12.128    u_soc/Core_cpu/u_ifu_subsys/g_tage.u_tage/q_row_tag_reg[2][1]
  -------------------------------------------------------------------
                         required time                         12.128    
                         arrival time                         -11.862    
  -------------------------------------------------------------------
                         slack                                  0.266    

Slack (MET) :             0.266ns  (required time - arrival time)
  Source:                 u_soc/Core_cpu/u_ifu_subsys/u_icache/q_pc_q_reg[9]/C
                            (rising edge-triggered cell FDRE clocked by clk  {rise@0.000ns fall@3.450ns period=6.900ns})
  Destination:            u_soc/Core_cpu/u_ifu_subsys/g_tage.u_tage/q_row_tag_reg[2][1]/D
                            (rising edge-triggered cell FDRE clocked by clk  {rise@0.000ns fall@3.450ns period=6.900ns})
  Path Group:             clk
  Path Type:              Setup (Max at Slow Process Corner)
  Requirement:            6.900ns  (clk rise@6.900ns - clk rise@0.000ns)
  Data Path Delay:        6.604ns  (logic 0.904ns (13.689%)  route 5.700ns (86.311%))
  Logic Levels:           15  (LUT3=2 LUT4=2 LUT5=3 LUT6=7 RAMD64E=1)
  Clock Path Skew:        -0.029ns (DCD - SCD + CPR)
    Destination Clock Delay (DCD):    4.918ns = ( 11.818 - 6.900 ) 
    Source Clock Delay      (SCD):    5.258ns
    Clock Pessimism Removal (CPR):    0.312ns
  Clock Uncertainty:      0.035ns  ((TSJ^2 + TIJ^2)^1/2 + DJ) / 2 + PE
    Total System Jitter     (TSJ):    0.071ns
    Total Input Jitter      (TIJ):    0.000ns
    Discrete Jitter          (DJ):    0.000ns
    Phase Error              (PE):    0.000ns

    Location             Delay type                Incr(ns)  Path(ns)    Netlist Resource(s)
  -------------------------------------------------------------------    -------------------
                         (clock clk rise edge)        0.000     0.000 r  
    AE23                                              0.000     0.000 r  clk (IN)
                         net (fo=0)                   0.000     0.000    clk
    AE23                 IBUF (Prop_ibuf_I_O)         0.734     0.734 r  clk_IBUF_inst/O
                         net (fo=1, routed)           2.651     3.385    clk_IBUF
    BUFGCTRL_X0Y0        BUFG (Prop_bufg_I_O)         0.093     3.478 r  u_bufg/O
                         net (fo=5754, routed)        1.780     5.258    u_soc/Core_cpu/u_ifu_subsys/u_icache/clk_buf
    SLICE_X46Y24         FDRE                                         r  u_soc/Core_cpu/u_ifu_subsys/u_icache/q_pc_q_reg[9]/C
  -------------------------------------------------------------------    -------------------
    SLICE_X46Y24         FDRE (Prop_fdre_C_Q)         0.259     5.517 r  u_soc/Core_cpu/u_ifu_subsys/u_icache/q_pc_q_reg[9]/Q
                         net (fo=148, routed)         0.473     5.990    u_soc/Core_cpu/u_ifu_subsys/g_tage.u_tage/g_tab[0].tg_p_reg_r1_0_63_3_5/ADDRA5
    SLICE_X50Y24         RAMD64E (Prop_ramd64e_RADR5_O)
                                                      0.043     6.033 r  u_soc/Core_cpu/u_ifu_subsys/g_tage.u_tage/g_tab[0].tg_p_reg_r1_0_63_3_5/RAMA/O
                         net (fo=1, routed)           0.576     6.610    u_soc/Core_cpu/u_ifu_subsys/u_btb/p_1_in4_in[0]
    SLICE_X47Y24         LUT6 (Prop_lut6_I1_O)        0.043     6.653 r  u_soc/Core_cpu/u_ifu_subsys/u_btb/ent_q[6][150]_i_42/O
                         net (fo=7, routed)           0.263     6.916    u_soc/Core_cpu/u_ifu_subsys/g_tage.u_tage/id_bht_chk[22]_i_4_0
    SLICE_X43Y24         LUT3 (Prop_lut3_I1_O)        0.043     6.959 r  u_soc/Core_cpu/u_ifu_subsys/g_tage.u_tage/id_bht_chk[22]_i_35/O
                         net (fo=8, routed)           0.447     7.406    u_soc/Core_cpu/u_ifu_subsys/g_tage.u_tage/id_bht_chk[22]_i_35_n_0
    SLICE_X43Y22         LUT6 (Prop_lut6_I5_O)        0.043     7.449 f  u_soc/Core_cpu/u_ifu_subsys/g_tage.u_tage/ent_q[6][150]_i_49/O
                         net (fo=2, routed)           0.341     7.790    u_soc/Core_cpu/u_ifu_subsys/g_tage.u_tage/ent_q[6][150]_i_49_n_0
    SLICE_X43Y20         LUT6 (Prop_lut6_I4_O)        0.043     7.833 f  u_soc/Core_cpu/u_ifu_subsys/g_tage.u_tage/ent_q[6][150]_i_27/O
                         net (fo=1, routed)           0.350     8.183    u_soc/Core_cpu/u_ifu_subsys/g_tage.u_tage/ent_q[6][150]_i_27_n_0
    SLICE_X43Y21         LUT6 (Prop_lut6_I2_O)        0.043     8.226 f  u_soc/Core_cpu/u_ifu_subsys/g_tage.u_tage/ent_q[6][150]_i_12/O
                         net (fo=5, routed)           0.196     8.422    u_soc/Core_cpu/u_ifu_subsys/u_btb/q_t0_idx[1]_i_10_3
    SLICE_X41Y21         LUT6 (Prop_lut6_I3_O)        0.043     8.465 f  u_soc/Core_cpu/u_ifu_subsys/u_btb/q_t0_idx[1]_i_17/O
                         net (fo=21, routed)          0.319     8.785    u_soc/Core_cpu/u_ifu_subsys/u_btb/btb_t2
    SLICE_X37Y19         LUT5 (Prop_lut5_I4_O)        0.043     8.828 r  u_soc/Core_cpu/u_ifu_subsys/u_btb/cnt_q[0]_i_10/O
                         net (fo=2, routed)           0.353     9.181    u_soc/Core_cpu/u_ifu_subsys/u_btb/want_cnt_raw[2]
    SLICE_X36Y19         LUT6 (Prop_lut6_I4_O)        0.043     9.224 f  u_soc/Core_cpu/u_ifu_subsys/u_btb/cnt_q[0]_i_5/O
                         net (fo=3, routed)           0.434     9.658    u_soc/Core_cpu/u_ifu_subsys/u_ibuf/cnt_q_reg[0]_14
    SLICE_X35Y21         LUT4 (Prop_lut4_I3_O)        0.043     9.701 f  u_soc/Core_cpu/u_ifu_subsys/u_ibuf/cnt_q[0]_i_2/O
                         net (fo=9, routed)           0.369    10.071    u_soc/Core_cpu/u_ifu_subsys/u_ibuf/cnt_q_reg[4]_1[0]
    SLICE_X35Y21         LUT5 (Prop_lut5_I3_O)        0.043    10.114 r  u_soc/Core_cpu/u_ifu_subsys/u_ibuf/ghr_q[3]_i_2/O
                         net (fo=13, routed)          0.391    10.504    u_soc/Core_cpu/u_ifu_subsys/u_ibuf/p_3_in
    SLICE_X34Y21         LUT4 (Prop_lut4_I0_O)        0.043    10.547 r  u_soc/Core_cpu/u_ifu_subsys/u_ibuf/q_row_tag[0][0]_i_10/O
                         net (fo=15, routed)          0.387    10.935    u_soc/Core_cpu/u_ifu_subsys/u_ibuf/ghr_cnt_return[2]
    SLICE_X34Y21         LUT5 (Prop_lut5_I3_O)        0.043    10.978 r  u_soc/Core_cpu/u_ifu_subsys/u_ibuf/ghr_q[6]_i_2/O
                         net (fo=2, routed)           0.337    11.315    u_soc/Core_cpu/u_ifu_subsys/u_ibuf/ghr_q[6]_i_2_n_0
    SLICE_X39Y21         LUT6 (Prop_lut6_I2_O)        0.043    11.358 r  u_soc/Core_cpu/u_ifu_subsys/u_ibuf/ghr_q[5]_i_1/O
                         net (fo=5, routed)           0.461    11.819    u_soc/Core_cpu/u_ifu_subsys/u_btb/q_row_idx_reg[2][5]
    SLICE_X34Y20         LUT3 (Prop_lut3_I2_O)        0.043    11.862 r  u_soc/Core_cpu/u_ifu_subsys/u_btb/q_row_tag[2][1]_i_1/O
                         net (fo=1, routed)           0.000    11.862    u_soc/Core_cpu/u_ifu_subsys/g_tage.u_tage/q_row_tag_reg[2][5]_0[1]
    SLICE_X34Y20         FDRE                                         r  u_soc/Core_cpu/u_ifu_subsys/g_tage.u_tage/q_row_tag_reg[2][1]/D
  -------------------------------------------------------------------    -------------------

                         (clock clk rise edge)        6.900     6.900 r  
    AE23                                              0.000     6.900 r  clk (IN)
                         net (fo=0)                   0.000     6.900    clk
    AE23                 IBUF (Prop_ibuf_I_O)         0.660     7.560 r  clk_IBUF_inst/O
                         net (fo=1, routed)           2.516    10.076    clk_IBUF
    BUFGCTRL_X0Y0        BUFG (Prop_bufg_I_O)         0.083    10.159 r  u_bufg/O
                         net (fo=5754, routed)        1.659    11.818    u_soc/Core_cpu/u_ifu_subsys/g_tage.u_tage/clk_buf
    SLICE_X34Y20         FDRE                                         r  u_soc/Core_cpu/u_ifu_subsys/g_tage.u_tage/q_row_tag_reg[2][1]/C
                         clock pessimism              0.312    12.129    
                         clock uncertainty           -0.035    12.094    
    SLICE_X34Y20         FDRE (Setup_fdre_C_D)        0.034    12.128    u_soc/Core_cpu/u_ifu_subsys/g_tage.u_tage/q_row_tag_reg[2][1]
  -------------------------------------------------------------------
                         required time                         12.128    
                         arrival time                         -11.862    
  -------------------------------------------------------------------
                         slack                                  0.266    

Slack (MET) :             0.266ns  (required time - arrival time)
  Source:                 u_soc/Core_cpu/u_ifu_subsys/u_icache/q_pc_q_reg[9]/C
                            (rising edge-triggered cell FDRE clocked by clk  {rise@0.000ns fall@3.450ns period=6.900ns})
  Destination:            u_soc/Core_cpu/u_ifu_subsys/u_ibuf/ent_q_reg[5][47]/D
                            (rising edge-triggered cell FDRE clocked by clk  {rise@0.000ns fall@3.450ns period=6.900ns})
  Path Group:             clk
  Path Type:              Setup (Max at Slow Process Corner)
  Requirement:            6.900ns  (clk rise@6.900ns - clk rise@0.000ns)
  Data Path Delay:        6.672ns  (logic 0.904ns (13.548%)  route 5.768ns (86.451%))
  Logic Levels:           15  (LUT3=3 LUT4=1 LUT5=2 LUT6=8 RAMD64E=1)
  Clock Path Skew:        0.040ns (DCD - SCD + CPR)
    Destination Clock Delay (DCD):    4.987ns = ( 11.887 - 6.900 ) 
    Source Clock Delay      (SCD):    5.258ns
    Clock Pessimism Removal (CPR):    0.312ns
  Clock Uncertainty:      0.035ns  ((TSJ^2 + TIJ^2)^1/2 + DJ) / 2 + PE
    Total System Jitter     (TSJ):    0.071ns
    Total Input Jitter      (TIJ):    0.000ns
    Discrete Jitter          (DJ):    0.000ns
    Phase Error              (PE):    0.000ns

    Location             Delay type                Incr(ns)  Path(ns)    Netlist Resource(s)
  -------------------------------------------------------------------    -------------------
                         (clock clk rise edge)        0.000     0.000 r  
    AE23                                              0.000     0.000 r  clk (IN)
                         net (fo=0)                   0.000     0.000    clk
    AE23                 IBUF (Prop_ibuf_I_O)         0.734     0.734 r  clk_IBUF_inst/O
                         net (fo=1, routed)           2.651     3.385    clk_IBUF
    BUFGCTRL_X0Y0        BUFG (Prop_bufg_I_O)         0.093     3.478 r  u_bufg/O
                         net (fo=5754, routed)        1.780     5.258    u_soc/Core_cpu/u_ifu_subsys/u_icache/clk_buf
    SLICE_X46Y24         FDRE                                         r  u_soc/Core_cpu/u_ifu_subsys/u_icache/q_pc_q_reg[9]/C
  -------------------------------------------------------------------    -------------------
    SLICE_X46Y24         FDRE (Prop_fdre_C_Q)         0.259     5.517 r  u_soc/Core_cpu/u_ifu_subsys/u_icache/q_pc_q_reg[9]/Q
                         net (fo=148, routed)         0.473     5.990    u_soc/Core_cpu/u_ifu_subsys/g_tage.u_tage/g_tab[0].tg_p_reg_r1_0_63_3_5/ADDRA5
    SLICE_X50Y24         RAMD64E (Prop_ramd64e_RADR5_O)
                                                      0.043     6.033 r  u_soc/Core_cpu/u_ifu_subsys/g_tage.u_tage/g_tab[0].tg_p_reg_r1_0_63_3_5/RAMA/O
                         net (fo=1, routed)           0.576     6.610    u_soc/Core_cpu/u_ifu_subsys/u_btb/p_1_in4_in[0]
    SLICE_X47Y24         LUT6 (Prop_lut6_I1_O)        0.043     6.653 f  u_soc/Core_cpu/u_ifu_subsys/u_btb/ent_q[6][150]_i_42/O
                         net (fo=7, routed)           0.263     6.916    u_soc/Core_cpu/u_ifu_subsys/g_tage.u_tage/id_bht_chk[22]_i_4_0
    SLICE_X43Y24         LUT3 (Prop_lut3_I1_O)        0.043     6.959 f  u_soc/Core_cpu/u_ifu_subsys/g_tage.u_tage/id_bht_chk[22]_i_35/O
                         net (fo=8, routed)           0.447     7.406    u_soc/Core_cpu/u_ifu_subsys/g_tage.u_tage/id_bht_chk[22]_i_35_n_0
    SLICE_X43Y22         LUT6 (Prop_lut6_I5_O)        0.043     7.449 r  u_soc/Core_cpu/u_ifu_subsys/g_tage.u_tage/ent_q[6][150]_i_49/O
                         net (fo=2, routed)           0.341     7.790    u_soc/Core_cpu/u_ifu_subsys/g_tage.u_tage/ent_q[6][150]_i_49_n_0
    SLICE_X43Y20         LUT6 (Prop_lut6_I4_O)        0.043     7.833 f  u_soc/Core_cpu/u_ifu_subsys/g_tage.u_tage/ent_q[6][150]_i_27/O
                         net (fo=1, routed)           0.350     8.183    u_soc/Core_cpu/u_ifu_subsys/g_tage.u_tage/ent_q[6][150]_i_27_n_0
    SLICE_X43Y21         LUT6 (Prop_lut6_I2_O)        0.043     8.226 f  u_soc/Core_cpu/u_ifu_subsys/g_tage.u_tage/ent_q[6][150]_i_12/O
                         net (fo=5, routed)           0.196     8.422    u_soc/Core_cpu/u_ifu_subsys/u_btb/q_t0_idx[1]_i_10_3
    SLICE_X41Y21         LUT6 (Prop_lut6_I3_O)        0.043     8.465 f  u_soc/Core_cpu/u_ifu_subsys/u_btb/q_t0_idx[1]_i_17/O
                         net (fo=21, routed)          0.352     8.818    u_soc/Core_cpu/u_ifu_subsys/u_btb/btb_t2
    SLICE_X39Y20         LUT3 (Prop_lut3_I0_O)        0.043     8.861 r  u_soc/Core_cpu/u_ifu_subsys/u_btb/id_pred_npc[31]_i_5/O
                         net (fo=5, routed)           0.443     9.304    u_soc/Core_cpu/u_ifu_subsys/u_icache/u_tag_way1/u_prim/taken_slot[0]
    SLICE_X34Y19         LUT6 (Prop_lut6_I1_O)        0.043     9.347 r  u_soc/Core_cpu/u_ifu_subsys/u_icache/u_tag_way1/u_prim/cnt_q[4]_i_6/O
                         net (fo=8, routed)           0.204     9.550    u_soc/Core_cpu/u_ifu_subsys/u_ibuf/push_num[2]
    SLICE_X32Y19         LUT3 (Prop_lut3_I1_O)        0.043     9.593 r  u_soc/Core_cpu/u_ifu_subsys/u_ibuf/ent_q[6][95]_i_4/O
                         net (fo=108, routed)         0.238     9.831    u_soc/Core_cpu/u_ifu_subsys/u_ibuf/ent_q[6][95]_i_4_n_0
    SLICE_X31Y19         LUT6 (Prop_lut6_I5_O)        0.043     9.874 r  u_soc/Core_cpu/u_ifu_subsys/u_ibuf/id_have_inst_i_2/O
                         net (fo=114, routed)         0.527    10.401    u_soc/Core_cpu/u_ifu_subsys/u_ibuf/cnt_q_reg[4]_2
    SLICE_X26Y14         LUT5 (Prop_lut5_I4_O)        0.043    10.444 r  u_soc/Core_cpu/u_ifu_subsys/u_ibuf/ent_q[6][47]_i_5/O
                         net (fo=9, routed)           0.810    11.254    u_soc/Core_cpu/u_ifu_subsys/u_ibuf/p_0_in__0[47]
    SLICE_X5Y11          LUT5 (Prop_lut5_I2_O)        0.043    11.297 r  u_soc/Core_cpu/u_ifu_subsys/u_ibuf/ent_q[6][47]_i_3/O
                         net (fo=8, routed)           0.441    11.738    u_soc/Core_cpu/u_ifu_subsys/u_ibuf/ent_q[6][47]_i_3_n_0
    SLICE_X4Y10          LUT6 (Prop_lut6_I0_O)        0.043    11.781 r  u_soc/Core_cpu/u_ifu_subsys/u_ibuf/ent_q[5][47]_i_2/O
                         net (fo=1, routed)           0.107    11.888    u_soc/Core_cpu/u_ifu_subsys/u_ibuf/ent_q[5][47]_i_2_n_0
    SLICE_X4Y10          LUT4 (Prop_lut4_I3_O)        0.043    11.931 r  u_soc/Core_cpu/u_ifu_subsys/u_ibuf/ent_q[5][47]_i_1/O
                         net (fo=1, routed)           0.000    11.931    u_soc/Core_cpu/u_ifu_subsys/u_ibuf/ent_q[5][47]_i_1_n_0
    SLICE_X4Y10          FDRE                                         r  u_soc/Core_cpu/u_ifu_subsys/u_ibuf/ent_q_reg[5][47]/D
  -------------------------------------------------------------------    -------------------

                         (clock clk rise edge)        6.900     6.900 r  
    AE23                                              0.000     6.900 r  clk (IN)
                         net (fo=0)                   0.000     6.900    clk
    AE23                 IBUF (Prop_ibuf_I_O)         0.660     7.560 r  clk_IBUF_inst/O
                         net (fo=1, routed)           2.516    10.076    clk_IBUF
    BUFGCTRL_X0Y0        BUFG (Prop_bufg_I_O)         0.083    10.159 r  u_bufg/O
                         net (fo=5754, routed)        1.728    11.887    u_soc/Core_cpu/u_ifu_subsys/u_ibuf/clk_buf
    SLICE_X4Y10          FDRE                                         r  u_soc/Core_cpu/u_ifu_subsys/u_ibuf/ent_q_reg[5][47]/C
                         clock pessimism              0.312    12.198    
                         clock uncertainty           -0.035    12.163    
    SLICE_X4Y10          FDRE (Setup_fdre_C_D)        0.034    12.197    u_soc/Core_cpu/u_ifu_subsys/u_ibuf/ent_q_reg[5][47]
  -------------------------------------------------------------------
                         required time                         12.197    
                         arrival time                         -11.931    
  -------------------------------------------------------------------
                         slack                                  0.266    

Slack (MET) :             0.266ns  (required time - arrival time)
  Source:                 u_soc/Core_cpu/u_ifu_subsys/u_icache/q_pc_q_reg[9]/C
                            (rising edge-triggered cell FDRE clocked by clk  {rise@0.000ns fall@3.450ns period=6.900ns})
  Destination:            u_soc/Core_cpu/u_ifu_subsys/u_ibuf/ent_q_reg[5][47]/D
                            (rising edge-triggered cell FDRE clocked by clk  {rise@0.000ns fall@3.450ns period=6.900ns})
  Path Group:             clk
  Path Type:              Setup (Max at Slow Process Corner)
  Requirement:            6.900ns  (clk rise@6.900ns - clk rise@0.000ns)
  Data Path Delay:        6.672ns  (logic 0.904ns (13.548%)  route 5.768ns (86.451%))
  Logic Levels:           15  (LUT3=3 LUT4=1 LUT5=2 LUT6=8 RAMD64E=1)
  Clock Path Skew:        0.040ns (DCD - SCD + CPR)
    Destination Clock Delay (DCD):    4.987ns = ( 11.887 - 6.900 ) 
    Source Clock Delay      (SCD):    5.258ns
    Clock Pessimism Removal (CPR):    0.312ns
  Clock Uncertainty:      0.035ns  ((TSJ^2 + TIJ^2)^1/2 + DJ) / 2 + PE
    Total System Jitter     (TSJ):    0.071ns
    Total Input Jitter      (TIJ):    0.000ns
    Discrete Jitter          (DJ):    0.000ns
    Phase Error              (PE):    0.000ns

    Location             Delay type                Incr(ns)  Path(ns)    Netlist Resource(s)
  -------------------------------------------------------------------    -------------------
                         (clock clk rise edge)        0.000     0.000 r  
    AE23                                              0.000     0.000 r  clk (IN)
                         net (fo=0)                   0.000     0.000    clk
    AE23                 IBUF (Prop_ibuf_I_O)         0.734     0.734 r  clk_IBUF_inst/O
                         net (fo=1, routed)           2.651     3.385    clk_IBUF
    BUFGCTRL_X0Y0        BUFG (Prop_bufg_I_O)         0.093     3.478 r  u_bufg/O
                         net (fo=5754, routed)        1.780     5.258    u_soc/Core_cpu/u_ifu_subsys/u_icache/clk_buf
    SLICE_X46Y24         FDRE                                         r  u_soc/Core_cpu/u_ifu_subsys/u_icache/q_pc_q_reg[9]/C
  -------------------------------------------------------------------    -------------------
    SLICE_X46Y24         FDRE (Prop_fdre_C_Q)         0.259     5.517 r  u_soc/Core_cpu/u_ifu_subsys/u_icache/q_pc_q_reg[9]/Q
                         net (fo=148, routed)         0.473     5.990    u_soc/Core_cpu/u_ifu_subsys/g_tage.u_tage/g_tab[0].tg_p_reg_r1_0_63_3_5/ADDRA5
    SLICE_X50Y24         RAMD64E (Prop_ramd64e_RADR5_O)
                                                      0.043     6.033 f  u_soc/Core_cpu/u_ifu_subsys/g_tage.u_tage/g_tab[0].tg_p_reg_r1_0_63_3_5/RAMA/O
                         net (fo=1, routed)           0.576     6.610    u_soc/Core_cpu/u_ifu_subsys/u_btb/p_1_in4_in[0]
    SLICE_X47Y24         LUT6 (Prop_lut6_I1_O)        0.043     6.653 f  u_soc/Core_cpu/u_ifu_subsys/u_btb/ent_q[6][150]_i_42/O
                         net (fo=7, routed)           0.263     6.916    u_soc/Core_cpu/u_ifu_subsys/g_tage.u_tage/id_bht_chk[22]_i_4_0
    SLICE_X43Y24         LUT3 (Prop_lut3_I1_O)        0.043     6.959 f  u_soc/Core_cpu/u_ifu_subsys/g_tage.u_tage/id_bht_chk[22]_i_35/O
                         net (fo=8, routed)           0.447     7.406    u_soc/Core_cpu/u_ifu_subsys/g_tage.u_tage/id_bht_chk[22]_i_35_n_0
    SLICE_X43Y22         LUT6 (Prop_lut6_I5_O)        0.043     7.449 r  u_soc/Core_cpu/u_ifu_subsys/g_tage.u_tage/ent_q[6][150]_i_49/O
                         net (fo=2, routed)           0.341     7.790    u_soc/Core_cpu/u_ifu_subsys/g_tage.u_tage/ent_q[6][150]_i_49_n_0
    SLICE_X43Y20         LUT6 (Prop_lut6_I4_O)        0.043     7.833 f  u_soc/Core_cpu/u_ifu_subsys/g_tage.u_tage/ent_q[6][150]_i_27/O
                         net (fo=1, routed)           0.350     8.183    u_soc/Core_cpu/u_ifu_subsys/g_tage.u_tage/ent_q[6][150]_i_27_n_0
    SLICE_X43Y21         LUT6 (Prop_lut6_I2_O)        0.043     8.226 f  u_soc/Core_cpu/u_ifu_subsys/g_tage.u_tage/ent_q[6][150]_i_12/O
                         net (fo=5, routed)           0.196     8.422    u_soc/Core_cpu/u_ifu_subsys/u_btb/q_t0_idx[1]_i_10_3
    SLICE_X41Y21         LUT6 (Prop_lut6_I3_O)        0.043     8.465 f  u_soc/Core_cpu/u_ifu_subsys/u_btb/q_t0_idx[1]_i_17/O
                         net (fo=21, routed)          0.352     8.818    u_soc/Core_cpu/u_ifu_subsys/u_btb/btb_t2
    SLICE_X39Y20         LUT3 (Prop_lut3_I0_O)        0.043     8.861 r  u_soc/Core_cpu/u_ifu_subsys/u_btb/id_pred_npc[31]_i_5/O
                         net (fo=5, routed)           0.443     9.304    u_soc/Core_cpu/u_ifu_subsys/u_icache/u_tag_way1/u_prim/taken_slot[0]
    SLICE_X34Y19         LUT6 (Prop_lut6_I1_O)        0.043     9.347 r  u_soc/Core_cpu/u_ifu_subsys/u_icache/u_tag_way1/u_prim/cnt_q[4]_i_6/O
                         net (fo=8, routed)           0.204     9.550    u_soc/Core_cpu/u_ifu_subsys/u_ibuf/push_num[2]
    SLICE_X32Y19         LUT3 (Prop_lut3_I1_O)        0.043     9.593 r  u_soc/Core_cpu/u_ifu_subsys/u_ibuf/ent_q[6][95]_i_4/O
                         net (fo=108, routed)         0.238     9.831    u_soc/Core_cpu/u_ifu_subsys/u_ibuf/ent_q[6][95]_i_4_n_0
    SLICE_X31Y19         LUT6 (Prop_lut6_I5_O)        0.043     9.874 r  u_soc/Core_cpu/u_ifu_subsys/u_ibuf/id_have_inst_i_2/O
                         net (fo=114, routed)         0.527    10.401    u_soc/Core_cpu/u_ifu_subsys/u_ibuf/cnt_q_reg[4]_2
    SLICE_X26Y14         LUT5 (Prop_lut5_I4_O)        0.043    10.444 r  u_soc/Core_cpu/u_ifu_subsys/u_ibuf/ent_q[6][47]_i_5/O
                         net (fo=9, routed)           0.810    11.254    u_soc/Core_cpu/u_ifu_subsys/u_ibuf/p_0_in__0[47]
    SLICE_X5Y11          LUT5 (Prop_lut5_I2_O)        0.043    11.297 r  u_soc/Core_cpu/u_ifu_subsys/u_ibuf/ent_q[6][47]_i_3/O
                         net (fo=8, routed)           0.441    11.738    u_soc/Core_cpu/u_ifu_subsys/u_ibuf/ent_q[6][47]_i_3_n_0
    SLICE_X4Y10          LUT6 (Prop_lut6_I0_O)        0.043    11.781 r  u_soc/Core_cpu/u_ifu_subsys/u_ibuf/ent_q[5][47]_i_2/O
                         net (fo=1, routed)           0.107    11.888    u_soc/Core_cpu/u_ifu_subsys/u_ibuf/ent_q[5][47]_i_2_n_0
    SLICE_X4Y10          LUT4 (Prop_lut4_I3_O)        0.043    11.931 r  u_soc/Core_cpu/u_ifu_subsys/u_ibuf/ent_q[5][47]_i_1/O
                         net (fo=1, routed)           0.000    11.931    u_soc/Core_cpu/u_ifu_subsys/u_ibuf/ent_q[5][47]_i_1_n_0
    SLICE_X4Y10          FDRE                                         r  u_soc/Core_cpu/u_ifu_subsys/u_ibuf/ent_q_reg[5][47]/D
  -------------------------------------------------------------------    -------------------

                         (clock clk rise edge)        6.900     6.900 r  
    AE23                                              0.000     6.900 r  clk (IN)
                         net (fo=0)                   0.000     6.900    clk
    AE23                 IBUF (Prop_ibuf_I_O)         0.660     7.560 r  clk_IBUF_inst/O
                         net (fo=1, routed)           2.516    10.076    clk_IBUF
    BUFGCTRL_X0Y0        BUFG (Prop_bufg_I_O)         0.083    10.159 r  u_bufg/O
                         net (fo=5754, routed)        1.728    11.887    u_soc/Core_cpu/u_ifu_subsys/u_ibuf/clk_buf
    SLICE_X4Y10          FDRE                                         r  u_soc/Core_cpu/u_ifu_subsys/u_ibuf/ent_q_reg[5][47]/C
                         clock pessimism              0.312    12.198    
                         clock uncertainty           -0.035    12.163    
    SLICE_X4Y10          FDRE (Setup_fdre_C_D)        0.034    12.197    u_soc/Core_cpu/u_ifu_subsys/u_ibuf/ent_q_reg[5][47]
  -------------------------------------------------------------------
                         required time                         12.197    
                         arrival time                         -11.931    
  -------------------------------------------------------------------
                         slack                                  0.266    

Slack (MET) :             0.266ns  (required time - arrival time)
  Source:                 u_soc/Core_cpu/u_ifu_subsys/u_icache/q_pc_q_reg[9]/C
                            (rising edge-triggered cell FDRE clocked by clk  {rise@0.000ns fall@3.450ns period=6.900ns})
  Destination:            u_soc/Core_cpu/u_ifu_subsys/u_ibuf/ent_q_reg[5][47]/D
                            (rising edge-triggered cell FDRE clocked by clk  {rise@0.000ns fall@3.450ns period=6.900ns})
  Path Group:             clk
  Path Type:              Setup (Max at Slow Process Corner)
  Requirement:            6.900ns  (clk rise@6.900ns - clk rise@0.000ns)
  Data Path Delay:        6.672ns  (logic 0.904ns (13.548%)  route 5.768ns (86.451%))
  Logic Levels:           15  (LUT3=3 LUT4=1 LUT5=2 LUT6=8 RAMD64E=1)
  Clock Path Skew:        0.040ns (DCD - SCD + CPR)
    Destination Clock Delay (DCD):    4.987ns = ( 11.887 - 6.900 ) 
    Source Clock Delay      (SCD):    5.258ns
    Clock Pessimism Removal (CPR):    0.312ns
  Clock Uncertainty:      0.035ns  ((TSJ^2 + TIJ^2)^1/2 + DJ) / 2 + PE
    Total System Jitter     (TSJ):    0.071ns
    Total Input Jitter      (TIJ):    0.000ns
    Discrete Jitter          (DJ):    0.000ns
    Phase Error              (PE):    0.000ns

    Location             Delay type                Incr(ns)  Path(ns)    Netlist Resource(s)
  -------------------------------------------------------------------    -------------------
                         (clock clk rise edge)        0.000     0.000 r  
    AE23                                              0.000     0.000 r  clk (IN)
                         net (fo=0)                   0.000     0.000    clk
    AE23                 IBUF (Prop_ibuf_I_O)         0.734     0.734 r  clk_IBUF_inst/O
                         net (fo=1, routed)           2.651     3.385    clk_IBUF
    BUFGCTRL_X0Y0        BUFG (Prop_bufg_I_O)         0.093     3.478 r  u_bufg/O
                         net (fo=5754, routed)        1.780     5.258    u_soc/Core_cpu/u_ifu_subsys/u_icache/clk_buf
    SLICE_X46Y24         FDRE                                         r  u_soc/Core_cpu/u_ifu_subsys/u_icache/q_pc_q_reg[9]/C
  -------------------------------------------------------------------    -------------------
    SLICE_X46Y24         FDRE (Prop_fdre_C_Q)         0.259     5.517 r  u_soc/Core_cpu/u_ifu_subsys/u_icache/q_pc_q_reg[9]/Q
                         net (fo=148, routed)         0.473     5.990    u_soc/Core_cpu/u_ifu_subsys/g_tage.u_tage/g_tab[0].tg_p_reg_r1_0_63_3_5/ADDRA5
    SLICE_X50Y24         RAMD64E (Prop_ramd64e_RADR5_O)
                                                      0.043     6.033 r  u_soc/Core_cpu/u_ifu_subsys/g_tage.u_tage/g_tab[0].tg_p_reg_r1_0_63_3_5/RAMA/O
                         net (fo=1, routed)           0.576     6.610    u_soc/Core_cpu/u_ifu_subsys/u_btb/p_1_in4_in[0]
    SLICE_X47Y24         LUT6 (Prop_lut6_I1_O)        0.043     6.653 r  u_soc/Core_cpu/u_ifu_subsys/u_btb/ent_q[6][150]_i_42/O
                         net (fo=7, routed)           0.263     6.916    u_soc/Core_cpu/u_ifu_subsys/g_tage.u_tage/id_bht_chk[22]_i_4_0
    SLICE_X43Y24         LUT3 (Prop_lut3_I1_O)        0.043     6.959 r  u_soc/Core_cpu/u_ifu_subsys/g_tage.u_tage/id_bht_chk[22]_i_35/O
                         net (fo=8, routed)           0.447     7.406    u_soc/Core_cpu/u_ifu_subsys/g_tage.u_tage/id_bht_chk[22]_i_35_n_0
    SLICE_X43Y22         LUT6 (Prop_lut6_I5_O)        0.043     7.449 f  u_soc/Core_cpu/u_ifu_subsys/g_tage.u_tage/ent_q[6][150]_i_49/O
                         net (fo=2, routed)           0.341     7.790    u_soc/Core_cpu/u_ifu_subsys/g_tage.u_tage/ent_q[6][150]_i_49_n_0
    SLICE_X43Y20         LUT6 (Prop_lut6_I4_O)        0.043     7.833 f  u_soc/Core_cpu/u_ifu_subsys/g_tage.u_tage/ent_q[6][150]_i_27/O
                         net (fo=1, routed)           0.350     8.183    u_soc/Core_cpu/u_ifu_subsys/g_tage.u_tage/ent_q[6][150]_i_27_n_0
    SLICE_X43Y21         LUT6 (Prop_lut6_I2_O)        0.043     8.226 f  u_soc/Core_cpu/u_ifu_subsys/g_tage.u_tage/ent_q[6][150]_i_12/O
                         net (fo=5, routed)           0.196     8.422    u_soc/Core_cpu/u_ifu_subsys/u_btb/q_t0_idx[1]_i_10_3
    SLICE_X41Y21         LUT6 (Prop_lut6_I3_O)        0.043     8.465 f  u_soc/Core_cpu/u_ifu_subsys/u_btb/q_t0_idx[1]_i_17/O
                         net (fo=21, routed)          0.352     8.818    u_soc/Core_cpu/u_ifu_subsys/u_btb/btb_t2
    SLICE_X39Y20         LUT3 (Prop_lut3_I0_O)        0.043     8.861 r  u_soc/Core_cpu/u_ifu_subsys/u_btb/id_pred_npc[31]_i_5/O
                         net (fo=5, routed)           0.443     9.304    u_soc/Core_cpu/u_ifu_subsys/u_icache/u_tag_way1/u_prim/taken_slot[0]
    SLICE_X34Y19         LUT6 (Prop_lut6_I1_O)        0.043     9.347 r  u_soc/Core_cpu/u_ifu_subsys/u_icache/u_tag_way1/u_prim/cnt_q[4]_i_6/O
                         net (fo=8, routed)           0.204     9.550    u_soc/Core_cpu/u_ifu_subsys/u_ibuf/push_num[2]
    SLICE_X32Y19         LUT3 (Prop_lut3_I1_O)        0.043     9.593 r  u_soc/Core_cpu/u_ifu_subsys/u_ibuf/ent_q[6][95]_i_4/O
                         net (fo=108, routed)         0.238     9.831    u_soc/Core_cpu/u_ifu_subsys/u_ibuf/ent_q[6][95]_i_4_n_0
    SLICE_X31Y19         LUT6 (Prop_lut6_I5_O)        0.043     9.874 r  u_soc/Core_cpu/u_ifu_subsys/u_ibuf/id_have_inst_i_2/O
                         net (fo=114, routed)         0.527    10.401    u_soc/Core_cpu/u_ifu_subsys/u_ibuf/cnt_q_reg[4]_2
    SLICE_X26Y14         LUT5 (Prop_lut5_I4_O)        0.043    10.444 r  u_soc/Core_cpu/u_ifu_subsys/u_ibuf/ent_q[6][47]_i_5/O
                         net (fo=9, routed)           0.810    11.254    u_soc/Core_cpu/u_ifu_subsys/u_ibuf/p_0_in__0[47]
    SLICE_X5Y11          LUT5 (Prop_lut5_I2_O)        0.043    11.297 r  u_soc/Core_cpu/u_ifu_subsys/u_ibuf/ent_q[6][47]_i_3/O
                         net (fo=8, routed)           0.441    11.738    u_soc/Core_cpu/u_ifu_subsys/u_ibuf/ent_q[6][47]_i_3_n_0
    SLICE_X4Y10          LUT6 (Prop_lut6_I0_O)        0.043    11.781 r  u_soc/Core_cpu/u_ifu_subsys/u_ibuf/ent_q[5][47]_i_2/O
                         net (fo=1, routed)           0.107    11.888    u_soc/Core_cpu/u_ifu_subsys/u_ibuf/ent_q[5][47]_i_2_n_0
    SLICE_X4Y10          LUT4 (Prop_lut4_I3_O)        0.043    11.931 r  u_soc/Core_cpu/u_ifu_subsys/u_ibuf/ent_q[5][47]_i_1/O
                         net (fo=1, routed)           0.000    11.931    u_soc/Core_cpu/u_ifu_subsys/u_ibuf/ent_q[5][47]_i_1_n_0
    SLICE_X4Y10          FDRE                                         r  u_soc/Core_cpu/u_ifu_subsys/u_ibuf/ent_q_reg[5][47]/D
  -------------------------------------------------------------------    -------------------

                         (clock clk rise edge)        6.900     6.900 r  
    AE23                                              0.000     6.900 r  clk (IN)
                         net (fo=0)                   0.000     6.900    clk
    AE23                 IBUF (Prop_ibuf_I_O)         0.660     7.560 r  clk_IBUF_inst/O
                         net (fo=1, routed)           2.516    10.076    clk_IBUF
    BUFGCTRL_X0Y0        BUFG (Prop_bufg_I_O)         0.083    10.159 r  u_bufg/O
                         net (fo=5754, routed)        1.728    11.887    u_soc/Core_cpu/u_ifu_subsys/u_ibuf/clk_buf
    SLICE_X4Y10          FDRE                                         r  u_soc/Core_cpu/u_ifu_subsys/u_ibuf/ent_q_reg[5][47]/C
                         clock pessimism              0.312    12.198    
                         clock uncertainty           -0.035    12.163    
    SLICE_X4Y10          FDRE (Setup_fdre_C_D)        0.034    12.197    u_soc/Core_cpu/u_ifu_subsys/u_ibuf/ent_q_reg[5][47]
  -------------------------------------------------------------------
                         required time                         12.197    
                         arrival time                         -11.931    
  -------------------------------------------------------------------
                         slack                                  0.266    

Slack (MET) :             0.268ns  (required time - arrival time)
  Source:                 u_soc/Core_cpu/u_ifu_subsys/u_icache/q_pc_q_reg[9]/C
                            (rising edge-triggered cell FDRE clocked by clk  {rise@0.000ns fall@3.450ns period=6.900ns})
  Destination:            u_soc/Core_cpu/u_ifu_subsys/u_ibuf/ent_q_reg[0][53]/D
                            (rising edge-triggered cell FDRE clocked by clk  {rise@0.000ns fall@3.450ns period=6.900ns})
  Path Group:             clk
  Path Type:              Setup (Max at Slow Process Corner)
  Requirement:            6.900ns  (clk rise@6.900ns - clk rise@0.000ns)
  Data Path Delay:        6.700ns  (logic 0.904ns (13.493%)  route 5.796ns (86.507%))
  Logic Levels:           15  (LUT3=4 LUT4=1 LUT5=1 LUT6=8 RAMD64E=1)
  Clock Path Skew:        0.039ns (DCD - SCD + CPR)
    Destination Clock Delay (DCD):    4.986ns = ( 11.886 - 6.900 ) 
    Source Clock Delay      (SCD):    5.258ns
    Clock Pessimism Removal (CPR):    0.312ns
  Clock Uncertainty:      0.035ns  ((TSJ^2 + TIJ^2)^1/2 + DJ) / 2 + PE
    Total System Jitter     (TSJ):    0.071ns
    Total Input Jitter      (TIJ):    0.000ns
    Discrete Jitter          (DJ):    0.000ns
    Phase Error              (PE):    0.000ns

    Location             Delay type                Incr(ns)  Path(ns)    Netlist Resource(s)
  -------------------------------------------------------------------    -------------------
                         (clock clk rise edge)        0.000     0.000 r  
    AE23                                              0.000     0.000 r  clk (IN)
                         net (fo=0)                   0.000     0.000    clk
    AE23                 IBUF (Prop_ibuf_I_O)         0.734     0.734 r  clk_IBUF_inst/O
                         net (fo=1, routed)           2.651     3.385    clk_IBUF
    BUFGCTRL_X0Y0        BUFG (Prop_bufg_I_O)         0.093     3.478 r  u_bufg/O
                         net (fo=5754, routed)        1.780     5.258    u_soc/Core_cpu/u_ifu_subsys/u_icache/clk_buf
    SLICE_X46Y24         FDRE                                         r  u_soc/Core_cpu/u_ifu_subsys/u_icache/q_pc_q_reg[9]/C
  -------------------------------------------------------------------    -------------------
    SLICE_X46Y24         FDRE (Prop_fdre_C_Q)         0.259     5.517 r  u_soc/Core_cpu/u_ifu_subsys/u_icache/q_pc_q_reg[9]/Q
                         net (fo=148, routed)         0.473     5.990    u_soc/Core_cpu/u_ifu_subsys/g_tage.u_tage/g_tab[0].tg_p_reg_r1_0_63_3_5/ADDRA5
    SLICE_X50Y24         RAMD64E (Prop_ramd64e_RADR5_O)
                                                      0.043     6.033 r  u_soc/Core_cpu/u_ifu_subsys/g_tage.u_tage/g_tab[0].tg_p_reg_r1_0_63_3_5/RAMA/O
                         net (fo=1, routed)           0.576     6.610    u_soc/Core_cpu/u_ifu_subsys/u_btb/p_1_in4_in[0]
    SLICE_X47Y24         LUT6 (Prop_lut6_I1_O)        0.043     6.653 f  u_soc/Core_cpu/u_ifu_subsys/u_btb/ent_q[6][150]_i_42/O
                         net (fo=7, routed)           0.263     6.916    u_soc/Core_cpu/u_ifu_subsys/g_tage.u_tage/id_bht_chk[22]_i_4_0
    SLICE_X43Y24         LUT3 (Prop_lut3_I1_O)        0.043     6.959 f  u_soc/Core_cpu/u_ifu_subsys/g_tage.u_tage/id_bht_chk[22]_i_35/O
                         net (fo=8, routed)           0.447     7.406    u_soc/Core_cpu/u_ifu_subsys/g_tage.u_tage/id_bht_chk[22]_i_35_n_0
    SLICE_X43Y22         LUT6 (Prop_lut6_I5_O)        0.043     7.449 r  u_soc/Core_cpu/u_ifu_subsys/g_tage.u_tage/ent_q[6][150]_i_49/O
                         net (fo=2, routed)           0.341     7.790    u_soc/Core_cpu/u_ifu_subsys/g_tage.u_tage/ent_q[6][150]_i_49_n_0
    SLICE_X43Y20         LUT6 (Prop_lut6_I4_O)        0.043     7.833 f  u_soc/Core_cpu/u_ifu_subsys/g_tage.u_tage/ent_q[6][150]_i_27/O
                         net (fo=1, routed)           0.350     8.183    u_soc/Core_cpu/u_ifu_subsys/g_tage.u_tage/ent_q[6][150]_i_27_n_0
    SLICE_X43Y21         LUT6 (Prop_lut6_I2_O)        0.043     8.226 f  u_soc/Core_cpu/u_ifu_subsys/g_tage.u_tage/ent_q[6][150]_i_12/O
                         net (fo=5, routed)           0.196     8.422    u_soc/Core_cpu/u_ifu_subsys/u_btb/q_t0_idx[1]_i_10_3
    SLICE_X41Y21         LUT6 (Prop_lut6_I3_O)        0.043     8.465 f  u_soc/Core_cpu/u_ifu_subsys/u_btb/q_t0_idx[1]_i_17/O
                         net (fo=21, routed)          0.352     8.818    u_soc/Core_cpu/u_ifu_subsys/u_btb/btb_t2
    SLICE_X39Y20         LUT3 (Prop_lut3_I0_O)        0.043     8.861 r  u_soc/Core_cpu/u_ifu_subsys/u_btb/id_pred_npc[31]_i_5/O
                         net (fo=5, routed)           0.443     9.304    u_soc/Core_cpu/u_ifu_subsys/u_icache/u_tag_way1/u_prim/taken_slot[0]
    SLICE_X34Y19         LUT6 (Prop_lut6_I1_O)        0.043     9.347 r  u_soc/Core_cpu/u_ifu_subsys/u_icache/u_tag_way1/u_prim/cnt_q[4]_i_6/O
                         net (fo=8, routed)           0.204     9.550    u_soc/Core_cpu/u_ifu_subsys/u_ibuf/push_num[2]
    SLICE_X32Y19         LUT3 (Prop_lut3_I1_O)        0.043     9.593 r  u_soc/Core_cpu/u_ifu_subsys/u_ibuf/ent_q[6][95]_i_4/O
                         net (fo=108, routed)         0.238     9.831    u_soc/Core_cpu/u_ifu_subsys/u_ibuf/ent_q[6][95]_i_4_n_0
    SLICE_X31Y19         LUT6 (Prop_lut6_I5_O)        0.043     9.874 r  u_soc/Core_cpu/u_ifu_subsys/u_ibuf/id_have_inst_i_2/O
                         net (fo=114, routed)         0.904    10.778    u_soc/Core_cpu/u_ifu_subsys/u_ibuf/cnt_q_reg[4]_2
    SLICE_X11Y16         LUT5 (Prop_lut5_I4_O)        0.043    10.821 r  u_soc/Core_cpu/u_ifu_subsys/u_ibuf/ent_q[6][53]_i_5/O
                         net (fo=9, routed)           0.464    11.286    u_soc/Core_cpu/u_ifu_subsys/u_ibuf/p_0_in__0[53]
    SLICE_X6Y13          LUT3 (Prop_lut3_I0_O)        0.043    11.329 r  u_soc/Core_cpu/u_ifu_subsys/u_ibuf/ent_q[0][53]_i_3/O
                         net (fo=1, routed)           0.299    11.628    u_soc/Core_cpu/u_ifu_subsys/u_ibuf/ent_q[1124]
    SLICE_X6Y13          LUT6 (Prop_lut6_I5_O)        0.043    11.671 r  u_soc/Core_cpu/u_ifu_subsys/u_ibuf/ent_q[0][53]_i_2/O
                         net (fo=1, routed)           0.244    11.915    u_soc/Core_cpu/u_ifu_subsys/u_ibuf/ent_q[0][53]_i_2_n_0
    SLICE_X6Y13          LUT4 (Prop_lut4_I3_O)        0.043    11.958 r  u_soc/Core_cpu/u_ifu_subsys/u_ibuf/ent_q[0][53]_i_1/O
                         net (fo=1, routed)           0.000    11.958    u_soc/Core_cpu/u_ifu_subsys/u_ibuf/ent_q[0][53]_i_1_n_0
    SLICE_X6Y13          FDRE                                         r  u_soc/Core_cpu/u_ifu_subsys/u_ibuf/ent_q_reg[0][53]/D
  -------------------------------------------------------------------    -------------------

                         (clock clk rise edge)        6.900     6.900 r  
    AE23                                              0.000     6.900 r  clk (IN)
                         net (fo=0)                   0.000     6.900    clk
    AE23                 IBUF (Prop_ibuf_I_O)         0.660     7.560 r  clk_IBUF_inst/O
                         net (fo=1, routed)           2.516    10.076    clk_IBUF
    BUFGCTRL_X0Y0        BUFG (Prop_bufg_I_O)         0.083    10.159 r  u_bufg/O
                         net (fo=5754, routed)        1.727    11.886    u_soc/Core_cpu/u_ifu_subsys/u_ibuf/clk_buf
    SLICE_X6Y13          FDRE                                         r  u_soc/Core_cpu/u_ifu_subsys/u_ibuf/ent_q_reg[0][53]/C
                         clock pessimism              0.312    12.197    
                         clock uncertainty           -0.035    12.162    
    SLICE_X6Y13          FDRE (Setup_fdre_C_D)        0.064    12.226    u_soc/Core_cpu/u_ifu_subsys/u_ibuf/ent_q_reg[0][53]
  -------------------------------------------------------------------
                         required time                         12.226    
                         arrival time                         -11.958    
  -------------------------------------------------------------------
                         slack                                  0.268    

Slack (MET) :             0.268ns  (required time - arrival time)
  Source:                 u_soc/Core_cpu/u_ifu_subsys/u_icache/q_pc_q_reg[9]/C
                            (rising edge-triggered cell FDRE clocked by clk  {rise@0.000ns fall@3.450ns period=6.900ns})
  Destination:            u_soc/Core_cpu/u_ifu_subsys/u_ibuf/ent_q_reg[0][53]/D
                            (rising edge-triggered cell FDRE clocked by clk  {rise@0.000ns fall@3.450ns period=6.900ns})
  Path Group:             clk
  Path Type:              Setup (Max at Slow Process Corner)
  Requirement:            6.900ns  (clk rise@6.900ns - clk rise@0.000ns)
  Data Path Delay:        6.700ns  (logic 0.904ns (13.493%)  route 5.796ns (86.507%))
  Logic Levels:           15  (LUT3=4 LUT4=1 LUT5=1 LUT6=8 RAMD64E=1)
  Clock Path Skew:        0.039ns (DCD - SCD + CPR)
    Destination Clock Delay (DCD):    4.986ns = ( 11.886 - 6.900 ) 
    Source Clock Delay      (SCD):    5.258ns
    Clock Pessimism Removal (CPR):    0.312ns
  Clock Uncertainty:      0.035ns  ((TSJ^2 + TIJ^2)^1/2 + DJ) / 2 + PE
    Total System Jitter     (TSJ):    0.071ns
    Total Input Jitter      (TIJ):    0.000ns
    Discrete Jitter          (DJ):    0.000ns
    Phase Error              (PE):    0.000ns

    Location             Delay type                Incr(ns)  Path(ns)    Netlist Resource(s)
  -------------------------------------------------------------------    -------------------
                         (clock clk rise edge)        0.000     0.000 r  
    AE23                                              0.000     0.000 r  clk (IN)
                         net (fo=0)                   0.000     0.000    clk
    AE23                 IBUF (Prop_ibuf_I_O)         0.734     0.734 r  clk_IBUF_inst/O
                         net (fo=1, routed)           2.651     3.385    clk_IBUF
    BUFGCTRL_X0Y0        BUFG (Prop_bufg_I_O)         0.093     3.478 r  u_bufg/O
                         net (fo=5754, routed)        1.780     5.258    u_soc/Core_cpu/u_ifu_subsys/u_icache/clk_buf
    SLICE_X46Y24         FDRE                                         r  u_soc/Core_cpu/u_ifu_subsys/u_icache/q_pc_q_reg[9]/C
  -------------------------------------------------------------------    -------------------
    SLICE_X46Y24         FDRE (Prop_fdre_C_Q)         0.259     5.517 r  u_soc/Core_cpu/u_ifu_subsys/u_icache/q_pc_q_reg[9]/Q
                         net (fo=148, routed)         0.473     5.990    u_soc/Core_cpu/u_ifu_subsys/g_tage.u_tage/g_tab[0].tg_p_reg_r1_0_63_3_5/ADDRA5
    SLICE_X50Y24         RAMD64E (Prop_ramd64e_RADR5_O)
                                                      0.043     6.033 f  u_soc/Core_cpu/u_ifu_subsys/g_tage.u_tage/g_tab[0].tg_p_reg_r1_0_63_3_5/RAMA/O
                         net (fo=1, routed)           0.576     6.610    u_soc/Core_cpu/u_ifu_subsys/u_btb/p_1_in4_in[0]
    SLICE_X47Y24         LUT6 (Prop_lut6_I1_O)        0.043     6.653 f  u_soc/Core_cpu/u_ifu_subsys/u_btb/ent_q[6][150]_i_42/O
                         net (fo=7, routed)           0.263     6.916    u_soc/Core_cpu/u_ifu_subsys/g_tage.u_tage/id_bht_chk[22]_i_4_0
    SLICE_X43Y24         LUT3 (Prop_lut3_I1_O)        0.043     6.959 f  u_soc/Core_cpu/u_ifu_subsys/g_tage.u_tage/id_bht_chk[22]_i_35/O
                         net (fo=8, routed)           0.447     7.406    u_soc/Core_cpu/u_ifu_subsys/g_tage.u_tage/id_bht_chk[22]_i_35_n_0
    SLICE_X43Y22         LUT6 (Prop_lut6_I5_O)        0.043     7.449 r  u_soc/Core_cpu/u_ifu_subsys/g_tage.u_tage/ent_q[6][150]_i_49/O
                         net (fo=2, routed)           0.341     7.790    u_soc/Core_cpu/u_ifu_subsys/g_tage.u_tage/ent_q[6][150]_i_49_n_0
    SLICE_X43Y20         LUT6 (Prop_lut6_I4_O)        0.043     7.833 f  u_soc/Core_cpu/u_ifu_subsys/g_tage.u_tage/ent_q[6][150]_i_27/O
                         net (fo=1, routed)           0.350     8.183    u_soc/Core_cpu/u_ifu_subsys/g_tage.u_tage/ent_q[6][150]_i_27_n_0
    SLICE_X43Y21         LUT6 (Prop_lut6_I2_O)        0.043     8.226 f  u_soc/Core_cpu/u_ifu_subsys/g_tage.u_tage/ent_q[6][150]_i_12/O
                         net (fo=5, routed)           0.196     8.422    u_soc/Core_cpu/u_ifu_subsys/u_btb/q_t0_idx[1]_i_10_3
    SLICE_X41Y21         LUT6 (Prop_lut6_I3_O)        0.043     8.465 f  u_soc/Core_cpu/u_ifu_subsys/u_btb/q_t0_idx[1]_i_17/O
                         net (fo=21, routed)          0.352     8.818    u_soc/Core_cpu/u_ifu_subsys/u_btb/btb_t2
    SLICE_X39Y20         LUT3 (Prop_lut3_I0_O)        0.043     8.861 r  u_soc/Core_cpu/u_ifu_subsys/u_btb/id_pred_npc[31]_i_5/O
                         net (fo=5, routed)           0.443     9.304    u_soc/Core_cpu/u_ifu_subsys/u_icache/u_tag_way1/u_prim/taken_slot[0]
    SLICE_X34Y19         LUT6 (Prop_lut6_I1_O)        0.043     9.347 r  u_soc/Core_cpu/u_ifu_subsys/u_icache/u_tag_way1/u_prim/cnt_q[4]_i_6/O
                         net (fo=8, routed)           0.204     9.550    u_soc/Core_cpu/u_ifu_subsys/u_ibuf/push_num[2]
    SLICE_X32Y19         LUT3 (Prop_lut3_I1_O)        0.043     9.593 r  u_soc/Core_cpu/u_ifu_subsys/u_ibuf/ent_q[6][95]_i_4/O
                         net (fo=108, routed)         0.238     9.831    u_soc/Core_cpu/u_ifu_subsys/u_ibuf/ent_q[6][95]_i_4_n_0
    SLICE_X31Y19         LUT6 (Prop_lut6_I5_O)        0.043     9.874 r  u_soc/Core_cpu/u_ifu_subsys/u_ibuf/id_have_inst_i_2/O
                         net (fo=114, routed)         0.904    10.778    u_soc/Core_cpu/u_ifu_subsys/u_ibuf/cnt_q_reg[4]_2
    SLICE_X11Y16         LUT5 (Prop_lut5_I4_O)        0.043    10.821 r  u_soc/Core_cpu/u_ifu_subsys/u_ibuf/ent_q[6][53]_i_5/O
                         net (fo=9, routed)           0.464    11.286    u_soc/Core_cpu/u_ifu_subsys/u_ibuf/p_0_in__0[53]
    SLICE_X6Y13          LUT3 (Prop_lut3_I0_O)        0.043    11.329 r  u_soc/Core_cpu/u_ifu_subsys/u_ibuf/ent_q[0][53]_i_3/O
                         net (fo=1, routed)           0.299    11.628    u_soc/Core_cpu/u_ifu_subsys/u_ibuf/ent_q[1124]
    SLICE_X6Y13          LUT6 (Prop_lut6_I5_O)        0.043    11.671 r  u_soc/Core_cpu/u_ifu_subsys/u_ibuf/ent_q[0][53]_i_2/O
                         net (fo=1, routed)           0.244    11.915    u_soc/Core_cpu/u_ifu_subsys/u_ibuf/ent_q[0][53]_i_2_n_0
    SLICE_X6Y13          LUT4 (Prop_lut4_I3_O)        0.043    11.958 r  u_soc/Core_cpu/u_ifu_subsys/u_ibuf/ent_q[0][53]_i_1/O
                         net (fo=1, routed)           0.000    11.958    u_soc/Core_cpu/u_ifu_subsys/u_ibuf/ent_q[0][53]_i_1_n_0
    SLICE_X6Y13          FDRE                                         r  u_soc/Core_cpu/u_ifu_subsys/u_ibuf/ent_q_reg[0][53]/D
  -------------------------------------------------------------------    -------------------

                         (clock clk rise edge)        6.900     6.900 r  
    AE23                                              0.000     6.900 r  clk (IN)
                         net (fo=0)                   0.000     6.900    clk
    AE23                 IBUF (Prop_ibuf_I_O)         0.660     7.560 r  clk_IBUF_inst/O
                         net (fo=1, routed)           2.516    10.076    clk_IBUF
    BUFGCTRL_X0Y0        BUFG (Prop_bufg_I_O)         0.083    10.159 r  u_bufg/O
                         net (fo=5754, routed)        1.727    11.886    u_soc/Core_cpu/u_ifu_subsys/u_ibuf/clk_buf
    SLICE_X6Y13          FDRE                                         r  u_soc/Core_cpu/u_ifu_subsys/u_ibuf/ent_q_reg[0][53]/C
                         clock pessimism              0.312    12.197    
                         clock uncertainty           -0.035    12.162    
    SLICE_X6Y13          FDRE (Setup_fdre_C_D)        0.064    12.226    u_soc/Core_cpu/u_ifu_subsys/u_ibuf/ent_q_reg[0][53]
  -------------------------------------------------------------------
                         required time                         12.226    
                         arrival time                         -11.958    
  -------------------------------------------------------------------
                         slack                                  0.268    

Slack (MET) :             0.268ns  (required time - arrival time)
  Source:                 u_soc/Core_cpu/u_ifu_subsys/u_icache/q_pc_q_reg[9]/C
                            (rising edge-triggered cell FDRE clocked by clk  {rise@0.000ns fall@3.450ns period=6.900ns})
  Destination:            u_soc/Core_cpu/u_ifu_subsys/u_ibuf/ent_q_reg[0][53]/D
                            (rising edge-triggered cell FDRE clocked by clk  {rise@0.000ns fall@3.450ns period=6.900ns})
  Path Group:             clk
  Path Type:              Setup (Max at Slow Process Corner)
  Requirement:            6.900ns  (clk rise@6.900ns - clk rise@0.000ns)
  Data Path Delay:        6.700ns  (logic 0.904ns (13.493%)  route 5.796ns (86.507%))
  Logic Levels:           15  (LUT3=4 LUT4=1 LUT5=1 LUT6=8 RAMD64E=1)
  Clock Path Skew:        0.039ns (DCD - SCD + CPR)
    Destination Clock Delay (DCD):    4.986ns = ( 11.886 - 6.900 ) 
    Source Clock Delay      (SCD):    5.258ns
    Clock Pessimism Removal (CPR):    0.312ns
  Clock Uncertainty:      0.035ns  ((TSJ^2 + TIJ^2)^1/2 + DJ) / 2 + PE
    Total System Jitter     (TSJ):    0.071ns
    Total Input Jitter      (TIJ):    0.000ns
    Discrete Jitter          (DJ):    0.000ns
    Phase Error              (PE):    0.000ns

    Location             Delay type                Incr(ns)  Path(ns)    Netlist Resource(s)
  -------------------------------------------------------------------    -------------------
                         (clock clk rise edge)        0.000     0.000 r  
    AE23                                              0.000     0.000 r  clk (IN)
                         net (fo=0)                   0.000     0.000    clk
    AE23                 IBUF (Prop_ibuf_I_O)         0.734     0.734 r  clk_IBUF_inst/O
                         net (fo=1, routed)           2.651     3.385    clk_IBUF
    BUFGCTRL_X0Y0        BUFG (Prop_bufg_I_O)         0.093     3.478 r  u_bufg/O
                         net (fo=5754, routed)        1.780     5.258    u_soc/Core_cpu/u_ifu_subsys/u_icache/clk_buf
    SLICE_X46Y24         FDRE                                         r  u_soc/Core_cpu/u_ifu_subsys/u_icache/q_pc_q_reg[9]/C
  -------------------------------------------------------------------    -------------------
    SLICE_X46Y24         FDRE (Prop_fdre_C_Q)         0.259     5.517 r  u_soc/Core_cpu/u_ifu_subsys/u_icache/q_pc_q_reg[9]/Q
                         net (fo=148, routed)         0.473     5.990    u_soc/Core_cpu/u_ifu_subsys/g_tage.u_tage/g_tab[0].tg_p_reg_r1_0_63_3_5/ADDRA5
    SLICE_X50Y24         RAMD64E (Prop_ramd64e_RADR5_O)
                                                      0.043     6.033 r  u_soc/Core_cpu/u_ifu_subsys/g_tage.u_tage/g_tab[0].tg_p_reg_r1_0_63_3_5/RAMA/O
                         net (fo=1, routed)           0.576     6.610    u_soc/Core_cpu/u_ifu_subsys/u_btb/p_1_in4_in[0]
    SLICE_X47Y24         LUT6 (Prop_lut6_I1_O)        0.043     6.653 r  u_soc/Core_cpu/u_ifu_subsys/u_btb/ent_q[6][150]_i_42/O
                         net (fo=7, routed)           0.263     6.916    u_soc/Core_cpu/u_ifu_subsys/g_tage.u_tage/id_bht_chk[22]_i_4_0
    SLICE_X43Y24         LUT3 (Prop_lut3_I1_O)        0.043     6.959 r  u_soc/Core_cpu/u_ifu_subsys/g_tage.u_tage/id_bht_chk[22]_i_35/O
                         net (fo=8, routed)           0.447     7.406    u_soc/Core_cpu/u_ifu_subsys/g_tage.u_tage/id_bht_chk[22]_i_35_n_0
    SLICE_X43Y22         LUT6 (Prop_lut6_I5_O)        0.043     7.449 f  u_soc/Core_cpu/u_ifu_subsys/g_tage.u_tage/ent_q[6][150]_i_49/O
                         net (fo=2, routed)           0.341     7.790    u_soc/Core_cpu/u_ifu_subsys/g_tage.u_tage/ent_q[6][150]_i_49_n_0
    SLICE_X43Y20         LUT6 (Prop_lut6_I4_O)        0.043     7.833 f  u_soc/Core_cpu/u_ifu_subsys/g_tage.u_tage/ent_q[6][150]_i_27/O
                         net (fo=1, routed)           0.350     8.183    u_soc/Core_cpu/u_ifu_subsys/g_tage.u_tage/ent_q[6][150]_i_27_n_0
    SLICE_X43Y21         LUT6 (Prop_lut6_I2_O)        0.043     8.226 f  u_soc/Core_cpu/u_ifu_subsys/g_tage.u_tage/ent_q[6][150]_i_12/O
                         net (fo=5, routed)           0.196     8.422    u_soc/Core_cpu/u_ifu_subsys/u_btb/q_t0_idx[1]_i_10_3
    SLICE_X41Y21         LUT6 (Prop_lut6_I3_O)        0.043     8.465 f  u_soc/Core_cpu/u_ifu_subsys/u_btb/q_t0_idx[1]_i_17/O
                         net (fo=21, routed)          0.352     8.818    u_soc/Core_cpu/u_ifu_subsys/u_btb/btb_t2
    SLICE_X39Y20         LUT3 (Prop_lut3_I0_O)        0.043     8.861 r  u_soc/Core_cpu/u_ifu_subsys/u_btb/id_pred_npc[31]_i_5/O
                         net (fo=5, routed)           0.443     9.304    u_soc/Core_cpu/u_ifu_subsys/u_icache/u_tag_way1/u_prim/taken_slot[0]
    SLICE_X34Y19         LUT6 (Prop_lut6_I1_O)        0.043     9.347 r  u_soc/Core_cpu/u_ifu_subsys/u_icache/u_tag_way1/u_prim/cnt_q[4]_i_6/O
                         net (fo=8, routed)           0.204     9.550    u_soc/Core_cpu/u_ifu_subsys/u_ibuf/push_num[2]
    SLICE_X32Y19         LUT3 (Prop_lut3_I1_O)        0.043     9.593 r  u_soc/Core_cpu/u_ifu_subsys/u_ibuf/ent_q[6][95]_i_4/O
                         net (fo=108, routed)         0.238     9.831    u_soc/Core_cpu/u_ifu_subsys/u_ibuf/ent_q[6][95]_i_4_n_0
    SLICE_X31Y19         LUT6 (Prop_lut6_I5_O)        0.043     9.874 r  u_soc/Core_cpu/u_ifu_subsys/u_ibuf/id_have_inst_i_2/O
                         net (fo=114, routed)         0.904    10.778    u_soc/Core_cpu/u_ifu_subsys/u_ibuf/cnt_q_reg[4]_2
    SLICE_X11Y16         LUT5 (Prop_lut5_I4_O)        0.043    10.821 r  u_soc/Core_cpu/u_ifu_subsys/u_ibuf/ent_q[6][53]_i_5/O
                         net (fo=9, routed)           0.464    11.286    u_soc/Core_cpu/u_ifu_subsys/u_ibuf/p_0_in__0[53]
    SLICE_X6Y13          LUT3 (Prop_lut3_I0_O)        0.043    11.329 r  u_soc/Core_cpu/u_ifu_subsys/u_ibuf/ent_q[0][53]_i_3/O
                         net (fo=1, routed)           0.299    11.628    u_soc/Core_cpu/u_ifu_subsys/u_ibuf/ent_q[1124]
    SLICE_X6Y13          LUT6 (Prop_lut6_I5_O)        0.043    11.671 r  u_soc/Core_cpu/u_ifu_subsys/u_ibuf/ent_q[0][53]_i_2/O
                         net (fo=1, routed)           0.244    11.915    u_soc/Core_cpu/u_ifu_subsys/u_ibuf/ent_q[0][53]_i_2_n_0
    SLICE_X6Y13          LUT4 (Prop_lut4_I3_O)        0.043    11.958 r  u_soc/Core_cpu/u_ifu_subsys/u_ibuf/ent_q[0][53]_i_1/O
                         net (fo=1, routed)           0.000    11.958    u_soc/Core_cpu/u_ifu_subsys/u_ibuf/ent_q[0][53]_i_1_n_0
    SLICE_X6Y13          FDRE                                         r  u_soc/Core_cpu/u_ifu_subsys/u_ibuf/ent_q_reg[0][53]/D
  -------------------------------------------------------------------    -------------------

                         (clock clk rise edge)        6.900     6.900 r  
    AE23                                              0.000     6.900 r  clk (IN)
                         net (fo=0)                   0.000     6.900    clk
    AE23                 IBUF (Prop_ibuf_I_O)         0.660     7.560 r  clk_IBUF_inst/O
                         net (fo=1, routed)           2.516    10.076    clk_IBUF
    BUFGCTRL_X0Y0        BUFG (Prop_bufg_I_O)         0.083    10.159 r  u_bufg/O
                         net (fo=5754, routed)        1.727    11.886    u_soc/Core_cpu/u_ifu_subsys/u_ibuf/clk_buf
    SLICE_X6Y13          FDRE                                         r  u_soc/Core_cpu/u_ifu_subsys/u_ibuf/ent_q_reg[0][53]/C
                         clock pessimism              0.312    12.197    
                         clock uncertainty           -0.035    12.162    
    SLICE_X6Y13          FDRE (Setup_fdre_C_D)        0.064    12.226    u_soc/Core_cpu/u_ifu_subsys/u_ibuf/ent_q_reg[0][53]
  -------------------------------------------------------------------
                         required time                         12.226    
                         arrival time                         -11.958    
  -------------------------------------------------------------------
                         slack                                  0.268    

Slack (MET) :             0.272ns  (required time - arrival time)
  Source:                 u_soc/Core_cpu/u_ifu_subsys/u_icache/q_pc_q_reg[9]/C
                            (rising edge-triggered cell FDRE clocked by clk  {rise@0.000ns fall@3.450ns period=6.900ns})
  Destination:            u_soc/Core_cpu/u_ifu_subsys/u_icache/u_dat_way0/u_prim/mem_q_reg_1/ADDRARDADDR[7]
                            (rising edge-triggered cell RAMB36E1 clocked by clk  {rise@0.000ns fall@3.450ns period=6.900ns})
  Path Group:             clk
  Path Type:              Setup (Max at Slow Process Corner)
  Requirement:            6.900ns  (clk rise@6.900ns - clk rise@0.000ns)
  Data Path Delay:        6.105ns  (logic 1.160ns (19.001%)  route 4.945ns (80.999%))
  Logic Levels:           14  (CARRY4=2 LUT2=1 LUT3=3 LUT6=7 RAMD64E=1)
  Clock Path Skew:        -0.071ns (DCD - SCD + CPR)
    Destination Clock Delay (DCD):    4.875ns = ( 11.775 - 6.900 ) 
    Source Clock Delay      (SCD):    5.258ns
    Clock Pessimism Removal (CPR):    0.312ns
  Clock Uncertainty:      0.035ns  ((TSJ^2 + TIJ^2)^1/2 + DJ) / 2 + PE
    Total System Jitter     (TSJ):    0.071ns
    Total Input Jitter      (TIJ):    0.000ns
    Discrete Jitter          (DJ):    0.000ns
    Phase Error              (PE):    0.000ns

    Location             Delay type                Incr(ns)  Path(ns)    Netlist Resource(s)
  -------------------------------------------------------------------    -------------------
                         (clock clk rise edge)        0.000     0.000 r  
    AE23                                              0.000     0.000 r  clk (IN)
                         net (fo=0)                   0.000     0.000    clk
    AE23                 IBUF (Prop_ibuf_I_O)         0.734     0.734 r  clk_IBUF_inst/O
                         net (fo=1, routed)           2.651     3.385    clk_IBUF
    BUFGCTRL_X0Y0        BUFG (Prop_bufg_I_O)         0.093     3.478 r  u_bufg/O
                         net (fo=5754, routed)        1.780     5.258    u_soc/Core_cpu/u_ifu_subsys/u_icache/clk_buf
    SLICE_X46Y24         FDRE                                         r  u_soc/Core_cpu/u_ifu_subsys/u_icache/q_pc_q_reg[9]/C
  -------------------------------------------------------------------    -------------------
    SLICE_X46Y24         FDRE (Prop_fdre_C_Q)         0.259     5.517 r  u_soc/Core_cpu/u_ifu_subsys/u_icache/q_pc_q_reg[9]/Q
                         net (fo=148, routed)         0.473     5.990    u_soc/Core_cpu/u_ifu_subsys/g_tage.u_tage/g_tab[0].tg_p_reg_r1_0_63_3_5/ADDRA5
    SLICE_X50Y24         RAMD64E (Prop_ramd64e_RADR5_O)
                                                      0.043     6.033 r  u_soc/Core_cpu/u_ifu_subsys/g_tage.u_tage/g_tab[0].tg_p_reg_r1_0_63_3_5/RAMA/O
                         net (fo=1, routed)           0.576     6.610    u_soc/Core_cpu/u_ifu_subsys/u_btb/p_1_in4_in[0]
    SLICE_X47Y24         LUT6 (Prop_lut6_I1_O)        0.043     6.653 f  u_soc/Core_cpu/u_ifu_subsys/u_btb/ent_q[6][150]_i_42/O
                         net (fo=7, routed)           0.263     6.916    u_soc/Core_cpu/u_ifu_subsys/g_tage.u_tage/id_bht_chk[22]_i_4_0
    SLICE_X43Y24         LUT3 (Prop_lut3_I1_O)        0.043     6.959 f  u_soc/Core_cpu/u_ifu_subsys/g_tage.u_tage/id_bht_chk[22]_i_35/O
                         net (fo=8, routed)           0.447     7.406    u_soc/Core_cpu/u_ifu_subsys/g_tage.u_tage/id_bht_chk[22]_i_35_n_0
    SLICE_X43Y22         LUT6 (Prop_lut6_I5_O)        0.043     7.449 r  u_soc/Core_cpu/u_ifu_subsys/g_tage.u_tage/ent_q[6][150]_i_49/O
                         net (fo=2, routed)           0.341     7.790    u_soc/Core_cpu/u_ifu_subsys/g_tage.u_tage/ent_q[6][150]_i_49_n_0
    SLICE_X43Y20         LUT6 (Prop_lut6_I4_O)        0.043     7.833 f  u_soc/Core_cpu/u_ifu_subsys/g_tage.u_tage/ent_q[6][150]_i_27/O
                         net (fo=1, routed)           0.350     8.183    u_soc/Core_cpu/u_ifu_subsys/g_tage.u_tage/ent_q[6][150]_i_27_n_0
    SLICE_X43Y21         LUT6 (Prop_lut6_I2_O)        0.043     8.226 f  u_soc/Core_cpu/u_ifu_subsys/g_tage.u_tage/ent_q[6][150]_i_12/O
                         net (fo=5, routed)           0.196     8.422    u_soc/Core_cpu/u_ifu_subsys/u_btb/q_t0_idx[1]_i_10_3
    SLICE_X41Y21         LUT6 (Prop_lut6_I3_O)        0.043     8.465 f  u_soc/Core_cpu/u_ifu_subsys/u_btb/q_t0_idx[1]_i_17/O
                         net (fo=21, routed)          0.352     8.818    u_soc/Core_cpu/u_ifu_subsys/u_btb/btb_t2
    SLICE_X39Y20         LUT3 (Prop_lut3_I0_O)        0.043     8.861 r  u_soc/Core_cpu/u_ifu_subsys/u_btb/id_pred_npc[31]_i_5/O
                         net (fo=5, routed)           0.443     9.304    u_soc/Core_cpu/u_ifu_subsys/u_icache/u_tag_way1/u_prim/taken_slot[0]
    SLICE_X34Y19         LUT6 (Prop_lut6_I1_O)        0.043     9.347 r  u_soc/Core_cpu/u_ifu_subsys/u_icache/u_tag_way1/u_prim/cnt_q[4]_i_6/O
                         net (fo=8, routed)           0.202     9.549    u_soc/Core_cpu/u_ifu_subsys/u_ibuf/push_num[2]
    SLICE_X35Y20         LUT3 (Prop_lut3_I1_O)        0.043     9.592 r  u_soc/Core_cpu/u_ifu_subsys/u_ibuf/cnt_q[4]_i_4/O
                         net (fo=110, routed)         0.360     9.952    u_soc/Core_cpu/u_ifu_subsys/u_icache/u_tag_way0/u_prim/q_t0_idx_reg[0]_i_2_0
    SLICE_X36Y22         LUT2 (Prop_lut2_I1_O)        0.043     9.995 r  u_soc/Core_cpu/u_ifu_subsys/u_icache/u_tag_way0/u_prim/q_t0_idx[0]_i_5/O
                         net (fo=1, routed)           0.000     9.995    u_soc/Core_cpu/u_ifu_subsys/u_icache/u_tag_way0/u_prim/q_t0_idx[0]_i_5_n_0
    SLICE_X36Y22         CARRY4 (Prop_carry4_S[3]_CO[3])
                                                      0.193    10.188 r  u_soc/Core_cpu/u_ifu_subsys/u_icache/u_tag_way0/u_prim/q_t0_idx_reg[0]_i_2/CO[3]
                         net (fo=1, routed)           0.000    10.188    u_soc/Core_cpu/u_ifu_subsys/u_icache/u_tag_way0_n_131
    SLICE_X36Y23         CARRY4 (Prop_carry4_CI_O[0])
                                                      0.111    10.299 r  u_soc/Core_cpu/u_ifu_subsys/u_icache/q_t0_idx_reg[1]_i_2/O[0]
                         net (fo=2, routed)           0.237    10.536    u_soc/Core_cpu/u_ifu_subsys/u_btb/mem_q_reg_1[3]
    SLICE_X37Y24         LUT6 (Prop_lut6_I0_O)        0.124    10.660 r  u_soc/Core_cpu/u_ifu_subsys/u_btb/q_t0_idx[1]_i_1/O
                         net (fo=59, routed)          0.703    11.363    u_soc/Core_cpu/u_ifu_subsys/u_icache/u_dat_way0/u_prim/next_pc[1]
    RAMB36_X2Y4          RAMB36E1                                     r  u_soc/Core_cpu/u_ifu_subsys/u_icache/u_dat_way0/u_prim/mem_q_reg_1/ADDRARDADDR[7]
  -------------------------------------------------------------------    -------------------

                         (clock clk rise edge)        6.900     6.900 r  
    AE23                                              0.000     6.900 r  clk (IN)
                         net (fo=0)                   0.000     6.900    clk
    AE23                 IBUF (Prop_ibuf_I_O)         0.660     7.560 r  clk_IBUF_inst/O
                         net (fo=1, routed)           2.516    10.076    clk_IBUF
    BUFGCTRL_X0Y0        BUFG (Prop_bufg_I_O)         0.083    10.159 r  u_bufg/O
                         net (fo=5754, routed)        1.617    11.775    u_soc/Core_cpu/u_ifu_subsys/u_icache/u_dat_way0/u_prim/clk_buf
    RAMB36_X2Y4          RAMB36E1                                     r  u_soc/Core_cpu/u_ifu_subsys/u_icache/u_dat_way0/u_prim/mem_q_reg_1/CLKARDCLK
                         clock pessimism              0.312    12.087    
                         clock uncertainty           -0.035    12.052    
    RAMB36_X2Y4          RAMB36E1 (Setup_ramb36e1_CLKARDCLK_ADDRARDADDR[7])
                                                     -0.416    11.636    u_soc/Core_cpu/u_ifu_subsys/u_icache/u_dat_way0/u_prim/mem_q_reg_1
  -------------------------------------------------------------------
                         required time                         11.636    
                         arrival time                         -11.363    
  -------------------------------------------------------------------
                         slack                                  0.272    

Slack (MET) :             0.272ns  (required time - arrival time)
  Source:                 u_soc/Core_cpu/u_ifu_subsys/u_icache/q_pc_q_reg[9]/C
                            (rising edge-triggered cell FDRE clocked by clk  {rise@0.000ns fall@3.450ns period=6.900ns})
  Destination:            u_soc/Core_cpu/u_ifu_subsys/u_icache/u_dat_way0/u_prim/mem_q_reg_1/ADDRARDADDR[7]
                            (rising edge-triggered cell RAMB36E1 clocked by clk  {rise@0.000ns fall@3.450ns period=6.900ns})
  Path Group:             clk
  Path Type:              Setup (Max at Slow Process Corner)
  Requirement:            6.900ns  (clk rise@6.900ns - clk rise@0.000ns)
  Data Path Delay:        6.105ns  (logic 1.160ns (19.001%)  route 4.945ns (80.999%))
  Logic Levels:           14  (CARRY4=2 LUT2=1 LUT3=3 LUT6=7 RAMD64E=1)
  Clock Path Skew:        -0.071ns (DCD - SCD + CPR)
    Destination Clock Delay (DCD):    4.875ns = ( 11.775 - 6.900 ) 
    Source Clock Delay      (SCD):    5.258ns
    Clock Pessimism Removal (CPR):    0.312ns
  Clock Uncertainty:      0.035ns  ((TSJ^2 + TIJ^2)^1/2 + DJ) / 2 + PE
    Total System Jitter     (TSJ):    0.071ns
    Total Input Jitter      (TIJ):    0.000ns
    Discrete Jitter          (DJ):    0.000ns
    Phase Error              (PE):    0.000ns

    Location             Delay type                Incr(ns)  Path(ns)    Netlist Resource(s)
  -------------------------------------------------------------------    -------------------
                         (clock clk rise edge)        0.000     0.000 r  
    AE23                                              0.000     0.000 r  clk (IN)
                         net (fo=0)                   0.000     0.000    clk
    AE23                 IBUF (Prop_ibuf_I_O)         0.734     0.734 r  clk_IBUF_inst/O
                         net (fo=1, routed)           2.651     3.385    clk_IBUF
    BUFGCTRL_X0Y0        BUFG (Prop_bufg_I_O)         0.093     3.478 r  u_bufg/O
                         net (fo=5754, routed)        1.780     5.258    u_soc/Core_cpu/u_ifu_subsys/u_icache/clk_buf
    SLICE_X46Y24         FDRE                                         r  u_soc/Core_cpu/u_ifu_subsys/u_icache/q_pc_q_reg[9]/C
  -------------------------------------------------------------------    -------------------
    SLICE_X46Y24         FDRE (Prop_fdre_C_Q)         0.259     5.517 r  u_soc/Core_cpu/u_ifu_subsys/u_icache/q_pc_q_reg[9]/Q
                         net (fo=148, routed)         0.473     5.990    u_soc/Core_cpu/u_ifu_subsys/g_tage.u_tage/g_tab[0].tg_p_reg_r1_0_63_3_5/ADDRA5
    SLICE_X50Y24         RAMD64E (Prop_ramd64e_RADR5_O)
                                                      0.043     6.033 f  u_soc/Core_cpu/u_ifu_subsys/g_tage.u_tage/g_tab[0].tg_p_reg_r1_0_63_3_5/RAMA/O
                         net (fo=1, routed)           0.576     6.610    u_soc/Core_cpu/u_ifu_subsys/u_btb/p_1_in4_in[0]
    SLICE_X47Y24         LUT6 (Prop_lut6_I1_O)        0.043     6.653 f  u_soc/Core_cpu/u_ifu_subsys/u_btb/ent_q[6][150]_i_42/O
                         net (fo=7, routed)           0.263     6.916    u_soc/Core_cpu/u_ifu_subsys/g_tage.u_tage/id_bht_chk[22]_i_4_0
    SLICE_X43Y24         LUT3 (Prop_lut3_I1_O)        0.043     6.959 f  u_soc/Core_cpu/u_ifu_subsys/g_tage.u_tage/id_bht_chk[22]_i_35/O
                         net (fo=8, routed)           0.447     7.406    u_soc/Core_cpu/u_ifu_subsys/g_tage.u_tage/id_bht_chk[22]_i_35_n_0
    SLICE_X43Y22         LUT6 (Prop_lut6_I5_O)        0.043     7.449 r  u_soc/Core_cpu/u_ifu_subsys/g_tage.u_tage/ent_q[6][150]_i_49/O
                         net (fo=2, routed)           0.341     7.790    u_soc/Core_cpu/u_ifu_subsys/g_tage.u_tage/ent_q[6][150]_i_49_n_0
    SLICE_X43Y20         LUT6 (Prop_lut6_I4_O)        0.043     7.833 f  u_soc/Core_cpu/u_ifu_subsys/g_tage.u_tage/ent_q[6][150]_i_27/O
                         net (fo=1, routed)           0.350     8.183    u_soc/Core_cpu/u_ifu_subsys/g_tage.u_tage/ent_q[6][150]_i_27_n_0
    SLICE_X43Y21         LUT6 (Prop_lut6_I2_O)        0.043     8.226 f  u_soc/Core_cpu/u_ifu_subsys/g_tage.u_tage/ent_q[6][150]_i_12/O
                         net (fo=5, routed)           0.196     8.422    u_soc/Core_cpu/u_ifu_subsys/u_btb/q_t0_idx[1]_i_10_3
    SLICE_X41Y21         LUT6 (Prop_lut6_I3_O)        0.043     8.465 f  u_soc/Core_cpu/u_ifu_subsys/u_btb/q_t0_idx[1]_i_17/O
                         net (fo=21, routed)          0.352     8.818    u_soc/Core_cpu/u_ifu_subsys/u_btb/btb_t2
    SLICE_X39Y20         LUT3 (Prop_lut3_I0_O)        0.043     8.861 r  u_soc/Core_cpu/u_ifu_subsys/u_btb/id_pred_npc[31]_i_5/O
                         net (fo=5, routed)           0.443     9.304    u_soc/Core_cpu/u_ifu_subsys/u_icache/u_tag_way1/u_prim/taken_slot[0]
    SLICE_X34Y19         LUT6 (Prop_lut6_I1_O)        0.043     9.347 r  u_soc/Core_cpu/u_ifu_subsys/u_icache/u_tag_way1/u_prim/cnt_q[4]_i_6/O
                         net (fo=8, routed)           0.202     9.549    u_soc/Core_cpu/u_ifu_subsys/u_ibuf/push_num[2]
    SLICE_X35Y20         LUT3 (Prop_lut3_I1_O)        0.043     9.592 r  u_soc/Core_cpu/u_ifu_subsys/u_ibuf/cnt_q[4]_i_4/O
                         net (fo=110, routed)         0.360     9.952    u_soc/Core_cpu/u_ifu_subsys/u_icache/u_tag_way0/u_prim/q_t0_idx_reg[0]_i_2_0
    SLICE_X36Y22         LUT2 (Prop_lut2_I1_O)        0.043     9.995 r  u_soc/Core_cpu/u_ifu_subsys/u_icache/u_tag_way0/u_prim/q_t0_idx[0]_i_5/O
                         net (fo=1, routed)           0.000     9.995    u_soc/Core_cpu/u_ifu_subsys/u_icache/u_tag_way0/u_prim/q_t0_idx[0]_i_5_n_0
    SLICE_X36Y22         CARRY4 (Prop_carry4_S[3]_CO[3])
                                                      0.193    10.188 r  u_soc/Core_cpu/u_ifu_subsys/u_icache/u_tag_way0/u_prim/q_t0_idx_reg[0]_i_2/CO[3]
                         net (fo=1, routed)           0.000    10.188    u_soc/Core_cpu/u_ifu_subsys/u_icache/u_tag_way0_n_131
    SLICE_X36Y23         CARRY4 (Prop_carry4_CI_O[0])
                                                      0.111    10.299 r  u_soc/Core_cpu/u_ifu_subsys/u_icache/q_t0_idx_reg[1]_i_2/O[0]
                         net (fo=2, routed)           0.237    10.536    u_soc/Core_cpu/u_ifu_subsys/u_btb/mem_q_reg_1[3]
    SLICE_X37Y24         LUT6 (Prop_lut6_I0_O)        0.124    10.660 r  u_soc/Core_cpu/u_ifu_subsys/u_btb/q_t0_idx[1]_i_1/O
                         net (fo=59, routed)          0.703    11.363    u_soc/Core_cpu/u_ifu_subsys/u_icache/u_dat_way0/u_prim/next_pc[1]
    RAMB36_X2Y4          RAMB36E1                                     r  u_soc/Core_cpu/u_ifu_subsys/u_icache/u_dat_way0/u_prim/mem_q_reg_1/ADDRARDADDR[7]
  -------------------------------------------------------------------    -------------------

                         (clock clk rise edge)        6.900     6.900 r  
    AE23                                              0.000     6.900 r  clk (IN)
                         net (fo=0)                   0.000     6.900    clk
    AE23                 IBUF (Prop_ibuf_I_O)         0.660     7.560 r  clk_IBUF_inst/O
                         net (fo=1, routed)           2.516    10.076    clk_IBUF
    BUFGCTRL_X0Y0        BUFG (Prop_bufg_I_O)         0.083    10.159 r  u_bufg/O
                         net (fo=5754, routed)        1.617    11.775    u_soc/Core_cpu/u_ifu_subsys/u_icache/u_dat_way0/u_prim/clk_buf
    RAMB36_X2Y4          RAMB36E1                                     r  u_soc/Core_cpu/u_ifu_subsys/u_icache/u_dat_way0/u_prim/mem_q_reg_1/CLKARDCLK
                         clock pessimism              0.312    12.087    
                         clock uncertainty           -0.035    12.052    
    RAMB36_X2Y4          RAMB36E1 (Setup_ramb36e1_CLKARDCLK_ADDRARDADDR[7])
                                                     -0.416    11.636    u_soc/Core_cpu/u_ifu_subsys/u_icache/u_dat_way0/u_prim/mem_q_reg_1
  -------------------------------------------------------------------
                         required time                         11.636    
                         arrival time                         -11.363    
  -------------------------------------------------------------------
                         slack                                  0.272    

Slack (MET) :             0.272ns  (required time - arrival time)
  Source:                 u_soc/Core_cpu/u_ifu_subsys/u_icache/q_pc_q_reg[9]/C
                            (rising edge-triggered cell FDRE clocked by clk  {rise@0.000ns fall@3.450ns period=6.900ns})
  Destination:            u_soc/Core_cpu/u_ifu_subsys/u_icache/u_dat_way0/u_prim/mem_q_reg_1/ADDRARDADDR[7]
                            (rising edge-triggered cell RAMB36E1 clocked by clk  {rise@0.000ns fall@3.450ns period=6.900ns})
  Path Group:             clk
  Path Type:              Setup (Max at Slow Process Corner)
  Requirement:            6.900ns  (clk rise@6.900ns - clk rise@0.000ns)
  Data Path Delay:        6.105ns  (logic 1.160ns (19.001%)  route 4.945ns (80.999%))
  Logic Levels:           14  (CARRY4=2 LUT2=1 LUT3=3 LUT6=7 RAMD64E=1)
  Clock Path Skew:        -0.071ns (DCD - SCD + CPR)
    Destination Clock Delay (DCD):    4.875ns = ( 11.775 - 6.900 ) 
    Source Clock Delay      (SCD):    5.258ns
    Clock Pessimism Removal (CPR):    0.312ns
  Clock Uncertainty:      0.035ns  ((TSJ^2 + TIJ^2)^1/2 + DJ) / 2 + PE
    Total System Jitter     (TSJ):    0.071ns
    Total Input Jitter      (TIJ):    0.000ns
    Discrete Jitter          (DJ):    0.000ns
    Phase Error              (PE):    0.000ns

    Location             Delay type                Incr(ns)  Path(ns)    Netlist Resource(s)
  -------------------------------------------------------------------    -------------------
                         (clock clk rise edge)        0.000     0.000 r  
    AE23                                              0.000     0.000 r  clk (IN)
                         net (fo=0)                   0.000     0.000    clk
    AE23                 IBUF (Prop_ibuf_I_O)         0.734     0.734 r  clk_IBUF_inst/O
                         net (fo=1, routed)           2.651     3.385    clk_IBUF
    BUFGCTRL_X0Y0        BUFG (Prop_bufg_I_O)         0.093     3.478 r  u_bufg/O
                         net (fo=5754, routed)        1.780     5.258    u_soc/Core_cpu/u_ifu_subsys/u_icache/clk_buf
    SLICE_X46Y24         FDRE                                         r  u_soc/Core_cpu/u_ifu_subsys/u_icache/q_pc_q_reg[9]/C
  -------------------------------------------------------------------    -------------------
    SLICE_X46Y24         FDRE (Prop_fdre_C_Q)         0.259     5.517 r  u_soc/Core_cpu/u_ifu_subsys/u_icache/q_pc_q_reg[9]/Q
                         net (fo=148, routed)         0.473     5.990    u_soc/Core_cpu/u_ifu_subsys/g_tage.u_tage/g_tab[0].tg_p_reg_r1_0_63_3_5/ADDRA5
    SLICE_X50Y24         RAMD64E (Prop_ramd64e_RADR5_O)
                                                      0.043     6.033 r  u_soc/Core_cpu/u_ifu_subsys/g_tage.u_tage/g_tab[0].tg_p_reg_r1_0_63_3_5/RAMA/O
                         net (fo=1, routed)           0.576     6.610    u_soc/Core_cpu/u_ifu_subsys/u_btb/p_1_in4_in[0]
    SLICE_X47Y24         LUT6 (Prop_lut6_I1_O)        0.043     6.653 r  u_soc/Core_cpu/u_ifu_subsys/u_btb/ent_q[6][150]_i_42/O
                         net (fo=7, routed)           0.263     6.916    u_soc/Core_cpu/u_ifu_subsys/g_tage.u_tage/id_bht_chk[22]_i_4_0
    SLICE_X43Y24         LUT3 (Prop_lut3_I1_O)        0.043     6.959 r  u_soc/Core_cpu/u_ifu_subsys/g_tage.u_tage/id_bht_chk[22]_i_35/O
                         net (fo=8, routed)           0.447     7.406    u_soc/Core_cpu/u_ifu_subsys/g_tage.u_tage/id_bht_chk[22]_i_35_n_0
    SLICE_X43Y22         LUT6 (Prop_lut6_I5_O)        0.043     7.449 f  u_soc/Core_cpu/u_ifu_subsys/g_tage.u_tage/ent_q[6][150]_i_49/O
                         net (fo=2, routed)           0.341     7.790    u_soc/Core_cpu/u_ifu_subsys/g_tage.u_tage/ent_q[6][150]_i_49_n_0
    SLICE_X43Y20         LUT6 (Prop_lut6_I4_O)        0.043     7.833 f  u_soc/Core_cpu/u_ifu_subsys/g_tage.u_tage/ent_q[6][150]_i_27/O
                         net (fo=1, routed)           0.350     8.183    u_soc/Core_cpu/u_ifu_subsys/g_tage.u_tage/ent_q[6][150]_i_27_n_0
    SLICE_X43Y21         LUT6 (Prop_lut6_I2_O)        0.043     8.226 f  u_soc/Core_cpu/u_ifu_subsys/g_tage.u_tage/ent_q[6][150]_i_12/O
                         net (fo=5, routed)           0.196     8.422    u_soc/Core_cpu/u_ifu_subsys/u_btb/q_t0_idx[1]_i_10_3
    SLICE_X41Y21         LUT6 (Prop_lut6_I3_O)        0.043     8.465 f  u_soc/Core_cpu/u_ifu_subsys/u_btb/q_t0_idx[1]_i_17/O
                         net (fo=21, routed)          0.352     8.818    u_soc/Core_cpu/u_ifu_subsys/u_btb/btb_t2
    SLICE_X39Y20         LUT3 (Prop_lut3_I0_O)        0.043     8.861 r  u_soc/Core_cpu/u_ifu_subsys/u_btb/id_pred_npc[31]_i_5/O
                         net (fo=5, routed)           0.443     9.304    u_soc/Core_cpu/u_ifu_subsys/u_icache/u_tag_way1/u_prim/taken_slot[0]
    SLICE_X34Y19         LUT6 (Prop_lut6_I1_O)        0.043     9.347 r  u_soc/Core_cpu/u_ifu_subsys/u_icache/u_tag_way1/u_prim/cnt_q[4]_i_6/O
                         net (fo=8, routed)           0.202     9.549    u_soc/Core_cpu/u_ifu_subsys/u_ibuf/push_num[2]
    SLICE_X35Y20         LUT3 (Prop_lut3_I1_O)        0.043     9.592 r  u_soc/Core_cpu/u_ifu_subsys/u_ibuf/cnt_q[4]_i_4/O
                         net (fo=110, routed)         0.360     9.952    u_soc/Core_cpu/u_ifu_subsys/u_icache/u_tag_way0/u_prim/q_t0_idx_reg[0]_i_2_0
    SLICE_X36Y22         LUT2 (Prop_lut2_I1_O)        0.043     9.995 r  u_soc/Core_cpu/u_ifu_subsys/u_icache/u_tag_way0/u_prim/q_t0_idx[0]_i_5/O
                         net (fo=1, routed)           0.000     9.995    u_soc/Core_cpu/u_ifu_subsys/u_icache/u_tag_way0/u_prim/q_t0_idx[0]_i_5_n_0
    SLICE_X36Y22         CARRY4 (Prop_carry4_S[3]_CO[3])
                                                      0.193    10.188 r  u_soc/Core_cpu/u_ifu_subsys/u_icache/u_tag_way0/u_prim/q_t0_idx_reg[0]_i_2/CO[3]
                         net (fo=1, routed)           0.000    10.188    u_soc/Core_cpu/u_ifu_subsys/u_icache/u_tag_way0_n_131
    SLICE_X36Y23         CARRY4 (Prop_carry4_CI_O[0])
                                                      0.111    10.299 r  u_soc/Core_cpu/u_ifu_subsys/u_icache/q_t0_idx_reg[1]_i_2/O[0]
                         net (fo=2, routed)           0.237    10.536    u_soc/Core_cpu/u_ifu_subsys/u_btb/mem_q_reg_1[3]
    SLICE_X37Y24         LUT6 (Prop_lut6_I0_O)        0.124    10.660 r  u_soc/Core_cpu/u_ifu_subsys/u_btb/q_t0_idx[1]_i_1/O
                         net (fo=59, routed)          0.703    11.363    u_soc/Core_cpu/u_ifu_subsys/u_icache/u_dat_way0/u_prim/next_pc[1]
    RAMB36_X2Y4          RAMB36E1                                     r  u_soc/Core_cpu/u_ifu_subsys/u_icache/u_dat_way0/u_prim/mem_q_reg_1/ADDRARDADDR[7]
  -------------------------------------------------------------------    -------------------

                         (clock clk rise edge)        6.900     6.900 r  
    AE23                                              0.000     6.900 r  clk (IN)
                         net (fo=0)                   0.000     6.900    clk
    AE23                 IBUF (Prop_ibuf_I_O)         0.660     7.560 r  clk_IBUF_inst/O
                         net (fo=1, routed)           2.516    10.076    clk_IBUF
    BUFGCTRL_X0Y0        BUFG (Prop_bufg_I_O)         0.083    10.159 r  u_bufg/O
                         net (fo=5754, routed)        1.617    11.775    u_soc/Core_cpu/u_ifu_subsys/u_icache/u_dat_way0/u_prim/clk_buf
    RAMB36_X2Y4          RAMB36E1                                     r  u_soc/Core_cpu/u_ifu_subsys/u_icache/u_dat_way0/u_prim/mem_q_reg_1/CLKARDCLK
                         clock pessimism              0.312    12.087    
                         clock uncertainty           -0.035    12.052    
    RAMB36_X2Y4          RAMB36E1 (Setup_ramb36e1_CLKARDCLK_ADDRARDADDR[7])
                                                     -0.416    11.636    u_soc/Core_cpu/u_ifu_subsys/u_icache/u_dat_way0/u_prim/mem_q_reg_1
  -------------------------------------------------------------------
                         required time                         11.636    
                         arrival time                         -11.363    
  -------------------------------------------------------------------
                         slack                                  0.272    

Slack (MET) :             0.275ns  (required time - arrival time)
  Source:                 u_soc/Core_cpu/u_ifu_subsys/u_icache/q_pc_q_reg[9]/C
                            (rising edge-triggered cell FDRE clocked by clk  {rise@0.000ns fall@3.450ns period=6.900ns})
  Destination:            u_soc/Core_cpu/u_ifu_subsys/u_ibuf/ent_q_reg[1][79]/D
                            (rising edge-triggered cell FDRE clocked by clk  {rise@0.000ns fall@3.450ns period=6.900ns})
  Path Group:             clk
  Path Type:              Setup (Max at Slow Process Corner)
  Requirement:            6.900ns  (clk rise@6.900ns - clk rise@0.000ns)
  Data Path Delay:        6.637ns  (logic 0.904ns (13.620%)  route 5.733ns (86.380%))
  Logic Levels:           15  (LUT3=3 LUT5=3 LUT6=8 RAMD64E=1)
  Clock Path Skew:        -0.018ns (DCD - SCD + CPR)
    Destination Clock Delay (DCD):    4.929ns = ( 11.829 - 6.900 ) 
    Source Clock Delay      (SCD):    5.258ns
    Clock Pessimism Removal (CPR):    0.312ns
  Clock Uncertainty:      0.035ns  ((TSJ^2 + TIJ^2)^1/2 + DJ) / 2 + PE
    Total System Jitter     (TSJ):    0.071ns
    Total Input Jitter      (TIJ):    0.000ns
    Discrete Jitter          (DJ):    0.000ns
    Phase Error              (PE):    0.000ns

    Location             Delay type                Incr(ns)  Path(ns)    Netlist Resource(s)
  -------------------------------------------------------------------    -------------------
                         (clock clk rise edge)        0.000     0.000 r  
    AE23                                              0.000     0.000 r  clk (IN)
                         net (fo=0)                   0.000     0.000    clk
    AE23                 IBUF (Prop_ibuf_I_O)         0.734     0.734 r  clk_IBUF_inst/O
                         net (fo=1, routed)           2.651     3.385    clk_IBUF
    BUFGCTRL_X0Y0        BUFG (Prop_bufg_I_O)         0.093     3.478 r  u_bufg/O
                         net (fo=5754, routed)        1.780     5.258    u_soc/Core_cpu/u_ifu_subsys/u_icache/clk_buf
    SLICE_X46Y24         FDRE                                         r  u_soc/Core_cpu/u_ifu_subsys/u_icache/q_pc_q_reg[9]/C
  -------------------------------------------------------------------    -------------------
    SLICE_X46Y24         FDRE (Prop_fdre_C_Q)         0.259     5.517 r  u_soc/Core_cpu/u_ifu_subsys/u_icache/q_pc_q_reg[9]/Q
                         net (fo=148, routed)         0.473     5.990    u_soc/Core_cpu/u_ifu_subsys/g_tage.u_tage/g_tab[0].tg_p_reg_r1_0_63_3_5/ADDRA5
    SLICE_X50Y24         RAMD64E (Prop_ramd64e_RADR5_O)
                                                      0.043     6.033 r  u_soc/Core_cpu/u_ifu_subsys/g_tage.u_tage/g_tab[0].tg_p_reg_r1_0_63_3_5/RAMA/O
                         net (fo=1, routed)           0.576     6.610    u_soc/Core_cpu/u_ifu_subsys/u_btb/p_1_in4_in[0]
    SLICE_X47Y24         LUT6 (Prop_lut6_I1_O)        0.043     6.653 f  u_soc/Core_cpu/u_ifu_subsys/u_btb/ent_q[6][150]_i_42/O
                         net (fo=7, routed)           0.263     6.916    u_soc/Core_cpu/u_ifu_subsys/g_tage.u_tage/id_bht_chk[22]_i_4_0
    SLICE_X43Y24         LUT3 (Prop_lut3_I1_O)        0.043     6.959 f  u_soc/Core_cpu/u_ifu_subsys/g_tage.u_tage/id_bht_chk[22]_i_35/O
                         net (fo=8, routed)           0.447     7.406    u_soc/Core_cpu/u_ifu_subsys/g_tage.u_tage/id_bht_chk[22]_i_35_n_0
    SLICE_X43Y22         LUT6 (Prop_lut6_I5_O)        0.043     7.449 r  u_soc/Core_cpu/u_ifu_subsys/g_tage.u_tage/ent_q[6][150]_i_49/O
                         net (fo=2, routed)           0.341     7.790    u_soc/Core_cpu/u_ifu_subsys/g_tage.u_tage/ent_q[6][150]_i_49_n_0
    SLICE_X43Y20         LUT6 (Prop_lut6_I4_O)        0.043     7.833 f  u_soc/Core_cpu/u_ifu_subsys/g_tage.u_tage/ent_q[6][150]_i_27/O
                         net (fo=1, routed)           0.350     8.183    u_soc/Core_cpu/u_ifu_subsys/g_tage.u_tage/ent_q[6][150]_i_27_n_0
    SLICE_X43Y21         LUT6 (Prop_lut6_I2_O)        0.043     8.226 f  u_soc/Core_cpu/u_ifu_subsys/g_tage.u_tage/ent_q[6][150]_i_12/O
                         net (fo=5, routed)           0.196     8.422    u_soc/Core_cpu/u_ifu_subsys/u_btb/q_t0_idx[1]_i_10_3
    SLICE_X41Y21         LUT6 (Prop_lut6_I3_O)        0.043     8.465 f  u_soc/Core_cpu/u_ifu_subsys/u_btb/q_t0_idx[1]_i_17/O
                         net (fo=21, routed)          0.352     8.818    u_soc/Core_cpu/u_ifu_subsys/u_btb/btb_t2
    SLICE_X39Y20         LUT3 (Prop_lut3_I0_O)        0.043     8.861 r  u_soc/Core_cpu/u_ifu_subsys/u_btb/id_pred_npc[31]_i_5/O
                         net (fo=5, routed)           0.443     9.304    u_soc/Core_cpu/u_ifu_subsys/u_icache/u_tag_way1/u_prim/taken_slot[0]
    SLICE_X34Y19         LUT6 (Prop_lut6_I1_O)        0.043     9.347 r  u_soc/Core_cpu/u_ifu_subsys/u_icache/u_tag_way1/u_prim/cnt_q[4]_i_6/O
                         net (fo=8, routed)           0.204     9.550    u_soc/Core_cpu/u_ifu_subsys/u_ibuf/push_num[2]
    SLICE_X32Y19         LUT3 (Prop_lut3_I1_O)        0.043     9.593 r  u_soc/Core_cpu/u_ifu_subsys/u_ibuf/ent_q[6][95]_i_4/O
                         net (fo=108, routed)         0.238     9.831    u_soc/Core_cpu/u_ifu_subsys/u_ibuf/ent_q[6][95]_i_4_n_0
    SLICE_X31Y19         LUT6 (Prop_lut6_I5_O)        0.043     9.874 r  u_soc/Core_cpu/u_ifu_subsys/u_ibuf/id_have_inst_i_2/O
                         net (fo=114, routed)         0.531    10.405    u_soc/Core_cpu/u_ifu_subsys/u_btb/ent_q[6][79]_i_6
    SLICE_X37Y26         LUT5 (Prop_lut5_I4_O)        0.043    10.448 r  u_soc/Core_cpu/u_ifu_subsys/u_btb/ent_q[6][79]_i_8/O
                         net (fo=9, routed)           0.748    11.196    u_soc/Core_cpu/u_ifu_subsys/u_ibuf/ent_q_reg[1][79]_0[13]
    SLICE_X19Y17         LUT5 (Prop_lut5_I0_O)        0.043    11.239 r  u_soc/Core_cpu/u_ifu_subsys/u_ibuf/ent_q[6][79]_i_6/O
                         net (fo=1, routed)           0.098    11.337    u_soc/Core_cpu/u_ifu_subsys/u_btb/ent_q_reg[0][79]
    SLICE_X19Y17         LUT5 (Prop_lut5_I4_O)        0.043    11.380 r  u_soc/Core_cpu/u_ifu_subsys/u_btb/ent_q[6][79]_i_3/O
                         net (fo=8, routed)           0.473    11.853    u_soc/Core_cpu/u_ifu_subsys/u_ibuf/ent_q_reg[0][79]_0
    SLICE_X16Y15         LUT6 (Prop_lut6_I3_O)        0.043    11.896 r  u_soc/Core_cpu/u_ifu_subsys/u_ibuf/ent_q[1][79]_i_1/O
                         net (fo=1, routed)           0.000    11.896    u_soc/Core_cpu/u_ifu_subsys/u_ibuf/ent_q[1][79]_i_1_n_0
    SLICE_X16Y15         FDRE                                         r  u_soc/Core_cpu/u_ifu_subsys/u_ibuf/ent_q_reg[1][79]/D
  -------------------------------------------------------------------    -------------------

                         (clock clk rise edge)        6.900     6.900 r  
    AE23                                              0.000     6.900 r  clk (IN)
                         net (fo=0)                   0.000     6.900    clk
    AE23                 IBUF (Prop_ibuf_I_O)         0.660     7.560 r  clk_IBUF_inst/O
                         net (fo=1, routed)           2.516    10.076    clk_IBUF
    BUFGCTRL_X0Y0        BUFG (Prop_bufg_I_O)         0.083    10.159 r  u_bufg/O
                         net (fo=5754, routed)        1.670    11.829    u_soc/Core_cpu/u_ifu_subsys/u_ibuf/clk_buf
    SLICE_X16Y15         FDRE                                         r  u_soc/Core_cpu/u_ifu_subsys/u_ibuf/ent_q_reg[1][79]/C
                         clock pessimism              0.312    12.140    
                         clock uncertainty           -0.035    12.105    
    SLICE_X16Y15         FDRE (Setup_fdre_C_D)        0.066    12.171    u_soc/Core_cpu/u_ifu_subsys/u_ibuf/ent_q_reg[1][79]
  -------------------------------------------------------------------
                         required time                         12.171    
                         arrival time                         -11.896    
  -------------------------------------------------------------------
                         slack                                  0.275    

Slack (MET) :             0.275ns  (required time - arrival time)
  Source:                 u_soc/Core_cpu/u_ifu_subsys/u_icache/q_pc_q_reg[9]/C
                            (rising edge-triggered cell FDRE clocked by clk  {rise@0.000ns fall@3.450ns period=6.900ns})
  Destination:            u_soc/Core_cpu/u_ifu_subsys/u_ibuf/ent_q_reg[1][79]/D
                            (rising edge-triggered cell FDRE clocked by clk  {rise@0.000ns fall@3.450ns period=6.900ns})
  Path Group:             clk
  Path Type:              Setup (Max at Slow Process Corner)
  Requirement:            6.900ns  (clk rise@6.900ns - clk rise@0.000ns)
  Data Path Delay:        6.637ns  (logic 0.904ns (13.620%)  route 5.733ns (86.380%))
  Logic Levels:           15  (LUT3=3 LUT5=3 LUT6=8 RAMD64E=1)
  Clock Path Skew:        -0.018ns (DCD - SCD + CPR)
    Destination Clock Delay (DCD):    4.929ns = ( 11.829 - 6.900 ) 
    Source Clock Delay      (SCD):    5.258ns
    Clock Pessimism Removal (CPR):    0.312ns
  Clock Uncertainty:      0.035ns  ((TSJ^2 + TIJ^2)^1/2 + DJ) / 2 + PE
    Total System Jitter     (TSJ):    0.071ns
    Total Input Jitter      (TIJ):    0.000ns
    Discrete Jitter          (DJ):    0.000ns
    Phase Error              (PE):    0.000ns

    Location             Delay type                Incr(ns)  Path(ns)    Netlist Resource(s)
  -------------------------------------------------------------------    -------------------
                         (clock clk rise edge)        0.000     0.000 r  
    AE23                                              0.000     0.000 r  clk (IN)
                         net (fo=0)                   0.000     0.000    clk
    AE23                 IBUF (Prop_ibuf_I_O)         0.734     0.734 r  clk_IBUF_inst/O
                         net (fo=1, routed)           2.651     3.385    clk_IBUF
    BUFGCTRL_X0Y0        BUFG (Prop_bufg_I_O)         0.093     3.478 r  u_bufg/O
                         net (fo=5754, routed)        1.780     5.258    u_soc/Core_cpu/u_ifu_subsys/u_icache/clk_buf
    SLICE_X46Y24         FDRE                                         r  u_soc/Core_cpu/u_ifu_subsys/u_icache/q_pc_q_reg[9]/C
  -------------------------------------------------------------------    -------------------
    SLICE_X46Y24         FDRE (Prop_fdre_C_Q)         0.259     5.517 r  u_soc/Core_cpu/u_ifu_subsys/u_icache/q_pc_q_reg[9]/Q
                         net (fo=148, routed)         0.473     5.990    u_soc/Core_cpu/u_ifu_subsys/g_tage.u_tage/g_tab[0].tg_p_reg_r1_0_63_3_5/ADDRA5
    SLICE_X50Y24         RAMD64E (Prop_ramd64e_RADR5_O)
                                                      0.043     6.033 r  u_soc/Core_cpu/u_ifu_subsys/g_tage.u_tage/g_tab[0].tg_p_reg_r1_0_63_3_5/RAMA/O
                         net (fo=1, routed)           0.576     6.610    u_soc/Core_cpu/u_ifu_subsys/u_btb/p_1_in4_in[0]
    SLICE_X47Y24         LUT6 (Prop_lut6_I1_O)        0.043     6.653 r  u_soc/Core_cpu/u_ifu_subsys/u_btb/ent_q[6][150]_i_42/O
                         net (fo=7, routed)           0.263     6.916    u_soc/Core_cpu/u_ifu_subsys/g_tage.u_tage/id_bht_chk[22]_i_4_0
    SLICE_X43Y24         LUT3 (Prop_lut3_I1_O)        0.043     6.959 r  u_soc/Core_cpu/u_ifu_subsys/g_tage.u_tage/id_bht_chk[22]_i_35/O
                         net (fo=8, routed)           0.447     7.406    u_soc/Core_cpu/u_ifu_subsys/g_tage.u_tage/id_bht_chk[22]_i_35_n_0
    SLICE_X43Y22         LUT6 (Prop_lut6_I5_O)        0.043     7.449 f  u_soc/Core_cpu/u_ifu_subsys/g_tage.u_tage/ent_q[6][150]_i_49/O
                         net (fo=2, routed)           0.341     7.790    u_soc/Core_cpu/u_ifu_subsys/g_tage.u_tage/ent_q[6][150]_i_49_n_0
    SLICE_X43Y20         LUT6 (Prop_lut6_I4_O)        0.043     7.833 f  u_soc/Core_cpu/u_ifu_subsys/g_tage.u_tage/ent_q[6][150]_i_27/O
                         net (fo=1, routed)           0.350     8.183    u_soc/Core_cpu/u_ifu_subsys/g_tage.u_tage/ent_q[6][150]_i_27_n_0
    SLICE_X43Y21         LUT6 (Prop_lut6_I2_O)        0.043     8.226 f  u_soc/Core_cpu/u_ifu_subsys/g_tage.u_tage/ent_q[6][150]_i_12/O
                         net (fo=5, routed)           0.196     8.422    u_soc/Core_cpu/u_ifu_subsys/u_btb/q_t0_idx[1]_i_10_3
    SLICE_X41Y21         LUT6 (Prop_lut6_I3_O)        0.043     8.465 f  u_soc/Core_cpu/u_ifu_subsys/u_btb/q_t0_idx[1]_i_17/O
                         net (fo=21, routed)          0.352     8.818    u_soc/Core_cpu/u_ifu_subsys/u_btb/btb_t2
    SLICE_X39Y20         LUT3 (Prop_lut3_I0_O)        0.043     8.861 r  u_soc/Core_cpu/u_ifu_subsys/u_btb/id_pred_npc[31]_i_5/O
                         net (fo=5, routed)           0.443     9.304    u_soc/Core_cpu/u_ifu_subsys/u_icache/u_tag_way1/u_prim/taken_slot[0]
    SLICE_X34Y19         LUT6 (Prop_lut6_I1_O)        0.043     9.347 r  u_soc/Core_cpu/u_ifu_subsys/u_icache/u_tag_way1/u_prim/cnt_q[4]_i_6/O
                         net (fo=8, routed)           0.204     9.550    u_soc/Core_cpu/u_ifu_subsys/u_ibuf/push_num[2]
    SLICE_X32Y19         LUT3 (Prop_lut3_I1_O)        0.043     9.593 r  u_soc/Core_cpu/u_ifu_subsys/u_ibuf/ent_q[6][95]_i_4/O
                         net (fo=108, routed)         0.238     9.831    u_soc/Core_cpu/u_ifu_subsys/u_ibuf/ent_q[6][95]_i_4_n_0
    SLICE_X31Y19         LUT6 (Prop_lut6_I5_O)        0.043     9.874 r  u_soc/Core_cpu/u_ifu_subsys/u_ibuf/id_have_inst_i_2/O
                         net (fo=114, routed)         0.531    10.405    u_soc/Core_cpu/u_ifu_subsys/u_btb/ent_q[6][79]_i_6
    SLICE_X37Y26         LUT5 (Prop_lut5_I4_O)        0.043    10.448 r  u_soc/Core_cpu/u_ifu_subsys/u_btb/ent_q[6][79]_i_8/O
                         net (fo=9, routed)           0.748    11.196    u_soc/Core_cpu/u_ifu_subsys/u_ibuf/ent_q_reg[1][79]_0[13]
    SLICE_X19Y17         LUT5 (Prop_lut5_I0_O)        0.043    11.239 r  u_soc/Core_cpu/u_ifu_subsys/u_ibuf/ent_q[6][79]_i_6/O
                         net (fo=1, routed)           0.098    11.337    u_soc/Core_cpu/u_ifu_subsys/u_btb/ent_q_reg[0][79]
    SLICE_X19Y17         LUT5 (Prop_lut5_I4_O)        0.043    11.380 r  u_soc/Core_cpu/u_ifu_subsys/u_btb/ent_q[6][79]_i_3/O
                         net (fo=8, routed)           0.473    11.853    u_soc/Core_cpu/u_ifu_subsys/u_ibuf/ent_q_reg[0][79]_0
    SLICE_X16Y15         LUT6 (Prop_lut6_I3_O)        0.043    11.896 r  u_soc/Core_cpu/u_ifu_subsys/u_ibuf/ent_q[1][79]_i_1/O
                         net (fo=1, routed)           0.000    11.896    u_soc/Core_cpu/u_ifu_subsys/u_ibuf/ent_q[1][79]_i_1_n_0
    SLICE_X16Y15         FDRE                                         r  u_soc/Core_cpu/u_ifu_subsys/u_ibuf/ent_q_reg[1][79]/D
  -------------------------------------------------------------------    -------------------

                         (clock clk rise edge)        6.900     6.900 r  
    AE23                                              0.000     6.900 r  clk (IN)
                         net (fo=0)                   0.000     6.900    clk
    AE23                 IBUF (Prop_ibuf_I_O)         0.660     7.560 r  clk_IBUF_inst/O
                         net (fo=1, routed)           2.516    10.076    clk_IBUF
    BUFGCTRL_X0Y0        BUFG (Prop_bufg_I_O)         0.083    10.159 r  u_bufg/O
                         net (fo=5754, routed)        1.670    11.829    u_soc/Core_cpu/u_ifu_subsys/u_ibuf/clk_buf
    SLICE_X16Y15         FDRE                                         r  u_soc/Core_cpu/u_ifu_subsys/u_ibuf/ent_q_reg[1][79]/C
                         clock pessimism              0.312    12.140    
                         clock uncertainty           -0.035    12.105    
    SLICE_X16Y15         FDRE (Setup_fdre_C_D)        0.066    12.171    u_soc/Core_cpu/u_ifu_subsys/u_ibuf/ent_q_reg[1][79]
  -------------------------------------------------------------------
                         required time                         12.171    
                         arrival time                         -11.896    
  -------------------------------------------------------------------
                         slack                                  0.275    




