Copyright 1986-2022 Xilinx, Inc. All Rights Reserved. Copyright 2022-2023 Advanced Micro Devices, Inc. All Rights Reserved.
----------------------------------------------------------------------------------------------------------------------------------------------------------------
| Tool Version : Vivado v.2023.2 (lin64) Build 4029153 Fri Oct 13 20:13:54 MDT 2023
| Date         : Mon Sep 28 19:55:23 2026
| Host         : edaserver08 running 64-bit NAME="Red Hat Enterprise Linux Server"
| Command      : report_timing_summary -delay_type max -max_paths 20 -file /home/st-wangjun/project/RISCV_A910/synth/vivado/fmax_impl_12.0ns/timing_summary.rpt
| Design       : top_fmax
| Device       : 7k325t-ffg900
| Speed File   : -2  PRODUCTION 1.12 2017-02-17
| Design State : Routed
----------------------------------------------------------------------------------------------------------------------------------------------------------------

Timing Summary Report

------------------------------------------------------------------------------------------------
| Timer Settings
| --------------
------------------------------------------------------------------------------------------------

  Enable Multi Corner Analysis               :  Yes
  Enable Pessimism Removal                   :  Yes
  Pessimism Removal Resolution               :  Nearest Common Node
  Enable Input Delay Default Clock           :  No
  Enable Preset / Clear Arcs                 :  No
  Disable Flight Delays                      :  No
  Ignore I/O Paths                           :  No
  Timing Early Launch at Borrowing Latches   :  No
  Borrow Time for Max Delay Exceptions       :  Yes
  Merge Timing Exceptions                    :  Yes
  Inter-SLR Compensation                     :  Conservative

  Corner  Analyze    Analyze    
  Name    Max Paths  Min Paths  
  ------  ---------  ---------  
  Slow    Yes        Yes        
  Fast    Yes        Yes        


------------------------------------------------------------------------------------------------
| Report Methodology
| ------------------
------------------------------------------------------------------------------------------------

Rule       Severity  Description                               Violations  
---------  --------  ----------------------------------------  ----------  
TIMING-20  Warning   Non-clocked latch                         112         
XDCH-2     Warning   Same min and max delay values on IO port  1           
LATCH-1    Advisory  Existing latches in the design            1           

Note: This report is based on the most recent report_methodology run and may not be up-to-date. Run report_methodology on the current design for the latest report.



check_timing report

Table of Contents
-----------------
1. checking no_clock (430)
2. checking constant_clock (0)
3. checking pulse_width_clock (0)
4. checking unconstrained_internal_endpoints (112)
5. checking no_input_delay (0)
6. checking no_output_delay (71)
7. checking multiple_clock (0)
8. checking generated_clocks (0)
9. checking loops (0)
10. checking partial_input_delay (0)
11. checking partial_output_delay (0)
12. checking latch_loops (0)

1. checking no_clock (430)
--------------------------
 There are 64 register/latch pins with no clock driven by root clock pin: u_soc/Core_cpu/U_EX_MEM/mem_dram_sel_reg[0]/Q (HIGH)

 There are 64 register/latch pins with no clock driven by root clock pin: u_soc/Core_cpu/U_EX_MEM/mem_dram_sel_reg[1]/Q (HIGH)

 There are 64 register/latch pins with no clock driven by root clock pin: u_soc/Core_cpu/U_EX_MEM/mem_dram_sel_reg[2]/Q (HIGH)

 There are 32 register/latch pins with no clock driven by root clock pin: u_soc/Core_cpu/U_ID_EX/ex_alu_op_reg[1]_rep/Q (HIGH)

 There are 32 register/latch pins with no clock driven by root clock pin: u_soc/Core_cpu/U_ID_EX/ex_alu_op_reg[2]_rep__0/Q (HIGH)

 There are 32 register/latch pins with no clock driven by root clock pin: u_soc/Core_cpu/U_ID_EX/ex_alu_op_reg[3]/Q (HIGH)

 There are 32 register/latch pins with no clock driven by root clock pin: u_soc/Core_cpu/U_ID_EX/ex_alu_op_reg[4]/Q (HIGH)

 There are 16 register/latch pins with no clock driven by root clock pin: u_soc/Core_cpu/U_IF_ID/id_inst_reg[0]/Q (HIGH)

 There are 16 register/latch pins with no clock driven by root clock pin: u_soc/Core_cpu/U_IF_ID/id_inst_reg[1]/Q (HIGH)

 There are 16 register/latch pins with no clock driven by root clock pin: u_soc/Core_cpu/U_IF_ID/id_inst_reg[2]/Q (HIGH)

 There are 16 register/latch pins with no clock driven by root clock pin: u_soc/Core_cpu/U_IF_ID/id_inst_reg[3]/Q (HIGH)

 There are 16 register/latch pins with no clock driven by root clock pin: u_soc/Core_cpu/U_IF_ID/id_inst_reg[4]/Q (HIGH)

 There are 16 register/latch pins with no clock driven by root clock pin: u_soc/Core_cpu/U_IF_ID/id_inst_reg[5]/Q (HIGH)

 There are 14 register/latch pins with no clock driven by root clock pin: u_soc/Core_cpu/U_IF_ID/id_inst_reg[6]/Q (HIGH)


2. checking constant_clock (0)
------------------------------
 There are 0 register/latch pins with constant_clock.


3. checking pulse_width_clock (0)
---------------------------------
 There are 0 register/latch pins which need pulse_width check


4. checking unconstrained_internal_endpoints (112)
--------------------------------------------------
 There are 112 pins that are not constrained for maximum delay. (HIGH)

 There are 0 pins that are not constrained for maximum delay due to constant clock.


5. checking no_input_delay (0)
------------------------------
 There are 0 input ports with no input delay specified.

 There are 0 input ports with no input delay but user has a false path constraint.


6. checking no_output_delay (71)
--------------------------------
 There are 0 ports with no output delay specified.

 There are 71 ports with no output delay but user has a false path constraint (MEDIUM)

 There are 0 ports with no output delay but with a timing clock defined on it or propagating through it


7. checking multiple_clock (0)
------------------------------
 There are 0 register/latch pins with multiple clocks.


8. checking generated_clocks (0)
--------------------------------
 There are 0 generated clocks that are not connected to a clock source.


9. checking loops (0)
---------------------
 There are 0 combinational loops in the design.


10. checking partial_input_delay (0)
------------------------------------
 There are 0 input ports with partial input delay specified.


11. checking partial_output_delay (0)
-------------------------------------
 There are 0 ports with partial output delay specified.


12. checking latch_loops (0)
----------------------------
 There are 0 combinational latch loops in the design through latch input



------------------------------------------------------------------------------------------------
| Design Timing Summary
| ---------------------
------------------------------------------------------------------------------------------------

    WNS(ns)      TNS(ns)  TNS Failing Endpoints  TNS Total Endpoints     WPWS(ns)     TPWS(ns)  TPWS Failing Endpoints  TPWS Total Endpoints  
    -------      -------  ---------------------  -------------------     --------     --------  ----------------------  --------------------  
      1.085        0.000                      0                19891        5.232        0.000                       0                  5674  


All user specified timing constraints are met.


------------------------------------------------------------------------------------------------
| Clock Summary
| -------------
------------------------------------------------------------------------------------------------

Clock  Waveform(ns)       Period(ns)      Frequency(MHz)
-----  ------------       ----------      --------------
clk    {0.000 6.000}      12.000          83.333          


------------------------------------------------------------------------------------------------
| Intra Clock Table
| -----------------
------------------------------------------------------------------------------------------------

Clock             WNS(ns)      TNS(ns)  TNS Failing Endpoints  TNS Total Endpoints     WPWS(ns)     TPWS(ns)  TPWS Failing Endpoints  TPWS Total Endpoints  
-----             -------      -------  ---------------------  -------------------     --------     --------  ----------------------  --------------------  
clk                 1.085        0.000                      0                18002        5.232        0.000                       0                  5674  


------------------------------------------------------------------------------------------------
| Inter Clock Table
| -----------------
------------------------------------------------------------------------------------------------

From Clock    To Clock          WNS(ns)      TNS(ns)  TNS Failing Endpoints  TNS Total Endpoints  
----------    --------          -------      -------  ---------------------  -------------------  


------------------------------------------------------------------------------------------------
| Other Path Groups Table
| -----------------------
------------------------------------------------------------------------------------------------

Path Group         From Clock         To Clock               WNS(ns)      TNS(ns)  TNS Failing Endpoints  TNS Total Endpoints  
----------         ----------         --------               -------      -------  ---------------------  -------------------  
**async_default**  clk                clk                      6.796        0.000                      0                 1889  


------------------------------------------------------------------------------------------------
| Timing Details
| --------------
------------------------------------------------------------------------------------------------


---------------------------------------------------------------------------------------------------
From Clock:  clk
  To Clock:  clk

Setup :            0  Failing Endpoints,  Worst Slack        1.085ns,  Total Violation        0.000ns
Hold  :           NA  Failing Endpoints,  Worst Slack           NA  ,  Total Violation           NA
PW    :            0  Failing Endpoints,  Worst Slack        5.232ns,  Total Violation        0.000ns
---------------------------------------------------------------------------------------------------


Max Delay Paths
--------------------------------------------------------------------------------------
Slack (MET) :             1.085ns  (required time - arrival time)
  Source:                 u_soc/Core_cpu/U_ID_EX/ex_csr_addr_reg[3]/C
                            (rising edge-triggered cell FDCE clocked by clk  {rise@0.000ns fall@6.000ns period=12.000ns})
  Destination:            u_soc/Core_cpu/u_ifu_subsys/u_icache/u_dat_way0/u_prim/mem_q_reg_0/ADDRARDADDR[8]
                            (rising edge-triggered cell RAMB36E1 clocked by clk  {rise@0.000ns fall@6.000ns period=12.000ns})
  Path Group:             clk
  Path Type:              Setup (Max at Slow Process Corner)
  Requirement:            12.000ns  (clk rise@12.000ns - clk rise@0.000ns)
  Data Path Delay:        10.552ns  (logic 2.829ns (26.810%)  route 7.723ns (73.190%))
  Logic Levels:           27  (CARRY4=9 LUT2=3 LUT3=3 LUT4=3 LUT5=1 LUT6=8)
  Clock Path Skew:        0.089ns (DCD - SCD + CPR)
    Destination Clock Delay (DCD):    4.951ns = ( 16.951 - 12.000 ) 
    Source Clock Delay      (SCD):    5.099ns
    Clock Pessimism Removal (CPR):    0.237ns
  Clock Uncertainty:      0.035ns  ((TSJ^2 + TIJ^2)^1/2 + DJ) / 2 + PE
    Total System Jitter     (TSJ):    0.071ns
    Total Input Jitter      (TIJ):    0.000ns
    Discrete Jitter          (DJ):    0.000ns
    Phase Error              (PE):    0.000ns

    Location             Delay type                Incr(ns)  Path(ns)    Netlist Resource(s)
  -------------------------------------------------------------------    -------------------
                         (clock clk rise edge)        0.000     0.000 r  
    AE23                                              0.000     0.000 r  clk (IN)
                         net (fo=0)                   0.000     0.000    clk
    AE23                 IBUF (Prop_ibuf_I_O)         0.734     0.734 r  clk_IBUF_inst/O
                         net (fo=1, routed)           2.651     3.385    clk_IBUF
    BUFGCTRL_X0Y0        BUFG (Prop_bufg_I_O)         0.093     3.478 r  u_bufg/O
                         net (fo=5673, routed)        1.621     5.099    u_soc/Core_cpu/U_ID_EX/clk_buf
    SLICE_X31Y71         FDCE                                         r  u_soc/Core_cpu/U_ID_EX/ex_csr_addr_reg[3]/C
  -------------------------------------------------------------------    -------------------
    SLICE_X31Y71         FDCE (Prop_fdce_C_Q)         0.223     5.322 f  u_soc/Core_cpu/U_ID_EX/ex_csr_addr_reg[3]/Q
                         net (fo=6, routed)           0.537     5.860    u_soc/Core_cpu/U_ID_EX/ex_csr_addr[3]
    SLICE_X25Y69         LUT3 (Prop_lut3_I1_O)        0.043     5.903 f  u_soc/Core_cpu/U_ID_EX/mcause[31]_i_5/O
                         net (fo=3, routed)           0.444     6.346    u_soc/Core_cpu/U_ID_EX/mcause[31]_i_5_n_2
    SLICE_X25Y68         LUT5 (Prop_lut5_I4_O)        0.051     6.397 r  u_soc/Core_cpu/U_ID_EX/mtvec[31]_i_12/O
                         net (fo=2, routed)           0.189     6.586    u_soc/Core_cpu/U_ID_EX/mtvec[31]_i_12_n_2
    SLICE_X25Y69         LUT6 (Prop_lut6_I0_O)        0.136     6.722 r  u_soc/Core_cpu/U_ID_EX/mtvec[31]_i_9/O
                         net (fo=27, routed)          0.429     7.151    u_soc/Core_cpu/U_ID_EX/ex_csr_addr_reg[0]_0
    SLICE_X28Y67         LUT6 (Prop_lut6_I1_O)        0.043     7.194 r  u_soc/Core_cpu/U_ID_EX/mscratch[1]_i_2/O
                         net (fo=3, routed)           0.494     7.688    u_soc/Core_cpu/U_ID_EX/csr_rdata[1]
    SLICE_X28Y61         LUT4 (Prop_lut4_I0_O)        0.051     7.739 r  u_soc/Core_cpu/U_ID_EX/alu_c_reg[1]_i_8/O
                         net (fo=15, routed)          0.366     8.105    u_soc/Core_cpu/U_ID_EX/ex_A_final[1]
    SLICE_X27Y61         LUT2 (Prop_lut2_I0_O)        0.136     8.241 f  u_soc/Core_cpu/U_ID_EX/alu_c_reg[1]_i_6/O
                         net (fo=6, routed)           0.391     8.632    u_soc/Core_cpu/U_ID_EX/alu_c_reg[3]_i_18_n_2
    SLICE_X31Y63         LUT3 (Prop_lut3_I2_O)        0.043     8.675 r  u_soc/Core_cpu/U_ID_EX/alu_c_reg[0]_i_43/O
                         net (fo=1, routed)           0.000     8.675    u_soc/Core_cpu/U_ID_EX/alu_c_reg[0]_i_43_n_2
    SLICE_X31Y63         CARRY4 (Prop_carry4_S[0]_CO[3])
                                                      0.259     8.934 r  u_soc/Core_cpu/U_ID_EX/alu_c_reg[0]_i_27/CO[3]
                         net (fo=1, routed)           0.000     8.934    u_soc/Core_cpu/U_ID_EX/alu_c_reg[0]_i_27_n_2
    SLICE_X31Y64         CARRY4 (Prop_carry4_CI_CO[3])
                                                      0.053     8.987 r  u_soc/Core_cpu/U_ID_EX/alu_c_reg[0]_i_17/CO[3]
                         net (fo=1, routed)           0.000     8.987    u_soc/Core_cpu/U_ID_EX/alu_c_reg[0]_i_17_n_2
    SLICE_X31Y65         CARRY4 (Prop_carry4_CI_CO[3])
                                                      0.053     9.040 r  u_soc/Core_cpu/U_ID_EX/alu_c_reg[0]_i_6/CO[3]
                         net (fo=1, routed)           0.000     9.040    u_soc/Core_cpu/U_ID_EX/alu_c_reg[0]_i_6_n_2
    SLICE_X31Y66         CARRY4 (Prop_carry4_CI_CO[3])
                                                      0.053     9.093 r  u_soc/Core_cpu/U_ID_EX/alu_c_reg[0]_i_3/CO[3]
                         net (fo=2, routed)           0.476     9.569    u_soc/Core_cpu/U_ID_EX/U_ALU/data9
    SLICE_X32Y67         LUT4 (Prop_lut4_I3_O)        0.043     9.612 f  u_soc/Core_cpu/U_ID_EX/u1_taken_i_3/O
                         net (fo=2, routed)           0.250     9.861    u_soc/Core_cpu/U_ID_EX/u1_taken_i_3_n_2
    SLICE_X34Y66         LUT6 (Prop_lut6_I4_O)        0.043     9.904 r  u_soc/Core_cpu/U_ID_EX/dat_q_reg_0_63_2_2_i_6/O
                         net (fo=34, routed)          0.590    10.494    u_soc/Core_cpu/U_ID_EX/dat_q_reg_0_63_2_2_i_6_n_2
    SLICE_X40Y64         LUT3 (Prop_lut3_I2_O)        0.049    10.543 f  u_soc/Core_cpu/U_ID_EX/q_row_idx[2][1]_i_10/O
                         net (fo=5, routed)           0.253    10.796    u_soc/Core_cpu/U_ID_EX/q_row_idx[2][1]_i_10_n_2
    SLICE_X40Y63         LUT6 (Prop_lut6_I0_O)        0.136    10.932 r  u_soc/Core_cpu/U_ID_EX/q_pc_q[1]_i_3/O
                         net (fo=2, routed)           0.246    11.178    u_soc/Core_cpu/U_ID_EX/actual_npc[0]
    SLICE_X38Y64         LUT6 (Prop_lut6_I5_O)        0.043    11.221 r  u_soc/Core_cpu/U_ID_EX/q_row_idx[2][1]_i_25/O
                         net (fo=1, routed)           0.000    11.221    u_soc/Core_cpu/U_ID_EX/q_row_idx[2][1]_i_25_n_2
    SLICE_X38Y64         CARRY4 (Prop_carry4_S[0]_CO[3])
                                                      0.246    11.467 r  u_soc/Core_cpu/U_ID_EX/q_row_idx_reg[2][1]_i_17/CO[3]
                         net (fo=1, routed)           0.000    11.467    u_soc/Core_cpu/U_ID_EX/q_row_idx_reg[2][1]_i_17_n_2
    SLICE_X38Y65         CARRY4 (Prop_carry4_CI_CO[3])
                                                      0.054    11.521 r  u_soc/Core_cpu/U_ID_EX/q_row_idx_reg[2][1]_i_13/CO[3]
                         net (fo=1, routed)           0.000    11.521    u_soc/Core_cpu/U_ID_EX/q_row_idx_reg[2][1]_i_13_n_2
    SLICE_X38Y66         CARRY4 (Prop_carry4_CI_CO[2])
                                                      0.110    11.631 f  u_soc/Core_cpu/U_ID_EX/q_row_idx_reg[2][1]_i_12/CO[2]
                         net (fo=4, routed)           0.379    12.010    u_soc/Core_cpu/U_ID_EX/mispredict0
    SLICE_X39Y59         LUT2 (Prop_lut2_I0_O)        0.128    12.138 f  u_soc/Core_cpu/U_ID_EX/cnt_q[4]_i_10/O
                         net (fo=1, routed)           0.229    12.367    u_soc/Core_cpu/U_ID_EX/cnt_q[4]_i_10_n_2
    SLICE_X39Y58         LUT6 (Prop_lut6_I2_O)        0.043    12.410 r  u_soc/Core_cpu/U_ID_EX/cnt_q[4]_i_8/O
                         net (fo=5, routed)           0.203    12.612    u_soc/Core_cpu/u_ifu_subsys/u_btb/push_num1
    SLICE_X41Y58         LUT6 (Prop_lut6_I5_O)        0.043    12.655 r  u_soc/Core_cpu/u_ifu_subsys/u_btb/cnt_q[1]_i_5/O
                         net (fo=2, routed)           0.349    13.004    u_soc/Core_cpu/u_ifu_subsys/u_ibuf/cnt_q_reg[0]_0
    SLICE_X40Y58         LUT4 (Prop_lut4_I3_O)        0.054    13.058 r  u_soc/Core_cpu/u_ifu_subsys/u_ibuf/cnt_q[1]_i_2/O
                         net (fo=15, routed)          0.469    13.527    u_soc/Core_cpu/u_ifu_subsys/u_icache/u_tag_way0/u_prim/ib_push_acc[0]
    SLICE_X31Y55         LUT2 (Prop_lut2_I1_O)        0.137    13.664 r  u_soc/Core_cpu/u_ifu_subsys/u_icache/u_tag_way0/u_prim/q_t0_idx[0]_i_7/O
                         net (fo=1, routed)           0.000    13.664    u_soc/Core_cpu/u_ifu_subsys/u_icache/u_tag_way0/u_prim/q_t0_idx[0]_i_7_n_2
    SLICE_X31Y55         CARRY4 (Prop_carry4_S[1]_CO[3])
                                                      0.267    13.931 r  u_soc/Core_cpu/u_ifu_subsys/u_icache/u_tag_way0/u_prim/q_t0_idx_reg[0]_i_2/CO[3]
                         net (fo=1, routed)           0.000    13.931    u_soc/Core_cpu/u_ifu_subsys/u_icache/u_tag_way0_n_133
    SLICE_X31Y56         CARRY4 (Prop_carry4_CI_O[1])
                                                      0.166    14.097 r  u_soc/Core_cpu/u_ifu_subsys/u_icache/q_t0_idx_reg[1]_i_2/O[1]
                         net (fo=2, routed)           0.223    14.320    u_soc/Core_cpu/u_ifu_subsys/u_btb/mem_q_reg_1[4]
    SLICE_X30Y56         LUT6 (Prop_lut6_I0_O)        0.123    14.443 r  u_soc/Core_cpu/u_ifu_subsys/u_btb/q_row_idx[0][2]_i_1/O
                         net (fo=58, routed)          1.208    15.651    u_soc/Core_cpu/u_ifu_subsys/u_icache/u_dat_way0/u_prim/rd_addr[2]
    RAMB36_X1Y5          RAMB36E1                                     r  u_soc/Core_cpu/u_ifu_subsys/u_icache/u_dat_way0/u_prim/mem_q_reg_0/ADDRARDADDR[8]
  -------------------------------------------------------------------    -------------------

                         (clock clk rise edge)       12.000    12.000 r  
    AE23                                              0.000    12.000 r  clk (IN)
                         net (fo=0)                   0.000    12.000    clk
    AE23                 IBUF (Prop_ibuf_I_O)         0.660    12.660 r  clk_IBUF_inst/O
                         net (fo=1, routed)           2.516    15.176    clk_IBUF
    BUFGCTRL_X0Y0        BUFG (Prop_bufg_I_O)         0.083    15.259 r  u_bufg/O
                         net (fo=5673, routed)        1.693    16.951    u_soc/Core_cpu/u_ifu_subsys/u_icache/u_dat_way0/u_prim/clk_buf
    RAMB36_X1Y5          RAMB36E1                                     r  u_soc/Core_cpu/u_ifu_subsys/u_icache/u_dat_way0/u_prim/mem_q_reg_0/CLKARDCLK
                         clock pessimism              0.237    17.188    
                         clock uncertainty           -0.035    17.153    
    RAMB36_X1Y5          RAMB36E1 (Setup_ramb36e1_CLKARDCLK_ADDRARDADDR[8])
                                                     -0.416    16.737    u_soc/Core_cpu/u_ifu_subsys/u_icache/u_dat_way0/u_prim/mem_q_reg_0
  -------------------------------------------------------------------
                         required time                         16.737    
                         arrival time                         -15.651    
  -------------------------------------------------------------------
                         slack                                  1.085    

Slack (MET) :             1.108ns  (required time - arrival time)
  Source:                 u_soc/Core_cpu/U_ID_EX/ex_csr_addr_reg[3]/C
                            (rising edge-triggered cell FDCE clocked by clk  {rise@0.000ns fall@6.000ns period=12.000ns})
  Destination:            u_soc/Core_cpu/u_ifu_subsys/g_tage.u_tage/q_row_tag_reg[3][4]/D
                            (rising edge-triggered cell FDRE clocked by clk  {rise@0.000ns fall@6.000ns period=12.000ns})
  Path Group:             clk
  Path Type:              Setup (Max at Slow Process Corner)
  Requirement:            12.000ns  (clk rise@12.000ns - clk rise@0.000ns)
  Data Path Delay:        10.955ns  (logic 2.585ns (23.597%)  route 8.370ns (76.403%))
  Logic Levels:           28  (CARRY4=7 LUT2=2 LUT3=4 LUT4=3 LUT5=3 LUT6=8 MUXF7=1)
  Clock Path Skew:        0.064ns (DCD - SCD + CPR)
    Destination Clock Delay (DCD):    4.927ns = ( 16.927 - 12.000 ) 
    Source Clock Delay      (SCD):    5.099ns
    Clock Pessimism Removal (CPR):    0.237ns
  Clock Uncertainty:      0.035ns  ((TSJ^2 + TIJ^2)^1/2 + DJ) / 2 + PE
    Total System Jitter     (TSJ):    0.071ns
    Total Input Jitter      (TIJ):    0.000ns
    Discrete Jitter          (DJ):    0.000ns
    Phase Error              (PE):    0.000ns

    Location             Delay type                Incr(ns)  Path(ns)    Netlist Resource(s)
  -------------------------------------------------------------------    -------------------
                         (clock clk rise edge)        0.000     0.000 r  
    AE23                                              0.000     0.000 r  clk (IN)
                         net (fo=0)                   0.000     0.000    clk
    AE23                 IBUF (Prop_ibuf_I_O)         0.734     0.734 r  clk_IBUF_inst/O
                         net (fo=1, routed)           2.651     3.385    clk_IBUF
    BUFGCTRL_X0Y0        BUFG (Prop_bufg_I_O)         0.093     3.478 r  u_bufg/O
                         net (fo=5673, routed)        1.621     5.099    u_soc/Core_cpu/U_ID_EX/clk_buf
    SLICE_X31Y71         FDCE                                         r  u_soc/Core_cpu/U_ID_EX/ex_csr_addr_reg[3]/C
  -------------------------------------------------------------------    -------------------
    SLICE_X31Y71         FDCE (Prop_fdce_C_Q)         0.223     5.322 f  u_soc/Core_cpu/U_ID_EX/ex_csr_addr_reg[3]/Q
                         net (fo=6, routed)           0.537     5.860    u_soc/Core_cpu/U_ID_EX/ex_csr_addr[3]
    SLICE_X25Y69         LUT3 (Prop_lut3_I1_O)        0.043     5.903 f  u_soc/Core_cpu/U_ID_EX/mcause[31]_i_5/O
                         net (fo=3, routed)           0.444     6.346    u_soc/Core_cpu/U_ID_EX/mcause[31]_i_5_n_2
    SLICE_X25Y68         LUT5 (Prop_lut5_I4_O)        0.051     6.397 r  u_soc/Core_cpu/U_ID_EX/mtvec[31]_i_12/O
                         net (fo=2, routed)           0.189     6.586    u_soc/Core_cpu/U_ID_EX/mtvec[31]_i_12_n_2
    SLICE_X25Y69         LUT6 (Prop_lut6_I0_O)        0.136     6.722 r  u_soc/Core_cpu/U_ID_EX/mtvec[31]_i_9/O
                         net (fo=27, routed)          0.429     7.151    u_soc/Core_cpu/U_ID_EX/ex_csr_addr_reg[0]_0
    SLICE_X28Y67         LUT6 (Prop_lut6_I1_O)        0.043     7.194 r  u_soc/Core_cpu/U_ID_EX/mscratch[1]_i_2/O
                         net (fo=3, routed)           0.494     7.688    u_soc/Core_cpu/U_ID_EX/csr_rdata[1]
    SLICE_X28Y61         LUT4 (Prop_lut4_I0_O)        0.051     7.739 r  u_soc/Core_cpu/U_ID_EX/alu_c_reg[1]_i_8/O
                         net (fo=15, routed)          0.366     8.105    u_soc/Core_cpu/U_ID_EX/ex_A_final[1]
    SLICE_X27Y61         LUT2 (Prop_lut2_I0_O)        0.136     8.241 f  u_soc/Core_cpu/U_ID_EX/alu_c_reg[1]_i_6/O
                         net (fo=6, routed)           0.391     8.632    u_soc/Core_cpu/U_ID_EX/alu_c_reg[3]_i_18_n_2
    SLICE_X31Y63         LUT3 (Prop_lut3_I2_O)        0.043     8.675 r  u_soc/Core_cpu/U_ID_EX/alu_c_reg[0]_i_43/O
                         net (fo=1, routed)           0.000     8.675    u_soc/Core_cpu/U_ID_EX/alu_c_reg[0]_i_43_n_2
    SLICE_X31Y63         CARRY4 (Prop_carry4_S[0]_CO[3])
                                                      0.259     8.934 r  u_soc/Core_cpu/U_ID_EX/alu_c_reg[0]_i_27/CO[3]
                         net (fo=1, routed)           0.000     8.934    u_soc/Core_cpu/U_ID_EX/alu_c_reg[0]_i_27_n_2
    SLICE_X31Y64         CARRY4 (Prop_carry4_CI_CO[3])
                                                      0.053     8.987 r  u_soc/Core_cpu/U_ID_EX/alu_c_reg[0]_i_17/CO[3]
                         net (fo=1, routed)           0.000     8.987    u_soc/Core_cpu/U_ID_EX/alu_c_reg[0]_i_17_n_2
    SLICE_X31Y65         CARRY4 (Prop_carry4_CI_CO[3])
                                                      0.053     9.040 r  u_soc/Core_cpu/U_ID_EX/alu_c_reg[0]_i_6/CO[3]
                         net (fo=1, routed)           0.000     9.040    u_soc/Core_cpu/U_ID_EX/alu_c_reg[0]_i_6_n_2
    SLICE_X31Y66         CARRY4 (Prop_carry4_CI_CO[3])
                                                      0.053     9.093 r  u_soc/Core_cpu/U_ID_EX/alu_c_reg[0]_i_3/CO[3]
                         net (fo=2, routed)           0.476     9.569    u_soc/Core_cpu/U_ID_EX/U_ALU/data9
    SLICE_X32Y67         LUT4 (Prop_lut4_I3_O)        0.043     9.612 f  u_soc/Core_cpu/U_ID_EX/u1_taken_i_3/O
                         net (fo=2, routed)           0.250     9.861    u_soc/Core_cpu/U_ID_EX/u1_taken_i_3_n_2
    SLICE_X34Y66         LUT6 (Prop_lut6_I4_O)        0.043     9.904 r  u_soc/Core_cpu/U_ID_EX/dat_q_reg_0_63_2_2_i_6/O
                         net (fo=34, routed)          0.590    10.494    u_soc/Core_cpu/U_ID_EX/dat_q_reg_0_63_2_2_i_6_n_2
    SLICE_X40Y64         LUT3 (Prop_lut3_I2_O)        0.049    10.543 f  u_soc/Core_cpu/U_ID_EX/q_row_idx[2][1]_i_10/O
                         net (fo=5, routed)           0.253    10.796    u_soc/Core_cpu/U_ID_EX/q_row_idx[2][1]_i_10_n_2
    SLICE_X40Y63         LUT6 (Prop_lut6_I0_O)        0.136    10.932 r  u_soc/Core_cpu/U_ID_EX/q_pc_q[1]_i_3/O
                         net (fo=2, routed)           0.246    11.178    u_soc/Core_cpu/U_ID_EX/actual_npc[0]
    SLICE_X38Y64         LUT6 (Prop_lut6_I5_O)        0.043    11.221 r  u_soc/Core_cpu/U_ID_EX/q_row_idx[2][1]_i_25/O
                         net (fo=1, routed)           0.000    11.221    u_soc/Core_cpu/U_ID_EX/q_row_idx[2][1]_i_25_n_2
    SLICE_X38Y64         CARRY4 (Prop_carry4_S[0]_CO[3])
                                                      0.246    11.467 r  u_soc/Core_cpu/U_ID_EX/q_row_idx_reg[2][1]_i_17/CO[3]
                         net (fo=1, routed)           0.000    11.467    u_soc/Core_cpu/U_ID_EX/q_row_idx_reg[2][1]_i_17_n_2
    SLICE_X38Y65         CARRY4 (Prop_carry4_CI_CO[3])
                                                      0.054    11.521 r  u_soc/Core_cpu/U_ID_EX/q_row_idx_reg[2][1]_i_13/CO[3]
                         net (fo=1, routed)           0.000    11.521    u_soc/Core_cpu/U_ID_EX/q_row_idx_reg[2][1]_i_13_n_2
    SLICE_X38Y66         CARRY4 (Prop_carry4_CI_CO[2])
                                                      0.110    11.631 f  u_soc/Core_cpu/U_ID_EX/q_row_idx_reg[2][1]_i_12/CO[2]
                         net (fo=4, routed)           0.379    12.010    u_soc/Core_cpu/U_ID_EX/mispredict0
    SLICE_X39Y59         LUT2 (Prop_lut2_I0_O)        0.128    12.138 f  u_soc/Core_cpu/U_ID_EX/cnt_q[4]_i_10/O
                         net (fo=1, routed)           0.229    12.367    u_soc/Core_cpu/U_ID_EX/cnt_q[4]_i_10_n_2
    SLICE_X39Y58         LUT6 (Prop_lut6_I2_O)        0.043    12.410 r  u_soc/Core_cpu/U_ID_EX/cnt_q[4]_i_8/O
                         net (fo=5, routed)           0.241    12.651    u_soc/Core_cpu/u_ifu_subsys/u_btb/push_num1
    SLICE_X39Y57         LUT6 (Prop_lut6_I0_O)        0.043    12.694 r  u_soc/Core_cpu/u_ifu_subsys/u_btb/cnt_q[4]_i_6/O
                         net (fo=1, routed)           0.360    13.054    u_soc/Core_cpu/u_ifu_subsys/u_ibuf/push_num[2]
    SLICE_X39Y57         LUT3 (Prop_lut3_I1_O)        0.051    13.105 r  u_soc/Core_cpu/u_ifu_subsys/u_ibuf/cnt_q[4]_i_4/O
                         net (fo=912, routed)         0.598    13.703    u_soc/Core_cpu/u_ifu_subsys/u_btb/ib_push_acc[2]
    SLICE_X32Y52         LUT5 (Prop_lut5_I4_O)        0.135    13.838 r  u_soc/Core_cpu/u_ifu_subsys/u_btb/ghr_q[13]_i_8/O
                         net (fo=22, routed)          0.707    14.545    u_soc/Core_cpu/u_ifu_subsys/u_ibuf/ghr_q_reg[4]_0
    SLICE_X31Y43         LUT4 (Prop_lut4_I1_O)        0.043    14.588 r  u_soc/Core_cpu/u_ifu_subsys/u_ibuf/ghr_q[13]_i_3/O
                         net (fo=21, routed)          0.657    15.245    u_soc/Core_cpu/u_ifu_subsys/u_ibuf/q_pc_q_reg[2]_rep_0[0]
    SLICE_X27Y41         LUT6 (Prop_lut6_I2_O)        0.043    15.288 r  u_soc/Core_cpu/u_ifu_subsys/u_ibuf/q_row_idx[2][1]_i_2/O
                         net (fo=3, routed)           0.000    15.288    u_soc/Core_cpu/U_ID_EX/q_row_tag_reg[3][4]
    SLICE_X27Y41         MUXF7 (Prop_muxf7_I0_O)      0.107    15.395 r  u_soc/Core_cpu/U_ID_EX/q_row_idx_reg[3][1]_i_2/O
                         net (fo=2, routed)           0.535    15.930    u_soc/Core_cpu/U_ID_EX/q_row_idx_reg[3][1]_i_2_n_2
    SLICE_X28Y40         LUT5 (Prop_lut5_I1_O)        0.124    16.054 r  u_soc/Core_cpu/U_ID_EX/q_row_tag[3][4]_i_1/O
                         net (fo=1, routed)           0.000    16.054    u_soc/Core_cpu/u_ifu_subsys/g_tage.u_tage/q_row_tag_reg[3][5]_0[4]
    SLICE_X28Y40         FDRE                                         r  u_soc/Core_cpu/u_ifu_subsys/g_tage.u_tage/q_row_tag_reg[3][4]/D
  -------------------------------------------------------------------    -------------------

                         (clock clk rise edge)       12.000    12.000 r  
    AE23                                              0.000    12.000 r  clk (IN)
                         net (fo=0)                   0.000    12.000    clk
    AE23                 IBUF (Prop_ibuf_I_O)         0.660    12.660 r  clk_IBUF_inst/O
                         net (fo=1, routed)           2.516    15.176    clk_IBUF
    BUFGCTRL_X0Y0        BUFG (Prop_bufg_I_O)         0.083    15.259 r  u_bufg/O
                         net (fo=5673, routed)        1.668    16.927    u_soc/Core_cpu/u_ifu_subsys/g_tage.u_tage/clk_buf
    SLICE_X28Y40         FDRE                                         r  u_soc/Core_cpu/u_ifu_subsys/g_tage.u_tage/q_row_tag_reg[3][4]/C
                         clock pessimism              0.237    17.163    
                         clock uncertainty           -0.035    17.128    
    SLICE_X28Y40         FDRE (Setup_fdre_C_D)        0.034    17.162    u_soc/Core_cpu/u_ifu_subsys/g_tage.u_tage/q_row_tag_reg[3][4]
  -------------------------------------------------------------------
                         required time                         17.162    
                         arrival time                         -16.054    
  -------------------------------------------------------------------
                         slack                                  1.108    

Slack (MET) :             1.126ns  (required time - arrival time)
  Source:                 u_soc/Core_cpu/U_ID_EX/ex_csr_addr_reg[3]/C
                            (rising edge-triggered cell FDCE clocked by clk  {rise@0.000ns fall@6.000ns period=12.000ns})
  Destination:            u_soc/Core_cpu/u_ifu_subsys/u_icache/u_dat_way0/u_prim/mem_q_reg_0/ADDRARDADDR[10]
                            (rising edge-triggered cell RAMB36E1 clocked by clk  {rise@0.000ns fall@6.000ns period=12.000ns})
  Path Group:             clk
  Path Type:              Setup (Max at Slow Process Corner)
  Requirement:            12.000ns  (clk rise@12.000ns - clk rise@0.000ns)
  Data Path Delay:        10.511ns  (logic 2.809ns (26.724%)  route 7.702ns (73.276%))
  Logic Levels:           27  (CARRY4=9 LUT2=3 LUT3=3 LUT4=3 LUT5=1 LUT6=8)
  Clock Path Skew:        0.089ns (DCD - SCD + CPR)
    Destination Clock Delay (DCD):    4.951ns = ( 16.951 - 12.000 ) 
    Source Clock Delay      (SCD):    5.099ns
    Clock Pessimism Removal (CPR):    0.237ns
  Clock Uncertainty:      0.035ns  ((TSJ^2 + TIJ^2)^1/2 + DJ) / 2 + PE
    Total System Jitter     (TSJ):    0.071ns
    Total Input Jitter      (TIJ):    0.000ns
    Discrete Jitter          (DJ):    0.000ns
    Phase Error              (PE):    0.000ns

    Location             Delay type                Incr(ns)  Path(ns)    Netlist Resource(s)
  -------------------------------------------------------------------    -------------------
                         (clock clk rise edge)        0.000     0.000 r  
    AE23                                              0.000     0.000 r  clk (IN)
                         net (fo=0)                   0.000     0.000    clk
    AE23                 IBUF (Prop_ibuf_I_O)         0.734     0.734 r  clk_IBUF_inst/O
                         net (fo=1, routed)           2.651     3.385    clk_IBUF
    BUFGCTRL_X0Y0        BUFG (Prop_bufg_I_O)         0.093     3.478 r  u_bufg/O
                         net (fo=5673, routed)        1.621     5.099    u_soc/Core_cpu/U_ID_EX/clk_buf
    SLICE_X31Y71         FDCE                                         r  u_soc/Core_cpu/U_ID_EX/ex_csr_addr_reg[3]/C
  -------------------------------------------------------------------    -------------------
    SLICE_X31Y71         FDCE (Prop_fdce_C_Q)         0.223     5.322 f  u_soc/Core_cpu/U_ID_EX/ex_csr_addr_reg[3]/Q
                         net (fo=6, routed)           0.537     5.860    u_soc/Core_cpu/U_ID_EX/ex_csr_addr[3]
    SLICE_X25Y69         LUT3 (Prop_lut3_I1_O)        0.043     5.903 f  u_soc/Core_cpu/U_ID_EX/mcause[31]_i_5/O
                         net (fo=3, routed)           0.444     6.346    u_soc/Core_cpu/U_ID_EX/mcause[31]_i_5_n_2
    SLICE_X25Y68         LUT5 (Prop_lut5_I4_O)        0.051     6.397 r  u_soc/Core_cpu/U_ID_EX/mtvec[31]_i_12/O
                         net (fo=2, routed)           0.189     6.586    u_soc/Core_cpu/U_ID_EX/mtvec[31]_i_12_n_2
    SLICE_X25Y69         LUT6 (Prop_lut6_I0_O)        0.136     6.722 r  u_soc/Core_cpu/U_ID_EX/mtvec[31]_i_9/O
                         net (fo=27, routed)          0.429     7.151    u_soc/Core_cpu/U_ID_EX/ex_csr_addr_reg[0]_0
    SLICE_X28Y67         LUT6 (Prop_lut6_I1_O)        0.043     7.194 r  u_soc/Core_cpu/U_ID_EX/mscratch[1]_i_2/O
                         net (fo=3, routed)           0.494     7.688    u_soc/Core_cpu/U_ID_EX/csr_rdata[1]
    SLICE_X28Y61         LUT4 (Prop_lut4_I0_O)        0.051     7.739 r  u_soc/Core_cpu/U_ID_EX/alu_c_reg[1]_i_8/O
                         net (fo=15, routed)          0.366     8.105    u_soc/Core_cpu/U_ID_EX/ex_A_final[1]
    SLICE_X27Y61         LUT2 (Prop_lut2_I0_O)        0.136     8.241 f  u_soc/Core_cpu/U_ID_EX/alu_c_reg[1]_i_6/O
                         net (fo=6, routed)           0.391     8.632    u_soc/Core_cpu/U_ID_EX/alu_c_reg[3]_i_18_n_2
    SLICE_X31Y63         LUT3 (Prop_lut3_I2_O)        0.043     8.675 r  u_soc/Core_cpu/U_ID_EX/alu_c_reg[0]_i_43/O
                         net (fo=1, routed)           0.000     8.675    u_soc/Core_cpu/U_ID_EX/alu_c_reg[0]_i_43_n_2
    SLICE_X31Y63         CARRY4 (Prop_carry4_S[0]_CO[3])
                                                      0.259     8.934 r  u_soc/Core_cpu/U_ID_EX/alu_c_reg[0]_i_27/CO[3]
                         net (fo=1, routed)           0.000     8.934    u_soc/Core_cpu/U_ID_EX/alu_c_reg[0]_i_27_n_2
    SLICE_X31Y64         CARRY4 (Prop_carry4_CI_CO[3])
                                                      0.053     8.987 r  u_soc/Core_cpu/U_ID_EX/alu_c_reg[0]_i_17/CO[3]
                         net (fo=1, routed)           0.000     8.987    u_soc/Core_cpu/U_ID_EX/alu_c_reg[0]_i_17_n_2
    SLICE_X31Y65         CARRY4 (Prop_carry4_CI_CO[3])
                                                      0.053     9.040 r  u_soc/Core_cpu/U_ID_EX/alu_c_reg[0]_i_6/CO[3]
                         net (fo=1, routed)           0.000     9.040    u_soc/Core_cpu/U_ID_EX/alu_c_reg[0]_i_6_n_2
    SLICE_X31Y66         CARRY4 (Prop_carry4_CI_CO[3])
                                                      0.053     9.093 r  u_soc/Core_cpu/U_ID_EX/alu_c_reg[0]_i_3/CO[3]
                         net (fo=2, routed)           0.476     9.569    u_soc/Core_cpu/U_ID_EX/U_ALU/data9
    SLICE_X32Y67         LUT4 (Prop_lut4_I3_O)        0.043     9.612 f  u_soc/Core_cpu/U_ID_EX/u1_taken_i_3/O
                         net (fo=2, routed)           0.250     9.861    u_soc/Core_cpu/U_ID_EX/u1_taken_i_3_n_2
    SLICE_X34Y66         LUT6 (Prop_lut6_I4_O)        0.043     9.904 r  u_soc/Core_cpu/U_ID_EX/dat_q_reg_0_63_2_2_i_6/O
                         net (fo=34, routed)          0.590    10.494    u_soc/Core_cpu/U_ID_EX/dat_q_reg_0_63_2_2_i_6_n_2
    SLICE_X40Y64         LUT3 (Prop_lut3_I2_O)        0.049    10.543 f  u_soc/Core_cpu/U_ID_EX/q_row_idx[2][1]_i_10/O
                         net (fo=5, routed)           0.253    10.796    u_soc/Core_cpu/U_ID_EX/q_row_idx[2][1]_i_10_n_2
    SLICE_X40Y63         LUT6 (Prop_lut6_I0_O)        0.136    10.932 r  u_soc/Core_cpu/U_ID_EX/q_pc_q[1]_i_3/O
                         net (fo=2, routed)           0.246    11.178    u_soc/Core_cpu/U_ID_EX/actual_npc[0]
    SLICE_X38Y64         LUT6 (Prop_lut6_I5_O)        0.043    11.221 r  u_soc/Core_cpu/U_ID_EX/q_row_idx[2][1]_i_25/O
                         net (fo=1, routed)           0.000    11.221    u_soc/Core_cpu/U_ID_EX/q_row_idx[2][1]_i_25_n_2
    SLICE_X38Y64         CARRY4 (Prop_carry4_S[0]_CO[3])
                                                      0.246    11.467 r  u_soc/Core_cpu/U_ID_EX/q_row_idx_reg[2][1]_i_17/CO[3]
                         net (fo=1, routed)           0.000    11.467    u_soc/Core_cpu/U_ID_EX/q_row_idx_reg[2][1]_i_17_n_2
    SLICE_X38Y65         CARRY4 (Prop_carry4_CI_CO[3])
                                                      0.054    11.521 r  u_soc/Core_cpu/U_ID_EX/q_row_idx_reg[2][1]_i_13/CO[3]
                         net (fo=1, routed)           0.000    11.521    u_soc/Core_cpu/U_ID_EX/q_row_idx_reg[2][1]_i_13_n_2
    SLICE_X38Y66         CARRY4 (Prop_carry4_CI_CO[2])
                                                      0.110    11.631 f  u_soc/Core_cpu/U_ID_EX/q_row_idx_reg[2][1]_i_12/CO[2]
                         net (fo=4, routed)           0.379    12.010    u_soc/Core_cpu/U_ID_EX/mispredict0
    SLICE_X39Y59         LUT2 (Prop_lut2_I0_O)        0.128    12.138 f  u_soc/Core_cpu/U_ID_EX/cnt_q[4]_i_10/O
                         net (fo=1, routed)           0.229    12.367    u_soc/Core_cpu/U_ID_EX/cnt_q[4]_i_10_n_2
    SLICE_X39Y58         LUT6 (Prop_lut6_I2_O)        0.043    12.410 r  u_soc/Core_cpu/U_ID_EX/cnt_q[4]_i_8/O
                         net (fo=5, routed)           0.203    12.612    u_soc/Core_cpu/u_ifu_subsys/u_btb/push_num1
    SLICE_X41Y58         LUT6 (Prop_lut6_I5_O)        0.043    12.655 r  u_soc/Core_cpu/u_ifu_subsys/u_btb/cnt_q[1]_i_5/O
                         net (fo=2, routed)           0.349    13.004    u_soc/Core_cpu/u_ifu_subsys/u_ibuf/cnt_q_reg[0]_0
    SLICE_X40Y58         LUT4 (Prop_lut4_I3_O)        0.054    13.058 r  u_soc/Core_cpu/u_ifu_subsys/u_ibuf/cnt_q[1]_i_2/O
                         net (fo=15, routed)          0.469    13.527    u_soc/Core_cpu/u_ifu_subsys/u_icache/u_tag_way0/u_prim/ib_push_acc[0]
    SLICE_X31Y55         LUT2 (Prop_lut2_I1_O)        0.137    13.664 r  u_soc/Core_cpu/u_ifu_subsys/u_icache/u_tag_way0/u_prim/q_t0_idx[0]_i_7/O
                         net (fo=1, routed)           0.000    13.664    u_soc/Core_cpu/u_ifu_subsys/u_icache/u_tag_way0/u_prim/q_t0_idx[0]_i_7_n_2
    SLICE_X31Y55         CARRY4 (Prop_carry4_S[1]_CO[3])
                                                      0.267    13.931 r  u_soc/Core_cpu/u_ifu_subsys/u_icache/u_tag_way0/u_prim/q_t0_idx_reg[0]_i_2/CO[3]
                         net (fo=1, routed)           0.000    13.931    u_soc/Core_cpu/u_ifu_subsys/u_icache/u_tag_way0_n_133
    SLICE_X31Y56         CARRY4 (Prop_carry4_CI_O[3])
                                                      0.149    14.080 r  u_soc/Core_cpu/u_ifu_subsys/u_icache/q_t0_idx_reg[1]_i_2/O[3]
                         net (fo=2, routed)           0.246    14.326    u_soc/Core_cpu/u_ifu_subsys/u_btb/mem_q_reg_1[6]
    SLICE_X30Y57         LUT6 (Prop_lut6_I0_O)        0.120    14.446 r  u_soc/Core_cpu/u_ifu_subsys/u_btb/q_row_idx[0][4]_i_1/O
                         net (fo=57, routed)          1.165    15.611    u_soc/Core_cpu/u_ifu_subsys/u_icache/u_dat_way0/u_prim/rd_addr[4]
    RAMB36_X1Y5          RAMB36E1                                     r  u_soc/Core_cpu/u_ifu_subsys/u_icache/u_dat_way0/u_prim/mem_q_reg_0/ADDRARDADDR[10]
  -------------------------------------------------------------------    -------------------

                         (clock clk rise edge)       12.000    12.000 r  
    AE23                                              0.000    12.000 r  clk (IN)
                         net (fo=0)                   0.000    12.000    clk
    AE23                 IBUF (Prop_ibuf_I_O)         0.660    12.660 r  clk_IBUF_inst/O
                         net (fo=1, routed)           2.516    15.176    clk_IBUF
    BUFGCTRL_X0Y0        BUFG (Prop_bufg_I_O)         0.083    15.259 r  u_bufg/O
                         net (fo=5673, routed)        1.693    16.951    u_soc/Core_cpu/u_ifu_subsys/u_icache/u_dat_way0/u_prim/clk_buf
    RAMB36_X1Y5          RAMB36E1                                     r  u_soc/Core_cpu/u_ifu_subsys/u_icache/u_dat_way0/u_prim/mem_q_reg_0/CLKARDCLK
                         clock pessimism              0.237    17.188    
                         clock uncertainty           -0.035    17.153    
    RAMB36_X1Y5          RAMB36E1 (Setup_ramb36e1_CLKARDCLK_ADDRARDADDR[10])
                                                     -0.416    16.737    u_soc/Core_cpu/u_ifu_subsys/u_icache/u_dat_way0/u_prim/mem_q_reg_0
  -------------------------------------------------------------------
                         required time                         16.737    
                         arrival time                         -15.611    
  -------------------------------------------------------------------
                         slack                                  1.126    

Slack (MET) :             1.184ns  (required time - arrival time)
  Source:                 u_soc/Core_cpu/U_ID_EX/ex_csr_addr_reg[3]/C
                            (rising edge-triggered cell FDCE clocked by clk  {rise@0.000ns fall@6.000ns period=12.000ns})
  Destination:            u_soc/Core_cpu/u_ifu_subsys/g_tage.u_tage/q_row_tag_reg[3][3]/D
                            (rising edge-triggered cell FDRE clocked by clk  {rise@0.000ns fall@6.000ns period=12.000ns})
  Path Group:             clk
  Path Type:              Setup (Max at Slow Process Corner)
  Requirement:            12.000ns  (clk rise@12.000ns - clk rise@0.000ns)
  Data Path Delay:        10.879ns  (logic 2.585ns (23.761%)  route 8.294ns (76.239%))
  Logic Levels:           28  (CARRY4=7 LUT2=2 LUT3=4 LUT4=3 LUT5=3 LUT6=8 MUXF7=1)
  Clock Path Skew:        0.065ns (DCD - SCD + CPR)
    Destination Clock Delay (DCD):    4.928ns = ( 16.928 - 12.000 ) 
    Source Clock Delay      (SCD):    5.099ns
    Clock Pessimism Removal (CPR):    0.237ns
  Clock Uncertainty:      0.035ns  ((TSJ^2 + TIJ^2)^1/2 + DJ) / 2 + PE
    Total System Jitter     (TSJ):    0.071ns
    Total Input Jitter      (TIJ):    0.000ns
    Discrete Jitter          (DJ):    0.000ns
    Phase Error              (PE):    0.000ns

    Location             Delay type                Incr(ns)  Path(ns)    Netlist Resource(s)
  -------------------------------------------------------------------    -------------------
                         (clock clk rise edge)        0.000     0.000 r  
    AE23                                              0.000     0.000 r  clk (IN)
                         net (fo=0)                   0.000     0.000    clk
    AE23                 IBUF (Prop_ibuf_I_O)         0.734     0.734 r  clk_IBUF_inst/O
                         net (fo=1, routed)           2.651     3.385    clk_IBUF
    BUFGCTRL_X0Y0        BUFG (Prop_bufg_I_O)         0.093     3.478 r  u_bufg/O
                         net (fo=5673, routed)        1.621     5.099    u_soc/Core_cpu/U_ID_EX/clk_buf
    SLICE_X31Y71         FDCE                                         r  u_soc/Core_cpu/U_ID_EX/ex_csr_addr_reg[3]/C
  -------------------------------------------------------------------    -------------------
    SLICE_X31Y71         FDCE (Prop_fdce_C_Q)         0.223     5.322 f  u_soc/Core_cpu/U_ID_EX/ex_csr_addr_reg[3]/Q
                         net (fo=6, routed)           0.537     5.860    u_soc/Core_cpu/U_ID_EX/ex_csr_addr[3]
    SLICE_X25Y69         LUT3 (Prop_lut3_I1_O)        0.043     5.903 f  u_soc/Core_cpu/U_ID_EX/mcause[31]_i_5/O
                         net (fo=3, routed)           0.444     6.346    u_soc/Core_cpu/U_ID_EX/mcause[31]_i_5_n_2
    SLICE_X25Y68         LUT5 (Prop_lut5_I4_O)        0.051     6.397 r  u_soc/Core_cpu/U_ID_EX/mtvec[31]_i_12/O
                         net (fo=2, routed)           0.189     6.586    u_soc/Core_cpu/U_ID_EX/mtvec[31]_i_12_n_2
    SLICE_X25Y69         LUT6 (Prop_lut6_I0_O)        0.136     6.722 r  u_soc/Core_cpu/U_ID_EX/mtvec[31]_i_9/O
                         net (fo=27, routed)          0.429     7.151    u_soc/Core_cpu/U_ID_EX/ex_csr_addr_reg[0]_0
    SLICE_X28Y67         LUT6 (Prop_lut6_I1_O)        0.043     7.194 r  u_soc/Core_cpu/U_ID_EX/mscratch[1]_i_2/O
                         net (fo=3, routed)           0.494     7.688    u_soc/Core_cpu/U_ID_EX/csr_rdata[1]
    SLICE_X28Y61         LUT4 (Prop_lut4_I0_O)        0.051     7.739 r  u_soc/Core_cpu/U_ID_EX/alu_c_reg[1]_i_8/O
                         net (fo=15, routed)          0.366     8.105    u_soc/Core_cpu/U_ID_EX/ex_A_final[1]
    SLICE_X27Y61         LUT2 (Prop_lut2_I0_O)        0.136     8.241 f  u_soc/Core_cpu/U_ID_EX/alu_c_reg[1]_i_6/O
                         net (fo=6, routed)           0.391     8.632    u_soc/Core_cpu/U_ID_EX/alu_c_reg[3]_i_18_n_2
    SLICE_X31Y63         LUT3 (Prop_lut3_I2_O)        0.043     8.675 r  u_soc/Core_cpu/U_ID_EX/alu_c_reg[0]_i_43/O
                         net (fo=1, routed)           0.000     8.675    u_soc/Core_cpu/U_ID_EX/alu_c_reg[0]_i_43_n_2
    SLICE_X31Y63         CARRY4 (Prop_carry4_S[0]_CO[3])
                                                      0.259     8.934 r  u_soc/Core_cpu/U_ID_EX/alu_c_reg[0]_i_27/CO[3]
                         net (fo=1, routed)           0.000     8.934    u_soc/Core_cpu/U_ID_EX/alu_c_reg[0]_i_27_n_2
    SLICE_X31Y64         CARRY4 (Prop_carry4_CI_CO[3])
                                                      0.053     8.987 r  u_soc/Core_cpu/U_ID_EX/alu_c_reg[0]_i_17/CO[3]
                         net (fo=1, routed)           0.000     8.987    u_soc/Core_cpu/U_ID_EX/alu_c_reg[0]_i_17_n_2
    SLICE_X31Y65         CARRY4 (Prop_carry4_CI_CO[3])
                                                      0.053     9.040 r  u_soc/Core_cpu/U_ID_EX/alu_c_reg[0]_i_6/CO[3]
                         net (fo=1, routed)           0.000     9.040    u_soc/Core_cpu/U_ID_EX/alu_c_reg[0]_i_6_n_2
    SLICE_X31Y66         CARRY4 (Prop_carry4_CI_CO[3])
                                                      0.053     9.093 r  u_soc/Core_cpu/U_ID_EX/alu_c_reg[0]_i_3/CO[3]
                         net (fo=2, routed)           0.476     9.569    u_soc/Core_cpu/U_ID_EX/U_ALU/data9
    SLICE_X32Y67         LUT4 (Prop_lut4_I3_O)        0.043     9.612 f  u_soc/Core_cpu/U_ID_EX/u1_taken_i_3/O
                         net (fo=2, routed)           0.250     9.861    u_soc/Core_cpu/U_ID_EX/u1_taken_i_3_n_2
    SLICE_X34Y66         LUT6 (Prop_lut6_I4_O)        0.043     9.904 r  u_soc/Core_cpu/U_ID_EX/dat_q_reg_0_63_2_2_i_6/O
                         net (fo=34, routed)          0.590    10.494    u_soc/Core_cpu/U_ID_EX/dat_q_reg_0_63_2_2_i_6_n_2
    SLICE_X40Y64         LUT3 (Prop_lut3_I2_O)        0.049    10.543 f  u_soc/Core_cpu/U_ID_EX/q_row_idx[2][1]_i_10/O
                         net (fo=5, routed)           0.253    10.796    u_soc/Core_cpu/U_ID_EX/q_row_idx[2][1]_i_10_n_2
    SLICE_X40Y63         LUT6 (Prop_lut6_I0_O)        0.136    10.932 r  u_soc/Core_cpu/U_ID_EX/q_pc_q[1]_i_3/O
                         net (fo=2, routed)           0.246    11.178    u_soc/Core_cpu/U_ID_EX/actual_npc[0]
    SLICE_X38Y64         LUT6 (Prop_lut6_I5_O)        0.043    11.221 r  u_soc/Core_cpu/U_ID_EX/q_row_idx[2][1]_i_25/O
                         net (fo=1, routed)           0.000    11.221    u_soc/Core_cpu/U_ID_EX/q_row_idx[2][1]_i_25_n_2
    SLICE_X38Y64         CARRY4 (Prop_carry4_S[0]_CO[3])
                                                      0.246    11.467 r  u_soc/Core_cpu/U_ID_EX/q_row_idx_reg[2][1]_i_17/CO[3]
                         net (fo=1, routed)           0.000    11.467    u_soc/Core_cpu/U_ID_EX/q_row_idx_reg[2][1]_i_17_n_2
    SLICE_X38Y65         CARRY4 (Prop_carry4_CI_CO[3])
                                                      0.054    11.521 r  u_soc/Core_cpu/U_ID_EX/q_row_idx_reg[2][1]_i_13/CO[3]
                         net (fo=1, routed)           0.000    11.521    u_soc/Core_cpu/U_ID_EX/q_row_idx_reg[2][1]_i_13_n_2
    SLICE_X38Y66         CARRY4 (Prop_carry4_CI_CO[2])
                                                      0.110    11.631 f  u_soc/Core_cpu/U_ID_EX/q_row_idx_reg[2][1]_i_12/CO[2]
                         net (fo=4, routed)           0.379    12.010    u_soc/Core_cpu/U_ID_EX/mispredict0
    SLICE_X39Y59         LUT2 (Prop_lut2_I0_O)        0.128    12.138 f  u_soc/Core_cpu/U_ID_EX/cnt_q[4]_i_10/O
                         net (fo=1, routed)           0.229    12.367    u_soc/Core_cpu/U_ID_EX/cnt_q[4]_i_10_n_2
    SLICE_X39Y58         LUT6 (Prop_lut6_I2_O)        0.043    12.410 r  u_soc/Core_cpu/U_ID_EX/cnt_q[4]_i_8/O
                         net (fo=5, routed)           0.241    12.651    u_soc/Core_cpu/u_ifu_subsys/u_btb/push_num1
    SLICE_X39Y57         LUT6 (Prop_lut6_I0_O)        0.043    12.694 r  u_soc/Core_cpu/u_ifu_subsys/u_btb/cnt_q[4]_i_6/O
                         net (fo=1, routed)           0.360    13.054    u_soc/Core_cpu/u_ifu_subsys/u_ibuf/push_num[2]
    SLICE_X39Y57         LUT3 (Prop_lut3_I1_O)        0.051    13.105 r  u_soc/Core_cpu/u_ifu_subsys/u_ibuf/cnt_q[4]_i_4/O
                         net (fo=912, routed)         0.598    13.703    u_soc/Core_cpu/u_ifu_subsys/u_btb/ib_push_acc[2]
    SLICE_X32Y52         LUT5 (Prop_lut5_I4_O)        0.135    13.838 r  u_soc/Core_cpu/u_ifu_subsys/u_btb/ghr_q[13]_i_8/O
                         net (fo=22, routed)          0.707    14.545    u_soc/Core_cpu/u_ifu_subsys/u_ibuf/ghr_q_reg[4]_0
    SLICE_X31Y43         LUT4 (Prop_lut4_I1_O)        0.043    14.588 r  u_soc/Core_cpu/u_ifu_subsys/u_ibuf/ghr_q[13]_i_3/O
                         net (fo=21, routed)          0.682    15.270    u_soc/Core_cpu/u_ifu_subsys/u_ibuf/q_pc_q_reg[2]_rep_0[0]
    SLICE_X26Y41         LUT6 (Prop_lut6_I2_O)        0.043    15.313 r  u_soc/Core_cpu/u_ifu_subsys/u_ibuf/q_row_idx[3][0]_i_4/O
                         net (fo=1, routed)           0.000    15.313    u_soc/Core_cpu/U_ID_EX/q_row_tag_reg[3][3]_0
    SLICE_X26Y41         MUXF7 (Prop_muxf7_I0_O)      0.107    15.420 r  u_soc/Core_cpu/U_ID_EX/q_row_idx_reg[3][0]_i_2/O
                         net (fo=2, routed)           0.435    15.855    u_soc/Core_cpu/U_ID_EX/q_row_idx_reg[3][0]_i_2_n_2
    SLICE_X25Y41         LUT5 (Prop_lut5_I0_O)        0.124    15.979 r  u_soc/Core_cpu/U_ID_EX/q_row_tag[3][3]_i_1/O
                         net (fo=1, routed)           0.000    15.979    u_soc/Core_cpu/u_ifu_subsys/g_tage.u_tage/q_row_tag_reg[3][5]_0[3]
    SLICE_X25Y41         FDRE                                         r  u_soc/Core_cpu/u_ifu_subsys/g_tage.u_tage/q_row_tag_reg[3][3]/D
  -------------------------------------------------------------------    -------------------

                         (clock clk rise edge)       12.000    12.000 r  
    AE23                                              0.000    12.000 r  clk (IN)
                         net (fo=0)                   0.000    12.000    clk
    AE23                 IBUF (Prop_ibuf_I_O)         0.660    12.660 r  clk_IBUF_inst/O
                         net (fo=1, routed)           2.516    15.176    clk_IBUF
    BUFGCTRL_X0Y0        BUFG (Prop_bufg_I_O)         0.083    15.259 r  u_bufg/O
                         net (fo=5673, routed)        1.669    16.928    u_soc/Core_cpu/u_ifu_subsys/g_tage.u_tage/clk_buf
    SLICE_X25Y41         FDRE                                         r  u_soc/Core_cpu/u_ifu_subsys/g_tage.u_tage/q_row_tag_reg[3][3]/C
                         clock pessimism              0.237    17.164    
                         clock uncertainty           -0.035    17.129    
    SLICE_X25Y41         FDRE (Setup_fdre_C_D)        0.034    17.163    u_soc/Core_cpu/u_ifu_subsys/g_tage.u_tage/q_row_tag_reg[3][3]
  -------------------------------------------------------------------
                         required time                         17.163    
                         arrival time                         -15.979    
  -------------------------------------------------------------------
                         slack                                  1.184    

Slack (MET) :             1.192ns  (required time - arrival time)
  Source:                 u_soc/Core_cpu/U_ID_EX/ex_csr_addr_reg[3]/C
                            (rising edge-triggered cell FDCE clocked by clk  {rise@0.000ns fall@6.000ns period=12.000ns})
  Destination:            u_soc/Core_cpu/u_ifu_subsys/g_tage.u_tage/q_row_tag_reg[1][3]/D
                            (rising edge-triggered cell FDRE clocked by clk  {rise@0.000ns fall@6.000ns period=12.000ns})
  Path Group:             clk
  Path Type:              Setup (Max at Slow Process Corner)
  Requirement:            12.000ns  (clk rise@12.000ns - clk rise@0.000ns)
  Data Path Delay:        10.738ns  (logic 2.408ns (22.425%)  route 8.330ns (77.575%))
  Logic Levels:           27  (CARRY4=7 LUT2=3 LUT3=4 LUT4=2 LUT5=4 LUT6=7)
  Clock Path Skew:        0.066ns (DCD - SCD + CPR)
    Destination Clock Delay (DCD):    4.929ns = ( 16.929 - 12.000 ) 
    Source Clock Delay      (SCD):    5.099ns
    Clock Pessimism Removal (CPR):    0.237ns
  Clock Uncertainty:      0.035ns  ((TSJ^2 + TIJ^2)^1/2 + DJ) / 2 + PE
    Total System Jitter     (TSJ):    0.071ns
    Total Input Jitter      (TIJ):    0.000ns
    Discrete Jitter          (DJ):    0.000ns
    Phase Error              (PE):    0.000ns

    Location             Delay type                Incr(ns)  Path(ns)    Netlist Resource(s)
  -------------------------------------------------------------------    -------------------
                         (clock clk rise edge)        0.000     0.000 r  
    AE23                                              0.000     0.000 r  clk (IN)
                         net (fo=0)                   0.000     0.000    clk
    AE23                 IBUF (Prop_ibuf_I_O)         0.734     0.734 r  clk_IBUF_inst/O
                         net (fo=1, routed)           2.651     3.385    clk_IBUF
    BUFGCTRL_X0Y0        BUFG (Prop_bufg_I_O)         0.093     3.478 r  u_bufg/O
                         net (fo=5673, routed)        1.621     5.099    u_soc/Core_cpu/U_ID_EX/clk_buf
    SLICE_X31Y71         FDCE                                         r  u_soc/Core_cpu/U_ID_EX/ex_csr_addr_reg[3]/C
  -------------------------------------------------------------------    -------------------
    SLICE_X31Y71         FDCE (Prop_fdce_C_Q)         0.223     5.322 f  u_soc/Core_cpu/U_ID_EX/ex_csr_addr_reg[3]/Q
                         net (fo=6, routed)           0.537     5.860    u_soc/Core_cpu/U_ID_EX/ex_csr_addr[3]
    SLICE_X25Y69         LUT3 (Prop_lut3_I1_O)        0.043     5.903 f  u_soc/Core_cpu/U_ID_EX/mcause[31]_i_5/O
                         net (fo=3, routed)           0.444     6.346    u_soc/Core_cpu/U_ID_EX/mcause[31]_i_5_n_2
    SLICE_X25Y68         LUT5 (Prop_lut5_I4_O)        0.051     6.397 r  u_soc/Core_cpu/U_ID_EX/mtvec[31]_i_12/O
                         net (fo=2, routed)           0.189     6.586    u_soc/Core_cpu/U_ID_EX/mtvec[31]_i_12_n_2
    SLICE_X25Y69         LUT6 (Prop_lut6_I0_O)        0.136     6.722 r  u_soc/Core_cpu/U_ID_EX/mtvec[31]_i_9/O
                         net (fo=27, routed)          0.429     7.151    u_soc/Core_cpu/U_ID_EX/ex_csr_addr_reg[0]_0
    SLICE_X28Y67         LUT6 (Prop_lut6_I1_O)        0.043     7.194 r  u_soc/Core_cpu/U_ID_EX/mscratch[1]_i_2/O
                         net (fo=3, routed)           0.494     7.688    u_soc/Core_cpu/U_ID_EX/csr_rdata[1]
    SLICE_X28Y61         LUT4 (Prop_lut4_I0_O)        0.051     7.739 r  u_soc/Core_cpu/U_ID_EX/alu_c_reg[1]_i_8/O
                         net (fo=15, routed)          0.366     8.105    u_soc/Core_cpu/U_ID_EX/ex_A_final[1]
    SLICE_X27Y61         LUT2 (Prop_lut2_I0_O)        0.136     8.241 f  u_soc/Core_cpu/U_ID_EX/alu_c_reg[1]_i_6/O
                         net (fo=6, routed)           0.391     8.632    u_soc/Core_cpu/U_ID_EX/alu_c_reg[3]_i_18_n_2
    SLICE_X31Y63         LUT3 (Prop_lut3_I2_O)        0.043     8.675 r  u_soc/Core_cpu/U_ID_EX/alu_c_reg[0]_i_43/O
                         net (fo=1, routed)           0.000     8.675    u_soc/Core_cpu/U_ID_EX/alu_c_reg[0]_i_43_n_2
    SLICE_X31Y63         CARRY4 (Prop_carry4_S[0]_CO[3])
                                                      0.259     8.934 r  u_soc/Core_cpu/U_ID_EX/alu_c_reg[0]_i_27/CO[3]
                         net (fo=1, routed)           0.000     8.934    u_soc/Core_cpu/U_ID_EX/alu_c_reg[0]_i_27_n_2
    SLICE_X31Y64         CARRY4 (Prop_carry4_CI_CO[3])
                                                      0.053     8.987 r  u_soc/Core_cpu/U_ID_EX/alu_c_reg[0]_i_17/CO[3]
                         net (fo=1, routed)           0.000     8.987    u_soc/Core_cpu/U_ID_EX/alu_c_reg[0]_i_17_n_2
    SLICE_X31Y65         CARRY4 (Prop_carry4_CI_CO[3])
                                                      0.053     9.040 r  u_soc/Core_cpu/U_ID_EX/alu_c_reg[0]_i_6/CO[3]
                         net (fo=1, routed)           0.000     9.040    u_soc/Core_cpu/U_ID_EX/alu_c_reg[0]_i_6_n_2
    SLICE_X31Y66         CARRY4 (Prop_carry4_CI_CO[3])
                                                      0.053     9.093 r  u_soc/Core_cpu/U_ID_EX/alu_c_reg[0]_i_3/CO[3]
                         net (fo=2, routed)           0.476     9.569    u_soc/Core_cpu/U_ID_EX/U_ALU/data9
    SLICE_X32Y67         LUT4 (Prop_lut4_I3_O)        0.043     9.612 f  u_soc/Core_cpu/U_ID_EX/u1_taken_i_3/O
                         net (fo=2, routed)           0.250     9.861    u_soc/Core_cpu/U_ID_EX/u1_taken_i_3_n_2
    SLICE_X34Y66         LUT6 (Prop_lut6_I4_O)        0.043     9.904 r  u_soc/Core_cpu/U_ID_EX/dat_q_reg_0_63_2_2_i_6/O
                         net (fo=34, routed)          0.590    10.494    u_soc/Core_cpu/U_ID_EX/dat_q_reg_0_63_2_2_i_6_n_2
    SLICE_X40Y64         LUT3 (Prop_lut3_I2_O)        0.049    10.543 f  u_soc/Core_cpu/U_ID_EX/q_row_idx[2][1]_i_10/O
                         net (fo=5, routed)           0.253    10.796    u_soc/Core_cpu/U_ID_EX/q_row_idx[2][1]_i_10_n_2
    SLICE_X40Y63         LUT6 (Prop_lut6_I0_O)        0.136    10.932 r  u_soc/Core_cpu/U_ID_EX/q_pc_q[1]_i_3/O
                         net (fo=2, routed)           0.246    11.178    u_soc/Core_cpu/U_ID_EX/actual_npc[0]
    SLICE_X38Y64         LUT6 (Prop_lut6_I5_O)        0.043    11.221 r  u_soc/Core_cpu/U_ID_EX/q_row_idx[2][1]_i_25/O
                         net (fo=1, routed)           0.000    11.221    u_soc/Core_cpu/U_ID_EX/q_row_idx[2][1]_i_25_n_2
    SLICE_X38Y64         CARRY4 (Prop_carry4_S[0]_CO[3])
                                                      0.246    11.467 r  u_soc/Core_cpu/U_ID_EX/q_row_idx_reg[2][1]_i_17/CO[3]
                         net (fo=1, routed)           0.000    11.467    u_soc/Core_cpu/U_ID_EX/q_row_idx_reg[2][1]_i_17_n_2
    SLICE_X38Y65         CARRY4 (Prop_carry4_CI_CO[3])
                                                      0.054    11.521 r  u_soc/Core_cpu/U_ID_EX/q_row_idx_reg[2][1]_i_13/CO[3]
                         net (fo=1, routed)           0.000    11.521    u_soc/Core_cpu/U_ID_EX/q_row_idx_reg[2][1]_i_13_n_2
    SLICE_X38Y66         CARRY4 (Prop_carry4_CI_CO[2])
                                                      0.110    11.631 f  u_soc/Core_cpu/U_ID_EX/q_row_idx_reg[2][1]_i_12/CO[2]
                         net (fo=4, routed)           0.379    12.010    u_soc/Core_cpu/U_ID_EX/mispredict0
    SLICE_X39Y59         LUT2 (Prop_lut2_I0_O)        0.128    12.138 f  u_soc/Core_cpu/U_ID_EX/cnt_q[4]_i_10/O
                         net (fo=1, routed)           0.229    12.367    u_soc/Core_cpu/U_ID_EX/cnt_q[4]_i_10_n_2
    SLICE_X39Y58         LUT6 (Prop_lut6_I2_O)        0.043    12.410 r  u_soc/Core_cpu/U_ID_EX/cnt_q[4]_i_8/O
                         net (fo=5, routed)           0.241    12.651    u_soc/Core_cpu/u_ifu_subsys/u_btb/push_num1
    SLICE_X39Y57         LUT6 (Prop_lut6_I0_O)        0.043    12.694 r  u_soc/Core_cpu/u_ifu_subsys/u_btb/cnt_q[4]_i_6/O
                         net (fo=1, routed)           0.360    13.054    u_soc/Core_cpu/u_ifu_subsys/u_ibuf/push_num[2]
    SLICE_X39Y57         LUT3 (Prop_lut3_I1_O)        0.051    13.105 r  u_soc/Core_cpu/u_ifu_subsys/u_ibuf/cnt_q[4]_i_4/O
                         net (fo=912, routed)         0.641    13.746    u_soc/Core_cpu/u_ifu_subsys/u_ibuf/ib_push_acc[2]
    SLICE_X31Y49         LUT5 (Prop_lut5_I4_O)        0.135    13.881 r  u_soc/Core_cpu/u_ifu_subsys/u_ibuf/ghr_q[3]_i_2/O
                         net (fo=23, routed)          0.544    14.424    u_soc/Core_cpu/u_ifu_subsys/u_ibuf/p_3_in
    SLICE_X29Y47         LUT5 (Prop_lut5_I1_O)        0.043    14.467 r  u_soc/Core_cpu/u_ifu_subsys/u_ibuf/ghr_q[2]_i_2/O
                         net (fo=1, routed)           0.423    14.891    u_soc/Core_cpu/u_ifu_subsys/u_ibuf/ghr_q[2]_i_2_n_2
    SLICE_X29Y51         LUT5 (Prop_lut5_I0_O)        0.043    14.934 r  u_soc/Core_cpu/u_ifu_subsys/u_ibuf/ghr_q[2]_i_1/O
                         net (fo=6, routed)           0.490    15.423    u_soc/Core_cpu/u_ifu_subsys/u_ibuf/D[1]
    SLICE_X28Y42         LUT2 (Prop_lut2_I0_O)        0.054    15.477 r  u_soc/Core_cpu/u_ifu_subsys/u_ibuf/q_row_tag[1][3]_i_1/O
                         net (fo=1, routed)           0.360    15.838    u_soc/Core_cpu/u_ifu_subsys/g_tage.u_tage/q_row_tag_reg[1][5]_0[2]
    SLICE_X27Y42         FDRE                                         r  u_soc/Core_cpu/u_ifu_subsys/g_tage.u_tage/q_row_tag_reg[1][3]/D
  -------------------------------------------------------------------    -------------------

                         (clock clk rise edge)       12.000    12.000 r  
    AE23                                              0.000    12.000 r  clk (IN)
                         net (fo=0)                   0.000    12.000    clk
    AE23                 IBUF (Prop_ibuf_I_O)         0.660    12.660 r  clk_IBUF_inst/O
                         net (fo=1, routed)           2.516    15.176    clk_IBUF
    BUFGCTRL_X0Y0        BUFG (Prop_bufg_I_O)         0.083    15.259 r  u_bufg/O
                         net (fo=5673, routed)        1.670    16.929    u_soc/Core_cpu/u_ifu_subsys/g_tage.u_tage/clk_buf
    SLICE_X27Y42         FDRE                                         r  u_soc/Core_cpu/u_ifu_subsys/g_tage.u_tage/q_row_tag_reg[1][3]/C
                         clock pessimism              0.237    17.165    
                         clock uncertainty           -0.035    17.130    
    SLICE_X27Y42         FDRE (Setup_fdre_C_D)       -0.101    17.029    u_soc/Core_cpu/u_ifu_subsys/g_tage.u_tage/q_row_tag_reg[1][3]
  -------------------------------------------------------------------
                         required time                         17.029    
                         arrival time                         -15.838    
  -------------------------------------------------------------------
                         slack                                  1.192    

Slack (MET) :             1.211ns  (required time - arrival time)
  Source:                 u_soc/Core_cpu/U_ID_EX/ex_csr_addr_reg[3]/C
                            (rising edge-triggered cell FDCE clocked by clk  {rise@0.000ns fall@6.000ns period=12.000ns})
  Destination:            u_soc/Core_cpu/u_ifu_subsys/g_tage.u_tage/q_row_idx_reg[3][1]/D
                            (rising edge-triggered cell FDRE clocked by clk  {rise@0.000ns fall@6.000ns period=12.000ns})
  Path Group:             clk
  Path Type:              Setup (Max at Slow Process Corner)
  Requirement:            12.000ns  (clk rise@12.000ns - clk rise@0.000ns)
  Data Path Delay:        10.853ns  (logic 2.585ns (23.819%)  route 8.268ns (76.181%))
  Logic Levels:           28  (CARRY4=7 LUT2=2 LUT3=4 LUT4=3 LUT5=3 LUT6=8 MUXF7=1)
  Clock Path Skew:        0.065ns (DCD - SCD + CPR)
    Destination Clock Delay (DCD):    4.928ns = ( 16.928 - 12.000 ) 
    Source Clock Delay      (SCD):    5.099ns
    Clock Pessimism Removal (CPR):    0.237ns
  Clock Uncertainty:      0.035ns  ((TSJ^2 + TIJ^2)^1/2 + DJ) / 2 + PE
    Total System Jitter     (TSJ):    0.071ns
    Total Input Jitter      (TIJ):    0.000ns
    Discrete Jitter          (DJ):    0.000ns
    Phase Error              (PE):    0.000ns

    Location             Delay type                Incr(ns)  Path(ns)    Netlist Resource(s)
  -------------------------------------------------------------------    -------------------
                         (clock clk rise edge)        0.000     0.000 r  
    AE23                                              0.000     0.000 r  clk (IN)
                         net (fo=0)                   0.000     0.000    clk
    AE23                 IBUF (Prop_ibuf_I_O)         0.734     0.734 r  clk_IBUF_inst/O
                         net (fo=1, routed)           2.651     3.385    clk_IBUF
    BUFGCTRL_X0Y0        BUFG (Prop_bufg_I_O)         0.093     3.478 r  u_bufg/O
                         net (fo=5673, routed)        1.621     5.099    u_soc/Core_cpu/U_ID_EX/clk_buf
    SLICE_X31Y71         FDCE                                         r  u_soc/Core_cpu/U_ID_EX/ex_csr_addr_reg[3]/C
  -------------------------------------------------------------------    -------------------
    SLICE_X31Y71         FDCE (Prop_fdce_C_Q)         0.223     5.322 f  u_soc/Core_cpu/U_ID_EX/ex_csr_addr_reg[3]/Q
                         net (fo=6, routed)           0.537     5.860    u_soc/Core_cpu/U_ID_EX/ex_csr_addr[3]
    SLICE_X25Y69         LUT3 (Prop_lut3_I1_O)        0.043     5.903 f  u_soc/Core_cpu/U_ID_EX/mcause[31]_i_5/O
                         net (fo=3, routed)           0.444     6.346    u_soc/Core_cpu/U_ID_EX/mcause[31]_i_5_n_2
    SLICE_X25Y68         LUT5 (Prop_lut5_I4_O)        0.051     6.397 r  u_soc/Core_cpu/U_ID_EX/mtvec[31]_i_12/O
                         net (fo=2, routed)           0.189     6.586    u_soc/Core_cpu/U_ID_EX/mtvec[31]_i_12_n_2
    SLICE_X25Y69         LUT6 (Prop_lut6_I0_O)        0.136     6.722 r  u_soc/Core_cpu/U_ID_EX/mtvec[31]_i_9/O
                         net (fo=27, routed)          0.429     7.151    u_soc/Core_cpu/U_ID_EX/ex_csr_addr_reg[0]_0
    SLICE_X28Y67         LUT6 (Prop_lut6_I1_O)        0.043     7.194 r  u_soc/Core_cpu/U_ID_EX/mscratch[1]_i_2/O
                         net (fo=3, routed)           0.494     7.688    u_soc/Core_cpu/U_ID_EX/csr_rdata[1]
    SLICE_X28Y61         LUT4 (Prop_lut4_I0_O)        0.051     7.739 r  u_soc/Core_cpu/U_ID_EX/alu_c_reg[1]_i_8/O
                         net (fo=15, routed)          0.366     8.105    u_soc/Core_cpu/U_ID_EX/ex_A_final[1]
    SLICE_X27Y61         LUT2 (Prop_lut2_I0_O)        0.136     8.241 f  u_soc/Core_cpu/U_ID_EX/alu_c_reg[1]_i_6/O
                         net (fo=6, routed)           0.391     8.632    u_soc/Core_cpu/U_ID_EX/alu_c_reg[3]_i_18_n_2
    SLICE_X31Y63         LUT3 (Prop_lut3_I2_O)        0.043     8.675 r  u_soc/Core_cpu/U_ID_EX/alu_c_reg[0]_i_43/O
                         net (fo=1, routed)           0.000     8.675    u_soc/Core_cpu/U_ID_EX/alu_c_reg[0]_i_43_n_2
    SLICE_X31Y63         CARRY4 (Prop_carry4_S[0]_CO[3])
                                                      0.259     8.934 r  u_soc/Core_cpu/U_ID_EX/alu_c_reg[0]_i_27/CO[3]
                         net (fo=1, routed)           0.000     8.934    u_soc/Core_cpu/U_ID_EX/alu_c_reg[0]_i_27_n_2
    SLICE_X31Y64         CARRY4 (Prop_carry4_CI_CO[3])
                                                      0.053     8.987 r  u_soc/Core_cpu/U_ID_EX/alu_c_reg[0]_i_17/CO[3]
                         net (fo=1, routed)           0.000     8.987    u_soc/Core_cpu/U_ID_EX/alu_c_reg[0]_i_17_n_2
    SLICE_X31Y65         CARRY4 (Prop_carry4_CI_CO[3])
                                                      0.053     9.040 r  u_soc/Core_cpu/U_ID_EX/alu_c_reg[0]_i_6/CO[3]
                         net (fo=1, routed)           0.000     9.040    u_soc/Core_cpu/U_ID_EX/alu_c_reg[0]_i_6_n_2
    SLICE_X31Y66         CARRY4 (Prop_carry4_CI_CO[3])
                                                      0.053     9.093 r  u_soc/Core_cpu/U_ID_EX/alu_c_reg[0]_i_3/CO[3]
                         net (fo=2, routed)           0.476     9.569    u_soc/Core_cpu/U_ID_EX/U_ALU/data9
    SLICE_X32Y67         LUT4 (Prop_lut4_I3_O)        0.043     9.612 f  u_soc/Core_cpu/U_ID_EX/u1_taken_i_3/O
                         net (fo=2, routed)           0.250     9.861    u_soc/Core_cpu/U_ID_EX/u1_taken_i_3_n_2
    SLICE_X34Y66         LUT6 (Prop_lut6_I4_O)        0.043     9.904 r  u_soc/Core_cpu/U_ID_EX/dat_q_reg_0_63_2_2_i_6/O
                         net (fo=34, routed)          0.590    10.494    u_soc/Core_cpu/U_ID_EX/dat_q_reg_0_63_2_2_i_6_n_2
    SLICE_X40Y64         LUT3 (Prop_lut3_I2_O)        0.049    10.543 f  u_soc/Core_cpu/U_ID_EX/q_row_idx[2][1]_i_10/O
                         net (fo=5, routed)           0.253    10.796    u_soc/Core_cpu/U_ID_EX/q_row_idx[2][1]_i_10_n_2
    SLICE_X40Y63         LUT6 (Prop_lut6_I0_O)        0.136    10.932 r  u_soc/Core_cpu/U_ID_EX/q_pc_q[1]_i_3/O
                         net (fo=2, routed)           0.246    11.178    u_soc/Core_cpu/U_ID_EX/actual_npc[0]
    SLICE_X38Y64         LUT6 (Prop_lut6_I5_O)        0.043    11.221 r  u_soc/Core_cpu/U_ID_EX/q_row_idx[2][1]_i_25/O
                         net (fo=1, routed)           0.000    11.221    u_soc/Core_cpu/U_ID_EX/q_row_idx[2][1]_i_25_n_2
    SLICE_X38Y64         CARRY4 (Prop_carry4_S[0]_CO[3])
                                                      0.246    11.467 r  u_soc/Core_cpu/U_ID_EX/q_row_idx_reg[2][1]_i_17/CO[3]
                         net (fo=1, routed)           0.000    11.467    u_soc/Core_cpu/U_ID_EX/q_row_idx_reg[2][1]_i_17_n_2
    SLICE_X38Y65         CARRY4 (Prop_carry4_CI_CO[3])
                                                      0.054    11.521 r  u_soc/Core_cpu/U_ID_EX/q_row_idx_reg[2][1]_i_13/CO[3]
                         net (fo=1, routed)           0.000    11.521    u_soc/Core_cpu/U_ID_EX/q_row_idx_reg[2][1]_i_13_n_2
    SLICE_X38Y66         CARRY4 (Prop_carry4_CI_CO[2])
                                                      0.110    11.631 f  u_soc/Core_cpu/U_ID_EX/q_row_idx_reg[2][1]_i_12/CO[2]
                         net (fo=4, routed)           0.379    12.010    u_soc/Core_cpu/U_ID_EX/mispredict0
    SLICE_X39Y59         LUT2 (Prop_lut2_I0_O)        0.128    12.138 f  u_soc/Core_cpu/U_ID_EX/cnt_q[4]_i_10/O
                         net (fo=1, routed)           0.229    12.367    u_soc/Core_cpu/U_ID_EX/cnt_q[4]_i_10_n_2
    SLICE_X39Y58         LUT6 (Prop_lut6_I2_O)        0.043    12.410 r  u_soc/Core_cpu/U_ID_EX/cnt_q[4]_i_8/O
                         net (fo=5, routed)           0.241    12.651    u_soc/Core_cpu/u_ifu_subsys/u_btb/push_num1
    SLICE_X39Y57         LUT6 (Prop_lut6_I0_O)        0.043    12.694 r  u_soc/Core_cpu/u_ifu_subsys/u_btb/cnt_q[4]_i_6/O
                         net (fo=1, routed)           0.360    13.054    u_soc/Core_cpu/u_ifu_subsys/u_ibuf/push_num[2]
    SLICE_X39Y57         LUT3 (Prop_lut3_I1_O)        0.051    13.105 r  u_soc/Core_cpu/u_ifu_subsys/u_ibuf/cnt_q[4]_i_4/O
                         net (fo=912, routed)         0.598    13.703    u_soc/Core_cpu/u_ifu_subsys/u_btb/ib_push_acc[2]
    SLICE_X32Y52         LUT5 (Prop_lut5_I4_O)        0.135    13.838 r  u_soc/Core_cpu/u_ifu_subsys/u_btb/ghr_q[13]_i_8/O
                         net (fo=22, routed)          0.707    14.545    u_soc/Core_cpu/u_ifu_subsys/u_ibuf/ghr_q_reg[4]_0
    SLICE_X31Y43         LUT4 (Prop_lut4_I1_O)        0.043    14.588 r  u_soc/Core_cpu/u_ifu_subsys/u_ibuf/ghr_q[13]_i_3/O
                         net (fo=21, routed)          0.657    15.245    u_soc/Core_cpu/u_ifu_subsys/u_ibuf/q_pc_q_reg[2]_rep_0[0]
    SLICE_X27Y41         LUT6 (Prop_lut6_I2_O)        0.043    15.288 r  u_soc/Core_cpu/u_ifu_subsys/u_ibuf/q_row_idx[2][1]_i_2/O
                         net (fo=3, routed)           0.000    15.288    u_soc/Core_cpu/U_ID_EX/q_row_tag_reg[3][4]
    SLICE_X27Y41         MUXF7 (Prop_muxf7_I0_O)      0.107    15.395 r  u_soc/Core_cpu/U_ID_EX/q_row_idx_reg[3][1]_i_2/O
                         net (fo=2, routed)           0.433    15.828    u_soc/Core_cpu/U_ID_EX/q_row_idx_reg[3][1]_i_2_n_2
    SLICE_X27Y40         LUT5 (Prop_lut5_I1_O)        0.124    15.952 r  u_soc/Core_cpu/U_ID_EX/q_row_idx[3][1]_i_1/O
                         net (fo=1, routed)           0.000    15.952    u_soc/Core_cpu/u_ifu_subsys/g_tage.u_tage/q_row_idx_reg[3][3]_0[1]
    SLICE_X27Y40         FDRE                                         r  u_soc/Core_cpu/u_ifu_subsys/g_tage.u_tage/q_row_idx_reg[3][1]/D
  -------------------------------------------------------------------    -------------------

                         (clock clk rise edge)       12.000    12.000 r  
    AE23                                              0.000    12.000 r  clk (IN)
                         net (fo=0)                   0.000    12.000    clk
    AE23                 IBUF (Prop_ibuf_I_O)         0.660    12.660 r  clk_IBUF_inst/O
                         net (fo=1, routed)           2.516    15.176    clk_IBUF
    BUFGCTRL_X0Y0        BUFG (Prop_bufg_I_O)         0.083    15.259 r  u_bufg/O
                         net (fo=5673, routed)        1.669    16.928    u_soc/Core_cpu/u_ifu_subsys/g_tage.u_tage/clk_buf
    SLICE_X27Y40         FDRE                                         r  u_soc/Core_cpu/u_ifu_subsys/g_tage.u_tage/q_row_idx_reg[3][1]/C
                         clock pessimism              0.237    17.164    
                         clock uncertainty           -0.035    17.129    
    SLICE_X27Y40         FDRE (Setup_fdre_C_D)        0.034    17.163    u_soc/Core_cpu/u_ifu_subsys/g_tage.u_tage/q_row_idx_reg[3][1]
  -------------------------------------------------------------------
                         required time                         17.163    
                         arrival time                         -15.952    
  -------------------------------------------------------------------
                         slack                                  1.211    

Slack (MET) :             1.216ns  (required time - arrival time)
  Source:                 u_soc/Core_cpu/U_ID_EX/ex_csr_addr_reg[3]/C
                            (rising edge-triggered cell FDCE clocked by clk  {rise@0.000ns fall@6.000ns period=12.000ns})
  Destination:            u_soc/Core_cpu/u_ifu_subsys/u_icache/u_dat_way0/u_prim/mem_q_reg_0/ADDRARDADDR[9]
                            (rising edge-triggered cell RAMB36E1 clocked by clk  {rise@0.000ns fall@6.000ns period=12.000ns})
  Path Group:             clk
  Path Type:              Setup (Max at Slow Process Corner)
  Requirement:            12.000ns  (clk rise@12.000ns - clk rise@0.000ns)
  Data Path Delay:        10.421ns  (logic 2.773ns (26.610%)  route 7.648ns (73.390%))
  Logic Levels:           27  (CARRY4=9 LUT2=3 LUT3=3 LUT4=3 LUT5=1 LUT6=8)
  Clock Path Skew:        0.089ns (DCD - SCD + CPR)
    Destination Clock Delay (DCD):    4.951ns = ( 16.951 - 12.000 ) 
    Source Clock Delay      (SCD):    5.099ns
    Clock Pessimism Removal (CPR):    0.237ns
  Clock Uncertainty:      0.035ns  ((TSJ^2 + TIJ^2)^1/2 + DJ) / 2 + PE
    Total System Jitter     (TSJ):    0.071ns
    Total Input Jitter      (TIJ):    0.000ns
    Discrete Jitter          (DJ):    0.000ns
    Phase Error              (PE):    0.000ns

    Location             Delay type                Incr(ns)  Path(ns)    Netlist Resource(s)
  -------------------------------------------------------------------    -------------------
                         (clock clk rise edge)        0.000     0.000 r  
    AE23                                              0.000     0.000 r  clk (IN)
                         net (fo=0)                   0.000     0.000    clk
    AE23                 IBUF (Prop_ibuf_I_O)         0.734     0.734 r  clk_IBUF_inst/O
                         net (fo=1, routed)           2.651     3.385    clk_IBUF
    BUFGCTRL_X0Y0        BUFG (Prop_bufg_I_O)         0.093     3.478 r  u_bufg/O
                         net (fo=5673, routed)        1.621     5.099    u_soc/Core_cpu/U_ID_EX/clk_buf
    SLICE_X31Y71         FDCE                                         r  u_soc/Core_cpu/U_ID_EX/ex_csr_addr_reg[3]/C
  -------------------------------------------------------------------    -------------------
    SLICE_X31Y71         FDCE (Prop_fdce_C_Q)         0.223     5.322 f  u_soc/Core_cpu/U_ID_EX/ex_csr_addr_reg[3]/Q
                         net (fo=6, routed)           0.537     5.860    u_soc/Core_cpu/U_ID_EX/ex_csr_addr[3]
    SLICE_X25Y69         LUT3 (Prop_lut3_I1_O)        0.043     5.903 f  u_soc/Core_cpu/U_ID_EX/mcause[31]_i_5/O
                         net (fo=3, routed)           0.444     6.346    u_soc/Core_cpu/U_ID_EX/mcause[31]_i_5_n_2
    SLICE_X25Y68         LUT5 (Prop_lut5_I4_O)        0.051     6.397 r  u_soc/Core_cpu/U_ID_EX/mtvec[31]_i_12/O
                         net (fo=2, routed)           0.189     6.586    u_soc/Core_cpu/U_ID_EX/mtvec[31]_i_12_n_2
    SLICE_X25Y69         LUT6 (Prop_lut6_I0_O)        0.136     6.722 r  u_soc/Core_cpu/U_ID_EX/mtvec[31]_i_9/O
                         net (fo=27, routed)          0.429     7.151    u_soc/Core_cpu/U_ID_EX/ex_csr_addr_reg[0]_0
    SLICE_X28Y67         LUT6 (Prop_lut6_I1_O)        0.043     7.194 r  u_soc/Core_cpu/U_ID_EX/mscratch[1]_i_2/O
                         net (fo=3, routed)           0.494     7.688    u_soc/Core_cpu/U_ID_EX/csr_rdata[1]
    SLICE_X28Y61         LUT4 (Prop_lut4_I0_O)        0.051     7.739 r  u_soc/Core_cpu/U_ID_EX/alu_c_reg[1]_i_8/O
                         net (fo=15, routed)          0.366     8.105    u_soc/Core_cpu/U_ID_EX/ex_A_final[1]
    SLICE_X27Y61         LUT2 (Prop_lut2_I0_O)        0.136     8.241 f  u_soc/Core_cpu/U_ID_EX/alu_c_reg[1]_i_6/O
                         net (fo=6, routed)           0.391     8.632    u_soc/Core_cpu/U_ID_EX/alu_c_reg[3]_i_18_n_2
    SLICE_X31Y63         LUT3 (Prop_lut3_I2_O)        0.043     8.675 r  u_soc/Core_cpu/U_ID_EX/alu_c_reg[0]_i_43/O
                         net (fo=1, routed)           0.000     8.675    u_soc/Core_cpu/U_ID_EX/alu_c_reg[0]_i_43_n_2
    SLICE_X31Y63         CARRY4 (Prop_carry4_S[0]_CO[3])
                                                      0.259     8.934 r  u_soc/Core_cpu/U_ID_EX/alu_c_reg[0]_i_27/CO[3]
                         net (fo=1, routed)           0.000     8.934    u_soc/Core_cpu/U_ID_EX/alu_c_reg[0]_i_27_n_2
    SLICE_X31Y64         CARRY4 (Prop_carry4_CI_CO[3])
                                                      0.053     8.987 r  u_soc/Core_cpu/U_ID_EX/alu_c_reg[0]_i_17/CO[3]
                         net (fo=1, routed)           0.000     8.987    u_soc/Core_cpu/U_ID_EX/alu_c_reg[0]_i_17_n_2
    SLICE_X31Y65         CARRY4 (Prop_carry4_CI_CO[3])
                                                      0.053     9.040 r  u_soc/Core_cpu/U_ID_EX/alu_c_reg[0]_i_6/CO[3]
                         net (fo=1, routed)           0.000     9.040    u_soc/Core_cpu/U_ID_EX/alu_c_reg[0]_i_6_n_2
    SLICE_X31Y66         CARRY4 (Prop_carry4_CI_CO[3])
                                                      0.053     9.093 r  u_soc/Core_cpu/U_ID_EX/alu_c_reg[0]_i_3/CO[3]
                         net (fo=2, routed)           0.476     9.569    u_soc/Core_cpu/U_ID_EX/U_ALU/data9
    SLICE_X32Y67         LUT4 (Prop_lut4_I3_O)        0.043     9.612 f  u_soc/Core_cpu/U_ID_EX/u1_taken_i_3/O
                         net (fo=2, routed)           0.250     9.861    u_soc/Core_cpu/U_ID_EX/u1_taken_i_3_n_2
    SLICE_X34Y66         LUT6 (Prop_lut6_I4_O)        0.043     9.904 r  u_soc/Core_cpu/U_ID_EX/dat_q_reg_0_63_2_2_i_6/O
                         net (fo=34, routed)          0.590    10.494    u_soc/Core_cpu/U_ID_EX/dat_q_reg_0_63_2_2_i_6_n_2
    SLICE_X40Y64         LUT3 (Prop_lut3_I2_O)        0.049    10.543 f  u_soc/Core_cpu/U_ID_EX/q_row_idx[2][1]_i_10/O
                         net (fo=5, routed)           0.253    10.796    u_soc/Core_cpu/U_ID_EX/q_row_idx[2][1]_i_10_n_2
    SLICE_X40Y63         LUT6 (Prop_lut6_I0_O)        0.136    10.932 r  u_soc/Core_cpu/U_ID_EX/q_pc_q[1]_i_3/O
                         net (fo=2, routed)           0.246    11.178    u_soc/Core_cpu/U_ID_EX/actual_npc[0]
    SLICE_X38Y64         LUT6 (Prop_lut6_I5_O)        0.043    11.221 r  u_soc/Core_cpu/U_ID_EX/q_row_idx[2][1]_i_25/O
                         net (fo=1, routed)           0.000    11.221    u_soc/Core_cpu/U_ID_EX/q_row_idx[2][1]_i_25_n_2
    SLICE_X38Y64         CARRY4 (Prop_carry4_S[0]_CO[3])
                                                      0.246    11.467 r  u_soc/Core_cpu/U_ID_EX/q_row_idx_reg[2][1]_i_17/CO[3]
                         net (fo=1, routed)           0.000    11.467    u_soc/Core_cpu/U_ID_EX/q_row_idx_reg[2][1]_i_17_n_2
    SLICE_X38Y65         CARRY4 (Prop_carry4_CI_CO[3])
                                                      0.054    11.521 r  u_soc/Core_cpu/U_ID_EX/q_row_idx_reg[2][1]_i_13/CO[3]
                         net (fo=1, routed)           0.000    11.521    u_soc/Core_cpu/U_ID_EX/q_row_idx_reg[2][1]_i_13_n_2
    SLICE_X38Y66         CARRY4 (Prop_carry4_CI_CO[2])
                                                      0.110    11.631 f  u_soc/Core_cpu/U_ID_EX/q_row_idx_reg[2][1]_i_12/CO[2]
                         net (fo=4, routed)           0.379    12.010    u_soc/Core_cpu/U_ID_EX/mispredict0
    SLICE_X39Y59         LUT2 (Prop_lut2_I0_O)        0.128    12.138 f  u_soc/Core_cpu/U_ID_EX/cnt_q[4]_i_10/O
                         net (fo=1, routed)           0.229    12.367    u_soc/Core_cpu/U_ID_EX/cnt_q[4]_i_10_n_2
    SLICE_X39Y58         LUT6 (Prop_lut6_I2_O)        0.043    12.410 r  u_soc/Core_cpu/U_ID_EX/cnt_q[4]_i_8/O
                         net (fo=5, routed)           0.203    12.612    u_soc/Core_cpu/u_ifu_subsys/u_btb/push_num1
    SLICE_X41Y58         LUT6 (Prop_lut6_I5_O)        0.043    12.655 r  u_soc/Core_cpu/u_ifu_subsys/u_btb/cnt_q[1]_i_5/O
                         net (fo=2, routed)           0.349    13.004    u_soc/Core_cpu/u_ifu_subsys/u_ibuf/cnt_q_reg[0]_0
    SLICE_X40Y58         LUT4 (Prop_lut4_I3_O)        0.054    13.058 r  u_soc/Core_cpu/u_ifu_subsys/u_ibuf/cnt_q[1]_i_2/O
                         net (fo=15, routed)          0.469    13.527    u_soc/Core_cpu/u_ifu_subsys/u_icache/u_tag_way0/u_prim/ib_push_acc[0]
    SLICE_X31Y55         LUT2 (Prop_lut2_I1_O)        0.137    13.664 r  u_soc/Core_cpu/u_ifu_subsys/u_icache/u_tag_way0/u_prim/q_t0_idx[0]_i_7/O
                         net (fo=1, routed)           0.000    13.664    u_soc/Core_cpu/u_ifu_subsys/u_icache/u_tag_way0/u_prim/q_t0_idx[0]_i_7_n_2
    SLICE_X31Y55         CARRY4 (Prop_carry4_S[1]_CO[3])
                                                      0.267    13.931 r  u_soc/Core_cpu/u_ifu_subsys/u_icache/u_tag_way0/u_prim/q_t0_idx_reg[0]_i_2/CO[3]
                         net (fo=1, routed)           0.000    13.931    u_soc/Core_cpu/u_ifu_subsys/u_icache/u_tag_way0_n_133
    SLICE_X31Y56         CARRY4 (Prop_carry4_CI_O[2])
                                                      0.111    14.042 r  u_soc/Core_cpu/u_ifu_subsys/u_icache/q_t0_idx_reg[1]_i_2/O[2]
                         net (fo=2, routed)           0.278    14.320    u_soc/Core_cpu/u_ifu_subsys/u_btb/mem_q_reg_1[5]
    SLICE_X27Y55         LUT6 (Prop_lut6_I0_O)        0.122    14.442 r  u_soc/Core_cpu/u_ifu_subsys/u_btb/q_row_idx[0][3]_i_1/O
                         net (fo=57, routed)          1.079    15.520    u_soc/Core_cpu/u_ifu_subsys/u_icache/u_dat_way0/u_prim/rd_addr[3]
    RAMB36_X1Y5          RAMB36E1                                     r  u_soc/Core_cpu/u_ifu_subsys/u_icache/u_dat_way0/u_prim/mem_q_reg_0/ADDRARDADDR[9]
  -------------------------------------------------------------------    -------------------

                         (clock clk rise edge)       12.000    12.000 r  
    AE23                                              0.000    12.000 r  clk (IN)
                         net (fo=0)                   0.000    12.000    clk
    AE23                 IBUF (Prop_ibuf_I_O)         0.660    12.660 r  clk_IBUF_inst/O
                         net (fo=1, routed)           2.516    15.176    clk_IBUF
    BUFGCTRL_X0Y0        BUFG (Prop_bufg_I_O)         0.083    15.259 r  u_bufg/O
                         net (fo=5673, routed)        1.693    16.951    u_soc/Core_cpu/u_ifu_subsys/u_icache/u_dat_way0/u_prim/clk_buf
    RAMB36_X1Y5          RAMB36E1                                     r  u_soc/Core_cpu/u_ifu_subsys/u_icache/u_dat_way0/u_prim/mem_q_reg_0/CLKARDCLK
                         clock pessimism              0.237    17.188    
                         clock uncertainty           -0.035    17.153    
    RAMB36_X1Y5          RAMB36E1 (Setup_ramb36e1_CLKARDCLK_ADDRARDADDR[9])
                                                     -0.416    16.737    u_soc/Core_cpu/u_ifu_subsys/u_icache/u_dat_way0/u_prim/mem_q_reg_0
  -------------------------------------------------------------------
                         required time                         16.737    
                         arrival time                         -15.520    
  -------------------------------------------------------------------
                         slack                                  1.216    

Slack (MET) :             1.275ns  (required time - arrival time)
  Source:                 u_soc/Core_cpu/U_ID_EX/ex_csr_addr_reg[3]/C
                            (rising edge-triggered cell FDCE clocked by clk  {rise@0.000ns fall@6.000ns period=12.000ns})
  Destination:            u_soc/Core_cpu/u_ifu_subsys/g_tage.u_tage/q_row_idx_reg[3][2]/D
                            (rising edge-triggered cell FDRE clocked by clk  {rise@0.000ns fall@6.000ns period=12.000ns})
  Path Group:             clk
  Path Type:              Setup (Max at Slow Process Corner)
  Requirement:            12.000ns  (clk rise@12.000ns - clk rise@0.000ns)
  Data Path Delay:        10.789ns  (logic 2.397ns (22.218%)  route 8.392ns (77.782%))
  Logic Levels:           27  (CARRY4=7 LUT2=2 LUT3=4 LUT4=2 LUT5=2 LUT6=10)
  Clock Path Skew:        0.066ns (DCD - SCD + CPR)
    Destination Clock Delay (DCD):    4.929ns = ( 16.929 - 12.000 ) 
    Source Clock Delay      (SCD):    5.099ns
    Clock Pessimism Removal (CPR):    0.237ns
  Clock Uncertainty:      0.035ns  ((TSJ^2 + TIJ^2)^1/2 + DJ) / 2 + PE
    Total System Jitter     (TSJ):    0.071ns
    Total Input Jitter      (TIJ):    0.000ns
    Discrete Jitter          (DJ):    0.000ns
    Phase Error              (PE):    0.000ns

    Location             Delay type                Incr(ns)  Path(ns)    Netlist Resource(s)
  -------------------------------------------------------------------    -------------------
                         (clock clk rise edge)        0.000     0.000 r  
    AE23                                              0.000     0.000 r  clk (IN)
                         net (fo=0)                   0.000     0.000    clk
    AE23                 IBUF (Prop_ibuf_I_O)         0.734     0.734 r  clk_IBUF_inst/O
                         net (fo=1, routed)           2.651     3.385    clk_IBUF
    BUFGCTRL_X0Y0        BUFG (Prop_bufg_I_O)         0.093     3.478 r  u_bufg/O
                         net (fo=5673, routed)        1.621     5.099    u_soc/Core_cpu/U_ID_EX/clk_buf
    SLICE_X31Y71         FDCE                                         r  u_soc/Core_cpu/U_ID_EX/ex_csr_addr_reg[3]/C
  -------------------------------------------------------------------    -------------------
    SLICE_X31Y71         FDCE (Prop_fdce_C_Q)         0.223     5.322 f  u_soc/Core_cpu/U_ID_EX/ex_csr_addr_reg[3]/Q
                         net (fo=6, routed)           0.537     5.860    u_soc/Core_cpu/U_ID_EX/ex_csr_addr[3]
    SLICE_X25Y69         LUT3 (Prop_lut3_I1_O)        0.043     5.903 f  u_soc/Core_cpu/U_ID_EX/mcause[31]_i_5/O
                         net (fo=3, routed)           0.444     6.346    u_soc/Core_cpu/U_ID_EX/mcause[31]_i_5_n_2
    SLICE_X25Y68         LUT5 (Prop_lut5_I4_O)        0.051     6.397 r  u_soc/Core_cpu/U_ID_EX/mtvec[31]_i_12/O
                         net (fo=2, routed)           0.189     6.586    u_soc/Core_cpu/U_ID_EX/mtvec[31]_i_12_n_2
    SLICE_X25Y69         LUT6 (Prop_lut6_I0_O)        0.136     6.722 r  u_soc/Core_cpu/U_ID_EX/mtvec[31]_i_9/O
                         net (fo=27, routed)          0.429     7.151    u_soc/Core_cpu/U_ID_EX/ex_csr_addr_reg[0]_0
    SLICE_X28Y67         LUT6 (Prop_lut6_I1_O)        0.043     7.194 r  u_soc/Core_cpu/U_ID_EX/mscratch[1]_i_2/O
                         net (fo=3, routed)           0.494     7.688    u_soc/Core_cpu/U_ID_EX/csr_rdata[1]
    SLICE_X28Y61         LUT4 (Prop_lut4_I0_O)        0.051     7.739 r  u_soc/Core_cpu/U_ID_EX/alu_c_reg[1]_i_8/O
                         net (fo=15, routed)          0.366     8.105    u_soc/Core_cpu/U_ID_EX/ex_A_final[1]
    SLICE_X27Y61         LUT2 (Prop_lut2_I0_O)        0.136     8.241 f  u_soc/Core_cpu/U_ID_EX/alu_c_reg[1]_i_6/O
                         net (fo=6, routed)           0.391     8.632    u_soc/Core_cpu/U_ID_EX/alu_c_reg[3]_i_18_n_2
    SLICE_X31Y63         LUT3 (Prop_lut3_I2_O)        0.043     8.675 r  u_soc/Core_cpu/U_ID_EX/alu_c_reg[0]_i_43/O
                         net (fo=1, routed)           0.000     8.675    u_soc/Core_cpu/U_ID_EX/alu_c_reg[0]_i_43_n_2
    SLICE_X31Y63         CARRY4 (Prop_carry4_S[0]_CO[3])
                                                      0.259     8.934 r  u_soc/Core_cpu/U_ID_EX/alu_c_reg[0]_i_27/CO[3]
                         net (fo=1, routed)           0.000     8.934    u_soc/Core_cpu/U_ID_EX/alu_c_reg[0]_i_27_n_2
    SLICE_X31Y64         CARRY4 (Prop_carry4_CI_CO[3])
                                                      0.053     8.987 r  u_soc/Core_cpu/U_ID_EX/alu_c_reg[0]_i_17/CO[3]
                         net (fo=1, routed)           0.000     8.987    u_soc/Core_cpu/U_ID_EX/alu_c_reg[0]_i_17_n_2
    SLICE_X31Y65         CARRY4 (Prop_carry4_CI_CO[3])
                                                      0.053     9.040 r  u_soc/Core_cpu/U_ID_EX/alu_c_reg[0]_i_6/CO[3]
                         net (fo=1, routed)           0.000     9.040    u_soc/Core_cpu/U_ID_EX/alu_c_reg[0]_i_6_n_2
    SLICE_X31Y66         CARRY4 (Prop_carry4_CI_CO[3])
                                                      0.053     9.093 r  u_soc/Core_cpu/U_ID_EX/alu_c_reg[0]_i_3/CO[3]
                         net (fo=2, routed)           0.476     9.569    u_soc/Core_cpu/U_ID_EX/U_ALU/data9
    SLICE_X32Y67         LUT4 (Prop_lut4_I3_O)        0.043     9.612 f  u_soc/Core_cpu/U_ID_EX/u1_taken_i_3/O
                         net (fo=2, routed)           0.250     9.861    u_soc/Core_cpu/U_ID_EX/u1_taken_i_3_n_2
    SLICE_X34Y66         LUT6 (Prop_lut6_I4_O)        0.043     9.904 r  u_soc/Core_cpu/U_ID_EX/dat_q_reg_0_63_2_2_i_6/O
                         net (fo=34, routed)          0.590    10.494    u_soc/Core_cpu/U_ID_EX/dat_q_reg_0_63_2_2_i_6_n_2
    SLICE_X40Y64         LUT3 (Prop_lut3_I2_O)        0.049    10.543 f  u_soc/Core_cpu/U_ID_EX/q_row_idx[2][1]_i_10/O
                         net (fo=5, routed)           0.253    10.796    u_soc/Core_cpu/U_ID_EX/q_row_idx[2][1]_i_10_n_2
    SLICE_X40Y63         LUT6 (Prop_lut6_I0_O)        0.136    10.932 r  u_soc/Core_cpu/U_ID_EX/q_pc_q[1]_i_3/O
                         net (fo=2, routed)           0.246    11.178    u_soc/Core_cpu/U_ID_EX/actual_npc[0]
    SLICE_X38Y64         LUT6 (Prop_lut6_I5_O)        0.043    11.221 r  u_soc/Core_cpu/U_ID_EX/q_row_idx[2][1]_i_25/O
                         net (fo=1, routed)           0.000    11.221    u_soc/Core_cpu/U_ID_EX/q_row_idx[2][1]_i_25_n_2
    SLICE_X38Y64         CARRY4 (Prop_carry4_S[0]_CO[3])
                                                      0.246    11.467 r  u_soc/Core_cpu/U_ID_EX/q_row_idx_reg[2][1]_i_17/CO[3]
                         net (fo=1, routed)           0.000    11.467    u_soc/Core_cpu/U_ID_EX/q_row_idx_reg[2][1]_i_17_n_2
    SLICE_X38Y65         CARRY4 (Prop_carry4_CI_CO[3])
                                                      0.054    11.521 r  u_soc/Core_cpu/U_ID_EX/q_row_idx_reg[2][1]_i_13/CO[3]
                         net (fo=1, routed)           0.000    11.521    u_soc/Core_cpu/U_ID_EX/q_row_idx_reg[2][1]_i_13_n_2
    SLICE_X38Y66         CARRY4 (Prop_carry4_CI_CO[2])
                                                      0.110    11.631 f  u_soc/Core_cpu/U_ID_EX/q_row_idx_reg[2][1]_i_12/CO[2]
                         net (fo=4, routed)           0.379    12.010    u_soc/Core_cpu/U_ID_EX/mispredict0
    SLICE_X39Y59         LUT2 (Prop_lut2_I0_O)        0.128    12.138 f  u_soc/Core_cpu/U_ID_EX/cnt_q[4]_i_10/O
                         net (fo=1, routed)           0.229    12.367    u_soc/Core_cpu/U_ID_EX/cnt_q[4]_i_10_n_2
    SLICE_X39Y58         LUT6 (Prop_lut6_I2_O)        0.043    12.410 r  u_soc/Core_cpu/U_ID_EX/cnt_q[4]_i_8/O
                         net (fo=5, routed)           0.241    12.651    u_soc/Core_cpu/u_ifu_subsys/u_btb/push_num1
    SLICE_X39Y57         LUT6 (Prop_lut6_I0_O)        0.043    12.694 r  u_soc/Core_cpu/u_ifu_subsys/u_btb/cnt_q[4]_i_6/O
                         net (fo=1, routed)           0.360    13.054    u_soc/Core_cpu/u_ifu_subsys/u_ibuf/push_num[2]
    SLICE_X39Y57         LUT3 (Prop_lut3_I1_O)        0.051    13.105 r  u_soc/Core_cpu/u_ifu_subsys/u_ibuf/cnt_q[4]_i_4/O
                         net (fo=912, routed)         0.641    13.746    u_soc/Core_cpu/u_ifu_subsys/u_ibuf/ib_push_acc[2]
    SLICE_X31Y49         LUT5 (Prop_lut5_I4_O)        0.135    13.881 r  u_soc/Core_cpu/u_ifu_subsys/u_ibuf/ghr_q[3]_i_2/O
                         net (fo=23, routed)          0.707    14.588    u_soc/Core_cpu/u_ifu_subsys/u_ibuf/p_3_in
    SLICE_X29Y41         LUT6 (Prop_lut6_I1_O)        0.043    14.631 r  u_soc/Core_cpu/u_ifu_subsys/u_ibuf/q_row_idx[2][1]_i_7/O
                         net (fo=3, routed)           0.671    15.302    u_soc/Core_cpu/u_ifu_subsys/u_ibuf/q_row_idx[2][1]_i_7_n_2
    SLICE_X29Y41         LUT6 (Prop_lut6_I0_O)        0.043    15.345 r  u_soc/Core_cpu/u_ifu_subsys/u_ibuf/q_row_tag[2][4]_i_2/O
                         net (fo=3, routed)           0.500    15.845    u_soc/Core_cpu/u_ifu_subsys/u_ibuf/q_row_tag[2][4]_i_2_n_2
    SLICE_X30Y46         LUT6 (Prop_lut6_I1_O)        0.043    15.888 r  u_soc/Core_cpu/u_ifu_subsys/u_ibuf/q_row_idx[3][2]_i_1/O
                         net (fo=1, routed)           0.000    15.888    u_soc/Core_cpu/u_ifu_subsys/g_tage.u_tage/row_index_w2_return[0]
    SLICE_X30Y46         FDRE                                         r  u_soc/Core_cpu/u_ifu_subsys/g_tage.u_tage/q_row_idx_reg[3][2]/D
  -------------------------------------------------------------------    -------------------

                         (clock clk rise edge)       12.000    12.000 r  
    AE23                                              0.000    12.000 r  clk (IN)
                         net (fo=0)                   0.000    12.000    clk
    AE23                 IBUF (Prop_ibuf_I_O)         0.660    12.660 r  clk_IBUF_inst/O
                         net (fo=1, routed)           2.516    15.176    clk_IBUF
    BUFGCTRL_X0Y0        BUFG (Prop_bufg_I_O)         0.083    15.259 r  u_bufg/O
                         net (fo=5673, routed)        1.670    16.929    u_soc/Core_cpu/u_ifu_subsys/g_tage.u_tage/clk_buf
    SLICE_X30Y46         FDRE                                         r  u_soc/Core_cpu/u_ifu_subsys/g_tage.u_tage/q_row_idx_reg[3][2]/C
                         clock pessimism              0.237    17.165    
                         clock uncertainty           -0.035    17.130    
    SLICE_X30Y46         FDRE (Setup_fdre_C_D)        0.033    17.163    u_soc/Core_cpu/u_ifu_subsys/g_tage.u_tage/q_row_idx_reg[3][2]
  -------------------------------------------------------------------
                         required time                         17.163    
                         arrival time                         -15.888    
  -------------------------------------------------------------------
                         slack                                  1.275    

Slack (MET) :             1.287ns  (required time - arrival time)
  Source:                 u_soc/Core_cpu/U_ID_EX/ex_csr_addr_reg[3]/C
                            (rising edge-triggered cell FDCE clocked by clk  {rise@0.000ns fall@6.000ns period=12.000ns})
  Destination:            u_soc/Core_cpu/u_ifu_subsys/u_icache/u_dat_way1/u_prim/mem_q_reg_0/ADDRARDADDR[10]
                            (rising edge-triggered cell RAMB36E1 clocked by clk  {rise@0.000ns fall@6.000ns period=12.000ns})
  Path Group:             clk
  Path Type:              Setup (Max at Slow Process Corner)
  Requirement:            12.000ns  (clk rise@12.000ns - clk rise@0.000ns)
  Data Path Delay:        10.355ns  (logic 2.809ns (27.127%)  route 7.546ns (72.873%))
  Logic Levels:           27  (CARRY4=9 LUT2=3 LUT3=3 LUT4=3 LUT5=1 LUT6=8)
  Clock Path Skew:        0.094ns (DCD - SCD + CPR)
    Destination Clock Delay (DCD):    4.956ns = ( 16.956 - 12.000 ) 
    Source Clock Delay      (SCD):    5.099ns
    Clock Pessimism Removal (CPR):    0.237ns
  Clock Uncertainty:      0.035ns  ((TSJ^2 + TIJ^2)^1/2 + DJ) / 2 + PE
    Total System Jitter     (TSJ):    0.071ns
    Total Input Jitter      (TIJ):    0.000ns
    Discrete Jitter          (DJ):    0.000ns
    Phase Error              (PE):    0.000ns

    Location             Delay type                Incr(ns)  Path(ns)    Netlist Resource(s)
  -------------------------------------------------------------------    -------------------
                         (clock clk rise edge)        0.000     0.000 r  
    AE23                                              0.000     0.000 r  clk (IN)
                         net (fo=0)                   0.000     0.000    clk
    AE23                 IBUF (Prop_ibuf_I_O)         0.734     0.734 r  clk_IBUF_inst/O
                         net (fo=1, routed)           2.651     3.385    clk_IBUF
    BUFGCTRL_X0Y0        BUFG (Prop_bufg_I_O)         0.093     3.478 r  u_bufg/O
                         net (fo=5673, routed)        1.621     5.099    u_soc/Core_cpu/U_ID_EX/clk_buf
    SLICE_X31Y71         FDCE                                         r  u_soc/Core_cpu/U_ID_EX/ex_csr_addr_reg[3]/C
  -------------------------------------------------------------------    -------------------
    SLICE_X31Y71         FDCE (Prop_fdce_C_Q)         0.223     5.322 f  u_soc/Core_cpu/U_ID_EX/ex_csr_addr_reg[3]/Q
                         net (fo=6, routed)           0.537     5.860    u_soc/Core_cpu/U_ID_EX/ex_csr_addr[3]
    SLICE_X25Y69         LUT3 (Prop_lut3_I1_O)        0.043     5.903 f  u_soc/Core_cpu/U_ID_EX/mcause[31]_i_5/O
                         net (fo=3, routed)           0.444     6.346    u_soc/Core_cpu/U_ID_EX/mcause[31]_i_5_n_2
    SLICE_X25Y68         LUT5 (Prop_lut5_I4_O)        0.051     6.397 r  u_soc/Core_cpu/U_ID_EX/mtvec[31]_i_12/O
                         net (fo=2, routed)           0.189     6.586    u_soc/Core_cpu/U_ID_EX/mtvec[31]_i_12_n_2
    SLICE_X25Y69         LUT6 (Prop_lut6_I0_O)        0.136     6.722 r  u_soc/Core_cpu/U_ID_EX/mtvec[31]_i_9/O
                         net (fo=27, routed)          0.429     7.151    u_soc/Core_cpu/U_ID_EX/ex_csr_addr_reg[0]_0
    SLICE_X28Y67         LUT6 (Prop_lut6_I1_O)        0.043     7.194 r  u_soc/Core_cpu/U_ID_EX/mscratch[1]_i_2/O
                         net (fo=3, routed)           0.494     7.688    u_soc/Core_cpu/U_ID_EX/csr_rdata[1]
    SLICE_X28Y61         LUT4 (Prop_lut4_I0_O)        0.051     7.739 r  u_soc/Core_cpu/U_ID_EX/alu_c_reg[1]_i_8/O
                         net (fo=15, routed)          0.366     8.105    u_soc/Core_cpu/U_ID_EX/ex_A_final[1]
    SLICE_X27Y61         LUT2 (Prop_lut2_I0_O)        0.136     8.241 f  u_soc/Core_cpu/U_ID_EX/alu_c_reg[1]_i_6/O
                         net (fo=6, routed)           0.391     8.632    u_soc/Core_cpu/U_ID_EX/alu_c_reg[3]_i_18_n_2
    SLICE_X31Y63         LUT3 (Prop_lut3_I2_O)        0.043     8.675 r  u_soc/Core_cpu/U_ID_EX/alu_c_reg[0]_i_43/O
                         net (fo=1, routed)           0.000     8.675    u_soc/Core_cpu/U_ID_EX/alu_c_reg[0]_i_43_n_2
    SLICE_X31Y63         CARRY4 (Prop_carry4_S[0]_CO[3])
                                                      0.259     8.934 r  u_soc/Core_cpu/U_ID_EX/alu_c_reg[0]_i_27/CO[3]
                         net (fo=1, routed)           0.000     8.934    u_soc/Core_cpu/U_ID_EX/alu_c_reg[0]_i_27_n_2
    SLICE_X31Y64         CARRY4 (Prop_carry4_CI_CO[3])
                                                      0.053     8.987 r  u_soc/Core_cpu/U_ID_EX/alu_c_reg[0]_i_17/CO[3]
                         net (fo=1, routed)           0.000     8.987    u_soc/Core_cpu/U_ID_EX/alu_c_reg[0]_i_17_n_2
    SLICE_X31Y65         CARRY4 (Prop_carry4_CI_CO[3])
                                                      0.053     9.040 r  u_soc/Core_cpu/U_ID_EX/alu_c_reg[0]_i_6/CO[3]
                         net (fo=1, routed)           0.000     9.040    u_soc/Core_cpu/U_ID_EX/alu_c_reg[0]_i_6_n_2
    SLICE_X31Y66         CARRY4 (Prop_carry4_CI_CO[3])
                                                      0.053     9.093 r  u_soc/Core_cpu/U_ID_EX/alu_c_reg[0]_i_3/CO[3]
                         net (fo=2, routed)           0.476     9.569    u_soc/Core_cpu/U_ID_EX/U_ALU/data9
    SLICE_X32Y67         LUT4 (Prop_lut4_I3_O)        0.043     9.612 f  u_soc/Core_cpu/U_ID_EX/u1_taken_i_3/O
                         net (fo=2, routed)           0.250     9.861    u_soc/Core_cpu/U_ID_EX/u1_taken_i_3_n_2
    SLICE_X34Y66         LUT6 (Prop_lut6_I4_O)        0.043     9.904 r  u_soc/Core_cpu/U_ID_EX/dat_q_reg_0_63_2_2_i_6/O
                         net (fo=34, routed)          0.590    10.494    u_soc/Core_cpu/U_ID_EX/dat_q_reg_0_63_2_2_i_6_n_2
    SLICE_X40Y64         LUT3 (Prop_lut3_I2_O)        0.049    10.543 f  u_soc/Core_cpu/U_ID_EX/q_row_idx[2][1]_i_10/O
                         net (fo=5, routed)           0.253    10.796    u_soc/Core_cpu/U_ID_EX/q_row_idx[2][1]_i_10_n_2
    SLICE_X40Y63         LUT6 (Prop_lut6_I0_O)        0.136    10.932 r  u_soc/Core_cpu/U_ID_EX/q_pc_q[1]_i_3/O
                         net (fo=2, routed)           0.246    11.178    u_soc/Core_cpu/U_ID_EX/actual_npc[0]
    SLICE_X38Y64         LUT6 (Prop_lut6_I5_O)        0.043    11.221 r  u_soc/Core_cpu/U_ID_EX/q_row_idx[2][1]_i_25/O
                         net (fo=1, routed)           0.000    11.221    u_soc/Core_cpu/U_ID_EX/q_row_idx[2][1]_i_25_n_2
    SLICE_X38Y64         CARRY4 (Prop_carry4_S[0]_CO[3])
                                                      0.246    11.467 r  u_soc/Core_cpu/U_ID_EX/q_row_idx_reg[2][1]_i_17/CO[3]
                         net (fo=1, routed)           0.000    11.467    u_soc/Core_cpu/U_ID_EX/q_row_idx_reg[2][1]_i_17_n_2
    SLICE_X38Y65         CARRY4 (Prop_carry4_CI_CO[3])
                                                      0.054    11.521 r  u_soc/Core_cpu/U_ID_EX/q_row_idx_reg[2][1]_i_13/CO[3]
                         net (fo=1, routed)           0.000    11.521    u_soc/Core_cpu/U_ID_EX/q_row_idx_reg[2][1]_i_13_n_2
    SLICE_X38Y66         CARRY4 (Prop_carry4_CI_CO[2])
                                                      0.110    11.631 f  u_soc/Core_cpu/U_ID_EX/q_row_idx_reg[2][1]_i_12/CO[2]
                         net (fo=4, routed)           0.379    12.010    u_soc/Core_cpu/U_ID_EX/mispredict0
    SLICE_X39Y59         LUT2 (Prop_lut2_I0_O)        0.128    12.138 f  u_soc/Core_cpu/U_ID_EX/cnt_q[4]_i_10/O
                         net (fo=1, routed)           0.229    12.367    u_soc/Core_cpu/U_ID_EX/cnt_q[4]_i_10_n_2
    SLICE_X39Y58         LUT6 (Prop_lut6_I2_O)        0.043    12.410 r  u_soc/Core_cpu/U_ID_EX/cnt_q[4]_i_8/O
                         net (fo=5, routed)           0.203    12.612    u_soc/Core_cpu/u_ifu_subsys/u_btb/push_num1
    SLICE_X41Y58         LUT6 (Prop_lut6_I5_O)        0.043    12.655 r  u_soc/Core_cpu/u_ifu_subsys/u_btb/cnt_q[1]_i_5/O
                         net (fo=2, routed)           0.349    13.004    u_soc/Core_cpu/u_ifu_subsys/u_ibuf/cnt_q_reg[0]_0
    SLICE_X40Y58         LUT4 (Prop_lut4_I3_O)        0.054    13.058 r  u_soc/Core_cpu/u_ifu_subsys/u_ibuf/cnt_q[1]_i_2/O
                         net (fo=15, routed)          0.469    13.527    u_soc/Core_cpu/u_ifu_subsys/u_icache/u_tag_way0/u_prim/ib_push_acc[0]
    SLICE_X31Y55         LUT2 (Prop_lut2_I1_O)        0.137    13.664 r  u_soc/Core_cpu/u_ifu_subsys/u_icache/u_tag_way0/u_prim/q_t0_idx[0]_i_7/O
                         net (fo=1, routed)           0.000    13.664    u_soc/Core_cpu/u_ifu_subsys/u_icache/u_tag_way0/u_prim/q_t0_idx[0]_i_7_n_2
    SLICE_X31Y55         CARRY4 (Prop_carry4_S[1]_CO[3])
                                                      0.267    13.931 r  u_soc/Core_cpu/u_ifu_subsys/u_icache/u_tag_way0/u_prim/q_t0_idx_reg[0]_i_2/CO[3]
                         net (fo=1, routed)           0.000    13.931    u_soc/Core_cpu/u_ifu_subsys/u_icache/u_tag_way0_n_133
    SLICE_X31Y56         CARRY4 (Prop_carry4_CI_O[3])
                                                      0.149    14.080 r  u_soc/Core_cpu/u_ifu_subsys/u_icache/q_t0_idx_reg[1]_i_2/O[3]
                         net (fo=2, routed)           0.246    14.326    u_soc/Core_cpu/u_ifu_subsys/u_btb/mem_q_reg_1[6]
    SLICE_X30Y57         LUT6 (Prop_lut6_I0_O)        0.120    14.446 r  u_soc/Core_cpu/u_ifu_subsys/u_btb/q_row_idx[0][4]_i_1/O
                         net (fo=57, routed)          1.009    15.455    u_soc/Core_cpu/u_ifu_subsys/u_icache/u_dat_way1/u_prim/rd_addr[4]
    RAMB36_X1Y6          RAMB36E1                                     r  u_soc/Core_cpu/u_ifu_subsys/u_icache/u_dat_way1/u_prim/mem_q_reg_0/ADDRARDADDR[10]
  -------------------------------------------------------------------    -------------------

                         (clock clk rise edge)       12.000    12.000 r  
    AE23                                              0.000    12.000 r  clk (IN)
                         net (fo=0)                   0.000    12.000    clk
    AE23                 IBUF (Prop_ibuf_I_O)         0.660    12.660 r  clk_IBUF_inst/O
                         net (fo=1, routed)           2.516    15.176    clk_IBUF
    BUFGCTRL_X0Y0        BUFG (Prop_bufg_I_O)         0.083    15.259 r  u_bufg/O
                         net (fo=5673, routed)        1.698    16.956    u_soc/Core_cpu/u_ifu_subsys/u_icache/u_dat_way1/u_prim/clk_buf
    RAMB36_X1Y6          RAMB36E1                                     r  u_soc/Core_cpu/u_ifu_subsys/u_icache/u_dat_way1/u_prim/mem_q_reg_0/CLKARDCLK
                         clock pessimism              0.237    17.193    
                         clock uncertainty           -0.035    17.158    
    RAMB36_X1Y6          RAMB36E1 (Setup_ramb36e1_CLKARDCLK_ADDRARDADDR[10])
                                                     -0.416    16.742    u_soc/Core_cpu/u_ifu_subsys/u_icache/u_dat_way1/u_prim/mem_q_reg_0
  -------------------------------------------------------------------
                         required time                         16.742    
                         arrival time                         -15.455    
  -------------------------------------------------------------------
                         slack                                  1.287    

Slack (MET) :             1.299ns  (required time - arrival time)
  Source:                 u_soc/Core_cpu/U_ID_EX/ex_csr_addr_reg[3]/C
                            (rising edge-triggered cell FDCE clocked by clk  {rise@0.000ns fall@6.000ns period=12.000ns})
  Destination:            u_soc/Core_cpu/u_ifu_subsys/g_tage.u_tage/q_row_tag_reg[2][0]/D
                            (rising edge-triggered cell FDRE clocked by clk  {rise@0.000ns fall@6.000ns period=12.000ns})
  Path Group:             clk
  Path Type:              Setup (Max at Slow Process Corner)
  Requirement:            12.000ns  (clk rise@12.000ns - clk rise@0.000ns)
  Data Path Delay:        10.626ns  (logic 2.936ns (27.630%)  route 7.690ns (72.370%))
  Logic Levels:           29  (CARRY4=10 LUT2=4 LUT3=3 LUT4=3 LUT5=1 LUT6=8)
  Clock Path Skew:        0.065ns (DCD - SCD + CPR)
    Destination Clock Delay (DCD):    4.928ns = ( 16.928 - 12.000 ) 
    Source Clock Delay      (SCD):    5.099ns
    Clock Pessimism Removal (CPR):    0.237ns
  Clock Uncertainty:      0.035ns  ((TSJ^2 + TIJ^2)^1/2 + DJ) / 2 + PE
    Total System Jitter     (TSJ):    0.071ns
    Total Input Jitter      (TIJ):    0.000ns
    Discrete Jitter          (DJ):    0.000ns
    Phase Error              (PE):    0.000ns

    Location             Delay type                Incr(ns)  Path(ns)    Netlist Resource(s)
  -------------------------------------------------------------------    -------------------
                         (clock clk rise edge)        0.000     0.000 r  
    AE23                                              0.000     0.000 r  clk (IN)
                         net (fo=0)                   0.000     0.000    clk
    AE23                 IBUF (Prop_ibuf_I_O)         0.734     0.734 r  clk_IBUF_inst/O
                         net (fo=1, routed)           2.651     3.385    clk_IBUF
    BUFGCTRL_X0Y0        BUFG (Prop_bufg_I_O)         0.093     3.478 r  u_bufg/O
                         net (fo=5673, routed)        1.621     5.099    u_soc/Core_cpu/U_ID_EX/clk_buf
    SLICE_X31Y71         FDCE                                         r  u_soc/Core_cpu/U_ID_EX/ex_csr_addr_reg[3]/C
  -------------------------------------------------------------------    -------------------
    SLICE_X31Y71         FDCE (Prop_fdce_C_Q)         0.223     5.322 f  u_soc/Core_cpu/U_ID_EX/ex_csr_addr_reg[3]/Q
                         net (fo=6, routed)           0.537     5.860    u_soc/Core_cpu/U_ID_EX/ex_csr_addr[3]
    SLICE_X25Y69         LUT3 (Prop_lut3_I1_O)        0.043     5.903 f  u_soc/Core_cpu/U_ID_EX/mcause[31]_i_5/O
                         net (fo=3, routed)           0.444     6.346    u_soc/Core_cpu/U_ID_EX/mcause[31]_i_5_n_2
    SLICE_X25Y68         LUT5 (Prop_lut5_I4_O)        0.051     6.397 r  u_soc/Core_cpu/U_ID_EX/mtvec[31]_i_12/O
                         net (fo=2, routed)           0.189     6.586    u_soc/Core_cpu/U_ID_EX/mtvec[31]_i_12_n_2
    SLICE_X25Y69         LUT6 (Prop_lut6_I0_O)        0.136     6.722 r  u_soc/Core_cpu/U_ID_EX/mtvec[31]_i_9/O
                         net (fo=27, routed)          0.429     7.151    u_soc/Core_cpu/U_ID_EX/ex_csr_addr_reg[0]_0
    SLICE_X28Y67         LUT6 (Prop_lut6_I1_O)        0.043     7.194 r  u_soc/Core_cpu/U_ID_EX/mscratch[1]_i_2/O
                         net (fo=3, routed)           0.494     7.688    u_soc/Core_cpu/U_ID_EX/csr_rdata[1]
    SLICE_X28Y61         LUT4 (Prop_lut4_I0_O)        0.051     7.739 r  u_soc/Core_cpu/U_ID_EX/alu_c_reg[1]_i_8/O
                         net (fo=15, routed)          0.366     8.105    u_soc/Core_cpu/U_ID_EX/ex_A_final[1]
    SLICE_X27Y61         LUT2 (Prop_lut2_I0_O)        0.136     8.241 f  u_soc/Core_cpu/U_ID_EX/alu_c_reg[1]_i_6/O
                         net (fo=6, routed)           0.391     8.632    u_soc/Core_cpu/U_ID_EX/alu_c_reg[3]_i_18_n_2
    SLICE_X31Y63         LUT3 (Prop_lut3_I2_O)        0.043     8.675 r  u_soc/Core_cpu/U_ID_EX/alu_c_reg[0]_i_43/O
                         net (fo=1, routed)           0.000     8.675    u_soc/Core_cpu/U_ID_EX/alu_c_reg[0]_i_43_n_2
    SLICE_X31Y63         CARRY4 (Prop_carry4_S[0]_CO[3])
                                                      0.259     8.934 r  u_soc/Core_cpu/U_ID_EX/alu_c_reg[0]_i_27/CO[3]
                         net (fo=1, routed)           0.000     8.934    u_soc/Core_cpu/U_ID_EX/alu_c_reg[0]_i_27_n_2
    SLICE_X31Y64         CARRY4 (Prop_carry4_CI_CO[3])
                                                      0.053     8.987 r  u_soc/Core_cpu/U_ID_EX/alu_c_reg[0]_i_17/CO[3]
                         net (fo=1, routed)           0.000     8.987    u_soc/Core_cpu/U_ID_EX/alu_c_reg[0]_i_17_n_2
    SLICE_X31Y65         CARRY4 (Prop_carry4_CI_CO[3])
                                                      0.053     9.040 r  u_soc/Core_cpu/U_ID_EX/alu_c_reg[0]_i_6/CO[3]
                         net (fo=1, routed)           0.000     9.040    u_soc/Core_cpu/U_ID_EX/alu_c_reg[0]_i_6_n_2
    SLICE_X31Y66         CARRY4 (Prop_carry4_CI_CO[3])
                                                      0.053     9.093 r  u_soc/Core_cpu/U_ID_EX/alu_c_reg[0]_i_3/CO[3]
                         net (fo=2, routed)           0.476     9.569    u_soc/Core_cpu/U_ID_EX/U_ALU/data9
    SLICE_X32Y67         LUT4 (Prop_lut4_I3_O)        0.043     9.612 f  u_soc/Core_cpu/U_ID_EX/u1_taken_i_3/O
                         net (fo=2, routed)           0.250     9.861    u_soc/Core_cpu/U_ID_EX/u1_taken_i_3_n_2
    SLICE_X34Y66         LUT6 (Prop_lut6_I4_O)        0.043     9.904 r  u_soc/Core_cpu/U_ID_EX/dat_q_reg_0_63_2_2_i_6/O
                         net (fo=34, routed)          0.590    10.494    u_soc/Core_cpu/U_ID_EX/dat_q_reg_0_63_2_2_i_6_n_2
    SLICE_X40Y64         LUT3 (Prop_lut3_I2_O)        0.049    10.543 f  u_soc/Core_cpu/U_ID_EX/q_row_idx[2][1]_i_10/O
                         net (fo=5, routed)           0.253    10.796    u_soc/Core_cpu/U_ID_EX/q_row_idx[2][1]_i_10_n_2
    SLICE_X40Y63         LUT6 (Prop_lut6_I0_O)        0.136    10.932 r  u_soc/Core_cpu/U_ID_EX/q_pc_q[1]_i_3/O
                         net (fo=2, routed)           0.246    11.178    u_soc/Core_cpu/U_ID_EX/actual_npc[0]
    SLICE_X38Y64         LUT6 (Prop_lut6_I5_O)        0.043    11.221 r  u_soc/Core_cpu/U_ID_EX/q_row_idx[2][1]_i_25/O
                         net (fo=1, routed)           0.000    11.221    u_soc/Core_cpu/U_ID_EX/q_row_idx[2][1]_i_25_n_2
    SLICE_X38Y64         CARRY4 (Prop_carry4_S[0]_CO[3])
                                                      0.246    11.467 r  u_soc/Core_cpu/U_ID_EX/q_row_idx_reg[2][1]_i_17/CO[3]
                         net (fo=1, routed)           0.000    11.467    u_soc/Core_cpu/U_ID_EX/q_row_idx_reg[2][1]_i_17_n_2
    SLICE_X38Y65         CARRY4 (Prop_carry4_CI_CO[3])
                                                      0.054    11.521 r  u_soc/Core_cpu/U_ID_EX/q_row_idx_reg[2][1]_i_13/CO[3]
                         net (fo=1, routed)           0.000    11.521    u_soc/Core_cpu/U_ID_EX/q_row_idx_reg[2][1]_i_13_n_2
    SLICE_X38Y66         CARRY4 (Prop_carry4_CI_CO[2])
                                                      0.110    11.631 f  u_soc/Core_cpu/U_ID_EX/q_row_idx_reg[2][1]_i_12/CO[2]
                         net (fo=4, routed)           0.379    12.010    u_soc/Core_cpu/U_ID_EX/mispredict0
    SLICE_X39Y59         LUT2 (Prop_lut2_I0_O)        0.128    12.138 f  u_soc/Core_cpu/U_ID_EX/cnt_q[4]_i_10/O
                         net (fo=1, routed)           0.229    12.367    u_soc/Core_cpu/U_ID_EX/cnt_q[4]_i_10_n_2
    SLICE_X39Y58         LUT6 (Prop_lut6_I2_O)        0.043    12.410 r  u_soc/Core_cpu/U_ID_EX/cnt_q[4]_i_8/O
                         net (fo=5, routed)           0.203    12.612    u_soc/Core_cpu/u_ifu_subsys/u_btb/push_num1
    SLICE_X41Y58         LUT6 (Prop_lut6_I5_O)        0.043    12.655 r  u_soc/Core_cpu/u_ifu_subsys/u_btb/cnt_q[1]_i_5/O
                         net (fo=2, routed)           0.349    13.004    u_soc/Core_cpu/u_ifu_subsys/u_ibuf/cnt_q_reg[0]_0
    SLICE_X40Y58         LUT4 (Prop_lut4_I3_O)        0.054    13.058 r  u_soc/Core_cpu/u_ifu_subsys/u_ibuf/cnt_q[1]_i_2/O
                         net (fo=15, routed)          0.469    13.527    u_soc/Core_cpu/u_ifu_subsys/u_icache/u_tag_way0/u_prim/ib_push_acc[0]
    SLICE_X31Y55         LUT2 (Prop_lut2_I1_O)        0.137    13.664 r  u_soc/Core_cpu/u_ifu_subsys/u_icache/u_tag_way0/u_prim/q_t0_idx[0]_i_7/O
                         net (fo=1, routed)           0.000    13.664    u_soc/Core_cpu/u_ifu_subsys/u_icache/u_tag_way0/u_prim/q_t0_idx[0]_i_7_n_2
    SLICE_X31Y55         CARRY4 (Prop_carry4_S[1]_CO[3])
                                                      0.267    13.931 r  u_soc/Core_cpu/u_ifu_subsys/u_icache/u_tag_way0/u_prim/q_t0_idx_reg[0]_i_2/CO[3]
                         net (fo=1, routed)           0.000    13.931    u_soc/Core_cpu/u_ifu_subsys/u_icache/u_tag_way0_n_133
    SLICE_X31Y56         CARRY4 (Prop_carry4_CI_CO[3])
                                                      0.053    13.984 r  u_soc/Core_cpu/u_ifu_subsys/u_icache/q_t0_idx_reg[1]_i_2/CO[3]
                         net (fo=1, routed)           0.000    13.984    u_soc/Core_cpu/u_ifu_subsys/u_btb/q_tag_q_reg[2]_1[0]
    SLICE_X31Y57         CARRY4 (Prop_carry4_CI_O[1])
                                                      0.166    14.150 r  u_soc/Core_cpu/u_ifu_subsys/u_btb/q_row_q_reg_rep[5]_i_4/O[1]
                         net (fo=2, routed)           0.271    14.421    u_soc/Core_cpu/u_ifu_subsys/u_btb/next_pc2[10]
    SLICE_X28Y58         LUT6 (Prop_lut6_I4_O)        0.123    14.544 r  u_soc/Core_cpu/u_ifu_subsys/u_btb/q_row_tag[0][0]_i_2/O
                         net (fo=3, routed)           0.846    15.390    u_soc/Core_cpu/u_ifu_subsys/u_ibuf/q_row_tag_reg[3][5][1]
    SLICE_X30Y43         LUT2 (Prop_lut2_I1_O)        0.054    15.444 r  u_soc/Core_cpu/u_ifu_subsys/u_ibuf/q_row_tag[2][0]_i_1/O
                         net (fo=1, routed)           0.282    15.726    u_soc/Core_cpu/u_ifu_subsys/g_tage.u_tage/q_row_tag_reg[2][5]_0[0]
    SLICE_X28Y43         FDRE                                         r  u_soc/Core_cpu/u_ifu_subsys/g_tage.u_tage/q_row_tag_reg[2][0]/D
  -------------------------------------------------------------------    -------------------

                         (clock clk rise edge)       12.000    12.000 r  
    AE23                                              0.000    12.000 r  clk (IN)
                         net (fo=0)                   0.000    12.000    clk
    AE23                 IBUF (Prop_ibuf_I_O)         0.660    12.660 r  clk_IBUF_inst/O
                         net (fo=1, routed)           2.516    15.176    clk_IBUF
    BUFGCTRL_X0Y0        BUFG (Prop_bufg_I_O)         0.083    15.259 r  u_bufg/O
                         net (fo=5673, routed)        1.669    16.928    u_soc/Core_cpu/u_ifu_subsys/g_tage.u_tage/clk_buf
    SLICE_X28Y43         FDRE                                         r  u_soc/Core_cpu/u_ifu_subsys/g_tage.u_tage/q_row_tag_reg[2][0]/C
                         clock pessimism              0.237    17.164    
                         clock uncertainty           -0.035    17.129    
    SLICE_X28Y43         FDRE (Setup_fdre_C_D)       -0.104    17.025    u_soc/Core_cpu/u_ifu_subsys/g_tage.u_tage/q_row_tag_reg[2][0]
  -------------------------------------------------------------------
                         required time                         17.025    
                         arrival time                         -15.726    
  -------------------------------------------------------------------
                         slack                                  1.299    

Slack (MET) :             1.301ns  (required time - arrival time)
  Source:                 u_soc/Core_cpu/U_ID_EX/ex_csr_addr_reg[3]/C
                            (rising edge-triggered cell FDCE clocked by clk  {rise@0.000ns fall@6.000ns period=12.000ns})
  Destination:            u_soc/Core_cpu/u_ifu_subsys/u_icache/u_dat_way0/u_prim/mem_q_reg_0/ADDRARDADDR[7]
                            (rising edge-triggered cell RAMB36E1 clocked by clk  {rise@0.000ns fall@6.000ns period=12.000ns})
  Path Group:             clk
  Path Type:              Setup (Max at Slow Process Corner)
  Requirement:            12.000ns  (clk rise@12.000ns - clk rise@0.000ns)
  Data Path Delay:        10.336ns  (logic 2.775ns (26.848%)  route 7.561ns (73.152%))
  Logic Levels:           27  (CARRY4=9 LUT2=3 LUT3=3 LUT4=3 LUT5=1 LUT6=8)
  Clock Path Skew:        0.089ns (DCD - SCD + CPR)
    Destination Clock Delay (DCD):    4.951ns = ( 16.951 - 12.000 ) 
    Source Clock Delay      (SCD):    5.099ns
    Clock Pessimism Removal (CPR):    0.237ns
  Clock Uncertainty:      0.035ns  ((TSJ^2 + TIJ^2)^1/2 + DJ) / 2 + PE
    Total System Jitter     (TSJ):    0.071ns
    Total Input Jitter      (TIJ):    0.000ns
    Discrete Jitter          (DJ):    0.000ns
    Phase Error              (PE):    0.000ns

    Location             Delay type                Incr(ns)  Path(ns)    Netlist Resource(s)
  -------------------------------------------------------------------    -------------------
                         (clock clk rise edge)        0.000     0.000 r  
    AE23                                              0.000     0.000 r  clk (IN)
                         net (fo=0)                   0.000     0.000    clk
    AE23                 IBUF (Prop_ibuf_I_O)         0.734     0.734 r  clk_IBUF_inst/O
                         net (fo=1, routed)           2.651     3.385    clk_IBUF
    BUFGCTRL_X0Y0        BUFG (Prop_bufg_I_O)         0.093     3.478 r  u_bufg/O
                         net (fo=5673, routed)        1.621     5.099    u_soc/Core_cpu/U_ID_EX/clk_buf
    SLICE_X31Y71         FDCE                                         r  u_soc/Core_cpu/U_ID_EX/ex_csr_addr_reg[3]/C
  -------------------------------------------------------------------    -------------------
    SLICE_X31Y71         FDCE (Prop_fdce_C_Q)         0.223     5.322 f  u_soc/Core_cpu/U_ID_EX/ex_csr_addr_reg[3]/Q
                         net (fo=6, routed)           0.537     5.860    u_soc/Core_cpu/U_ID_EX/ex_csr_addr[3]
    SLICE_X25Y69         LUT3 (Prop_lut3_I1_O)        0.043     5.903 f  u_soc/Core_cpu/U_ID_EX/mcause[31]_i_5/O
                         net (fo=3, routed)           0.444     6.346    u_soc/Core_cpu/U_ID_EX/mcause[31]_i_5_n_2
    SLICE_X25Y68         LUT5 (Prop_lut5_I4_O)        0.051     6.397 r  u_soc/Core_cpu/U_ID_EX/mtvec[31]_i_12/O
                         net (fo=2, routed)           0.189     6.586    u_soc/Core_cpu/U_ID_EX/mtvec[31]_i_12_n_2
    SLICE_X25Y69         LUT6 (Prop_lut6_I0_O)        0.136     6.722 r  u_soc/Core_cpu/U_ID_EX/mtvec[31]_i_9/O
                         net (fo=27, routed)          0.429     7.151    u_soc/Core_cpu/U_ID_EX/ex_csr_addr_reg[0]_0
    SLICE_X28Y67         LUT6 (Prop_lut6_I1_O)        0.043     7.194 r  u_soc/Core_cpu/U_ID_EX/mscratch[1]_i_2/O
                         net (fo=3, routed)           0.494     7.688    u_soc/Core_cpu/U_ID_EX/csr_rdata[1]
    SLICE_X28Y61         LUT4 (Prop_lut4_I0_O)        0.051     7.739 r  u_soc/Core_cpu/U_ID_EX/alu_c_reg[1]_i_8/O
                         net (fo=15, routed)          0.366     8.105    u_soc/Core_cpu/U_ID_EX/ex_A_final[1]
    SLICE_X27Y61         LUT2 (Prop_lut2_I0_O)        0.136     8.241 f  u_soc/Core_cpu/U_ID_EX/alu_c_reg[1]_i_6/O
                         net (fo=6, routed)           0.391     8.632    u_soc/Core_cpu/U_ID_EX/alu_c_reg[3]_i_18_n_2
    SLICE_X31Y63         LUT3 (Prop_lut3_I2_O)        0.043     8.675 r  u_soc/Core_cpu/U_ID_EX/alu_c_reg[0]_i_43/O
                         net (fo=1, routed)           0.000     8.675    u_soc/Core_cpu/U_ID_EX/alu_c_reg[0]_i_43_n_2
    SLICE_X31Y63         CARRY4 (Prop_carry4_S[0]_CO[3])
                                                      0.259     8.934 r  u_soc/Core_cpu/U_ID_EX/alu_c_reg[0]_i_27/CO[3]
                         net (fo=1, routed)           0.000     8.934    u_soc/Core_cpu/U_ID_EX/alu_c_reg[0]_i_27_n_2
    SLICE_X31Y64         CARRY4 (Prop_carry4_CI_CO[3])
                                                      0.053     8.987 r  u_soc/Core_cpu/U_ID_EX/alu_c_reg[0]_i_17/CO[3]
                         net (fo=1, routed)           0.000     8.987    u_soc/Core_cpu/U_ID_EX/alu_c_reg[0]_i_17_n_2
    SLICE_X31Y65         CARRY4 (Prop_carry4_CI_CO[3])
                                                      0.053     9.040 r  u_soc/Core_cpu/U_ID_EX/alu_c_reg[0]_i_6/CO[3]
                         net (fo=1, routed)           0.000     9.040    u_soc/Core_cpu/U_ID_EX/alu_c_reg[0]_i_6_n_2
    SLICE_X31Y66         CARRY4 (Prop_carry4_CI_CO[3])
                                                      0.053     9.093 r  u_soc/Core_cpu/U_ID_EX/alu_c_reg[0]_i_3/CO[3]
                         net (fo=2, routed)           0.476     9.569    u_soc/Core_cpu/U_ID_EX/U_ALU/data9
    SLICE_X32Y67         LUT4 (Prop_lut4_I3_O)        0.043     9.612 f  u_soc/Core_cpu/U_ID_EX/u1_taken_i_3/O
                         net (fo=2, routed)           0.250     9.861    u_soc/Core_cpu/U_ID_EX/u1_taken_i_3_n_2
    SLICE_X34Y66         LUT6 (Prop_lut6_I4_O)        0.043     9.904 r  u_soc/Core_cpu/U_ID_EX/dat_q_reg_0_63_2_2_i_6/O
                         net (fo=34, routed)          0.590    10.494    u_soc/Core_cpu/U_ID_EX/dat_q_reg_0_63_2_2_i_6_n_2
    SLICE_X40Y64         LUT3 (Prop_lut3_I2_O)        0.049    10.543 f  u_soc/Core_cpu/U_ID_EX/q_row_idx[2][1]_i_10/O
                         net (fo=5, routed)           0.253    10.796    u_soc/Core_cpu/U_ID_EX/q_row_idx[2][1]_i_10_n_2
    SLICE_X40Y63         LUT6 (Prop_lut6_I0_O)        0.136    10.932 r  u_soc/Core_cpu/U_ID_EX/q_pc_q[1]_i_3/O
                         net (fo=2, routed)           0.246    11.178    u_soc/Core_cpu/U_ID_EX/actual_npc[0]
    SLICE_X38Y64         LUT6 (Prop_lut6_I5_O)        0.043    11.221 r  u_soc/Core_cpu/U_ID_EX/q_row_idx[2][1]_i_25/O
                         net (fo=1, routed)           0.000    11.221    u_soc/Core_cpu/U_ID_EX/q_row_idx[2][1]_i_25_n_2
    SLICE_X38Y64         CARRY4 (Prop_carry4_S[0]_CO[3])
                                                      0.246    11.467 r  u_soc/Core_cpu/U_ID_EX/q_row_idx_reg[2][1]_i_17/CO[3]
                         net (fo=1, routed)           0.000    11.467    u_soc/Core_cpu/U_ID_EX/q_row_idx_reg[2][1]_i_17_n_2
    SLICE_X38Y65         CARRY4 (Prop_carry4_CI_CO[3])
                                                      0.054    11.521 r  u_soc/Core_cpu/U_ID_EX/q_row_idx_reg[2][1]_i_13/CO[3]
                         net (fo=1, routed)           0.000    11.521    u_soc/Core_cpu/U_ID_EX/q_row_idx_reg[2][1]_i_13_n_2
    SLICE_X38Y66         CARRY4 (Prop_carry4_CI_CO[2])
                                                      0.110    11.631 f  u_soc/Core_cpu/U_ID_EX/q_row_idx_reg[2][1]_i_12/CO[2]
                         net (fo=4, routed)           0.379    12.010    u_soc/Core_cpu/U_ID_EX/mispredict0
    SLICE_X39Y59         LUT2 (Prop_lut2_I0_O)        0.128    12.138 f  u_soc/Core_cpu/U_ID_EX/cnt_q[4]_i_10/O
                         net (fo=1, routed)           0.229    12.367    u_soc/Core_cpu/U_ID_EX/cnt_q[4]_i_10_n_2
    SLICE_X39Y58         LUT6 (Prop_lut6_I2_O)        0.043    12.410 r  u_soc/Core_cpu/U_ID_EX/cnt_q[4]_i_8/O
                         net (fo=5, routed)           0.203    12.612    u_soc/Core_cpu/u_ifu_subsys/u_btb/push_num1
    SLICE_X41Y58         LUT6 (Prop_lut6_I5_O)        0.043    12.655 r  u_soc/Core_cpu/u_ifu_subsys/u_btb/cnt_q[1]_i_5/O
                         net (fo=2, routed)           0.349    13.004    u_soc/Core_cpu/u_ifu_subsys/u_ibuf/cnt_q_reg[0]_0
    SLICE_X40Y58         LUT4 (Prop_lut4_I3_O)        0.054    13.058 r  u_soc/Core_cpu/u_ifu_subsys/u_ibuf/cnt_q[1]_i_2/O
                         net (fo=15, routed)          0.469    13.527    u_soc/Core_cpu/u_ifu_subsys/u_icache/u_tag_way0/u_prim/ib_push_acc[0]
    SLICE_X31Y55         LUT2 (Prop_lut2_I1_O)        0.137    13.664 r  u_soc/Core_cpu/u_ifu_subsys/u_icache/u_tag_way0/u_prim/q_t0_idx[0]_i_7/O
                         net (fo=1, routed)           0.000    13.664    u_soc/Core_cpu/u_ifu_subsys/u_icache/u_tag_way0/u_prim/q_t0_idx[0]_i_7_n_2
    SLICE_X31Y55         CARRY4 (Prop_carry4_S[1]_CO[3])
                                                      0.267    13.931 r  u_soc/Core_cpu/u_ifu_subsys/u_icache/u_tag_way0/u_prim/q_t0_idx_reg[0]_i_2/CO[3]
                         net (fo=1, routed)           0.000    13.931    u_soc/Core_cpu/u_ifu_subsys/u_icache/u_tag_way0_n_133
    SLICE_X31Y56         CARRY4 (Prop_carry4_CI_O[0])
                                                      0.111    14.042 r  u_soc/Core_cpu/u_ifu_subsys/u_icache/q_t0_idx_reg[1]_i_2/O[0]
                         net (fo=2, routed)           0.199    14.241    u_soc/Core_cpu/u_ifu_subsys/u_btb/mem_q_reg_1[3]
    SLICE_X27Y56         LUT6 (Prop_lut6_I0_O)        0.124    14.365 r  u_soc/Core_cpu/u_ifu_subsys/u_btb/q_t0_idx[1]_i_1/O
                         net (fo=59, routed)          1.071    15.435    u_soc/Core_cpu/u_ifu_subsys/u_icache/u_dat_way0/u_prim/rd_addr[1]
    RAMB36_X1Y5          RAMB36E1                                     r  u_soc/Core_cpu/u_ifu_subsys/u_icache/u_dat_way0/u_prim/mem_q_reg_0/ADDRARDADDR[7]
  -------------------------------------------------------------------    -------------------

                         (clock clk rise edge)       12.000    12.000 r  
    AE23                                              0.000    12.000 r  clk (IN)
                         net (fo=0)                   0.000    12.000    clk
    AE23                 IBUF (Prop_ibuf_I_O)         0.660    12.660 r  clk_IBUF_inst/O
                         net (fo=1, routed)           2.516    15.176    clk_IBUF
    BUFGCTRL_X0Y0        BUFG (Prop_bufg_I_O)         0.083    15.259 r  u_bufg/O
                         net (fo=5673, routed)        1.693    16.951    u_soc/Core_cpu/u_ifu_subsys/u_icache/u_dat_way0/u_prim/clk_buf
    RAMB36_X1Y5          RAMB36E1                                     r  u_soc/Core_cpu/u_ifu_subsys/u_icache/u_dat_way0/u_prim/mem_q_reg_0/CLKARDCLK
                         clock pessimism              0.237    17.188    
                         clock uncertainty           -0.035    17.153    
    RAMB36_X1Y5          RAMB36E1 (Setup_ramb36e1_CLKARDCLK_ADDRARDADDR[7])
                                                     -0.416    16.737    u_soc/Core_cpu/u_ifu_subsys/u_icache/u_dat_way0/u_prim/mem_q_reg_0
  -------------------------------------------------------------------
                         required time                         16.737    
                         arrival time                         -15.435    
  -------------------------------------------------------------------
                         slack                                  1.301    

Slack (MET) :             1.329ns  (required time - arrival time)
  Source:                 u_soc/Core_cpu/U_ID_EX/ex_csr_addr_reg[3]/C
                            (rising edge-triggered cell FDCE clocked by clk  {rise@0.000ns fall@6.000ns period=12.000ns})
  Destination:            u_soc/Core_cpu/u_ifu_subsys/g_tage.u_tage/q_row_tag_reg[2][2]/D
                            (rising edge-triggered cell FDRE clocked by clk  {rise@0.000ns fall@6.000ns period=12.000ns})
  Path Group:             clk
  Path Type:              Setup (Max at Slow Process Corner)
  Requirement:            12.000ns  (clk rise@12.000ns - clk rise@0.000ns)
  Data Path Delay:        10.735ns  (logic 2.585ns (24.081%)  route 8.150ns (75.919%))
  Logic Levels:           28  (CARRY4=7 LUT2=2 LUT3=4 LUT4=2 LUT5=2 LUT6=10 MUXF7=1)
  Clock Path Skew:        0.065ns (DCD - SCD + CPR)
    Destination Clock Delay (DCD):    4.928ns = ( 16.928 - 12.000 ) 
    Source Clock Delay      (SCD):    5.099ns
    Clock Pessimism Removal (CPR):    0.237ns
  Clock Uncertainty:      0.035ns  ((TSJ^2 + TIJ^2)^1/2 + DJ) / 2 + PE
    Total System Jitter     (TSJ):    0.071ns
    Total Input Jitter      (TIJ):    0.000ns
    Discrete Jitter          (DJ):    0.000ns
    Phase Error              (PE):    0.000ns

    Location             Delay type                Incr(ns)  Path(ns)    Netlist Resource(s)
  -------------------------------------------------------------------    -------------------
                         (clock clk rise edge)        0.000     0.000 r  
    AE23                                              0.000     0.000 r  clk (IN)
                         net (fo=0)                   0.000     0.000    clk
    AE23                 IBUF (Prop_ibuf_I_O)         0.734     0.734 r  clk_IBUF_inst/O
                         net (fo=1, routed)           2.651     3.385    clk_IBUF
    BUFGCTRL_X0Y0        BUFG (Prop_bufg_I_O)         0.093     3.478 r  u_bufg/O
                         net (fo=5673, routed)        1.621     5.099    u_soc/Core_cpu/U_ID_EX/clk_buf
    SLICE_X31Y71         FDCE                                         r  u_soc/Core_cpu/U_ID_EX/ex_csr_addr_reg[3]/C
  -------------------------------------------------------------------    -------------------
    SLICE_X31Y71         FDCE (Prop_fdce_C_Q)         0.223     5.322 f  u_soc/Core_cpu/U_ID_EX/ex_csr_addr_reg[3]/Q
                         net (fo=6, routed)           0.537     5.860    u_soc/Core_cpu/U_ID_EX/ex_csr_addr[3]
    SLICE_X25Y69         LUT3 (Prop_lut3_I1_O)        0.043     5.903 f  u_soc/Core_cpu/U_ID_EX/mcause[31]_i_5/O
                         net (fo=3, routed)           0.444     6.346    u_soc/Core_cpu/U_ID_EX/mcause[31]_i_5_n_2
    SLICE_X25Y68         LUT5 (Prop_lut5_I4_O)        0.051     6.397 r  u_soc/Core_cpu/U_ID_EX/mtvec[31]_i_12/O
                         net (fo=2, routed)           0.189     6.586    u_soc/Core_cpu/U_ID_EX/mtvec[31]_i_12_n_2
    SLICE_X25Y69         LUT6 (Prop_lut6_I0_O)        0.136     6.722 r  u_soc/Core_cpu/U_ID_EX/mtvec[31]_i_9/O
                         net (fo=27, routed)          0.429     7.151    u_soc/Core_cpu/U_ID_EX/ex_csr_addr_reg[0]_0
    SLICE_X28Y67         LUT6 (Prop_lut6_I1_O)        0.043     7.194 r  u_soc/Core_cpu/U_ID_EX/mscratch[1]_i_2/O
                         net (fo=3, routed)           0.494     7.688    u_soc/Core_cpu/U_ID_EX/csr_rdata[1]
    SLICE_X28Y61         LUT4 (Prop_lut4_I0_O)        0.051     7.739 r  u_soc/Core_cpu/U_ID_EX/alu_c_reg[1]_i_8/O
                         net (fo=15, routed)          0.366     8.105    u_soc/Core_cpu/U_ID_EX/ex_A_final[1]
    SLICE_X27Y61         LUT2 (Prop_lut2_I0_O)        0.136     8.241 f  u_soc/Core_cpu/U_ID_EX/alu_c_reg[1]_i_6/O
                         net (fo=6, routed)           0.391     8.632    u_soc/Core_cpu/U_ID_EX/alu_c_reg[3]_i_18_n_2
    SLICE_X31Y63         LUT3 (Prop_lut3_I2_O)        0.043     8.675 r  u_soc/Core_cpu/U_ID_EX/alu_c_reg[0]_i_43/O
                         net (fo=1, routed)           0.000     8.675    u_soc/Core_cpu/U_ID_EX/alu_c_reg[0]_i_43_n_2
    SLICE_X31Y63         CARRY4 (Prop_carry4_S[0]_CO[3])
                                                      0.259     8.934 r  u_soc/Core_cpu/U_ID_EX/alu_c_reg[0]_i_27/CO[3]
                         net (fo=1, routed)           0.000     8.934    u_soc/Core_cpu/U_ID_EX/alu_c_reg[0]_i_27_n_2
    SLICE_X31Y64         CARRY4 (Prop_carry4_CI_CO[3])
                                                      0.053     8.987 r  u_soc/Core_cpu/U_ID_EX/alu_c_reg[0]_i_17/CO[3]
                         net (fo=1, routed)           0.000     8.987    u_soc/Core_cpu/U_ID_EX/alu_c_reg[0]_i_17_n_2
    SLICE_X31Y65         CARRY4 (Prop_carry4_CI_CO[3])
                                                      0.053     9.040 r  u_soc/Core_cpu/U_ID_EX/alu_c_reg[0]_i_6/CO[3]
                         net (fo=1, routed)           0.000     9.040    u_soc/Core_cpu/U_ID_EX/alu_c_reg[0]_i_6_n_2
    SLICE_X31Y66         CARRY4 (Prop_carry4_CI_CO[3])
                                                      0.053     9.093 r  u_soc/Core_cpu/U_ID_EX/alu_c_reg[0]_i_3/CO[3]
                         net (fo=2, routed)           0.476     9.569    u_soc/Core_cpu/U_ID_EX/U_ALU/data9
    SLICE_X32Y67         LUT4 (Prop_lut4_I3_O)        0.043     9.612 f  u_soc/Core_cpu/U_ID_EX/u1_taken_i_3/O
                         net (fo=2, routed)           0.250     9.861    u_soc/Core_cpu/U_ID_EX/u1_taken_i_3_n_2
    SLICE_X34Y66         LUT6 (Prop_lut6_I4_O)        0.043     9.904 r  u_soc/Core_cpu/U_ID_EX/dat_q_reg_0_63_2_2_i_6/O
                         net (fo=34, routed)          0.590    10.494    u_soc/Core_cpu/U_ID_EX/dat_q_reg_0_63_2_2_i_6_n_2
    SLICE_X40Y64         LUT3 (Prop_lut3_I2_O)        0.049    10.543 f  u_soc/Core_cpu/U_ID_EX/q_row_idx[2][1]_i_10/O
                         net (fo=5, routed)           0.253    10.796    u_soc/Core_cpu/U_ID_EX/q_row_idx[2][1]_i_10_n_2
    SLICE_X40Y63         LUT6 (Prop_lut6_I0_O)        0.136    10.932 r  u_soc/Core_cpu/U_ID_EX/q_pc_q[1]_i_3/O
                         net (fo=2, routed)           0.246    11.178    u_soc/Core_cpu/U_ID_EX/actual_npc[0]
    SLICE_X38Y64         LUT6 (Prop_lut6_I5_O)        0.043    11.221 r  u_soc/Core_cpu/U_ID_EX/q_row_idx[2][1]_i_25/O
                         net (fo=1, routed)           0.000    11.221    u_soc/Core_cpu/U_ID_EX/q_row_idx[2][1]_i_25_n_2
    SLICE_X38Y64         CARRY4 (Prop_carry4_S[0]_CO[3])
                                                      0.246    11.467 r  u_soc/Core_cpu/U_ID_EX/q_row_idx_reg[2][1]_i_17/CO[3]
                         net (fo=1, routed)           0.000    11.467    u_soc/Core_cpu/U_ID_EX/q_row_idx_reg[2][1]_i_17_n_2
    SLICE_X38Y65         CARRY4 (Prop_carry4_CI_CO[3])
                                                      0.054    11.521 r  u_soc/Core_cpu/U_ID_EX/q_row_idx_reg[2][1]_i_13/CO[3]
                         net (fo=1, routed)           0.000    11.521    u_soc/Core_cpu/U_ID_EX/q_row_idx_reg[2][1]_i_13_n_2
    SLICE_X38Y66         CARRY4 (Prop_carry4_CI_CO[2])
                                                      0.110    11.631 r  u_soc/Core_cpu/U_ID_EX/q_row_idx_reg[2][1]_i_12/CO[2]
                         net (fo=4, routed)           0.379    12.010    u_soc/Core_cpu/U_ID_EX/mispredict0
    SLICE_X39Y59         LUT2 (Prop_lut2_I0_O)        0.128    12.138 r  u_soc/Core_cpu/U_ID_EX/cnt_q[4]_i_10/O
                         net (fo=1, routed)           0.229    12.367    u_soc/Core_cpu/U_ID_EX/cnt_q[4]_i_10_n_2
    SLICE_X39Y58         LUT6 (Prop_lut6_I2_O)        0.043    12.410 f  u_soc/Core_cpu/U_ID_EX/cnt_q[4]_i_8/O
                         net (fo=5, routed)           0.241    12.651    u_soc/Core_cpu/u_ifu_subsys/u_btb/push_num1
    SLICE_X39Y57         LUT6 (Prop_lut6_I0_O)        0.043    12.694 f  u_soc/Core_cpu/u_ifu_subsys/u_btb/cnt_q[4]_i_6/O
                         net (fo=1, routed)           0.360    13.054    u_soc/Core_cpu/u_ifu_subsys/u_ibuf/push_num[2]
    SLICE_X39Y57         LUT3 (Prop_lut3_I1_O)        0.051    13.105 f  u_soc/Core_cpu/u_ifu_subsys/u_ibuf/cnt_q[4]_i_4/O
                         net (fo=912, routed)         0.651    13.756    u_soc/Core_cpu/u_ifu_subsys/u_ibuf/ib_push_acc[2]
    SLICE_X34Y52         LUT6 (Prop_lut6_I3_O)        0.135    13.891 f  u_soc/Core_cpu/u_ifu_subsys/u_ibuf/ghr_q[13]_i_9/O
                         net (fo=21, routed)          0.861    14.752    u_soc/Core_cpu/u_ifu_subsys/u_ibuf/q_pc_q_reg[2]_rep
    SLICE_X28Y42         LUT5 (Prop_lut5_I1_O)        0.043    14.795 r  u_soc/Core_cpu/u_ifu_subsys/u_ibuf/q_row_idx[2][0]_i_9/O
                         net (fo=1, routed)           0.438    15.234    u_soc/Core_cpu/u_ifu_subsys/u_ibuf/q_row_idx[2][0]_i_9_n_2
    SLICE_X28Y41         LUT6 (Prop_lut6_I0_O)        0.043    15.277 r  u_soc/Core_cpu/u_ifu_subsys/u_ibuf/q_row_idx[2][0]_i_5/O
                         net (fo=1, routed)           0.000    15.277    u_soc/Core_cpu/U_ID_EX/q_row_tag_reg[3][3]
    SLICE_X28Y41         MUXF7 (Prop_muxf7_I0_O)      0.107    15.384 r  u_soc/Core_cpu/U_ID_EX/q_row_idx_reg[2][0]_i_2/O
                         net (fo=4, routed)           0.327    15.710    u_soc/Core_cpu/U_ID_EX/q_row_idx_reg[2][0]_i_2_n_2
    SLICE_X29Y42         LUT6 (Prop_lut6_I0_O)        0.124    15.834 r  u_soc/Core_cpu/U_ID_EX/q_row_tag[2][2]_i_1/O
                         net (fo=1, routed)           0.000    15.834    u_soc/Core_cpu/u_ifu_subsys/g_tage.u_tage/q_row_tag_reg[2][5]_0[2]
    SLICE_X29Y42         FDRE                                         r  u_soc/Core_cpu/u_ifu_subsys/g_tage.u_tage/q_row_tag_reg[2][2]/D
  -------------------------------------------------------------------    -------------------

                         (clock clk rise edge)       12.000    12.000 r  
    AE23                                              0.000    12.000 r  clk (IN)
                         net (fo=0)                   0.000    12.000    clk
    AE23                 IBUF (Prop_ibuf_I_O)         0.660    12.660 r  clk_IBUF_inst/O
                         net (fo=1, routed)           2.516    15.176    clk_IBUF
    BUFGCTRL_X0Y0        BUFG (Prop_bufg_I_O)         0.083    15.259 r  u_bufg/O
                         net (fo=5673, routed)        1.669    16.928    u_soc/Core_cpu/u_ifu_subsys/g_tage.u_tage/clk_buf
    SLICE_X29Y42         FDRE                                         r  u_soc/Core_cpu/u_ifu_subsys/g_tage.u_tage/q_row_tag_reg[2][2]/C
                         clock pessimism              0.237    17.164    
                         clock uncertainty           -0.035    17.129    
    SLICE_X29Y42         FDRE (Setup_fdre_C_D)        0.034    17.163    u_soc/Core_cpu/u_ifu_subsys/g_tage.u_tage/q_row_tag_reg[2][2]
  -------------------------------------------------------------------
                         required time                         17.163    
                         arrival time                         -15.834    
  -------------------------------------------------------------------
                         slack                                  1.329    

Slack (MET) :             1.340ns  (required time - arrival time)
  Source:                 u_soc/Core_cpu/U_ID_EX/ex_csr_addr_reg[3]/C
                            (rising edge-triggered cell FDCE clocked by clk  {rise@0.000ns fall@6.000ns period=12.000ns})
  Destination:            u_soc/Core_cpu/u_ifu_subsys/u_ibuf/ent_q_reg[5][49]/D
                            (rising edge-triggered cell FDRE clocked by clk  {rise@0.000ns fall@6.000ns period=12.000ns})
  Path Group:             clk
  Path Type:              Setup (Max at Slow Process Corner)
  Requirement:            12.000ns  (clk rise@12.000ns - clk rise@0.000ns)
  Data Path Delay:        10.544ns  (logic 2.402ns (22.781%)  route 8.142ns (77.219%))
  Logic Levels:           27  (CARRY4=7 LUT2=2 LUT3=4 LUT4=3 LUT5=2 LUT6=9)
  Clock Path Skew:        -0.114ns (DCD - SCD + CPR)
    Destination Clock Delay (DCD):    4.676ns = ( 16.676 - 12.000 ) 
    Source Clock Delay      (SCD):    5.099ns
    Clock Pessimism Removal (CPR):    0.310ns
  Clock Uncertainty:      0.035ns  ((TSJ^2 + TIJ^2)^1/2 + DJ) / 2 + PE
    Total System Jitter     (TSJ):    0.071ns
    Total Input Jitter      (TIJ):    0.000ns
    Discrete Jitter          (DJ):    0.000ns
    Phase Error              (PE):    0.000ns

    Location             Delay type                Incr(ns)  Path(ns)    Netlist Resource(s)
  -------------------------------------------------------------------    -------------------
                         (clock clk rise edge)        0.000     0.000 r  
    AE23                                              0.000     0.000 r  clk (IN)
                         net (fo=0)                   0.000     0.000    clk
    AE23                 IBUF (Prop_ibuf_I_O)         0.734     0.734 r  clk_IBUF_inst/O
                         net (fo=1, routed)           2.651     3.385    clk_IBUF
    BUFGCTRL_X0Y0        BUFG (Prop_bufg_I_O)         0.093     3.478 r  u_bufg/O
                         net (fo=5673, routed)        1.621     5.099    u_soc/Core_cpu/U_ID_EX/clk_buf
    SLICE_X31Y71         FDCE                                         r  u_soc/Core_cpu/U_ID_EX/ex_csr_addr_reg[3]/C
  -------------------------------------------------------------------    -------------------
    SLICE_X31Y71         FDCE (Prop_fdce_C_Q)         0.223     5.322 f  u_soc/Core_cpu/U_ID_EX/ex_csr_addr_reg[3]/Q
                         net (fo=6, routed)           0.537     5.860    u_soc/Core_cpu/U_ID_EX/ex_csr_addr[3]
    SLICE_X25Y69         LUT3 (Prop_lut3_I1_O)        0.043     5.903 f  u_soc/Core_cpu/U_ID_EX/mcause[31]_i_5/O
                         net (fo=3, routed)           0.444     6.346    u_soc/Core_cpu/U_ID_EX/mcause[31]_i_5_n_2
    SLICE_X25Y68         LUT5 (Prop_lut5_I4_O)        0.051     6.397 r  u_soc/Core_cpu/U_ID_EX/mtvec[31]_i_12/O
                         net (fo=2, routed)           0.189     6.586    u_soc/Core_cpu/U_ID_EX/mtvec[31]_i_12_n_2
    SLICE_X25Y69         LUT6 (Prop_lut6_I0_O)        0.136     6.722 r  u_soc/Core_cpu/U_ID_EX/mtvec[31]_i_9/O
                         net (fo=27, routed)          0.429     7.151    u_soc/Core_cpu/U_ID_EX/ex_csr_addr_reg[0]_0
    SLICE_X28Y67         LUT6 (Prop_lut6_I1_O)        0.043     7.194 r  u_soc/Core_cpu/U_ID_EX/mscratch[1]_i_2/O
                         net (fo=3, routed)           0.494     7.688    u_soc/Core_cpu/U_ID_EX/csr_rdata[1]
    SLICE_X28Y61         LUT4 (Prop_lut4_I0_O)        0.051     7.739 r  u_soc/Core_cpu/U_ID_EX/alu_c_reg[1]_i_8/O
                         net (fo=15, routed)          0.366     8.105    u_soc/Core_cpu/U_ID_EX/ex_A_final[1]
    SLICE_X27Y61         LUT2 (Prop_lut2_I0_O)        0.136     8.241 f  u_soc/Core_cpu/U_ID_EX/alu_c_reg[1]_i_6/O
                         net (fo=6, routed)           0.391     8.632    u_soc/Core_cpu/U_ID_EX/alu_c_reg[3]_i_18_n_2
    SLICE_X31Y63         LUT3 (Prop_lut3_I2_O)        0.043     8.675 r  u_soc/Core_cpu/U_ID_EX/alu_c_reg[0]_i_43/O
                         net (fo=1, routed)           0.000     8.675    u_soc/Core_cpu/U_ID_EX/alu_c_reg[0]_i_43_n_2
    SLICE_X31Y63         CARRY4 (Prop_carry4_S[0]_CO[3])
                                                      0.259     8.934 r  u_soc/Core_cpu/U_ID_EX/alu_c_reg[0]_i_27/CO[3]
                         net (fo=1, routed)           0.000     8.934    u_soc/Core_cpu/U_ID_EX/alu_c_reg[0]_i_27_n_2
    SLICE_X31Y64         CARRY4 (Prop_carry4_CI_CO[3])
                                                      0.053     8.987 r  u_soc/Core_cpu/U_ID_EX/alu_c_reg[0]_i_17/CO[3]
                         net (fo=1, routed)           0.000     8.987    u_soc/Core_cpu/U_ID_EX/alu_c_reg[0]_i_17_n_2
    SLICE_X31Y65         CARRY4 (Prop_carry4_CI_CO[3])
                                                      0.053     9.040 r  u_soc/Core_cpu/U_ID_EX/alu_c_reg[0]_i_6/CO[3]
                         net (fo=1, routed)           0.000     9.040    u_soc/Core_cpu/U_ID_EX/alu_c_reg[0]_i_6_n_2
    SLICE_X31Y66         CARRY4 (Prop_carry4_CI_CO[3])
                                                      0.053     9.093 r  u_soc/Core_cpu/U_ID_EX/alu_c_reg[0]_i_3/CO[3]
                         net (fo=2, routed)           0.476     9.569    u_soc/Core_cpu/U_ID_EX/U_ALU/data9
    SLICE_X32Y67         LUT4 (Prop_lut4_I3_O)        0.043     9.612 f  u_soc/Core_cpu/U_ID_EX/u1_taken_i_3/O
                         net (fo=2, routed)           0.250     9.861    u_soc/Core_cpu/U_ID_EX/u1_taken_i_3_n_2
    SLICE_X34Y66         LUT6 (Prop_lut6_I4_O)        0.043     9.904 r  u_soc/Core_cpu/U_ID_EX/dat_q_reg_0_63_2_2_i_6/O
                         net (fo=34, routed)          0.590    10.494    u_soc/Core_cpu/U_ID_EX/dat_q_reg_0_63_2_2_i_6_n_2
    SLICE_X40Y64         LUT3 (Prop_lut3_I2_O)        0.049    10.543 f  u_soc/Core_cpu/U_ID_EX/q_row_idx[2][1]_i_10/O
                         net (fo=5, routed)           0.253    10.796    u_soc/Core_cpu/U_ID_EX/q_row_idx[2][1]_i_10_n_2
    SLICE_X40Y63         LUT6 (Prop_lut6_I0_O)        0.136    10.932 r  u_soc/Core_cpu/U_ID_EX/q_pc_q[1]_i_3/O
                         net (fo=2, routed)           0.246    11.178    u_soc/Core_cpu/U_ID_EX/actual_npc[0]
    SLICE_X38Y64         LUT6 (Prop_lut6_I5_O)        0.043    11.221 r  u_soc/Core_cpu/U_ID_EX/q_row_idx[2][1]_i_25/O
                         net (fo=1, routed)           0.000    11.221    u_soc/Core_cpu/U_ID_EX/q_row_idx[2][1]_i_25_n_2
    SLICE_X38Y64         CARRY4 (Prop_carry4_S[0]_CO[3])
                                                      0.246    11.467 r  u_soc/Core_cpu/U_ID_EX/q_row_idx_reg[2][1]_i_17/CO[3]
                         net (fo=1, routed)           0.000    11.467    u_soc/Core_cpu/U_ID_EX/q_row_idx_reg[2][1]_i_17_n_2
    SLICE_X38Y65         CARRY4 (Prop_carry4_CI_CO[3])
                                                      0.054    11.521 r  u_soc/Core_cpu/U_ID_EX/q_row_idx_reg[2][1]_i_13/CO[3]
                         net (fo=1, routed)           0.000    11.521    u_soc/Core_cpu/U_ID_EX/q_row_idx_reg[2][1]_i_13_n_2
    SLICE_X38Y66         CARRY4 (Prop_carry4_CI_CO[2])
                                                      0.110    11.631 f  u_soc/Core_cpu/U_ID_EX/q_row_idx_reg[2][1]_i_12/CO[2]
                         net (fo=4, routed)           0.379    12.010    u_soc/Core_cpu/U_ID_EX/mispredict0
    SLICE_X39Y59         LUT2 (Prop_lut2_I0_O)        0.128    12.138 f  u_soc/Core_cpu/U_ID_EX/cnt_q[4]_i_10/O
                         net (fo=1, routed)           0.229    12.367    u_soc/Core_cpu/U_ID_EX/cnt_q[4]_i_10_n_2
    SLICE_X39Y58         LUT6 (Prop_lut6_I2_O)        0.043    12.410 r  u_soc/Core_cpu/U_ID_EX/cnt_q[4]_i_8/O
                         net (fo=5, routed)           0.203    12.612    u_soc/Core_cpu/u_ifu_subsys/u_btb/push_num1
    SLICE_X41Y58         LUT6 (Prop_lut6_I5_O)        0.043    12.655 r  u_soc/Core_cpu/u_ifu_subsys/u_btb/cnt_q[1]_i_5/O
                         net (fo=2, routed)           0.349    13.004    u_soc/Core_cpu/u_ifu_subsys/u_ibuf/cnt_q_reg[0]_0
    SLICE_X40Y58         LUT4 (Prop_lut4_I3_O)        0.054    13.058 r  u_soc/Core_cpu/u_ifu_subsys/u_ibuf/cnt_q[1]_i_2/O
                         net (fo=15, routed)          0.465    13.524    u_soc/Core_cpu/u_ifu_subsys/u_ibuf/ib_push_acc[0]
    SLICE_X40Y57         LUT3 (Prop_lut3_I1_O)        0.137    13.661 r  u_soc/Core_cpu/u_ifu_subsys/u_ibuf/cnt_q[1]_i_6/O
                         net (fo=97, routed)          1.092    14.753    u_soc/Core_cpu/u_ifu_subsys/u_ibuf/cnt_q_reg[4]_0
    SLICE_X63Y75         LUT5 (Prop_lut5_I4_O)        0.043    14.796 r  u_soc/Core_cpu/u_ifu_subsys/u_ibuf/ent_q[6][49]_i_5/O
                         net (fo=9, routed)           0.432    15.228    u_soc/Core_cpu/u_ifu_subsys/u_ibuf/p_0_in__0[49]
    SLICE_X64Y77         LUT6 (Prop_lut6_I3_O)        0.043    15.271 r  u_soc/Core_cpu/u_ifu_subsys/u_ibuf/ent_q[5][49]_i_2/O
                         net (fo=1, routed)           0.329    15.600    u_soc/Core_cpu/u_ifu_subsys/u_ibuf/ent_q[5][49]_i_2_n_2
    SLICE_X64Y77         LUT6 (Prop_lut6_I5_O)        0.043    15.643 r  u_soc/Core_cpu/u_ifu_subsys/u_ibuf/ent_q[5][49]_i_1/O
                         net (fo=1, routed)           0.000    15.643    u_soc/Core_cpu/u_ifu_subsys/u_ibuf/ent_q[5][49]_i_1_n_2
    SLICE_X64Y77         FDRE                                         r  u_soc/Core_cpu/u_ifu_subsys/u_ibuf/ent_q_reg[5][49]/D
  -------------------------------------------------------------------    -------------------

                         (clock clk rise edge)       12.000    12.000 r  
    AE23                                              0.000    12.000 r  clk (IN)
                         net (fo=0)                   0.000    12.000    clk
    AE23                 IBUF (Prop_ibuf_I_O)         0.660    12.660 r  clk_IBUF_inst/O
                         net (fo=1, routed)           2.516    15.176    clk_IBUF
    BUFGCTRL_X0Y0        BUFG (Prop_bufg_I_O)         0.083    15.259 r  u_bufg/O
                         net (fo=5673, routed)        1.417    16.676    u_soc/Core_cpu/u_ifu_subsys/u_ibuf/clk_buf
    SLICE_X64Y77         FDRE                                         r  u_soc/Core_cpu/u_ifu_subsys/u_ibuf/ent_q_reg[5][49]/C
                         clock pessimism              0.310    16.985    
                         clock uncertainty           -0.035    16.950    
    SLICE_X64Y77         FDRE (Setup_fdre_C_D)        0.033    16.983    u_soc/Core_cpu/u_ifu_subsys/u_ibuf/ent_q_reg[5][49]
  -------------------------------------------------------------------
                         required time                         16.983    
                         arrival time                         -15.643    
  -------------------------------------------------------------------
                         slack                                  1.340    

Slack (MET) :             1.343ns  (required time - arrival time)
  Source:                 u_soc/Core_cpu/U_ID_EX/ex_csr_addr_reg[3]/C
                            (rising edge-triggered cell FDCE clocked by clk  {rise@0.000ns fall@6.000ns period=12.000ns})
  Destination:            u_soc/Core_cpu/u_ifu_subsys/g_tage.u_tage/q_row_tag_reg[2][1]/D
                            (rising edge-triggered cell FDRE clocked by clk  {rise@0.000ns fall@6.000ns period=12.000ns})
  Path Group:             clk
  Path Type:              Setup (Max at Slow Process Corner)
  Requirement:            12.000ns  (clk rise@12.000ns - clk rise@0.000ns)
  Data Path Delay:        10.575ns  (logic 2.403ns (22.724%)  route 8.172ns (77.276%))
  Logic Levels:           27  (CARRY4=7 LUT2=3 LUT3=4 LUT4=2 LUT5=1 LUT6=10)
  Clock Path Skew:        0.065ns (DCD - SCD + CPR)
    Destination Clock Delay (DCD):    4.928ns = ( 16.928 - 12.000 ) 
    Source Clock Delay      (SCD):    5.099ns
    Clock Pessimism Removal (CPR):    0.237ns
  Clock Uncertainty:      0.035ns  ((TSJ^2 + TIJ^2)^1/2 + DJ) / 2 + PE
    Total System Jitter     (TSJ):    0.071ns
    Total Input Jitter      (TIJ):    0.000ns
    Discrete Jitter          (DJ):    0.000ns
    Phase Error              (PE):    0.000ns

    Location             Delay type                Incr(ns)  Path(ns)    Netlist Resource(s)
  -------------------------------------------------------------------    -------------------
                         (clock clk rise edge)        0.000     0.000 r  
    AE23                                              0.000     0.000 r  clk (IN)
                         net (fo=0)                   0.000     0.000    clk
    AE23                 IBUF (Prop_ibuf_I_O)         0.734     0.734 r  clk_IBUF_inst/O
                         net (fo=1, routed)           2.651     3.385    clk_IBUF
    BUFGCTRL_X0Y0        BUFG (Prop_bufg_I_O)         0.093     3.478 r  u_bufg/O
                         net (fo=5673, routed)        1.621     5.099    u_soc/Core_cpu/U_ID_EX/clk_buf
    SLICE_X31Y71         FDCE                                         r  u_soc/Core_cpu/U_ID_EX/ex_csr_addr_reg[3]/C
  -------------------------------------------------------------------    -------------------
    SLICE_X31Y71         FDCE (Prop_fdce_C_Q)         0.223     5.322 f  u_soc/Core_cpu/U_ID_EX/ex_csr_addr_reg[3]/Q
                         net (fo=6, routed)           0.537     5.860    u_soc/Core_cpu/U_ID_EX/ex_csr_addr[3]
    SLICE_X25Y69         LUT3 (Prop_lut3_I1_O)        0.043     5.903 f  u_soc/Core_cpu/U_ID_EX/mcause[31]_i_5/O
                         net (fo=3, routed)           0.444     6.346    u_soc/Core_cpu/U_ID_EX/mcause[31]_i_5_n_2
    SLICE_X25Y68         LUT5 (Prop_lut5_I4_O)        0.051     6.397 r  u_soc/Core_cpu/U_ID_EX/mtvec[31]_i_12/O
                         net (fo=2, routed)           0.189     6.586    u_soc/Core_cpu/U_ID_EX/mtvec[31]_i_12_n_2
    SLICE_X25Y69         LUT6 (Prop_lut6_I0_O)        0.136     6.722 r  u_soc/Core_cpu/U_ID_EX/mtvec[31]_i_9/O
                         net (fo=27, routed)          0.429     7.151    u_soc/Core_cpu/U_ID_EX/ex_csr_addr_reg[0]_0
    SLICE_X28Y67         LUT6 (Prop_lut6_I1_O)        0.043     7.194 r  u_soc/Core_cpu/U_ID_EX/mscratch[1]_i_2/O
                         net (fo=3, routed)           0.494     7.688    u_soc/Core_cpu/U_ID_EX/csr_rdata[1]
    SLICE_X28Y61         LUT4 (Prop_lut4_I0_O)        0.051     7.739 r  u_soc/Core_cpu/U_ID_EX/alu_c_reg[1]_i_8/O
                         net (fo=15, routed)          0.366     8.105    u_soc/Core_cpu/U_ID_EX/ex_A_final[1]
    SLICE_X27Y61         LUT2 (Prop_lut2_I0_O)        0.136     8.241 f  u_soc/Core_cpu/U_ID_EX/alu_c_reg[1]_i_6/O
                         net (fo=6, routed)           0.391     8.632    u_soc/Core_cpu/U_ID_EX/alu_c_reg[3]_i_18_n_2
    SLICE_X31Y63         LUT3 (Prop_lut3_I2_O)        0.043     8.675 r  u_soc/Core_cpu/U_ID_EX/alu_c_reg[0]_i_43/O
                         net (fo=1, routed)           0.000     8.675    u_soc/Core_cpu/U_ID_EX/alu_c_reg[0]_i_43_n_2
    SLICE_X31Y63         CARRY4 (Prop_carry4_S[0]_CO[3])
                                                      0.259     8.934 r  u_soc/Core_cpu/U_ID_EX/alu_c_reg[0]_i_27/CO[3]
                         net (fo=1, routed)           0.000     8.934    u_soc/Core_cpu/U_ID_EX/alu_c_reg[0]_i_27_n_2
    SLICE_X31Y64         CARRY4 (Prop_carry4_CI_CO[3])
                                                      0.053     8.987 r  u_soc/Core_cpu/U_ID_EX/alu_c_reg[0]_i_17/CO[3]
                         net (fo=1, routed)           0.000     8.987    u_soc/Core_cpu/U_ID_EX/alu_c_reg[0]_i_17_n_2
    SLICE_X31Y65         CARRY4 (Prop_carry4_CI_CO[3])
                                                      0.053     9.040 r  u_soc/Core_cpu/U_ID_EX/alu_c_reg[0]_i_6/CO[3]
                         net (fo=1, routed)           0.000     9.040    u_soc/Core_cpu/U_ID_EX/alu_c_reg[0]_i_6_n_2
    SLICE_X31Y66         CARRY4 (Prop_carry4_CI_CO[3])
                                                      0.053     9.093 r  u_soc/Core_cpu/U_ID_EX/alu_c_reg[0]_i_3/CO[3]
                         net (fo=2, routed)           0.476     9.569    u_soc/Core_cpu/U_ID_EX/U_ALU/data9
    SLICE_X32Y67         LUT4 (Prop_lut4_I3_O)        0.043     9.612 f  u_soc/Core_cpu/U_ID_EX/u1_taken_i_3/O
                         net (fo=2, routed)           0.250     9.861    u_soc/Core_cpu/U_ID_EX/u1_taken_i_3_n_2
    SLICE_X34Y66         LUT6 (Prop_lut6_I4_O)        0.043     9.904 r  u_soc/Core_cpu/U_ID_EX/dat_q_reg_0_63_2_2_i_6/O
                         net (fo=34, routed)          0.590    10.494    u_soc/Core_cpu/U_ID_EX/dat_q_reg_0_63_2_2_i_6_n_2
    SLICE_X40Y64         LUT3 (Prop_lut3_I2_O)        0.049    10.543 f  u_soc/Core_cpu/U_ID_EX/q_row_idx[2][1]_i_10/O
                         net (fo=5, routed)           0.253    10.796    u_soc/Core_cpu/U_ID_EX/q_row_idx[2][1]_i_10_n_2
    SLICE_X40Y63         LUT6 (Prop_lut6_I0_O)        0.136    10.932 r  u_soc/Core_cpu/U_ID_EX/q_pc_q[1]_i_3/O
                         net (fo=2, routed)           0.246    11.178    u_soc/Core_cpu/U_ID_EX/actual_npc[0]
    SLICE_X38Y64         LUT6 (Prop_lut6_I5_O)        0.043    11.221 r  u_soc/Core_cpu/U_ID_EX/q_row_idx[2][1]_i_25/O
                         net (fo=1, routed)           0.000    11.221    u_soc/Core_cpu/U_ID_EX/q_row_idx[2][1]_i_25_n_2
    SLICE_X38Y64         CARRY4 (Prop_carry4_S[0]_CO[3])
                                                      0.246    11.467 r  u_soc/Core_cpu/U_ID_EX/q_row_idx_reg[2][1]_i_17/CO[3]
                         net (fo=1, routed)           0.000    11.467    u_soc/Core_cpu/U_ID_EX/q_row_idx_reg[2][1]_i_17_n_2
    SLICE_X38Y65         CARRY4 (Prop_carry4_CI_CO[3])
                                                      0.054    11.521 r  u_soc/Core_cpu/U_ID_EX/q_row_idx_reg[2][1]_i_13/CO[3]
                         net (fo=1, routed)           0.000    11.521    u_soc/Core_cpu/U_ID_EX/q_row_idx_reg[2][1]_i_13_n_2
    SLICE_X38Y66         CARRY4 (Prop_carry4_CI_CO[2])
                                                      0.110    11.631 f  u_soc/Core_cpu/U_ID_EX/q_row_idx_reg[2][1]_i_12/CO[2]
                         net (fo=4, routed)           0.379    12.010    u_soc/Core_cpu/U_ID_EX/mispredict0
    SLICE_X39Y59         LUT2 (Prop_lut2_I0_O)        0.128    12.138 f  u_soc/Core_cpu/U_ID_EX/cnt_q[4]_i_10/O
                         net (fo=1, routed)           0.229    12.367    u_soc/Core_cpu/U_ID_EX/cnt_q[4]_i_10_n_2
    SLICE_X39Y58         LUT6 (Prop_lut6_I2_O)        0.043    12.410 r  u_soc/Core_cpu/U_ID_EX/cnt_q[4]_i_8/O
                         net (fo=5, routed)           0.241    12.651    u_soc/Core_cpu/u_ifu_subsys/u_btb/push_num1
    SLICE_X39Y57         LUT6 (Prop_lut6_I0_O)        0.043    12.694 r  u_soc/Core_cpu/u_ifu_subsys/u_btb/cnt_q[4]_i_6/O
                         net (fo=1, routed)           0.360    13.054    u_soc/Core_cpu/u_ifu_subsys/u_ibuf/push_num[2]
    SLICE_X39Y57         LUT3 (Prop_lut3_I1_O)        0.051    13.105 r  u_soc/Core_cpu/u_ifu_subsys/u_ibuf/cnt_q[4]_i_4/O
                         net (fo=912, routed)         0.651    13.756    u_soc/Core_cpu/u_ifu_subsys/u_ibuf/ib_push_acc[2]
    SLICE_X34Y52         LUT6 (Prop_lut6_I3_O)        0.135    13.891 r  u_soc/Core_cpu/u_ifu_subsys/u_ibuf/ghr_q[13]_i_9/O
                         net (fo=21, routed)          0.518    14.409    u_soc/Core_cpu/u_ifu_subsys/u_btb/ghr_q_reg[5]_0
    SLICE_X30Y50         LUT6 (Prop_lut6_I2_O)        0.043    14.452 r  u_soc/Core_cpu/u_ifu_subsys/u_btb/ghr_q[5]_i_2/O
                         net (fo=2, routed)           0.475    14.927    u_soc/Core_cpu/u_ifu_subsys/u_btb/ghr_q_reg[2]
    SLICE_X30Y42         LUT6 (Prop_lut6_I2_O)        0.043    14.970 r  u_soc/Core_cpu/u_ifu_subsys/u_btb/ghr_q[5]_i_1/O
                         net (fo=5, routed)           0.325    15.294    u_soc/Core_cpu/u_ifu_subsys/u_btb/ghr_after[0]
    SLICE_X29Y43         LUT2 (Prop_lut2_I0_O)        0.049    15.343 r  u_soc/Core_cpu/u_ifu_subsys/u_btb/q_row_tag[2][1]_i_1/O
                         net (fo=1, routed)           0.331    15.674    u_soc/Core_cpu/u_ifu_subsys/g_tage.u_tage/q_row_tag_reg[2][5]_0[1]
    SLICE_X28Y43         FDRE                                         r  u_soc/Core_cpu/u_ifu_subsys/g_tage.u_tage/q_row_tag_reg[2][1]/D
  -------------------------------------------------------------------    -------------------

                         (clock clk rise edge)       12.000    12.000 r  
    AE23                                              0.000    12.000 r  clk (IN)
                         net (fo=0)                   0.000    12.000    clk
    AE23                 IBUF (Prop_ibuf_I_O)         0.660    12.660 r  clk_IBUF_inst/O
                         net (fo=1, routed)           2.516    15.176    clk_IBUF
    BUFGCTRL_X0Y0        BUFG (Prop_bufg_I_O)         0.083    15.259 r  u_bufg/O
                         net (fo=5673, routed)        1.669    16.928    u_soc/Core_cpu/u_ifu_subsys/g_tage.u_tage/clk_buf
    SLICE_X28Y43         FDRE                                         r  u_soc/Core_cpu/u_ifu_subsys/g_tage.u_tage/q_row_tag_reg[2][1]/C
                         clock pessimism              0.237    17.164    
                         clock uncertainty           -0.035    17.129    
    SLICE_X28Y43         FDRE (Setup_fdre_C_D)       -0.112    17.017    u_soc/Core_cpu/u_ifu_subsys/g_tage.u_tage/q_row_tag_reg[2][1]
  -------------------------------------------------------------------
                         required time                         17.017    
                         arrival time                         -15.674    
  -------------------------------------------------------------------
                         slack                                  1.343    

Slack (MET) :             1.353ns  (required time - arrival time)
  Source:                 u_soc/Core_cpu/U_ID_EX/ex_csr_addr_reg[3]/C
                            (rising edge-triggered cell FDCE clocked by clk  {rise@0.000ns fall@6.000ns period=12.000ns})
  Destination:            u_soc/Core_cpu/u_ifu_subsys/u_icache/u_dat_way0/wt_q_reg/D
                            (rising edge-triggered cell FDRE clocked by clk  {rise@0.000ns fall@6.000ns period=12.000ns})
  Path Group:             clk
  Path Type:              Setup (Max at Slow Process Corner)
  Requirement:            12.000ns  (clk rise@12.000ns - clk rise@0.000ns)
  Data Path Delay:        10.709ns  (logic 2.890ns (26.987%)  route 7.819ns (73.013%))
  Logic Levels:           28  (CARRY4=8 LUT2=3 LUT3=3 LUT4=5 LUT5=1 LUT6=8)
  Clock Path Skew:        0.064ns (DCD - SCD + CPR)
    Destination Clock Delay (DCD):    4.927ns = ( 16.927 - 12.000 ) 
    Source Clock Delay      (SCD):    5.099ns
    Clock Pessimism Removal (CPR):    0.237ns
  Clock Uncertainty:      0.035ns  ((TSJ^2 + TIJ^2)^1/2 + DJ) / 2 + PE
    Total System Jitter     (TSJ):    0.071ns
    Total Input Jitter      (TIJ):    0.000ns
    Discrete Jitter          (DJ):    0.000ns
    Phase Error              (PE):    0.000ns

    Location             Delay type                Incr(ns)  Path(ns)    Netlist Resource(s)
  -------------------------------------------------------------------    -------------------
                         (clock clk rise edge)        0.000     0.000 r  
    AE23                                              0.000     0.000 r  clk (IN)
                         net (fo=0)                   0.000     0.000    clk
    AE23                 IBUF (Prop_ibuf_I_O)         0.734     0.734 r  clk_IBUF_inst/O
                         net (fo=1, routed)           2.651     3.385    clk_IBUF
    BUFGCTRL_X0Y0        BUFG (Prop_bufg_I_O)         0.093     3.478 r  u_bufg/O
                         net (fo=5673, routed)        1.621     5.099    u_soc/Core_cpu/U_ID_EX/clk_buf
    SLICE_X31Y71         FDCE                                         r  u_soc/Core_cpu/U_ID_EX/ex_csr_addr_reg[3]/C
  -------------------------------------------------------------------    -------------------
    SLICE_X31Y71         FDCE (Prop_fdce_C_Q)         0.223     5.322 f  u_soc/Core_cpu/U_ID_EX/ex_csr_addr_reg[3]/Q
                         net (fo=6, routed)           0.537     5.860    u_soc/Core_cpu/U_ID_EX/ex_csr_addr[3]
    SLICE_X25Y69         LUT3 (Prop_lut3_I1_O)        0.043     5.903 f  u_soc/Core_cpu/U_ID_EX/mcause[31]_i_5/O
                         net (fo=3, routed)           0.444     6.346    u_soc/Core_cpu/U_ID_EX/mcause[31]_i_5_n_2
    SLICE_X25Y68         LUT5 (Prop_lut5_I4_O)        0.051     6.397 r  u_soc/Core_cpu/U_ID_EX/mtvec[31]_i_12/O
                         net (fo=2, routed)           0.189     6.586    u_soc/Core_cpu/U_ID_EX/mtvec[31]_i_12_n_2
    SLICE_X25Y69         LUT6 (Prop_lut6_I0_O)        0.136     6.722 r  u_soc/Core_cpu/U_ID_EX/mtvec[31]_i_9/O
                         net (fo=27, routed)          0.429     7.151    u_soc/Core_cpu/U_ID_EX/ex_csr_addr_reg[0]_0
    SLICE_X28Y67         LUT6 (Prop_lut6_I1_O)        0.043     7.194 r  u_soc/Core_cpu/U_ID_EX/mscratch[1]_i_2/O
                         net (fo=3, routed)           0.494     7.688    u_soc/Core_cpu/U_ID_EX/csr_rdata[1]
    SLICE_X28Y61         LUT4 (Prop_lut4_I0_O)        0.051     7.739 r  u_soc/Core_cpu/U_ID_EX/alu_c_reg[1]_i_8/O
                         net (fo=15, routed)          0.366     8.105    u_soc/Core_cpu/U_ID_EX/ex_A_final[1]
    SLICE_X27Y61         LUT2 (Prop_lut2_I0_O)        0.136     8.241 f  u_soc/Core_cpu/U_ID_EX/alu_c_reg[1]_i_6/O
                         net (fo=6, routed)           0.391     8.632    u_soc/Core_cpu/U_ID_EX/alu_c_reg[3]_i_18_n_2
    SLICE_X31Y63         LUT3 (Prop_lut3_I2_O)        0.043     8.675 r  u_soc/Core_cpu/U_ID_EX/alu_c_reg[0]_i_43/O
                         net (fo=1, routed)           0.000     8.675    u_soc/Core_cpu/U_ID_EX/alu_c_reg[0]_i_43_n_2
    SLICE_X31Y63         CARRY4 (Prop_carry4_S[0]_CO[3])
                                                      0.259     8.934 r  u_soc/Core_cpu/U_ID_EX/alu_c_reg[0]_i_27/CO[3]
                         net (fo=1, routed)           0.000     8.934    u_soc/Core_cpu/U_ID_EX/alu_c_reg[0]_i_27_n_2
    SLICE_X31Y64         CARRY4 (Prop_carry4_CI_CO[3])
                                                      0.053     8.987 r  u_soc/Core_cpu/U_ID_EX/alu_c_reg[0]_i_17/CO[3]
                         net (fo=1, routed)           0.000     8.987    u_soc/Core_cpu/U_ID_EX/alu_c_reg[0]_i_17_n_2
    SLICE_X31Y65         CARRY4 (Prop_carry4_CI_CO[3])
                                                      0.053     9.040 r  u_soc/Core_cpu/U_ID_EX/alu_c_reg[0]_i_6/CO[3]
                         net (fo=1, routed)           0.000     9.040    u_soc/Core_cpu/U_ID_EX/alu_c_reg[0]_i_6_n_2
    SLICE_X31Y66         CARRY4 (Prop_carry4_CI_CO[3])
                                                      0.053     9.093 r  u_soc/Core_cpu/U_ID_EX/alu_c_reg[0]_i_3/CO[3]
                         net (fo=2, routed)           0.476     9.569    u_soc/Core_cpu/U_ID_EX/U_ALU/data9
    SLICE_X32Y67         LUT4 (Prop_lut4_I3_O)        0.043     9.612 f  u_soc/Core_cpu/U_ID_EX/u1_taken_i_3/O
                         net (fo=2, routed)           0.250     9.861    u_soc/Core_cpu/U_ID_EX/u1_taken_i_3_n_2
    SLICE_X34Y66         LUT6 (Prop_lut6_I4_O)        0.043     9.904 r  u_soc/Core_cpu/U_ID_EX/dat_q_reg_0_63_2_2_i_6/O
                         net (fo=34, routed)          0.590    10.494    u_soc/Core_cpu/U_ID_EX/dat_q_reg_0_63_2_2_i_6_n_2
    SLICE_X40Y64         LUT3 (Prop_lut3_I2_O)        0.049    10.543 f  u_soc/Core_cpu/U_ID_EX/q_row_idx[2][1]_i_10/O
                         net (fo=5, routed)           0.253    10.796    u_soc/Core_cpu/U_ID_EX/q_row_idx[2][1]_i_10_n_2
    SLICE_X40Y63         LUT6 (Prop_lut6_I0_O)        0.136    10.932 r  u_soc/Core_cpu/U_ID_EX/q_pc_q[1]_i_3/O
                         net (fo=2, routed)           0.246    11.178    u_soc/Core_cpu/U_ID_EX/actual_npc[0]
    SLICE_X38Y64         LUT6 (Prop_lut6_I5_O)        0.043    11.221 r  u_soc/Core_cpu/U_ID_EX/q_row_idx[2][1]_i_25/O
                         net (fo=1, routed)           0.000    11.221    u_soc/Core_cpu/U_ID_EX/q_row_idx[2][1]_i_25_n_2
    SLICE_X38Y64         CARRY4 (Prop_carry4_S[0]_CO[3])
                                                      0.246    11.467 r  u_soc/Core_cpu/U_ID_EX/q_row_idx_reg[2][1]_i_17/CO[3]
                         net (fo=1, routed)           0.000    11.467    u_soc/Core_cpu/U_ID_EX/q_row_idx_reg[2][1]_i_17_n_2
    SLICE_X38Y65         CARRY4 (Prop_carry4_CI_CO[3])
                                                      0.054    11.521 r  u_soc/Core_cpu/U_ID_EX/q_row_idx_reg[2][1]_i_13/CO[3]
                         net (fo=1, routed)           0.000    11.521    u_soc/Core_cpu/U_ID_EX/q_row_idx_reg[2][1]_i_13_n_2
    SLICE_X38Y66         CARRY4 (Prop_carry4_CI_CO[2])
                                                      0.110    11.631 f  u_soc/Core_cpu/U_ID_EX/q_row_idx_reg[2][1]_i_12/CO[2]
                         net (fo=4, routed)           0.379    12.010    u_soc/Core_cpu/U_ID_EX/mispredict0
    SLICE_X39Y59         LUT2 (Prop_lut2_I0_O)        0.128    12.138 f  u_soc/Core_cpu/U_ID_EX/cnt_q[4]_i_10/O
                         net (fo=1, routed)           0.229    12.367    u_soc/Core_cpu/U_ID_EX/cnt_q[4]_i_10_n_2
    SLICE_X39Y58         LUT6 (Prop_lut6_I2_O)        0.043    12.410 r  u_soc/Core_cpu/U_ID_EX/cnt_q[4]_i_8/O
                         net (fo=5, routed)           0.203    12.612    u_soc/Core_cpu/u_ifu_subsys/u_btb/push_num1
    SLICE_X41Y58         LUT6 (Prop_lut6_I5_O)        0.043    12.655 r  u_soc/Core_cpu/u_ifu_subsys/u_btb/cnt_q[1]_i_5/O
                         net (fo=2, routed)           0.349    13.004    u_soc/Core_cpu/u_ifu_subsys/u_ibuf/cnt_q_reg[0]_0
    SLICE_X40Y58         LUT4 (Prop_lut4_I3_O)        0.054    13.058 r  u_soc/Core_cpu/u_ifu_subsys/u_ibuf/cnt_q[1]_i_2/O
                         net (fo=15, routed)          0.469    13.527    u_soc/Core_cpu/u_ifu_subsys/u_icache/u_tag_way0/u_prim/ib_push_acc[0]
    SLICE_X31Y55         LUT2 (Prop_lut2_I1_O)        0.137    13.664 r  u_soc/Core_cpu/u_ifu_subsys/u_icache/u_tag_way0/u_prim/q_t0_idx[0]_i_7/O
                         net (fo=1, routed)           0.000    13.664    u_soc/Core_cpu/u_ifu_subsys/u_icache/u_tag_way0/u_prim/q_t0_idx[0]_i_7_n_2
    SLICE_X31Y55         CARRY4 (Prop_carry4_S[1]_O[3])
                                                      0.312    13.976 r  u_soc/Core_cpu/u_ifu_subsys/u_icache/u_tag_way0/u_prim/q_t0_idx_reg[0]_i_2/O[3]
                         net (fo=2, routed)           0.326    14.302    u_soc/Core_cpu/u_ifu_subsys/u_btb/mem_q_reg_1[2]
    SLICE_X30Y54         LUT6 (Prop_lut6_I0_O)        0.120    14.422 r  u_soc/Core_cpu/u_ifu_subsys/u_btb/q_t0_idx[0]_i_1/O
                         net (fo=59, routed)          0.886    15.308    u_soc/Core_cpu/u_ifu_subsys/u_refill/wt_q_reg_0[0]
    SLICE_X27Y37         LUT4 (Prop_lut4_I1_O)        0.049    15.357 r  u_soc/Core_cpu/u_ifu_subsys/u_refill/wt_q_i_2__0/O
                         net (fo=1, routed)           0.315    15.672    u_soc/Core_cpu/u_ifu_subsys/u_refill/wt_q_i_2__0_n_2
    SLICE_X27Y39         LUT4 (Prop_lut4_I2_O)        0.136    15.808 r  u_soc/Core_cpu/u_ifu_subsys/u_refill/wt_q_i_1__0/O
                         net (fo=1, routed)           0.000    15.808    u_soc/Core_cpu/u_ifu_subsys/u_icache/u_dat_way0/wt_q_reg_1
    SLICE_X27Y39         FDRE                                         r  u_soc/Core_cpu/u_ifu_subsys/u_icache/u_dat_way0/wt_q_reg/D
  -------------------------------------------------------------------    -------------------

                         (clock clk rise edge)       12.000    12.000 r  
    AE23                                              0.000    12.000 r  clk (IN)
                         net (fo=0)                   0.000    12.000    clk
    AE23                 IBUF (Prop_ibuf_I_O)         0.660    12.660 r  clk_IBUF_inst/O
                         net (fo=1, routed)           2.516    15.176    clk_IBUF
    BUFGCTRL_X0Y0        BUFG (Prop_bufg_I_O)         0.083    15.259 r  u_bufg/O
                         net (fo=5673, routed)        1.668    16.927    u_soc/Core_cpu/u_ifu_subsys/u_icache/u_dat_way0/clk_buf
    SLICE_X27Y39         FDRE                                         r  u_soc/Core_cpu/u_ifu_subsys/u_icache/u_dat_way0/wt_q_reg/C
                         clock pessimism              0.237    17.163    
                         clock uncertainty           -0.035    17.128    
    SLICE_X27Y39         FDRE (Setup_fdre_C_D)        0.033    17.161    u_soc/Core_cpu/u_ifu_subsys/u_icache/u_dat_way0/wt_q_reg
  -------------------------------------------------------------------
                         required time                         17.161    
                         arrival time                         -15.808    
  -------------------------------------------------------------------
                         slack                                  1.353    

Slack (MET) :             1.363ns  (required time - arrival time)
  Source:                 u_soc/Core_cpu/U_ID_EX/ex_csr_addr_reg[3]/C
                            (rising edge-triggered cell FDCE clocked by clk  {rise@0.000ns fall@6.000ns period=12.000ns})
  Destination:            u_soc/Core_cpu/u_ifu_subsys/u_icache/u_dat_way1/u_prim/mem_q_reg_0/ADDRARDADDR[8]
                            (rising edge-triggered cell RAMB36E1 clocked by clk  {rise@0.000ns fall@6.000ns period=12.000ns})
  Path Group:             clk
  Path Type:              Setup (Max at Slow Process Corner)
  Requirement:            12.000ns  (clk rise@12.000ns - clk rise@0.000ns)
  Data Path Delay:        10.279ns  (logic 2.829ns (27.522%)  route 7.450ns (72.478%))
  Logic Levels:           27  (CARRY4=9 LUT2=3 LUT3=3 LUT4=3 LUT5=1 LUT6=8)
  Clock Path Skew:        0.094ns (DCD - SCD + CPR)
    Destination Clock Delay (DCD):    4.956ns = ( 16.956 - 12.000 ) 
    Source Clock Delay      (SCD):    5.099ns
    Clock Pessimism Removal (CPR):    0.237ns
  Clock Uncertainty:      0.035ns  ((TSJ^2 + TIJ^2)^1/2 + DJ) / 2 + PE
    Total System Jitter     (TSJ):    0.071ns
    Total Input Jitter      (TIJ):    0.000ns
    Discrete Jitter          (DJ):    0.000ns
    Phase Error              (PE):    0.000ns

    Location             Delay type                Incr(ns)  Path(ns)    Netlist Resource(s)
  -------------------------------------------------------------------    -------------------
                         (clock clk rise edge)        0.000     0.000 r  
    AE23                                              0.000     0.000 r  clk (IN)
                         net (fo=0)                   0.000     0.000    clk
    AE23                 IBUF (Prop_ibuf_I_O)         0.734     0.734 r  clk_IBUF_inst/O
                         net (fo=1, routed)           2.651     3.385    clk_IBUF
    BUFGCTRL_X0Y0        BUFG (Prop_bufg_I_O)         0.093     3.478 r  u_bufg/O
                         net (fo=5673, routed)        1.621     5.099    u_soc/Core_cpu/U_ID_EX/clk_buf
    SLICE_X31Y71         FDCE                                         r  u_soc/Core_cpu/U_ID_EX/ex_csr_addr_reg[3]/C
  -------------------------------------------------------------------    -------------------
    SLICE_X31Y71         FDCE (Prop_fdce_C_Q)         0.223     5.322 f  u_soc/Core_cpu/U_ID_EX/ex_csr_addr_reg[3]/Q
                         net (fo=6, routed)           0.537     5.860    u_soc/Core_cpu/U_ID_EX/ex_csr_addr[3]
    SLICE_X25Y69         LUT3 (Prop_lut3_I1_O)        0.043     5.903 f  u_soc/Core_cpu/U_ID_EX/mcause[31]_i_5/O
                         net (fo=3, routed)           0.444     6.346    u_soc/Core_cpu/U_ID_EX/mcause[31]_i_5_n_2
    SLICE_X25Y68         LUT5 (Prop_lut5_I4_O)        0.051     6.397 r  u_soc/Core_cpu/U_ID_EX/mtvec[31]_i_12/O
                         net (fo=2, routed)           0.189     6.586    u_soc/Core_cpu/U_ID_EX/mtvec[31]_i_12_n_2
    SLICE_X25Y69         LUT6 (Prop_lut6_I0_O)        0.136     6.722 r  u_soc/Core_cpu/U_ID_EX/mtvec[31]_i_9/O
                         net (fo=27, routed)          0.429     7.151    u_soc/Core_cpu/U_ID_EX/ex_csr_addr_reg[0]_0
    SLICE_X28Y67         LUT6 (Prop_lut6_I1_O)        0.043     7.194 r  u_soc/Core_cpu/U_ID_EX/mscratch[1]_i_2/O
                         net (fo=3, routed)           0.494     7.688    u_soc/Core_cpu/U_ID_EX/csr_rdata[1]
    SLICE_X28Y61         LUT4 (Prop_lut4_I0_O)        0.051     7.739 r  u_soc/Core_cpu/U_ID_EX/alu_c_reg[1]_i_8/O
                         net (fo=15, routed)          0.366     8.105    u_soc/Core_cpu/U_ID_EX/ex_A_final[1]
    SLICE_X27Y61         LUT2 (Prop_lut2_I0_O)        0.136     8.241 f  u_soc/Core_cpu/U_ID_EX/alu_c_reg[1]_i_6/O
                         net (fo=6, routed)           0.391     8.632    u_soc/Core_cpu/U_ID_EX/alu_c_reg[3]_i_18_n_2
    SLICE_X31Y63         LUT3 (Prop_lut3_I2_O)        0.043     8.675 r  u_soc/Core_cpu/U_ID_EX/alu_c_reg[0]_i_43/O
                         net (fo=1, routed)           0.000     8.675    u_soc/Core_cpu/U_ID_EX/alu_c_reg[0]_i_43_n_2
    SLICE_X31Y63         CARRY4 (Prop_carry4_S[0]_CO[3])
                                                      0.259     8.934 r  u_soc/Core_cpu/U_ID_EX/alu_c_reg[0]_i_27/CO[3]
                         net (fo=1, routed)           0.000     8.934    u_soc/Core_cpu/U_ID_EX/alu_c_reg[0]_i_27_n_2
    SLICE_X31Y64         CARRY4 (Prop_carry4_CI_CO[3])
                                                      0.053     8.987 r  u_soc/Core_cpu/U_ID_EX/alu_c_reg[0]_i_17/CO[3]
                         net (fo=1, routed)           0.000     8.987    u_soc/Core_cpu/U_ID_EX/alu_c_reg[0]_i_17_n_2
    SLICE_X31Y65         CARRY4 (Prop_carry4_CI_CO[3])
                                                      0.053     9.040 r  u_soc/Core_cpu/U_ID_EX/alu_c_reg[0]_i_6/CO[3]
                         net (fo=1, routed)           0.000     9.040    u_soc/Core_cpu/U_ID_EX/alu_c_reg[0]_i_6_n_2
    SLICE_X31Y66         CARRY4 (Prop_carry4_CI_CO[3])
                                                      0.053     9.093 r  u_soc/Core_cpu/U_ID_EX/alu_c_reg[0]_i_3/CO[3]
                         net (fo=2, routed)           0.476     9.569    u_soc/Core_cpu/U_ID_EX/U_ALU/data9
    SLICE_X32Y67         LUT4 (Prop_lut4_I3_O)        0.043     9.612 f  u_soc/Core_cpu/U_ID_EX/u1_taken_i_3/O
                         net (fo=2, routed)           0.250     9.861    u_soc/Core_cpu/U_ID_EX/u1_taken_i_3_n_2
    SLICE_X34Y66         LUT6 (Prop_lut6_I4_O)        0.043     9.904 r  u_soc/Core_cpu/U_ID_EX/dat_q_reg_0_63_2_2_i_6/O
                         net (fo=34, routed)          0.590    10.494    u_soc/Core_cpu/U_ID_EX/dat_q_reg_0_63_2_2_i_6_n_2
    SLICE_X40Y64         LUT3 (Prop_lut3_I2_O)        0.049    10.543 f  u_soc/Core_cpu/U_ID_EX/q_row_idx[2][1]_i_10/O
                         net (fo=5, routed)           0.253    10.796    u_soc/Core_cpu/U_ID_EX/q_row_idx[2][1]_i_10_n_2
    SLICE_X40Y63         LUT6 (Prop_lut6_I0_O)        0.136    10.932 r  u_soc/Core_cpu/U_ID_EX/q_pc_q[1]_i_3/O
                         net (fo=2, routed)           0.246    11.178    u_soc/Core_cpu/U_ID_EX/actual_npc[0]
    SLICE_X38Y64         LUT6 (Prop_lut6_I5_O)        0.043    11.221 r  u_soc/Core_cpu/U_ID_EX/q_row_idx[2][1]_i_25/O
                         net (fo=1, routed)           0.000    11.221    u_soc/Core_cpu/U_ID_EX/q_row_idx[2][1]_i_25_n_2
    SLICE_X38Y64         CARRY4 (Prop_carry4_S[0]_CO[3])
                                                      0.246    11.467 r  u_soc/Core_cpu/U_ID_EX/q_row_idx_reg[2][1]_i_17/CO[3]
                         net (fo=1, routed)           0.000    11.467    u_soc/Core_cpu/U_ID_EX/q_row_idx_reg[2][1]_i_17_n_2
    SLICE_X38Y65         CARRY4 (Prop_carry4_CI_CO[3])
                                                      0.054    11.521 r  u_soc/Core_cpu/U_ID_EX/q_row_idx_reg[2][1]_i_13/CO[3]
                         net (fo=1, routed)           0.000    11.521    u_soc/Core_cpu/U_ID_EX/q_row_idx_reg[2][1]_i_13_n_2
    SLICE_X38Y66         CARRY4 (Prop_carry4_CI_CO[2])
                                                      0.110    11.631 f  u_soc/Core_cpu/U_ID_EX/q_row_idx_reg[2][1]_i_12/CO[2]
                         net (fo=4, routed)           0.379    12.010    u_soc/Core_cpu/U_ID_EX/mispredict0
    SLICE_X39Y59         LUT2 (Prop_lut2_I0_O)        0.128    12.138 f  u_soc/Core_cpu/U_ID_EX/cnt_q[4]_i_10/O
                         net (fo=1, routed)           0.229    12.367    u_soc/Core_cpu/U_ID_EX/cnt_q[4]_i_10_n_2
    SLICE_X39Y58         LUT6 (Prop_lut6_I2_O)        0.043    12.410 r  u_soc/Core_cpu/U_ID_EX/cnt_q[4]_i_8/O
                         net (fo=5, routed)           0.203    12.612    u_soc/Core_cpu/u_ifu_subsys/u_btb/push_num1
    SLICE_X41Y58         LUT6 (Prop_lut6_I5_O)        0.043    12.655 r  u_soc/Core_cpu/u_ifu_subsys/u_btb/cnt_q[1]_i_5/O
                         net (fo=2, routed)           0.349    13.004    u_soc/Core_cpu/u_ifu_subsys/u_ibuf/cnt_q_reg[0]_0
    SLICE_X40Y58         LUT4 (Prop_lut4_I3_O)        0.054    13.058 r  u_soc/Core_cpu/u_ifu_subsys/u_ibuf/cnt_q[1]_i_2/O
                         net (fo=15, routed)          0.469    13.527    u_soc/Core_cpu/u_ifu_subsys/u_icache/u_tag_way0/u_prim/ib_push_acc[0]
    SLICE_X31Y55         LUT2 (Prop_lut2_I1_O)        0.137    13.664 r  u_soc/Core_cpu/u_ifu_subsys/u_icache/u_tag_way0/u_prim/q_t0_idx[0]_i_7/O
                         net (fo=1, routed)           0.000    13.664    u_soc/Core_cpu/u_ifu_subsys/u_icache/u_tag_way0/u_prim/q_t0_idx[0]_i_7_n_2
    SLICE_X31Y55         CARRY4 (Prop_carry4_S[1]_CO[3])
                                                      0.267    13.931 r  u_soc/Core_cpu/u_ifu_subsys/u_icache/u_tag_way0/u_prim/q_t0_idx_reg[0]_i_2/CO[3]
                         net (fo=1, routed)           0.000    13.931    u_soc/Core_cpu/u_ifu_subsys/u_icache/u_tag_way0_n_133
    SLICE_X31Y56         CARRY4 (Prop_carry4_CI_O[1])
                                                      0.166    14.097 r  u_soc/Core_cpu/u_ifu_subsys/u_icache/q_t0_idx_reg[1]_i_2/O[1]
                         net (fo=2, routed)           0.223    14.320    u_soc/Core_cpu/u_ifu_subsys/u_btb/mem_q_reg_1[4]
    SLICE_X30Y56         LUT6 (Prop_lut6_I0_O)        0.123    14.443 r  u_soc/Core_cpu/u_ifu_subsys/u_btb/q_row_idx[0][2]_i_1/O
                         net (fo=58, routed)          0.935    15.379    u_soc/Core_cpu/u_ifu_subsys/u_icache/u_dat_way1/u_prim/rd_addr[2]
    RAMB36_X1Y6          RAMB36E1                                     r  u_soc/Core_cpu/u_ifu_subsys/u_icache/u_dat_way1/u_prim/mem_q_reg_0/ADDRARDADDR[8]
  -------------------------------------------------------------------    -------------------

                         (clock clk rise edge)       12.000    12.000 r  
    AE23                                              0.000    12.000 r  clk (IN)
                         net (fo=0)                   0.000    12.000    clk
    AE23                 IBUF (Prop_ibuf_I_O)         0.660    12.660 r  clk_IBUF_inst/O
                         net (fo=1, routed)           2.516    15.176    clk_IBUF
    BUFGCTRL_X0Y0        BUFG (Prop_bufg_I_O)         0.083    15.259 r  u_bufg/O
                         net (fo=5673, routed)        1.698    16.956    u_soc/Core_cpu/u_ifu_subsys/u_icache/u_dat_way1/u_prim/clk_buf
    RAMB36_X1Y6          RAMB36E1                                     r  u_soc/Core_cpu/u_ifu_subsys/u_icache/u_dat_way1/u_prim/mem_q_reg_0/CLKARDCLK
                         clock pessimism              0.237    17.193    
                         clock uncertainty           -0.035    17.158    
    RAMB36_X1Y6          RAMB36E1 (Setup_ramb36e1_CLKARDCLK_ADDRARDADDR[8])
                                                     -0.416    16.742    u_soc/Core_cpu/u_ifu_subsys/u_icache/u_dat_way1/u_prim/mem_q_reg_0
  -------------------------------------------------------------------
                         required time                         16.742    
                         arrival time                         -15.379    
  -------------------------------------------------------------------
                         slack                                  1.363    

Slack (MET) :             1.364ns  (required time - arrival time)
  Source:                 u_soc/Core_cpu/U_ID_EX/ex_csr_addr_reg[3]/C
                            (rising edge-triggered cell FDCE clocked by clk  {rise@0.000ns fall@6.000ns period=12.000ns})
  Destination:            u_soc/Core_cpu/u_ifu_subsys/u_icache/u_dat_way0/u_prim/mem_q_reg_0/ADDRARDADDR[6]
                            (rising edge-triggered cell RAMB36E1 clocked by clk  {rise@0.000ns fall@6.000ns period=12.000ns})
  Path Group:             clk
  Path Type:              Setup (Max at Slow Process Corner)
  Requirement:            12.000ns  (clk rise@12.000ns - clk rise@0.000ns)
  Data Path Delay:        10.273ns  (logic 2.705ns (26.331%)  route 7.568ns (73.669%))
  Logic Levels:           26  (CARRY4=8 LUT2=3 LUT3=3 LUT4=3 LUT5=1 LUT6=8)
  Clock Path Skew:        0.089ns (DCD - SCD + CPR)
    Destination Clock Delay (DCD):    4.951ns = ( 16.951 - 12.000 ) 
    Source Clock Delay      (SCD):    5.099ns
    Clock Pessimism Removal (CPR):    0.237ns
  Clock Uncertainty:      0.035ns  ((TSJ^2 + TIJ^2)^1/2 + DJ) / 2 + PE
    Total System Jitter     (TSJ):    0.071ns
    Total Input Jitter      (TIJ):    0.000ns
    Discrete Jitter          (DJ):    0.000ns
    Phase Error              (PE):    0.000ns

    Location             Delay type                Incr(ns)  Path(ns)    Netlist Resource(s)
  -------------------------------------------------------------------    -------------------
                         (clock clk rise edge)        0.000     0.000 r  
    AE23                                              0.000     0.000 r  clk (IN)
                         net (fo=0)                   0.000     0.000    clk
    AE23                 IBUF (Prop_ibuf_I_O)         0.734     0.734 r  clk_IBUF_inst/O
                         net (fo=1, routed)           2.651     3.385    clk_IBUF
    BUFGCTRL_X0Y0        BUFG (Prop_bufg_I_O)         0.093     3.478 r  u_bufg/O
                         net (fo=5673, routed)        1.621     5.099    u_soc/Core_cpu/U_ID_EX/clk_buf
    SLICE_X31Y71         FDCE                                         r  u_soc/Core_cpu/U_ID_EX/ex_csr_addr_reg[3]/C
  -------------------------------------------------------------------    -------------------
    SLICE_X31Y71         FDCE (Prop_fdce_C_Q)         0.223     5.322 f  u_soc/Core_cpu/U_ID_EX/ex_csr_addr_reg[3]/Q
                         net (fo=6, routed)           0.537     5.860    u_soc/Core_cpu/U_ID_EX/ex_csr_addr[3]
    SLICE_X25Y69         LUT3 (Prop_lut3_I1_O)        0.043     5.903 f  u_soc/Core_cpu/U_ID_EX/mcause[31]_i_5/O
                         net (fo=3, routed)           0.444     6.346    u_soc/Core_cpu/U_ID_EX/mcause[31]_i_5_n_2
    SLICE_X25Y68         LUT5 (Prop_lut5_I4_O)        0.051     6.397 r  u_soc/Core_cpu/U_ID_EX/mtvec[31]_i_12/O
                         net (fo=2, routed)           0.189     6.586    u_soc/Core_cpu/U_ID_EX/mtvec[31]_i_12_n_2
    SLICE_X25Y69         LUT6 (Prop_lut6_I0_O)        0.136     6.722 r  u_soc/Core_cpu/U_ID_EX/mtvec[31]_i_9/O
                         net (fo=27, routed)          0.429     7.151    u_soc/Core_cpu/U_ID_EX/ex_csr_addr_reg[0]_0
    SLICE_X28Y67         LUT6 (Prop_lut6_I1_O)        0.043     7.194 r  u_soc/Core_cpu/U_ID_EX/mscratch[1]_i_2/O
                         net (fo=3, routed)           0.494     7.688    u_soc/Core_cpu/U_ID_EX/csr_rdata[1]
    SLICE_X28Y61         LUT4 (Prop_lut4_I0_O)        0.051     7.739 r  u_soc/Core_cpu/U_ID_EX/alu_c_reg[1]_i_8/O
                         net (fo=15, routed)          0.366     8.105    u_soc/Core_cpu/U_ID_EX/ex_A_final[1]
    SLICE_X27Y61         LUT2 (Prop_lut2_I0_O)        0.136     8.241 f  u_soc/Core_cpu/U_ID_EX/alu_c_reg[1]_i_6/O
                         net (fo=6, routed)           0.391     8.632    u_soc/Core_cpu/U_ID_EX/alu_c_reg[3]_i_18_n_2
    SLICE_X31Y63         LUT3 (Prop_lut3_I2_O)        0.043     8.675 r  u_soc/Core_cpu/U_ID_EX/alu_c_reg[0]_i_43/O
                         net (fo=1, routed)           0.000     8.675    u_soc/Core_cpu/U_ID_EX/alu_c_reg[0]_i_43_n_2
    SLICE_X31Y63         CARRY4 (Prop_carry4_S[0]_CO[3])
                                                      0.259     8.934 r  u_soc/Core_cpu/U_ID_EX/alu_c_reg[0]_i_27/CO[3]
                         net (fo=1, routed)           0.000     8.934    u_soc/Core_cpu/U_ID_EX/alu_c_reg[0]_i_27_n_2
    SLICE_X31Y64         CARRY4 (Prop_carry4_CI_CO[3])
                                                      0.053     8.987 r  u_soc/Core_cpu/U_ID_EX/alu_c_reg[0]_i_17/CO[3]
                         net (fo=1, routed)           0.000     8.987    u_soc/Core_cpu/U_ID_EX/alu_c_reg[0]_i_17_n_2
    SLICE_X31Y65         CARRY4 (Prop_carry4_CI_CO[3])
                                                      0.053     9.040 r  u_soc/Core_cpu/U_ID_EX/alu_c_reg[0]_i_6/CO[3]
                         net (fo=1, routed)           0.000     9.040    u_soc/Core_cpu/U_ID_EX/alu_c_reg[0]_i_6_n_2
    SLICE_X31Y66         CARRY4 (Prop_carry4_CI_CO[3])
                                                      0.053     9.093 r  u_soc/Core_cpu/U_ID_EX/alu_c_reg[0]_i_3/CO[3]
                         net (fo=2, routed)           0.476     9.569    u_soc/Core_cpu/U_ID_EX/U_ALU/data9
    SLICE_X32Y67         LUT4 (Prop_lut4_I3_O)        0.043     9.612 f  u_soc/Core_cpu/U_ID_EX/u1_taken_i_3/O
                         net (fo=2, routed)           0.250     9.861    u_soc/Core_cpu/U_ID_EX/u1_taken_i_3_n_2
    SLICE_X34Y66         LUT6 (Prop_lut6_I4_O)        0.043     9.904 r  u_soc/Core_cpu/U_ID_EX/dat_q_reg_0_63_2_2_i_6/O
                         net (fo=34, routed)          0.590    10.494    u_soc/Core_cpu/U_ID_EX/dat_q_reg_0_63_2_2_i_6_n_2
    SLICE_X40Y64         LUT3 (Prop_lut3_I2_O)        0.049    10.543 f  u_soc/Core_cpu/U_ID_EX/q_row_idx[2][1]_i_10/O
                         net (fo=5, routed)           0.253    10.796    u_soc/Core_cpu/U_ID_EX/q_row_idx[2][1]_i_10_n_2
    SLICE_X40Y63         LUT6 (Prop_lut6_I0_O)        0.136    10.932 r  u_soc/Core_cpu/U_ID_EX/q_pc_q[1]_i_3/O
                         net (fo=2, routed)           0.246    11.178    u_soc/Core_cpu/U_ID_EX/actual_npc[0]
    SLICE_X38Y64         LUT6 (Prop_lut6_I5_O)        0.043    11.221 r  u_soc/Core_cpu/U_ID_EX/q_row_idx[2][1]_i_25/O
                         net (fo=1, routed)           0.000    11.221    u_soc/Core_cpu/U_ID_EX/q_row_idx[2][1]_i_25_n_2
    SLICE_X38Y64         CARRY4 (Prop_carry4_S[0]_CO[3])
                                                      0.246    11.467 r  u_soc/Core_cpu/U_ID_EX/q_row_idx_reg[2][1]_i_17/CO[3]
                         net (fo=1, routed)           0.000    11.467    u_soc/Core_cpu/U_ID_EX/q_row_idx_reg[2][1]_i_17_n_2
    SLICE_X38Y65         CARRY4 (Prop_carry4_CI_CO[3])
                                                      0.054    11.521 r  u_soc/Core_cpu/U_ID_EX/q_row_idx_reg[2][1]_i_13/CO[3]
                         net (fo=1, routed)           0.000    11.521    u_soc/Core_cpu/U_ID_EX/q_row_idx_reg[2][1]_i_13_n_2
    SLICE_X38Y66         CARRY4 (Prop_carry4_CI_CO[2])
                                                      0.110    11.631 f  u_soc/Core_cpu/U_ID_EX/q_row_idx_reg[2][1]_i_12/CO[2]
                         net (fo=4, routed)           0.379    12.010    u_soc/Core_cpu/U_ID_EX/mispredict0
    SLICE_X39Y59         LUT2 (Prop_lut2_I0_O)        0.128    12.138 f  u_soc/Core_cpu/U_ID_EX/cnt_q[4]_i_10/O
                         net (fo=1, routed)           0.229    12.367    u_soc/Core_cpu/U_ID_EX/cnt_q[4]_i_10_n_2
    SLICE_X39Y58         LUT6 (Prop_lut6_I2_O)        0.043    12.410 r  u_soc/Core_cpu/U_ID_EX/cnt_q[4]_i_8/O
                         net (fo=5, routed)           0.203    12.612    u_soc/Core_cpu/u_ifu_subsys/u_btb/push_num1
    SLICE_X41Y58         LUT6 (Prop_lut6_I5_O)        0.043    12.655 r  u_soc/Core_cpu/u_ifu_subsys/u_btb/cnt_q[1]_i_5/O
                         net (fo=2, routed)           0.349    13.004    u_soc/Core_cpu/u_ifu_subsys/u_ibuf/cnt_q_reg[0]_0
    SLICE_X40Y58         LUT4 (Prop_lut4_I3_O)        0.054    13.058 r  u_soc/Core_cpu/u_ifu_subsys/u_ibuf/cnt_q[1]_i_2/O
                         net (fo=15, routed)          0.469    13.527    u_soc/Core_cpu/u_ifu_subsys/u_icache/u_tag_way0/u_prim/ib_push_acc[0]
    SLICE_X31Y55         LUT2 (Prop_lut2_I1_O)        0.137    13.664 r  u_soc/Core_cpu/u_ifu_subsys/u_icache/u_tag_way0/u_prim/q_t0_idx[0]_i_7/O
                         net (fo=1, routed)           0.000    13.664    u_soc/Core_cpu/u_ifu_subsys/u_icache/u_tag_way0/u_prim/q_t0_idx[0]_i_7_n_2
    SLICE_X31Y55         CARRY4 (Prop_carry4_S[1]_O[3])
                                                      0.312    13.976 r  u_soc/Core_cpu/u_ifu_subsys/u_icache/u_tag_way0/u_prim/q_t0_idx_reg[0]_i_2/O[3]
                         net (fo=2, routed)           0.326    14.302    u_soc/Core_cpu/u_ifu_subsys/u_btb/mem_q_reg_1[2]
    SLICE_X30Y54         LUT6 (Prop_lut6_I0_O)        0.120    14.422 r  u_soc/Core_cpu/u_ifu_subsys/u_btb/q_t0_idx[0]_i_1/O
                         net (fo=59, routed)          0.951    15.373    u_soc/Core_cpu/u_ifu_subsys/u_icache/u_dat_way0/u_prim/rd_addr[0]
    RAMB36_X1Y5          RAMB36E1                                     r  u_soc/Core_cpu/u_ifu_subsys/u_icache/u_dat_way0/u_prim/mem_q_reg_0/ADDRARDADDR[6]
  -------------------------------------------------------------------    -------------------

                         (clock clk rise edge)       12.000    12.000 r  
    AE23                                              0.000    12.000 r  clk (IN)
                         net (fo=0)                   0.000    12.000    clk
    AE23                 IBUF (Prop_ibuf_I_O)         0.660    12.660 r  clk_IBUF_inst/O
                         net (fo=1, routed)           2.516    15.176    clk_IBUF
    BUFGCTRL_X0Y0        BUFG (Prop_bufg_I_O)         0.083    15.259 r  u_bufg/O
                         net (fo=5673, routed)        1.693    16.951    u_soc/Core_cpu/u_ifu_subsys/u_icache/u_dat_way0/u_prim/clk_buf
    RAMB36_X1Y5          RAMB36E1                                     r  u_soc/Core_cpu/u_ifu_subsys/u_icache/u_dat_way0/u_prim/mem_q_reg_0/CLKARDCLK
                         clock pessimism              0.237    17.188    
                         clock uncertainty           -0.035    17.153    
    RAMB36_X1Y5          RAMB36E1 (Setup_ramb36e1_CLKARDCLK_ADDRARDADDR[6])
                                                     -0.416    16.737    u_soc/Core_cpu/u_ifu_subsys/u_icache/u_dat_way0/u_prim/mem_q_reg_0
  -------------------------------------------------------------------
                         required time                         16.737    
                         arrival time                         -15.373    
  -------------------------------------------------------------------
                         slack                                  1.364    

Slack (MET) :             1.374ns  (required time - arrival time)
  Source:                 u_soc/Core_cpu/U_ID_EX/ex_csr_addr_reg[3]/C
                            (rising edge-triggered cell FDCE clocked by clk  {rise@0.000ns fall@6.000ns period=12.000ns})
  Destination:            u_soc/Core_cpu/u_ifu_subsys/g_tage.u_tage/q_row_idx_reg[3][0]/D
                            (rising edge-triggered cell FDRE clocked by clk  {rise@0.000ns fall@6.000ns period=12.000ns})
  Path Group:             clk
  Path Type:              Setup (Max at Slow Process Corner)
  Requirement:            12.000ns  (clk rise@12.000ns - clk rise@0.000ns)
  Data Path Delay:        10.690ns  (logic 2.585ns (24.181%)  route 8.105ns (75.819%))
  Logic Levels:           28  (CARRY4=7 LUT2=2 LUT3=4 LUT4=3 LUT5=3 LUT6=8 MUXF7=1)
  Clock Path Skew:        0.065ns (DCD - SCD + CPR)
    Destination Clock Delay (DCD):    4.928ns = ( 16.928 - 12.000 ) 
    Source Clock Delay      (SCD):    5.099ns
    Clock Pessimism Removal (CPR):    0.237ns
  Clock Uncertainty:      0.035ns  ((TSJ^2 + TIJ^2)^1/2 + DJ) / 2 + PE
    Total System Jitter     (TSJ):    0.071ns
    Total Input Jitter      (TIJ):    0.000ns
    Discrete Jitter          (DJ):    0.000ns
    Phase Error              (PE):    0.000ns

    Location             Delay type                Incr(ns)  Path(ns)    Netlist Resource(s)
  -------------------------------------------------------------------    -------------------
                         (clock clk rise edge)        0.000     0.000 r  
    AE23                                              0.000     0.000 r  clk (IN)
                         net (fo=0)                   0.000     0.000    clk
    AE23                 IBUF (Prop_ibuf_I_O)         0.734     0.734 r  clk_IBUF_inst/O
                         net (fo=1, routed)           2.651     3.385    clk_IBUF
    BUFGCTRL_X0Y0        BUFG (Prop_bufg_I_O)         0.093     3.478 r  u_bufg/O
                         net (fo=5673, routed)        1.621     5.099    u_soc/Core_cpu/U_ID_EX/clk_buf
    SLICE_X31Y71         FDCE                                         r  u_soc/Core_cpu/U_ID_EX/ex_csr_addr_reg[3]/C
  -------------------------------------------------------------------    -------------------
    SLICE_X31Y71         FDCE (Prop_fdce_C_Q)         0.223     5.322 f  u_soc/Core_cpu/U_ID_EX/ex_csr_addr_reg[3]/Q
                         net (fo=6, routed)           0.537     5.860    u_soc/Core_cpu/U_ID_EX/ex_csr_addr[3]
    SLICE_X25Y69         LUT3 (Prop_lut3_I1_O)        0.043     5.903 f  u_soc/Core_cpu/U_ID_EX/mcause[31]_i_5/O
                         net (fo=3, routed)           0.444     6.346    u_soc/Core_cpu/U_ID_EX/mcause[31]_i_5_n_2
    SLICE_X25Y68         LUT5 (Prop_lut5_I4_O)        0.051     6.397 r  u_soc/Core_cpu/U_ID_EX/mtvec[31]_i_12/O
                         net (fo=2, routed)           0.189     6.586    u_soc/Core_cpu/U_ID_EX/mtvec[31]_i_12_n_2
    SLICE_X25Y69         LUT6 (Prop_lut6_I0_O)        0.136     6.722 r  u_soc/Core_cpu/U_ID_EX/mtvec[31]_i_9/O
                         net (fo=27, routed)          0.429     7.151    u_soc/Core_cpu/U_ID_EX/ex_csr_addr_reg[0]_0
    SLICE_X28Y67         LUT6 (Prop_lut6_I1_O)        0.043     7.194 r  u_soc/Core_cpu/U_ID_EX/mscratch[1]_i_2/O
                         net (fo=3, routed)           0.494     7.688    u_soc/Core_cpu/U_ID_EX/csr_rdata[1]
    SLICE_X28Y61         LUT4 (Prop_lut4_I0_O)        0.051     7.739 r  u_soc/Core_cpu/U_ID_EX/alu_c_reg[1]_i_8/O
                         net (fo=15, routed)          0.366     8.105    u_soc/Core_cpu/U_ID_EX/ex_A_final[1]
    SLICE_X27Y61         LUT2 (Prop_lut2_I0_O)        0.136     8.241 f  u_soc/Core_cpu/U_ID_EX/alu_c_reg[1]_i_6/O
                         net (fo=6, routed)           0.391     8.632    u_soc/Core_cpu/U_ID_EX/alu_c_reg[3]_i_18_n_2
    SLICE_X31Y63         LUT3 (Prop_lut3_I2_O)        0.043     8.675 r  u_soc/Core_cpu/U_ID_EX/alu_c_reg[0]_i_43/O
                         net (fo=1, routed)           0.000     8.675    u_soc/Core_cpu/U_ID_EX/alu_c_reg[0]_i_43_n_2
    SLICE_X31Y63         CARRY4 (Prop_carry4_S[0]_CO[3])
                                                      0.259     8.934 r  u_soc/Core_cpu/U_ID_EX/alu_c_reg[0]_i_27/CO[3]
                         net (fo=1, routed)           0.000     8.934    u_soc/Core_cpu/U_ID_EX/alu_c_reg[0]_i_27_n_2
    SLICE_X31Y64         CARRY4 (Prop_carry4_CI_CO[3])
                                                      0.053     8.987 r  u_soc/Core_cpu/U_ID_EX/alu_c_reg[0]_i_17/CO[3]
                         net (fo=1, routed)           0.000     8.987    u_soc/Core_cpu/U_ID_EX/alu_c_reg[0]_i_17_n_2
    SLICE_X31Y65         CARRY4 (Prop_carry4_CI_CO[3])
                                                      0.053     9.040 r  u_soc/Core_cpu/U_ID_EX/alu_c_reg[0]_i_6/CO[3]
                         net (fo=1, routed)           0.000     9.040    u_soc/Core_cpu/U_ID_EX/alu_c_reg[0]_i_6_n_2
    SLICE_X31Y66         CARRY4 (Prop_carry4_CI_CO[3])
                                                      0.053     9.093 r  u_soc/Core_cpu/U_ID_EX/alu_c_reg[0]_i_3/CO[3]
                         net (fo=2, routed)           0.476     9.569    u_soc/Core_cpu/U_ID_EX/U_ALU/data9
    SLICE_X32Y67         LUT4 (Prop_lut4_I3_O)        0.043     9.612 f  u_soc/Core_cpu/U_ID_EX/u1_taken_i_3/O
                         net (fo=2, routed)           0.250     9.861    u_soc/Core_cpu/U_ID_EX/u1_taken_i_3_n_2
    SLICE_X34Y66         LUT6 (Prop_lut6_I4_O)        0.043     9.904 r  u_soc/Core_cpu/U_ID_EX/dat_q_reg_0_63_2_2_i_6/O
                         net (fo=34, routed)          0.590    10.494    u_soc/Core_cpu/U_ID_EX/dat_q_reg_0_63_2_2_i_6_n_2
    SLICE_X40Y64         LUT3 (Prop_lut3_I2_O)        0.049    10.543 f  u_soc/Core_cpu/U_ID_EX/q_row_idx[2][1]_i_10/O
                         net (fo=5, routed)           0.253    10.796    u_soc/Core_cpu/U_ID_EX/q_row_idx[2][1]_i_10_n_2
    SLICE_X40Y63         LUT6 (Prop_lut6_I0_O)        0.136    10.932 r  u_soc/Core_cpu/U_ID_EX/q_pc_q[1]_i_3/O
                         net (fo=2, routed)           0.246    11.178    u_soc/Core_cpu/U_ID_EX/actual_npc[0]
    SLICE_X38Y64         LUT6 (Prop_lut6_I5_O)        0.043    11.221 r  u_soc/Core_cpu/U_ID_EX/q_row_idx[2][1]_i_25/O
                         net (fo=1, routed)           0.000    11.221    u_soc/Core_cpu/U_ID_EX/q_row_idx[2][1]_i_25_n_2
    SLICE_X38Y64         CARRY4 (Prop_carry4_S[0]_CO[3])
                                                      0.246    11.467 r  u_soc/Core_cpu/U_ID_EX/q_row_idx_reg[2][1]_i_17/CO[3]
                         net (fo=1, routed)           0.000    11.467    u_soc/Core_cpu/U_ID_EX/q_row_idx_reg[2][1]_i_17_n_2
    SLICE_X38Y65         CARRY4 (Prop_carry4_CI_CO[3])
                                                      0.054    11.521 r  u_soc/Core_cpu/U_ID_EX/q_row_idx_reg[2][1]_i_13/CO[3]
                         net (fo=1, routed)           0.000    11.521    u_soc/Core_cpu/U_ID_EX/q_row_idx_reg[2][1]_i_13_n_2
    SLICE_X38Y66         CARRY4 (Prop_carry4_CI_CO[2])
                                                      0.110    11.631 f  u_soc/Core_cpu/U_ID_EX/q_row_idx_reg[2][1]_i_12/CO[2]
                         net (fo=4, routed)           0.379    12.010    u_soc/Core_cpu/U_ID_EX/mispredict0
    SLICE_X39Y59         LUT2 (Prop_lut2_I0_O)        0.128    12.138 f  u_soc/Core_cpu/U_ID_EX/cnt_q[4]_i_10/O
                         net (fo=1, routed)           0.229    12.367    u_soc/Core_cpu/U_ID_EX/cnt_q[4]_i_10_n_2
    SLICE_X39Y58         LUT6 (Prop_lut6_I2_O)        0.043    12.410 r  u_soc/Core_cpu/U_ID_EX/cnt_q[4]_i_8/O
                         net (fo=5, routed)           0.241    12.651    u_soc/Core_cpu/u_ifu_subsys/u_btb/push_num1
    SLICE_X39Y57         LUT6 (Prop_lut6_I0_O)        0.043    12.694 r  u_soc/Core_cpu/u_ifu_subsys/u_btb/cnt_q[4]_i_6/O
                         net (fo=1, routed)           0.360    13.054    u_soc/Core_cpu/u_ifu_subsys/u_ibuf/push_num[2]
    SLICE_X39Y57         LUT3 (Prop_lut3_I1_O)        0.051    13.105 r  u_soc/Core_cpu/u_ifu_subsys/u_ibuf/cnt_q[4]_i_4/O
                         net (fo=912, routed)         0.598    13.703    u_soc/Core_cpu/u_ifu_subsys/u_btb/ib_push_acc[2]
    SLICE_X32Y52         LUT5 (Prop_lut5_I4_O)        0.135    13.838 r  u_soc/Core_cpu/u_ifu_subsys/u_btb/ghr_q[13]_i_8/O
                         net (fo=22, routed)          0.707    14.545    u_soc/Core_cpu/u_ifu_subsys/u_ibuf/ghr_q_reg[4]_0
    SLICE_X31Y43         LUT4 (Prop_lut4_I1_O)        0.043    14.588 r  u_soc/Core_cpu/u_ifu_subsys/u_ibuf/ghr_q[13]_i_3/O
                         net (fo=21, routed)          0.682    15.270    u_soc/Core_cpu/u_ifu_subsys/u_ibuf/q_pc_q_reg[2]_rep_0[0]
    SLICE_X26Y41         LUT6 (Prop_lut6_I2_O)        0.043    15.313 r  u_soc/Core_cpu/u_ifu_subsys/u_ibuf/q_row_idx[3][0]_i_4/O
                         net (fo=1, routed)           0.000    15.313    u_soc/Core_cpu/U_ID_EX/q_row_tag_reg[3][3]_0
    SLICE_X26Y41         MUXF7 (Prop_muxf7_I0_O)      0.107    15.420 r  u_soc/Core_cpu/U_ID_EX/q_row_idx_reg[3][0]_i_2/O
                         net (fo=2, routed)           0.245    15.665    u_soc/Core_cpu/U_ID_EX/q_row_idx_reg[3][0]_i_2_n_2
    SLICE_X26Y41         LUT5 (Prop_lut5_I0_O)        0.124    15.789 r  u_soc/Core_cpu/U_ID_EX/q_row_idx[3][0]_i_1/O
                         net (fo=1, routed)           0.000    15.789    u_soc/Core_cpu/u_ifu_subsys/g_tage.u_tage/q_row_idx_reg[3][3]_0[0]
    SLICE_X26Y41         FDRE                                         r  u_soc/Core_cpu/u_ifu_subsys/g_tage.u_tage/q_row_idx_reg[3][0]/D
  -------------------------------------------------------------------    -------------------

                         (clock clk rise edge)       12.000    12.000 r  
    AE23                                              0.000    12.000 r  clk (IN)
                         net (fo=0)                   0.000    12.000    clk
    AE23                 IBUF (Prop_ibuf_I_O)         0.660    12.660 r  clk_IBUF_inst/O
                         net (fo=1, routed)           2.516    15.176    clk_IBUF
    BUFGCTRL_X0Y0        BUFG (Prop_bufg_I_O)         0.083    15.259 r  u_bufg/O
                         net (fo=5673, routed)        1.669    16.928    u_soc/Core_cpu/u_ifu_subsys/g_tage.u_tage/clk_buf
    SLICE_X26Y41         FDRE                                         r  u_soc/Core_cpu/u_ifu_subsys/g_tage.u_tage/q_row_idx_reg[3][0]/C
                         clock pessimism              0.237    17.164    
                         clock uncertainty           -0.035    17.129    
    SLICE_X26Y41         FDRE (Setup_fdre_C_D)        0.034    17.163    u_soc/Core_cpu/u_ifu_subsys/g_tage.u_tage/q_row_idx_reg[3][0]
  -------------------------------------------------------------------
                         required time                         17.163    
                         arrival time                         -15.789    
  -------------------------------------------------------------------
                         slack                                  1.374    

Slack (MET) :             1.377ns  (required time - arrival time)
  Source:                 u_soc/Core_cpu/U_ID_EX/ex_csr_addr_reg[3]/C
                            (rising edge-triggered cell FDCE clocked by clk  {rise@0.000ns fall@6.000ns period=12.000ns})
  Destination:            u_soc/Core_cpu/u_ifu_subsys/u_icache/u_dat_way0/u_prim/mem_q_reg_1/ADDRARDADDR[8]
                            (rising edge-triggered cell RAMB36E1 clocked by clk  {rise@0.000ns fall@6.000ns period=12.000ns})
  Path Group:             clk
  Path Type:              Setup (Max at Slow Process Corner)
  Requirement:            12.000ns  (clk rise@12.000ns - clk rise@0.000ns)
  Data Path Delay:        10.268ns  (logic 2.829ns (27.551%)  route 7.439ns (72.449%))
  Logic Levels:           27  (CARRY4=9 LUT2=3 LUT3=3 LUT4=3 LUT5=1 LUT6=8)
  Clock Path Skew:        0.097ns (DCD - SCD + CPR)
    Destination Clock Delay (DCD):    4.959ns = ( 16.959 - 12.000 ) 
    Source Clock Delay      (SCD):    5.099ns
    Clock Pessimism Removal (CPR):    0.237ns
  Clock Uncertainty:      0.035ns  ((TSJ^2 + TIJ^2)^1/2 + DJ) / 2 + PE
    Total System Jitter     (TSJ):    0.071ns
    Total Input Jitter      (TIJ):    0.000ns
    Discrete Jitter          (DJ):    0.000ns
    Phase Error              (PE):    0.000ns

    Location             Delay type                Incr(ns)  Path(ns)    Netlist Resource(s)
  -------------------------------------------------------------------    -------------------
                         (clock clk rise edge)        0.000     0.000 r  
    AE23                                              0.000     0.000 r  clk (IN)
                         net (fo=0)                   0.000     0.000    clk
    AE23                 IBUF (Prop_ibuf_I_O)         0.734     0.734 r  clk_IBUF_inst/O
                         net (fo=1, routed)           2.651     3.385    clk_IBUF
    BUFGCTRL_X0Y0        BUFG (Prop_bufg_I_O)         0.093     3.478 r  u_bufg/O
                         net (fo=5673, routed)        1.621     5.099    u_soc/Core_cpu/U_ID_EX/clk_buf
    SLICE_X31Y71         FDCE                                         r  u_soc/Core_cpu/U_ID_EX/ex_csr_addr_reg[3]/C
  -------------------------------------------------------------------    -------------------
    SLICE_X31Y71         FDCE (Prop_fdce_C_Q)         0.223     5.322 f  u_soc/Core_cpu/U_ID_EX/ex_csr_addr_reg[3]/Q
                         net (fo=6, routed)           0.537     5.860    u_soc/Core_cpu/U_ID_EX/ex_csr_addr[3]
    SLICE_X25Y69         LUT3 (Prop_lut3_I1_O)        0.043     5.903 f  u_soc/Core_cpu/U_ID_EX/mcause[31]_i_5/O
                         net (fo=3, routed)           0.444     6.346    u_soc/Core_cpu/U_ID_EX/mcause[31]_i_5_n_2
    SLICE_X25Y68         LUT5 (Prop_lut5_I4_O)        0.051     6.397 r  u_soc/Core_cpu/U_ID_EX/mtvec[31]_i_12/O
                         net (fo=2, routed)           0.189     6.586    u_soc/Core_cpu/U_ID_EX/mtvec[31]_i_12_n_2
    SLICE_X25Y69         LUT6 (Prop_lut6_I0_O)        0.136     6.722 r  u_soc/Core_cpu/U_ID_EX/mtvec[31]_i_9/O
                         net (fo=27, routed)          0.429     7.151    u_soc/Core_cpu/U_ID_EX/ex_csr_addr_reg[0]_0
    SLICE_X28Y67         LUT6 (Prop_lut6_I1_O)        0.043     7.194 r  u_soc/Core_cpu/U_ID_EX/mscratch[1]_i_2/O
                         net (fo=3, routed)           0.494     7.688    u_soc/Core_cpu/U_ID_EX/csr_rdata[1]
    SLICE_X28Y61         LUT4 (Prop_lut4_I0_O)        0.051     7.739 r  u_soc/Core_cpu/U_ID_EX/alu_c_reg[1]_i_8/O
                         net (fo=15, routed)          0.366     8.105    u_soc/Core_cpu/U_ID_EX/ex_A_final[1]
    SLICE_X27Y61         LUT2 (Prop_lut2_I0_O)        0.136     8.241 f  u_soc/Core_cpu/U_ID_EX/alu_c_reg[1]_i_6/O
                         net (fo=6, routed)           0.391     8.632    u_soc/Core_cpu/U_ID_EX/alu_c_reg[3]_i_18_n_2
    SLICE_X31Y63         LUT3 (Prop_lut3_I2_O)        0.043     8.675 r  u_soc/Core_cpu/U_ID_EX/alu_c_reg[0]_i_43/O
                         net (fo=1, routed)           0.000     8.675    u_soc/Core_cpu/U_ID_EX/alu_c_reg[0]_i_43_n_2
    SLICE_X31Y63         CARRY4 (Prop_carry4_S[0]_CO[3])
                                                      0.259     8.934 r  u_soc/Core_cpu/U_ID_EX/alu_c_reg[0]_i_27/CO[3]
                         net (fo=1, routed)           0.000     8.934    u_soc/Core_cpu/U_ID_EX/alu_c_reg[0]_i_27_n_2
    SLICE_X31Y64         CARRY4 (Prop_carry4_CI_CO[3])
                                                      0.053     8.987 r  u_soc/Core_cpu/U_ID_EX/alu_c_reg[0]_i_17/CO[3]
                         net (fo=1, routed)           0.000     8.987    u_soc/Core_cpu/U_ID_EX/alu_c_reg[0]_i_17_n_2
    SLICE_X31Y65         CARRY4 (Prop_carry4_CI_CO[3])
                                                      0.053     9.040 r  u_soc/Core_cpu/U_ID_EX/alu_c_reg[0]_i_6/CO[3]
                         net (fo=1, routed)           0.000     9.040    u_soc/Core_cpu/U_ID_EX/alu_c_reg[0]_i_6_n_2
    SLICE_X31Y66         CARRY4 (Prop_carry4_CI_CO[3])
                                                      0.053     9.093 r  u_soc/Core_cpu/U_ID_EX/alu_c_reg[0]_i_3/CO[3]
                         net (fo=2, routed)           0.476     9.569    u_soc/Core_cpu/U_ID_EX/U_ALU/data9
    SLICE_X32Y67         LUT4 (Prop_lut4_I3_O)        0.043     9.612 f  u_soc/Core_cpu/U_ID_EX/u1_taken_i_3/O
                         net (fo=2, routed)           0.250     9.861    u_soc/Core_cpu/U_ID_EX/u1_taken_i_3_n_2
    SLICE_X34Y66         LUT6 (Prop_lut6_I4_O)        0.043     9.904 r  u_soc/Core_cpu/U_ID_EX/dat_q_reg_0_63_2_2_i_6/O
                         net (fo=34, routed)          0.590    10.494    u_soc/Core_cpu/U_ID_EX/dat_q_reg_0_63_2_2_i_6_n_2
    SLICE_X40Y64         LUT3 (Prop_lut3_I2_O)        0.049    10.543 f  u_soc/Core_cpu/U_ID_EX/q_row_idx[2][1]_i_10/O
                         net (fo=5, routed)           0.253    10.796    u_soc/Core_cpu/U_ID_EX/q_row_idx[2][1]_i_10_n_2
    SLICE_X40Y63         LUT6 (Prop_lut6_I0_O)        0.136    10.932 r  u_soc/Core_cpu/U_ID_EX/q_pc_q[1]_i_3/O
                         net (fo=2, routed)           0.246    11.178    u_soc/Core_cpu/U_ID_EX/actual_npc[0]
    SLICE_X38Y64         LUT6 (Prop_lut6_I5_O)        0.043    11.221 r  u_soc/Core_cpu/U_ID_EX/q_row_idx[2][1]_i_25/O
                         net (fo=1, routed)           0.000    11.221    u_soc/Core_cpu/U_ID_EX/q_row_idx[2][1]_i_25_n_2
    SLICE_X38Y64         CARRY4 (Prop_carry4_S[0]_CO[3])
                                                      0.246    11.467 r  u_soc/Core_cpu/U_ID_EX/q_row_idx_reg[2][1]_i_17/CO[3]
                         net (fo=1, routed)           0.000    11.467    u_soc/Core_cpu/U_ID_EX/q_row_idx_reg[2][1]_i_17_n_2
    SLICE_X38Y65         CARRY4 (Prop_carry4_CI_CO[3])
                                                      0.054    11.521 r  u_soc/Core_cpu/U_ID_EX/q_row_idx_reg[2][1]_i_13/CO[3]
                         net (fo=1, routed)           0.000    11.521    u_soc/Core_cpu/U_ID_EX/q_row_idx_reg[2][1]_i_13_n_2
    SLICE_X38Y66         CARRY4 (Prop_carry4_CI_CO[2])
                                                      0.110    11.631 f  u_soc/Core_cpu/U_ID_EX/q_row_idx_reg[2][1]_i_12/CO[2]
                         net (fo=4, routed)           0.379    12.010    u_soc/Core_cpu/U_ID_EX/mispredict0
    SLICE_X39Y59         LUT2 (Prop_lut2_I0_O)        0.128    12.138 f  u_soc/Core_cpu/U_ID_EX/cnt_q[4]_i_10/O
                         net (fo=1, routed)           0.229    12.367    u_soc/Core_cpu/U_ID_EX/cnt_q[4]_i_10_n_2
    SLICE_X39Y58         LUT6 (Prop_lut6_I2_O)        0.043    12.410 r  u_soc/Core_cpu/U_ID_EX/cnt_q[4]_i_8/O
                         net (fo=5, routed)           0.203    12.612    u_soc/Core_cpu/u_ifu_subsys/u_btb/push_num1
    SLICE_X41Y58         LUT6 (Prop_lut6_I5_O)        0.043    12.655 r  u_soc/Core_cpu/u_ifu_subsys/u_btb/cnt_q[1]_i_5/O
                         net (fo=2, routed)           0.349    13.004    u_soc/Core_cpu/u_ifu_subsys/u_ibuf/cnt_q_reg[0]_0
    SLICE_X40Y58         LUT4 (Prop_lut4_I3_O)        0.054    13.058 r  u_soc/Core_cpu/u_ifu_subsys/u_ibuf/cnt_q[1]_i_2/O
                         net (fo=15, routed)          0.469    13.527    u_soc/Core_cpu/u_ifu_subsys/u_icache/u_tag_way0/u_prim/ib_push_acc[0]
    SLICE_X31Y55         LUT2 (Prop_lut2_I1_O)        0.137    13.664 r  u_soc/Core_cpu/u_ifu_subsys/u_icache/u_tag_way0/u_prim/q_t0_idx[0]_i_7/O
                         net (fo=1, routed)           0.000    13.664    u_soc/Core_cpu/u_ifu_subsys/u_icache/u_tag_way0/u_prim/q_t0_idx[0]_i_7_n_2
    SLICE_X31Y55         CARRY4 (Prop_carry4_S[1]_CO[3])
                                                      0.267    13.931 r  u_soc/Core_cpu/u_ifu_subsys/u_icache/u_tag_way0/u_prim/q_t0_idx_reg[0]_i_2/CO[3]
                         net (fo=1, routed)           0.000    13.931    u_soc/Core_cpu/u_ifu_subsys/u_icache/u_tag_way0_n_133
    SLICE_X31Y56         CARRY4 (Prop_carry4_CI_O[1])
                                                      0.166    14.097 r  u_soc/Core_cpu/u_ifu_subsys/u_icache/q_t0_idx_reg[1]_i_2/O[1]
                         net (fo=2, routed)           0.223    14.320    u_soc/Core_cpu/u_ifu_subsys/u_btb/mem_q_reg_1[4]
    SLICE_X30Y56         LUT6 (Prop_lut6_I0_O)        0.123    14.443 r  u_soc/Core_cpu/u_ifu_subsys/u_btb/q_row_idx[0][2]_i_1/O
                         net (fo=58, routed)          0.924    15.368    u_soc/Core_cpu/u_ifu_subsys/u_icache/u_dat_way0/u_prim/rd_addr[2]
    RAMB36_X1Y7          RAMB36E1                                     r  u_soc/Core_cpu/u_ifu_subsys/u_icache/u_dat_way0/u_prim/mem_q_reg_1/ADDRARDADDR[8]
  -------------------------------------------------------------------    -------------------

                         (clock clk rise edge)       12.000    12.000 r  
    AE23                                              0.000    12.000 r  clk (IN)
                         net (fo=0)                   0.000    12.000    clk
    AE23                 IBUF (Prop_ibuf_I_O)         0.660    12.660 r  clk_IBUF_inst/O
                         net (fo=1, routed)           2.516    15.176    clk_IBUF
    BUFGCTRL_X0Y0        BUFG (Prop_bufg_I_O)         0.083    15.259 r  u_bufg/O
                         net (fo=5673, routed)        1.701    16.959    u_soc/Core_cpu/u_ifu_subsys/u_icache/u_dat_way0/u_prim/clk_buf
    RAMB36_X1Y7          RAMB36E1                                     r  u_soc/Core_cpu/u_ifu_subsys/u_icache/u_dat_way0/u_prim/mem_q_reg_1/CLKARDCLK
                         clock pessimism              0.237    17.196    
                         clock uncertainty           -0.035    17.161    
    RAMB36_X1Y7          RAMB36E1 (Setup_ramb36e1_CLKARDCLK_ADDRARDADDR[8])
                                                     -0.416    16.745    u_soc/Core_cpu/u_ifu_subsys/u_icache/u_dat_way0/u_prim/mem_q_reg_1
  -------------------------------------------------------------------
                         required time                         16.745    
                         arrival time                         -15.368    
  -------------------------------------------------------------------
                         slack                                  1.377    

Slack (MET) :             1.386ns  (required time - arrival time)
  Source:                 u_soc/Core_cpu/U_ID_EX/ex_csr_addr_reg[3]/C
                            (rising edge-triggered cell FDCE clocked by clk  {rise@0.000ns fall@6.000ns period=12.000ns})
  Destination:            u_soc/Core_cpu/u_ifu_subsys/u_icache/u_dat_way0/u_prim/mem_q_reg_1/ADDRARDADDR[10]
                            (rising edge-triggered cell RAMB36E1 clocked by clk  {rise@0.000ns fall@6.000ns period=12.000ns})
  Path Group:             clk
  Path Type:              Setup (Max at Slow Process Corner)
  Requirement:            12.000ns  (clk rise@12.000ns - clk rise@0.000ns)
  Data Path Delay:        10.260ns  (logic 2.809ns (27.379%)  route 7.451ns (72.621%))
  Logic Levels:           27  (CARRY4=9 LUT2=3 LUT3=3 LUT4=3 LUT5=1 LUT6=8)
  Clock Path Skew:        0.097ns (DCD - SCD + CPR)
    Destination Clock Delay (DCD):    4.959ns = ( 16.959 - 12.000 ) 
    Source Clock Delay      (SCD):    5.099ns
    Clock Pessimism Removal (CPR):    0.237ns
  Clock Uncertainty:      0.035ns  ((TSJ^2 + TIJ^2)^1/2 + DJ) / 2 + PE
    Total System Jitter     (TSJ):    0.071ns
    Total Input Jitter      (TIJ):    0.000ns
    Discrete Jitter          (DJ):    0.000ns
    Phase Error              (PE):    0.000ns

    Location             Delay type                Incr(ns)  Path(ns)    Netlist Resource(s)
  -------------------------------------------------------------------    -------------------
                         (clock clk rise edge)        0.000     0.000 r  
    AE23                                              0.000     0.000 r  clk (IN)
                         net (fo=0)                   0.000     0.000    clk
    AE23                 IBUF (Prop_ibuf_I_O)         0.734     0.734 r  clk_IBUF_inst/O
                         net (fo=1, routed)           2.651     3.385    clk_IBUF
    BUFGCTRL_X0Y0        BUFG (Prop_bufg_I_O)         0.093     3.478 r  u_bufg/O
                         net (fo=5673, routed)        1.621     5.099    u_soc/Core_cpu/U_ID_EX/clk_buf
    SLICE_X31Y71         FDCE                                         r  u_soc/Core_cpu/U_ID_EX/ex_csr_addr_reg[3]/C
  -------------------------------------------------------------------    -------------------
    SLICE_X31Y71         FDCE (Prop_fdce_C_Q)         0.223     5.322 f  u_soc/Core_cpu/U_ID_EX/ex_csr_addr_reg[3]/Q
                         net (fo=6, routed)           0.537     5.860    u_soc/Core_cpu/U_ID_EX/ex_csr_addr[3]
    SLICE_X25Y69         LUT3 (Prop_lut3_I1_O)        0.043     5.903 f  u_soc/Core_cpu/U_ID_EX/mcause[31]_i_5/O
                         net (fo=3, routed)           0.444     6.346    u_soc/Core_cpu/U_ID_EX/mcause[31]_i_5_n_2
    SLICE_X25Y68         LUT5 (Prop_lut5_I4_O)        0.051     6.397 r  u_soc/Core_cpu/U_ID_EX/mtvec[31]_i_12/O
                         net (fo=2, routed)           0.189     6.586    u_soc/Core_cpu/U_ID_EX/mtvec[31]_i_12_n_2
    SLICE_X25Y69         LUT6 (Prop_lut6_I0_O)        0.136     6.722 r  u_soc/Core_cpu/U_ID_EX/mtvec[31]_i_9/O
                         net (fo=27, routed)          0.429     7.151    u_soc/Core_cpu/U_ID_EX/ex_csr_addr_reg[0]_0
    SLICE_X28Y67         LUT6 (Prop_lut6_I1_O)        0.043     7.194 r  u_soc/Core_cpu/U_ID_EX/mscratch[1]_i_2/O
                         net (fo=3, routed)           0.494     7.688    u_soc/Core_cpu/U_ID_EX/csr_rdata[1]
    SLICE_X28Y61         LUT4 (Prop_lut4_I0_O)        0.051     7.739 r  u_soc/Core_cpu/U_ID_EX/alu_c_reg[1]_i_8/O
                         net (fo=15, routed)          0.366     8.105    u_soc/Core_cpu/U_ID_EX/ex_A_final[1]
    SLICE_X27Y61         LUT2 (Prop_lut2_I0_O)        0.136     8.241 f  u_soc/Core_cpu/U_ID_EX/alu_c_reg[1]_i_6/O
                         net (fo=6, routed)           0.391     8.632    u_soc/Core_cpu/U_ID_EX/alu_c_reg[3]_i_18_n_2
    SLICE_X31Y63         LUT3 (Prop_lut3_I2_O)        0.043     8.675 r  u_soc/Core_cpu/U_ID_EX/alu_c_reg[0]_i_43/O
                         net (fo=1, routed)           0.000     8.675    u_soc/Core_cpu/U_ID_EX/alu_c_reg[0]_i_43_n_2
    SLICE_X31Y63         CARRY4 (Prop_carry4_S[0]_CO[3])
                                                      0.259     8.934 r  u_soc/Core_cpu/U_ID_EX/alu_c_reg[0]_i_27/CO[3]
                         net (fo=1, routed)           0.000     8.934    u_soc/Core_cpu/U_ID_EX/alu_c_reg[0]_i_27_n_2
    SLICE_X31Y64         CARRY4 (Prop_carry4_CI_CO[3])
                                                      0.053     8.987 r  u_soc/Core_cpu/U_ID_EX/alu_c_reg[0]_i_17/CO[3]
                         net (fo=1, routed)           0.000     8.987    u_soc/Core_cpu/U_ID_EX/alu_c_reg[0]_i_17_n_2
    SLICE_X31Y65         CARRY4 (Prop_carry4_CI_CO[3])
                                                      0.053     9.040 r  u_soc/Core_cpu/U_ID_EX/alu_c_reg[0]_i_6/CO[3]
                         net (fo=1, routed)           0.000     9.040    u_soc/Core_cpu/U_ID_EX/alu_c_reg[0]_i_6_n_2
    SLICE_X31Y66         CARRY4 (Prop_carry4_CI_CO[3])
                                                      0.053     9.093 r  u_soc/Core_cpu/U_ID_EX/alu_c_reg[0]_i_3/CO[3]
                         net (fo=2, routed)           0.476     9.569    u_soc/Core_cpu/U_ID_EX/U_ALU/data9
    SLICE_X32Y67         LUT4 (Prop_lut4_I3_O)        0.043     9.612 f  u_soc/Core_cpu/U_ID_EX/u1_taken_i_3/O
                         net (fo=2, routed)           0.250     9.861    u_soc/Core_cpu/U_ID_EX/u1_taken_i_3_n_2
    SLICE_X34Y66         LUT6 (Prop_lut6_I4_O)        0.043     9.904 r  u_soc/Core_cpu/U_ID_EX/dat_q_reg_0_63_2_2_i_6/O
                         net (fo=34, routed)          0.590    10.494    u_soc/Core_cpu/U_ID_EX/dat_q_reg_0_63_2_2_i_6_n_2
    SLICE_X40Y64         LUT3 (Prop_lut3_I2_O)        0.049    10.543 f  u_soc/Core_cpu/U_ID_EX/q_row_idx[2][1]_i_10/O
                         net (fo=5, routed)           0.253    10.796    u_soc/Core_cpu/U_ID_EX/q_row_idx[2][1]_i_10_n_2
    SLICE_X40Y63         LUT6 (Prop_lut6_I0_O)        0.136    10.932 r  u_soc/Core_cpu/U_ID_EX/q_pc_q[1]_i_3/O
                         net (fo=2, routed)           0.246    11.178    u_soc/Core_cpu/U_ID_EX/actual_npc[0]
    SLICE_X38Y64         LUT6 (Prop_lut6_I5_O)        0.043    11.221 r  u_soc/Core_cpu/U_ID_EX/q_row_idx[2][1]_i_25/O
                         net (fo=1, routed)           0.000    11.221    u_soc/Core_cpu/U_ID_EX/q_row_idx[2][1]_i_25_n_2
    SLICE_X38Y64         CARRY4 (Prop_carry4_S[0]_CO[3])
                                                      0.246    11.467 r  u_soc/Core_cpu/U_ID_EX/q_row_idx_reg[2][1]_i_17/CO[3]
                         net (fo=1, routed)           0.000    11.467    u_soc/Core_cpu/U_ID_EX/q_row_idx_reg[2][1]_i_17_n_2
    SLICE_X38Y65         CARRY4 (Prop_carry4_CI_CO[3])
                                                      0.054    11.521 r  u_soc/Core_cpu/U_ID_EX/q_row_idx_reg[2][1]_i_13/CO[3]
                         net (fo=1, routed)           0.000    11.521    u_soc/Core_cpu/U_ID_EX/q_row_idx_reg[2][1]_i_13_n_2
    SLICE_X38Y66         CARRY4 (Prop_carry4_CI_CO[2])
                                                      0.110    11.631 f  u_soc/Core_cpu/U_ID_EX/q_row_idx_reg[2][1]_i_12/CO[2]
                         net (fo=4, routed)           0.379    12.010    u_soc/Core_cpu/U_ID_EX/mispredict0
    SLICE_X39Y59         LUT2 (Prop_lut2_I0_O)        0.128    12.138 f  u_soc/Core_cpu/U_ID_EX/cnt_q[4]_i_10/O
                         net (fo=1, routed)           0.229    12.367    u_soc/Core_cpu/U_ID_EX/cnt_q[4]_i_10_n_2
    SLICE_X39Y58         LUT6 (Prop_lut6_I2_O)        0.043    12.410 r  u_soc/Core_cpu/U_ID_EX/cnt_q[4]_i_8/O
                         net (fo=5, routed)           0.203    12.612    u_soc/Core_cpu/u_ifu_subsys/u_btb/push_num1
    SLICE_X41Y58         LUT6 (Prop_lut6_I5_O)        0.043    12.655 r  u_soc/Core_cpu/u_ifu_subsys/u_btb/cnt_q[1]_i_5/O
                         net (fo=2, routed)           0.349    13.004    u_soc/Core_cpu/u_ifu_subsys/u_ibuf/cnt_q_reg[0]_0
    SLICE_X40Y58         LUT4 (Prop_lut4_I3_O)        0.054    13.058 r  u_soc/Core_cpu/u_ifu_subsys/u_ibuf/cnt_q[1]_i_2/O
                         net (fo=15, routed)          0.469    13.527    u_soc/Core_cpu/u_ifu_subsys/u_icache/u_tag_way0/u_prim/ib_push_acc[0]
    SLICE_X31Y55         LUT2 (Prop_lut2_I1_O)        0.137    13.664 r  u_soc/Core_cpu/u_ifu_subsys/u_icache/u_tag_way0/u_prim/q_t0_idx[0]_i_7/O
                         net (fo=1, routed)           0.000    13.664    u_soc/Core_cpu/u_ifu_subsys/u_icache/u_tag_way0/u_prim/q_t0_idx[0]_i_7_n_2
    SLICE_X31Y55         CARRY4 (Prop_carry4_S[1]_CO[3])
                                                      0.267    13.931 r  u_soc/Core_cpu/u_ifu_subsys/u_icache/u_tag_way0/u_prim/q_t0_idx_reg[0]_i_2/CO[3]
                         net (fo=1, routed)           0.000    13.931    u_soc/Core_cpu/u_ifu_subsys/u_icache/u_tag_way0_n_133
    SLICE_X31Y56         CARRY4 (Prop_carry4_CI_O[3])
                                                      0.149    14.080 r  u_soc/Core_cpu/u_ifu_subsys/u_icache/q_t0_idx_reg[1]_i_2/O[3]
                         net (fo=2, routed)           0.246    14.326    u_soc/Core_cpu/u_ifu_subsys/u_btb/mem_q_reg_1[6]
    SLICE_X30Y57         LUT6 (Prop_lut6_I0_O)        0.120    14.446 r  u_soc/Core_cpu/u_ifu_subsys/u_btb/q_row_idx[0][4]_i_1/O
                         net (fo=57, routed)          0.914    15.359    u_soc/Core_cpu/u_ifu_subsys/u_icache/u_dat_way0/u_prim/rd_addr[4]
    RAMB36_X1Y7          RAMB36E1                                     r  u_soc/Core_cpu/u_ifu_subsys/u_icache/u_dat_way0/u_prim/mem_q_reg_1/ADDRARDADDR[10]
  -------------------------------------------------------------------    -------------------

                         (clock clk rise edge)       12.000    12.000 r  
    AE23                                              0.000    12.000 r  clk (IN)
                         net (fo=0)                   0.000    12.000    clk
    AE23                 IBUF (Prop_ibuf_I_O)         0.660    12.660 r  clk_IBUF_inst/O
                         net (fo=1, routed)           2.516    15.176    clk_IBUF
    BUFGCTRL_X0Y0        BUFG (Prop_bufg_I_O)         0.083    15.259 r  u_bufg/O
                         net (fo=5673, routed)        1.701    16.959    u_soc/Core_cpu/u_ifu_subsys/u_icache/u_dat_way0/u_prim/clk_buf
    RAMB36_X1Y7          RAMB36E1                                     r  u_soc/Core_cpu/u_ifu_subsys/u_icache/u_dat_way0/u_prim/mem_q_reg_1/CLKARDCLK
                         clock pessimism              0.237    17.196    
                         clock uncertainty           -0.035    17.161    
    RAMB36_X1Y7          RAMB36E1 (Setup_ramb36e1_CLKARDCLK_ADDRARDADDR[10])
                                                     -0.416    16.745    u_soc/Core_cpu/u_ifu_subsys/u_icache/u_dat_way0/u_prim/mem_q_reg_1
  -------------------------------------------------------------------
                         required time                         16.745    
                         arrival time                         -15.359    
  -------------------------------------------------------------------
                         slack                                  1.386    





Pulse Width Checks
--------------------------------------------------------------------------------------
Clock Name:         clk
Waveform(ns):       { 0.000 6.000 }
Period(ns):         12.000
Sources:            { clk }

Check Type        Corner  Lib Pin             Reference Pin  Required(ns)  Actual(ns)  Slack(ns)  Location      Pin
Min Period        n/a     RAMB36E1/CLKARDCLK  n/a            2.095         12.000      9.905      RAMB36_X1Y5   u_soc/Core_cpu/u_ifu_subsys/u_icache/u_dat_way0/u_prim/mem_q_reg_0/CLKARDCLK
Min Period        n/a     RAMB36E1/CLKBWRCLK  n/a            2.095         12.000      9.905      RAMB36_X1Y5   u_soc/Core_cpu/u_ifu_subsys/u_icache/u_dat_way0/u_prim/mem_q_reg_0/CLKBWRCLK
Min Period        n/a     RAMB36E1/CLKARDCLK  n/a            2.095         12.000      9.905      RAMB36_X1Y7   u_soc/Core_cpu/u_ifu_subsys/u_icache/u_dat_way0/u_prim/mem_q_reg_1/CLKARDCLK
Min Period        n/a     RAMB36E1/CLKBWRCLK  n/a            2.095         12.000      9.905      RAMB36_X1Y7   u_soc/Core_cpu/u_ifu_subsys/u_icache/u_dat_way0/u_prim/mem_q_reg_1/CLKBWRCLK
Min Period        n/a     RAMB36E1/CLKARDCLK  n/a            2.095         12.000      9.905      RAMB36_X1Y6   u_soc/Core_cpu/u_ifu_subsys/u_icache/u_dat_way1/u_prim/mem_q_reg_0/CLKARDCLK
Min Period        n/a     RAMB36E1/CLKBWRCLK  n/a            2.095         12.000      9.905      RAMB36_X1Y6   u_soc/Core_cpu/u_ifu_subsys/u_icache/u_dat_way1/u_prim/mem_q_reg_0/CLKBWRCLK
Min Period        n/a     RAMB36E1/CLKARDCLK  n/a            2.095         12.000      9.905      RAMB36_X1Y8   u_soc/Core_cpu/u_ifu_subsys/u_icache/u_dat_way1/u_prim/mem_q_reg_1/CLKARDCLK
Min Period        n/a     RAMB36E1/CLKBWRCLK  n/a            2.095         12.000      9.905      RAMB36_X1Y8   u_soc/Core_cpu/u_ifu_subsys/u_icache/u_dat_way1/u_prim/mem_q_reg_1/CLKBWRCLK
Min Period        n/a     RAMB36E1/CLKARDCLK  n/a            2.095         12.000      9.905      RAMB36_X0Y19  u_soc/Mem_DRAM/u_prim/mem_reg_0/CLKARDCLK
Min Period        n/a     RAMB36E1/CLKARDCLK  n/a            2.095         12.000      9.905      RAMB36_X1Y19  u_soc/Mem_DRAM/u_prim/mem_reg_1/CLKARDCLK
Min Period        n/a     RAMB36E1/CLKARDCLK  n/a            2.095         12.000      9.905      RAMB36_X0Y15  u_soc/Mem_DRAM/u_prim/mem_reg_10/CLKARDCLK
Min Period        n/a     RAMB36E1/CLKARDCLK  n/a            2.095         12.000      9.905      RAMB36_X1Y21  u_soc/Mem_DRAM/u_prim/mem_reg_11/CLKARDCLK
Min Period        n/a     RAMB36E1/CLKARDCLK  n/a            2.095         12.000      9.905      RAMB36_X1Y16  u_soc/Mem_DRAM/u_prim/mem_reg_12/CLKARDCLK
Min Period        n/a     RAMB36E1/CLKARDCLK  n/a            2.095         12.000      9.905      RAMB36_X0Y18  u_soc/Mem_DRAM/u_prim/mem_reg_13/CLKARDCLK
Min Period        n/a     RAMB36E1/CLKARDCLK  n/a            2.095         12.000      9.905      RAMB36_X1Y17  u_soc/Mem_DRAM/u_prim/mem_reg_14/CLKARDCLK
Min Period        n/a     RAMB36E1/CLKARDCLK  n/a            2.095         12.000      9.905      RAMB36_X1Y18  u_soc/Mem_DRAM/u_prim/mem_reg_15/CLKARDCLK
Min Period        n/a     RAMB36E1/CLKARDCLK  n/a            2.095         12.000      9.905      RAMB36_X1Y20  u_soc/Mem_DRAM/u_prim/mem_reg_2/CLKARDCLK
Min Period        n/a     RAMB36E1/CLKARDCLK  n/a            2.095         12.000      9.905      RAMB36_X2Y19  u_soc/Mem_DRAM/u_prim/mem_reg_3/CLKARDCLK
Min Period        n/a     RAMB36E1/CLKARDCLK  n/a            2.095         12.000      9.905      RAMB36_X0Y16  u_soc/Mem_DRAM/u_prim/mem_reg_4/CLKARDCLK
Min Period        n/a     RAMB36E1/CLKARDCLK  n/a            2.095         12.000      9.905      RAMB36_X0Y21  u_soc/Mem_DRAM/u_prim/mem_reg_5/CLKARDCLK
Low Pulse Width   Slow    RAMD64E/CLK         n/a            0.768         6.000       5.232      SLICE_X52Y40  u_soc/Core_cpu/u_ifu_subsys/g_tage.u_tage/g_tab[0].pv_p_reg_r1_0_63_0_2/RAMA/CLK
Low Pulse Width   Fast    RAMD64E/CLK         n/a            0.768         6.000       5.232      SLICE_X52Y40  u_soc/Core_cpu/u_ifu_subsys/g_tage.u_tage/g_tab[0].pv_p_reg_r1_0_63_0_2/RAMA/CLK
Low Pulse Width   Slow    RAMD64E/CLK         n/a            0.768         6.000       5.232      SLICE_X52Y40  u_soc/Core_cpu/u_ifu_subsys/g_tage.u_tage/g_tab[0].pv_p_reg_r1_0_63_0_2/RAMB/CLK
Low Pulse Width   Fast    RAMD64E/CLK         n/a            0.768         6.000       5.232      SLICE_X52Y40  u_soc/Core_cpu/u_ifu_subsys/g_tage.u_tage/g_tab[0].pv_p_reg_r1_0_63_0_2/RAMB/CLK
Low Pulse Width   Slow    RAMD64E/CLK         n/a            0.768         6.000       5.232      SLICE_X52Y40  u_soc/Core_cpu/u_ifu_subsys/g_tage.u_tage/g_tab[0].pv_p_reg_r1_0_63_0_2/RAMC/CLK
Low Pulse Width   Fast    RAMD64E/CLK         n/a            0.768         6.000       5.232      SLICE_X52Y40  u_soc/Core_cpu/u_ifu_subsys/g_tage.u_tage/g_tab[0].pv_p_reg_r1_0_63_0_2/RAMC/CLK
Low Pulse Width   Slow    RAMD64E/CLK         n/a            0.768         6.000       5.232      SLICE_X52Y40  u_soc/Core_cpu/u_ifu_subsys/g_tage.u_tage/g_tab[0].pv_p_reg_r1_0_63_0_2/RAMD/CLK
Low Pulse Width   Fast    RAMD64E/CLK         n/a            0.768         6.000       5.232      SLICE_X52Y40  u_soc/Core_cpu/u_ifu_subsys/g_tage.u_tage/g_tab[0].pv_p_reg_r1_0_63_0_2/RAMD/CLK
Low Pulse Width   Slow    RAMD64E/CLK         n/a            0.768         6.000       5.232      SLICE_X50Y40  u_soc/Core_cpu/u_ifu_subsys/g_tage.u_tage/g_tab[0].pv_p_reg_r1_0_63_12_14/RAMA/CLK
Low Pulse Width   Fast    RAMD64E/CLK         n/a            0.768         6.000       5.232      SLICE_X50Y40  u_soc/Core_cpu/u_ifu_subsys/g_tage.u_tage/g_tab[0].pv_p_reg_r1_0_63_12_14/RAMA/CLK
Low Pulse Width   Slow    RAMD64E/CLK         n/a            0.768         6.000       5.232      SLICE_X50Y40  u_soc/Core_cpu/u_ifu_subsys/g_tage.u_tage/g_tab[0].pv_p_reg_r1_0_63_12_14/RAMB/CLK
Low Pulse Width   Fast    RAMD64E/CLK         n/a            0.768         6.000       5.232      SLICE_X50Y40  u_soc/Core_cpu/u_ifu_subsys/g_tage.u_tage/g_tab[0].pv_p_reg_r1_0_63_12_14/RAMB/CLK
Low Pulse Width   Slow    RAMD64E/CLK         n/a            0.768         6.000       5.232      SLICE_X50Y40  u_soc/Core_cpu/u_ifu_subsys/g_tage.u_tage/g_tab[0].pv_p_reg_r1_0_63_12_14/RAMC/CLK
Low Pulse Width   Fast    RAMD64E/CLK         n/a            0.768         6.000       5.232      SLICE_X50Y40  u_soc/Core_cpu/u_ifu_subsys/g_tage.u_tage/g_tab[0].pv_p_reg_r1_0_63_12_14/RAMC/CLK
Low Pulse Width   Slow    RAMD64E/CLK         n/a            0.768         6.000       5.232      SLICE_X50Y40  u_soc/Core_cpu/u_ifu_subsys/g_tage.u_tage/g_tab[0].pv_p_reg_r1_0_63_12_14/RAMD/CLK
Low Pulse Width   Fast    RAMD64E/CLK         n/a            0.768         6.000       5.232      SLICE_X50Y40  u_soc/Core_cpu/u_ifu_subsys/g_tage.u_tage/g_tab[0].pv_p_reg_r1_0_63_12_14/RAMD/CLK
Low Pulse Width   Slow    RAMD64E/CLK         n/a            0.768         6.000       5.232      SLICE_X50Y38  u_soc/Core_cpu/u_ifu_subsys/g_tage.u_tage/g_tab[0].pv_p_reg_r1_0_63_15_17/RAMA/CLK
Low Pulse Width   Fast    RAMD64E/CLK         n/a            0.768         6.000       5.232      SLICE_X50Y38  u_soc/Core_cpu/u_ifu_subsys/g_tage.u_tage/g_tab[0].pv_p_reg_r1_0_63_15_17/RAMA/CLK
Low Pulse Width   Slow    RAMD64E/CLK         n/a            0.768         6.000       5.232      SLICE_X50Y38  u_soc/Core_cpu/u_ifu_subsys/g_tage.u_tage/g_tab[0].pv_p_reg_r1_0_63_15_17/RAMB/CLK
Low Pulse Width   Fast    RAMD64E/CLK         n/a            0.768         6.000       5.232      SLICE_X50Y38  u_soc/Core_cpu/u_ifu_subsys/g_tage.u_tage/g_tab[0].pv_p_reg_r1_0_63_15_17/RAMB/CLK
High Pulse Width  Slow    RAMD64E/CLK         n/a            0.768         6.000       5.232      SLICE_X52Y40  u_soc/Core_cpu/u_ifu_subsys/g_tage.u_tage/g_tab[0].pv_p_reg_r1_0_63_0_2/RAMA/CLK
High Pulse Width  Fast    RAMD64E/CLK         n/a            0.768         6.000       5.232      SLICE_X52Y40  u_soc/Core_cpu/u_ifu_subsys/g_tage.u_tage/g_tab[0].pv_p_reg_r1_0_63_0_2/RAMA/CLK
High Pulse Width  Slow    RAMD64E/CLK         n/a            0.768         6.000       5.232      SLICE_X52Y40  u_soc/Core_cpu/u_ifu_subsys/g_tage.u_tage/g_tab[0].pv_p_reg_r1_0_63_0_2/RAMB/CLK
High Pulse Width  Fast    RAMD64E/CLK         n/a            0.768         6.000       5.232      SLICE_X52Y40  u_soc/Core_cpu/u_ifu_subsys/g_tage.u_tage/g_tab[0].pv_p_reg_r1_0_63_0_2/RAMB/CLK
High Pulse Width  Slow    RAMD64E/CLK         n/a            0.768         6.000       5.232      SLICE_X52Y40  u_soc/Core_cpu/u_ifu_subsys/g_tage.u_tage/g_tab[0].pv_p_reg_r1_0_63_0_2/RAMC/CLK
High Pulse Width  Fast    RAMD64E/CLK         n/a            0.768         6.000       5.232      SLICE_X52Y40  u_soc/Core_cpu/u_ifu_subsys/g_tage.u_tage/g_tab[0].pv_p_reg_r1_0_63_0_2/RAMC/CLK
High Pulse Width  Slow    RAMD64E/CLK         n/a            0.768         6.000       5.232      SLICE_X52Y40  u_soc/Core_cpu/u_ifu_subsys/g_tage.u_tage/g_tab[0].pv_p_reg_r1_0_63_0_2/RAMD/CLK
High Pulse Width  Fast    RAMD64E/CLK         n/a            0.768         6.000       5.232      SLICE_X52Y40  u_soc/Core_cpu/u_ifu_subsys/g_tage.u_tage/g_tab[0].pv_p_reg_r1_0_63_0_2/RAMD/CLK
High Pulse Width  Slow    RAMD64E/CLK         n/a            0.768         6.000       5.232      SLICE_X50Y40  u_soc/Core_cpu/u_ifu_subsys/g_tage.u_tage/g_tab[0].pv_p_reg_r1_0_63_12_14/RAMA/CLK
High Pulse Width  Fast    RAMD64E/CLK         n/a            0.768         6.000       5.232      SLICE_X50Y40  u_soc/Core_cpu/u_ifu_subsys/g_tage.u_tage/g_tab[0].pv_p_reg_r1_0_63_12_14/RAMA/CLK
High Pulse Width  Slow    RAMD64E/CLK         n/a            0.768         6.000       5.232      SLICE_X50Y40  u_soc/Core_cpu/u_ifu_subsys/g_tage.u_tage/g_tab[0].pv_p_reg_r1_0_63_12_14/RAMB/CLK
High Pulse Width  Fast    RAMD64E/CLK         n/a            0.768         6.000       5.232      SLICE_X50Y40  u_soc/Core_cpu/u_ifu_subsys/g_tage.u_tage/g_tab[0].pv_p_reg_r1_0_63_12_14/RAMB/CLK
High Pulse Width  Slow    RAMD64E/CLK         n/a            0.768         6.000       5.232      SLICE_X50Y40  u_soc/Core_cpu/u_ifu_subsys/g_tage.u_tage/g_tab[0].pv_p_reg_r1_0_63_12_14/RAMC/CLK
High Pulse Width  Fast    RAMD64E/CLK         n/a            0.768         6.000       5.232      SLICE_X50Y40  u_soc/Core_cpu/u_ifu_subsys/g_tage.u_tage/g_tab[0].pv_p_reg_r1_0_63_12_14/RAMC/CLK
High Pulse Width  Slow    RAMD64E/CLK         n/a            0.768         6.000       5.232      SLICE_X50Y40  u_soc/Core_cpu/u_ifu_subsys/g_tage.u_tage/g_tab[0].pv_p_reg_r1_0_63_12_14/RAMD/CLK
High Pulse Width  Fast    RAMD64E/CLK         n/a            0.768         6.000       5.232      SLICE_X50Y40  u_soc/Core_cpu/u_ifu_subsys/g_tage.u_tage/g_tab[0].pv_p_reg_r1_0_63_12_14/RAMD/CLK
High Pulse Width  Slow    RAMD64E/CLK         n/a            0.768         6.000       5.232      SLICE_X50Y38  u_soc/Core_cpu/u_ifu_subsys/g_tage.u_tage/g_tab[0].pv_p_reg_r1_0_63_15_17/RAMA/CLK
High Pulse Width  Fast    RAMD64E/CLK         n/a            0.768         6.000       5.232      SLICE_X50Y38  u_soc/Core_cpu/u_ifu_subsys/g_tage.u_tage/g_tab[0].pv_p_reg_r1_0_63_15_17/RAMA/CLK
High Pulse Width  Slow    RAMD64E/CLK         n/a            0.768         6.000       5.232      SLICE_X50Y38  u_soc/Core_cpu/u_ifu_subsys/g_tage.u_tage/g_tab[0].pv_p_reg_r1_0_63_15_17/RAMB/CLK
High Pulse Width  Fast    RAMD64E/CLK         n/a            0.768         6.000       5.232      SLICE_X50Y38  u_soc/Core_cpu/u_ifu_subsys/g_tage.u_tage/g_tab[0].pv_p_reg_r1_0_63_15_17/RAMB/CLK



---------------------------------------------------------------------------------------------------
Path Group:  **async_default**
From Clock:  clk
  To Clock:  clk

Setup :            0  Failing Endpoints,  Worst Slack        6.796ns,  Total Violation        0.000ns
Hold  :           NA  Failing Endpoints,  Worst Slack           NA  ,  Total Violation           NA
---------------------------------------------------------------------------------------------------


Max Delay Paths
--------------------------------------------------------------------------------------
Slack (MET) :             6.796ns  (required time - arrival time)
  Source:                 u_soc/rst_cpu_reg_rep__8/C
                            (rising edge-triggered cell FDPE clocked by clk  {rise@0.000ns fall@6.000ns period=12.000ns})
  Destination:            u_soc/Core_cpu/timer_irq_d1_reg/CLR
                            (recovery check against rising-edge clock clk  {rise@0.000ns fall@6.000ns period=12.000ns})
  Path Group:             **async_default**
  Path Type:              Recovery (Max at Slow Process Corner)
  Requirement:            12.000ns  (clk rise@12.000ns - clk rise@0.000ns)
  Data Path Delay:        4.659ns  (logic 0.223ns (4.786%)  route 4.436ns (95.214%))
  Logic Levels:           0  
  Clock Path Skew:        -0.297ns (DCD - SCD + CPR)
    Destination Clock Delay (DCD):    4.760ns = ( 16.760 - 12.000 ) 
    Source Clock Delay      (SCD):    5.293ns
    Clock Pessimism Removal (CPR):    0.237ns
  Clock Uncertainty:      0.035ns  ((TSJ^2 + TIJ^2)^1/2 + DJ) / 2 + PE
    Total System Jitter     (TSJ):    0.071ns
    Total Input Jitter      (TIJ):    0.000ns
    Discrete Jitter          (DJ):    0.000ns
    Phase Error              (PE):    0.000ns

    Location             Delay type                Incr(ns)  Path(ns)    Netlist Resource(s)
  -------------------------------------------------------------------    -------------------
                         (clock clk rise edge)        0.000     0.000 r  
    AE23                                              0.000     0.000 r  clk (IN)
                         net (fo=0)                   0.000     0.000    clk
    AE23                 IBUF (Prop_ibuf_I_O)         0.734     0.734 r  clk_IBUF_inst/O
                         net (fo=1, routed)           2.651     3.385    clk_IBUF
    BUFGCTRL_X0Y0        BUFG (Prop_bufg_I_O)         0.093     3.478 r  u_bufg/O
                         net (fo=5673, routed)        1.815     5.293    u_soc/clk_buf
    SLICE_X21Y46         FDPE                                         r  u_soc/rst_cpu_reg_rep__8/C
  -------------------------------------------------------------------    -------------------
    SLICE_X21Y46         FDPE (Prop_fdpe_C_Q)         0.223     5.516 f  u_soc/rst_cpu_reg_rep__8/Q
                         net (fo=179, routed)         4.436     9.953    u_soc/Core_cpu/AR[0]
    SLICE_X21Y88         FDCE                                         f  u_soc/Core_cpu/timer_irq_d1_reg/CLR
  -------------------------------------------------------------------    -------------------

                         (clock clk rise edge)       12.000    12.000 r  
    AE23                                              0.000    12.000 r  clk (IN)
                         net (fo=0)                   0.000    12.000    clk
    AE23                 IBUF (Prop_ibuf_I_O)         0.660    12.660 r  clk_IBUF_inst/O
                         net (fo=1, routed)           2.516    15.176    clk_IBUF
    BUFGCTRL_X0Y0        BUFG (Prop_bufg_I_O)         0.083    15.259 r  u_bufg/O
                         net (fo=5673, routed)        1.501    16.760    u_soc/Core_cpu/clk_buf
    SLICE_X21Y88         FDCE                                         r  u_soc/Core_cpu/timer_irq_d1_reg/C
                         clock pessimism              0.237    16.996    
                         clock uncertainty           -0.035    16.961    
    SLICE_X21Y88         FDCE (Recov_fdce_C_CLR)     -0.212    16.749    u_soc/Core_cpu/timer_irq_d1_reg
  -------------------------------------------------------------------
                         required time                         16.749    
                         arrival time                          -9.953    
  -------------------------------------------------------------------
                         slack                                  6.796    

Slack (MET) :             7.192ns  (required time - arrival time)
  Source:                 u_soc/rst_cpu_reg_rep__5/C
                            (rising edge-triggered cell FDPE clocked by clk  {rise@0.000ns fall@6.000ns period=12.000ns})
  Destination:            u_soc/Core_cpu/U_EX_MEM/mem_rD2_reg[23]/CLR
                            (recovery check against rising-edge clock clk  {rise@0.000ns fall@6.000ns period=12.000ns})
  Path Group:             **async_default**
  Path Type:              Recovery (Max at Slow Process Corner)
  Requirement:            12.000ns  (clk rise@12.000ns - clk rise@0.000ns)
  Data Path Delay:        4.452ns  (logic 0.223ns (5.009%)  route 4.229ns (94.991%))
  Logic Levels:           0  
  Clock Path Skew:        -0.109ns (DCD - SCD + CPR)
    Destination Clock Delay (DCD):    4.754ns = ( 16.754 - 12.000 ) 
    Source Clock Delay      (SCD):    5.172ns
    Clock Pessimism Removal (CPR):    0.310ns
  Clock Uncertainty:      0.035ns  ((TSJ^2 + TIJ^2)^1/2 + DJ) / 2 + PE
    Total System Jitter     (TSJ):    0.071ns
    Total Input Jitter      (TIJ):    0.000ns
    Discrete Jitter          (DJ):    0.000ns
    Phase Error              (PE):    0.000ns

    Location             Delay type                Incr(ns)  Path(ns)    Netlist Resource(s)
  -------------------------------------------------------------------    -------------------
                         (clock clk rise edge)        0.000     0.000 r  
    AE23                                              0.000     0.000 r  clk (IN)
                         net (fo=0)                   0.000     0.000    clk
    AE23                 IBUF (Prop_ibuf_I_O)         0.734     0.734 r  clk_IBUF_inst/O
                         net (fo=1, routed)           2.651     3.385    clk_IBUF
    BUFGCTRL_X0Y0        BUFG (Prop_bufg_I_O)         0.093     3.478 r  u_bufg/O
                         net (fo=5673, routed)        1.694     5.172    u_soc/clk_buf
    SLICE_X7Y86          FDPE                                         r  u_soc/rst_cpu_reg_rep__5/C
  -------------------------------------------------------------------    -------------------
    SLICE_X7Y86          FDPE (Prop_fdpe_C_Q)         0.223     5.395 f  u_soc/rst_cpu_reg_rep__5/Q
                         net (fo=179, routed)         4.229     9.624    u_soc/Core_cpu/U_EX_MEM/pc_o_reg[0]_0[2]
    SLICE_X34Y88         FDCE                                         f  u_soc/Core_cpu/U_EX_MEM/mem_rD2_reg[23]/CLR
  -------------------------------------------------------------------    -------------------

                         (clock clk rise edge)       12.000    12.000 r  
    AE23                                              0.000    12.000 r  clk (IN)
                         net (fo=0)                   0.000    12.000    clk
    AE23                 IBUF (Prop_ibuf_I_O)         0.660    12.660 r  clk_IBUF_inst/O
                         net (fo=1, routed)           2.516    15.176    clk_IBUF
    BUFGCTRL_X0Y0        BUFG (Prop_bufg_I_O)         0.083    15.259 r  u_bufg/O
                         net (fo=5673, routed)        1.495    16.754    u_soc/Core_cpu/U_EX_MEM/clk_buf
    SLICE_X34Y88         FDCE                                         r  u_soc/Core_cpu/U_EX_MEM/mem_rD2_reg[23]/C
                         clock pessimism              0.310    17.063    
                         clock uncertainty           -0.035    17.028    
    SLICE_X34Y88         FDCE (Recov_fdce_C_CLR)     -0.212    16.816    u_soc/Core_cpu/U_EX_MEM/mem_rD2_reg[23]
  -------------------------------------------------------------------
                         required time                         16.816    
                         arrival time                          -9.624    
  -------------------------------------------------------------------
                         slack                                  7.192    

Slack (MET) :             7.192ns  (required time - arrival time)
  Source:                 u_soc/rst_cpu_reg_rep__5/C
                            (rising edge-triggered cell FDPE clocked by clk  {rise@0.000ns fall@6.000ns period=12.000ns})
  Destination:            u_soc/Core_cpu/U_EX_MEM/mem_rD2_reg[30]/CLR
                            (recovery check against rising-edge clock clk  {rise@0.000ns fall@6.000ns period=12.000ns})
  Path Group:             **async_default**
  Path Type:              Recovery (Max at Slow Process Corner)
  Requirement:            12.000ns  (clk rise@12.000ns - clk rise@0.000ns)
  Data Path Delay:        4.452ns  (logic 0.223ns (5.009%)  route 4.229ns (94.991%))
  Logic Levels:           0  
  Clock Path Skew:        -0.109ns (DCD - SCD + CPR)
    Destination Clock Delay (DCD):    4.754ns = ( 16.754 - 12.000 ) 
    Source Clock Delay      (SCD):    5.172ns
    Clock Pessimism Removal (CPR):    0.310ns
  Clock Uncertainty:      0.035ns  ((TSJ^2 + TIJ^2)^1/2 + DJ) / 2 + PE
    Total System Jitter     (TSJ):    0.071ns
    Total Input Jitter      (TIJ):    0.000ns
    Discrete Jitter          (DJ):    0.000ns
    Phase Error              (PE):    0.000ns

    Location             Delay type                Incr(ns)  Path(ns)    Netlist Resource(s)
  -------------------------------------------------------------------    -------------------
                         (clock clk rise edge)        0.000     0.000 r  
    AE23                                              0.000     0.000 r  clk (IN)
                         net (fo=0)                   0.000     0.000    clk
    AE23                 IBUF (Prop_ibuf_I_O)         0.734     0.734 r  clk_IBUF_inst/O
                         net (fo=1, routed)           2.651     3.385    clk_IBUF
    BUFGCTRL_X0Y0        BUFG (Prop_bufg_I_O)         0.093     3.478 r  u_bufg/O
                         net (fo=5673, routed)        1.694     5.172    u_soc/clk_buf
    SLICE_X7Y86          FDPE                                         r  u_soc/rst_cpu_reg_rep__5/C
  -------------------------------------------------------------------    -------------------
    SLICE_X7Y86          FDPE (Prop_fdpe_C_Q)         0.223     5.395 f  u_soc/rst_cpu_reg_rep__5/Q
                         net (fo=179, routed)         4.229     9.624    u_soc/Core_cpu/U_EX_MEM/pc_o_reg[0]_0[2]
    SLICE_X34Y88         FDCE                                         f  u_soc/Core_cpu/U_EX_MEM/mem_rD2_reg[30]/CLR
  -------------------------------------------------------------------    -------------------

                         (clock clk rise edge)       12.000    12.000 r  
    AE23                                              0.000    12.000 r  clk (IN)
                         net (fo=0)                   0.000    12.000    clk
    AE23                 IBUF (Prop_ibuf_I_O)         0.660    12.660 r  clk_IBUF_inst/O
                         net (fo=1, routed)           2.516    15.176    clk_IBUF
    BUFGCTRL_X0Y0        BUFG (Prop_bufg_I_O)         0.083    15.259 r  u_bufg/O
                         net (fo=5673, routed)        1.495    16.754    u_soc/Core_cpu/U_EX_MEM/clk_buf
    SLICE_X34Y88         FDCE                                         r  u_soc/Core_cpu/U_EX_MEM/mem_rD2_reg[30]/C
                         clock pessimism              0.310    17.063    
                         clock uncertainty           -0.035    17.028    
    SLICE_X34Y88         FDCE (Recov_fdce_C_CLR)     -0.212    16.816    u_soc/Core_cpu/U_EX_MEM/mem_rD2_reg[30]
  -------------------------------------------------------------------
                         required time                         16.816    
                         arrival time                          -9.624    
  -------------------------------------------------------------------
                         slack                                  7.192    

Slack (MET) :             7.192ns  (required time - arrival time)
  Source:                 u_soc/rst_cpu_reg_rep__5/C
                            (rising edge-triggered cell FDPE clocked by clk  {rise@0.000ns fall@6.000ns period=12.000ns})
  Destination:            u_soc/Core_cpu/U_EX_MEM/mem_rD2_reg[31]/CLR
                            (recovery check against rising-edge clock clk  {rise@0.000ns fall@6.000ns period=12.000ns})
  Path Group:             **async_default**
  Path Type:              Recovery (Max at Slow Process Corner)
  Requirement:            12.000ns  (clk rise@12.000ns - clk rise@0.000ns)
  Data Path Delay:        4.452ns  (logic 0.223ns (5.009%)  route 4.229ns (94.991%))
  Logic Levels:           0  
  Clock Path Skew:        -0.109ns (DCD - SCD + CPR)
    Destination Clock Delay (DCD):    4.754ns = ( 16.754 - 12.000 ) 
    Source Clock Delay      (SCD):    5.172ns
    Clock Pessimism Removal (CPR):    0.310ns
  Clock Uncertainty:      0.035ns  ((TSJ^2 + TIJ^2)^1/2 + DJ) / 2 + PE
    Total System Jitter     (TSJ):    0.071ns
    Total Input Jitter      (TIJ):    0.000ns
    Discrete Jitter          (DJ):    0.000ns
    Phase Error              (PE):    0.000ns

    Location             Delay type                Incr(ns)  Path(ns)    Netlist Resource(s)
  -------------------------------------------------------------------    -------------------
                         (clock clk rise edge)        0.000     0.000 r  
    AE23                                              0.000     0.000 r  clk (IN)
                         net (fo=0)                   0.000     0.000    clk
    AE23                 IBUF (Prop_ibuf_I_O)         0.734     0.734 r  clk_IBUF_inst/O
                         net (fo=1, routed)           2.651     3.385    clk_IBUF
    BUFGCTRL_X0Y0        BUFG (Prop_bufg_I_O)         0.093     3.478 r  u_bufg/O
                         net (fo=5673, routed)        1.694     5.172    u_soc/clk_buf
    SLICE_X7Y86          FDPE                                         r  u_soc/rst_cpu_reg_rep__5/C
  -------------------------------------------------------------------    -------------------
    SLICE_X7Y86          FDPE (Prop_fdpe_C_Q)         0.223     5.395 f  u_soc/rst_cpu_reg_rep__5/Q
                         net (fo=179, routed)         4.229     9.624    u_soc/Core_cpu/U_EX_MEM/pc_o_reg[0]_0[2]
    SLICE_X34Y88         FDCE                                         f  u_soc/Core_cpu/U_EX_MEM/mem_rD2_reg[31]/CLR
  -------------------------------------------------------------------    -------------------

                         (clock clk rise edge)       12.000    12.000 r  
    AE23                                              0.000    12.000 r  clk (IN)
                         net (fo=0)                   0.000    12.000    clk
    AE23                 IBUF (Prop_ibuf_I_O)         0.660    12.660 r  clk_IBUF_inst/O
                         net (fo=1, routed)           2.516    15.176    clk_IBUF
    BUFGCTRL_X0Y0        BUFG (Prop_bufg_I_O)         0.083    15.259 r  u_bufg/O
                         net (fo=5673, routed)        1.495    16.754    u_soc/Core_cpu/U_EX_MEM/clk_buf
    SLICE_X34Y88         FDCE                                         r  u_soc/Core_cpu/U_EX_MEM/mem_rD2_reg[31]/C
                         clock pessimism              0.310    17.063    
                         clock uncertainty           -0.035    17.028    
    SLICE_X34Y88         FDCE (Recov_fdce_C_CLR)     -0.212    16.816    u_soc/Core_cpu/U_EX_MEM/mem_rD2_reg[31]
  -------------------------------------------------------------------
                         required time                         16.816    
                         arrival time                          -9.624    
  -------------------------------------------------------------------
                         slack                                  7.192    

Slack (MET) :             7.377ns  (required time - arrival time)
  Source:                 u_soc/rst_cpu_reg_rep__5/C
                            (rising edge-triggered cell FDPE clocked by clk  {rise@0.000ns fall@6.000ns period=12.000ns})
  Destination:            u_soc/Core_cpu/U_EX_MEM/mem_rD2_reg[1]/CLR
                            (recovery check against rising-edge clock clk  {rise@0.000ns fall@6.000ns period=12.000ns})
  Path Group:             **async_default**
  Path Type:              Recovery (Max at Slow Process Corner)
  Requirement:            12.000ns  (clk rise@12.000ns - clk rise@0.000ns)
  Data Path Delay:        4.268ns  (logic 0.223ns (5.225%)  route 4.045ns (94.775%))
  Logic Levels:           0  
  Clock Path Skew:        -0.108ns (DCD - SCD + CPR)
    Destination Clock Delay (DCD):    4.755ns = ( 16.755 - 12.000 ) 
    Source Clock Delay      (SCD):    5.172ns
    Clock Pessimism Removal (CPR):    0.310ns
  Clock Uncertainty:      0.035ns  ((TSJ^2 + TIJ^2)^1/2 + DJ) / 2 + PE
    Total System Jitter     (TSJ):    0.071ns
    Total Input Jitter      (TIJ):    0.000ns
    Discrete Jitter          (DJ):    0.000ns
    Phase Error              (PE):    0.000ns

    Location             Delay type                Incr(ns)  Path(ns)    Netlist Resource(s)
  -------------------------------------------------------------------    -------------------
                         (clock clk rise edge)        0.000     0.000 r  
    AE23                                              0.000     0.000 r  clk (IN)
                         net (fo=0)                   0.000     0.000    clk
    AE23                 IBUF (Prop_ibuf_I_O)         0.734     0.734 r  clk_IBUF_inst/O
                         net (fo=1, routed)           2.651     3.385    clk_IBUF
    BUFGCTRL_X0Y0        BUFG (Prop_bufg_I_O)         0.093     3.478 r  u_bufg/O
                         net (fo=5673, routed)        1.694     5.172    u_soc/clk_buf
    SLICE_X7Y86          FDPE                                         r  u_soc/rst_cpu_reg_rep__5/C
  -------------------------------------------------------------------    -------------------
    SLICE_X7Y86          FDPE (Prop_fdpe_C_Q)         0.223     5.395 f  u_soc/rst_cpu_reg_rep__5/Q
                         net (fo=179, routed)         4.045     9.440    u_soc/Core_cpu/U_EX_MEM/pc_o_reg[0]_0[2]
    SLICE_X30Y87         FDCE                                         f  u_soc/Core_cpu/U_EX_MEM/mem_rD2_reg[1]/CLR
  -------------------------------------------------------------------    -------------------

                         (clock clk rise edge)       12.000    12.000 r  
    AE23                                              0.000    12.000 r  clk (IN)
                         net (fo=0)                   0.000    12.000    clk
    AE23                 IBUF (Prop_ibuf_I_O)         0.660    12.660 r  clk_IBUF_inst/O
                         net (fo=1, routed)           2.516    15.176    clk_IBUF
    BUFGCTRL_X0Y0        BUFG (Prop_bufg_I_O)         0.083    15.259 r  u_bufg/O
                         net (fo=5673, routed)        1.496    16.755    u_soc/Core_cpu/U_EX_MEM/clk_buf
    SLICE_X30Y87         FDCE                                         r  u_soc/Core_cpu/U_EX_MEM/mem_rD2_reg[1]/C
                         clock pessimism              0.310    17.064    
                         clock uncertainty           -0.035    17.029    
    SLICE_X30Y87         FDCE (Recov_fdce_C_CLR)     -0.212    16.817    u_soc/Core_cpu/U_EX_MEM/mem_rD2_reg[1]
  -------------------------------------------------------------------
                         required time                         16.817    
                         arrival time                          -9.440    
  -------------------------------------------------------------------
                         slack                                  7.377    

Slack (MET) :             7.377ns  (required time - arrival time)
  Source:                 u_soc/rst_cpu_reg_rep__5/C
                            (rising edge-triggered cell FDPE clocked by clk  {rise@0.000ns fall@6.000ns period=12.000ns})
  Destination:            u_soc/Core_cpu/U_EX_MEM/mem_rD2_reg[24]/CLR
                            (recovery check against rising-edge clock clk  {rise@0.000ns fall@6.000ns period=12.000ns})
  Path Group:             **async_default**
  Path Type:              Recovery (Max at Slow Process Corner)
  Requirement:            12.000ns  (clk rise@12.000ns - clk rise@0.000ns)
  Data Path Delay:        4.268ns  (logic 0.223ns (5.225%)  route 4.045ns (94.775%))
  Logic Levels:           0  
  Clock Path Skew:        -0.108ns (DCD - SCD + CPR)
    Destination Clock Delay (DCD):    4.755ns = ( 16.755 - 12.000 ) 
    Source Clock Delay      (SCD):    5.172ns
    Clock Pessimism Removal (CPR):    0.310ns
  Clock Uncertainty:      0.035ns  ((TSJ^2 + TIJ^2)^1/2 + DJ) / 2 + PE
    Total System Jitter     (TSJ):    0.071ns
    Total Input Jitter      (TIJ):    0.000ns
    Discrete Jitter          (DJ):    0.000ns
    Phase Error              (PE):    0.000ns

    Location             Delay type                Incr(ns)  Path(ns)    Netlist Resource(s)
  -------------------------------------------------------------------    -------------------
                         (clock clk rise edge)        0.000     0.000 r  
    AE23                                              0.000     0.000 r  clk (IN)
                         net (fo=0)                   0.000     0.000    clk
    AE23                 IBUF (Prop_ibuf_I_O)         0.734     0.734 r  clk_IBUF_inst/O
                         net (fo=1, routed)           2.651     3.385    clk_IBUF
    BUFGCTRL_X0Y0        BUFG (Prop_bufg_I_O)         0.093     3.478 r  u_bufg/O
                         net (fo=5673, routed)        1.694     5.172    u_soc/clk_buf
    SLICE_X7Y86          FDPE                                         r  u_soc/rst_cpu_reg_rep__5/C
  -------------------------------------------------------------------    -------------------
    SLICE_X7Y86          FDPE (Prop_fdpe_C_Q)         0.223     5.395 f  u_soc/rst_cpu_reg_rep__5/Q
                         net (fo=179, routed)         4.045     9.440    u_soc/Core_cpu/U_EX_MEM/pc_o_reg[0]_0[2]
    SLICE_X30Y87         FDCE                                         f  u_soc/Core_cpu/U_EX_MEM/mem_rD2_reg[24]/CLR
  -------------------------------------------------------------------    -------------------

                         (clock clk rise edge)       12.000    12.000 r  
    AE23                                              0.000    12.000 r  clk (IN)
                         net (fo=0)                   0.000    12.000    clk
    AE23                 IBUF (Prop_ibuf_I_O)         0.660    12.660 r  clk_IBUF_inst/O
                         net (fo=1, routed)           2.516    15.176    clk_IBUF
    BUFGCTRL_X0Y0        BUFG (Prop_bufg_I_O)         0.083    15.259 r  u_bufg/O
                         net (fo=5673, routed)        1.496    16.755    u_soc/Core_cpu/U_EX_MEM/clk_buf
    SLICE_X30Y87         FDCE                                         r  u_soc/Core_cpu/U_EX_MEM/mem_rD2_reg[24]/C
                         clock pessimism              0.310    17.064    
                         clock uncertainty           -0.035    17.029    
    SLICE_X30Y87         FDCE (Recov_fdce_C_CLR)     -0.212    16.817    u_soc/Core_cpu/U_EX_MEM/mem_rD2_reg[24]
  -------------------------------------------------------------------
                         required time                         16.817    
                         arrival time                          -9.440    
  -------------------------------------------------------------------
                         slack                                  7.377    

Slack (MET) :             7.377ns  (required time - arrival time)
  Source:                 u_soc/rst_cpu_reg_rep__5/C
                            (rising edge-triggered cell FDPE clocked by clk  {rise@0.000ns fall@6.000ns period=12.000ns})
  Destination:            u_soc/Core_cpu/U_EX_MEM/mem_rD2_reg[26]/CLR
                            (recovery check against rising-edge clock clk  {rise@0.000ns fall@6.000ns period=12.000ns})
  Path Group:             **async_default**
  Path Type:              Recovery (Max at Slow Process Corner)
  Requirement:            12.000ns  (clk rise@12.000ns - clk rise@0.000ns)
  Data Path Delay:        4.268ns  (logic 0.223ns (5.225%)  route 4.045ns (94.775%))
  Logic Levels:           0  
  Clock Path Skew:        -0.108ns (DCD - SCD + CPR)
    Destination Clock Delay (DCD):    4.755ns = ( 16.755 - 12.000 ) 
    Source Clock Delay      (SCD):    5.172ns
    Clock Pessimism Removal (CPR):    0.310ns
  Clock Uncertainty:      0.035ns  ((TSJ^2 + TIJ^2)^1/2 + DJ) / 2 + PE
    Total System Jitter     (TSJ):    0.071ns
    Total Input Jitter      (TIJ):    0.000ns
    Discrete Jitter          (DJ):    0.000ns
    Phase Error              (PE):    0.000ns

    Location             Delay type                Incr(ns)  Path(ns)    Netlist Resource(s)
  -------------------------------------------------------------------    -------------------
                         (clock clk rise edge)        0.000     0.000 r  
    AE23                                              0.000     0.000 r  clk (IN)
                         net (fo=0)                   0.000     0.000    clk
    AE23                 IBUF (Prop_ibuf_I_O)         0.734     0.734 r  clk_IBUF_inst/O
                         net (fo=1, routed)           2.651     3.385    clk_IBUF
    BUFGCTRL_X0Y0        BUFG (Prop_bufg_I_O)         0.093     3.478 r  u_bufg/O
                         net (fo=5673, routed)        1.694     5.172    u_soc/clk_buf
    SLICE_X7Y86          FDPE                                         r  u_soc/rst_cpu_reg_rep__5/C
  -------------------------------------------------------------------    -------------------
    SLICE_X7Y86          FDPE (Prop_fdpe_C_Q)         0.223     5.395 f  u_soc/rst_cpu_reg_rep__5/Q
                         net (fo=179, routed)         4.045     9.440    u_soc/Core_cpu/U_EX_MEM/pc_o_reg[0]_0[2]
    SLICE_X30Y87         FDCE                                         f  u_soc/Core_cpu/U_EX_MEM/mem_rD2_reg[26]/CLR
  -------------------------------------------------------------------    -------------------

                         (clock clk rise edge)       12.000    12.000 r  
    AE23                                              0.000    12.000 r  clk (IN)
                         net (fo=0)                   0.000    12.000    clk
    AE23                 IBUF (Prop_ibuf_I_O)         0.660    12.660 r  clk_IBUF_inst/O
                         net (fo=1, routed)           2.516    15.176    clk_IBUF
    BUFGCTRL_X0Y0        BUFG (Prop_bufg_I_O)         0.083    15.259 r  u_bufg/O
                         net (fo=5673, routed)        1.496    16.755    u_soc/Core_cpu/U_EX_MEM/clk_buf
    SLICE_X30Y87         FDCE                                         r  u_soc/Core_cpu/U_EX_MEM/mem_rD2_reg[26]/C
                         clock pessimism              0.310    17.064    
                         clock uncertainty           -0.035    17.029    
    SLICE_X30Y87         FDCE (Recov_fdce_C_CLR)     -0.212    16.817    u_soc/Core_cpu/U_EX_MEM/mem_rD2_reg[26]
  -------------------------------------------------------------------
                         required time                         16.817    
                         arrival time                          -9.440    
  -------------------------------------------------------------------
                         slack                                  7.377    

Slack (MET) :             7.383ns  (required time - arrival time)
  Source:                 u_soc/rst_cpu_reg_rep__5/C
                            (rising edge-triggered cell FDPE clocked by clk  {rise@0.000ns fall@6.000ns period=12.000ns})
  Destination:            u_soc/Core_cpu/U_EX_MEM/mem_rD2_reg[13]/CLR
                            (recovery check against rising-edge clock clk  {rise@0.000ns fall@6.000ns period=12.000ns})
  Path Group:             **async_default**
  Path Type:              Recovery (Max at Slow Process Corner)
  Requirement:            12.000ns  (clk rise@12.000ns - clk rise@0.000ns)
  Data Path Delay:        4.263ns  (logic 0.223ns (5.231%)  route 4.040ns (94.769%))
  Logic Levels:           0  
  Clock Path Skew:        -0.107ns (DCD - SCD + CPR)
    Destination Clock Delay (DCD):    4.756ns = ( 16.756 - 12.000 ) 
    Source Clock Delay      (SCD):    5.172ns
    Clock Pessimism Removal (CPR):    0.310ns
  Clock Uncertainty:      0.035ns  ((TSJ^2 + TIJ^2)^1/2 + DJ) / 2 + PE
    Total System Jitter     (TSJ):    0.071ns
    Total Input Jitter      (TIJ):    0.000ns
    Discrete Jitter          (DJ):    0.000ns
    Phase Error              (PE):    0.000ns

    Location             Delay type                Incr(ns)  Path(ns)    Netlist Resource(s)
  -------------------------------------------------------------------    -------------------
                         (clock clk rise edge)        0.000     0.000 r  
    AE23                                              0.000     0.000 r  clk (IN)
                         net (fo=0)                   0.000     0.000    clk
    AE23                 IBUF (Prop_ibuf_I_O)         0.734     0.734 r  clk_IBUF_inst/O
                         net (fo=1, routed)           2.651     3.385    clk_IBUF
    BUFGCTRL_X0Y0        BUFG (Prop_bufg_I_O)         0.093     3.478 r  u_bufg/O
                         net (fo=5673, routed)        1.694     5.172    u_soc/clk_buf
    SLICE_X7Y86          FDPE                                         r  u_soc/rst_cpu_reg_rep__5/C
  -------------------------------------------------------------------    -------------------
    SLICE_X7Y86          FDPE (Prop_fdpe_C_Q)         0.223     5.395 f  u_soc/rst_cpu_reg_rep__5/Q
                         net (fo=179, routed)         4.040     9.435    u_soc/Core_cpu/U_EX_MEM/pc_o_reg[0]_0[2]
    SLICE_X25Y88         FDCE                                         f  u_soc/Core_cpu/U_EX_MEM/mem_rD2_reg[13]/CLR
  -------------------------------------------------------------------    -------------------

                         (clock clk rise edge)       12.000    12.000 r  
    AE23                                              0.000    12.000 r  clk (IN)
                         net (fo=0)                   0.000    12.000    clk
    AE23                 IBUF (Prop_ibuf_I_O)         0.660    12.660 r  clk_IBUF_inst/O
                         net (fo=1, routed)           2.516    15.176    clk_IBUF
    BUFGCTRL_X0Y0        BUFG (Prop_bufg_I_O)         0.083    15.259 r  u_bufg/O
                         net (fo=5673, routed)        1.497    16.756    u_soc/Core_cpu/U_EX_MEM/clk_buf
    SLICE_X25Y88         FDCE                                         r  u_soc/Core_cpu/U_EX_MEM/mem_rD2_reg[13]/C
                         clock pessimism              0.310    17.065    
                         clock uncertainty           -0.035    17.030    
    SLICE_X25Y88         FDCE (Recov_fdce_C_CLR)     -0.212    16.818    u_soc/Core_cpu/U_EX_MEM/mem_rD2_reg[13]
  -------------------------------------------------------------------
                         required time                         16.818    
                         arrival time                          -9.435    
  -------------------------------------------------------------------
                         slack                                  7.383    

Slack (MET) :             7.383ns  (required time - arrival time)
  Source:                 u_soc/rst_cpu_reg_rep__5/C
                            (rising edge-triggered cell FDPE clocked by clk  {rise@0.000ns fall@6.000ns period=12.000ns})
  Destination:            u_soc/Core_cpu/U_EX_MEM/mem_rD2_reg[20]/CLR
                            (recovery check against rising-edge clock clk  {rise@0.000ns fall@6.000ns period=12.000ns})
  Path Group:             **async_default**
  Path Type:              Recovery (Max at Slow Process Corner)
  Requirement:            12.000ns  (clk rise@12.000ns - clk rise@0.000ns)
  Data Path Delay:        4.263ns  (logic 0.223ns (5.231%)  route 4.040ns (94.769%))
  Logic Levels:           0  
  Clock Path Skew:        -0.107ns (DCD - SCD + CPR)
    Destination Clock Delay (DCD):    4.756ns = ( 16.756 - 12.000 ) 
    Source Clock Delay      (SCD):    5.172ns
    Clock Pessimism Removal (CPR):    0.310ns
  Clock Uncertainty:      0.035ns  ((TSJ^2 + TIJ^2)^1/2 + DJ) / 2 + PE
    Total System Jitter     (TSJ):    0.071ns
    Total Input Jitter      (TIJ):    0.000ns
    Discrete Jitter          (DJ):    0.000ns
    Phase Error              (PE):    0.000ns

    Location             Delay type                Incr(ns)  Path(ns)    Netlist Resource(s)
  -------------------------------------------------------------------    -------------------
                         (clock clk rise edge)        0.000     0.000 r  
    AE23                                              0.000     0.000 r  clk (IN)
                         net (fo=0)                   0.000     0.000    clk
    AE23                 IBUF (Prop_ibuf_I_O)         0.734     0.734 r  clk_IBUF_inst/O
                         net (fo=1, routed)           2.651     3.385    clk_IBUF
    BUFGCTRL_X0Y0        BUFG (Prop_bufg_I_O)         0.093     3.478 r  u_bufg/O
                         net (fo=5673, routed)        1.694     5.172    u_soc/clk_buf
    SLICE_X7Y86          FDPE                                         r  u_soc/rst_cpu_reg_rep__5/C
  -------------------------------------------------------------------    -------------------
    SLICE_X7Y86          FDPE (Prop_fdpe_C_Q)         0.223     5.395 f  u_soc/rst_cpu_reg_rep__5/Q
                         net (fo=179, routed)         4.040     9.435    u_soc/Core_cpu/U_EX_MEM/pc_o_reg[0]_0[2]
    SLICE_X25Y88         FDCE                                         f  u_soc/Core_cpu/U_EX_MEM/mem_rD2_reg[20]/CLR
  -------------------------------------------------------------------    -------------------

                         (clock clk rise edge)       12.000    12.000 r  
    AE23                                              0.000    12.000 r  clk (IN)
                         net (fo=0)                   0.000    12.000    clk
    AE23                 IBUF (Prop_ibuf_I_O)         0.660    12.660 r  clk_IBUF_inst/O
                         net (fo=1, routed)           2.516    15.176    clk_IBUF
    BUFGCTRL_X0Y0        BUFG (Prop_bufg_I_O)         0.083    15.259 r  u_bufg/O
                         net (fo=5673, routed)        1.497    16.756    u_soc/Core_cpu/U_EX_MEM/clk_buf
    SLICE_X25Y88         FDCE                                         r  u_soc/Core_cpu/U_EX_MEM/mem_rD2_reg[20]/C
                         clock pessimism              0.310    17.065    
                         clock uncertainty           -0.035    17.030    
    SLICE_X25Y88         FDCE (Recov_fdce_C_CLR)     -0.212    16.818    u_soc/Core_cpu/U_EX_MEM/mem_rD2_reg[20]
  -------------------------------------------------------------------
                         required time                         16.818    
                         arrival time                          -9.435    
  -------------------------------------------------------------------
                         slack                                  7.383    

Slack (MET) :             7.396ns  (required time - arrival time)
  Source:                 u_soc/rst_cpu_reg_rep__5/C
                            (rising edge-triggered cell FDPE clocked by clk  {rise@0.000ns fall@6.000ns period=12.000ns})
  Destination:            u_soc/Core_cpu/U_EX_MEM/mem_rD2_reg[10]/CLR
                            (recovery check against rising-edge clock clk  {rise@0.000ns fall@6.000ns period=12.000ns})
  Path Group:             **async_default**
  Path Type:              Recovery (Max at Slow Process Corner)
  Requirement:            12.000ns  (clk rise@12.000ns - clk rise@0.000ns)
  Data Path Delay:        4.249ns  (logic 0.223ns (5.249%)  route 4.026ns (94.751%))
  Logic Levels:           0  
  Clock Path Skew:        -0.108ns (DCD - SCD + CPR)
    Destination Clock Delay (DCD):    4.755ns = ( 16.755 - 12.000 ) 
    Source Clock Delay      (SCD):    5.172ns
    Clock Pessimism Removal (CPR):    0.310ns
  Clock Uncertainty:      0.035ns  ((TSJ^2 + TIJ^2)^1/2 + DJ) / 2 + PE
    Total System Jitter     (TSJ):    0.071ns
    Total Input Jitter      (TIJ):    0.000ns
    Discrete Jitter          (DJ):    0.000ns
    Phase Error              (PE):    0.000ns

    Location             Delay type                Incr(ns)  Path(ns)    Netlist Resource(s)
  -------------------------------------------------------------------    -------------------
                         (clock clk rise edge)        0.000     0.000 r  
    AE23                                              0.000     0.000 r  clk (IN)
                         net (fo=0)                   0.000     0.000    clk
    AE23                 IBUF (Prop_ibuf_I_O)         0.734     0.734 r  clk_IBUF_inst/O
                         net (fo=1, routed)           2.651     3.385    clk_IBUF
    BUFGCTRL_X0Y0        BUFG (Prop_bufg_I_O)         0.093     3.478 r  u_bufg/O
                         net (fo=5673, routed)        1.694     5.172    u_soc/clk_buf
    SLICE_X7Y86          FDPE                                         r  u_soc/rst_cpu_reg_rep__5/C
  -------------------------------------------------------------------    -------------------
    SLICE_X7Y86          FDPE (Prop_fdpe_C_Q)         0.223     5.395 f  u_soc/rst_cpu_reg_rep__5/Q
                         net (fo=179, routed)         4.026     9.421    u_soc/Core_cpu/U_EX_MEM/pc_o_reg[0]_0[2]
    SLICE_X28Y88         FDCE                                         f  u_soc/Core_cpu/U_EX_MEM/mem_rD2_reg[10]/CLR
  -------------------------------------------------------------------    -------------------

                         (clock clk rise edge)       12.000    12.000 r  
    AE23                                              0.000    12.000 r  clk (IN)
                         net (fo=0)                   0.000    12.000    clk
    AE23                 IBUF (Prop_ibuf_I_O)         0.660    12.660 r  clk_IBUF_inst/O
                         net (fo=1, routed)           2.516    15.176    clk_IBUF
    BUFGCTRL_X0Y0        BUFG (Prop_bufg_I_O)         0.083    15.259 r  u_bufg/O
                         net (fo=5673, routed)        1.496    16.755    u_soc/Core_cpu/U_EX_MEM/clk_buf
    SLICE_X28Y88         FDCE                                         r  u_soc/Core_cpu/U_EX_MEM/mem_rD2_reg[10]/C
                         clock pessimism              0.310    17.064    
                         clock uncertainty           -0.035    17.029    
    SLICE_X28Y88         FDCE (Recov_fdce_C_CLR)     -0.212    16.817    u_soc/Core_cpu/U_EX_MEM/mem_rD2_reg[10]
  -------------------------------------------------------------------
                         required time                         16.817    
                         arrival time                          -9.421    
  -------------------------------------------------------------------
                         slack                                  7.396    

Slack (MET) :             7.396ns  (required time - arrival time)
  Source:                 u_soc/rst_cpu_reg_rep__5/C
                            (rising edge-triggered cell FDPE clocked by clk  {rise@0.000ns fall@6.000ns period=12.000ns})
  Destination:            u_soc/Core_cpu/U_EX_MEM/mem_rD2_reg[18]/CLR
                            (recovery check against rising-edge clock clk  {rise@0.000ns fall@6.000ns period=12.000ns})
  Path Group:             **async_default**
  Path Type:              Recovery (Max at Slow Process Corner)
  Requirement:            12.000ns  (clk rise@12.000ns - clk rise@0.000ns)
  Data Path Delay:        4.249ns  (logic 0.223ns (5.249%)  route 4.026ns (94.751%))
  Logic Levels:           0  
  Clock Path Skew:        -0.108ns (DCD - SCD + CPR)
    Destination Clock Delay (DCD):    4.755ns = ( 16.755 - 12.000 ) 
    Source Clock Delay      (SCD):    5.172ns
    Clock Pessimism Removal (CPR):    0.310ns
  Clock Uncertainty:      0.035ns  ((TSJ^2 + TIJ^2)^1/2 + DJ) / 2 + PE
    Total System Jitter     (TSJ):    0.071ns
    Total Input Jitter      (TIJ):    0.000ns
    Discrete Jitter          (DJ):    0.000ns
    Phase Error              (PE):    0.000ns

    Location             Delay type                Incr(ns)  Path(ns)    Netlist Resource(s)
  -------------------------------------------------------------------    -------------------
                         (clock clk rise edge)        0.000     0.000 r  
    AE23                                              0.000     0.000 r  clk (IN)
                         net (fo=0)                   0.000     0.000    clk
    AE23                 IBUF (Prop_ibuf_I_O)         0.734     0.734 r  clk_IBUF_inst/O
                         net (fo=1, routed)           2.651     3.385    clk_IBUF
    BUFGCTRL_X0Y0        BUFG (Prop_bufg_I_O)         0.093     3.478 r  u_bufg/O
                         net (fo=5673, routed)        1.694     5.172    u_soc/clk_buf
    SLICE_X7Y86          FDPE                                         r  u_soc/rst_cpu_reg_rep__5/C
  -------------------------------------------------------------------    -------------------
    SLICE_X7Y86          FDPE (Prop_fdpe_C_Q)         0.223     5.395 f  u_soc/rst_cpu_reg_rep__5/Q
                         net (fo=179, routed)         4.026     9.421    u_soc/Core_cpu/U_EX_MEM/pc_o_reg[0]_0[2]
    SLICE_X28Y88         FDCE                                         f  u_soc/Core_cpu/U_EX_MEM/mem_rD2_reg[18]/CLR
  -------------------------------------------------------------------    -------------------

                         (clock clk rise edge)       12.000    12.000 r  
    AE23                                              0.000    12.000 r  clk (IN)
                         net (fo=0)                   0.000    12.000    clk
    AE23                 IBUF (Prop_ibuf_I_O)         0.660    12.660 r  clk_IBUF_inst/O
                         net (fo=1, routed)           2.516    15.176    clk_IBUF
    BUFGCTRL_X0Y0        BUFG (Prop_bufg_I_O)         0.083    15.259 r  u_bufg/O
                         net (fo=5673, routed)        1.496    16.755    u_soc/Core_cpu/U_EX_MEM/clk_buf
    SLICE_X28Y88         FDCE                                         r  u_soc/Core_cpu/U_EX_MEM/mem_rD2_reg[18]/C
                         clock pessimism              0.310    17.064    
                         clock uncertainty           -0.035    17.029    
    SLICE_X28Y88         FDCE (Recov_fdce_C_CLR)     -0.212    16.817    u_soc/Core_cpu/U_EX_MEM/mem_rD2_reg[18]
  -------------------------------------------------------------------
                         required time                         16.817    
                         arrival time                          -9.421    
  -------------------------------------------------------------------
                         slack                                  7.396    

Slack (MET) :             7.396ns  (required time - arrival time)
  Source:                 u_soc/rst_cpu_reg_rep__5/C
                            (rising edge-triggered cell FDPE clocked by clk  {rise@0.000ns fall@6.000ns period=12.000ns})
  Destination:            u_soc/Core_cpu/U_EX_MEM/mem_rD2_reg[19]/CLR
                            (recovery check against rising-edge clock clk  {rise@0.000ns fall@6.000ns period=12.000ns})
  Path Group:             **async_default**
  Path Type:              Recovery (Max at Slow Process Corner)
  Requirement:            12.000ns  (clk rise@12.000ns - clk rise@0.000ns)
  Data Path Delay:        4.249ns  (logic 0.223ns (5.249%)  route 4.026ns (94.751%))
  Logic Levels:           0  
  Clock Path Skew:        -0.108ns (DCD - SCD + CPR)
    Destination Clock Delay (DCD):    4.755ns = ( 16.755 - 12.000 ) 
    Source Clock Delay      (SCD):    5.172ns
    Clock Pessimism Removal (CPR):    0.310ns
  Clock Uncertainty:      0.035ns  ((TSJ^2 + TIJ^2)^1/2 + DJ) / 2 + PE
    Total System Jitter     (TSJ):    0.071ns
    Total Input Jitter      (TIJ):    0.000ns
    Discrete Jitter          (DJ):    0.000ns
    Phase Error              (PE):    0.000ns

    Location             Delay type                Incr(ns)  Path(ns)    Netlist Resource(s)
  -------------------------------------------------------------------    -------------------
                         (clock clk rise edge)        0.000     0.000 r  
    AE23                                              0.000     0.000 r  clk (IN)
                         net (fo=0)                   0.000     0.000    clk
    AE23                 IBUF (Prop_ibuf_I_O)         0.734     0.734 r  clk_IBUF_inst/O
                         net (fo=1, routed)           2.651     3.385    clk_IBUF
    BUFGCTRL_X0Y0        BUFG (Prop_bufg_I_O)         0.093     3.478 r  u_bufg/O
                         net (fo=5673, routed)        1.694     5.172    u_soc/clk_buf
    SLICE_X7Y86          FDPE                                         r  u_soc/rst_cpu_reg_rep__5/C
  -------------------------------------------------------------------    -------------------
    SLICE_X7Y86          FDPE (Prop_fdpe_C_Q)         0.223     5.395 f  u_soc/rst_cpu_reg_rep__5/Q
                         net (fo=179, routed)         4.026     9.421    u_soc/Core_cpu/U_EX_MEM/pc_o_reg[0]_0[2]
    SLICE_X28Y88         FDCE                                         f  u_soc/Core_cpu/U_EX_MEM/mem_rD2_reg[19]/CLR
  -------------------------------------------------------------------    -------------------

                         (clock clk rise edge)       12.000    12.000 r  
    AE23                                              0.000    12.000 r  clk (IN)
                         net (fo=0)                   0.000    12.000    clk
    AE23                 IBUF (Prop_ibuf_I_O)         0.660    12.660 r  clk_IBUF_inst/O
                         net (fo=1, routed)           2.516    15.176    clk_IBUF
    BUFGCTRL_X0Y0        BUFG (Prop_bufg_I_O)         0.083    15.259 r  u_bufg/O
                         net (fo=5673, routed)        1.496    16.755    u_soc/Core_cpu/U_EX_MEM/clk_buf
    SLICE_X28Y88         FDCE                                         r  u_soc/Core_cpu/U_EX_MEM/mem_rD2_reg[19]/C
                         clock pessimism              0.310    17.064    
                         clock uncertainty           -0.035    17.029    
    SLICE_X28Y88         FDCE (Recov_fdce_C_CLR)     -0.212    16.817    u_soc/Core_cpu/U_EX_MEM/mem_rD2_reg[19]
  -------------------------------------------------------------------
                         required time                         16.817    
                         arrival time                          -9.421    
  -------------------------------------------------------------------
                         slack                                  7.396    

Slack (MET) :             7.396ns  (required time - arrival time)
  Source:                 u_soc/rst_cpu_reg_rep__5/C
                            (rising edge-triggered cell FDPE clocked by clk  {rise@0.000ns fall@6.000ns period=12.000ns})
  Destination:            u_soc/Core_cpu/U_EX_MEM/mem_rD2_reg[2]/CLR
                            (recovery check against rising-edge clock clk  {rise@0.000ns fall@6.000ns period=12.000ns})
  Path Group:             **async_default**
  Path Type:              Recovery (Max at Slow Process Corner)
  Requirement:            12.000ns  (clk rise@12.000ns - clk rise@0.000ns)
  Data Path Delay:        4.249ns  (logic 0.223ns (5.249%)  route 4.026ns (94.751%))
  Logic Levels:           0  
  Clock Path Skew:        -0.108ns (DCD - SCD + CPR)
    Destination Clock Delay (DCD):    4.755ns = ( 16.755 - 12.000 ) 
    Source Clock Delay      (SCD):    5.172ns
    Clock Pessimism Removal (CPR):    0.310ns
  Clock Uncertainty:      0.035ns  ((TSJ^2 + TIJ^2)^1/2 + DJ) / 2 + PE
    Total System Jitter     (TSJ):    0.071ns
    Total Input Jitter      (TIJ):    0.000ns
    Discrete Jitter          (DJ):    0.000ns
    Phase Error              (PE):    0.000ns

    Location             Delay type                Incr(ns)  Path(ns)    Netlist Resource(s)
  -------------------------------------------------------------------    -------------------
                         (clock clk rise edge)        0.000     0.000 r  
    AE23                                              0.000     0.000 r  clk (IN)
                         net (fo=0)                   0.000     0.000    clk
    AE23                 IBUF (Prop_ibuf_I_O)         0.734     0.734 r  clk_IBUF_inst/O
                         net (fo=1, routed)           2.651     3.385    clk_IBUF
    BUFGCTRL_X0Y0        BUFG (Prop_bufg_I_O)         0.093     3.478 r  u_bufg/O
                         net (fo=5673, routed)        1.694     5.172    u_soc/clk_buf
    SLICE_X7Y86          FDPE                                         r  u_soc/rst_cpu_reg_rep__5/C
  -------------------------------------------------------------------    -------------------
    SLICE_X7Y86          FDPE (Prop_fdpe_C_Q)         0.223     5.395 f  u_soc/rst_cpu_reg_rep__5/Q
                         net (fo=179, routed)         4.026     9.421    u_soc/Core_cpu/U_EX_MEM/pc_o_reg[0]_0[2]
    SLICE_X28Y88         FDCE                                         f  u_soc/Core_cpu/U_EX_MEM/mem_rD2_reg[2]/CLR
  -------------------------------------------------------------------    -------------------

                         (clock clk rise edge)       12.000    12.000 r  
    AE23                                              0.000    12.000 r  clk (IN)
                         net (fo=0)                   0.000    12.000    clk
    AE23                 IBUF (Prop_ibuf_I_O)         0.660    12.660 r  clk_IBUF_inst/O
                         net (fo=1, routed)           2.516    15.176    clk_IBUF
    BUFGCTRL_X0Y0        BUFG (Prop_bufg_I_O)         0.083    15.259 r  u_bufg/O
                         net (fo=5673, routed)        1.496    16.755    u_soc/Core_cpu/U_EX_MEM/clk_buf
    SLICE_X28Y88         FDCE                                         r  u_soc/Core_cpu/U_EX_MEM/mem_rD2_reg[2]/C
                         clock pessimism              0.310    17.064    
                         clock uncertainty           -0.035    17.029    
    SLICE_X28Y88         FDCE (Recov_fdce_C_CLR)     -0.212    16.817    u_soc/Core_cpu/U_EX_MEM/mem_rD2_reg[2]
  -------------------------------------------------------------------
                         required time                         16.817    
                         arrival time                          -9.421    
  -------------------------------------------------------------------
                         slack                                  7.396    

Slack (MET) :             7.443ns  (required time - arrival time)
  Source:                 u_soc/rst_cpu_reg_rep__5/C
                            (rising edge-triggered cell FDPE clocked by clk  {rise@0.000ns fall@6.000ns period=12.000ns})
  Destination:            u_soc/Core_cpu/U_EX_MEM/mem_rD2_reg[12]/CLR
                            (recovery check against rising-edge clock clk  {rise@0.000ns fall@6.000ns period=12.000ns})
  Path Group:             **async_default**
  Path Type:              Recovery (Max at Slow Process Corner)
  Requirement:            12.000ns  (clk rise@12.000ns - clk rise@0.000ns)
  Data Path Delay:        4.202ns  (logic 0.223ns (5.306%)  route 3.979ns (94.694%))
  Logic Levels:           0  
  Clock Path Skew:        -0.107ns (DCD - SCD + CPR)
    Destination Clock Delay (DCD):    4.756ns = ( 16.756 - 12.000 ) 
    Source Clock Delay      (SCD):    5.172ns
    Clock Pessimism Removal (CPR):    0.310ns
  Clock Uncertainty:      0.035ns  ((TSJ^2 + TIJ^2)^1/2 + DJ) / 2 + PE
    Total System Jitter     (TSJ):    0.071ns
    Total Input Jitter      (TIJ):    0.000ns
    Discrete Jitter          (DJ):    0.000ns
    Phase Error              (PE):    0.000ns

    Location             Delay type                Incr(ns)  Path(ns)    Netlist Resource(s)
  -------------------------------------------------------------------    -------------------
                         (clock clk rise edge)        0.000     0.000 r  
    AE23                                              0.000     0.000 r  clk (IN)
                         net (fo=0)                   0.000     0.000    clk
    AE23                 IBUF (Prop_ibuf_I_O)         0.734     0.734 r  clk_IBUF_inst/O
                         net (fo=1, routed)           2.651     3.385    clk_IBUF
    BUFGCTRL_X0Y0        BUFG (Prop_bufg_I_O)         0.093     3.478 r  u_bufg/O
                         net (fo=5673, routed)        1.694     5.172    u_soc/clk_buf
    SLICE_X7Y86          FDPE                                         r  u_soc/rst_cpu_reg_rep__5/C
  -------------------------------------------------------------------    -------------------
    SLICE_X7Y86          FDPE (Prop_fdpe_C_Q)         0.223     5.395 f  u_soc/rst_cpu_reg_rep__5/Q
                         net (fo=179, routed)         3.979     9.375    u_soc/Core_cpu/U_EX_MEM/pc_o_reg[0]_0[2]
    SLICE_X26Y87         FDCE                                         f  u_soc/Core_cpu/U_EX_MEM/mem_rD2_reg[12]/CLR
  -------------------------------------------------------------------    -------------------

                         (clock clk rise edge)       12.000    12.000 r  
    AE23                                              0.000    12.000 r  clk (IN)
                         net (fo=0)                   0.000    12.000    clk
    AE23                 IBUF (Prop_ibuf_I_O)         0.660    12.660 r  clk_IBUF_inst/O
                         net (fo=1, routed)           2.516    15.176    clk_IBUF
    BUFGCTRL_X0Y0        BUFG (Prop_bufg_I_O)         0.083    15.259 r  u_bufg/O
                         net (fo=5673, routed)        1.497    16.756    u_soc/Core_cpu/U_EX_MEM/clk_buf
    SLICE_X26Y87         FDCE                                         r  u_soc/Core_cpu/U_EX_MEM/mem_rD2_reg[12]/C
                         clock pessimism              0.310    17.065    
                         clock uncertainty           -0.035    17.030    
    SLICE_X26Y87         FDCE (Recov_fdce_C_CLR)     -0.212    16.818    u_soc/Core_cpu/U_EX_MEM/mem_rD2_reg[12]
  -------------------------------------------------------------------
                         required time                         16.818    
                         arrival time                          -9.375    
  -------------------------------------------------------------------
                         slack                                  7.443    

Slack (MET) :             7.443ns  (required time - arrival time)
  Source:                 u_soc/rst_cpu_reg_rep__5/C
                            (rising edge-triggered cell FDPE clocked by clk  {rise@0.000ns fall@6.000ns period=12.000ns})
  Destination:            u_soc/Core_cpu/U_EX_MEM/mem_rD2_reg[27]/CLR
                            (recovery check against rising-edge clock clk  {rise@0.000ns fall@6.000ns period=12.000ns})
  Path Group:             **async_default**
  Path Type:              Recovery (Max at Slow Process Corner)
  Requirement:            12.000ns  (clk rise@12.000ns - clk rise@0.000ns)
  Data Path Delay:        4.202ns  (logic 0.223ns (5.306%)  route 3.979ns (94.694%))
  Logic Levels:           0  
  Clock Path Skew:        -0.107ns (DCD - SCD + CPR)
    Destination Clock Delay (DCD):    4.756ns = ( 16.756 - 12.000 ) 
    Source Clock Delay      (SCD):    5.172ns
    Clock Pessimism Removal (CPR):    0.310ns
  Clock Uncertainty:      0.035ns  ((TSJ^2 + TIJ^2)^1/2 + DJ) / 2 + PE
    Total System Jitter     (TSJ):    0.071ns
    Total Input Jitter      (TIJ):    0.000ns
    Discrete Jitter          (DJ):    0.000ns
    Phase Error              (PE):    0.000ns

    Location             Delay type                Incr(ns)  Path(ns)    Netlist Resource(s)
  -------------------------------------------------------------------    -------------------
                         (clock clk rise edge)        0.000     0.000 r  
    AE23                                              0.000     0.000 r  clk (IN)
                         net (fo=0)                   0.000     0.000    clk
    AE23                 IBUF (Prop_ibuf_I_O)         0.734     0.734 r  clk_IBUF_inst/O
                         net (fo=1, routed)           2.651     3.385    clk_IBUF
    BUFGCTRL_X0Y0        BUFG (Prop_bufg_I_O)         0.093     3.478 r  u_bufg/O
                         net (fo=5673, routed)        1.694     5.172    u_soc/clk_buf
    SLICE_X7Y86          FDPE                                         r  u_soc/rst_cpu_reg_rep__5/C
  -------------------------------------------------------------------    -------------------
    SLICE_X7Y86          FDPE (Prop_fdpe_C_Q)         0.223     5.395 f  u_soc/rst_cpu_reg_rep__5/Q
                         net (fo=179, routed)         3.979     9.375    u_soc/Core_cpu/U_EX_MEM/pc_o_reg[0]_0[2]
    SLICE_X26Y87         FDCE                                         f  u_soc/Core_cpu/U_EX_MEM/mem_rD2_reg[27]/CLR
  -------------------------------------------------------------------    -------------------

                         (clock clk rise edge)       12.000    12.000 r  
    AE23                                              0.000    12.000 r  clk (IN)
                         net (fo=0)                   0.000    12.000    clk
    AE23                 IBUF (Prop_ibuf_I_O)         0.660    12.660 r  clk_IBUF_inst/O
                         net (fo=1, routed)           2.516    15.176    clk_IBUF
    BUFGCTRL_X0Y0        BUFG (Prop_bufg_I_O)         0.083    15.259 r  u_bufg/O
                         net (fo=5673, routed)        1.497    16.756    u_soc/Core_cpu/U_EX_MEM/clk_buf
    SLICE_X26Y87         FDCE                                         r  u_soc/Core_cpu/U_EX_MEM/mem_rD2_reg[27]/C
                         clock pessimism              0.310    17.065    
                         clock uncertainty           -0.035    17.030    
    SLICE_X26Y87         FDCE (Recov_fdce_C_CLR)     -0.212    16.818    u_soc/Core_cpu/U_EX_MEM/mem_rD2_reg[27]
  -------------------------------------------------------------------
                         required time                         16.818    
                         arrival time                          -9.375    
  -------------------------------------------------------------------
                         slack                                  7.443    

Slack (MET) :             7.443ns  (required time - arrival time)
  Source:                 u_soc/rst_cpu_reg_rep__5/C
                            (rising edge-triggered cell FDPE clocked by clk  {rise@0.000ns fall@6.000ns period=12.000ns})
  Destination:            u_soc/Core_cpu/U_EX_MEM/mem_rD2_reg[29]/CLR
                            (recovery check against rising-edge clock clk  {rise@0.000ns fall@6.000ns period=12.000ns})
  Path Group:             **async_default**
  Path Type:              Recovery (Max at Slow Process Corner)
  Requirement:            12.000ns  (clk rise@12.000ns - clk rise@0.000ns)
  Data Path Delay:        4.202ns  (logic 0.223ns (5.306%)  route 3.979ns (94.694%))
  Logic Levels:           0  
  Clock Path Skew:        -0.107ns (DCD - SCD + CPR)
    Destination Clock Delay (DCD):    4.756ns = ( 16.756 - 12.000 ) 
    Source Clock Delay      (SCD):    5.172ns
    Clock Pessimism Removal (CPR):    0.310ns
  Clock Uncertainty:      0.035ns  ((TSJ^2 + TIJ^2)^1/2 + DJ) / 2 + PE
    Total System Jitter     (TSJ):    0.071ns
    Total Input Jitter      (TIJ):    0.000ns
    Discrete Jitter          (DJ):    0.000ns
    Phase Error              (PE):    0.000ns

    Location             Delay type                Incr(ns)  Path(ns)    Netlist Resource(s)
  -------------------------------------------------------------------    -------------------
                         (clock clk rise edge)        0.000     0.000 r  
    AE23                                              0.000     0.000 r  clk (IN)
                         net (fo=0)                   0.000     0.000    clk
    AE23                 IBUF (Prop_ibuf_I_O)         0.734     0.734 r  clk_IBUF_inst/O
                         net (fo=1, routed)           2.651     3.385    clk_IBUF
    BUFGCTRL_X0Y0        BUFG (Prop_bufg_I_O)         0.093     3.478 r  u_bufg/O
                         net (fo=5673, routed)        1.694     5.172    u_soc/clk_buf
    SLICE_X7Y86          FDPE                                         r  u_soc/rst_cpu_reg_rep__5/C
  -------------------------------------------------------------------    -------------------
    SLICE_X7Y86          FDPE (Prop_fdpe_C_Q)         0.223     5.395 f  u_soc/rst_cpu_reg_rep__5/Q
                         net (fo=179, routed)         3.979     9.375    u_soc/Core_cpu/U_EX_MEM/pc_o_reg[0]_0[2]
    SLICE_X26Y87         FDCE                                         f  u_soc/Core_cpu/U_EX_MEM/mem_rD2_reg[29]/CLR
  -------------------------------------------------------------------    -------------------

                         (clock clk rise edge)       12.000    12.000 r  
    AE23                                              0.000    12.000 r  clk (IN)
                         net (fo=0)                   0.000    12.000    clk
    AE23                 IBUF (Prop_ibuf_I_O)         0.660    12.660 r  clk_IBUF_inst/O
                         net (fo=1, routed)           2.516    15.176    clk_IBUF
    BUFGCTRL_X0Y0        BUFG (Prop_bufg_I_O)         0.083    15.259 r  u_bufg/O
                         net (fo=5673, routed)        1.497    16.756    u_soc/Core_cpu/U_EX_MEM/clk_buf
    SLICE_X26Y87         FDCE                                         r  u_soc/Core_cpu/U_EX_MEM/mem_rD2_reg[29]/C
                         clock pessimism              0.310    17.065    
                         clock uncertainty           -0.035    17.030    
    SLICE_X26Y87         FDCE (Recov_fdce_C_CLR)     -0.212    16.818    u_soc/Core_cpu/U_EX_MEM/mem_rD2_reg[29]
  -------------------------------------------------------------------
                         required time                         16.818    
                         arrival time                          -9.375    
  -------------------------------------------------------------------
                         slack                                  7.443    

Slack (MET) :             7.519ns  (required time - arrival time)
  Source:                 u_soc/rst_cpu_reg_rep__8/C
                            (rising edge-triggered cell FDPE clocked by clk  {rise@0.000ns fall@6.000ns period=12.000ns})
  Destination:            u_soc/Core_cpu/U_ID_EX/ex_exc_cause_reg[0]/CLR
                            (recovery check against rising-edge clock clk  {rise@0.000ns fall@6.000ns period=12.000ns})
  Path Group:             **async_default**
  Path Type:              Recovery (Max at Slow Process Corner)
  Requirement:            12.000ns  (clk rise@12.000ns - clk rise@0.000ns)
  Data Path Delay:        3.916ns  (logic 0.223ns (5.695%)  route 3.693ns (94.305%))
  Logic Levels:           0  
  Clock Path Skew:        -0.318ns (DCD - SCD + CPR)
    Destination Clock Delay (DCD):    4.739ns = ( 16.739 - 12.000 ) 
    Source Clock Delay      (SCD):    5.293ns
    Clock Pessimism Removal (CPR):    0.237ns
  Clock Uncertainty:      0.035ns  ((TSJ^2 + TIJ^2)^1/2 + DJ) / 2 + PE
    Total System Jitter     (TSJ):    0.071ns
    Total Input Jitter      (TIJ):    0.000ns
    Discrete Jitter          (DJ):    0.000ns
    Phase Error              (PE):    0.000ns

    Location             Delay type                Incr(ns)  Path(ns)    Netlist Resource(s)
  -------------------------------------------------------------------    -------------------
                         (clock clk rise edge)        0.000     0.000 r  
    AE23                                              0.000     0.000 r  clk (IN)
                         net (fo=0)                   0.000     0.000    clk
    AE23                 IBUF (Prop_ibuf_I_O)         0.734     0.734 r  clk_IBUF_inst/O
                         net (fo=1, routed)           2.651     3.385    clk_IBUF
    BUFGCTRL_X0Y0        BUFG (Prop_bufg_I_O)         0.093     3.478 r  u_bufg/O
                         net (fo=5673, routed)        1.815     5.293    u_soc/clk_buf
    SLICE_X21Y46         FDPE                                         r  u_soc/rst_cpu_reg_rep__8/C
  -------------------------------------------------------------------    -------------------
    SLICE_X21Y46         FDPE (Prop_fdpe_C_Q)         0.223     5.516 f  u_soc/rst_cpu_reg_rep__8/Q
                         net (fo=179, routed)         3.693     9.209    u_soc/Core_cpu/U_ID_EX/AR[0]
    SLICE_X39Y73         FDCE                                         f  u_soc/Core_cpu/U_ID_EX/ex_exc_cause_reg[0]/CLR
  -------------------------------------------------------------------    -------------------

                         (clock clk rise edge)       12.000    12.000 r  
    AE23                                              0.000    12.000 r  clk (IN)
                         net (fo=0)                   0.000    12.000    clk
    AE23                 IBUF (Prop_ibuf_I_O)         0.660    12.660 r  clk_IBUF_inst/O
                         net (fo=1, routed)           2.516    15.176    clk_IBUF
    BUFGCTRL_X0Y0        BUFG (Prop_bufg_I_O)         0.083    15.259 r  u_bufg/O
                         net (fo=5673, routed)        1.480    16.739    u_soc/Core_cpu/U_ID_EX/clk_buf
    SLICE_X39Y73         FDCE                                         r  u_soc/Core_cpu/U_ID_EX/ex_exc_cause_reg[0]/C
                         clock pessimism              0.237    16.975    
                         clock uncertainty           -0.035    16.940    
    SLICE_X39Y73         FDCE (Recov_fdce_C_CLR)     -0.212    16.728    u_soc/Core_cpu/U_ID_EX/ex_exc_cause_reg[0]
  -------------------------------------------------------------------
                         required time                         16.728    
                         arrival time                          -9.209    
  -------------------------------------------------------------------
                         slack                                  7.519    

Slack (MET) :             7.519ns  (required time - arrival time)
  Source:                 u_soc/rst_cpu_reg_rep__8/C
                            (rising edge-triggered cell FDPE clocked by clk  {rise@0.000ns fall@6.000ns period=12.000ns})
  Destination:            u_soc/Core_cpu/U_ID_EX/ex_exc_cause_reg[1]/CLR
                            (recovery check against rising-edge clock clk  {rise@0.000ns fall@6.000ns period=12.000ns})
  Path Group:             **async_default**
  Path Type:              Recovery (Max at Slow Process Corner)
  Requirement:            12.000ns  (clk rise@12.000ns - clk rise@0.000ns)
  Data Path Delay:        3.916ns  (logic 0.223ns (5.695%)  route 3.693ns (94.305%))
  Logic Levels:           0  
  Clock Path Skew:        -0.318ns (DCD - SCD + CPR)
    Destination Clock Delay (DCD):    4.739ns = ( 16.739 - 12.000 ) 
    Source Clock Delay      (SCD):    5.293ns
    Clock Pessimism Removal (CPR):    0.237ns
  Clock Uncertainty:      0.035ns  ((TSJ^2 + TIJ^2)^1/2 + DJ) / 2 + PE
    Total System Jitter     (TSJ):    0.071ns
    Total Input Jitter      (TIJ):    0.000ns
    Discrete Jitter          (DJ):    0.000ns
    Phase Error              (PE):    0.000ns

    Location             Delay type                Incr(ns)  Path(ns)    Netlist Resource(s)
  -------------------------------------------------------------------    -------------------
                         (clock clk rise edge)        0.000     0.000 r  
    AE23                                              0.000     0.000 r  clk (IN)
                         net (fo=0)                   0.000     0.000    clk
    AE23                 IBUF (Prop_ibuf_I_O)         0.734     0.734 r  clk_IBUF_inst/O
                         net (fo=1, routed)           2.651     3.385    clk_IBUF
    BUFGCTRL_X0Y0        BUFG (Prop_bufg_I_O)         0.093     3.478 r  u_bufg/O
                         net (fo=5673, routed)        1.815     5.293    u_soc/clk_buf
    SLICE_X21Y46         FDPE                                         r  u_soc/rst_cpu_reg_rep__8/C
  -------------------------------------------------------------------    -------------------
    SLICE_X21Y46         FDPE (Prop_fdpe_C_Q)         0.223     5.516 f  u_soc/rst_cpu_reg_rep__8/Q
                         net (fo=179, routed)         3.693     9.209    u_soc/Core_cpu/U_ID_EX/AR[0]
    SLICE_X39Y73         FDCE                                         f  u_soc/Core_cpu/U_ID_EX/ex_exc_cause_reg[1]/CLR
  -------------------------------------------------------------------    -------------------

                         (clock clk rise edge)       12.000    12.000 r  
    AE23                                              0.000    12.000 r  clk (IN)
                         net (fo=0)                   0.000    12.000    clk
    AE23                 IBUF (Prop_ibuf_I_O)         0.660    12.660 r  clk_IBUF_inst/O
                         net (fo=1, routed)           2.516    15.176    clk_IBUF
    BUFGCTRL_X0Y0        BUFG (Prop_bufg_I_O)         0.083    15.259 r  u_bufg/O
                         net (fo=5673, routed)        1.480    16.739    u_soc/Core_cpu/U_ID_EX/clk_buf
    SLICE_X39Y73         FDCE                                         r  u_soc/Core_cpu/U_ID_EX/ex_exc_cause_reg[1]/C
                         clock pessimism              0.237    16.975    
                         clock uncertainty           -0.035    16.940    
    SLICE_X39Y73         FDCE (Recov_fdce_C_CLR)     -0.212    16.728    u_soc/Core_cpu/U_ID_EX/ex_exc_cause_reg[1]
  -------------------------------------------------------------------
                         required time                         16.728    
                         arrival time                          -9.209    
  -------------------------------------------------------------------
                         slack                                  7.519    

Slack (MET) :             7.519ns  (required time - arrival time)
  Source:                 u_soc/rst_cpu_reg_rep__8/C
                            (rising edge-triggered cell FDPE clocked by clk  {rise@0.000ns fall@6.000ns period=12.000ns})
  Destination:            u_soc/Core_cpu/U_ID_EX/ex_exc_cause_reg[3]/CLR
                            (recovery check against rising-edge clock clk  {rise@0.000ns fall@6.000ns period=12.000ns})
  Path Group:             **async_default**
  Path Type:              Recovery (Max at Slow Process Corner)
  Requirement:            12.000ns  (clk rise@12.000ns - clk rise@0.000ns)
  Data Path Delay:        3.916ns  (logic 0.223ns (5.695%)  route 3.693ns (94.305%))
  Logic Levels:           0  
  Clock Path Skew:        -0.318ns (DCD - SCD + CPR)
    Destination Clock Delay (DCD):    4.739ns = ( 16.739 - 12.000 ) 
    Source Clock Delay      (SCD):    5.293ns
    Clock Pessimism Removal (CPR):    0.237ns
  Clock Uncertainty:      0.035ns  ((TSJ^2 + TIJ^2)^1/2 + DJ) / 2 + PE
    Total System Jitter     (TSJ):    0.071ns
    Total Input Jitter      (TIJ):    0.000ns
    Discrete Jitter          (DJ):    0.000ns
    Phase Error              (PE):    0.000ns

    Location             Delay type                Incr(ns)  Path(ns)    Netlist Resource(s)
  -------------------------------------------------------------------    -------------------
                         (clock clk rise edge)        0.000     0.000 r  
    AE23                                              0.000     0.000 r  clk (IN)
                         net (fo=0)                   0.000     0.000    clk
    AE23                 IBUF (Prop_ibuf_I_O)         0.734     0.734 r  clk_IBUF_inst/O
                         net (fo=1, routed)           2.651     3.385    clk_IBUF
    BUFGCTRL_X0Y0        BUFG (Prop_bufg_I_O)         0.093     3.478 r  u_bufg/O
                         net (fo=5673, routed)        1.815     5.293    u_soc/clk_buf
    SLICE_X21Y46         FDPE                                         r  u_soc/rst_cpu_reg_rep__8/C
  -------------------------------------------------------------------    -------------------
    SLICE_X21Y46         FDPE (Prop_fdpe_C_Q)         0.223     5.516 f  u_soc/rst_cpu_reg_rep__8/Q
                         net (fo=179, routed)         3.693     9.209    u_soc/Core_cpu/U_ID_EX/AR[0]
    SLICE_X39Y73         FDCE                                         f  u_soc/Core_cpu/U_ID_EX/ex_exc_cause_reg[3]/CLR
  -------------------------------------------------------------------    -------------------

                         (clock clk rise edge)       12.000    12.000 r  
    AE23                                              0.000    12.000 r  clk (IN)
                         net (fo=0)                   0.000    12.000    clk
    AE23                 IBUF (Prop_ibuf_I_O)         0.660    12.660 r  clk_IBUF_inst/O
                         net (fo=1, routed)           2.516    15.176    clk_IBUF
    BUFGCTRL_X0Y0        BUFG (Prop_bufg_I_O)         0.083    15.259 r  u_bufg/O
                         net (fo=5673, routed)        1.480    16.739    u_soc/Core_cpu/U_ID_EX/clk_buf
    SLICE_X39Y73         FDCE                                         r  u_soc/Core_cpu/U_ID_EX/ex_exc_cause_reg[3]/C
                         clock pessimism              0.237    16.975    
                         clock uncertainty           -0.035    16.940    
    SLICE_X39Y73         FDCE (Recov_fdce_C_CLR)     -0.212    16.728    u_soc/Core_cpu/U_ID_EX/ex_exc_cause_reg[3]
  -------------------------------------------------------------------
                         required time                         16.728    
                         arrival time                          -9.209    
  -------------------------------------------------------------------
                         slack                                  7.519    

Slack (MET) :             7.529ns  (required time - arrival time)
  Source:                 u_soc/rst_cpu_reg_rep__8/C
                            (rising edge-triggered cell FDPE clocked by clk  {rise@0.000ns fall@6.000ns period=12.000ns})
  Destination:            u_soc/Core_cpu/U_IF_ID/id_have_inst_reg/CLR
                            (recovery check against rising-edge clock clk  {rise@0.000ns fall@6.000ns period=12.000ns})
  Path Group:             **async_default**
  Path Type:              Recovery (Max at Slow Process Corner)
  Requirement:            12.000ns  (clk rise@12.000ns - clk rise@0.000ns)
  Data Path Delay:        3.962ns  (logic 0.223ns (5.628%)  route 3.739ns (94.372%))
  Logic Levels:           0  
  Clock Path Skew:        -0.319ns (DCD - SCD + CPR)
    Destination Clock Delay (DCD):    4.738ns = ( 16.738 - 12.000 ) 
    Source Clock Delay      (SCD):    5.293ns
    Clock Pessimism Removal (CPR):    0.237ns
  Clock Uncertainty:      0.035ns  ((TSJ^2 + TIJ^2)^1/2 + DJ) / 2 + PE
    Total System Jitter     (TSJ):    0.071ns
    Total Input Jitter      (TIJ):    0.000ns
    Discrete Jitter          (DJ):    0.000ns
    Phase Error              (PE):    0.000ns

    Location             Delay type                Incr(ns)  Path(ns)    Netlist Resource(s)
  -------------------------------------------------------------------    -------------------
                         (clock clk rise edge)        0.000     0.000 r  
    AE23                                              0.000     0.000 r  clk (IN)
                         net (fo=0)                   0.000     0.000    clk
    AE23                 IBUF (Prop_ibuf_I_O)         0.734     0.734 r  clk_IBUF_inst/O
                         net (fo=1, routed)           2.651     3.385    clk_IBUF
    BUFGCTRL_X0Y0        BUFG (Prop_bufg_I_O)         0.093     3.478 r  u_bufg/O
                         net (fo=5673, routed)        1.815     5.293    u_soc/clk_buf
    SLICE_X21Y46         FDPE                                         r  u_soc/rst_cpu_reg_rep__8/C
  -------------------------------------------------------------------    -------------------
    SLICE_X21Y46         FDPE (Prop_fdpe_C_Q)         0.223     5.516 f  u_soc/rst_cpu_reg_rep__8/Q
                         net (fo=179, routed)         3.739     9.256    u_soc/Core_cpu/U_IF_ID/AR[0]
    SLICE_X42Y72         FDCE                                         f  u_soc/Core_cpu/U_IF_ID/id_have_inst_reg/CLR
  -------------------------------------------------------------------    -------------------

                         (clock clk rise edge)       12.000    12.000 r  
    AE23                                              0.000    12.000 r  clk (IN)
                         net (fo=0)                   0.000    12.000    clk
    AE23                 IBUF (Prop_ibuf_I_O)         0.660    12.660 r  clk_IBUF_inst/O
                         net (fo=1, routed)           2.516    15.176    clk_IBUF
    BUFGCTRL_X0Y0        BUFG (Prop_bufg_I_O)         0.083    15.259 r  u_bufg/O
                         net (fo=5673, routed)        1.479    16.738    u_soc/Core_cpu/U_IF_ID/clk_buf
    SLICE_X42Y72         FDCE                                         r  u_soc/Core_cpu/U_IF_ID/id_have_inst_reg/C
                         clock pessimism              0.237    16.974    
                         clock uncertainty           -0.035    16.939    
    SLICE_X42Y72         FDCE (Recov_fdce_C_CLR)     -0.154    16.785    u_soc/Core_cpu/U_IF_ID/id_have_inst_reg
  -------------------------------------------------------------------
                         required time                         16.785    
                         arrival time                          -9.256    
  -------------------------------------------------------------------
                         slack                                  7.529    





