
****** Vivado v2023.2 (64-bit)
  **** SW Build 4029153 on Fri Oct 13 20:13:54 MDT 2023
  **** IP Build 4028589 on Sat Oct 14 00:45:43 MDT 2023
  **** SharedData Build 4025554 on Tue Oct 10 17:18:54 MDT 2023
    ** Copyright 1986-2022 Xilinx, Inc. All Rights Reserved.
    ** Copyright 2022-2023 Advanced Micro Devices, Inc. All Rights Reserved.

source build_fmax_strat.tcl
# set PERIOD 12.2
# set MODE   "impl"
# set BIN    ""
# if {[llength $argv] >= 1} { set PERIOD [lindex $argv 0] }
# if {[llength $argv] >= 2} { set MODE   [lindex $argv 1] }
# if {[llength $argv] >= 3} { set BIN    [lindex $argv 2] }
# set SYNTH_STRAT "";
# set IMPL_STRAT "";
# set TAG "";
# set SEED ""
# if {[llength $argv] >= 4} { set SYNTH_STRAT [lindex $argv 3] }
# if {[llength $argv] >= 5} { set IMPL_STRAT  [lindex $argv 4] }
# if {[llength $argv] >= 6} { set TAG         [lindex $argv 5] }
# if {[llength $argv] >= 7} { set SEED        [lindex $argv 6] }
# set SP   [file normalize /tmp/rtlz/synth]
# set ROOT [file normalize /tmp/rtlz]
# if {$BIN eq ""} { set BIN [file join $ROOT bin coremark.bin] }
# if {![file exists $BIN]} { error "镜像不存在: $BIN" }
# puts "================================================================"
================================================================
# puts "FMAX RUN: period=$PERIOD ns  mode=$MODE"
FMAX RUN: period=6.5 ns  mode=impl
# puts "ROOT=$ROOT"
ROOT=/tmp/rtlz
# puts "BIN =$BIN"
BIN =/tmp/rtlz/bin/coremark.bin
# puts "================================================================"
================================================================
# set PROJ_NAME "fmax_${MODE}_${PERIOD}ns${TAG}"
# set PROJ_DIR  [file join $SP "vivado" $PROJ_NAME]
# if {[file exists $PROJ_DIR]} {
#     if {[catch {file delete -force $PROJ_DIR} err]} {
#         error "工程目录存在且删不掉 (多半有进程占着): $err"
#     }
# }
# file mkdir $PROJ_DIR
# proc gen_hex_images {bin_path hex32_path hex128_path rows} {
#     set fh [open $bin_path rb]
#     set data [read $fh]
#     close $fh
# 
#     set need [expr {$rows * 4}]
#     if {[string length $data] < $need} {
#         append data [string repeat "\x00" [expr {$need - [string length $data]}]]
#     }
# 
#     binary scan $data c* bytes
#     set nwords [expr {[string length $data] / 4}]
# 
#     set words [list]
#     for {set i 0} {$i < $nwords} {incr i} {
#         set b0 [lindex $bytes [expr {$i*4    }]]
#         set b1 [lindex $bytes [expr {$i*4 + 1}]]
#         set b2 [lindex $bytes [expr {$i*4 + 2}]]
#         set b3 [lindex $bytes [expr {$i*4 + 3}]]
#         lappend words [expr {(($b3 & 0xff) << 24) | (($b2 & 0xff) << 16) |
#                              (($b1 & 0xff) <<  8) |  ($b0 & 0xff)}]
#     }
# 
#     set f1 [open $hex32_path w]
#     foreach w $words { puts $f1 [format %08x $w] }
#     close $f1
# 
#     set f2 [open $hex128_path w]
#     for {set i 0} {$i < $nwords} {incr i 4} {
#         puts $f2 [format "%08x%08x%08x%08x" \
#                   [lindex $words [expr {$i+3}]] [lindex $words [expr {$i+2}]] \
#                   [lindex $words [expr {$i+1}]] [lindex $words [expr {$i  }]]]
#     }
#     close $f2
# 
#     puts "HEX: $hex32_path ([expr {$nwords}] 字) + $hex128_path ([expr {$nwords/4}] 块)"
# }
# set HEX_ROWS 16384
# set hex32  [file join $PROJ_DIR meminit.hex]
# set hex128 [file join $PROJ_DIR meminit128.hex]
# gen_hex_images $BIN $hex32 $hex128 $HEX_ROWS
HEX: /tmp/rtlz/synth/vivado/fmax_impl_6.5ns_ndhi/meminit.hex (16384 字) + /tmp/rtlz/synth/vivado/fmax_impl_6.5ns_ndhi/meminit128.hex (4096 块)
# create_project -force $PROJ_NAME $PROJ_DIR -part xc7k325tffg900-2
# set src_files {}
# foreach f [lsort [glob -nocomplain [file join $ROOT mySoC *.v]]] {
#     if {[file tail $f] eq "ifu_subsys.v"} { continue }
#     lappend src_files $f
# }
# foreach f [lsort [glob -nocomplain [file join $ROOT mySoC ifu2 rtl *.v]]] {
#     lappend src_files $f
# }
# lappend src_files [file join $SP top_fmax.v]
# add_files -norecurse $src_files
# set_property file_type SystemVerilog [get_files -of [get_filesets sources_1] *.v]
# set DEFS [list \
#     USE_IFU2 \
#     USE_IFU_ANY \
#     BP_PRED=1 \
#     BP_GHR_W=16 \
#     REDIRECT_PIPE \
#     ICACHE_BYTES=1024 \
#     ICACHE_LINE_BYTES=16 \
#     ICACHE_LINE_16B \
#     PATHHEX=$hex32 \
#     PATH128=$hex128 \
# ]
# set_property verilog_define $DEFS [get_filesets sources_1]
# set_property include_dirs [list [file join $ROOT mySoC] [file join $ROOT vsrc]] [get_filesets sources_1]
# set_property top top_fmax [get_filesets sources_1]
# set xdc [file join $PROJ_DIR fmax_gen.xdc]
# set fh [open $xdc w]
# puts $fh "create_clock -name clk -period $PERIOD \[get_ports clk\]"
# puts $fh "set_input_delay  -clock clk 2.0 \[get_ports rst\]"
# puts $fh "set_false_path -to \[get_ports {o_dbg_pc o_dbg_value o_dbg_reg o_dbg_ena o_dbg_have}\]"
# close $fh
# add_files -fileset constrs_1 $xdc
# if {$SYNTH_STRAT ne ""} { set r [catch {set_property strategy $SYNTH_STRAT [get_runs synth_1]} e]; puts "STRAT_SET synth=$SYNTH_STRAT ret=$r $e" }
# if {$IMPL_STRAT  ne ""} { set r [catch {set_property strategy $IMPL_STRAT  [get_runs impl_1]}  e]; puts "STRAT_SET impl=$IMPL_STRAT ret=$r $e" }
STRAT_SET impl=Performance_NetDelay_high ret=0 
# if {$SEED        ne ""} { set r [catch {set_property SEED $SEED [get_runs impl_1]} e]; puts "STRAT_SET seed=$SEED ret=$r $e" }
# launch_runs synth_1 -jobs 8
WARNING: [Vivado 12-7122] Auto Incremental Compile:: No reference checkpoint was found in run synth_1. Auto-incremental flow will not be run, the standard flow will be run instead.
[Tue Sep 29 03:13:46 2026] Launched synth_1...
Run output will be captured here: /tmp/rtlz/synth/vivado/fmax_impl_6.5ns_ndhi/fmax_impl_6.5ns_ndhi.runs/synth_1/runme.log
# wait_on_run synth_1
[Tue Sep 29 03:13:46 2026] Waiting for synth_1 to finish...

*** Running vivado
    with args -log top_fmax.vds -m64 -product Vivado -mode batch -messageDb vivado.pb -notrace -source top_fmax.tcl


****** Vivado v2023.2 (64-bit)
  **** SW Build 4029153 on Fri Oct 13 20:13:54 MDT 2023
  **** IP Build 4028589 on Sat Oct 14 00:45:43 MDT 2023
  **** SharedData Build 4025554 on Tue Oct 10 17:18:54 MDT 2023
    ** Copyright 1986-2022 Xilinx, Inc. All Rights Reserved.
    ** Copyright 2022-2023 Advanced Micro Devices, Inc. All Rights Reserved.

source top_fmax.tcl -notrace
Command: synth_design -top top_fmax -part xc7k325tffg900-2
Starting synth_design
Attempting to get a license for feature 'Synthesis' and/or device 'xc7k325t'
INFO: [Common 17-349] Got license for feature 'Synthesis' and/or device 'xc7k325t'
INFO: [Device 21-403] Loading part xc7k325tffg900-2
INFO: [Synth 8-7079] Multithreading enabled for synth_design using a maximum of 4 processes.
INFO: [Synth 8-7078] Launching helper process for spawning children vivado processes
INFO: [Synth 8-7075] Helper process launched with PID 52587
---------------------------------------------------------------------------------
Starting RTL Elaboration : Time (s): cpu = 00:00:03 ; elapsed = 00:00:03 . Memory (MB): peak = 2208.691 ; gain = 406.852 ; free physical = 74039 ; free virtual = 955708
---------------------------------------------------------------------------------
INFO: [Synth 8-11241] undeclared symbol 'timer_int_flag', assumed default net type 'wire' [/tmp/rtlz/mySoC/miniRV_SoC.v:130]
WARNING: [Synth 8-8895] 'timer_int_flag' is already implicitly declared on line 130 [/tmp/rtlz/mySoC/miniRV_SoC.v:152]
INFO: [Synth 8-11241] undeclared symbol 'if_accept', assumed default net type 'wire' [/tmp/rtlz/mySoC/mycpu.v:340]
WARNING: [Synth 8-8895] 'if_accept' is already implicitly declared on line 340 [/tmp/rtlz/mySoC/mycpu.v:435]
WARNING: [Synth 8-11121] redeclaration of ANSI port 'q_hit' is not allowed [/tmp/rtlz/mySoC/ifu2/rtl/rv32ifu2_icache.v:124]
INFO: [Synth 8-6157] synthesizing module 'top_fmax' [/tmp/rtlz/synth/top_fmax.v:12]
INFO: [Synth 8-6157] synthesizing module 'BUFG' [/home/st-wangjun/hv/tools/Xilinx/Vivado/2023.2/scripts/rt/data/unisim_comp.v:1951]
INFO: [Synth 8-6155] done synthesizing module 'BUFG' (0#1) [/home/st-wangjun/hv/tools/Xilinx/Vivado/2023.2/scripts/rt/data/unisim_comp.v:1951]
INFO: [Synth 8-6157] synthesizing module 'miniRV_SoC' [/tmp/rtlz/mySoC/miniRV_SoC.v:60]
INFO: [Synth 8-6157] synthesizing module 'myCPU' [/tmp/rtlz/mySoC/mycpu.v:14]
INFO: [Synth 8-6157] synthesizing module 'rv32ifu2_top' [/tmp/rtlz/mySoC/ifu2/rtl/rv32ifu2_top.v:30]
	Parameter ICACHE_EN bound to: 1'b1 
	Parameter BP_EN bound to: 1'b1 
INFO: [Synth 8-6157] synthesizing module 'rv32ifu2_tage' [/tmp/rtlz/mySoC/ifu2/rtl/rv32ifu2_tage.v:130]
	Parameter T0_AW bound to: 6 - type: integer 
	Parameter ROW_AW bound to: 6 - type: integer 
	Parameter ROW_AW_T1 bound to: 6 - type: integer 
	Parameter ROW_AW_T2 bound to: 6 - type: integer 
	Parameter ROW_AW_T3 bound to: 6 - type: integer 
	Parameter ROW_AW_T4 bound to: 6 - type: integer 
	Parameter NTAB bound to: 4 - type: integer 
	Parameter TAG_W bound to: 6 - type: integer 
	Parameter GHR_W bound to: 16 - type: integer 
	Parameter T0_HIST bound to: 0 - type: integer 
	Parameter SLOTS bound to: 4 - type: integer 
	Parameter TAG_HI bound to: 15 - type: integer 
	Parameter L1 bound to: 2 - type: integer 
	Parameter L2 bound to: 5 - type: integer 
	Parameter L3 bound to: 9 - type: integer 
	Parameter L4 bound to: 14 - type: integer 
	Parameter USEL_AW bound to: 6 - type: integer 
	Parameter USEL_W bound to: 4 - type: integer 
	Parameter USEL_GATE bound to: 1 - type: integer 
INFO: [Synth 8-6155] done synthesizing module 'rv32ifu2_tage' (0#1) [/tmp/rtlz/mySoC/ifu2/rtl/rv32ifu2_tage.v:130]
INFO: [Synth 8-6157] synthesizing module 'rv32ifu2_icache' [/tmp/rtlz/mySoC/ifu2/rtl/rv32ifu2_icache.v:68]
	Parameter IC_BYTES bound to: 1024 - type: integer 
	Parameter IC_LINE bound to: 16 - type: integer 
	Parameter IC_WAYS bound to: 2 - type: integer 
	Parameter ICACHE_EN bound to: 1'b1 
INFO: [Synth 8-6157] synthesizing module 'rv32ifu2_spram' [/tmp/rtlz/mySoC/ifu2/rtl/rv32ifu2_spram.v:64]
	Parameter ADDR_W bound to: 5 - type: integer 
	Parameter DATA_W bound to: 24 - type: integer 
INFO: [Synth 8-6157] synthesizing module 'rv32ifu2_spram_prim' [/tmp/rtlz/mySoC/ifu2/rtl/rv32ifu2_spram.v:141]
	Parameter ADDR_W bound to: 5 - type: integer 
	Parameter DATA_W bound to: 24 - type: integer 
INFO: [Synth 8-6155] done synthesizing module 'rv32ifu2_spram_prim' (0#1) [/tmp/rtlz/mySoC/ifu2/rtl/rv32ifu2_spram.v:141]
INFO: [Synth 8-6155] done synthesizing module 'rv32ifu2_spram' (0#1) [/tmp/rtlz/mySoC/ifu2/rtl/rv32ifu2_spram.v:64]
INFO: [Synth 8-6157] synthesizing module 'rv32ifu2_spram__parameterized0' [/tmp/rtlz/mySoC/ifu2/rtl/rv32ifu2_spram.v:64]
	Parameter ADDR_W bound to: 5 - type: integer 
	Parameter DATA_W bound to: 128 - type: integer 
INFO: [Synth 8-6157] synthesizing module 'rv32ifu2_spram_prim__parameterized0' [/tmp/rtlz/mySoC/ifu2/rtl/rv32ifu2_spram.v:141]
	Parameter ADDR_W bound to: 5 - type: integer 
	Parameter DATA_W bound to: 128 - type: integer 
INFO: [Synth 8-6155] done synthesizing module 'rv32ifu2_spram_prim__parameterized0' (0#1) [/tmp/rtlz/mySoC/ifu2/rtl/rv32ifu2_spram.v:141]
INFO: [Synth 8-6155] done synthesizing module 'rv32ifu2_spram__parameterized0' (0#1) [/tmp/rtlz/mySoC/ifu2/rtl/rv32ifu2_spram.v:64]
INFO: [Synth 8-6155] done synthesizing module 'rv32ifu2_icache' (0#1) [/tmp/rtlz/mySoC/ifu2/rtl/rv32ifu2_icache.v:68]
INFO: [Synth 8-6157] synthesizing module 'rv32ifu2_refill' [/tmp/rtlz/mySoC/ifu2/rtl/rv32ifu2_refill.v:20]
	Parameter IC_LINE bound to: 16 - type: integer 
INFO: [Synth 8-6155] done synthesizing module 'rv32ifu2_refill' (0#1) [/tmp/rtlz/mySoC/ifu2/rtl/rv32ifu2_refill.v:20]
INFO: [Synth 8-6157] synthesizing module 'rv32ifu2_btb' [/tmp/rtlz/mySoC/ifu2/rtl/rv32ifu2_btb.v:27]
	Parameter ROW_AW bound to: 6 - type: integer 
	Parameter SLOTS bound to: 4 - type: integer 
INFO: [Synth 8-6155] done synthesizing module 'rv32ifu2_btb' (0#1) [/tmp/rtlz/mySoC/ifu2/rtl/rv32ifu2_btb.v:27]
INFO: [Synth 8-6157] synthesizing module 'rv32ifu2_ibuf' [/tmp/rtlz/mySoC/ifu2/rtl/rv32ifu2_ibuf.v:18]
	Parameter DEPTH bound to: 8 - type: integer 
	Parameter W bound to: 153 - type: integer 
INFO: [Synth 8-6155] done synthesizing module 'rv32ifu2_ibuf' (0#1) [/tmp/rtlz/mySoC/ifu2/rtl/rv32ifu2_ibuf.v:18]
INFO: [Synth 8-6157] synthesizing module 'rv32ifu2_ras' [/tmp/rtlz/mySoC/ifu2/rtl/rv32ifu2_ras.v:28]
	Parameter DEPTH bound to: 8 - type: integer 
	Parameter AW bound to: 3 - type: integer 
INFO: [Synth 8-6155] done synthesizing module 'rv32ifu2_ras' (0#1) [/tmp/rtlz/mySoC/ifu2/rtl/rv32ifu2_ras.v:28]
INFO: [Synth 8-6155] done synthesizing module 'rv32ifu2_top' (0#1) [/tmp/rtlz/mySoC/ifu2/rtl/rv32ifu2_top.v:30]
INFO: [Synth 8-6157] synthesizing module 'ifu_biu_mem' [/tmp/rtlz/mySoC/ifu_biu_mem.v:40]
INFO: [Synth 8-6157] synthesizing module 'sync_rom_1r1w' [/tmp/rtlz/mySoC/sync_mem.v:163]
	Parameter ADDR_W bound to: 12 - type: integer 
	Parameter DATA_W bound to: 128 - type: integer 
INFO: [Synth 8-6157] synthesizing module 'sync_rom_1r1w_prim' [/tmp/rtlz/mySoC/sync_mem.v:183]
	Parameter ADDR_W bound to: 12 - type: integer 
	Parameter DATA_W bound to: 128 - type: integer 
INFO: [Synth 8-3876] $readmem data file '/tmp/rtlz/synth/vivado/fmax_impl_6.5ns_ndhi/meminit128.hex' is read successfully [/tmp/rtlz/mySoC/sync_mem.v:196]
INFO: [Synth 8-6155] done synthesizing module 'sync_rom_1r1w_prim' (0#1) [/tmp/rtlz/mySoC/sync_mem.v:183]
INFO: [Synth 8-6155] done synthesizing module 'sync_rom_1r1w' (0#1) [/tmp/rtlz/mySoC/sync_mem.v:163]
INFO: [Synth 8-6155] done synthesizing module 'ifu_biu_mem' (0#1) [/tmp/rtlz/mySoC/ifu_biu_mem.v:40]
INFO: [Synth 8-6157] synthesizing module 'IF_ID' [/tmp/rtlz/mySoC/IF_ID.v:23]
INFO: [Synth 8-6155] done synthesizing module 'IF_ID' (0#1) [/tmp/rtlz/mySoC/IF_ID.v:23]
INFO: [Synth 8-6157] synthesizing module 'SEXT' [/tmp/rtlz/mySoC/SEXT.v:23]
INFO: [Synth 8-6155] done synthesizing module 'SEXT' (0#1) [/tmp/rtlz/mySoC/SEXT.v:23]
INFO: [Synth 8-6157] synthesizing module 'Control' [/tmp/rtlz/mySoC/Control.v:23]
INFO: [Synth 8-226] default block is never used [/tmp/rtlz/mySoC/Control.v:182]
INFO: [Synth 8-226] default block is never used [/tmp/rtlz/mySoC/Control.v:198]
INFO: [Synth 8-6155] done synthesizing module 'Control' (0#1) [/tmp/rtlz/mySoC/Control.v:23]
INFO: [Synth 8-6157] synthesizing module 'RegFile' [/tmp/rtlz/mySoC/RegFile.v:25]
INFO: [Synth 8-6155] done synthesizing module 'RegFile' (0#1) [/tmp/rtlz/mySoC/RegFile.v:25]
INFO: [Synth 8-6157] synthesizing module 'ALU_input_MUX' [/tmp/rtlz/mySoC/ALU_input_MUX.v:23]
INFO: [Synth 8-6155] done synthesizing module 'ALU_input_MUX' (0#1) [/tmp/rtlz/mySoC/ALU_input_MUX.v:23]
INFO: [Synth 8-6157] synthesizing module 'ID_EX' [/tmp/rtlz/mySoC/ID_EX.v:23]
INFO: [Synth 8-6155] done synthesizing module 'ID_EX' (0#1) [/tmp/rtlz/mySoC/ID_EX.v:23]
INFO: [Synth 8-6157] synthesizing module 'ALU' [/tmp/rtlz/mySoC/ALU.v:24]
INFO: [Synth 8-6155] done synthesizing module 'ALU' (0#1) [/tmp/rtlz/mySoC/ALU.v:24]
INFO: [Synth 8-6157] synthesizing module 'MUL_DIV' [/tmp/rtlz/mySoC/MUL_DIV.v:35]
	Parameter DATA_W bound to: 32 - type: integer 
	Parameter TAG_W bound to: 7 - type: integer 
INFO: [Synth 8-6157] synthesizing module 'mul_pipe' [/tmp/rtlz/mySoC/mul_pipe.v:35]
	Parameter TAG_W bound to: 7 - type: integer 
INFO: [Synth 8-6155] done synthesizing module 'mul_pipe' (0#1) [/tmp/rtlz/mySoC/mul_pipe.v:35]
INFO: [Synth 8-6157] synthesizing module 'div_pipe' [/tmp/rtlz/mySoC/div_pipe.v:54]
	Parameter TAG_W bound to: 7 - type: integer 
INFO: [Synth 8-6155] done synthesizing module 'div_pipe' (0#1) [/tmp/rtlz/mySoC/div_pipe.v:54]
INFO: [Synth 8-6155] done synthesizing module 'MUL_DIV' (0#1) [/tmp/rtlz/mySoC/MUL_DIV.v:35]
INFO: [Synth 8-6157] synthesizing module 'EX_wD_MUX1' [/tmp/rtlz/mySoC/EX_wD_MUX1.v:23]
INFO: [Synth 8-6155] done synthesizing module 'EX_wD_MUX1' (0#1) [/tmp/rtlz/mySoC/EX_wD_MUX1.v:23]
INFO: [Synth 8-6157] synthesizing module 'CSR' [/tmp/rtlz/mySoC/CSR.v:18]
INFO: [Synth 8-6155] done synthesizing module 'CSR' (0#1) [/tmp/rtlz/mySoC/CSR.v:18]
INFO: [Synth 8-6157] synthesizing module 'EX_MEM' [/tmp/rtlz/mySoC/EX_MEM.v:23]
INFO: [Synth 8-6155] done synthesizing module 'EX_MEM' (0#1) [/tmp/rtlz/mySoC/EX_MEM.v:23]
WARNING: [Synth 8-7071] port 'mem_csr_we' of module 'EX_MEM' is unconnected for instance 'U_EX_MEM' [/tmp/rtlz/mySoC/mycpu.v:971]
WARNING: [Synth 8-7023] instance 'U_EX_MEM' of module 'EX_MEM' has 38 connections declared, but only 37 given [/tmp/rtlz/mySoC/mycpu.v:971]
INFO: [Synth 8-6157] synthesizing module 'MEM' [/tmp/rtlz/mySoC/MEM.v:23]
INFO: [Synth 8-226] default block is never used [/tmp/rtlz/mySoC/MEM.v:47]
INFO: [Synth 8-226] default block is never used [/tmp/rtlz/mySoC/MEM.v:52]
INFO: [Synth 8-226] default block is never used [/tmp/rtlz/mySoC/MEM.v:61]
INFO: [Synth 8-226] default block is never used [/tmp/rtlz/mySoC/MEM.v:89]
INFO: [Synth 8-6155] done synthesizing module 'MEM' (0#1) [/tmp/rtlz/mySoC/MEM.v:23]
INFO: [Synth 8-6157] synthesizing module 'MEM_wD_MUX' [/tmp/rtlz/mySoC/MEM_wD_MUX.v:23]
INFO: [Synth 8-6155] done synthesizing module 'MEM_wD_MUX' (0#1) [/tmp/rtlz/mySoC/MEM_wD_MUX.v:23]
INFO: [Synth 8-6157] synthesizing module 'MEM_WB' [/tmp/rtlz/mySoC/MEM_WB.v:23]
INFO: [Synth 8-6155] done synthesizing module 'MEM_WB' (0#1) [/tmp/rtlz/mySoC/MEM_WB.v:23]
INFO: [Synth 8-6157] synthesizing module 'Hazard_Detection' [/tmp/rtlz/mySoC/Hazard_Detection.v:21]
INFO: [Synth 8-6155] done synthesizing module 'Hazard_Detection' (0#1) [/tmp/rtlz/mySoC/Hazard_Detection.v:21]
INFO: [Synth 8-6155] done synthesizing module 'myCPU' (0#1) [/tmp/rtlz/mySoC/mycpu.v:14]
INFO: [Synth 8-6157] synthesizing module 'perip_bridge' [/tmp/rtlz/mySoC/perip_bridge.v:26]
INFO: [Synth 8-6155] done synthesizing module 'perip_bridge' (0#1) [/tmp/rtlz/mySoC/perip_bridge.v:26]
INFO: [Synth 8-6157] synthesizing module 'sync_ram_1r1w' [/tmp/rtlz/mySoC/sync_mem.v:63]
	Parameter ADDR_W bound to: 14 - type: integer 
	Parameter DATA_W bound to: 32 - type: integer 
INFO: [Synth 8-6157] synthesizing module 'sync_ram_1r1w_prim' [/tmp/rtlz/mySoC/sync_mem.v:126]
	Parameter ADDR_W bound to: 14 - type: integer 
	Parameter DATA_W bound to: 32 - type: integer 
INFO: [Synth 8-3876] $readmem data file '/tmp/rtlz/synth/vivado/fmax_impl_6.5ns_ndhi/meminit.hex' is read successfully [/tmp/rtlz/mySoC/sync_mem.v:142]
INFO: [Synth 8-6155] done synthesizing module 'sync_ram_1r1w_prim' (0#1) [/tmp/rtlz/mySoC/sync_mem.v:126]
INFO: [Synth 8-6155] done synthesizing module 'sync_ram_1r1w' (0#1) [/tmp/rtlz/mySoC/sync_mem.v:63]
INFO: [Synth 8-6155] done synthesizing module 'miniRV_SoC' (0#1) [/tmp/rtlz/mySoC/miniRV_SoC.v:60]
INFO: [Synth 8-6155] done synthesizing module 'top_fmax' (0#1) [/tmp/rtlz/synth/top_fmax.v:12]
WARNING: [Synth 8-6014] Unused sequential element q_usel_idx_reg was removed.  [/tmp/rtlz/mySoC/ifu2/rtl/rv32ifu2_tage.v:334]
WARNING: [Synth 8-6014] Unused sequential element u1_usel_idx_reg was removed.  [/tmp/rtlz/mySoC/ifu2/rtl/rv32ifu2_tage.v:742]
WARNING: [Synth 8-4767] Trying to implement RAM ' ' in registers. Block RAM or DRAM implementation is not possible; see log for reasons.
	1: RAM has multiple writes via different ports in same process. If RAM inferencing intended, write to one port per process. 
	2: Unable to determine number of words or word size in RAM. 
	3: No valid read/write found for RAM. 
RAM dissolved into registers
WARNING: [Synth 8-4767] Trying to implement RAM 'ent_q_reg' in registers. Block RAM or DRAM implementation is not possible; see log for reasons.
Reason is one or more of the following :
	1: RAM has multiple writes via different ports in same process. If RAM inferencing intended, write to one port per process. 
	2: Unable to determine number of words or word size in RAM. 
	3: No valid read/write found for RAM. 
RAM "ent_q_reg" dissolved into registers
WARNING: [Synth 8-6014] Unused sequential element op_r_reg was removed.  [/tmp/rtlz/mySoC/div_pipe.v:207]
WARNING: [Synth 8-3848] Net mem_csr_we in module/entity myCPU does not have driver. [/tmp/rtlz/mySoC/mycpu.v:193]
WARNING: [Synth 8-7129] Port flush_tag[6] in module MUL_DIV is either unconnected or has no load
WARNING: [Synth 8-7129] Port flush_tag[5] in module MUL_DIV is either unconnected or has no load
WARNING: [Synth 8-7129] Port flush_tag[4] in module MUL_DIV is either unconnected or has no load
WARNING: [Synth 8-7129] Port flush_tag[3] in module MUL_DIV is either unconnected or has no load
WARNING: [Synth 8-7129] Port flush_tag[2] in module MUL_DIV is either unconnected or has no load
WARNING: [Synth 8-7129] Port flush_tag[1] in module MUL_DIV is either unconnected or has no load
WARNING: [Synth 8-7129] Port flush_tag[0] in module MUL_DIV is either unconnected or has no load
WARNING: [Synth 8-7129] Port pop_num[3] in module rv32ifu2_ras is either unconnected or has no load
WARNING: [Synth 8-7129] Port rd_pc[31] in module rv32ifu2_btb is either unconnected or has no load
WARNING: [Synth 8-7129] Port rd_pc[30] in module rv32ifu2_btb is either unconnected or has no load
WARNING: [Synth 8-7129] Port rd_pc[29] in module rv32ifu2_btb is either unconnected or has no load
WARNING: [Synth 8-7129] Port rd_pc[28] in module rv32ifu2_btb is either unconnected or has no load
WARNING: [Synth 8-7129] Port rd_pc[27] in module rv32ifu2_btb is either unconnected or has no load
WARNING: [Synth 8-7129] Port rd_pc[26] in module rv32ifu2_btb is either unconnected or has no load
WARNING: [Synth 8-7129] Port rd_pc[25] in module rv32ifu2_btb is either unconnected or has no load
WARNING: [Synth 8-7129] Port rd_pc[24] in module rv32ifu2_btb is either unconnected or has no load
WARNING: [Synth 8-7129] Port rd_pc[23] in module rv32ifu2_btb is either unconnected or has no load
WARNING: [Synth 8-7129] Port rd_pc[22] in module rv32ifu2_btb is either unconnected or has no load
WARNING: [Synth 8-7129] Port rd_pc[21] in module rv32ifu2_btb is either unconnected or has no load
WARNING: [Synth 8-7129] Port rd_pc[20] in module rv32ifu2_btb is either unconnected or has no load
WARNING: [Synth 8-7129] Port rd_pc[19] in module rv32ifu2_btb is either unconnected or has no load
WARNING: [Synth 8-7129] Port rd_pc[18] in module rv32ifu2_btb is either unconnected or has no load
WARNING: [Synth 8-7129] Port rd_pc[17] in module rv32ifu2_btb is either unconnected or has no load
WARNING: [Synth 8-7129] Port rd_pc[16] in module rv32ifu2_btb is either unconnected or has no load
WARNING: [Synth 8-7129] Port rd_pc[3] in module rv32ifu2_btb is either unconnected or has no load
WARNING: [Synth 8-7129] Port rd_pc[2] in module rv32ifu2_btb is either unconnected or has no load
WARNING: [Synth 8-7129] Port rd_pc[1] in module rv32ifu2_btb is either unconnected or has no load
WARNING: [Synth 8-7129] Port rd_pc[0] in module rv32ifu2_btb is either unconnected or has no load
WARNING: [Synth 8-7129] Port upd_pc[31] in module rv32ifu2_btb is either unconnected or has no load
WARNING: [Synth 8-7129] Port upd_pc[30] in module rv32ifu2_btb is either unconnected or has no load
WARNING: [Synth 8-7129] Port upd_pc[29] in module rv32ifu2_btb is either unconnected or has no load
WARNING: [Synth 8-7129] Port upd_pc[28] in module rv32ifu2_btb is either unconnected or has no load
WARNING: [Synth 8-7129] Port upd_pc[27] in module rv32ifu2_btb is either unconnected or has no load
WARNING: [Synth 8-7129] Port upd_pc[26] in module rv32ifu2_btb is either unconnected or has no load
WARNING: [Synth 8-7129] Port upd_pc[25] in module rv32ifu2_btb is either unconnected or has no load
WARNING: [Synth 8-7129] Port upd_pc[24] in module rv32ifu2_btb is either unconnected or has no load
WARNING: [Synth 8-7129] Port upd_pc[23] in module rv32ifu2_btb is either unconnected or has no load
WARNING: [Synth 8-7129] Port upd_pc[22] in module rv32ifu2_btb is either unconnected or has no load
WARNING: [Synth 8-7129] Port upd_pc[21] in module rv32ifu2_btb is either unconnected or has no load
WARNING: [Synth 8-7129] Port upd_pc[20] in module rv32ifu2_btb is either unconnected or has no load
WARNING: [Synth 8-7129] Port upd_pc[19] in module rv32ifu2_btb is either unconnected or has no load
WARNING: [Synth 8-7129] Port upd_pc[18] in module rv32ifu2_btb is either unconnected or has no load
WARNING: [Synth 8-7129] Port upd_pc[17] in module rv32ifu2_btb is either unconnected or has no load
WARNING: [Synth 8-7129] Port upd_pc[16] in module rv32ifu2_btb is either unconnected or has no load
WARNING: [Synth 8-7129] Port upd_pc[1] in module rv32ifu2_btb is either unconnected or has no load
WARNING: [Synth 8-7129] Port upd_pc[0] in module rv32ifu2_btb is either unconnected or has no load
WARNING: [Synth 8-7129] Port upd_target[31] in module rv32ifu2_btb is either unconnected or has no load
WARNING: [Synth 8-7129] Port upd_target[30] in module rv32ifu2_btb is either unconnected or has no load
WARNING: [Synth 8-7129] Port upd_target[29] in module rv32ifu2_btb is either unconnected or has no load
WARNING: [Synth 8-7129] Port upd_target[28] in module rv32ifu2_btb is either unconnected or has no load
WARNING: [Synth 8-7129] Port upd_target[27] in module rv32ifu2_btb is either unconnected or has no load
WARNING: [Synth 8-7129] Port upd_target[26] in module rv32ifu2_btb is either unconnected or has no load
WARNING: [Synth 8-7129] Port upd_target[25] in module rv32ifu2_btb is either unconnected or has no load
WARNING: [Synth 8-7129] Port upd_target[24] in module rv32ifu2_btb is either unconnected or has no load
WARNING: [Synth 8-7129] Port upd_target[23] in module rv32ifu2_btb is either unconnected or has no load
WARNING: [Synth 8-7129] Port upd_target[22] in module rv32ifu2_btb is either unconnected or has no load
WARNING: [Synth 8-7129] Port upd_target[21] in module rv32ifu2_btb is either unconnected or has no load
WARNING: [Synth 8-7129] Port upd_target[20] in module rv32ifu2_btb is either unconnected or has no load
WARNING: [Synth 8-7129] Port upd_target[19] in module rv32ifu2_btb is either unconnected or has no load
WARNING: [Synth 8-7129] Port upd_target[18] in module rv32ifu2_btb is either unconnected or has no load
WARNING: [Synth 8-7129] Port upd_target[17] in module rv32ifu2_btb is either unconnected or has no load
WARNING: [Synth 8-7129] Port upd_target[16] in module rv32ifu2_btb is either unconnected or has no load
WARNING: [Synth 8-7129] Port upd_jal in module rv32ifu2_btb is either unconnected or has no load
WARNING: [Synth 8-7129] Port upd_jalr in module rv32ifu2_btb is either unconnected or has no load
WARNING: [Synth 8-7129] Port req_pc[3] in module rv32ifu2_refill is either unconnected or has no load
WARNING: [Synth 8-7129] Port req_pc[2] in module rv32ifu2_refill is either unconnected or has no load
WARNING: [Synth 8-7129] Port req_pc[1] in module rv32ifu2_refill is either unconnected or has no load
WARNING: [Synth 8-7129] Port req_pc[0] in module rv32ifu2_refill is either unconnected or has no load
WARNING: [Synth 8-7129] Port biu_rd_rid in module rv32ifu2_refill is either unconnected or has no load
WARNING: [Synth 8-7129] Port biu_rd_last in module rv32ifu2_refill is either unconnected or has no load
WARNING: [Synth 8-7129] Port biu_rd_resp[1] in module rv32ifu2_refill is either unconnected or has no load
WARNING: [Synth 8-7129] Port biu_rd_resp[0] in module rv32ifu2_refill is either unconnected or has no load
WARNING: [Synth 8-7129] Port refill_pc[3] in module rv32ifu2_icache is either unconnected or has no load
WARNING: [Synth 8-7129] Port refill_pc[2] in module rv32ifu2_icache is either unconnected or has no load
WARNING: [Synth 8-7129] Port refill_pc[1] in module rv32ifu2_icache is either unconnected or has no load
WARNING: [Synth 8-7129] Port refill_pc[0] in module rv32ifu2_icache is either unconnected or has no load
WARNING: [Synth 8-7129] Port rd_pc[31] in module rv32ifu2_tage is either unconnected or has no load
WARNING: [Synth 8-7129] Port rd_pc[30] in module rv32ifu2_tage is either unconnected or has no load
WARNING: [Synth 8-7129] Port rd_pc[29] in module rv32ifu2_tage is either unconnected or has no load
WARNING: [Synth 8-7129] Port rd_pc[28] in module rv32ifu2_tage is either unconnected or has no load
WARNING: [Synth 8-7129] Port rd_pc[27] in module rv32ifu2_tage is either unconnected or has no load
WARNING: [Synth 8-7129] Port rd_pc[26] in module rv32ifu2_tage is either unconnected or has no load
WARNING: [Synth 8-7129] Port rd_pc[25] in module rv32ifu2_tage is either unconnected or has no load
WARNING: [Synth 8-7129] Port rd_pc[24] in module rv32ifu2_tage is either unconnected or has no load
WARNING: [Synth 8-7129] Port rd_pc[23] in module rv32ifu2_tage is either unconnected or has no load
WARNING: [Synth 8-7129] Port rd_pc[22] in module rv32ifu2_tage is either unconnected or has no load
WARNING: [Synth 8-7129] Port rd_pc[21] in module rv32ifu2_tage is either unconnected or has no load
WARNING: [Synth 8-7129] Port rd_pc[20] in module rv32ifu2_tage is either unconnected or has no load
WARNING: [Synth 8-7129] Port rd_pc[19] in module rv32ifu2_tage is either unconnected or has no load
WARNING: [Synth 8-7129] Port rd_pc[18] in module rv32ifu2_tage is either unconnected or has no load
WARNING: [Synth 8-7129] Port rd_pc[17] in module rv32ifu2_tage is either unconnected or has no load
WARNING: [Synth 8-7129] Port rd_pc[16] in module rv32ifu2_tage is either unconnected or has no load
WARNING: [Synth 8-7129] Port rd_pc[3] in module rv32ifu2_tage is either unconnected or has no load
WARNING: [Synth 8-7129] Port rd_pc[2] in module rv32ifu2_tage is either unconnected or has no load
WARNING: [Synth 8-7129] Port rd_pc[1] in module rv32ifu2_tage is either unconnected or has no load
WARNING: [Synth 8-7129] Port rd_pc[0] in module rv32ifu2_tage is either unconnected or has no load
WARNING: [Synth 8-7129] Port rd_ghr[15] in module rv32ifu2_tage is either unconnected or has no load
WARNING: [Synth 8-7129] Port rd_ghr[14] in module rv32ifu2_tage is either unconnected or has no load
WARNING: [Synth 8-7129] Port upd_pc[31] in module rv32ifu2_tage is either unconnected or has no load
WARNING: [Synth 8-7129] Port upd_pc[30] in module rv32ifu2_tage is either unconnected or has no load
INFO: [Common 17-14] Message 'Synth 8-7129' appears 100 times and further instances of the messages will be disabled. Use the Tcl command set_msg_config to change the current settings.
---------------------------------------------------------------------------------
Finished RTL Elaboration : Time (s): cpu = 00:00:05 ; elapsed = 00:00:06 . Memory (MB): peak = 2370.770 ; gain = 568.930 ; free physical = 73435 ; free virtual = 954995
---------------------------------------------------------------------------------
---------------------------------------------------------------------------------
Start Handling Custom Attributes
---------------------------------------------------------------------------------
---------------------------------------------------------------------------------
Finished Handling Custom Attributes : Time (s): cpu = 00:00:06 ; elapsed = 00:00:06 . Memory (MB): peak = 2385.605 ; gain = 583.766 ; free physical = 73449 ; free virtual = 954995
---------------------------------------------------------------------------------
---------------------------------------------------------------------------------
Finished RTL Optimization Phase 1 : Time (s): cpu = 00:00:06 ; elapsed = 00:00:06 . Memory (MB): peak = 2385.605 ; gain = 583.766 ; free physical = 73449 ; free virtual = 954995
---------------------------------------------------------------------------------
Netlist sorting complete. Time (s): cpu = 00:00:00.12 ; elapsed = 00:00:00.12 . Memory (MB): peak = 2391.543 ; gain = 0.000 ; free physical = 73429 ; free virtual = 954976
INFO: [Project 1-570] Preparing netlist for logic optimization

Processing XDC Constraints
Initializing timing engine
Parsing XDC File [/tmp/rtlz/synth/vivado/fmax_impl_6.5ns_ndhi/fmax_gen.xdc]
Finished Parsing XDC File [/tmp/rtlz/synth/vivado/fmax_impl_6.5ns_ndhi/fmax_gen.xdc]
Completed Processing XDC Constraints

Netlist sorting complete. Time (s): cpu = 00:00:00 ; elapsed = 00:00:00 . Memory (MB): peak = 2564.012 ; gain = 0.000 ; free physical = 73330 ; free virtual = 954877
INFO: [Project 1-111] Unisim Transformation Summary:
No Unisim elements were transformed.

Constraint Validation Runtime : Time (s): cpu = 00:00:00.38 ; elapsed = 00:00:00.08 . Memory (MB): peak = 2564.012 ; gain = 0.000 ; free physical = 73328 ; free virtual = 954874
---------------------------------------------------------------------------------
Finished Constraint Validation : Time (s): cpu = 00:00:14 ; elapsed = 00:00:13 . Memory (MB): peak = 2564.012 ; gain = 762.172 ; free physical = 73330 ; free virtual = 954881
---------------------------------------------------------------------------------
---------------------------------------------------------------------------------
Start Loading Part and Timing Information
---------------------------------------------------------------------------------
Loading part: xc7k325tffg900-2
---------------------------------------------------------------------------------
Finished Loading Part and Timing Information : Time (s): cpu = 00:00:14 ; elapsed = 00:00:13 . Memory (MB): peak = 2564.012 ; gain = 762.172 ; free physical = 73330 ; free virtual = 954881
---------------------------------------------------------------------------------
---------------------------------------------------------------------------------
Start Applying 'set_property' XDC Constraints
---------------------------------------------------------------------------------
---------------------------------------------------------------------------------
Finished applying 'set_property' XDC Constraints : Time (s): cpu = 00:00:14 ; elapsed = 00:00:13 . Memory (MB): peak = 2564.012 ; gain = 762.172 ; free physical = 73330 ; free virtual = 954881
---------------------------------------------------------------------------------
INFO: [Synth 8-802] inferred FSM for state register 'state_q_reg' in module 'rv32ifu2_refill'
INFO: [Synth 8-802] inferred FSM for state register 'state_reg' in module 'div_pipe'
---------------------------------------------------------------------------------------------------
                   State |                     New Encoding |                Previous Encoding 
---------------------------------------------------------------------------------------------------
                  S_IDLE |                              001 |                               00
                   S_REQ |                              010 |                               01
                  S_WAIT |                              100 |                               10
---------------------------------------------------------------------------------------------------
INFO: [Synth 8-3354] encoded FSM with state register 'state_q_reg' using encoding 'one-hot' in module 'rv32ifu2_refill'
---------------------------------------------------------------------------------------------------
                   State |                     New Encoding |                Previous Encoding 
---------------------------------------------------------------------------------------------------
                 ST_IDLE |                            00001 |                              000
                 ST_PREP |                            00010 |                              001
                 ST_ITER |                            00100 |                              010
                ST_FIXUP |                            01000 |                              011
                  iSTATE |                            10000 |                              100
*
---------------------------------------------------------------------------------------------------
INFO: [Synth 8-3354] encoded FSM with state register 'state_reg' using encoding 'one-hot' in module 'div_pipe'
---------------------------------------------------------------------------------
Finished RTL Optimization Phase 2 : Time (s): cpu = 00:00:16 ; elapsed = 00:00:16 . Memory (MB): peak = 2564.012 ; gain = 762.172 ; free physical = 73282 ; free virtual = 954872
---------------------------------------------------------------------------------
---------------------------------------------------------------------------------
Start RTL Component Statistics 
---------------------------------------------------------------------------------
Detailed RTL Component Info : 
+---Adders : 
	   3 Input   64 Bit       Adders := 1     
	   3 Input   35 Bit       Adders := 3     
	   2 Input   34 Bit       Adders := 1     
	   2 Input   32 Bit       Adders := 15    
	   3 Input   32 Bit       Adders := 1     
	   2 Input    7 Bit       Adders := 2     
	   3 Input    7 Bit       Adders := 1     
	   2 Input    6 Bit       Adders := 2     
	   4 Input    5 Bit       Adders := 1     
	   2 Input    5 Bit       Adders := 1     
	   2 Input    4 Bit       Adders := 3     
	   3 Input    4 Bit       Adders := 1     
	   2 Input    3 Bit       Adders := 7     
	   3 Input    3 Bit       Adders := 3     
	   4 Input    3 Bit       Adders := 1     
	   2 Input    2 Bit       Adders := 11    
+---XORs : 
	   3 Input     64 Bit         XORs := 17    
	   2 Input     32 Bit         XORs := 1     
	   2 Input      8 Bit         XORs := 4     
	   2 Input      6 Bit         XORs := 16    
	   2 Input      1 Bit         XORs := 45    
	   3 Input      1 Bit         XORs := 8     
+---Registers : 
	              153 Bit    Registers := 8     
	              128 Bit    Registers := 5     
	               64 Bit    Registers := 6     
	               34 Bit    Registers := 1     
	               33 Bit    Registers := 1     
	               32 Bit    Registers := 86    
	               25 Bit    Registers := 2     
	               24 Bit    Registers := 8     
	               16 Bit    Registers := 2     
	               12 Bit    Registers := 1     
	                8 Bit    Registers := 1     
	                7 Bit    Registers := 10    
	                6 Bit    Registers := 17    
	                5 Bit    Registers := 6     
	                4 Bit    Registers := 8     
	                3 Bit    Registers := 4     
	                2 Bit    Registers := 10    
	                1 Bit    Registers := 70    
+---RAMs : 
	             512K Bit	(16384 X 32 bit)          RAMs := 1     
	               4K Bit	(32 X 128 bit)          RAMs := 2     
	               4K Bit	(64 X 64 bit)          RAMs := 1     
	              768 Bit	(32 X 24 bit)          RAMs := 2     
	              448 Bit	(64 X 7 bit)          RAMs := 1     
	              256 Bit	(64 X 4 bit)          RAMs := 1     
	               64 Bit	(64 X 1 bit)          RAMs := 1     
+---ROMs : 
	                    ROMs := 1     
+---Muxes : 
	   2 Input 1224 Bit        Muxes := 2     
	   2 Input  153 Bit        Muxes := 40    
	   2 Input  128 Bit        Muxes := 5     
	   2 Input   64 Bit        Muxes := 6     
	   4 Input   64 Bit        Muxes := 1     
	   2 Input   34 Bit        Muxes := 34    
	   2 Input   33 Bit        Muxes := 1     
	   2 Input   32 Bit        Muxes := 145   
	   4 Input   32 Bit        Muxes := 12    
	  16 Input   32 Bit        Muxes := 1     
	   8 Input   32 Bit        Muxes := 1     
	  17 Input   32 Bit        Muxes := 1     
	   3 Input   32 Bit        Muxes := 1     
	   2 Input   25 Bit        Muxes := 3     
	   2 Input   24 Bit        Muxes := 70    
	   4 Input   24 Bit        Muxes := 2     
	   4 Input   16 Bit        Muxes := 2     
	   2 Input   16 Bit        Muxes := 14    
	   2 Input   12 Bit        Muxes := 1     
	   2 Input    8 Bit        Muxes := 11    
	   4 Input    8 Bit        Muxes := 1     
	   5 Input    7 Bit        Muxes := 8     
	   2 Input    7 Bit        Muxes := 14    
	   4 Input    7 Bit        Muxes := 1     
	   2 Input    6 Bit        Muxes := 80    
	   4 Input    6 Bit        Muxes := 8     
	   4 Input    5 Bit        Muxes := 2     
	   2 Input    5 Bit        Muxes := 6     
	  11 Input    5 Bit        Muxes := 1     
	   7 Input    5 Bit        Muxes := 1     
	   2 Input    4 Bit        Muxes := 16    
	   8 Input    4 Bit        Muxes := 2     
	   7 Input    4 Bit        Muxes := 1     
	   6 Input    4 Bit        Muxes := 1     
	   2 Input    3 Bit        Muxes := 19    
	   5 Input    3 Bit        Muxes := 2     
	   4 Input    3 Bit        Muxes := 3     
	  11 Input    3 Bit        Muxes := 1     
	   6 Input    3 Bit        Muxes := 1     
	   8 Input    3 Bit        Muxes := 1     
	   2 Input    2 Bit        Muxes := 39    
	   4 Input    2 Bit        Muxes := 8     
	  11 Input    2 Bit        Muxes := 4     
	   3 Input    2 Bit        Muxes := 4     
	   2 Input    1 Bit        Muxes := 327   
	   3 Input    1 Bit        Muxes := 51    
	   4 Input    1 Bit        Muxes := 1     
	  11 Input    1 Bit        Muxes := 4     
	  16 Input    1 Bit        Muxes := 1     
	   8 Input    1 Bit        Muxes := 7     
	   5 Input    1 Bit        Muxes := 1     
---------------------------------------------------------------------------------
Finished RTL Component Statistics 
---------------------------------------------------------------------------------
---------------------------------------------------------------------------------
Start Part Resource Summary
---------------------------------------------------------------------------------
Part Resources:
DSPs: 840 (col length:140)
BRAMs: 890 (col length: RAMB18 140 RAMB36 70)
---------------------------------------------------------------------------------
Finished Part Resource Summary
---------------------------------------------------------------------------------
---------------------------------------------------------------------------------
Start Cross Boundary and Area Optimization
---------------------------------------------------------------------------------
WARNING: [Synth 8-7080] Parallel synthesis criteria is not met
INFO: [Synth 8-6851] RAM (dat_q_reg) has partial Byte Wide Write Enable pattern, however no output register found in fanout of RAM. Recommended to use supported Byte Wide Write Enable template. 
INFO: [Synth 8-6851] RAM (dat_q_reg) has partial Byte Wide Write Enable pattern, however no output register found in fanout of RAM. Recommended to use supported Byte Wide Write Enable template. 
---------------------------------------------------------------------------------
Finished Cross Boundary and Area Optimization : Time (s): cpu = 00:01:23 ; elapsed = 00:01:24 . Memory (MB): peak = 2793.051 ; gain = 991.211 ; free physical = 71776 ; free virtual = 953408
---------------------------------------------------------------------------------
---------------------------------------------------------------------------------
Start ROM, RAM, DSP, Shift Register and Retiming Reporting
---------------------------------------------------------------------------------

ROM: Preliminary Mapping Report
+------------+-------------------------------------+---------------+----------------+
|Module Name | RTL Object                          | Depth x Width | Implemented As | 
+------------+-------------------------------------+---------------+----------------+
|top_fmax    | u_ifu_biu_mem/u_rom/u_prim/rd_q_reg | 4096x128      | Block RAM      | 
+------------+-------------------------------------+---------------+----------------+


Block RAM: Preliminary Mapping Report (see note below)
+----------------------------------+-----------------------------+------------------------+---+---+------------------------+---+---+------------------+--------+--------+
|Module Name                       | RTL Object                  | PORT A (Depth x Width) | W | R | PORT B (Depth x Width) | W | R | Ports driving FF | RAMB18 | RAMB36 | 
+----------------------------------+-----------------------------+------------------------+---+---+------------------------+---+---+------------------+--------+--------+
|Core_cpui_0/u_ifu_subsys/u_icache | u_dat_way0/u_prim/mem_q_reg | 32 x 128(READ_FIRST)   | W |   | 32 x 128(WRITE_FIRST)  |   | R | Port A and B     | 0      | 2      | 
|Core_cpui_0/u_ifu_subsys/u_icache | u_dat_way1/u_prim/mem_q_reg | 32 x 128(READ_FIRST)   | W |   | 32 x 128(WRITE_FIRST)  |   | R | Port A and B     | 0      | 2      | 
|top_fmax                          | Mem_DRAM/u_prim/mem_reg     | 16 K x 32(READ_FIRST)  | W |   | 16 K x 32(WRITE_FIRST) |   | R | Port A and B     | 0      | 16     | 
+----------------------------------+-----------------------------+------------------------+---+---+------------------------+---+---+------------------+--------+--------+

Note: The table above is a preliminary report that shows the Block RAMs at the current stage of the synthesis flow. Some Block RAMs may be reimplemented as non Block RAM primitives later in the synthesis flow. Multiple instantiated Block RAMs are reported only once. 

Distributed RAM: Preliminary Mapping Report (see note below)
+-----------------------------------------+-----------------------------+----------------+----------------------+----------------+
|Module Name                              | RTL Object                  | Inference      | Size (Depth x Width) | Primitives     | 
+-----------------------------------------+-----------------------------+----------------+----------------------+----------------+
|Core_cpui_0/u_ifu_subsys/\g_tage.u_tage  | g_tab[2].tg_u_reg           | User Attribute | 64 x 7               | RAM64M x 6     | 
|Core_cpui_0/u_ifu_subsys/\g_tage.u_tage  | g_tab[1].tg_u_reg           | User Attribute | 64 x 7               | RAM64M x 6     | 
|Core_cpui_0/u_ifu_subsys/\g_tage.u_tage  | g_tab[1].pv_u_reg           | User Attribute | 64 x 24              | RAM64M x 16    | 
|Core_cpui_0/u_ifu_subsys/\g_tage.u_tage  | g_tab[3].pv_u_reg           | User Attribute | 64 x 24              | RAM64M x 16    | 
|Core_cpui_0/u_ifu_subsys/\g_tage.u_tage  | g_tab[0].tg_u_reg           | User Attribute | 64 x 7               | RAM64M x 6     | 
|Core_cpui_0/u_ifu_subsys/\g_tage.u_tage  | g_tab[3].tg_u_reg           | User Attribute | 64 x 7               | RAM64M x 6     | 
|Core_cpui_0/u_ifu_subsys/\g_tage.u_tage  | g_tab[0].pv_u_reg           | User Attribute | 64 x 24              | RAM64M x 16    | 
|Core_cpui_0/u_ifu_subsys/\g_tage.u_tage  | g_tab[2].pv_u_reg           | User Attribute | 64 x 24              | RAM64M x 16    | 
|Core_cpui_0/u_ifu_subsys/\g_tage.u_tage  | t0_u_reg                    | User Attribute | 64 x 8               | RAM64M x 6     | 
|Core_cpui_0/u_ifu_subsys/\g_tage.u_tage  | g_tab[2].tg_p_reg           | User Attribute | 64 x 7               | RAM64M x 6     | 
|Core_cpui_0/u_ifu_subsys/\g_tage.u_tage  | g_tab[2].pv_p_reg           | User Attribute | 64 x 24              | RAM64M x 16    | 
|Core_cpui_0/u_ifu_subsys/\g_tage.u_tage  | g_tab[1].tg_p_reg           | User Attribute | 64 x 7               | RAM64M x 6     | 
|Core_cpui_0/u_ifu_subsys/\g_tage.u_tage  | g_tab[1].pv_p_reg           | User Attribute | 64 x 24              | RAM64M x 16    | 
|Core_cpui_0/u_ifu_subsys/\g_tage.u_tage  | g_tab[0].tg_p_reg           | User Attribute | 64 x 7               | RAM64M x 6     | 
|Core_cpui_0/u_ifu_subsys/\g_tage.u_tage  | g_tab[0].pv_p_reg           | User Attribute | 64 x 24              | RAM64M x 16    | 
|Core_cpui_0/u_ifu_subsys/\g_tage.u_tage  | g_tab[3].tg_p_reg           | User Attribute | 64 x 7               | RAM64M x 6     | 
|Core_cpui_0/u_ifu_subsys/\g_tage.u_tage  | g_tab[3].pv_p_reg           | User Attribute | 64 x 24              | RAM64M x 16    | 
|Core_cpui_0/u_ifu_subsys/\g_tage.u_tage  | t0_p_reg                    | User Attribute | 64 x 8               | RAM64M x 6     | 
|Core_cpui_0/u_ifu_subsys/\g_tage.u_tage  | use_sel_q_reg               | Implied        | 64 x 4               | RAM64M x 4     | 
|Core_cpui_0/u_ifu_subsys/\g_tage.u_tage  | usel_sgn_p_reg              | Implied        | 64 x 1               | RAM64M x 2     | 
|Core_cpui_0/u_ifu_subsys/u_icache        | u_tag_way0/u_prim/mem_q_reg | Implied        | 32 x 24              | RAM32M x 4     | 
|Core_cpui_0/u_ifu_subsys/u_icache        | u_tag_way1/u_prim/mem_q_reg | Implied        | 32 x 24              | RAM32M x 4     | 
|Core_cpui_0/u_ifu_subsys/u_btb           | tag_q_reg                   | Implied        | 64 x 7               | RAM64M x 6     | 
|Core_cpui_0/u_ifu_subsys/u_btb           | dat_q_reg                   | Implied        | 64 x 64              | RAM64X1D x 64  | 
+-----------------------------------------+-----------------------------+----------------+----------------------+----------------+

Note: The table above is a preliminary report that shows the Distributed RAMs at the current stage of the synthesis flow. Some Distributed RAMs may be reimplemented as non Distributed RAM primitives later in the synthesis flow. Multiple instantiated RAMs are reported only once.
---------------------------------------------------------------------------------
Finished ROM, RAM, DSP, Shift Register and Retiming Reporting
---------------------------------------------------------------------------------
---------------------------------------------------------------------------------
Start Applying XDC Timing Constraints
---------------------------------------------------------------------------------
---------------------------------------------------------------------------------
Finished Applying XDC Timing Constraints : Time (s): cpu = 00:01:27 ; elapsed = 00:01:29 . Memory (MB): peak = 2793.055 ; gain = 991.215 ; free physical = 71736 ; free virtual = 953369
---------------------------------------------------------------------------------
---------------------------------------------------------------------------------
Start Timing Optimization
---------------------------------------------------------------------------------
---------------------------------------------------------------------------------
Finished Timing Optimization : Time (s): cpu = 00:02:03 ; elapsed = 00:02:05 . Memory (MB): peak = 2935.051 ; gain = 1133.211 ; free physical = 73790 ; free virtual = 955384
---------------------------------------------------------------------------------
---------------------------------------------------------------------------------
Start ROM, RAM, DSP, Shift Register and Retiming Reporting
---------------------------------------------------------------------------------

Block RAM: Final Mapping Report
+----------------------------------+-----------------------------+------------------------+---+---+------------------------+---+---+------------------+--------+--------+
|Module Name                       | RTL Object                  | PORT A (Depth x Width) | W | R | PORT B (Depth x Width) | W | R | Ports driving FF | RAMB18 | RAMB36 | 
+----------------------------------+-----------------------------+------------------------+---+---+------------------------+---+---+------------------+--------+--------+
|Core_cpui_0/u_ifu_subsys/u_icache | u_dat_way0/u_prim/mem_q_reg | 32 x 128(READ_FIRST)   | W |   | 32 x 128(WRITE_FIRST)  |   | R | Port A and B     | 0      | 2      | 
|Core_cpui_0/u_ifu_subsys/u_icache | u_dat_way1/u_prim/mem_q_reg | 32 x 128(READ_FIRST)   | W |   | 32 x 128(WRITE_FIRST)  |   | R | Port A and B     | 0      | 2      | 
|top_fmax                          | Mem_DRAM/u_prim/mem_reg     | 16 K x 32(READ_FIRST)  | W |   | 16 K x 32(WRITE_FIRST) |   | R | Port A and B     | 0      | 16     | 
+----------------------------------+-----------------------------+------------------------+---+---+------------------------+---+---+------------------+--------+--------+


Distributed RAM: Final Mapping Report
+-----------------------------------------+-----------------------------+----------------+----------------------+----------------+
|Module Name                              | RTL Object                  | Inference      | Size (Depth x Width) | Primitives     | 
+-----------------------------------------+-----------------------------+----------------+----------------------+----------------+
|Core_cpui_0/u_ifu_subsys/\g_tage.u_tage  | g_tab[2].tg_u_reg           | User Attribute | 64 x 7               | RAM64M x 6     | 
|Core_cpui_0/u_ifu_subsys/\g_tage.u_tage  | g_tab[1].tg_u_reg           | User Attribute | 64 x 7               | RAM64M x 6     | 
|Core_cpui_0/u_ifu_subsys/\g_tage.u_tage  | g_tab[1].pv_u_reg           | User Attribute | 64 x 24              | RAM64M x 16    | 
|Core_cpui_0/u_ifu_subsys/\g_tage.u_tage  | g_tab[3].pv_u_reg           | User Attribute | 64 x 24              | RAM64M x 16    | 
|Core_cpui_0/u_ifu_subsys/\g_tage.u_tage  | g_tab[0].tg_u_reg           | User Attribute | 64 x 7               | RAM64M x 6     | 
|Core_cpui_0/u_ifu_subsys/\g_tage.u_tage  | g_tab[3].tg_u_reg           | User Attribute | 64 x 7               | RAM64M x 6     | 
|Core_cpui_0/u_ifu_subsys/\g_tage.u_tage  | g_tab[0].pv_u_reg           | User Attribute | 64 x 24              | RAM64M x 16    | 
|Core_cpui_0/u_ifu_subsys/\g_tage.u_tage  | g_tab[2].pv_u_reg           | User Attribute | 64 x 24              | RAM64M x 16    | 
|Core_cpui_0/u_ifu_subsys/\g_tage.u_tage  | t0_u_reg                    | User Attribute | 64 x 8               | RAM64M x 6     | 
|Core_cpui_0/u_ifu_subsys/\g_tage.u_tage  | g_tab[2].tg_p_reg           | User Attribute | 64 x 7               | RAM64M x 6     | 
|Core_cpui_0/u_ifu_subsys/\g_tage.u_tage  | g_tab[2].pv_p_reg           | User Attribute | 64 x 24              | RAM64M x 16    | 
|Core_cpui_0/u_ifu_subsys/\g_tage.u_tage  | g_tab[1].tg_p_reg           | User Attribute | 64 x 7               | RAM64M x 6     | 
|Core_cpui_0/u_ifu_subsys/\g_tage.u_tage  | g_tab[1].pv_p_reg           | User Attribute | 64 x 24              | RAM64M x 16    | 
|Core_cpui_0/u_ifu_subsys/\g_tage.u_tage  | g_tab[0].tg_p_reg           | User Attribute | 64 x 7               | RAM64M x 6     | 
|Core_cpui_0/u_ifu_subsys/\g_tage.u_tage  | g_tab[0].pv_p_reg           | User Attribute | 64 x 24              | RAM64M x 16    | 
|Core_cpui_0/u_ifu_subsys/\g_tage.u_tage  | g_tab[3].tg_p_reg           | User Attribute | 64 x 7               | RAM64M x 6     | 
|Core_cpui_0/u_ifu_subsys/\g_tage.u_tage  | g_tab[3].pv_p_reg           | User Attribute | 64 x 24              | RAM64M x 16    | 
|Core_cpui_0/u_ifu_subsys/\g_tage.u_tage  | t0_p_reg                    | User Attribute | 64 x 8               | RAM64M x 6     | 
|Core_cpui_0/u_ifu_subsys/\g_tage.u_tage  | use_sel_q_reg               | Implied        | 64 x 4               | RAM64M x 4     | 
|Core_cpui_0/u_ifu_subsys/\g_tage.u_tage  | usel_sgn_p_reg              | Implied        | 64 x 1               | RAM64M x 2     | 
|Core_cpui_0/u_ifu_subsys/u_icache        | u_tag_way0/u_prim/mem_q_reg | Implied        | 32 x 24              | RAM32M x 4     | 
|Core_cpui_0/u_ifu_subsys/u_icache        | u_tag_way1/u_prim/mem_q_reg | Implied        | 32 x 24              | RAM32M x 4     | 
|Core_cpui_0/u_ifu_subsys/u_btb           | tag_q_reg                   | Implied        | 64 x 7               | RAM64M x 6     | 
|Core_cpui_0/u_ifu_subsys/u_btb           | dat_q_reg                   | Implied        | 64 x 64              | RAM64X1D x 64  | 
+-----------------------------------------+-----------------------------+----------------+----------------------+----------------+

---------------------------------------------------------------------------------
Finished ROM, RAM, DSP, Shift Register and Retiming Reporting
---------------------------------------------------------------------------------
---------------------------------------------------------------------------------
Start Technology Mapping
---------------------------------------------------------------------------------
INFO: [Synth 8-7052] The timing for the instance u_soc/Core_cpu/u_ifu_subsys/u_icache/u_dat_way0/u_prim/mem_q_reg_0 (implemented as a Block RAM) might be sub-optimal as no optional output register could be merged into the ram block. Providing additional output register may help in improving timing.
INFO: [Synth 8-7052] The timing for the instance u_soc/Core_cpu/u_ifu_subsys/u_icache/u_dat_way0/u_prim/mem_q_reg_1 (implemented as a Block RAM) might be sub-optimal as no optional output register could be merged into the ram block. Providing additional output register may help in improving timing.
INFO: [Synth 8-7052] The timing for the instance u_soc/Core_cpu/u_ifu_subsys/u_icache/u_dat_way1/u_prim/mem_q_reg_0 (implemented as a Block RAM) might be sub-optimal as no optional output register could be merged into the ram block. Providing additional output register may help in improving timing.
INFO: [Synth 8-7052] The timing for the instance u_soc/Core_cpu/u_ifu_subsys/u_icache/u_dat_way1/u_prim/mem_q_reg_1 (implemented as a Block RAM) might be sub-optimal as no optional output register could be merged into the ram block. Providing additional output register may help in improving timing.
INFO: [Synth 8-7052] The timing for the instance u_soc/Core_cpu/u_ifu_biu_mem/u_rom/u_prim/rd_q_reg_0 (implemented as a Block RAM) might be sub-optimal as no optional output register could be merged into the ram block. Providing additional output register may help in improving timing.
INFO: [Synth 8-7052] The timing for the instance u_soc/Core_cpu/u_ifu_biu_mem/u_rom/u_prim/rd_q_reg_1 (implemented as a Block RAM) might be sub-optimal as no optional output register could be merged into the ram block. Providing additional output register may help in improving timing.
INFO: [Synth 8-7052] The timing for the instance u_soc/Core_cpu/u_ifu_biu_mem/u_rom/u_prim/rd_q_reg_2 (implemented as a Block RAM) might be sub-optimal as no optional output register could be merged into the ram block. Providing additional output register may help in improving timing.
INFO: [Synth 8-7052] The timing for the instance u_soc/Core_cpu/u_ifu_biu_mem/u_rom/u_prim/rd_q_reg_3 (implemented as a Block RAM) might be sub-optimal as no optional output register could be merged into the ram block. Providing additional output register may help in improving timing.
INFO: [Synth 8-7052] The timing for the instance u_soc/Core_cpu/u_ifu_biu_mem/u_rom/u_prim/rd_q_reg_4 (implemented as a Block RAM) might be sub-optimal as no optional output register could be merged into the ram block. Providing additional output register may help in improving timing.
INFO: [Synth 8-7052] The timing for the instance u_soc/Core_cpu/u_ifu_biu_mem/u_rom/u_prim/rd_q_reg_5 (implemented as a Block RAM) might be sub-optimal as no optional output register could be merged into the ram block. Providing additional output register may help in improving timing.
INFO: [Synth 8-7052] The timing for the instance u_soc/Core_cpu/u_ifu_biu_mem/u_rom/u_prim/rd_q_reg_6 (implemented as a Block RAM) might be sub-optimal as no optional output register could be merged into the ram block. Providing additional output register may help in improving timing.
INFO: [Synth 8-7052] The timing for the instance u_soc/Core_cpu/u_ifu_biu_mem/u_rom/u_prim/rd_q_reg_7 (implemented as a Block RAM) might be sub-optimal as no optional output register could be merged into the ram block. Providing additional output register may help in improving timing.
INFO: [Synth 8-7052] The timing for the instance u_soc/Core_cpu/u_ifu_biu_mem/u_rom/u_prim/rd_q_reg_8 (implemented as a Block RAM) might be sub-optimal as no optional output register could be merged into the ram block. Providing additional output register may help in improving timing.
INFO: [Synth 8-7052] The timing for the instance u_soc/Core_cpu/u_ifu_biu_mem/u_rom/u_prim/rd_q_reg_9 (implemented as a Block RAM) might be sub-optimal as no optional output register could be merged into the ram block. Providing additional output register may help in improving timing.
INFO: [Synth 8-7052] The timing for the instance u_soc/Core_cpu/u_ifu_biu_mem/u_rom/u_prim/rd_q_reg_10 (implemented as a Block RAM) might be sub-optimal as no optional output register could be merged into the ram block. Providing additional output register may help in improving timing.
INFO: [Synth 8-7052] The timing for the instance u_soc/Core_cpu/u_ifu_biu_mem/u_rom/u_prim/rd_q_reg_11 (implemented as a Block RAM) might be sub-optimal as no optional output register could be merged into the ram block. Providing additional output register may help in improving timing.
INFO: [Synth 8-7052] The timing for the instance u_soc/Core_cpu/u_ifu_biu_mem/u_rom/u_prim/rd_q_reg_12 (implemented as a Block RAM) might be sub-optimal as no optional output register could be merged into the ram block. Providing additional output register may help in improving timing.
INFO: [Synth 8-7052] The timing for the instance u_soc/Core_cpu/u_ifu_biu_mem/u_rom/u_prim/rd_q_reg_13 (implemented as a Block RAM) might be sub-optimal as no optional output register could be merged into the ram block. Providing additional output register may help in improving timing.
INFO: [Synth 8-7052] The timing for the instance u_soc/Core_cpu/u_ifu_biu_mem/u_rom/u_prim/rd_q_reg_14 (implemented as a Block RAM) might be sub-optimal as no optional output register could be merged into the ram block. Providing additional output register may help in improving timing.
INFO: [Synth 8-7052] The timing for the instance u_soc/Mem_DRAM/u_prim/mem_reg_0 (implemented as a Block RAM) might be sub-optimal as no optional output register could be merged into the ram block. Providing additional output register may help in improving timing.
INFO: [Synth 8-7052] The timing for the instance u_soc/Mem_DRAM/u_prim/mem_reg_1 (implemented as a Block RAM) might be sub-optimal as no optional output register could be merged into the ram block. Providing additional output register may help in improving timing.
INFO: [Synth 8-7052] The timing for the instance u_soc/Mem_DRAM/u_prim/mem_reg_2 (implemented as a Block RAM) might be sub-optimal as no optional output register could be merged into the ram block. Providing additional output register may help in improving timing.
INFO: [Synth 8-7052] The timing for the instance u_soc/Mem_DRAM/u_prim/mem_reg_3 (implemented as a Block RAM) might be sub-optimal as no optional output register could be merged into the ram block. Providing additional output register may help in improving timing.
INFO: [Synth 8-7052] The timing for the instance u_soc/Mem_DRAM/u_prim/mem_reg_4 (implemented as a Block RAM) might be sub-optimal as no optional output register could be merged into the ram block. Providing additional output register may help in improving timing.
INFO: [Synth 8-7052] The timing for the instance u_soc/Mem_DRAM/u_prim/mem_reg_5 (implemented as a Block RAM) might be sub-optimal as no optional output register could be merged into the ram block. Providing additional output register may help in improving timing.
INFO: [Synth 8-7052] The timing for the instance u_soc/Mem_DRAM/u_prim/mem_reg_6 (implemented as a Block RAM) might be sub-optimal as no optional output register could be merged into the ram block. Providing additional output register may help in improving timing.
INFO: [Synth 8-7052] The timing for the instance u_soc/Mem_DRAM/u_prim/mem_reg_7 (implemented as a Block RAM) might be sub-optimal as no optional output register could be merged into the ram block. Providing additional output register may help in improving timing.
INFO: [Synth 8-7052] The timing for the instance u_soc/Mem_DRAM/u_prim/mem_reg_8 (implemented as a Block RAM) might be sub-optimal as no optional output register could be merged into the ram block. Providing additional output register may help in improving timing.
INFO: [Synth 8-7052] The timing for the instance u_soc/Mem_DRAM/u_prim/mem_reg_9 (implemented as a Block RAM) might be sub-optimal as no optional output register could be merged into the ram block. Providing additional output register may help in improving timing.
INFO: [Synth 8-7052] The timing for the instance u_soc/Mem_DRAM/u_prim/mem_reg_10 (implemented as a Block RAM) might be sub-optimal as no optional output register could be merged into the ram block. Providing additional output register may help in improving timing.
INFO: [Synth 8-7052] The timing for the instance u_soc/Mem_DRAM/u_prim/mem_reg_11 (implemented as a Block RAM) might be sub-optimal as no optional output register could be merged into the ram block. Providing additional output register may help in improving timing.
INFO: [Synth 8-7052] The timing for the instance u_soc/Mem_DRAM/u_prim/mem_reg_12 (implemented as a Block RAM) might be sub-optimal as no optional output register could be merged into the ram block. Providing additional output register may help in improving timing.
INFO: [Synth 8-7052] The timing for the instance u_soc/Mem_DRAM/u_prim/mem_reg_13 (implemented as a Block RAM) might be sub-optimal as no optional output register could be merged into the ram block. Providing additional output register may help in improving timing.
INFO: [Synth 8-7052] The timing for the instance u_soc/Mem_DRAM/u_prim/mem_reg_14 (implemented as a Block RAM) might be sub-optimal as no optional output register could be merged into the ram block. Providing additional output register may help in improving timing.
INFO: [Synth 8-7052] The timing for the instance u_soc/Mem_DRAM/u_prim/mem_reg_15 (implemented as a Block RAM) might be sub-optimal as no optional output register could be merged into the ram block. Providing additional output register may help in improving timing.
---------------------------------------------------------------------------------
Finished Technology Mapping : Time (s): cpu = 00:02:09 ; elapsed = 00:02:12 . Memory (MB): peak = 2935.055 ; gain = 1133.215 ; free physical = 75311 ; free virtual = 956905
---------------------------------------------------------------------------------
---------------------------------------------------------------------------------
Start IO Insertion
---------------------------------------------------------------------------------
---------------------------------------------------------------------------------
Start Flattening Before IO Insertion
---------------------------------------------------------------------------------
---------------------------------------------------------------------------------
Finished Flattening Before IO Insertion
---------------------------------------------------------------------------------
---------------------------------------------------------------------------------
Start Final Netlist Cleanup
---------------------------------------------------------------------------------
---------------------------------------------------------------------------------
Finished Final Netlist Cleanup
---------------------------------------------------------------------------------
---------------------------------------------------------------------------------
Finished IO Insertion : Time (s): cpu = 00:02:13 ; elapsed = 00:02:16 . Memory (MB): peak = 2935.055 ; gain = 1133.215 ; free physical = 74936 ; free virtual = 956513
---------------------------------------------------------------------------------
---------------------------------------------------------------------------------
Start Renaming Generated Instances
---------------------------------------------------------------------------------
---------------------------------------------------------------------------------
Finished Renaming Generated Instances : Time (s): cpu = 00:02:13 ; elapsed = 00:02:16 . Memory (MB): peak = 2935.055 ; gain = 1133.215 ; free physical = 74928 ; free virtual = 956500
---------------------------------------------------------------------------------
---------------------------------------------------------------------------------
Start Rebuilding User Hierarchy
---------------------------------------------------------------------------------
---------------------------------------------------------------------------------
Finished Rebuilding User Hierarchy : Time (s): cpu = 00:02:14 ; elapsed = 00:02:17 . Memory (MB): peak = 2935.055 ; gain = 1133.215 ; free physical = 74771 ; free virtual = 956343
---------------------------------------------------------------------------------
---------------------------------------------------------------------------------
Start Renaming Generated Ports
---------------------------------------------------------------------------------
---------------------------------------------------------------------------------
Finished Renaming Generated Ports : Time (s): cpu = 00:02:15 ; elapsed = 00:02:17 . Memory (MB): peak = 2935.055 ; gain = 1133.215 ; free physical = 74767 ; free virtual = 956340
---------------------------------------------------------------------------------
---------------------------------------------------------------------------------
Start Handling Custom Attributes
---------------------------------------------------------------------------------
---------------------------------------------------------------------------------
Finished Handling Custom Attributes : Time (s): cpu = 00:02:15 ; elapsed = 00:02:18 . Memory (MB): peak = 2935.055 ; gain = 1133.215 ; free physical = 74647 ; free virtual = 956219
---------------------------------------------------------------------------------
---------------------------------------------------------------------------------
Start Renaming Generated Nets
---------------------------------------------------------------------------------
---------------------------------------------------------------------------------
Finished Renaming Generated Nets : Time (s): cpu = 00:02:15 ; elapsed = 00:02:18 . Memory (MB): peak = 2935.055 ; gain = 1133.215 ; free physical = 74638 ; free virtual = 956210
---------------------------------------------------------------------------------
---------------------------------------------------------------------------------
Start Writing Synthesis Report
---------------------------------------------------------------------------------

Report BlackBoxes: 
+-+--------------+----------+
| |BlackBox name |Instances |
+-+--------------+----------+
+-+--------------+----------+

Report Cell Usage: 
+------+---------+------+
|      |Cell     |Count |
+------+---------+------+
|1     |BUFG     |     1|
|2     |CARRY4   |   251|
|3     |LUT1     |   121|
|4     |LUT2     |   696|
|5     |LUT3     |  1679|
|6     |LUT4     |  1567|
|7     |LUT5     |  2652|
|8     |LUT6     |  5368|
|9     |MUXF7    |   607|
|10    |MUXF8    |   128|
|11    |RAM32M   |     8|
|12    |RAM64M   |   183|
|13    |RAM64X1D |    76|
|14    |RAMB18E1 |     1|
|15    |RAMB36E1 |    34|
|46    |FDCE     |  1865|
|47    |FDPE     |    20|
|48    |FDRE     |  2818|
|49    |FDSE     |     3|
|50    |IBUF     |     2|
|51    |OBUF     |    71|
+------+---------+------+
---------------------------------------------------------------------------------
Finished Writing Synthesis Report : Time (s): cpu = 00:02:15 ; elapsed = 00:02:18 . Memory (MB): peak = 2935.055 ; gain = 1133.215 ; free physical = 74631 ; free virtual = 956203
---------------------------------------------------------------------------------
Synthesis finished with 0 errors, 0 critical warnings and 1 warnings.
Synthesis Optimization Runtime : Time (s): cpu = 00:02:11 ; elapsed = 00:02:15 . Memory (MB): peak = 2935.055 ; gain = 954.809 ; free physical = 74602 ; free virtual = 956175
Synthesis Optimization Complete : Time (s): cpu = 00:02:15 ; elapsed = 00:02:18 . Memory (MB): peak = 2935.059 ; gain = 1133.215 ; free physical = 74602 ; free virtual = 956174
INFO: [Project 1-571] Translating synthesized netlist
Netlist sorting complete. Time (s): cpu = 00:00:00.1 ; elapsed = 00:00:00.1 . Memory (MB): peak = 2935.059 ; gain = 0.000 ; free physical = 74774 ; free virtual = 956346
INFO: [Netlist 29-17] Analyzing 1288 Unisim elements for replacement
INFO: [Netlist 29-28] Unisim Transformation completed in 0 CPU seconds
INFO: [Project 1-570] Preparing netlist for logic optimization
INFO: [Opt 31-138] Pushed 0 inverter(s) to 0 load pin(s).
Netlist sorting complete. Time (s): cpu = 00:00:00 ; elapsed = 00:00:00 . Memory (MB): peak = 2996.105 ; gain = 0.000 ; free physical = 74683 ; free virtual = 956256
INFO: [Project 1-111] Unisim Transformation Summary:
  A total of 267 instances were transformed.
  RAM32M => RAM32M (RAMD32(x6), RAMS32(x2)): 8 instances
  RAM64M => RAM64M (RAMD64E(x4)): 183 instances
  RAM64X1D => RAM64X1D (RAMD64E(x2)): 76 instances

Synth Design complete | Checksum: e8f4c6c4
INFO: [Common 17-83] Releasing license: Synthesis
142 Infos, 112 Warnings, 0 Critical Warnings and 0 Errors encountered.
synth_design completed successfully
synth_design: Time (s): cpu = 00:02:23 ; elapsed = 00:02:24 . Memory (MB): peak = 2996.105 ; gain = 1508.551 ; free physical = 74630 ; free virtual = 956203
INFO: [Common 17-2834] synth_design peak Physical Memory [PSS] (MB): overall = 2130.243; main = 1837.758; forked = 292.489
INFO: [Common 17-2834] synth_design peak Virtual Memory [VSS] (MB): overall = 4251.203; main = 2996.109; forked = 1316.148
Write ShapeDB Complete: Time (s): cpu = 00:00:00.03 ; elapsed = 00:00:00.02 . Memory (MB): peak = 3032.738 ; gain = 0.000 ; free physical = 74629 ; free virtual = 956203
INFO: [Common 17-1381] The checkpoint '/tmp/rtlz/synth/vivado/fmax_impl_6.5ns_ndhi/fmax_impl_6.5ns_ndhi.runs/synth_1/top_fmax.dcp' has been generated.
INFO: [runtcl-4] Executing : report_utilization -file top_fmax_utilization_synth.rpt -pb top_fmax_utilization_synth.pb
INFO: [Common 17-206] Exiting Vivado at Tue Sep 29 03:16:21 2026...
[Tue Sep 29 03:16:32 2026] synth_1 finished
wait_on_runs: Time (s): cpu = 00:02:35 ; elapsed = 00:02:45 . Memory (MB): peak = 1507.977 ; gain = 0.000 ; free physical = 75803 ; free virtual = 957354
# if {[get_property PROGRESS [get_runs synth_1]] ne "100%"} {
#     error "synth_1 FAILED: [get_property STATUS [get_runs synth_1]]"
# }
# if {$MODE eq "impl"} {
#     launch_runs impl_1 -jobs 8
#     wait_on_run impl_1
#     if {[get_property PROGRESS [get_runs impl_1]] ne "100%"} {
#         error "impl_1 FAILED: [get_property STATUS [get_runs impl_1]]"
#     }
#     open_run impl_1
# } else {
#     open_run synth_1
# }
[Tue Sep 29 03:16:32 2026] Launched impl_1...
Run output will be captured here: /tmp/rtlz/synth/vivado/fmax_impl_6.5ns_ndhi/fmax_impl_6.5ns_ndhi.runs/impl_1/runme.log
[Tue Sep 29 03:16:32 2026] Waiting for impl_1 to finish...

*** Running vivado
    with args -log top_fmax.vdi -applog -m64 -product Vivado -messageDb vivado.pb -mode batch -source top_fmax.tcl -notrace


****** Vivado v2023.2 (64-bit)
  **** SW Build 4029153 on Fri Oct 13 20:13:54 MDT 2023
  **** IP Build 4028589 on Sat Oct 14 00:45:43 MDT 2023
  **** SharedData Build 4025554 on Tue Oct 10 17:18:54 MDT 2023
    ** Copyright 1986-2022 Xilinx, Inc. All Rights Reserved.
    ** Copyright 2022-2023 Advanced Micro Devices, Inc. All Rights Reserved.

source top_fmax.tcl -notrace
Command: link_design -top top_fmax -part xc7k325tffg900-2
Design is defaulting to srcset: sources_1
Design is defaulting to constrset: constrs_1
INFO: [Device 21-403] Loading part xc7k325tffg900-2
Netlist sorting complete. Time (s): cpu = 00:00:00.06 ; elapsed = 00:00:00.06 . Memory (MB): peak = 1796.055 ; gain = 0.000 ; free physical = 74337 ; free virtual = 955893
INFO: [Netlist 29-17] Analyzing 1288 Unisim elements for replacement
INFO: [Netlist 29-28] Unisim Transformation completed in 0 CPU seconds
INFO: [Project 1-479] Netlist was created with Vivado 2023.2
INFO: [Project 1-570] Preparing netlist for logic optimization
Parsing XDC File [/tmp/rtlz/synth/vivado/fmax_impl_6.5ns_ndhi/fmax_gen.xdc]
Finished Parsing XDC File [/tmp/rtlz/synth/vivado/fmax_impl_6.5ns_ndhi/fmax_gen.xdc]
INFO: [Opt 31-138] Pushed 0 inverter(s) to 0 load pin(s).
Netlist sorting complete. Time (s): cpu = 00:00:00 ; elapsed = 00:00:00 . Memory (MB): peak = 2009.809 ; gain = 0.000 ; free physical = 73835 ; free virtual = 955391
INFO: [Project 1-111] Unisim Transformation Summary:
  A total of 267 instances were transformed.
  RAM32M => RAM32M (RAMD32(x6), RAMS32(x2)): 8 instances
  RAM64M => RAM64M (RAMD64E(x4)): 183 instances
  RAM64X1D => RAM64X1D (RAMD64E(x2)): 76 instances

7 Infos, 0 Warnings, 0 Critical Warnings and 0 Errors encountered.
link_design completed successfully
link_design: Time (s): cpu = 00:00:06 ; elapsed = 00:00:06 . Memory (MB): peak = 2009.809 ; gain = 520.812 ; free physical = 73820 ; free virtual = 955376
Command: opt_design
Attempting to get a license for feature 'Implementation' and/or device 'xc7k325t'
INFO: [Common 17-349] Got license for feature 'Implementation' and/or device 'xc7k325t'
Running DRC as a precondition to command opt_design

Starting DRC Task
INFO: [DRC 23-27] Running DRC with 8 threads
INFO: [Project 1-461] DRC finished with 0 Errors
INFO: [Project 1-462] Please refer to the DRC report (report_drc) for more information.

Time (s): cpu = 00:00:01 ; elapsed = 00:00:00.69 . Memory (MB): peak = 2143.488 ; gain = 121.469 ; free physical = 73704 ; free virtual = 955260

Starting Cache Timing Information Task
INFO: [Timing 38-35] Done setting XDC timing constraints.
Ending Cache Timing Information Task | Checksum: 1e04f7f72

Time (s): cpu = 00:00:08 ; elapsed = 00:00:07 . Memory (MB): peak = 2686.492 ; gain = 543.004 ; free physical = 72787 ; free virtual = 954364

Starting Logic Optimization Task

Phase 1 Initialization

Phase 1.1 Core Generation And Design Setup
Phase 1.1 Core Generation And Design Setup | Checksum: 1e04f7f72

Time (s): cpu = 00:00:00 ; elapsed = 00:00:00 . Memory (MB): peak = 2992.328 ; gain = 0.004 ; free physical = 72500 ; free virtual = 954059

Phase 1.2 Setup Constraints And Sort Netlist
Phase 1.2 Setup Constraints And Sort Netlist | Checksum: 1e04f7f72

Time (s): cpu = 00:00:00 ; elapsed = 00:00:00.01 . Memory (MB): peak = 2992.328 ; gain = 0.004 ; free physical = 72500 ; free virtual = 954059
Phase 1 Initialization | Checksum: 1e04f7f72

Time (s): cpu = 00:00:00.01 ; elapsed = 00:00:00.01 . Memory (MB): peak = 2992.328 ; gain = 0.004 ; free physical = 72500 ; free virtual = 954059

Phase 2 Timer Update And Timing Data Collection

Phase 2.1 Timer Update
Phase 2.1 Timer Update | Checksum: 1e04f7f72

Time (s): cpu = 00:00:00.79 ; elapsed = 00:00:00.17 . Memory (MB): peak = 2992.328 ; gain = 0.004 ; free physical = 72501 ; free virtual = 954059

Phase 2.2 Timing Data Collection
Phase 2.2 Timing Data Collection | Checksum: 1e04f7f72

Time (s): cpu = 00:00:00.8 ; elapsed = 00:00:00.19 . Memory (MB): peak = 2992.328 ; gain = 0.004 ; free physical = 72501 ; free virtual = 954059
Phase 2 Timer Update And Timing Data Collection | Checksum: 1e04f7f72

Time (s): cpu = 00:00:00.8 ; elapsed = 00:00:00.19 . Memory (MB): peak = 2992.328 ; gain = 0.004 ; free physical = 72501 ; free virtual = 954059

Phase 3 Retarget
INFO: [Opt 31-138] Pushed 0 inverter(s) to 0 load pin(s).
INFO: [Opt 31-49] Retargeted 0 cell(s).
Phase 3 Retarget | Checksum: 1734dea07

Time (s): cpu = 00:00:00.97 ; elapsed = 00:00:00.34 . Memory (MB): peak = 2992.328 ; gain = 0.004 ; free physical = 72500 ; free virtual = 954059
Retarget | Checksum: 1734dea07
INFO: [Opt 31-389] Phase Retarget created 8 cells and removed 10 cells

Phase 4 Constant propagation
INFO: [Opt 31-138] Pushed 0 inverter(s) to 0 load pin(s).
Phase 4 Constant propagation | Checksum: 13656a7e8

Time (s): cpu = 00:00:01 ; elapsed = 00:00:00.43 . Memory (MB): peak = 2992.328 ; gain = 0.004 ; free physical = 72500 ; free virtual = 954059
Constant propagation | Checksum: 13656a7e8
INFO: [Opt 31-389] Phase Constant propagation created 0 cells and removed 0 cells

Phase 5 Sweep
Phase 5 Sweep | Checksum: 1e14e168f

Time (s): cpu = 00:00:01 ; elapsed = 00:00:00.55 . Memory (MB): peak = 2992.328 ; gain = 0.004 ; free physical = 72500 ; free virtual = 954059
Sweep | Checksum: 1e14e168f
INFO: [Opt 31-389] Phase Sweep created 37 cells and removed 0 cells

Phase 6 BUFG optimization
Phase 6 BUFG optimization | Checksum: 1e14e168f

Time (s): cpu = 00:00:01 ; elapsed = 00:00:00.62 . Memory (MB): peak = 3041.168 ; gain = 48.844 ; free physical = 72500 ; free virtual = 954059
BUFG optimization | Checksum: 1e14e168f
INFO: [Opt 31-662] Phase BUFG optimization created 0 cells of which 0 are BUFGs and removed 0 cells.

Phase 7 Shift Register Optimization
INFO: [Opt 31-1064] SRL Remap converted 0 SRLs to 0 registers and converted 0 registers of register chains to 0 SRLs
Phase 7 Shift Register Optimization | Checksum: 1e14e168f

Time (s): cpu = 00:00:01 ; elapsed = 00:00:00.63 . Memory (MB): peak = 3041.168 ; gain = 48.844 ; free physical = 72500 ; free virtual = 954059
Shift Register Optimization | Checksum: 1e14e168f
INFO: [Opt 31-389] Phase Shift Register Optimization created 0 cells and removed 0 cells

Phase 8 Post Processing Netlist
Phase 8 Post Processing Netlist | Checksum: 14b7bc683

Time (s): cpu = 00:00:01 ; elapsed = 00:00:00.66 . Memory (MB): peak = 3041.168 ; gain = 48.844 ; free physical = 72498 ; free virtual = 954057
Post Processing Netlist | Checksum: 14b7bc683
INFO: [Opt 31-389] Phase Post Processing Netlist created 0 cells and removed 0 cells

Phase 9 Finalization

Phase 9.1 Finalizing Design Cores and Updating Shapes
Phase 9.1 Finalizing Design Cores and Updating Shapes | Checksum: def3d86f

Time (s): cpu = 00:00:01 ; elapsed = 00:00:00.74 . Memory (MB): peak = 3041.168 ; gain = 48.844 ; free physical = 72498 ; free virtual = 954057

Phase 9.2 Verifying Netlist Connectivity

Starting Connectivity Check Task

Time (s): cpu = 00:00:00.02 ; elapsed = 00:00:00.01 . Memory (MB): peak = 3041.168 ; gain = 0.000 ; free physical = 72498 ; free virtual = 954057
Phase 9.2 Verifying Netlist Connectivity | Checksum: def3d86f

Time (s): cpu = 00:00:02 ; elapsed = 00:00:00.77 . Memory (MB): peak = 3041.168 ; gain = 48.844 ; free physical = 72498 ; free virtual = 954057
Phase 9 Finalization | Checksum: def3d86f

Time (s): cpu = 00:00:02 ; elapsed = 00:00:00.77 . Memory (MB): peak = 3041.168 ; gain = 48.844 ; free physical = 72498 ; free virtual = 954057
Opt_design Change Summary
=========================


-------------------------------------------------------------------------------------------------------------------------
|  Phase                        |  #Cells created  |  #Cells Removed  |  #Constrained objects preventing optimizations  |
-------------------------------------------------------------------------------------------------------------------------
|  Retarget                     |               8  |              10  |                                              0  |
|  Constant propagation         |               0  |               0  |                                              0  |
|  Sweep                        |              37  |               0  |                                              0  |
|  BUFG optimization            |               0  |               0  |                                              0  |
|  Shift Register Optimization  |               0  |               0  |                                              0  |
|  Post Processing Netlist      |               0  |               0  |                                              0  |
-------------------------------------------------------------------------------------------------------------------------


Ending Logic Optimization Task | Checksum: def3d86f

Time (s): cpu = 00:00:02 ; elapsed = 00:00:00.77 . Memory (MB): peak = 3041.168 ; gain = 48.844 ; free physical = 72498 ; free virtual = 954057
INFO: [Constraints 18-11670] Building netlist checker database with flags, 0x8
Done building netlist checker database: Time (s): cpu = 00:00:00 ; elapsed = 00:00:00.01 . Memory (MB): peak = 3041.168 ; gain = 0.000 ; free physical = 72498 ; free virtual = 954057

Starting Power Optimization Task
INFO: [Pwropt 34-132] Skipping clock gating for clocks with a period < 2.00 ns.
INFO: [Timing 38-35] Done setting XDC timing constraints.
Running Vector-less Activity Propagation...
INFO: [Pwropt 34-9] Applying IDT optimizations ...
INFO: [Pwropt 34-10] Applying ODC optimizations ...

Finished Running Vector-less Activity Propagation


Starting PowerOpt Patch Enables Task
INFO: [Pwropt 34-162] WRITE_MODE attribute of 0 BRAM(s) out of a total of 35 has been updated to save power. Run report_power_opt to get a complete listing of the BRAMs updated.
INFO: [Pwropt 34-201] Structural ODC has moved 0 WE to EN ports
Number of BRAM Ports augmented: 0 newly gated: 0 Total Ports: 70
Ending PowerOpt Patch Enables Task | Checksum: def3d86f

Time (s): cpu = 00:00:00.11 ; elapsed = 00:00:00.11 . Memory (MB): peak = 3467.277 ; gain = 0.000 ; free physical = 72260 ; free virtual = 953818
Ending Power Optimization Task | Checksum: def3d86f

Time (s): cpu = 00:00:07 ; elapsed = 00:00:03 . Memory (MB): peak = 3467.277 ; gain = 426.109 ; free physical = 72260 ; free virtual = 953819

Starting Final Cleanup Task
Ending Final Cleanup Task | Checksum: def3d86f

Time (s): cpu = 00:00:00 ; elapsed = 00:00:00 . Memory (MB): peak = 3467.277 ; gain = 0.000 ; free physical = 72260 ; free virtual = 953819

Starting Netlist Obfuscation Task
Netlist sorting complete. Time (s): cpu = 00:00:00.01 ; elapsed = 00:00:00 . Memory (MB): peak = 3467.277 ; gain = 0.000 ; free physical = 72260 ; free virtual = 953819
Ending Netlist Obfuscation Task | Checksum: def3d86f

Time (s): cpu = 00:00:00.01 ; elapsed = 00:00:00.01 . Memory (MB): peak = 3467.277 ; gain = 0.000 ; free physical = 72260 ; free virtual = 953819
INFO: [Common 17-83] Releasing license: Implementation
30 Infos, 0 Warnings, 0 Critical Warnings and 0 Errors encountered.
opt_design completed successfully
opt_design: Time (s): cpu = 00:00:19 ; elapsed = 00:00:13 . Memory (MB): peak = 3467.277 ; gain = 1457.469 ; free physical = 72260 ; free virtual = 953819
INFO: [runtcl-4] Executing : report_drc -file top_fmax_drc_opted.rpt -pb top_fmax_drc_opted.pb -rpx top_fmax_drc_opted.rpx
Command: report_drc -file top_fmax_drc_opted.rpt -pb top_fmax_drc_opted.pb -rpx top_fmax_drc_opted.rpx
INFO: [IP_Flow 19-234] Refreshing IP repositories
INFO: [IP_Flow 19-1704] No user IP repositories specified
INFO: [IP_Flow 19-2313] Loaded Vivado IP repository '/home/st-wangjun/hv/tools/Xilinx/Vivado/2023.2/data/ip'.
INFO: [DRC 23-27] Running DRC with 8 threads
INFO: [Vivado_Tcl 2-168] The results of DRC are in file /tmp/rtlz/synth/vivado/fmax_impl_6.5ns_ndhi/fmax_impl_6.5ns_ndhi.runs/impl_1/top_fmax_drc_opted.rpt.
report_drc completed successfully
INFO: [Timing 38-480] Writing timing data to binary archive.
Write ShapeDB Complete: Time (s): cpu = 00:00:00.05 ; elapsed = 00:00:00.01 . Memory (MB): peak = 3528.332 ; gain = 0.000 ; free physical = 72230 ; free virtual = 953790
INFO: [Common 17-1381] The checkpoint '/tmp/rtlz/synth/vivado/fmax_impl_6.5ns_ndhi/fmax_impl_6.5ns_ndhi.runs/impl_1/top_fmax_opt.dcp' has been generated.
Command: place_design -directive ExtraNetDelay_high
Attempting to get a license for feature 'Implementation' and/or device 'xc7k325t'
INFO: [Common 17-349] Got license for feature 'Implementation' and/or device 'xc7k325t'
INFO: [Common 17-83] Releasing license: Implementation
INFO: [DRC 23-27] Running DRC with 8 threads
INFO: [Vivado_Tcl 4-198] DRC finished with 0 Errors
INFO: [Vivado_Tcl 4-199] Please refer to the DRC report (report_drc) for more information.
Running DRC as a precondition to command place_design
INFO: [DRC 23-27] Running DRC with 8 threads
INFO: [Vivado_Tcl 4-198] DRC finished with 0 Errors, 21 Warnings
INFO: [Vivado_Tcl 4-199] Please refer to the DRC report (report_drc) for more information.
INFO: [Place 46-5] The placer was invoked with the 'ExtraNetDelay_high' directive.
INFO: [Place 30-611] Multithreading enabled for place_design using a maximum of 8 CPUs

Starting Placer Task

Phase 1 Placer Initialization

Phase 1.1 Placer Initialization Netlist Sorting
Netlist sorting complete. Time (s): cpu = 00:00:00 ; elapsed = 00:00:00 . Memory (MB): peak = 3528.332 ; gain = 0.000 ; free physical = 72220 ; free virtual = 953782
Phase 1.1 Placer Initialization Netlist Sorting | Checksum: 04b6559a

Time (s): cpu = 00:00:00.01 ; elapsed = 00:00:00.01 . Memory (MB): peak = 3528.332 ; gain = 0.000 ; free physical = 72220 ; free virtual = 953782
Netlist sorting complete. Time (s): cpu = 00:00:00 ; elapsed = 00:00:00.01 . Memory (MB): peak = 3528.332 ; gain = 0.000 ; free physical = 72220 ; free virtual = 953782

Phase 1.2 IO Placement/ Clock Placement/ Build Placer Device
INFO: [Timing 38-35] Done setting XDC timing constraints.
Phase 1.2 IO Placement/ Clock Placement/ Build Placer Device | Checksum: 18823a50b

Time (s): cpu = 00:00:03 ; elapsed = 00:00:01 . Memory (MB): peak = 3528.332 ; gain = 0.000 ; free physical = 72216 ; free virtual = 953778

Phase 1.3 Build Placer Netlist Model
Phase 1.3 Build Placer Netlist Model | Checksum: 1a1820887

Time (s): cpu = 00:00:07 ; elapsed = 00:00:03 . Memory (MB): peak = 3528.332 ; gain = 0.000 ; free physical = 72203 ; free virtual = 953765

Phase 1.4 Constrain Clocks/Macros
Phase 1.4 Constrain Clocks/Macros | Checksum: 1a1820887

Time (s): cpu = 00:00:07 ; elapsed = 00:00:03 . Memory (MB): peak = 3528.332 ; gain = 0.000 ; free physical = 72203 ; free virtual = 953765
Phase 1 Placer Initialization | Checksum: 1a1820887

Time (s): cpu = 00:00:07 ; elapsed = 00:00:03 . Memory (MB): peak = 3528.332 ; gain = 0.000 ; free physical = 72203 ; free virtual = 953765

Phase 2 Global Placement

Phase 2.1 Floorplanning
Phase 2.1 Floorplanning | Checksum: 2536c2ce6

Time (s): cpu = 00:00:09 ; elapsed = 00:00:03 . Memory (MB): peak = 3528.332 ; gain = 0.000 ; free physical = 72195 ; free virtual = 953757

Phase 2.2 Update Timing before SLR Path Opt
Phase 2.2 Update Timing before SLR Path Opt | Checksum: 22d5ac634

Time (s): cpu = 00:00:10 ; elapsed = 00:00:04 . Memory (MB): peak = 3528.332 ; gain = 0.000 ; free physical = 72199 ; free virtual = 953760

Phase 2.3 Post-Processing in Floorplanning
Phase 2.3 Post-Processing in Floorplanning | Checksum: 22d5ac634

Time (s): cpu = 00:00:10 ; elapsed = 00:00:04 . Memory (MB): peak = 3528.332 ; gain = 0.000 ; free physical = 72202 ; free virtual = 953763

Phase 2.4 Global Placement Core

Phase 2.4.1 UpdateTiming Before Physical Synthesis
Phase 2.4.1 UpdateTiming Before Physical Synthesis | Checksum: 271866f81

Time (s): cpu = 00:00:34 ; elapsed = 00:00:12 . Memory (MB): peak = 3528.332 ; gain = 0.000 ; free physical = 72205 ; free virtual = 953766

Phase 2.4.2 Physical Synthesis In Placer
INFO: [Physopt 32-1035] Found 74 LUTNM shape to break, 678 LUT instances to create LUTNM shape
INFO: [Physopt 32-1044] Break lutnm for timing: one critical 41, two critical 33, total 74, new lutff created 3
INFO: [Physopt 32-1138] End 1 Pass. Optimized 366 nets or LUTs. Breaked 74 LUTs, combined 292 existing LUTs and moved 0 existing LUT
INFO: [Physopt 32-65] No nets found for high-fanout optimization.
INFO: [Physopt 32-232] Optimized 0 net. Created 0 new instance.
INFO: [Physopt 32-775] End 1 Pass. Optimized 0 net or cell. Created 0 new cell, deleted 0 existing cell and moved 0 existing cell
INFO: [Physopt 32-76] Pass 1. Identified 4 candidate nets for fanout optimization.
INFO: [Physopt 32-81] Processed net u_soc/Core_cpu/u_ifu_subsys/u_refill/Q[2]. Replicated 3 times.
INFO: [Physopt 32-81] Processed net u_soc/Core_cpu/u_ifu_subsys/u_refill/Q[1]. Replicated 2 times.
INFO: [Physopt 32-81] Processed net u_soc/Core_cpu/u_ifu_subsys/u_refill/Q[0]. Replicated 2 times.
INFO: [Physopt 32-81] Processed net u_soc/Core_cpu/U_EX_MEM/Q[3]. Replicated 5 times.
INFO: [Physopt 32-232] Optimized 4 nets. Created 12 new instances.
INFO: [Physopt 32-775] End 1 Pass. Optimized 4 nets or cells. Created 12 new cells, deleted 0 existing cell and moved 0 existing cell
Netlist sorting complete. Time (s): cpu = 00:00:00.03 ; elapsed = 00:00:00.03 . Memory (MB): peak = 3528.332 ; gain = 0.000 ; free physical = 72202 ; free virtual = 953764
INFO: [Physopt 32-46] Identified 6 candidate nets for critical-cell optimization.
INFO: [Physopt 32-232] Optimized 0 net. Created 0 new instance.
INFO: [Physopt 32-775] End 1 Pass. Optimized 0 net or cell. Created 0 new cell, deleted 0 existing cell and moved 0 existing cell
INFO: [Physopt 32-456] No candidate cells for DSP register optimization found in the design.
INFO: [Physopt 32-775] End 2 Pass. Optimized 0 net or cell. Created 0 new cell, deleted 0 existing cell and moved 0 existing cell
INFO: [Physopt 32-1123] No candidate cells found for Shift Register to Pipeline optimization
INFO: [Physopt 32-775] End 2 Pass. Optimized 0 net or cell. Created 0 new cell, deleted 0 existing cell and moved 0 existing cell
INFO: [Physopt 32-1401] No candidate cells found for Shift Register optimization.
INFO: [Physopt 32-677] No candidate cells for Shift Register optimization found in the design
INFO: [Physopt 32-775] End 1 Pass. Optimized 0 net or cell. Created 0 new cell, deleted 0 existing cell and moved 0 existing cell
INFO: [Physopt 32-526] No candidate cells for BRAM register optimization found in the design
INFO: [Physopt 32-775] End 1 Pass. Optimized 0 net or cell. Created 0 new cell, deleted 0 existing cell and moved 0 existing cell
INFO: [Physopt 32-846] No candidate cells for URAM register optimization found in the design
INFO: [Physopt 32-775] End 1 Pass. Optimized 0 net or cell. Created 0 new cell, deleted 0 existing cell and moved 0 existing cell
INFO: [Physopt 32-846] No candidate cells for URAM register optimization found in the design
INFO: [Physopt 32-775] End 1 Pass. Optimized 0 net or cell. Created 0 new cell, deleted 0 existing cell and moved 0 existing cell
INFO: [Physopt 32-949] No candidate nets found for dynamic/static region interface net replication
INFO: [Physopt 32-775] End 1 Pass. Optimized 0 net or cell. Created 0 new cell, deleted 0 existing cell and moved 0 existing cell
Netlist sorting complete. Time (s): cpu = 00:00:00 ; elapsed = 00:00:00.01 . Memory (MB): peak = 3528.332 ; gain = 0.000 ; free physical = 72204 ; free virtual = 953765

Summary of Physical Synthesis Optimizations
============================================


-----------------------------------------------------------------------------------------------------------------------------------------------------------
|  Optimization                                     |  Added Cells  |  Removed Cells  |  Optimized Cells/Nets  |  Dont Touch  |  Iterations  |  Elapsed   |
-----------------------------------------------------------------------------------------------------------------------------------------------------------
|  LUT Combining                                    |           74  |            292  |                   366  |           0  |           1  |  00:00:00  |
|  Retime                                           |            0  |              0  |                     0  |           0  |           1  |  00:00:00  |
|  Very High Fanout                                 |            0  |              0  |                     0  |           0  |           1  |  00:00:00  |
|  Fanout                                           |           12  |              0  |                     4  |           0  |           1  |  00:00:00  |
|  Critical Cell                                    |            0  |              0  |                     0  |           0  |           1  |  00:00:00  |
|  DSP Register                                     |            0  |              0  |                     0  |           0  |           1  |  00:00:00  |
|  Shift Register to Pipeline                       |            0  |              0  |                     0  |           0  |           1  |  00:00:00  |
|  Shift Register                                   |            0  |              0  |                     0  |           0  |           1  |  00:00:00  |
|  BRAM Register                                    |            0  |              0  |                     0  |           0  |           1  |  00:00:00  |
|  URAM Register                                    |            0  |              0  |                     0  |           0  |           1  |  00:00:00  |
|  Dynamic/Static Region Interface Net Replication  |            0  |              0  |                     0  |           0  |           1  |  00:00:00  |
|  Total                                            |           86  |            292  |                   370  |           0  |          11  |  00:00:01  |
-----------------------------------------------------------------------------------------------------------------------------------------------------------


Phase 2.4.2 Physical Synthesis In Placer | Checksum: 1f90c673b

Time (s): cpu = 00:00:37 ; elapsed = 00:00:13 . Memory (MB): peak = 3528.332 ; gain = 0.000 ; free physical = 72204 ; free virtual = 953766
Phase 2.4 Global Placement Core | Checksum: 14cff5714

Time (s): cpu = 00:00:38 ; elapsed = 00:00:14 . Memory (MB): peak = 3528.332 ; gain = 0.000 ; free physical = 72206 ; free virtual = 953768
Phase 2 Global Placement | Checksum: 14cff5714

Time (s): cpu = 00:00:38 ; elapsed = 00:00:14 . Memory (MB): peak = 3528.332 ; gain = 0.000 ; free physical = 72206 ; free virtual = 953768

Phase 3 Detail Placement

Phase 3.1 Commit Multi Column Macros
Phase 3.1 Commit Multi Column Macros | Checksum: 1a86266dc

Time (s): cpu = 00:00:40 ; elapsed = 00:00:14 . Memory (MB): peak = 3528.332 ; gain = 0.000 ; free physical = 72205 ; free virtual = 953766

Phase 3.2 Commit Most Macros & LUTRAMs
Phase 3.2 Commit Most Macros & LUTRAMs | Checksum: 1cb93b2d7

Time (s): cpu = 00:00:43 ; elapsed = 00:00:15 . Memory (MB): peak = 3528.332 ; gain = 0.000 ; free physical = 72206 ; free virtual = 953768

Phase 3.3 Area Swap Optimization
Phase 3.3 Area Swap Optimization | Checksum: 1b1466ed8

Time (s): cpu = 00:00:43 ; elapsed = 00:00:16 . Memory (MB): peak = 3528.332 ; gain = 0.000 ; free physical = 72206 ; free virtual = 953768

Phase 3.4 Pipeline Register Optimization
Phase 3.4 Pipeline Register Optimization | Checksum: 1dc72d352

Time (s): cpu = 00:00:43 ; elapsed = 00:00:16 . Memory (MB): peak = 3528.332 ; gain = 0.000 ; free physical = 72206 ; free virtual = 953768

Phase 3.5 Fast Optimization
Phase 3.5 Fast Optimization | Checksum: 19243f470

Time (s): cpu = 00:00:49 ; elapsed = 00:00:20 . Memory (MB): peak = 3528.332 ; gain = 0.000 ; free physical = 72205 ; free virtual = 953767

Phase 3.6 Small Shape Detail Placement
Phase 3.6 Small Shape Detail Placement | Checksum: 1cfcaaeeb

Time (s): cpu = 00:00:55 ; elapsed = 00:00:25 . Memory (MB): peak = 3528.332 ; gain = 0.000 ; free physical = 72209 ; free virtual = 953771

Phase 3.7 Re-assign LUT pins
Phase 3.7 Re-assign LUT pins | Checksum: 1ec4f33b8

Time (s): cpu = 00:00:56 ; elapsed = 00:00:25 . Memory (MB): peak = 3528.332 ; gain = 0.000 ; free physical = 72209 ; free virtual = 953770

Phase 3.8 Pipeline Register Optimization
Phase 3.8 Pipeline Register Optimization | Checksum: 201c4e801

Time (s): cpu = 00:00:56 ; elapsed = 00:00:25 . Memory (MB): peak = 3528.332 ; gain = 0.000 ; free physical = 72209 ; free virtual = 953770

Phase 3.9 Fast Optimization
Phase 3.9 Fast Optimization | Checksum: 2862d8888

Time (s): cpu = 00:01:03 ; elapsed = 00:00:29 . Memory (MB): peak = 3528.332 ; gain = 0.000 ; free physical = 72211 ; free virtual = 953773
Phase 3 Detail Placement | Checksum: 2862d8888

Time (s): cpu = 00:01:03 ; elapsed = 00:00:29 . Memory (MB): peak = 3528.332 ; gain = 0.000 ; free physical = 72211 ; free virtual = 953772

Phase 4 Post Placement Optimization and Clean-Up

Phase 4.1 Post Commit Optimization
INFO: [Place 46-20] Placer is running with the ExtraNetDelay_high directive. Post Placement Optimization may take longer to complete with ExtraNetDelay_high compared to other directives.
INFO: [Timing 38-35] Done setting XDC timing constraints.

Phase 4.1.1 Post Placement Optimization
Post Placement Optimization Initialization | Checksum: 263ec6dec

Phase 4.1.1.1 BUFG Insertion

Starting Physical Synthesis Task

Phase 1 Physical Synthesis Initialization
INFO: [Physopt 32-721] Multithreading enabled for phys_opt_design using a maximum of 8 CPUs
INFO: [Physopt 32-619] Estimated Timing Summary | WNS=-0.719 | TNS=-165.812 |
Phase 1 Physical Synthesis Initialization | Checksum: 2e43428f5

Time (s): cpu = 00:00:01 ; elapsed = 00:00:00.35 . Memory (MB): peak = 3528.332 ; gain = 0.000 ; free physical = 72204 ; free virtual = 953766
INFO: [Place 46-56] BUFG insertion identified 0 candidate nets. Inserted BUFG: 0, Replicated BUFG Driver: 0, Skipped due to Placement/Routing Conflicts: 0, Skipped due to Timing Degradation: 0, Skipped due to netlist editing failed: 0.
Ending Physical Synthesis Task | Checksum: 2e43428f5

Time (s): cpu = 00:00:01 ; elapsed = 00:00:00.48 . Memory (MB): peak = 3528.332 ; gain = 0.000 ; free physical = 72204 ; free virtual = 953766
Phase 4.1.1.1 BUFG Insertion | Checksum: 263ec6dec

Time (s): cpu = 00:01:10 ; elapsed = 00:00:31 . Memory (MB): peak = 3528.332 ; gain = 0.000 ; free physical = 72204 ; free virtual = 953765

Phase 4.1.1.2 Post Placement Timing Optimization
INFO: [Place 30-746] Post Placement Timing Summary WNS=0.205. For the most accurate timing information please run report_timing.
Phase 4.1.1.2 Post Placement Timing Optimization | Checksum: 169e3aae2

Time (s): cpu = 00:06:56 ; elapsed = 00:06:19 . Memory (MB): peak = 3528.332 ; gain = 0.000 ; free physical = 71511 ; free virtual = 953093

Time (s): cpu = 00:06:56 ; elapsed = 00:06:19 . Memory (MB): peak = 3528.332 ; gain = 0.000 ; free physical = 71511 ; free virtual = 953093
Phase 4.1 Post Commit Optimization | Checksum: 169e3aae2

Time (s): cpu = 00:06:56 ; elapsed = 00:06:19 . Memory (MB): peak = 3528.332 ; gain = 0.000 ; free physical = 71511 ; free virtual = 953093

Phase 4.2 Post Placement Cleanup
Phase 4.2 Post Placement Cleanup | Checksum: 169e3aae2

Time (s): cpu = 00:06:56 ; elapsed = 00:06:19 . Memory (MB): peak = 3528.332 ; gain = 0.000 ; free physical = 71510 ; free virtual = 953092

Phase 4.3 Placer Reporting

Phase 4.3.1 Print Estimated Congestion
INFO: [Place 30-612] Post-Placement Estimated Congestion 
 ____________________________________________________
|           | Global Congestion | Short Congestion  |
| Direction | Region Size       | Region Size       |
|___________|___________________|___________________|
|      North|                2x2|                4x4|
|___________|___________________|___________________|
|      South|                1x1|                2x2|
|___________|___________________|___________________|
|       East|                1x1|                2x2|
|___________|___________________|___________________|
|       West|                1x1|                1x1|
|___________|___________________|___________________|

Phase 4.3.1 Print Estimated Congestion | Checksum: 169e3aae2

Time (s): cpu = 00:06:56 ; elapsed = 00:06:19 . Memory (MB): peak = 3528.332 ; gain = 0.000 ; free physical = 71510 ; free virtual = 953092
Phase 4.3 Placer Reporting | Checksum: 169e3aae2

Time (s): cpu = 00:06:56 ; elapsed = 00:06:19 . Memory (MB): peak = 3528.332 ; gain = 0.000 ; free physical = 71510 ; free virtual = 953092

Phase 4.4 Final Placement Cleanup
Netlist sorting complete. Time (s): cpu = 00:00:00 ; elapsed = 00:00:00 . Memory (MB): peak = 3528.332 ; gain = 0.000 ; free physical = 71510 ; free virtual = 953092

Time (s): cpu = 00:06:56 ; elapsed = 00:06:19 . Memory (MB): peak = 3528.332 ; gain = 0.000 ; free physical = 71510 ; free virtual = 953092
Phase 4 Post Placement Optimization and Clean-Up | Checksum: c4a3405a

Time (s): cpu = 00:06:56 ; elapsed = 00:06:19 . Memory (MB): peak = 3528.332 ; gain = 0.000 ; free physical = 71510 ; free virtual = 953092
Ending Placer Task | Checksum: 72a63ef2

Time (s): cpu = 00:06:56 ; elapsed = 00:06:19 . Memory (MB): peak = 3528.332 ; gain = 0.000 ; free physical = 71510 ; free virtual = 953092
87 Infos, 0 Warnings, 0 Critical Warnings and 0 Errors encountered.
place_design completed successfully
place_design: Time (s): cpu = 00:06:58 ; elapsed = 00:06:20 . Memory (MB): peak = 3528.332 ; gain = 0.000 ; free physical = 71510 ; free virtual = 953092
INFO: [runtcl-4] Executing : report_io -file top_fmax_io_placed.rpt
report_io: Time (s): cpu = 00:00:00.17 ; elapsed = 00:00:00.22 . Memory (MB): peak = 3528.332 ; gain = 0.000 ; free physical = 71508 ; free virtual = 953090
INFO: [runtcl-4] Executing : report_utilization -file top_fmax_utilization_placed.rpt -pb top_fmax_utilization_placed.pb
INFO: [runtcl-4] Executing : report_control_sets -verbose -file top_fmax_control_sets_placed.rpt
report_control_sets: Time (s): cpu = 00:00:00.06 ; elapsed = 00:00:00.12 . Memory (MB): peak = 3528.332 ; gain = 0.000 ; free physical = 71508 ; free virtual = 953090
INFO: [Timing 38-480] Writing timing data to binary archive.
Write ShapeDB Complete: Time (s): cpu = 00:00:00.1 ; elapsed = 00:00:00.02 . Memory (MB): peak = 3528.332 ; gain = 0.000 ; free physical = 71507 ; free virtual = 953089
Wrote PlaceDB: Time (s): cpu = 00:00:02 ; elapsed = 00:00:00.72 . Memory (MB): peak = 3528.332 ; gain = 0.000 ; free physical = 71496 ; free virtual = 953097
Wrote PulsedLatchDB: Time (s): cpu = 00:00:00 ; elapsed = 00:00:00 . Memory (MB): peak = 3528.332 ; gain = 0.000 ; free physical = 71496 ; free virtual = 953097
Writing XDEF routing.
Writing XDEF routing logical nets.
Writing XDEF routing special nets.
Wrote RouteStorage: Time (s): cpu = 00:00:00.02 ; elapsed = 00:00:00.03 . Memory (MB): peak = 3528.332 ; gain = 0.000 ; free physical = 71496 ; free virtual = 953097
Wrote Netlist Cache: Time (s): cpu = 00:00:00.02 ; elapsed = 00:00:00.01 . Memory (MB): peak = 3528.332 ; gain = 0.000 ; free physical = 71495 ; free virtual = 953098
Wrote Device Cache: Time (s): cpu = 00:00:00 ; elapsed = 00:00:00 . Memory (MB): peak = 3528.332 ; gain = 0.000 ; free physical = 71494 ; free virtual = 953097
Write Physdb Complete: Time (s): cpu = 00:00:02 ; elapsed = 00:00:00.77 . Memory (MB): peak = 3528.332 ; gain = 0.000 ; free physical = 71494 ; free virtual = 953097
INFO: [Common 17-1381] The checkpoint '/tmp/rtlz/synth/vivado/fmax_impl_6.5ns_ndhi/fmax_impl_6.5ns_ndhi.runs/impl_1/top_fmax_placed.dcp' has been generated.
Command: phys_opt_design -directive AggressiveExplore
Attempting to get a license for feature 'Implementation' and/or device 'xc7k325t'
INFO: [Common 17-349] Got license for feature 'Implementation' and/or device 'xc7k325t'
INFO: [Vivado_Tcl 4-137] Directive used for phys_opt_design is: AggressiveExplore

Starting Initial Update Timing Task

Time (s): cpu = 00:00:04 ; elapsed = 00:00:00.95 . Memory (MB): peak = 3528.332 ; gain = 0.000 ; free physical = 71506 ; free virtual = 953093
INFO: [Vivado_Tcl 4-383] Design worst setup slack (WNS) is greater than or equal to 0.000 ns. Skipping all physical synthesis optimizations.
INFO: [Vivado_Tcl 4-1435] PhysOpt_Tcl_Interface Runtime Before Starting Physical Synthesis Task | CPU: 4.00s |  WALL: 1.07s
Netlist sorting complete. Time (s): cpu = 00:00:00 ; elapsed = 00:00:00 . Memory (MB): peak = 3528.332 ; gain = 0.000 ; free physical = 71506 ; free virtual = 953093

Starting Physical Synthesis Task

Phase 1 Physical Synthesis Initialization
INFO: [Physopt 32-721] Multithreading enabled for phys_opt_design using a maximum of 8 CPUs
INFO: [Physopt 32-619] Estimated Timing Summary | WNS=0.205 | TNS=0.000 |
Phase 1 Physical Synthesis Initialization | Checksum: 1d5e432b3

Time (s): cpu = 00:00:02 ; elapsed = 00:00:00.43 . Memory (MB): peak = 3528.332 ; gain = 0.000 ; free physical = 71505 ; free virtual = 953093

Phase 2 Hold Fix Optimization
INFO: [Physopt 32-668] Estimated Timing Summary | WNS=0.205 | TNS=0.000 | WHS=-1.198 | THS=-86.681 |
INFO: [Physopt 32-45] Identified 1 candidate net for hold slack optimization.
INFO: [Physopt 32-234] Optimized 1 net. Inserted 0 new ZHOLD_DELAYs. Calibrated 0 existing ZHOLD_DELAYs. Inserted 1 buffer.

INFO: [Physopt 32-668] Estimated Timing Summary | WNS=0.205 | TNS=0.000 | WHS=-0.306 | THS=-3.934 |
Phase 2 Hold Fix Optimization | Checksum: 1d5e432b3

Time (s): cpu = 00:00:02 ; elapsed = 00:00:00.86 . Memory (MB): peak = 3528.332 ; gain = 0.000 ; free physical = 71506 ; free virtual = 953094
Netlist sorting complete. Time (s): cpu = 00:00:00 ; elapsed = 00:00:00 . Memory (MB): peak = 3528.332 ; gain = 0.000 ; free physical = 71506 ; free virtual = 953094
INFO: [Physopt 32-669] Post Physical Optimization Timing Summary | WNS=0.205 | TNS=0.000 | WHS=-0.306 | THS=-3.934 |

Summary of Physical Synthesis Optimizations
============================================


----------------------------------------------------------------------------------------------------------------------------------------------------------------------
|  Optimization            |  WNS Gain (ns)  |  TNS Gain (ns)  |  Added Cells  |  Removed Cells  |  Optimized Cells/Nets  |  Dont Touch  |  Iterations  |  Elapsed   |
----------------------------------------------------------------------------------------------------------------------------------------------------------------------
|  Fanout                  |          0.000  |          0.000  |            0  |              0  |                     0  |           0  |           0  |  00:00:00  |
|  Single Cell Placement   |          0.000  |          0.000  |            0  |              0  |                     0  |           0  |           0  |  00:00:00  |
|  Multi Cell Placement    |          0.000  |          0.000  |            0  |              0  |                     0  |           0  |           0  |  00:00:00  |
|  Rewire                  |          0.000  |          0.000  |            0  |              0  |                     0  |           0  |           0  |  00:00:00  |
|  Critical Cell           |          0.000  |          0.000  |            0  |              0  |                     0  |           0  |           0  |  00:00:00  |
|  SLR Crossing            |          0.000  |          0.000  |            0  |              0  |                     0  |           0  |           0  |  00:00:00  |
|  DSP Register            |          0.000  |          0.000  |            0  |              0  |                     0  |           0  |           0  |  00:00:00  |
|  BRAM Register           |          0.000  |          0.000  |            0  |              0  |                     0  |           0  |           0  |  00:00:00  |
|  URAM Register           |          0.000  |          0.000  |            0  |              0  |                     0  |           0  |           0  |  00:00:00  |
|  Shift Register          |          0.000  |          0.000  |            0  |              0  |                     0  |           0  |           0  |  00:00:00  |
|  Critical Pin            |          0.000  |          0.000  |            0  |              0  |                     0  |           0  |           0  |  00:00:00  |
|  Very High Fanout        |          0.000  |          0.000  |            0  |              0  |                     0  |           0  |           0  |  00:00:00  |
|  Total                   |          0.000  |          0.000  |            0  |              0  |                     0  |           0  |           0  |  00:00:00  |
----------------------------------------------------------------------------------------------------------------------------------------------------------------------


Summary of Hold Fix Optimizations
=================================


--------------------------------------------------------------------------------------------------------------------------------------------------------------
|  Optimization               |  WHS Gain (ns)  |  THS Gain (ns)  |  Added LUTs  |  Added FFs  |  Optimized Nets  |  Dont Touch  |  Iterations  |  Elapsed   |
--------------------------------------------------------------------------------------------------------------------------------------------------------------
|  LUT1 and ZHOLD Insertion   |          0.892  |         82.747  |           1  |          0  |               1  |           0  |           1  |  00:00:00  |
|  Total                      |          0.892  |         82.747  |           1  |          0  |               1  |           0  |           1  |  00:00:00  |
--------------------------------------------------------------------------------------------------------------------------------------------------------------


Netlist sorting complete. Time (s): cpu = 00:00:00 ; elapsed = 00:00:00 . Memory (MB): peak = 3528.332 ; gain = 0.000 ; free physical = 71506 ; free virtual = 953094
Ending Physical Synthesis Task | Checksum: 14a304793

Time (s): cpu = 00:00:03 ; elapsed = 00:00:01 . Memory (MB): peak = 3528.332 ; gain = 0.000 ; free physical = 71506 ; free virtual = 953094
INFO: [Common 17-83] Releasing license: Implementation
104 Infos, 0 Warnings, 0 Critical Warnings and 0 Errors encountered.
phys_opt_design completed successfully
INFO: [Timing 38-480] Writing timing data to binary archive.
Write ShapeDB Complete: Time (s): cpu = 00:00:00.09 ; elapsed = 00:00:00.02 . Memory (MB): peak = 3528.332 ; gain = 0.000 ; free physical = 71506 ; free virtual = 953094
Wrote PlaceDB: Time (s): cpu = 00:00:02 ; elapsed = 00:00:00.71 . Memory (MB): peak = 3528.332 ; gain = 0.000 ; free physical = 71484 ; free virtual = 953090
Wrote PulsedLatchDB: Time (s): cpu = 00:00:00 ; elapsed = 00:00:00 . Memory (MB): peak = 3528.332 ; gain = 0.000 ; free physical = 71484 ; free virtual = 953090
Writing XDEF routing.
Writing XDEF routing logical nets.
Writing XDEF routing special nets.
Wrote RouteStorage: Time (s): cpu = 00:00:00.02 ; elapsed = 00:00:00.02 . Memory (MB): peak = 3528.332 ; gain = 0.000 ; free physical = 71483 ; free virtual = 953090
Wrote Netlist Cache: Time (s): cpu = 00:00:00.01 ; elapsed = 00:00:00.01 . Memory (MB): peak = 3528.332 ; gain = 0.000 ; free physical = 71482 ; free virtual = 953090
Wrote Device Cache: Time (s): cpu = 00:00:00 ; elapsed = 00:00:00.01 . Memory (MB): peak = 3528.332 ; gain = 0.000 ; free physical = 71481 ; free virtual = 953090
Write Physdb Complete: Time (s): cpu = 00:00:02 ; elapsed = 00:00:00.75 . Memory (MB): peak = 3528.332 ; gain = 0.000 ; free physical = 71480 ; free virtual = 953089
INFO: [Common 17-1381] The checkpoint '/tmp/rtlz/synth/vivado/fmax_impl_6.5ns_ndhi/fmax_impl_6.5ns_ndhi.runs/impl_1/top_fmax_physopt.dcp' has been generated.
Command: route_design -directive NoTimingRelaxation
Attempting to get a license for feature 'Implementation' and/or device 'xc7k325t'
INFO: [Common 17-349] Got license for feature 'Implementation' and/or device 'xc7k325t'
INFO: [DRC 23-27] Running DRC with 8 threads
INFO: [Vivado_Tcl 4-198] DRC finished with 0 Errors
INFO: [Vivado_Tcl 4-199] Please refer to the DRC report (report_drc) for more information.
Running DRC as a precondition to command route_design
INFO: [DRC 23-27] Running DRC with 8 threads
INFO: [Vivado_Tcl 4-198] DRC finished with 0 Errors
INFO: [Vivado_Tcl 4-199] Please refer to the DRC report (report_drc) for more information.


Starting Routing Task
INFO: [Route 35-270] Using Router directive 'NoTimingRelaxation'.
INFO: [Route 35-254] Multithreading enabled for route_design using a maximum of 8 CPUs

Phase 1 Build RT Design
Checksum: PlaceDB: 3f08406a ConstDB: 0 ShapeSum: 9e00eeb1 RouteDB: 0
Post Restoration Checksum: NetGraph: 3a91fd1b | NumContArr: 5914bbba | Constraints: c2a8fa9d | Timing: c2a8fa9d
Phase 1 Build RT Design | Checksum: 218f8ae0f

Time (s): cpu = 00:00:32 ; elapsed = 00:00:19 . Memory (MB): peak = 3675.238 ; gain = 146.906 ; free physical = 71098 ; free virtual = 952712

Phase 2 Router Initialization

Phase 2.1 Fix Topology Constraints
Phase 2.1 Fix Topology Constraints | Checksum: 218f8ae0f

Time (s): cpu = 00:00:32 ; elapsed = 00:00:19 . Memory (MB): peak = 3675.238 ; gain = 146.906 ; free physical = 71098 ; free virtual = 952712

Phase 2.2 Pre Route Cleanup
Phase 2.2 Pre Route Cleanup | Checksum: 218f8ae0f

Time (s): cpu = 00:00:32 ; elapsed = 00:00:19 . Memory (MB): peak = 3675.238 ; gain = 146.906 ; free physical = 71098 ; free virtual = 952712
 Number of Nodes with overlaps = 0

Phase 2.3 Update Timing
Phase 2.3 Update Timing | Checksum: 15dd85c28

Time (s): cpu = 00:00:39 ; elapsed = 00:00:22 . Memory (MB): peak = 3759.973 ; gain = 231.641 ; free physical = 70968 ; free virtual = 952582
INFO: [Route 35-416] Intermediate Timing Summary | WNS=0.348  | TNS=0.000  | WHS=-0.217 | THS=-139.537|


Router Utilization Summary
  Global Vertical Routing Utilization    = 0 %
  Global Horizontal Routing Utilization  = 0 %
  Routable Net Status*
  *Does not include unroutable nets such as driverless and loadless.
  Run report_route_status for detailed report.
  Number of Failed Nets               = 14926
    (Failed Nets is the sum of unrouted and partially routed nets)
  Number of Unrouted Nets             = 14926
  Number of Partially Routed Nets     = 0
  Number of Node Overlaps             = 0

Phase 2 Router Initialization | Checksum: 22f04b8de

Time (s): cpu = 00:00:43 ; elapsed = 00:00:23 . Memory (MB): peak = 3769.223 ; gain = 240.891 ; free physical = 70959 ; free virtual = 952573

Phase 3 Initial Routing

Phase 3.1 Global Routing
Phase 3.1 Global Routing | Checksum: 22f04b8de

Time (s): cpu = 00:00:43 ; elapsed = 00:00:23 . Memory (MB): peak = 3769.223 ; gain = 240.891 ; free physical = 70959 ; free virtual = 952573

Phase 3.2 Initial Net Routing
Phase 3.2 Initial Net Routing | Checksum: 32f86f264

Time (s): cpu = 00:00:53 ; elapsed = 00:00:26 . Memory (MB): peak = 3770.223 ; gain = 241.891 ; free physical = 70954 ; free virtual = 952568
Phase 3 Initial Routing | Checksum: 32f86f264

Time (s): cpu = 00:00:53 ; elapsed = 00:00:26 . Memory (MB): peak = 3770.223 ; gain = 241.891 ; free physical = 70954 ; free virtual = 952568

Phase 4 Rip-up And Reroute

Phase 4.1 Global Iteration 0
 Number of Nodes with overlaps = 6202
 Number of Nodes with overlaps = 1799
 Number of Nodes with overlaps = 685
 Number of Nodes with overlaps = 325
 Number of Nodes with overlaps = 118
 Number of Nodes with overlaps = 63
 Number of Nodes with overlaps = 29
 Number of Nodes with overlaps = 8
 Number of Nodes with overlaps = 5
 Number of Nodes with overlaps = 1
 Number of Nodes with overlaps = 1
 Number of Nodes with overlaps = 0
INFO: [Route 35-416] Intermediate Timing Summary | WNS=-0.349 | TNS=-15.797| WHS=N/A    | THS=N/A    |

Phase 4.1 Global Iteration 0 | Checksum: 200d42d44

Time (s): cpu = 00:01:39 ; elapsed = 00:00:51 . Memory (MB): peak = 3770.223 ; gain = 241.891 ; free physical = 72053 ; free virtual = 953677

Phase 4.2 Global Iteration 1
 Number of Nodes with overlaps = 1683
 Number of Nodes with overlaps = 673
 Number of Nodes with overlaps = 261
 Number of Nodes with overlaps = 85
 Number of Nodes with overlaps = 46
 Number of Nodes with overlaps = 18
 Number of Nodes with overlaps = 13
 Number of Nodes with overlaps = 5
 Number of Nodes with overlaps = 1
 Number of Nodes with overlaps = 2
 Number of Nodes with overlaps = 1
 Number of Nodes with overlaps = 1
 Number of Nodes with overlaps = 0
INFO: [Route 35-416] Intermediate Timing Summary | WNS=-0.043 | TNS=-0.075 | WHS=N/A    | THS=N/A    |

Phase 4.2 Global Iteration 1 | Checksum: 1aff5c4c9

Time (s): cpu = 00:01:58 ; elapsed = 00:01:01 . Memory (MB): peak = 3770.223 ; gain = 241.891 ; free physical = 73574 ; free virtual = 955204

Phase 4.3 Global Iteration 2
 Number of Nodes with overlaps = 1109
 Number of Nodes with overlaps = 165
 Number of Nodes with overlaps = 91
 Number of Nodes with overlaps = 55
 Number of Nodes with overlaps = 19
 Number of Nodes with overlaps = 11
 Number of Nodes with overlaps = 7
 Number of Nodes with overlaps = 2
 Number of Nodes with overlaps = 4
 Number of Nodes with overlaps = 2
 Number of Nodes with overlaps = 1
 Number of Nodes with overlaps = 1
 Number of Nodes with overlaps = 1
 Number of Nodes with overlaps = 0
INFO: [Route 35-416] Intermediate Timing Summary | WNS=-0.024 | TNS=-0.073 | WHS=N/A    | THS=N/A    |

Phase 4.3 Global Iteration 2 | Checksum: 2744435b3

Time (s): cpu = 00:02:12 ; elapsed = 00:01:08 . Memory (MB): peak = 3770.223 ; gain = 241.891 ; free physical = 75841 ; free virtual = 957471

Phase 4.4 Global Iteration 3
 Number of Nodes with overlaps = 925
 Number of Nodes with overlaps = 99
 Number of Nodes with overlaps = 54
 Number of Nodes with overlaps = 16
 Number of Nodes with overlaps = 8
 Number of Nodes with overlaps = 5
 Number of Nodes with overlaps = 0
INFO: [Route 35-416] Intermediate Timing Summary | WNS=-0.078 | TNS=-0.259 | WHS=N/A    | THS=N/A    |

Phase 4.4 Global Iteration 3 | Checksum: 25fbf995d

Time (s): cpu = 00:02:20 ; elapsed = 00:01:13 . Memory (MB): peak = 3770.223 ; gain = 241.891 ; free physical = 75432 ; free virtual = 957062
Phase 4 Rip-up And Reroute | Checksum: 25fbf995d

Time (s): cpu = 00:02:20 ; elapsed = 00:01:13 . Memory (MB): peak = 3770.223 ; gain = 241.891 ; free physical = 75431 ; free virtual = 957061

Phase 5 Delay and Skew Optimization

Phase 5.1 Delay CleanUp

Phase 5.1.1 Update Timing
Phase 5.1.1 Update Timing | Checksum: 29e72e52b

Time (s): cpu = 00:02:22 ; elapsed = 00:01:14 . Memory (MB): peak = 3770.223 ; gain = 241.891 ; free physical = 75403 ; free virtual = 957033
INFO: [Route 35-416] Intermediate Timing Summary | WNS=0.065  | TNS=0.000  | WHS=N/A    | THS=N/A    |

Phase 5.1 Delay CleanUp | Checksum: 29e72e52b

Time (s): cpu = 00:02:22 ; elapsed = 00:01:14 . Memory (MB): peak = 3770.223 ; gain = 241.891 ; free physical = 75403 ; free virtual = 957033

Phase 5.2 Clock Skew Optimization
Phase 5.2 Clock Skew Optimization | Checksum: 29e72e52b

Time (s): cpu = 00:02:22 ; elapsed = 00:01:14 . Memory (MB): peak = 3770.223 ; gain = 241.891 ; free physical = 75403 ; free virtual = 957033
Phase 5 Delay and Skew Optimization | Checksum: 29e72e52b

Time (s): cpu = 00:02:22 ; elapsed = 00:01:14 . Memory (MB): peak = 3770.223 ; gain = 241.891 ; free physical = 75403 ; free virtual = 957033

Phase 6 Post Hold Fix

Phase 6.1 Hold Fix Iter

Phase 6.1.1 Update Timing
Phase 6.1.1 Update Timing | Checksum: 26ef1ced1

Time (s): cpu = 00:02:24 ; elapsed = 00:01:14 . Memory (MB): peak = 3770.223 ; gain = 241.891 ; free physical = 75379 ; free virtual = 957009
INFO: [Route 35-416] Intermediate Timing Summary | WNS=0.065  | TNS=0.000  | WHS=-0.316 | THS=-2.776 |

Phase 6.1 Hold Fix Iter | Checksum: 1f542dec9

Time (s): cpu = 00:02:24 ; elapsed = 00:01:14 . Memory (MB): peak = 3770.223 ; gain = 241.891 ; free physical = 75377 ; free virtual = 957007

Phase 6.2 Non Free Resource Hold Fix Iter
Phase 6.2 Non Free Resource Hold Fix Iter | Checksum: 1fbf96ef7

Time (s): cpu = 00:02:24 ; elapsed = 00:01:14 . Memory (MB): peak = 3770.223 ; gain = 241.891 ; free physical = 75377 ; free virtual = 957007
Phase 6 Post Hold Fix | Checksum: 1fbf96ef7

Time (s): cpu = 00:02:24 ; elapsed = 00:01:14 . Memory (MB): peak = 3770.223 ; gain = 241.891 ; free physical = 75377 ; free virtual = 957007

Phase 7 Timing Verification

Phase 7.1 Update Timing
Phase 7.1 Update Timing | Checksum: 1a30708b4

Time (s): cpu = 00:02:26 ; elapsed = 00:01:15 . Memory (MB): peak = 3770.223 ; gain = 241.891 ; free physical = 75365 ; free virtual = 956996
INFO: [Route 35-416] Intermediate Timing Summary | WNS=0.065  | TNS=0.000  | WHS=N/A    | THS=N/A    |

Phase 7 Timing Verification | Checksum: 1a30708b4

Time (s): cpu = 00:02:26 ; elapsed = 00:01:15 . Memory (MB): peak = 3770.223 ; gain = 241.891 ; free physical = 75365 ; free virtual = 956996

Phase 8 Route finalize

Router Utilization Summary
  Global Vertical Routing Utilization    = 1.93309 %
  Global Horizontal Routing Utilization  = 2.34535 %
  Routable Net Status*
  *Does not include unroutable nets such as driverless and loadless.
  Run report_route_status for detailed report.
  Number of Failed Nets               = 0
    (Failed Nets is the sum of unrouted and partially routed nets)
  Number of Unrouted Nets             = 0
  Number of Partially Routed Nets     = 0
  Number of Node Overlaps             = 0

Phase 8 Route finalize | Checksum: 1a30708b4

Time (s): cpu = 00:02:26 ; elapsed = 00:01:15 . Memory (MB): peak = 3770.223 ; gain = 241.891 ; free physical = 75364 ; free virtual = 956994

Phase 9 Verifying routed nets

 Verification completed successfully
Phase 9 Verifying routed nets | Checksum: 1a30708b4

Time (s): cpu = 00:02:26 ; elapsed = 00:01:15 . Memory (MB): peak = 3770.223 ; gain = 241.891 ; free physical = 75364 ; free virtual = 956994

Phase 10 Depositing Routes
Phase 10 Depositing Routes | Checksum: 1a138814d

Time (s): cpu = 00:02:28 ; elapsed = 00:01:16 . Memory (MB): peak = 3770.223 ; gain = 241.891 ; free physical = 75345 ; free virtual = 956975

Phase 11 Post Router Timing
INFO: [Route 35-20] Post Routing Timing Summary | WNS=0.066  | TNS=0.000  | WHS=0.101  | THS=0.000  |

Phase 11 Post Router Timing | Checksum: 121997b36

Time (s): cpu = 00:02:33 ; elapsed = 00:01:17 . Memory (MB): peak = 3770.223 ; gain = 241.891 ; free physical = 75321 ; free virtual = 956951
INFO: [Route 35-61] The design met the timing requirement.
INFO: [Route 35-16] Router Completed Successfully

Phase 12 Post-Route Event Processing
Phase 12 Post-Route Event Processing | Checksum: 15935fde3

Time (s): cpu = 00:02:33 ; elapsed = 00:01:18 . Memory (MB): peak = 3770.223 ; gain = 241.891 ; free physical = 75316 ; free virtual = 956946
Ending Routing Task | Checksum: 15935fde3

Time (s): cpu = 00:02:33 ; elapsed = 00:01:18 . Memory (MB): peak = 3770.223 ; gain = 241.891 ; free physical = 75312 ; free virtual = 956942

Routing Is Done.
INFO: [Common 17-83] Releasing license: Implementation
127 Infos, 0 Warnings, 0 Critical Warnings and 0 Errors encountered.
route_design completed successfully
route_design: Time (s): cpu = 00:02:35 ; elapsed = 00:01:19 . Memory (MB): peak = 3789.211 ; gain = 260.879 ; free physical = 75310 ; free virtual = 956940
INFO: [runtcl-4] Executing : report_drc -file top_fmax_drc_routed.rpt -pb top_fmax_drc_routed.pb -rpx top_fmax_drc_routed.rpx
Command: report_drc -file top_fmax_drc_routed.rpt -pb top_fmax_drc_routed.pb -rpx top_fmax_drc_routed.rpx
INFO: [IP_Flow 19-1839] IP Catalog is up to date.
INFO: [DRC 23-27] Running DRC with 8 threads
INFO: [Vivado_Tcl 2-168] The results of DRC are in file /tmp/rtlz/synth/vivado/fmax_impl_6.5ns_ndhi/fmax_impl_6.5ns_ndhi.runs/impl_1/top_fmax_drc_routed.rpt.
report_drc completed successfully
INFO: [runtcl-4] Executing : report_methodology -file top_fmax_methodology_drc_routed.rpt -pb top_fmax_methodology_drc_routed.pb -rpx top_fmax_methodology_drc_routed.rpx
Command: report_methodology -file top_fmax_methodology_drc_routed.rpt -pb top_fmax_methodology_drc_routed.pb -rpx top_fmax_methodology_drc_routed.rpx
INFO: [Timing 38-35] Done setting XDC timing constraints.
INFO: [DRC 23-133] Running Methodology with 8 threads
INFO: [Vivado_Tcl 2-1520] The results of Report Methodology are in file /tmp/rtlz/synth/vivado/fmax_impl_6.5ns_ndhi/fmax_impl_6.5ns_ndhi.runs/impl_1/top_fmax_methodology_drc_routed.rpt.
report_methodology completed successfully
INFO: [runtcl-4] Executing : report_power -file top_fmax_power_routed.rpt -pb top_fmax_power_summary_routed.pb -rpx top_fmax_power_routed.rpx
Command: report_power -file top_fmax_power_routed.rpt -pb top_fmax_power_summary_routed.pb -rpx top_fmax_power_routed.rpx
INFO: [Timing 38-35] Done setting XDC timing constraints.
Running Vector-less Activity Propagation...

Finished Running Vector-less Activity Propagation
137 Infos, 0 Warnings, 0 Critical Warnings and 0 Errors encountered.
report_power completed successfully
INFO: [runtcl-4] Executing : report_route_status -file top_fmax_route_status.rpt -pb top_fmax_route_status.pb
INFO: [runtcl-4] Executing : report_timing_summary -max_paths 10 -report_unconstrained -file top_fmax_timing_summary_routed.rpt -pb top_fmax_timing_summary_routed.pb -rpx top_fmax_timing_summary_routed.rpx -warn_on_violation 
INFO: [Timing 38-91] UpdateTimingParams: Speed grade: -2, Delay Type: min_max.
INFO: [Timing 38-191] Multithreading enabled for timing update using a maximum of 8 CPUs
INFO: [runtcl-4] Executing : report_incremental_reuse -file top_fmax_incremental_reuse_routed.rpt
INFO: [Vivado_Tcl 4-1062] Incremental flow is disabled. No incremental reuse Info to report.
INFO: [runtcl-4] Executing : report_clock_utilization -file top_fmax_clock_utilization_routed.rpt
INFO: [runtcl-4] Executing : report_bus_skew -warn_on_violation -file top_fmax_bus_skew_routed.rpt -pb top_fmax_bus_skew_routed.pb -rpx top_fmax_bus_skew_routed.rpx
INFO: [Timing 38-91] UpdateTimingParams: Speed grade: -2, Delay Type: min_max.
INFO: [Timing 38-191] Multithreading enabled for timing update using a maximum of 8 CPUs
INFO: [Timing 38-480] Writing timing data to binary archive.
Write ShapeDB Complete: Time (s): cpu = 00:00:00.1 ; elapsed = 00:00:00.02 . Memory (MB): peak = 3935.621 ; gain = 0.000 ; free physical = 74758 ; free virtual = 956401
Wrote PlaceDB: Time (s): cpu = 00:00:02 ; elapsed = 00:00:00.76 . Memory (MB): peak = 3935.621 ; gain = 0.000 ; free physical = 74740 ; free virtual = 956400
Wrote PulsedLatchDB: Time (s): cpu = 00:00:00 ; elapsed = 00:00:00 . Memory (MB): peak = 3935.621 ; gain = 0.000 ; free physical = 74740 ; free virtual = 956400
Writing XDEF routing.
Writing XDEF routing logical nets.
Writing XDEF routing special nets.
Wrote RouteStorage: Time (s): cpu = 00:00:00.15 ; elapsed = 00:00:00.16 . Memory (MB): peak = 3935.621 ; gain = 0.000 ; free physical = 74735 ; free virtual = 956400
Wrote Netlist Cache: Time (s): cpu = 00:00:00.02 ; elapsed = 00:00:00.02 . Memory (MB): peak = 3935.621 ; gain = 0.000 ; free physical = 74734 ; free virtual = 956399
Wrote Device Cache: Time (s): cpu = 00:00:00 ; elapsed = 00:00:00.01 . Memory (MB): peak = 3935.621 ; gain = 0.000 ; free physical = 74733 ; free virtual = 956399
Write Physdb Complete: Time (s): cpu = 00:00:02 ; elapsed = 00:00:00.95 . Memory (MB): peak = 3935.621 ; gain = 0.000 ; free physical = 74733 ; free virtual = 956399
INFO: [Common 17-1381] The checkpoint '/tmp/rtlz/synth/vivado/fmax_impl_6.5ns_ndhi/fmax_impl_6.5ns_ndhi.runs/impl_1/top_fmax_routed.dcp' has been generated.
INFO: [Common 17-206] Exiting Vivado at Tue Sep 29 03:24:57 2026...
[Tue Sep 29 03:25:12 2026] impl_1 finished
wait_on_runs: Time (s): cpu = 00:00:01 ; elapsed = 00:08:40 . Memory (MB): peak = 1507.977 ; gain = 0.000 ; free physical = 78478 ; free virtual = 960127
INFO: [Device 21-403] Loading part xc7k325tffg900-2
Netlist sorting complete. Time (s): cpu = 00:00:00.06 ; elapsed = 00:00:00.06 . Memory (MB): peak = 1815.953 ; gain = 0.000 ; free physical = 78125 ; free virtual = 959773
INFO: [Netlist 29-17] Analyzing 1288 Unisim elements for replacement
INFO: [Netlist 29-28] Unisim Transformation completed in 0 CPU seconds
INFO: [Project 1-479] Netlist was created with Vivado 2023.2
INFO: [Project 1-570] Preparing netlist for logic optimization
Read ShapeDB Complete: Time (s): cpu = 00:00:00.02 ; elapsed = 00:00:00.03 . Memory (MB): peak = 1909.516 ; gain = 3.004 ; free physical = 78028 ; free virtual = 959677
INFO: [Timing 38-478] Restoring timing data from binary archive.
INFO: [Timing 38-479] Binary timing data restore complete.
INFO: [Project 1-856] Restoring constraints from binary archive.
INFO: [Project 1-853] Binary constraint restore complete.
INFO: [Designutils 20-5722] Start Reading Physical Databases.
Reading placement.
Read Netlist Cache: Time (s): cpu = 00:00:00.02 ; elapsed = 00:00:00.02 . Memory (MB): peak = 2609.898 ; gain = 0.000 ; free physical = 77464 ; free virtual = 959113
Reading placer database...
Read Device Cache: Time (s): cpu = 00:00:00.01 ; elapsed = 00:00:00.01 . Memory (MB): peak = 2609.898 ; gain = 0.000 ; free physical = 77463 ; free virtual = 959111
Read PlaceDB: Time (s): cpu = 00:00:00.62 ; elapsed = 00:00:00.62 . Memory (MB): peak = 2609.898 ; gain = 0.000 ; free physical = 77449 ; free virtual = 959097
Read PulsedLatchDB: Time (s): cpu = 00:00:00 ; elapsed = 00:00:00 . Memory (MB): peak = 2609.898 ; gain = 0.000 ; free physical = 77449 ; free virtual = 959097
Reading routing.
Read RouteStorage: Time (s): cpu = 00:00:00.27 ; elapsed = 00:00:00.28 . Memory (MB): peak = 2613.898 ; gain = 4.000 ; free physical = 77444 ; free virtual = 959093
Read Physdb Files: Time (s): cpu = 00:00:00.93 ; elapsed = 00:00:00.93 . Memory (MB): peak = 2613.898 ; gain = 4.004 ; free physical = 77444 ; free virtual = 959093
Restored from archive | CPU: 0.970000 secs | Memory: 23.893181 MB |
Finished XDEF File Restore: Time (s): cpu = 00:00:00.96 ; elapsed = 00:00:00.97 . Memory (MB): peak = 2613.898 ; gain = 11.938 ; free physical = 77444 ; free virtual = 959093
Netlist sorting complete. Time (s): cpu = 00:00:00 ; elapsed = 00:00:00 . Memory (MB): peak = 2613.898 ; gain = 0.000 ; free physical = 77445 ; free virtual = 959093
INFO: [Project 1-111] Unisim Transformation Summary:
  A total of 267 instances were transformed.
  RAM32M => RAM32M (RAMD32(x6), RAMS32(x2)): 8 instances
  RAM64M => RAM64M (RAMD64E(x4)): 183 instances
  RAM64X1D => RAM64X1D (RAMD64E(x2)): 76 instances

open_run: Time (s): cpu = 00:00:13 ; elapsed = 00:00:14 . Memory (MB): peak = 2613.898 ; gain = 1105.922 ; free physical = 77444 ; free virtual = 959092
# report_timing_summary -delay_type max -max_paths 20 -file [file join $PROJ_DIR timing_summary.rpt]
INFO: [Timing 38-91] UpdateTimingParams: Speed grade: -2, Delay Type: max.
INFO: [Timing 38-191] Multithreading enabled for timing update using a maximum of 8 CPUs
# report_utilization -file [file join $PROJ_DIR utilization.rpt]
# report_timing -delay_type max -max_paths 500 -file [file join $PROJ_DIR timing_paths500.rpt]
INFO: [Timing 38-91] UpdateTimingParams: Speed grade: -2, Delay Type: max.
INFO: [Timing 38-191] Multithreading enabled for timing update using a maximum of 8 CPUs
INFO: [Timing 38-78] ReportTimingParams: -max_paths 500 -nworst 1 -delay_type max -sort_by slack.
# report_timing -delay_type max -max_paths 200 -nworst 8 -file [file join $PROJ_DIR timing_paths_f1.rpt]
INFO: [Timing 38-91] UpdateTimingParams: Speed grade: -2, Delay Type: max.
INFO: [Timing 38-191] Multithreading enabled for timing update using a maximum of 8 CPUs
INFO: [Timing 38-78] ReportTimingParams: -max_paths 200 -nworst 8 -delay_type max -sort_by slack.
# if {[catch {
#     set f1_src [get_pins -hier -filter {NAME =~ "*u_icache/q_pc_q_reg*/C"}]
#     if {[llength $f1_src] > 0} {
#         report_timing -delay_type max -from $f1_src -max_paths 20 -nworst 3 \
#             -file [file join $PROJ_DIR timing_from_qpc.rpt]
#         puts "F1 report: [llength $f1_src] 个 q_pc_q 起点"
#     } else {
#         puts "F1 report: 找不到 u_icache/q_pc_q_reg, 跳过"
#     }
# } err]} { puts "F1 report skipped: $err" }
INFO: [Timing 38-91] UpdateTimingParams: Speed grade: -2, Delay Type: max.
INFO: [Timing 38-191] Multithreading enabled for timing update using a maximum of 8 CPUs
INFO: [Timing 38-78] ReportTimingParams: -from_pins  -max_paths 20 -nworst 3 -delay_type max -sort_by slack.
F1 report: 31 个 q_pc_q 起点
# set wns  [get_property SLACK [get_timing_paths -delay_type max -max_paths 1]]
# set fmax [expr {1000.0 / ($PERIOD - $wns)}]
# puts "================================================================"
================================================================
# puts "TIMING PATHS (top 8):"
TIMING PATHS (top 8):
# set i 0
# foreach p [get_timing_paths -delay_type max -max_paths 8] {
#     incr i
#     puts [format "  %d) %8.3f ns  %s -> %s" \
#         $i [get_property SLACK $p] \
#         [get_property STARTPOINT_PIN $p] [get_property ENDPOINT_PIN $p]]
# }
  1)    0.066 ns  u_soc/Core_cpu/U_ID_EX/ex_csr_op_reg[0]/C -> u_soc/Core_cpu/U_ID_EX/pc_o_reg[5]/D
  2)    0.073 ns  u_soc/Core_cpu/u_ifu_subsys/u_icache/q_pc_q_reg[4]/C -> u_soc/Core_cpu/u_ifu_subsys/u_icache/u_dat_way1/u_prim/mem_q_reg_0/ADDRARDADDR[8]
  3)    0.079 ns  u_soc/Core_cpu/u_ifu_subsys/u_icache/q_pc_q_reg[4]/C -> u_soc/Core_cpu/u_ifu_subsys/u_icache/u_dat_way1/u_prim/mem_q_reg_0/ADDRARDADDR[7]
  4)    0.080 ns  u_soc/Core_cpu/u_ifu_subsys/u_icache/q_pc_q_reg[4]/C -> u_soc/Core_cpu/u_ifu_subsys/u_icache/u_dat_way1/u_prim/mem_q_reg_0/ADDRARDADDR[10]
  5)    0.084 ns  u_soc/Core_cpu/U_ID_EX/ex_csr_op_reg[0]/C -> u_soc/Core_cpu/U_IF_ID/id_inst_reg[22]/D
  6)    0.109 ns  u_soc/Core_cpu/u_ifu_subsys/u_icache/q_pc_q_reg[4]/C -> u_soc/Core_cpu/u_ifu_subsys/u_icache/u_dat_way1/u_prim/mem_q_reg_1/ADDRARDADDR[8]
  7)    0.124 ns  u_soc/Core_cpu/U_ID_EX/ex_csr_op_reg[0]/C -> u_soc/Core_cpu/U_IF_ID/id_inst_reg[17]/D
  8)    0.126 ns  u_soc/Core_cpu/U_ID_EX/ex_csr_op_reg[0]/C -> u_soc/Core_cpu/U_IF_ID/id_inst_reg[15]/D
# set ncrit 0
WARNING: [Vivado 12-975] No timing paths matched 'get_timing_paths -delay_type max -max_paths 200 -slack_lesser_than 0'.
# foreach p [get_timing_paths -delay_type max -max_paths 200 -slack_lesser_than 0] { incr ncrit }
# puts "VIOLATING PATHS (slack<0, up to 200): $ncrit"
VIOLATING PATHS (slack<0, up to 200): 0
# set non_ex ""
# foreach p [get_timing_paths -delay_type max -max_paths 300 -nworst 8] {
#     if {[string match "*ex_csr_addr*" [get_property STARTPOINT_PIN $p]]} { continue }
#     set non_ex $p
#     break
# }
# if {$non_ex ne ""} {
#     puts [format "WORST_NON_EX slack=%.3fns  %s -> %s" \
#         [get_property SLACK $non_ex] \
#         [get_property STARTPOINT_PIN $non_ex] [get_property ENDPOINT_PIN $non_ex]]
# } else {
#     puts "WORST_NON_EX 没有非 ex_csr_addr 起点的路径 (前 300 个终点全是它)"
# }
WORST_NON_EX slack=0.066ns  u_soc/Core_cpu/U_ID_EX/ex_csr_op_reg[0]/C -> u_soc/Core_cpu/U_ID_EX/pc_o_reg[5]/D
# puts [format "FMAX_SUMMARY period=%s mode=%s wns=%.4f fmax_mhz=%.2f" \
#       $PERIOD $MODE $wns $fmax]
FMAX_SUMMARY period=6.5 mode=impl wns=0.0660 fmax_mhz=155.42
# puts "================================================================"
================================================================
INFO: [Common 17-206] Exiting Vivado at Tue Sep 29 03:25:29 2026...
