
****** Vivado v2023.2 (64-bit)
  **** SW Build 4029153 on Fri Oct 13 20:13:54 MDT 2023
  **** IP Build 4028589 on Sat Oct 14 00:45:43 MDT 2023
  **** SharedData Build 4025554 on Tue Oct 10 17:18:54 MDT 2023
    ** Copyright 1986-2022 Xilinx, Inc. All Rights Reserved.
    ** Copyright 2022-2023 Advanced Micro Devices, Inc. All Rights Reserved.

source build_fmax.tcl
# set PERIOD 12.2
# set MODE   "impl"
# set BIN    ""
# if {[llength $argv] >= 1} { set PERIOD [lindex $argv 0] }
# if {[llength $argv] >= 2} { set MODE   [lindex $argv 1] }
# if {[llength $argv] >= 3} { set BIN    [lindex $argv 2] }
# set SP   [file normalize [file dirname [info script]]]
# set ROOT [file normalize [file join $SP ..]]
# if {$BIN eq ""} { set BIN [file join $ROOT bin coremark.bin] }
# if {![file exists $BIN]} { error "镜像不存在: $BIN" }
# puts "================================================================"
================================================================
# puts "FMAX RUN: period=$PERIOD ns  mode=$MODE"
FMAX RUN: period=6.0 ns  mode=impl
# puts "ROOT=$ROOT"
ROOT=/home/st-wangjun/project/RISCV_A910
# puts "BIN =$BIN"
BIN =/home/st-wangjun/project/RISCV_A910/bin/coremark.bin
# puts "================================================================"
================================================================
# set PROJ_NAME "fmax_${MODE}_${PERIOD}ns"
# set PROJ_DIR  [file join $SP "vivado" $PROJ_NAME]
# if {[file exists $PROJ_DIR]} {
#     if {[catch {file delete -force $PROJ_DIR} err]} {
#         error "工程目录存在且删不掉 (多半有进程占着): $err"
#     }
# }
# file mkdir $PROJ_DIR
# proc gen_hex_images {bin_path hex32_path hex128_path rows} {
#     set fh [open $bin_path rb]
#     set data [read $fh]
#     close $fh
# 
#     set need [expr {$rows * 4}]
#     if {[string length $data] < $need} {
#         append data [string repeat "\x00" [expr {$need - [string length $data]}]]
#     }
# 
#     binary scan $data c* bytes
#     set nwords [expr {[string length $data] / 4}]
# 
#     set words [list]
#     for {set i 0} {$i < $nwords} {incr i} {
#         set b0 [lindex $bytes [expr {$i*4    }]]
#         set b1 [lindex $bytes [expr {$i*4 + 1}]]
#         set b2 [lindex $bytes [expr {$i*4 + 2}]]
#         set b3 [lindex $bytes [expr {$i*4 + 3}]]
#         lappend words [expr {(($b3 & 0xff) << 24) | (($b2 & 0xff) << 16) |
#                              (($b1 & 0xff) <<  8) |  ($b0 & 0xff)}]
#     }
# 
#     set f1 [open $hex32_path w]
#     foreach w $words { puts $f1 [format %08x $w] }
#     close $f1
# 
#     set f2 [open $hex128_path w]
#     for {set i 0} {$i < $nwords} {incr i 4} {
#         puts $f2 [format "%08x%08x%08x%08x" \
#                   [lindex $words [expr {$i+3}]] [lindex $words [expr {$i+2}]] \
#                   [lindex $words [expr {$i+1}]] [lindex $words [expr {$i  }]]]
#     }
#     close $f2
# 
#     puts "HEX: $hex32_path ([expr {$nwords}] 字) + $hex128_path ([expr {$nwords/4}] 块)"
# }
# set HEX_ROWS 16384
# set hex32  [file join $PROJ_DIR meminit.hex]
# set hex128 [file join $PROJ_DIR meminit128.hex]
# gen_hex_images $BIN $hex32 $hex128 $HEX_ROWS
HEX: /home/st-wangjun/project/RISCV_A910/synth/vivado/fmax_impl_6.0ns/meminit.hex (16384 字) + /home/st-wangjun/project/RISCV_A910/synth/vivado/fmax_impl_6.0ns/meminit128.hex (4096 块)
# create_project -force $PROJ_NAME $PROJ_DIR -part xc7k325tffg900-2
# set src_files {}
# foreach f [lsort [glob -nocomplain [file join $ROOT mySoC *.v]]] {
#     if {[file tail $f] eq "ifu_subsys.v"} { continue }
#     lappend src_files $f
# }
# foreach f [lsort [glob -nocomplain [file join $ROOT mySoC ifu2 rtl *.v]]] {
#     lappend src_files $f
# }
# lappend src_files [file join $SP top_fmax.v]
# add_files -norecurse $src_files
# set_property file_type SystemVerilog [get_files -of [get_filesets sources_1] *.v]
# set DEFS [list \
#     USE_IFU2 \
#     USE_IFU_ANY \
#     BP_PRED=1 \
#     BP_GHR_W=16 \
#     REDIRECT_PIPE \
#     ICACHE_BYTES=1024 \
#     ICACHE_LINE_BYTES=16 \
#     ICACHE_LINE_16B \
#     PATHHEX=$hex32 \
#     PATH128=$hex128 \
# ]
# set_property verilog_define $DEFS [get_filesets sources_1]
# set_property include_dirs [list [file join $ROOT mySoC] [file join $ROOT vsrc]] [get_filesets sources_1]
# set_property top top_fmax [get_filesets sources_1]
# set xdc [file join $PROJ_DIR fmax_gen.xdc]
# set fh [open $xdc w]
# puts $fh "create_clock -name clk -period $PERIOD \[get_ports clk\]"
# puts $fh "set_input_delay  -clock clk 2.0 \[get_ports rst\]"
# puts $fh "set_false_path -to \[get_ports {o_dbg_pc o_dbg_value o_dbg_reg o_dbg_ena o_dbg_have}\]"
# close $fh
# add_files -fileset constrs_1 $xdc
# launch_runs synth_1 -jobs 8
WARNING: [Vivado 12-7122] Auto Incremental Compile:: No reference checkpoint was found in run synth_1. Auto-incremental flow will not be run, the standard flow will be run instead.
[Mon Sep 28 22:59:35 2026] Launched synth_1...
Run output will be captured here: /home/st-wangjun/project/RISCV_A910/synth/vivado/fmax_impl_6.0ns/fmax_impl_6.0ns.runs/synth_1/runme.log
# wait_on_run synth_1
[Mon Sep 28 22:59:35 2026] Waiting for synth_1 to finish...

*** Running vivado
    with args -log top_fmax.vds -m64 -product Vivado -mode batch -messageDb vivado.pb -notrace -source top_fmax.tcl


****** Vivado v2023.2 (64-bit)
  **** SW Build 4029153 on Fri Oct 13 20:13:54 MDT 2023
  **** IP Build 4028589 on Sat Oct 14 00:45:43 MDT 2023
  **** SharedData Build 4025554 on Tue Oct 10 17:18:54 MDT 2023
    ** Copyright 1986-2022 Xilinx, Inc. All Rights Reserved.
    ** Copyright 2022-2023 Advanced Micro Devices, Inc. All Rights Reserved.

source top_fmax.tcl -notrace
Command: synth_design -top top_fmax -part xc7k325tffg900-2
Starting synth_design
Attempting to get a license for feature 'Synthesis' and/or device 'xc7k325t'
INFO: [Common 17-349] Got license for feature 'Synthesis' and/or device 'xc7k325t'
INFO: [Device 21-403] Loading part xc7k325tffg900-2
INFO: [Synth 8-7079] Multithreading enabled for synth_design using a maximum of 4 processes.
INFO: [Synth 8-7078] Launching helper process for spawning children vivado processes
INFO: [Synth 8-7075] Helper process launched with PID 67923
---------------------------------------------------------------------------------
Starting RTL Elaboration : Time (s): cpu = 00:00:03 ; elapsed = 00:00:03 . Memory (MB): peak = 2208.680 ; gain = 408.820 ; free physical = 91641 ; free virtual = 952081
---------------------------------------------------------------------------------
INFO: [Synth 8-11241] undeclared symbol 'timer_int_flag', assumed default net type 'wire' [/home/st-wangjun/project/RISCV_A910/mySoC/miniRV_SoC.v:130]
WARNING: [Synth 8-8895] 'timer_int_flag' is already implicitly declared on line 130 [/home/st-wangjun/project/RISCV_A910/mySoC/miniRV_SoC.v:152]
INFO: [Synth 8-11241] undeclared symbol 'if_accept', assumed default net type 'wire' [/home/st-wangjun/project/RISCV_A910/mySoC/mycpu.v:340]
WARNING: [Synth 8-8895] 'if_accept' is already implicitly declared on line 340 [/home/st-wangjun/project/RISCV_A910/mySoC/mycpu.v:435]
WARNING: [Synth 8-11121] redeclaration of ANSI port 'q_hit' is not allowed [/home/st-wangjun/project/RISCV_A910/mySoC/ifu2/rtl/rv32ifu2_icache.v:124]
INFO: [Synth 8-6157] synthesizing module 'top_fmax' [/home/st-wangjun/project/RISCV_A910/synth/top_fmax.v:12]
INFO: [Synth 8-6157] synthesizing module 'BUFG' [/home/st-wangjun/hv/tools/Xilinx/Vivado/2023.2/scripts/rt/data/unisim_comp.v:1951]
INFO: [Synth 8-6155] done synthesizing module 'BUFG' (0#1) [/home/st-wangjun/hv/tools/Xilinx/Vivado/2023.2/scripts/rt/data/unisim_comp.v:1951]
INFO: [Synth 8-6157] synthesizing module 'miniRV_SoC' [/home/st-wangjun/project/RISCV_A910/mySoC/miniRV_SoC.v:60]
INFO: [Synth 8-6157] synthesizing module 'myCPU' [/home/st-wangjun/project/RISCV_A910/mySoC/mycpu.v:14]
INFO: [Synth 8-6157] synthesizing module 'rv32ifu2_top' [/home/st-wangjun/project/RISCV_A910/mySoC/ifu2/rtl/rv32ifu2_top.v:30]
	Parameter ICACHE_EN bound to: 1'b1 
	Parameter BP_EN bound to: 1'b1 
INFO: [Synth 8-6157] synthesizing module 'rv32ifu2_tage' [/home/st-wangjun/project/RISCV_A910/mySoC/ifu2/rtl/rv32ifu2_tage.v:130]
	Parameter T0_AW bound to: 6 - type: integer 
	Parameter ROW_AW bound to: 6 - type: integer 
	Parameter ROW_AW_T1 bound to: 6 - type: integer 
	Parameter ROW_AW_T2 bound to: 6 - type: integer 
	Parameter ROW_AW_T3 bound to: 6 - type: integer 
	Parameter ROW_AW_T4 bound to: 6 - type: integer 
	Parameter NTAB bound to: 4 - type: integer 
	Parameter TAG_W bound to: 6 - type: integer 
	Parameter GHR_W bound to: 16 - type: integer 
	Parameter T0_HIST bound to: 0 - type: integer 
	Parameter SLOTS bound to: 4 - type: integer 
	Parameter TAG_HI bound to: 15 - type: integer 
	Parameter L1 bound to: 2 - type: integer 
	Parameter L2 bound to: 5 - type: integer 
	Parameter L3 bound to: 9 - type: integer 
	Parameter L4 bound to: 14 - type: integer 
	Parameter USEL_AW bound to: 6 - type: integer 
	Parameter USEL_W bound to: 4 - type: integer 
	Parameter USEL_GATE bound to: 1 - type: integer 
INFO: [Synth 8-6155] done synthesizing module 'rv32ifu2_tage' (0#1) [/home/st-wangjun/project/RISCV_A910/mySoC/ifu2/rtl/rv32ifu2_tage.v:130]
INFO: [Synth 8-6157] synthesizing module 'rv32ifu2_icache' [/home/st-wangjun/project/RISCV_A910/mySoC/ifu2/rtl/rv32ifu2_icache.v:68]
	Parameter IC_BYTES bound to: 1024 - type: integer 
	Parameter IC_LINE bound to: 16 - type: integer 
	Parameter IC_WAYS bound to: 2 - type: integer 
	Parameter ICACHE_EN bound to: 1'b1 
INFO: [Synth 8-6157] synthesizing module 'rv32ifu2_spram' [/home/st-wangjun/project/RISCV_A910/mySoC/ifu2/rtl/rv32ifu2_spram.v:64]
	Parameter ADDR_W bound to: 5 - type: integer 
	Parameter DATA_W bound to: 24 - type: integer 
INFO: [Synth 8-6157] synthesizing module 'rv32ifu2_spram_prim' [/home/st-wangjun/project/RISCV_A910/mySoC/ifu2/rtl/rv32ifu2_spram.v:141]
	Parameter ADDR_W bound to: 5 - type: integer 
	Parameter DATA_W bound to: 24 - type: integer 
INFO: [Synth 8-6155] done synthesizing module 'rv32ifu2_spram_prim' (0#1) [/home/st-wangjun/project/RISCV_A910/mySoC/ifu2/rtl/rv32ifu2_spram.v:141]
INFO: [Synth 8-6155] done synthesizing module 'rv32ifu2_spram' (0#1) [/home/st-wangjun/project/RISCV_A910/mySoC/ifu2/rtl/rv32ifu2_spram.v:64]
INFO: [Synth 8-6157] synthesizing module 'rv32ifu2_spram__parameterized0' [/home/st-wangjun/project/RISCV_A910/mySoC/ifu2/rtl/rv32ifu2_spram.v:64]
	Parameter ADDR_W bound to: 5 - type: integer 
	Parameter DATA_W bound to: 128 - type: integer 
INFO: [Synth 8-6157] synthesizing module 'rv32ifu2_spram_prim__parameterized0' [/home/st-wangjun/project/RISCV_A910/mySoC/ifu2/rtl/rv32ifu2_spram.v:141]
	Parameter ADDR_W bound to: 5 - type: integer 
	Parameter DATA_W bound to: 128 - type: integer 
INFO: [Synth 8-6155] done synthesizing module 'rv32ifu2_spram_prim__parameterized0' (0#1) [/home/st-wangjun/project/RISCV_A910/mySoC/ifu2/rtl/rv32ifu2_spram.v:141]
INFO: [Synth 8-6155] done synthesizing module 'rv32ifu2_spram__parameterized0' (0#1) [/home/st-wangjun/project/RISCV_A910/mySoC/ifu2/rtl/rv32ifu2_spram.v:64]
INFO: [Synth 8-6155] done synthesizing module 'rv32ifu2_icache' (0#1) [/home/st-wangjun/project/RISCV_A910/mySoC/ifu2/rtl/rv32ifu2_icache.v:68]
INFO: [Synth 8-6157] synthesizing module 'rv32ifu2_refill' [/home/st-wangjun/project/RISCV_A910/mySoC/ifu2/rtl/rv32ifu2_refill.v:20]
	Parameter IC_LINE bound to: 16 - type: integer 
INFO: [Synth 8-6155] done synthesizing module 'rv32ifu2_refill' (0#1) [/home/st-wangjun/project/RISCV_A910/mySoC/ifu2/rtl/rv32ifu2_refill.v:20]
INFO: [Synth 8-6157] synthesizing module 'rv32ifu2_btb' [/home/st-wangjun/project/RISCV_A910/mySoC/ifu2/rtl/rv32ifu2_btb.v:27]
	Parameter ROW_AW bound to: 6 - type: integer 
	Parameter SLOTS bound to: 4 - type: integer 
INFO: [Synth 8-6155] done synthesizing module 'rv32ifu2_btb' (0#1) [/home/st-wangjun/project/RISCV_A910/mySoC/ifu2/rtl/rv32ifu2_btb.v:27]
INFO: [Synth 8-6157] synthesizing module 'rv32ifu2_ibuf' [/home/st-wangjun/project/RISCV_A910/mySoC/ifu2/rtl/rv32ifu2_ibuf.v:18]
	Parameter DEPTH bound to: 8 - type: integer 
	Parameter W bound to: 153 - type: integer 
INFO: [Synth 8-6155] done synthesizing module 'rv32ifu2_ibuf' (0#1) [/home/st-wangjun/project/RISCV_A910/mySoC/ifu2/rtl/rv32ifu2_ibuf.v:18]
INFO: [Synth 8-6157] synthesizing module 'rv32ifu2_ras' [/home/st-wangjun/project/RISCV_A910/mySoC/ifu2/rtl/rv32ifu2_ras.v:28]
	Parameter DEPTH bound to: 8 - type: integer 
	Parameter AW bound to: 3 - type: integer 
INFO: [Synth 8-6155] done synthesizing module 'rv32ifu2_ras' (0#1) [/home/st-wangjun/project/RISCV_A910/mySoC/ifu2/rtl/rv32ifu2_ras.v:28]
INFO: [Synth 8-6155] done synthesizing module 'rv32ifu2_top' (0#1) [/home/st-wangjun/project/RISCV_A910/mySoC/ifu2/rtl/rv32ifu2_top.v:30]
INFO: [Synth 8-6157] synthesizing module 'ifu_biu_mem' [/home/st-wangjun/project/RISCV_A910/mySoC/ifu_biu_mem.v:40]
INFO: [Synth 8-6157] synthesizing module 'sync_rom_1r1w' [/home/st-wangjun/project/RISCV_A910/mySoC/sync_mem.v:163]
	Parameter ADDR_W bound to: 12 - type: integer 
	Parameter DATA_W bound to: 128 - type: integer 
INFO: [Synth 8-6157] synthesizing module 'sync_rom_1r1w_prim' [/home/st-wangjun/project/RISCV_A910/mySoC/sync_mem.v:183]
	Parameter ADDR_W bound to: 12 - type: integer 
	Parameter DATA_W bound to: 128 - type: integer 
INFO: [Synth 8-3876] $readmem data file '/home/st-wangjun/project/RISCV_A910/synth/vivado/fmax_impl_6.0ns/meminit128.hex' is read successfully [/home/st-wangjun/project/RISCV_A910/mySoC/sync_mem.v:196]
INFO: [Synth 8-6155] done synthesizing module 'sync_rom_1r1w_prim' (0#1) [/home/st-wangjun/project/RISCV_A910/mySoC/sync_mem.v:183]
INFO: [Synth 8-6155] done synthesizing module 'sync_rom_1r1w' (0#1) [/home/st-wangjun/project/RISCV_A910/mySoC/sync_mem.v:163]
INFO: [Synth 8-6155] done synthesizing module 'ifu_biu_mem' (0#1) [/home/st-wangjun/project/RISCV_A910/mySoC/ifu_biu_mem.v:40]
INFO: [Synth 8-6157] synthesizing module 'IF_ID' [/home/st-wangjun/project/RISCV_A910/mySoC/IF_ID.v:23]
INFO: [Synth 8-6155] done synthesizing module 'IF_ID' (0#1) [/home/st-wangjun/project/RISCV_A910/mySoC/IF_ID.v:23]
INFO: [Synth 8-6157] synthesizing module 'SEXT' [/home/st-wangjun/project/RISCV_A910/mySoC/SEXT.v:23]
INFO: [Synth 8-6155] done synthesizing module 'SEXT' (0#1) [/home/st-wangjun/project/RISCV_A910/mySoC/SEXT.v:23]
INFO: [Synth 8-6157] synthesizing module 'Control' [/home/st-wangjun/project/RISCV_A910/mySoC/Control.v:23]
INFO: [Synth 8-226] default block is never used [/home/st-wangjun/project/RISCV_A910/mySoC/Control.v:182]
INFO: [Synth 8-226] default block is never used [/home/st-wangjun/project/RISCV_A910/mySoC/Control.v:198]
INFO: [Synth 8-6155] done synthesizing module 'Control' (0#1) [/home/st-wangjun/project/RISCV_A910/mySoC/Control.v:23]
INFO: [Synth 8-6157] synthesizing module 'RegFile' [/home/st-wangjun/project/RISCV_A910/mySoC/RegFile.v:25]
INFO: [Synth 8-6155] done synthesizing module 'RegFile' (0#1) [/home/st-wangjun/project/RISCV_A910/mySoC/RegFile.v:25]
INFO: [Synth 8-6157] synthesizing module 'ALU_input_MUX' [/home/st-wangjun/project/RISCV_A910/mySoC/ALU_input_MUX.v:23]
INFO: [Synth 8-6155] done synthesizing module 'ALU_input_MUX' (0#1) [/home/st-wangjun/project/RISCV_A910/mySoC/ALU_input_MUX.v:23]
INFO: [Synth 8-6157] synthesizing module 'ID_EX' [/home/st-wangjun/project/RISCV_A910/mySoC/ID_EX.v:23]
INFO: [Synth 8-6155] done synthesizing module 'ID_EX' (0#1) [/home/st-wangjun/project/RISCV_A910/mySoC/ID_EX.v:23]
INFO: [Synth 8-6157] synthesizing module 'ALU' [/home/st-wangjun/project/RISCV_A910/mySoC/ALU.v:24]
INFO: [Synth 8-6155] done synthesizing module 'ALU' (0#1) [/home/st-wangjun/project/RISCV_A910/mySoC/ALU.v:24]
INFO: [Synth 8-6157] synthesizing module 'MUL_DIV' [/home/st-wangjun/project/RISCV_A910/mySoC/MUL_DIV.v:35]
	Parameter DATA_W bound to: 32 - type: integer 
	Parameter TAG_W bound to: 7 - type: integer 
INFO: [Synth 8-6157] synthesizing module 'mul_pipe' [/home/st-wangjun/project/RISCV_A910/mySoC/mul_pipe.v:35]
	Parameter TAG_W bound to: 7 - type: integer 
INFO: [Synth 8-6155] done synthesizing module 'mul_pipe' (0#1) [/home/st-wangjun/project/RISCV_A910/mySoC/mul_pipe.v:35]
INFO: [Synth 8-6157] synthesizing module 'div_pipe' [/home/st-wangjun/project/RISCV_A910/mySoC/div_pipe.v:54]
	Parameter TAG_W bound to: 7 - type: integer 
INFO: [Synth 8-6155] done synthesizing module 'div_pipe' (0#1) [/home/st-wangjun/project/RISCV_A910/mySoC/div_pipe.v:54]
INFO: [Synth 8-6155] done synthesizing module 'MUL_DIV' (0#1) [/home/st-wangjun/project/RISCV_A910/mySoC/MUL_DIV.v:35]
INFO: [Synth 8-6157] synthesizing module 'EX_wD_MUX1' [/home/st-wangjun/project/RISCV_A910/mySoC/EX_wD_MUX1.v:23]
INFO: [Synth 8-6155] done synthesizing module 'EX_wD_MUX1' (0#1) [/home/st-wangjun/project/RISCV_A910/mySoC/EX_wD_MUX1.v:23]
INFO: [Synth 8-6157] synthesizing module 'CSR' [/home/st-wangjun/project/RISCV_A910/mySoC/CSR.v:18]
INFO: [Synth 8-6155] done synthesizing module 'CSR' (0#1) [/home/st-wangjun/project/RISCV_A910/mySoC/CSR.v:18]
INFO: [Synth 8-6157] synthesizing module 'EX_MEM' [/home/st-wangjun/project/RISCV_A910/mySoC/EX_MEM.v:23]
INFO: [Synth 8-6155] done synthesizing module 'EX_MEM' (0#1) [/home/st-wangjun/project/RISCV_A910/mySoC/EX_MEM.v:23]
WARNING: [Synth 8-7071] port 'mem_csr_we' of module 'EX_MEM' is unconnected for instance 'U_EX_MEM' [/home/st-wangjun/project/RISCV_A910/mySoC/mycpu.v:971]
WARNING: [Synth 8-7023] instance 'U_EX_MEM' of module 'EX_MEM' has 38 connections declared, but only 37 given [/home/st-wangjun/project/RISCV_A910/mySoC/mycpu.v:971]
INFO: [Synth 8-6157] synthesizing module 'MEM' [/home/st-wangjun/project/RISCV_A910/mySoC/MEM.v:23]
INFO: [Synth 8-226] default block is never used [/home/st-wangjun/project/RISCV_A910/mySoC/MEM.v:47]
INFO: [Synth 8-226] default block is never used [/home/st-wangjun/project/RISCV_A910/mySoC/MEM.v:52]
INFO: [Synth 8-226] default block is never used [/home/st-wangjun/project/RISCV_A910/mySoC/MEM.v:61]
INFO: [Synth 8-226] default block is never used [/home/st-wangjun/project/RISCV_A910/mySoC/MEM.v:89]
INFO: [Synth 8-6155] done synthesizing module 'MEM' (0#1) [/home/st-wangjun/project/RISCV_A910/mySoC/MEM.v:23]
INFO: [Synth 8-6157] synthesizing module 'MEM_wD_MUX' [/home/st-wangjun/project/RISCV_A910/mySoC/MEM_wD_MUX.v:23]
INFO: [Synth 8-6155] done synthesizing module 'MEM_wD_MUX' (0#1) [/home/st-wangjun/project/RISCV_A910/mySoC/MEM_wD_MUX.v:23]
INFO: [Synth 8-6157] synthesizing module 'MEM_WB' [/home/st-wangjun/project/RISCV_A910/mySoC/MEM_WB.v:23]
INFO: [Synth 8-6155] done synthesizing module 'MEM_WB' (0#1) [/home/st-wangjun/project/RISCV_A910/mySoC/MEM_WB.v:23]
INFO: [Synth 8-6157] synthesizing module 'Hazard_Detection' [/home/st-wangjun/project/RISCV_A910/mySoC/Hazard_Detection.v:21]
INFO: [Synth 8-6155] done synthesizing module 'Hazard_Detection' (0#1) [/home/st-wangjun/project/RISCV_A910/mySoC/Hazard_Detection.v:21]
INFO: [Synth 8-6155] done synthesizing module 'myCPU' (0#1) [/home/st-wangjun/project/RISCV_A910/mySoC/mycpu.v:14]
INFO: [Synth 8-6157] synthesizing module 'perip_bridge' [/home/st-wangjun/project/RISCV_A910/mySoC/perip_bridge.v:26]
INFO: [Synth 8-6155] done synthesizing module 'perip_bridge' (0#1) [/home/st-wangjun/project/RISCV_A910/mySoC/perip_bridge.v:26]
INFO: [Synth 8-6157] synthesizing module 'sync_ram_1r1w' [/home/st-wangjun/project/RISCV_A910/mySoC/sync_mem.v:63]
	Parameter ADDR_W bound to: 14 - type: integer 
	Parameter DATA_W bound to: 32 - type: integer 
INFO: [Synth 8-6157] synthesizing module 'sync_ram_1r1w_prim' [/home/st-wangjun/project/RISCV_A910/mySoC/sync_mem.v:126]
	Parameter ADDR_W bound to: 14 - type: integer 
	Parameter DATA_W bound to: 32 - type: integer 
INFO: [Synth 8-3876] $readmem data file '/home/st-wangjun/project/RISCV_A910/synth/vivado/fmax_impl_6.0ns/meminit.hex' is read successfully [/home/st-wangjun/project/RISCV_A910/mySoC/sync_mem.v:142]
INFO: [Synth 8-6155] done synthesizing module 'sync_ram_1r1w_prim' (0#1) [/home/st-wangjun/project/RISCV_A910/mySoC/sync_mem.v:126]
INFO: [Synth 8-6155] done synthesizing module 'sync_ram_1r1w' (0#1) [/home/st-wangjun/project/RISCV_A910/mySoC/sync_mem.v:63]
INFO: [Synth 8-6155] done synthesizing module 'miniRV_SoC' (0#1) [/home/st-wangjun/project/RISCV_A910/mySoC/miniRV_SoC.v:60]
INFO: [Synth 8-6155] done synthesizing module 'top_fmax' (0#1) [/home/st-wangjun/project/RISCV_A910/synth/top_fmax.v:12]
WARNING: [Synth 8-6014] Unused sequential element q_usel_idx_reg was removed.  [/home/st-wangjun/project/RISCV_A910/mySoC/ifu2/rtl/rv32ifu2_tage.v:334]
WARNING: [Synth 8-6014] Unused sequential element u1_usel_idx_reg was removed.  [/home/st-wangjun/project/RISCV_A910/mySoC/ifu2/rtl/rv32ifu2_tage.v:742]
WARNING: [Synth 8-4767] Trying to implement RAM ' ' in registers. Block RAM or DRAM implementation is not possible; see log for reasons.
	1: RAM has multiple writes via different ports in same process. If RAM inferencing intended, write to one port per process. 
	2: Unable to determine number of words or word size in RAM. 
	3: No valid read/write found for RAM. 
RAM dissolved into registers
WARNING: [Synth 8-4767] Trying to implement RAM 'ent_q_reg' in registers. Block RAM or DRAM implementation is not possible; see log for reasons.
Reason is one or more of the following :
	1: RAM has multiple writes via different ports in same process. If RAM inferencing intended, write to one port per process. 
	2: Unable to determine number of words or word size in RAM. 
	3: No valid read/write found for RAM. 
RAM "ent_q_reg" dissolved into registers
WARNING: [Synth 8-6014] Unused sequential element op_r_reg was removed.  [/home/st-wangjun/project/RISCV_A910/mySoC/div_pipe.v:207]
WARNING: [Synth 8-3848] Net mem_csr_we in module/entity myCPU does not have driver. [/home/st-wangjun/project/RISCV_A910/mySoC/mycpu.v:193]
WARNING: [Synth 8-7129] Port flush_tag[6] in module MUL_DIV is either unconnected or has no load
WARNING: [Synth 8-7129] Port flush_tag[5] in module MUL_DIV is either unconnected or has no load
WARNING: [Synth 8-7129] Port flush_tag[4] in module MUL_DIV is either unconnected or has no load
WARNING: [Synth 8-7129] Port flush_tag[3] in module MUL_DIV is either unconnected or has no load
WARNING: [Synth 8-7129] Port flush_tag[2] in module MUL_DIV is either unconnected or has no load
WARNING: [Synth 8-7129] Port flush_tag[1] in module MUL_DIV is either unconnected or has no load
WARNING: [Synth 8-7129] Port flush_tag[0] in module MUL_DIV is either unconnected or has no load
WARNING: [Synth 8-7129] Port pop_num[3] in module rv32ifu2_ras is either unconnected or has no load
WARNING: [Synth 8-7129] Port rd_pc[31] in module rv32ifu2_btb is either unconnected or has no load
WARNING: [Synth 8-7129] Port rd_pc[30] in module rv32ifu2_btb is either unconnected or has no load
WARNING: [Synth 8-7129] Port rd_pc[29] in module rv32ifu2_btb is either unconnected or has no load
WARNING: [Synth 8-7129] Port rd_pc[28] in module rv32ifu2_btb is either unconnected or has no load
WARNING: [Synth 8-7129] Port rd_pc[27] in module rv32ifu2_btb is either unconnected or has no load
WARNING: [Synth 8-7129] Port rd_pc[26] in module rv32ifu2_btb is either unconnected or has no load
WARNING: [Synth 8-7129] Port rd_pc[25] in module rv32ifu2_btb is either unconnected or has no load
WARNING: [Synth 8-7129] Port rd_pc[24] in module rv32ifu2_btb is either unconnected or has no load
WARNING: [Synth 8-7129] Port rd_pc[23] in module rv32ifu2_btb is either unconnected or has no load
WARNING: [Synth 8-7129] Port rd_pc[22] in module rv32ifu2_btb is either unconnected or has no load
WARNING: [Synth 8-7129] Port rd_pc[21] in module rv32ifu2_btb is either unconnected or has no load
WARNING: [Synth 8-7129] Port rd_pc[20] in module rv32ifu2_btb is either unconnected or has no load
WARNING: [Synth 8-7129] Port rd_pc[19] in module rv32ifu2_btb is either unconnected or has no load
WARNING: [Synth 8-7129] Port rd_pc[18] in module rv32ifu2_btb is either unconnected or has no load
WARNING: [Synth 8-7129] Port rd_pc[17] in module rv32ifu2_btb is either unconnected or has no load
WARNING: [Synth 8-7129] Port rd_pc[16] in module rv32ifu2_btb is either unconnected or has no load
WARNING: [Synth 8-7129] Port rd_pc[3] in module rv32ifu2_btb is either unconnected or has no load
WARNING: [Synth 8-7129] Port rd_pc[2] in module rv32ifu2_btb is either unconnected or has no load
WARNING: [Synth 8-7129] Port rd_pc[1] in module rv32ifu2_btb is either unconnected or has no load
WARNING: [Synth 8-7129] Port rd_pc[0] in module rv32ifu2_btb is either unconnected or has no load
WARNING: [Synth 8-7129] Port upd_pc[31] in module rv32ifu2_btb is either unconnected or has no load
WARNING: [Synth 8-7129] Port upd_pc[30] in module rv32ifu2_btb is either unconnected or has no load
WARNING: [Synth 8-7129] Port upd_pc[29] in module rv32ifu2_btb is either unconnected or has no load
WARNING: [Synth 8-7129] Port upd_pc[28] in module rv32ifu2_btb is either unconnected or has no load
WARNING: [Synth 8-7129] Port upd_pc[27] in module rv32ifu2_btb is either unconnected or has no load
WARNING: [Synth 8-7129] Port upd_pc[26] in module rv32ifu2_btb is either unconnected or has no load
WARNING: [Synth 8-7129] Port upd_pc[25] in module rv32ifu2_btb is either unconnected or has no load
WARNING: [Synth 8-7129] Port upd_pc[24] in module rv32ifu2_btb is either unconnected or has no load
WARNING: [Synth 8-7129] Port upd_pc[23] in module rv32ifu2_btb is either unconnected or has no load
WARNING: [Synth 8-7129] Port upd_pc[22] in module rv32ifu2_btb is either unconnected or has no load
WARNING: [Synth 8-7129] Port upd_pc[21] in module rv32ifu2_btb is either unconnected or has no load
WARNING: [Synth 8-7129] Port upd_pc[20] in module rv32ifu2_btb is either unconnected or has no load
WARNING: [Synth 8-7129] Port upd_pc[19] in module rv32ifu2_btb is either unconnected or has no load
WARNING: [Synth 8-7129] Port upd_pc[18] in module rv32ifu2_btb is either unconnected or has no load
WARNING: [Synth 8-7129] Port upd_pc[17] in module rv32ifu2_btb is either unconnected or has no load
WARNING: [Synth 8-7129] Port upd_pc[16] in module rv32ifu2_btb is either unconnected or has no load
WARNING: [Synth 8-7129] Port upd_pc[1] in module rv32ifu2_btb is either unconnected or has no load
WARNING: [Synth 8-7129] Port upd_pc[0] in module rv32ifu2_btb is either unconnected or has no load
WARNING: [Synth 8-7129] Port upd_target[31] in module rv32ifu2_btb is either unconnected or has no load
WARNING: [Synth 8-7129] Port upd_target[30] in module rv32ifu2_btb is either unconnected or has no load
WARNING: [Synth 8-7129] Port upd_target[29] in module rv32ifu2_btb is either unconnected or has no load
WARNING: [Synth 8-7129] Port upd_target[28] in module rv32ifu2_btb is either unconnected or has no load
WARNING: [Synth 8-7129] Port upd_target[27] in module rv32ifu2_btb is either unconnected or has no load
WARNING: [Synth 8-7129] Port upd_target[26] in module rv32ifu2_btb is either unconnected or has no load
WARNING: [Synth 8-7129] Port upd_target[25] in module rv32ifu2_btb is either unconnected or has no load
WARNING: [Synth 8-7129] Port upd_target[24] in module rv32ifu2_btb is either unconnected or has no load
WARNING: [Synth 8-7129] Port upd_target[23] in module rv32ifu2_btb is either unconnected or has no load
WARNING: [Synth 8-7129] Port upd_target[22] in module rv32ifu2_btb is either unconnected or has no load
WARNING: [Synth 8-7129] Port upd_target[21] in module rv32ifu2_btb is either unconnected or has no load
WARNING: [Synth 8-7129] Port upd_target[20] in module rv32ifu2_btb is either unconnected or has no load
WARNING: [Synth 8-7129] Port upd_target[19] in module rv32ifu2_btb is either unconnected or has no load
WARNING: [Synth 8-7129] Port upd_target[18] in module rv32ifu2_btb is either unconnected or has no load
WARNING: [Synth 8-7129] Port upd_target[17] in module rv32ifu2_btb is either unconnected or has no load
WARNING: [Synth 8-7129] Port upd_target[16] in module rv32ifu2_btb is either unconnected or has no load
WARNING: [Synth 8-7129] Port upd_jal in module rv32ifu2_btb is either unconnected or has no load
WARNING: [Synth 8-7129] Port upd_jalr in module rv32ifu2_btb is either unconnected or has no load
WARNING: [Synth 8-7129] Port req_pc[3] in module rv32ifu2_refill is either unconnected or has no load
WARNING: [Synth 8-7129] Port req_pc[2] in module rv32ifu2_refill is either unconnected or has no load
WARNING: [Synth 8-7129] Port req_pc[1] in module rv32ifu2_refill is either unconnected or has no load
WARNING: [Synth 8-7129] Port req_pc[0] in module rv32ifu2_refill is either unconnected or has no load
WARNING: [Synth 8-7129] Port biu_rd_rid in module rv32ifu2_refill is either unconnected or has no load
WARNING: [Synth 8-7129] Port biu_rd_last in module rv32ifu2_refill is either unconnected or has no load
WARNING: [Synth 8-7129] Port biu_rd_resp[1] in module rv32ifu2_refill is either unconnected or has no load
WARNING: [Synth 8-7129] Port biu_rd_resp[0] in module rv32ifu2_refill is either unconnected or has no load
WARNING: [Synth 8-7129] Port refill_pc[3] in module rv32ifu2_icache is either unconnected or has no load
WARNING: [Synth 8-7129] Port refill_pc[2] in module rv32ifu2_icache is either unconnected or has no load
WARNING: [Synth 8-7129] Port refill_pc[1] in module rv32ifu2_icache is either unconnected or has no load
WARNING: [Synth 8-7129] Port refill_pc[0] in module rv32ifu2_icache is either unconnected or has no load
WARNING: [Synth 8-7129] Port rd_pc[31] in module rv32ifu2_tage is either unconnected or has no load
WARNING: [Synth 8-7129] Port rd_pc[30] in module rv32ifu2_tage is either unconnected or has no load
WARNING: [Synth 8-7129] Port rd_pc[29] in module rv32ifu2_tage is either unconnected or has no load
WARNING: [Synth 8-7129] Port rd_pc[28] in module rv32ifu2_tage is either unconnected or has no load
WARNING: [Synth 8-7129] Port rd_pc[27] in module rv32ifu2_tage is either unconnected or has no load
WARNING: [Synth 8-7129] Port rd_pc[26] in module rv32ifu2_tage is either unconnected or has no load
WARNING: [Synth 8-7129] Port rd_pc[25] in module rv32ifu2_tage is either unconnected or has no load
WARNING: [Synth 8-7129] Port rd_pc[24] in module rv32ifu2_tage is either unconnected or has no load
WARNING: [Synth 8-7129] Port rd_pc[23] in module rv32ifu2_tage is either unconnected or has no load
WARNING: [Synth 8-7129] Port rd_pc[22] in module rv32ifu2_tage is either unconnected or has no load
WARNING: [Synth 8-7129] Port rd_pc[21] in module rv32ifu2_tage is either unconnected or has no load
WARNING: [Synth 8-7129] Port rd_pc[20] in module rv32ifu2_tage is either unconnected or has no load
WARNING: [Synth 8-7129] Port rd_pc[19] in module rv32ifu2_tage is either unconnected or has no load
WARNING: [Synth 8-7129] Port rd_pc[18] in module rv32ifu2_tage is either unconnected or has no load
WARNING: [Synth 8-7129] Port rd_pc[17] in module rv32ifu2_tage is either unconnected or has no load
WARNING: [Synth 8-7129] Port rd_pc[16] in module rv32ifu2_tage is either unconnected or has no load
WARNING: [Synth 8-7129] Port rd_pc[3] in module rv32ifu2_tage is either unconnected or has no load
WARNING: [Synth 8-7129] Port rd_pc[2] in module rv32ifu2_tage is either unconnected or has no load
WARNING: [Synth 8-7129] Port rd_pc[1] in module rv32ifu2_tage is either unconnected or has no load
WARNING: [Synth 8-7129] Port rd_pc[0] in module rv32ifu2_tage is either unconnected or has no load
WARNING: [Synth 8-7129] Port rd_ghr[15] in module rv32ifu2_tage is either unconnected or has no load
WARNING: [Synth 8-7129] Port rd_ghr[14] in module rv32ifu2_tage is either unconnected or has no load
WARNING: [Synth 8-7129] Port upd_pc[31] in module rv32ifu2_tage is either unconnected or has no load
WARNING: [Synth 8-7129] Port upd_pc[30] in module rv32ifu2_tage is either unconnected or has no load
INFO: [Common 17-14] Message 'Synth 8-7129' appears 100 times and further instances of the messages will be disabled. Use the Tcl command set_msg_config to change the current settings.
---------------------------------------------------------------------------------
Finished RTL Elaboration : Time (s): cpu = 00:00:05 ; elapsed = 00:00:06 . Memory (MB): peak = 2370.758 ; gain = 570.898 ; free physical = 90553 ; free virtual = 951051
---------------------------------------------------------------------------------
---------------------------------------------------------------------------------
Start Handling Custom Attributes
---------------------------------------------------------------------------------
---------------------------------------------------------------------------------
Finished Handling Custom Attributes : Time (s): cpu = 00:00:05 ; elapsed = 00:00:06 . Memory (MB): peak = 2385.594 ; gain = 585.734 ; free physical = 90583 ; free virtual = 951037
---------------------------------------------------------------------------------
---------------------------------------------------------------------------------
Finished RTL Optimization Phase 1 : Time (s): cpu = 00:00:05 ; elapsed = 00:00:06 . Memory (MB): peak = 2385.594 ; gain = 585.734 ; free physical = 90583 ; free virtual = 951037
---------------------------------------------------------------------------------
Netlist sorting complete. Time (s): cpu = 00:00:00.12 ; elapsed = 00:00:00.11 . Memory (MB): peak = 2391.531 ; gain = 0.000 ; free physical = 90551 ; free virtual = 951006
INFO: [Project 1-570] Preparing netlist for logic optimization

Processing XDC Constraints
Initializing timing engine
Parsing XDC File [/home/st-wangjun/project/RISCV_A910/synth/vivado/fmax_impl_6.0ns/fmax_gen.xdc]
Finished Parsing XDC File [/home/st-wangjun/project/RISCV_A910/synth/vivado/fmax_impl_6.0ns/fmax_gen.xdc]
Completed Processing XDC Constraints

Netlist sorting complete. Time (s): cpu = 00:00:00 ; elapsed = 00:00:00 . Memory (MB): peak = 2562.000 ; gain = 0.000 ; free physical = 90444 ; free virtual = 950899
INFO: [Project 1-111] Unisim Transformation Summary:
No Unisim elements were transformed.

Constraint Validation Runtime : Time (s): cpu = 00:00:00.36 ; elapsed = 00:00:00.07 . Memory (MB): peak = 2562.000 ; gain = 0.000 ; free physical = 90424 ; free virtual = 950879
---------------------------------------------------------------------------------
Finished Constraint Validation : Time (s): cpu = 00:00:14 ; elapsed = 00:00:13 . Memory (MB): peak = 2562.000 ; gain = 762.141 ; free physical = 90418 ; free virtual = 950880
---------------------------------------------------------------------------------
---------------------------------------------------------------------------------
Start Loading Part and Timing Information
---------------------------------------------------------------------------------
Loading part: xc7k325tffg900-2
---------------------------------------------------------------------------------
Finished Loading Part and Timing Information : Time (s): cpu = 00:00:14 ; elapsed = 00:00:13 . Memory (MB): peak = 2562.000 ; gain = 762.141 ; free physical = 90418 ; free virtual = 950879
---------------------------------------------------------------------------------
---------------------------------------------------------------------------------
Start Applying 'set_property' XDC Constraints
---------------------------------------------------------------------------------
---------------------------------------------------------------------------------
Finished applying 'set_property' XDC Constraints : Time (s): cpu = 00:00:14 ; elapsed = 00:00:13 . Memory (MB): peak = 2562.000 ; gain = 762.141 ; free physical = 90417 ; free virtual = 950880
---------------------------------------------------------------------------------
INFO: [Synth 8-802] inferred FSM for state register 'state_q_reg' in module 'rv32ifu2_refill'
INFO: [Synth 8-802] inferred FSM for state register 'state_reg' in module 'div_pipe'
---------------------------------------------------------------------------------------------------
                   State |                     New Encoding |                Previous Encoding 
---------------------------------------------------------------------------------------------------
                  S_IDLE |                              001 |                               00
                   S_REQ |                              010 |                               01
                  S_WAIT |                              100 |                               10
---------------------------------------------------------------------------------------------------
INFO: [Synth 8-3354] encoded FSM with state register 'state_q_reg' using encoding 'one-hot' in module 'rv32ifu2_refill'
---------------------------------------------------------------------------------------------------
                   State |                     New Encoding |                Previous Encoding 
---------------------------------------------------------------------------------------------------
                 ST_IDLE |                            00001 |                              000
                 ST_PREP |                            00010 |                              001
                 ST_ITER |                            00100 |                              010
                ST_FIXUP |                            01000 |                              011
                  iSTATE |                            10000 |                              100
*
---------------------------------------------------------------------------------------------------
INFO: [Synth 8-3354] encoded FSM with state register 'state_reg' using encoding 'one-hot' in module 'div_pipe'
---------------------------------------------------------------------------------
Finished RTL Optimization Phase 2 : Time (s): cpu = 00:00:16 ; elapsed = 00:00:16 . Memory (MB): peak = 2562.000 ; gain = 762.141 ; free physical = 90391 ; free virtual = 950881
---------------------------------------------------------------------------------
---------------------------------------------------------------------------------
Start RTL Component Statistics 
---------------------------------------------------------------------------------
Detailed RTL Component Info : 
+---Adders : 
	   3 Input   64 Bit       Adders := 1     
	   3 Input   35 Bit       Adders := 3     
	   2 Input   34 Bit       Adders := 1     
	   2 Input   32 Bit       Adders := 18    
	   3 Input   32 Bit       Adders := 1     
	   2 Input    7 Bit       Adders := 2     
	   3 Input    7 Bit       Adders := 1     
	   2 Input    6 Bit       Adders := 2     
	   4 Input    5 Bit       Adders := 1     
	   2 Input    4 Bit       Adders := 3     
	   3 Input    4 Bit       Adders := 1     
	   2 Input    3 Bit       Adders := 8     
	   3 Input    3 Bit       Adders := 3     
	   4 Input    3 Bit       Adders := 1     
	   2 Input    2 Bit       Adders := 11    
+---XORs : 
	   3 Input     64 Bit         XORs := 17    
	   2 Input     32 Bit         XORs := 1     
	   2 Input      6 Bit         XORs := 16    
	   2 Input      1 Bit         XORs := 44    
	   3 Input      1 Bit         XORs := 8     
+---Registers : 
	              153 Bit    Registers := 8     
	              128 Bit    Registers := 5     
	               64 Bit    Registers := 6     
	               34 Bit    Registers := 1     
	               33 Bit    Registers := 1     
	               32 Bit    Registers := 86    
	               25 Bit    Registers := 2     
	               24 Bit    Registers := 8     
	               16 Bit    Registers := 2     
	               12 Bit    Registers := 1     
	                8 Bit    Registers := 1     
	                7 Bit    Registers := 10    
	                6 Bit    Registers := 17    
	                5 Bit    Registers := 6     
	                4 Bit    Registers := 8     
	                3 Bit    Registers := 4     
	                2 Bit    Registers := 10    
	                1 Bit    Registers := 70    
+---RAMs : 
	             512K Bit	(16384 X 32 bit)          RAMs := 1     
	               4K Bit	(32 X 128 bit)          RAMs := 2     
	               4K Bit	(64 X 64 bit)          RAMs := 1     
	              768 Bit	(32 X 24 bit)          RAMs := 2     
	              448 Bit	(64 X 7 bit)          RAMs := 1     
	              256 Bit	(64 X 4 bit)          RAMs := 1     
	               64 Bit	(64 X 1 bit)          RAMs := 1     
+---ROMs : 
	                    ROMs := 1     
+---Muxes : 
	   2 Input 1224 Bit        Muxes := 2     
	   2 Input  153 Bit        Muxes := 40    
	   2 Input  128 Bit        Muxes := 5     
	   2 Input   64 Bit        Muxes := 6     
	   4 Input   64 Bit        Muxes := 1     
	   2 Input   34 Bit        Muxes := 34    
	   2 Input   33 Bit        Muxes := 1     
	   2 Input   32 Bit        Muxes := 144   
	   4 Input   32 Bit        Muxes := 12    
	   8 Input   32 Bit        Muxes := 1     
	  17 Input   32 Bit        Muxes := 1     
	   3 Input   32 Bit        Muxes := 1     
	   2 Input   25 Bit        Muxes := 3     
	   2 Input   24 Bit        Muxes := 70    
	   4 Input   24 Bit        Muxes := 2     
	   4 Input   16 Bit        Muxes := 2     
	   2 Input   16 Bit        Muxes := 14    
	   2 Input   12 Bit        Muxes := 1     
	   2 Input    8 Bit        Muxes := 11    
	   4 Input    8 Bit        Muxes := 1     
	   5 Input    7 Bit        Muxes := 8     
	   2 Input    7 Bit        Muxes := 14    
	   4 Input    7 Bit        Muxes := 1     
	   4 Input    6 Bit        Muxes := 8     
	   2 Input    6 Bit        Muxes := 80    
	   4 Input    5 Bit        Muxes := 2     
	   2 Input    5 Bit        Muxes := 6     
	  11 Input    5 Bit        Muxes := 1     
	   7 Input    5 Bit        Muxes := 1     
	   2 Input    4 Bit        Muxes := 16    
	   8 Input    4 Bit        Muxes := 2     
	   7 Input    4 Bit        Muxes := 1     
	   6 Input    4 Bit        Muxes := 1     
	   2 Input    3 Bit        Muxes := 24    
	   9 Input    3 Bit        Muxes := 3     
	   5 Input    3 Bit        Muxes := 2     
	  11 Input    3 Bit        Muxes := 1     
	   6 Input    3 Bit        Muxes := 1     
	   4 Input    3 Bit        Muxes := 2     
	   8 Input    3 Bit        Muxes := 1     
	   2 Input    2 Bit        Muxes := 63    
	   4 Input    2 Bit        Muxes := 8     
	  11 Input    2 Bit        Muxes := 4     
	   3 Input    2 Bit        Muxes := 4     
	   2 Input    1 Bit        Muxes := 308   
	   3 Input    1 Bit        Muxes := 51    
	   4 Input    1 Bit        Muxes := 1     
	   9 Input    1 Bit        Muxes := 3     
	   5 Input    1 Bit        Muxes := 4     
	  11 Input    1 Bit        Muxes := 4     
	  16 Input    1 Bit        Muxes := 1     
	   8 Input    1 Bit        Muxes := 7     
---------------------------------------------------------------------------------
Finished RTL Component Statistics 
---------------------------------------------------------------------------------
---------------------------------------------------------------------------------
Start Part Resource Summary
---------------------------------------------------------------------------------
Part Resources:
DSPs: 840 (col length:140)
BRAMs: 890 (col length: RAMB18 140 RAMB36 70)
---------------------------------------------------------------------------------
Finished Part Resource Summary
---------------------------------------------------------------------------------
---------------------------------------------------------------------------------
Start Cross Boundary and Area Optimization
---------------------------------------------------------------------------------
WARNING: [Synth 8-7080] Parallel synthesis criteria is not met
INFO: [Synth 8-6851] RAM (dat_q_reg) has partial Byte Wide Write Enable pattern, however no output register found in fanout of RAM. Recommended to use supported Byte Wide Write Enable template. 
INFO: [Synth 8-6851] RAM (dat_q_reg) has partial Byte Wide Write Enable pattern, however no output register found in fanout of RAM. Recommended to use supported Byte Wide Write Enable template. 
---------------------------------------------------------------------------------
Finished Cross Boundary and Area Optimization : Time (s): cpu = 00:01:22 ; elapsed = 00:01:23 . Memory (MB): peak = 2763.047 ; gain = 963.188 ; free physical = 88342 ; free virtual = 948928
---------------------------------------------------------------------------------
---------------------------------------------------------------------------------
Start ROM, RAM, DSP, Shift Register and Retiming Reporting
---------------------------------------------------------------------------------

ROM: Preliminary Mapping Report
+------------+-------------------------------------+---------------+----------------+
|Module Name | RTL Object                          | Depth x Width | Implemented As | 
+------------+-------------------------------------+---------------+----------------+
|top_fmax    | u_ifu_biu_mem/u_rom/u_prim/rd_q_reg | 4096x128      | Block RAM      | 
+------------+-------------------------------------+---------------+----------------+


Block RAM: Preliminary Mapping Report (see note below)
+----------------------------------+-----------------------------+------------------------+---+---+------------------------+---+---+------------------+--------+--------+
|Module Name                       | RTL Object                  | PORT A (Depth x Width) | W | R | PORT B (Depth x Width) | W | R | Ports driving FF | RAMB18 | RAMB36 | 
+----------------------------------+-----------------------------+------------------------+---+---+------------------------+---+---+------------------+--------+--------+
|Core_cpui_0/u_ifu_subsys/u_icache | u_dat_way0/u_prim/mem_q_reg | 32 x 128(READ_FIRST)   | W |   | 32 x 128(WRITE_FIRST)  |   | R | Port A and B     | 0      | 2      | 
|Core_cpui_0/u_ifu_subsys/u_icache | u_dat_way1/u_prim/mem_q_reg | 32 x 128(READ_FIRST)   | W |   | 32 x 128(WRITE_FIRST)  |   | R | Port A and B     | 0      | 2      | 
|top_fmax                          | Mem_DRAM/u_prim/mem_reg     | 16 K x 32(READ_FIRST)  | W |   | 16 K x 32(WRITE_FIRST) |   | R | Port A and B     | 0      | 16     | 
+----------------------------------+-----------------------------+------------------------+---+---+------------------------+---+---+------------------+--------+--------+

Note: The table above is a preliminary report that shows the Block RAMs at the current stage of the synthesis flow. Some Block RAMs may be reimplemented as non Block RAM primitives later in the synthesis flow. Multiple instantiated Block RAMs are reported only once. 

Distributed RAM: Preliminary Mapping Report (see note below)
+-----------------------------------------+-----------------------------+----------------+----------------------+----------------+
|Module Name                              | RTL Object                  | Inference      | Size (Depth x Width) | Primitives     | 
+-----------------------------------------+-----------------------------+----------------+----------------------+----------------+
|Core_cpui_0/u_ifu_subsys/\g_tage.u_tage  | g_tab[2].tg_u_reg           | User Attribute | 64 x 7               | RAM64M x 6     | 
|Core_cpui_0/u_ifu_subsys/\g_tage.u_tage  | g_tab[1].tg_u_reg           | User Attribute | 64 x 7               | RAM64M x 6     | 
|Core_cpui_0/u_ifu_subsys/\g_tage.u_tage  | g_tab[1].pv_u_reg           | User Attribute | 64 x 24              | RAM64M x 16    | 
|Core_cpui_0/u_ifu_subsys/\g_tage.u_tage  | g_tab[3].pv_u_reg           | User Attribute | 64 x 24              | RAM64M x 16    | 
|Core_cpui_0/u_ifu_subsys/\g_tage.u_tage  | g_tab[0].tg_u_reg           | User Attribute | 64 x 7               | RAM64M x 6     | 
|Core_cpui_0/u_ifu_subsys/\g_tage.u_tage  | g_tab[3].tg_u_reg           | User Attribute | 64 x 7               | RAM64M x 6     | 
|Core_cpui_0/u_ifu_subsys/\g_tage.u_tage  | g_tab[0].pv_u_reg           | User Attribute | 64 x 24              | RAM64M x 16    | 
|Core_cpui_0/u_ifu_subsys/\g_tage.u_tage  | g_tab[2].pv_u_reg           | User Attribute | 64 x 24              | RAM64M x 16    | 
|Core_cpui_0/u_ifu_subsys/\g_tage.u_tage  | t0_u_reg                    | User Attribute | 64 x 8               | RAM64M x 6     | 
|Core_cpui_0/u_ifu_subsys/\g_tage.u_tage  | g_tab[1].tg_p_reg           | User Attribute | 64 x 7               | RAM64M x 6     | 
|Core_cpui_0/u_ifu_subsys/\g_tage.u_tage  | g_tab[1].pv_p_reg           | User Attribute | 64 x 24              | RAM64M x 16    | 
|Core_cpui_0/u_ifu_subsys/\g_tage.u_tage  | g_tab[0].tg_p_reg           | User Attribute | 64 x 7               | RAM64M x 6     | 
|Core_cpui_0/u_ifu_subsys/\g_tage.u_tage  | g_tab[0].pv_p_reg           | User Attribute | 64 x 24              | RAM64M x 16    | 
|Core_cpui_0/u_ifu_subsys/\g_tage.u_tage  | g_tab[2].tg_p_reg           | User Attribute | 64 x 7               | RAM64M x 6     | 
|Core_cpui_0/u_ifu_subsys/\g_tage.u_tage  | g_tab[2].pv_p_reg           | User Attribute | 64 x 24              | RAM64M x 16    | 
|Core_cpui_0/u_ifu_subsys/\g_tage.u_tage  | g_tab[3].tg_p_reg           | User Attribute | 64 x 7               | RAM64M x 6     | 
|Core_cpui_0/u_ifu_subsys/\g_tage.u_tage  | g_tab[3].pv_p_reg           | User Attribute | 64 x 24              | RAM64M x 16    | 
|Core_cpui_0/u_ifu_subsys/\g_tage.u_tage  | t0_p_reg                    | User Attribute | 64 x 8               | RAM64M x 6     | 
|Core_cpui_0/u_ifu_subsys/\g_tage.u_tage  | use_sel_q_reg               | Implied        | 64 x 4               | RAM64M x 4     | 
|Core_cpui_0/u_ifu_subsys/\g_tage.u_tage  | usel_sgn_p_reg              | Implied        | 64 x 1               | RAM64M x 2     | 
|Core_cpui_0/u_ifu_subsys/u_icache        | u_tag_way0/u_prim/mem_q_reg | Implied        | 32 x 24              | RAM32M x 4     | 
|Core_cpui_0/u_ifu_subsys/u_icache        | u_tag_way1/u_prim/mem_q_reg | Implied        | 32 x 24              | RAM32M x 4     | 
|Core_cpui_0/u_ifu_subsys/u_btb           | tag_q_reg                   | Implied        | 64 x 7               | RAM64M x 6     | 
|Core_cpui_0/u_ifu_subsys/u_btb           | dat_q_reg                   | Implied        | 64 x 64              | RAM64X1D x 64  | 
+-----------------------------------------+-----------------------------+----------------+----------------------+----------------+

Note: The table above is a preliminary report that shows the Distributed RAMs at the current stage of the synthesis flow. Some Distributed RAMs may be reimplemented as non Distributed RAM primitives later in the synthesis flow. Multiple instantiated RAMs are reported only once.
---------------------------------------------------------------------------------
Finished ROM, RAM, DSP, Shift Register and Retiming Reporting
---------------------------------------------------------------------------------
---------------------------------------------------------------------------------
Start Applying XDC Timing Constraints
---------------------------------------------------------------------------------
---------------------------------------------------------------------------------
Finished Applying XDC Timing Constraints : Time (s): cpu = 00:01:27 ; elapsed = 00:01:27 . Memory (MB): peak = 2763.051 ; gain = 963.191 ; free physical = 88341 ; free virtual = 948929
---------------------------------------------------------------------------------
---------------------------------------------------------------------------------
Start Timing Optimization
---------------------------------------------------------------------------------
---------------------------------------------------------------------------------
Finished Timing Optimization : Time (s): cpu = 00:02:36 ; elapsed = 00:02:37 . Memory (MB): peak = 3088.047 ; gain = 1288.188 ; free physical = 86470 ; free virtual = 947058
---------------------------------------------------------------------------------
---------------------------------------------------------------------------------
Start ROM, RAM, DSP, Shift Register and Retiming Reporting
---------------------------------------------------------------------------------

Block RAM: Final Mapping Report
+----------------------------------+-----------------------------+------------------------+---+---+------------------------+---+---+------------------+--------+--------+
|Module Name                       | RTL Object                  | PORT A (Depth x Width) | W | R | PORT B (Depth x Width) | W | R | Ports driving FF | RAMB18 | RAMB36 | 
+----------------------------------+-----------------------------+------------------------+---+---+------------------------+---+---+------------------+--------+--------+
|Core_cpui_0/u_ifu_subsys/u_icache | u_dat_way0/u_prim/mem_q_reg | 32 x 128(READ_FIRST)   | W |   | 32 x 128(WRITE_FIRST)  |   | R | Port A and B     | 0      | 2      | 
|Core_cpui_0/u_ifu_subsys/u_icache | u_dat_way1/u_prim/mem_q_reg | 32 x 128(READ_FIRST)   | W |   | 32 x 128(WRITE_FIRST)  |   | R | Port A and B     | 0      | 2      | 
|top_fmax                          | Mem_DRAM/u_prim/mem_reg     | 16 K x 32(READ_FIRST)  | W |   | 16 K x 32(WRITE_FIRST) |   | R | Port A and B     | 0      | 16     | 
+----------------------------------+-----------------------------+------------------------+---+---+------------------------+---+---+------------------+--------+--------+


Distributed RAM: Final Mapping Report
+-----------------------------------------+-----------------------------+----------------+----------------------+----------------+
|Module Name                              | RTL Object                  | Inference      | Size (Depth x Width) | Primitives     | 
+-----------------------------------------+-----------------------------+----------------+----------------------+----------------+
|Core_cpui_0/u_ifu_subsys/\g_tage.u_tage  | g_tab[2].tg_u_reg           | User Attribute | 64 x 7               | RAM64M x 6     | 
|Core_cpui_0/u_ifu_subsys/\g_tage.u_tage  | g_tab[1].tg_u_reg           | User Attribute | 64 x 7               | RAM64M x 6     | 
|Core_cpui_0/u_ifu_subsys/\g_tage.u_tage  | g_tab[1].pv_u_reg           | User Attribute | 64 x 24              | RAM64M x 16    | 
|Core_cpui_0/u_ifu_subsys/\g_tage.u_tage  | g_tab[3].pv_u_reg           | User Attribute | 64 x 24              | RAM64M x 16    | 
|Core_cpui_0/u_ifu_subsys/\g_tage.u_tage  | g_tab[0].tg_u_reg           | User Attribute | 64 x 7               | RAM64M x 6     | 
|Core_cpui_0/u_ifu_subsys/\g_tage.u_tage  | g_tab[3].tg_u_reg           | User Attribute | 64 x 7               | RAM64M x 6     | 
|Core_cpui_0/u_ifu_subsys/\g_tage.u_tage  | g_tab[0].pv_u_reg           | User Attribute | 64 x 24              | RAM64M x 16    | 
|Core_cpui_0/u_ifu_subsys/\g_tage.u_tage  | g_tab[2].pv_u_reg           | User Attribute | 64 x 24              | RAM64M x 16    | 
|Core_cpui_0/u_ifu_subsys/\g_tage.u_tage  | t0_u_reg                    | User Attribute | 64 x 8               | RAM64M x 6     | 
|Core_cpui_0/u_ifu_subsys/\g_tage.u_tage  | g_tab[1].tg_p_reg           | User Attribute | 64 x 7               | RAM64M x 6     | 
|Core_cpui_0/u_ifu_subsys/\g_tage.u_tage  | g_tab[1].pv_p_reg           | User Attribute | 64 x 24              | RAM64M x 16    | 
|Core_cpui_0/u_ifu_subsys/\g_tage.u_tage  | g_tab[0].tg_p_reg           | User Attribute | 64 x 7               | RAM64M x 6     | 
|Core_cpui_0/u_ifu_subsys/\g_tage.u_tage  | g_tab[0].pv_p_reg           | User Attribute | 64 x 24              | RAM64M x 16    | 
|Core_cpui_0/u_ifu_subsys/\g_tage.u_tage  | g_tab[2].tg_p_reg           | User Attribute | 64 x 7               | RAM64M x 6     | 
|Core_cpui_0/u_ifu_subsys/\g_tage.u_tage  | g_tab[2].pv_p_reg           | User Attribute | 64 x 24              | RAM64M x 16    | 
|Core_cpui_0/u_ifu_subsys/\g_tage.u_tage  | g_tab[3].tg_p_reg           | User Attribute | 64 x 7               | RAM64M x 6     | 
|Core_cpui_0/u_ifu_subsys/\g_tage.u_tage  | g_tab[3].pv_p_reg           | User Attribute | 64 x 24              | RAM64M x 16    | 
|Core_cpui_0/u_ifu_subsys/\g_tage.u_tage  | t0_p_reg                    | User Attribute | 64 x 8               | RAM64M x 6     | 
|Core_cpui_0/u_ifu_subsys/\g_tage.u_tage  | use_sel_q_reg               | Implied        | 64 x 4               | RAM64M x 4     | 
|Core_cpui_0/u_ifu_subsys/\g_tage.u_tage  | usel_sgn_p_reg              | Implied        | 64 x 1               | RAM64M x 2     | 
|Core_cpui_0/u_ifu_subsys/u_icache        | u_tag_way0/u_prim/mem_q_reg | Implied        | 32 x 24              | RAM32M x 4     | 
|Core_cpui_0/u_ifu_subsys/u_icache        | u_tag_way1/u_prim/mem_q_reg | Implied        | 32 x 24              | RAM32M x 4     | 
|Core_cpui_0/u_ifu_subsys/u_btb           | tag_q_reg                   | Implied        | 64 x 7               | RAM64M x 6     | 
|Core_cpui_0/u_ifu_subsys/u_btb           | dat_q_reg                   | Implied        | 64 x 64              | RAM64X1D x 64  | 
+-----------------------------------------+-----------------------------+----------------+----------------------+----------------+

---------------------------------------------------------------------------------
Finished ROM, RAM, DSP, Shift Register and Retiming Reporting
---------------------------------------------------------------------------------
---------------------------------------------------------------------------------
Start Technology Mapping
---------------------------------------------------------------------------------
INFO: [Synth 8-7052] The timing for the instance u_soc/Core_cpu/u_ifu_subsys/u_icache/u_dat_way0/u_prim/mem_q_reg_0 (implemented as a Block RAM) might be sub-optimal as no optional output register could be merged into the ram block. Providing additional output register may help in improving timing.
INFO: [Synth 8-7052] The timing for the instance u_soc/Core_cpu/u_ifu_subsys/u_icache/u_dat_way0/u_prim/mem_q_reg_1 (implemented as a Block RAM) might be sub-optimal as no optional output register could be merged into the ram block. Providing additional output register may help in improving timing.
INFO: [Synth 8-7052] The timing for the instance u_soc/Core_cpu/u_ifu_subsys/u_icache/u_dat_way1/u_prim/mem_q_reg_0 (implemented as a Block RAM) might be sub-optimal as no optional output register could be merged into the ram block. Providing additional output register may help in improving timing.
INFO: [Synth 8-7052] The timing for the instance u_soc/Core_cpu/u_ifu_subsys/u_icache/u_dat_way1/u_prim/mem_q_reg_1 (implemented as a Block RAM) might be sub-optimal as no optional output register could be merged into the ram block. Providing additional output register may help in improving timing.
INFO: [Synth 8-7052] The timing for the instance u_soc/Core_cpu/u_ifu_biu_mem/u_rom/u_prim/rd_q_reg_0 (implemented as a Block RAM) might be sub-optimal as no optional output register could be merged into the ram block. Providing additional output register may help in improving timing.
INFO: [Synth 8-7052] The timing for the instance u_soc/Core_cpu/u_ifu_biu_mem/u_rom/u_prim/rd_q_reg_1 (implemented as a Block RAM) might be sub-optimal as no optional output register could be merged into the ram block. Providing additional output register may help in improving timing.
INFO: [Synth 8-7052] The timing for the instance u_soc/Core_cpu/u_ifu_biu_mem/u_rom/u_prim/rd_q_reg_2 (implemented as a Block RAM) might be sub-optimal as no optional output register could be merged into the ram block. Providing additional output register may help in improving timing.
INFO: [Synth 8-7052] The timing for the instance u_soc/Core_cpu/u_ifu_biu_mem/u_rom/u_prim/rd_q_reg_3 (implemented as a Block RAM) might be sub-optimal as no optional output register could be merged into the ram block. Providing additional output register may help in improving timing.
INFO: [Synth 8-7052] The timing for the instance u_soc/Core_cpu/u_ifu_biu_mem/u_rom/u_prim/rd_q_reg_4 (implemented as a Block RAM) might be sub-optimal as no optional output register could be merged into the ram block. Providing additional output register may help in improving timing.
INFO: [Synth 8-7052] The timing for the instance u_soc/Core_cpu/u_ifu_biu_mem/u_rom/u_prim/rd_q_reg_5 (implemented as a Block RAM) might be sub-optimal as no optional output register could be merged into the ram block. Providing additional output register may help in improving timing.
INFO: [Synth 8-7052] The timing for the instance u_soc/Core_cpu/u_ifu_biu_mem/u_rom/u_prim/rd_q_reg_6 (implemented as a Block RAM) might be sub-optimal as no optional output register could be merged into the ram block. Providing additional output register may help in improving timing.
INFO: [Synth 8-7052] The timing for the instance u_soc/Core_cpu/u_ifu_biu_mem/u_rom/u_prim/rd_q_reg_7 (implemented as a Block RAM) might be sub-optimal as no optional output register could be merged into the ram block. Providing additional output register may help in improving timing.
INFO: [Synth 8-7052] The timing for the instance u_soc/Core_cpu/u_ifu_biu_mem/u_rom/u_prim/rd_q_reg_8 (implemented as a Block RAM) might be sub-optimal as no optional output register could be merged into the ram block. Providing additional output register may help in improving timing.
INFO: [Synth 8-7052] The timing for the instance u_soc/Core_cpu/u_ifu_biu_mem/u_rom/u_prim/rd_q_reg_9 (implemented as a Block RAM) might be sub-optimal as no optional output register could be merged into the ram block. Providing additional output register may help in improving timing.
INFO: [Synth 8-7052] The timing for the instance u_soc/Core_cpu/u_ifu_biu_mem/u_rom/u_prim/rd_q_reg_10 (implemented as a Block RAM) might be sub-optimal as no optional output register could be merged into the ram block. Providing additional output register may help in improving timing.
INFO: [Synth 8-7052] The timing for the instance u_soc/Core_cpu/u_ifu_biu_mem/u_rom/u_prim/rd_q_reg_11 (implemented as a Block RAM) might be sub-optimal as no optional output register could be merged into the ram block. Providing additional output register may help in improving timing.
INFO: [Synth 8-7052] The timing for the instance u_soc/Core_cpu/u_ifu_biu_mem/u_rom/u_prim/rd_q_reg_12 (implemented as a Block RAM) might be sub-optimal as no optional output register could be merged into the ram block. Providing additional output register may help in improving timing.
INFO: [Synth 8-7052] The timing for the instance u_soc/Core_cpu/u_ifu_biu_mem/u_rom/u_prim/rd_q_reg_13 (implemented as a Block RAM) might be sub-optimal as no optional output register could be merged into the ram block. Providing additional output register may help in improving timing.
INFO: [Synth 8-7052] The timing for the instance u_soc/Core_cpu/u_ifu_biu_mem/u_rom/u_prim/rd_q_reg_14 (implemented as a Block RAM) might be sub-optimal as no optional output register could be merged into the ram block. Providing additional output register may help in improving timing.
INFO: [Synth 8-7052] The timing for the instance u_soc/Mem_DRAM/u_prim/mem_reg_0 (implemented as a Block RAM) might be sub-optimal as no optional output register could be merged into the ram block. Providing additional output register may help in improving timing.
INFO: [Synth 8-7052] The timing for the instance u_soc/Mem_DRAM/u_prim/mem_reg_1 (implemented as a Block RAM) might be sub-optimal as no optional output register could be merged into the ram block. Providing additional output register may help in improving timing.
INFO: [Synth 8-7052] The timing for the instance u_soc/Mem_DRAM/u_prim/mem_reg_2 (implemented as a Block RAM) might be sub-optimal as no optional output register could be merged into the ram block. Providing additional output register may help in improving timing.
INFO: [Synth 8-7052] The timing for the instance u_soc/Mem_DRAM/u_prim/mem_reg_3 (implemented as a Block RAM) might be sub-optimal as no optional output register could be merged into the ram block. Providing additional output register may help in improving timing.
INFO: [Synth 8-7052] The timing for the instance u_soc/Mem_DRAM/u_prim/mem_reg_4 (implemented as a Block RAM) might be sub-optimal as no optional output register could be merged into the ram block. Providing additional output register may help in improving timing.
INFO: [Synth 8-7052] The timing for the instance u_soc/Mem_DRAM/u_prim/mem_reg_5 (implemented as a Block RAM) might be sub-optimal as no optional output register could be merged into the ram block. Providing additional output register may help in improving timing.
INFO: [Synth 8-7052] The timing for the instance u_soc/Mem_DRAM/u_prim/mem_reg_6 (implemented as a Block RAM) might be sub-optimal as no optional output register could be merged into the ram block. Providing additional output register may help in improving timing.
INFO: [Synth 8-7052] The timing for the instance u_soc/Mem_DRAM/u_prim/mem_reg_7 (implemented as a Block RAM) might be sub-optimal as no optional output register could be merged into the ram block. Providing additional output register may help in improving timing.
INFO: [Synth 8-7052] The timing for the instance u_soc/Mem_DRAM/u_prim/mem_reg_8 (implemented as a Block RAM) might be sub-optimal as no optional output register could be merged into the ram block. Providing additional output register may help in improving timing.
INFO: [Synth 8-7052] The timing for the instance u_soc/Mem_DRAM/u_prim/mem_reg_9 (implemented as a Block RAM) might be sub-optimal as no optional output register could be merged into the ram block. Providing additional output register may help in improving timing.
INFO: [Synth 8-7052] The timing for the instance u_soc/Mem_DRAM/u_prim/mem_reg_10 (implemented as a Block RAM) might be sub-optimal as no optional output register could be merged into the ram block. Providing additional output register may help in improving timing.
INFO: [Synth 8-7052] The timing for the instance u_soc/Mem_DRAM/u_prim/mem_reg_11 (implemented as a Block RAM) might be sub-optimal as no optional output register could be merged into the ram block. Providing additional output register may help in improving timing.
INFO: [Synth 8-7052] The timing for the instance u_soc/Mem_DRAM/u_prim/mem_reg_12 (implemented as a Block RAM) might be sub-optimal as no optional output register could be merged into the ram block. Providing additional output register may help in improving timing.
INFO: [Synth 8-7052] The timing for the instance u_soc/Mem_DRAM/u_prim/mem_reg_13 (implemented as a Block RAM) might be sub-optimal as no optional output register could be merged into the ram block. Providing additional output register may help in improving timing.
INFO: [Synth 8-7052] The timing for the instance u_soc/Mem_DRAM/u_prim/mem_reg_14 (implemented as a Block RAM) might be sub-optimal as no optional output register could be merged into the ram block. Providing additional output register may help in improving timing.
INFO: [Synth 8-7052] The timing for the instance u_soc/Mem_DRAM/u_prim/mem_reg_15 (implemented as a Block RAM) might be sub-optimal as no optional output register could be merged into the ram block. Providing additional output register may help in improving timing.
---------------------------------------------------------------------------------
Finished Technology Mapping : Time (s): cpu = 00:02:43 ; elapsed = 00:02:44 . Memory (MB): peak = 3088.051 ; gain = 1288.191 ; free physical = 86362 ; free virtual = 946950
---------------------------------------------------------------------------------
---------------------------------------------------------------------------------
Start IO Insertion
---------------------------------------------------------------------------------
---------------------------------------------------------------------------------
Start Flattening Before IO Insertion
---------------------------------------------------------------------------------
---------------------------------------------------------------------------------
Finished Flattening Before IO Insertion
---------------------------------------------------------------------------------
---------------------------------------------------------------------------------
Start Final Netlist Cleanup
---------------------------------------------------------------------------------
---------------------------------------------------------------------------------
Finished Final Netlist Cleanup
---------------------------------------------------------------------------------
---------------------------------------------------------------------------------
Finished IO Insertion : Time (s): cpu = 00:02:47 ; elapsed = 00:02:48 . Memory (MB): peak = 3088.051 ; gain = 1288.191 ; free physical = 86652 ; free virtual = 947239
---------------------------------------------------------------------------------
---------------------------------------------------------------------------------
Start Renaming Generated Instances
---------------------------------------------------------------------------------
---------------------------------------------------------------------------------
Finished Renaming Generated Instances : Time (s): cpu = 00:02:47 ; elapsed = 00:02:49 . Memory (MB): peak = 3088.051 ; gain = 1288.191 ; free physical = 86652 ; free virtual = 947239
---------------------------------------------------------------------------------
---------------------------------------------------------------------------------
Start Rebuilding User Hierarchy
---------------------------------------------------------------------------------
---------------------------------------------------------------------------------
Finished Rebuilding User Hierarchy : Time (s): cpu = 00:02:49 ; elapsed = 00:02:50 . Memory (MB): peak = 3088.051 ; gain = 1288.191 ; free physical = 86654 ; free virtual = 947241
---------------------------------------------------------------------------------
---------------------------------------------------------------------------------
Start Renaming Generated Ports
---------------------------------------------------------------------------------
---------------------------------------------------------------------------------
Finished Renaming Generated Ports : Time (s): cpu = 00:02:49 ; elapsed = 00:02:50 . Memory (MB): peak = 3088.051 ; gain = 1288.191 ; free physical = 86654 ; free virtual = 947241
---------------------------------------------------------------------------------
---------------------------------------------------------------------------------
Start Handling Custom Attributes
---------------------------------------------------------------------------------
---------------------------------------------------------------------------------
Finished Handling Custom Attributes : Time (s): cpu = 00:02:49 ; elapsed = 00:02:50 . Memory (MB): peak = 3088.051 ; gain = 1288.191 ; free physical = 86655 ; free virtual = 947241
---------------------------------------------------------------------------------
---------------------------------------------------------------------------------
Start Renaming Generated Nets
---------------------------------------------------------------------------------
---------------------------------------------------------------------------------
Finished Renaming Generated Nets : Time (s): cpu = 00:02:49 ; elapsed = 00:02:50 . Memory (MB): peak = 3088.051 ; gain = 1288.191 ; free physical = 86655 ; free virtual = 947241
---------------------------------------------------------------------------------
---------------------------------------------------------------------------------
Start Writing Synthesis Report
---------------------------------------------------------------------------------

Report BlackBoxes: 
+-+--------------+----------+
| |BlackBox name |Instances |
+-+--------------+----------+
+-+--------------+----------+

Report Cell Usage: 
+------+---------+------+
|      |Cell     |Count |
+------+---------+------+
|1     |BUFG     |     1|
|2     |CARRY4   |   270|
|3     |LUT1     |   120|
|4     |LUT2     |   664|
|5     |LUT3     |  1627|
|6     |LUT4     |  1016|
|7     |LUT5     |  2708|
|8     |LUT6     |  6020|
|9     |MUXF7    |   575|
|10    |MUXF8    |   128|
|11    |RAM32M   |     8|
|12    |RAM64M   |   183|
|13    |RAM64X1D |    76|
|14    |RAMB18E1 |     1|
|15    |RAMB36E1 |    34|
|46    |FDCE     |  1862|
|47    |FDPE     |    20|
|48    |FDRE     |  2823|
|49    |FDSE     |     3|
|50    |IBUF     |     2|
|51    |OBUF     |    71|
+------+---------+------+
---------------------------------------------------------------------------------
Finished Writing Synthesis Report : Time (s): cpu = 00:02:49 ; elapsed = 00:02:50 . Memory (MB): peak = 3088.051 ; gain = 1288.191 ; free physical = 86655 ; free virtual = 947241
---------------------------------------------------------------------------------
Synthesis finished with 0 errors, 0 critical warnings and 1 warnings.
Synthesis Optimization Runtime : Time (s): cpu = 00:02:45 ; elapsed = 00:02:47 . Memory (MB): peak = 3088.051 ; gain = 1111.785 ; free physical = 86655 ; free virtual = 947241
Synthesis Optimization Complete : Time (s): cpu = 00:02:49 ; elapsed = 00:02:51 . Memory (MB): peak = 3088.055 ; gain = 1288.191 ; free physical = 86655 ; free virtual = 947241
INFO: [Project 1-571] Translating synthesized netlist
Netlist sorting complete. Time (s): cpu = 00:00:00.11 ; elapsed = 00:00:00.1 . Memory (MB): peak = 3088.055 ; gain = 0.000 ; free physical = 86921 ; free virtual = 947526
INFO: [Netlist 29-17] Analyzing 1275 Unisim elements for replacement
INFO: [Netlist 29-28] Unisim Transformation completed in 0 CPU seconds
INFO: [Project 1-570] Preparing netlist for logic optimization
INFO: [Opt 31-138] Pushed 0 inverter(s) to 0 load pin(s).
Netlist sorting complete. Time (s): cpu = 00:00:00 ; elapsed = 00:00:00.01 . Memory (MB): peak = 3149.102 ; gain = 0.000 ; free physical = 86958 ; free virtual = 947524
INFO: [Project 1-111] Unisim Transformation Summary:
  A total of 267 instances were transformed.
  RAM32M => RAM32M (RAMD32(x6), RAMS32(x2)): 8 instances
  RAM64M => RAM64M (RAMD64E(x4)): 183 instances
  RAM64X1D => RAM64X1D (RAMD64E(x2)): 76 instances

Synth Design complete | Checksum: e1ed470
INFO: [Common 17-83] Releasing license: Synthesis
142 Infos, 112 Warnings, 0 Critical Warnings and 0 Errors encountered.
synth_design completed successfully
synth_design: Time (s): cpu = 00:02:58 ; elapsed = 00:02:56 . Memory (MB): peak = 3149.102 ; gain = 1722.316 ; free physical = 86958 ; free virtual = 947523
INFO: [Common 17-2834] synth_design peak Physical Memory [PSS] (MB): overall = 2320.171; main = 2027.513; forked = 294.633
INFO: [Common 17-2834] synth_design peak Virtual Memory [VSS] (MB): overall = 4404.195; main = 3149.105; forked = 1316.145
Write ShapeDB Complete: Time (s): cpu = 00:00:00.04 ; elapsed = 00:00:00.01 . Memory (MB): peak = 3185.734 ; gain = 0.000 ; free physical = 86957 ; free virtual = 947523
INFO: [Common 17-1381] The checkpoint '/home/st-wangjun/project/RISCV_A910/synth/vivado/fmax_impl_6.0ns/fmax_impl_6.0ns.runs/synth_1/top_fmax.dcp' has been generated.
INFO: [runtcl-4] Executing : report_utilization -file top_fmax_utilization_synth.rpt -pb top_fmax_utilization_synth.pb
INFO: [Common 17-206] Exiting Vivado at Mon Sep 28 23:02:43 2026...
[Mon Sep 28 23:02:53 2026] synth_1 finished
wait_on_runs: Time (s): cpu = 00:03:10 ; elapsed = 00:03:18 . Memory (MB): peak = 1450.277 ; gain = 0.000 ; free physical = 92370 ; free virtual = 952828
# if {[get_property PROGRESS [get_runs synth_1]] ne "100%"} {
#     error "synth_1 FAILED: [get_property STATUS [get_runs synth_1]]"
# }
# if {$MODE eq "impl"} {
#     launch_runs impl_1 -to_step route_design -jobs 8
#     wait_on_run impl_1
#     if {[get_property PROGRESS [get_runs impl_1]] ne "100%"} {
#         error "impl_1 FAILED: [get_property STATUS [get_runs impl_1]]"
#     }
#     open_run impl_1
# } else {
#     open_run synth_1
# }
[Mon Sep 28 23:02:53 2026] Launched impl_1...
Run output will be captured here: /home/st-wangjun/project/RISCV_A910/synth/vivado/fmax_impl_6.0ns/fmax_impl_6.0ns.runs/impl_1/runme.log
[Mon Sep 28 23:02:53 2026] Waiting for impl_1 to finish...

*** Running vivado
    with args -log top_fmax.vdi -applog -m64 -product Vivado -messageDb vivado.pb -mode batch -source top_fmax.tcl -notrace


****** Vivado v2023.2 (64-bit)
  **** SW Build 4029153 on Fri Oct 13 20:13:54 MDT 2023
  **** IP Build 4028589 on Sat Oct 14 00:45:43 MDT 2023
  **** SharedData Build 4025554 on Tue Oct 10 17:18:54 MDT 2023
    ** Copyright 1986-2022 Xilinx, Inc. All Rights Reserved.
    ** Copyright 2022-2023 Advanced Micro Devices, Inc. All Rights Reserved.

source top_fmax.tcl -notrace
Command: link_design -top top_fmax -part xc7k325tffg900-2
Design is defaulting to srcset: sources_1
Design is defaulting to constrset: constrs_1
INFO: [Device 21-403] Loading part xc7k325tffg900-2
Netlist sorting complete. Time (s): cpu = 00:00:00.06 ; elapsed = 00:00:00.06 . Memory (MB): peak = 1796.023 ; gain = 0.000 ; free physical = 97037 ; free virtual = 957495
INFO: [Netlist 29-17] Analyzing 1275 Unisim elements for replacement
INFO: [Netlist 29-28] Unisim Transformation completed in 0 CPU seconds
INFO: [Project 1-479] Netlist was created with Vivado 2023.2
INFO: [Project 1-570] Preparing netlist for logic optimization
Parsing XDC File [/home/st-wangjun/project/RISCV_A910/synth/vivado/fmax_impl_6.0ns/fmax_gen.xdc]
Finished Parsing XDC File [/home/st-wangjun/project/RISCV_A910/synth/vivado/fmax_impl_6.0ns/fmax_gen.xdc]
INFO: [Opt 31-138] Pushed 0 inverter(s) to 0 load pin(s).
Netlist sorting complete. Time (s): cpu = 00:00:00 ; elapsed = 00:00:00 . Memory (MB): peak = 2010.809 ; gain = 0.000 ; free physical = 96230 ; free virtual = 956692
INFO: [Project 1-111] Unisim Transformation Summary:
  A total of 267 instances were transformed.
  RAM32M => RAM32M (RAMD32(x6), RAMS32(x2)): 8 instances
  RAM64M => RAM64M (RAMD64E(x4)): 183 instances
  RAM64X1D => RAM64X1D (RAMD64E(x2)): 76 instances

7 Infos, 0 Warnings, 0 Critical Warnings and 0 Errors encountered.
link_design completed successfully
link_design: Time (s): cpu = 00:00:06 ; elapsed = 00:00:06 . Memory (MB): peak = 2010.809 ; gain = 521.812 ; free physical = 96204 ; free virtual = 956662
Command: opt_design
Attempting to get a license for feature 'Implementation' and/or device 'xc7k325t'
INFO: [Common 17-349] Got license for feature 'Implementation' and/or device 'xc7k325t'
Running DRC as a precondition to command opt_design

Starting DRC Task
INFO: [DRC 23-27] Running DRC with 8 threads
INFO: [Project 1-461] DRC finished with 0 Errors
INFO: [Project 1-462] Please refer to the DRC report (report_drc) for more information.

Time (s): cpu = 00:00:01 ; elapsed = 00:00:00.63 . Memory (MB): peak = 2134.582 ; gain = 111.562 ; free physical = 96058 ; free virtual = 956516

Starting Cache Timing Information Task
INFO: [Timing 38-35] Done setting XDC timing constraints.
Ending Cache Timing Information Task | Checksum: 87df6d00

Time (s): cpu = 00:00:08 ; elapsed = 00:00:07 . Memory (MB): peak = 2686.555 ; gain = 551.973 ; free physical = 93584 ; free virtual = 954042

Starting Logic Optimization Task

Phase 1 Initialization

Phase 1.1 Core Generation And Design Setup
Phase 1.1 Core Generation And Design Setup | Checksum: 87df6d00

Time (s): cpu = 00:00:00 ; elapsed = 00:00:00 . Memory (MB): peak = 2993.305 ; gain = 0.004 ; free physical = 92897 ; free virtual = 953356

Phase 1.2 Setup Constraints And Sort Netlist
Phase 1.2 Setup Constraints And Sort Netlist | Checksum: 87df6d00

Time (s): cpu = 00:00:00.01 ; elapsed = 00:00:00.01 . Memory (MB): peak = 2993.305 ; gain = 0.004 ; free physical = 92896 ; free virtual = 953354
Phase 1 Initialization | Checksum: 87df6d00

Time (s): cpu = 00:00:00.01 ; elapsed = 00:00:00.01 . Memory (MB): peak = 2993.305 ; gain = 0.004 ; free physical = 92896 ; free virtual = 953354

Phase 2 Timer Update And Timing Data Collection

Phase 2.1 Timer Update
Phase 2.1 Timer Update | Checksum: 87df6d00

Time (s): cpu = 00:00:00.83 ; elapsed = 00:00:00.19 . Memory (MB): peak = 2993.305 ; gain = 0.004 ; free physical = 92833 ; free virtual = 953291

Phase 2.2 Timing Data Collection
Phase 2.2 Timing Data Collection | Checksum: 87df6d00

Time (s): cpu = 00:00:00.84 ; elapsed = 00:00:00.2 . Memory (MB): peak = 2993.305 ; gain = 0.004 ; free physical = 92828 ; free virtual = 953286
Phase 2 Timer Update And Timing Data Collection | Checksum: 87df6d00

Time (s): cpu = 00:00:00.84 ; elapsed = 00:00:00.2 . Memory (MB): peak = 2993.305 ; gain = 0.004 ; free physical = 92828 ; free virtual = 953286

Phase 3 Retarget
INFO: [Opt 31-138] Pushed 0 inverter(s) to 0 load pin(s).
INFO: [Opt 31-49] Retargeted 0 cell(s).
Phase 3 Retarget | Checksum: 4c029a81

Time (s): cpu = 00:00:01 ; elapsed = 00:00:00.36 . Memory (MB): peak = 2993.305 ; gain = 0.004 ; free physical = 92774 ; free virtual = 953233
Retarget | Checksum: 4c029a81
INFO: [Opt 31-389] Phase Retarget created 8 cells and removed 9 cells

Phase 4 Constant propagation
INFO: [Opt 31-138] Pushed 0 inverter(s) to 0 load pin(s).
Phase 4 Constant propagation | Checksum: 113e29bc5

Time (s): cpu = 00:00:01 ; elapsed = 00:00:00.46 . Memory (MB): peak = 2993.305 ; gain = 0.004 ; free physical = 92705 ; free virtual = 953163
Constant propagation | Checksum: 113e29bc5
INFO: [Opt 31-389] Phase Constant propagation created 0 cells and removed 0 cells

Phase 5 Sweep
Phase 5 Sweep | Checksum: a120caed

Time (s): cpu = 00:00:01 ; elapsed = 00:00:00.58 . Memory (MB): peak = 2993.305 ; gain = 0.004 ; free physical = 92389 ; free virtual = 952847
Sweep | Checksum: a120caed
INFO: [Opt 31-389] Phase Sweep created 37 cells and removed 0 cells

Phase 6 BUFG optimization
Phase 6 BUFG optimization | Checksum: a120caed

Time (s): cpu = 00:00:01 ; elapsed = 00:00:00.66 . Memory (MB): peak = 3042.145 ; gain = 48.844 ; free physical = 92285 ; free virtual = 952743
BUFG optimization | Checksum: a120caed
INFO: [Opt 31-662] Phase BUFG optimization created 0 cells of which 0 are BUFGs and removed 0 cells.

Phase 7 Shift Register Optimization
INFO: [Opt 31-1064] SRL Remap converted 0 SRLs to 0 registers and converted 0 registers of register chains to 0 SRLs
Phase 7 Shift Register Optimization | Checksum: a120caed

Time (s): cpu = 00:00:01 ; elapsed = 00:00:00.66 . Memory (MB): peak = 3042.145 ; gain = 48.844 ; free physical = 92284 ; free virtual = 952742
Shift Register Optimization | Checksum: a120caed
INFO: [Opt 31-389] Phase Shift Register Optimization created 0 cells and removed 0 cells

Phase 8 Post Processing Netlist
Phase 8 Post Processing Netlist | Checksum: 1240f7b21

Time (s): cpu = 00:00:01 ; elapsed = 00:00:00.69 . Memory (MB): peak = 3042.145 ; gain = 48.844 ; free physical = 92280 ; free virtual = 952739
Post Processing Netlist | Checksum: 1240f7b21
INFO: [Opt 31-389] Phase Post Processing Netlist created 0 cells and removed 0 cells

Phase 9 Finalization

Phase 9.1 Finalizing Design Cores and Updating Shapes
Phase 9.1 Finalizing Design Cores and Updating Shapes | Checksum: ee293f8d

Time (s): cpu = 00:00:02 ; elapsed = 00:00:00.78 . Memory (MB): peak = 3042.145 ; gain = 48.844 ; free physical = 92271 ; free virtual = 952729

Phase 9.2 Verifying Netlist Connectivity

Starting Connectivity Check Task

Time (s): cpu = 00:00:00.02 ; elapsed = 00:00:00.02 . Memory (MB): peak = 3042.145 ; gain = 0.000 ; free physical = 92262 ; free virtual = 952721
Phase 9.2 Verifying Netlist Connectivity | Checksum: ee293f8d

Time (s): cpu = 00:00:02 ; elapsed = 00:00:00.8 . Memory (MB): peak = 3042.145 ; gain = 48.844 ; free physical = 92262 ; free virtual = 952721
Phase 9 Finalization | Checksum: ee293f8d

Time (s): cpu = 00:00:02 ; elapsed = 00:00:00.8 . Memory (MB): peak = 3042.145 ; gain = 48.844 ; free physical = 92261 ; free virtual = 952719
Opt_design Change Summary
=========================


-------------------------------------------------------------------------------------------------------------------------
|  Phase                        |  #Cells created  |  #Cells Removed  |  #Constrained objects preventing optimizations  |
-------------------------------------------------------------------------------------------------------------------------
|  Retarget                     |               8  |               9  |                                              0  |
|  Constant propagation         |               0  |               0  |                                              0  |
|  Sweep                        |              37  |               0  |                                              0  |
|  BUFG optimization            |               0  |               0  |                                              0  |
|  Shift Register Optimization  |               0  |               0  |                                              0  |
|  Post Processing Netlist      |               0  |               0  |                                              0  |
-------------------------------------------------------------------------------------------------------------------------


Ending Logic Optimization Task | Checksum: ee293f8d

Time (s): cpu = 00:00:02 ; elapsed = 00:00:00.81 . Memory (MB): peak = 3042.145 ; gain = 48.844 ; free physical = 92260 ; free virtual = 952718
INFO: [Constraints 18-11670] Building netlist checker database with flags, 0x8
Done building netlist checker database: Time (s): cpu = 00:00:00 ; elapsed = 00:00:00 . Memory (MB): peak = 3042.145 ; gain = 0.000 ; free physical = 92256 ; free virtual = 952715

Starting Power Optimization Task
INFO: [Pwropt 34-132] Skipping clock gating for clocks with a period < 2.00 ns.
INFO: [Timing 38-35] Done setting XDC timing constraints.
Running Vector-less Activity Propagation...
INFO: [Pwropt 34-9] Applying IDT optimizations ...
INFO: [Pwropt 34-10] Applying ODC optimizations ...

Finished Running Vector-less Activity Propagation


Starting PowerOpt Patch Enables Task
INFO: [Pwropt 34-162] WRITE_MODE attribute of 0 BRAM(s) out of a total of 35 has been updated to save power. Run report_power_opt to get a complete listing of the BRAMs updated.
INFO: [Pwropt 34-201] Structural ODC has moved 0 WE to EN ports
Number of BRAM Ports augmented: 0 newly gated: 0 Total Ports: 70
Ending PowerOpt Patch Enables Task | Checksum: ee293f8d

Time (s): cpu = 00:00:00.12 ; elapsed = 00:00:00.12 . Memory (MB): peak = 3452.090 ; gain = 0.000 ; free physical = 90256 ; free virtual = 950717
Ending Power Optimization Task | Checksum: ee293f8d

Time (s): cpu = 00:00:07 ; elapsed = 00:00:04 . Memory (MB): peak = 3452.090 ; gain = 409.945 ; free physical = 90229 ; free virtual = 950690

Starting Final Cleanup Task
Ending Final Cleanup Task | Checksum: ee293f8d

Time (s): cpu = 00:00:00 ; elapsed = 00:00:00 . Memory (MB): peak = 3452.090 ; gain = 0.000 ; free physical = 90229 ; free virtual = 950690

Starting Netlist Obfuscation Task
Netlist sorting complete. Time (s): cpu = 00:00:00 ; elapsed = 00:00:00 . Memory (MB): peak = 3452.090 ; gain = 0.000 ; free physical = 90229 ; free virtual = 950690
Ending Netlist Obfuscation Task | Checksum: ee293f8d

Time (s): cpu = 00:00:00 ; elapsed = 00:00:00 . Memory (MB): peak = 3452.090 ; gain = 0.000 ; free physical = 90228 ; free virtual = 950689
INFO: [Common 17-83] Releasing license: Implementation
30 Infos, 0 Warnings, 0 Critical Warnings and 0 Errors encountered.
opt_design completed successfully
opt_design: Time (s): cpu = 00:00:20 ; elapsed = 00:00:14 . Memory (MB): peak = 3452.090 ; gain = 1441.281 ; free physical = 90227 ; free virtual = 950688
INFO: [runtcl-4] Executing : report_drc -file top_fmax_drc_opted.rpt -pb top_fmax_drc_opted.pb -rpx top_fmax_drc_opted.rpx
Command: report_drc -file top_fmax_drc_opted.rpt -pb top_fmax_drc_opted.pb -rpx top_fmax_drc_opted.rpx
INFO: [IP_Flow 19-234] Refreshing IP repositories
INFO: [IP_Flow 19-1704] No user IP repositories specified
INFO: [IP_Flow 19-2313] Loaded Vivado IP repository '/home/st-wangjun/hv/tools/Xilinx/Vivado/2023.2/data/ip'.
INFO: [DRC 23-27] Running DRC with 8 threads
INFO: [Vivado_Tcl 2-168] The results of DRC are in file /home/st-wangjun/project/RISCV_A910/synth/vivado/fmax_impl_6.0ns/fmax_impl_6.0ns.runs/impl_1/top_fmax_drc_opted.rpt.
report_drc completed successfully
INFO: [Timing 38-480] Writing timing data to binary archive.
Write ShapeDB Complete: Time (s): cpu = 00:00:00.05 ; elapsed = 00:00:00.01 . Memory (MB): peak = 3513.145 ; gain = 0.000 ; free physical = 89925 ; free virtual = 950387
INFO: [Common 17-1381] The checkpoint '/home/st-wangjun/project/RISCV_A910/synth/vivado/fmax_impl_6.0ns/fmax_impl_6.0ns.runs/impl_1/top_fmax_opt.dcp' has been generated.
Command: place_design
Attempting to get a license for feature 'Implementation' and/or device 'xc7k325t'
INFO: [Common 17-349] Got license for feature 'Implementation' and/or device 'xc7k325t'
INFO: [Common 17-83] Releasing license: Implementation
INFO: [DRC 23-27] Running DRC with 8 threads
INFO: [Vivado_Tcl 4-198] DRC finished with 0 Errors
INFO: [Vivado_Tcl 4-199] Please refer to the DRC report (report_drc) for more information.
Running DRC as a precondition to command place_design
INFO: [DRC 23-27] Running DRC with 8 threads
INFO: [Vivado_Tcl 4-198] DRC finished with 0 Errors, 21 Warnings
INFO: [Vivado_Tcl 4-199] Please refer to the DRC report (report_drc) for more information.
INFO: [Place 30-611] Multithreading enabled for place_design using a maximum of 8 CPUs

Starting Placer Task

Phase 1 Placer Initialization

Phase 1.1 Placer Initialization Netlist Sorting
Netlist sorting complete. Time (s): cpu = 00:00:00 ; elapsed = 00:00:00 . Memory (MB): peak = 3513.145 ; gain = 0.000 ; free physical = 89572 ; free virtual = 950036
Phase 1.1 Placer Initialization Netlist Sorting | Checksum: d63f1ca5

Time (s): cpu = 00:00:00.01 ; elapsed = 00:00:00.01 . Memory (MB): peak = 3513.145 ; gain = 0.000 ; free physical = 89572 ; free virtual = 950036
Netlist sorting complete. Time (s): cpu = 00:00:00 ; elapsed = 00:00:00 . Memory (MB): peak = 3513.145 ; gain = 0.000 ; free physical = 89572 ; free virtual = 950036

Phase 1.2 IO Placement/ Clock Placement/ Build Placer Device
INFO: [Timing 38-35] Done setting XDC timing constraints.
Phase 1.2 IO Placement/ Clock Placement/ Build Placer Device | Checksum: 165713055

Time (s): cpu = 00:00:03 ; elapsed = 00:00:01 . Memory (MB): peak = 3513.145 ; gain = 0.000 ; free physical = 89337 ; free virtual = 949801

Phase 1.3 Build Placer Netlist Model
Phase 1.3 Build Placer Netlist Model | Checksum: 1839c265c

Time (s): cpu = 00:00:07 ; elapsed = 00:00:03 . Memory (MB): peak = 3513.145 ; gain = 0.000 ; free physical = 89089 ; free virtual = 949558

Phase 1.4 Constrain Clocks/Macros
Phase 1.4 Constrain Clocks/Macros | Checksum: 1839c265c

Time (s): cpu = 00:00:07 ; elapsed = 00:00:03 . Memory (MB): peak = 3513.145 ; gain = 0.000 ; free physical = 89090 ; free virtual = 949559
Phase 1 Placer Initialization | Checksum: 1839c265c

Time (s): cpu = 00:00:07 ; elapsed = 00:00:03 . Memory (MB): peak = 3513.145 ; gain = 0.000 ; free physical = 89096 ; free virtual = 949566

Phase 2 Global Placement

Phase 2.1 Floorplanning
Phase 2.1 Floorplanning | Checksum: 175982a0b

Time (s): cpu = 00:00:09 ; elapsed = 00:00:04 . Memory (MB): peak = 3513.145 ; gain = 0.000 ; free physical = 89058 ; free virtual = 949528

Phase 2.2 Update Timing before SLR Path Opt
Phase 2.2 Update Timing before SLR Path Opt | Checksum: 17956fef7

Time (s): cpu = 00:00:11 ; elapsed = 00:00:04 . Memory (MB): peak = 3513.145 ; gain = 0.000 ; free physical = 89039 ; free virtual = 949509

Phase 2.3 Post-Processing in Floorplanning
Phase 2.3 Post-Processing in Floorplanning | Checksum: 17956fef7

Time (s): cpu = 00:00:11 ; elapsed = 00:00:04 . Memory (MB): peak = 3513.145 ; gain = 0.000 ; free physical = 89037 ; free virtual = 949506

Phase 2.4 Global Placement Core

Phase 2.4.1 UpdateTiming Before Physical Synthesis
Phase 2.4.1 UpdateTiming Before Physical Synthesis | Checksum: 17818f46b

Time (s): cpu = 00:00:39 ; elapsed = 00:00:14 . Memory (MB): peak = 3513.145 ; gain = 0.000 ; free physical = 88859 ; free virtual = 949333

Phase 2.4.2 Physical Synthesis In Placer
INFO: [Physopt 32-1035] Found 84 LUTNM shape to break, 544 LUT instances to create LUTNM shape
INFO: [Physopt 32-1044] Break lutnm for timing: one critical 52, two critical 32, total 84, new lutff created 0
INFO: [Physopt 32-1138] End 1 Pass. Optimized 322 nets or LUTs. Breaked 84 LUTs, combined 238 existing LUTs and moved 0 existing LUT
INFO: [Physopt 32-65] No nets found for high-fanout optimization.
INFO: [Physopt 32-232] Optimized 0 net. Created 0 new instance.
INFO: [Physopt 32-775] End 1 Pass. Optimized 0 net or cell. Created 0 new cell, deleted 0 existing cell and moved 0 existing cell
INFO: [Physopt 32-76] Pass 1. Identified 4 candidate nets for fanout optimization.
INFO: [Physopt 32-81] Processed net u_soc/Core_cpu/u_ifu_subsys/u_refill/Q[2]. Replicated 3 times.
INFO: [Physopt 32-81] Processed net u_soc/Core_cpu/u_ifu_subsys/u_refill/Q[1]. Replicated 3 times.
INFO: [Physopt 32-81] Processed net u_soc/Core_cpu/u_ifu_subsys/u_refill/Q[0]. Replicated 2 times.
INFO: [Physopt 32-81] Processed net u_soc/Core_cpu/U_EX_MEM/Q[2]. Replicated 8 times.
INFO: [Physopt 32-232] Optimized 4 nets. Created 16 new instances.
INFO: [Physopt 32-775] End 1 Pass. Optimized 4 nets or cells. Created 16 new cells, deleted 0 existing cell and moved 0 existing cell
Netlist sorting complete. Time (s): cpu = 00:00:00.04 ; elapsed = 00:00:00.04 . Memory (MB): peak = 3513.145 ; gain = 0.000 ; free physical = 88853 ; free virtual = 949327
INFO: [Physopt 32-46] Identified 7 candidate nets for critical-cell optimization.
INFO: [Physopt 32-81] Processed net u_soc/Core_cpu/u_ifu_subsys/u_refill/Q[4]. Replicated 2 times.
INFO: [Physopt 32-81] Processed net u_soc/Core_cpu/u_ifu_subsys/u_refill/Q[3]. Replicated 2 times.
INFO: [Physopt 32-232] Optimized 2 nets. Created 4 new instances.
INFO: [Physopt 32-775] End 1 Pass. Optimized 2 nets or cells. Created 4 new cells, deleted 0 existing cell and moved 0 existing cell
Netlist sorting complete. Time (s): cpu = 00:00:00.01 ; elapsed = 00:00:00.01 . Memory (MB): peak = 3513.145 ; gain = 0.000 ; free physical = 88859 ; free virtual = 949334
INFO: [Physopt 32-456] No candidate cells for DSP register optimization found in the design.
INFO: [Physopt 32-775] End 2 Pass. Optimized 0 net or cell. Created 0 new cell, deleted 0 existing cell and moved 0 existing cell
INFO: [Physopt 32-1123] No candidate cells found for Shift Register to Pipeline optimization
INFO: [Physopt 32-775] End 2 Pass. Optimized 0 net or cell. Created 0 new cell, deleted 0 existing cell and moved 0 existing cell
INFO: [Physopt 32-1401] No candidate cells found for Shift Register optimization.
INFO: [Physopt 32-677] No candidate cells for Shift Register optimization found in the design
INFO: [Physopt 32-775] End 1 Pass. Optimized 0 net or cell. Created 0 new cell, deleted 0 existing cell and moved 0 existing cell
INFO: [Physopt 32-526] No candidate cells for BRAM register optimization found in the design
INFO: [Physopt 32-775] End 1 Pass. Optimized 0 net or cell. Created 0 new cell, deleted 0 existing cell and moved 0 existing cell
INFO: [Physopt 32-846] No candidate cells for URAM register optimization found in the design
INFO: [Physopt 32-775] End 1 Pass. Optimized 0 net or cell. Created 0 new cell, deleted 0 existing cell and moved 0 existing cell
INFO: [Physopt 32-846] No candidate cells for URAM register optimization found in the design
INFO: [Physopt 32-775] End 1 Pass. Optimized 0 net or cell. Created 0 new cell, deleted 0 existing cell and moved 0 existing cell
INFO: [Physopt 32-949] No candidate nets found for dynamic/static region interface net replication
INFO: [Physopt 32-775] End 1 Pass. Optimized 0 net or cell. Created 0 new cell, deleted 0 existing cell and moved 0 existing cell
Netlist sorting complete. Time (s): cpu = 00:00:00 ; elapsed = 00:00:00 . Memory (MB): peak = 3513.145 ; gain = 0.000 ; free physical = 88855 ; free virtual = 949330

Summary of Physical Synthesis Optimizations
============================================


-----------------------------------------------------------------------------------------------------------------------------------------------------------
|  Optimization                                     |  Added Cells  |  Removed Cells  |  Optimized Cells/Nets  |  Dont Touch  |  Iterations  |  Elapsed   |
-----------------------------------------------------------------------------------------------------------------------------------------------------------
|  LUT Combining                                    |           84  |            238  |                   322  |           0  |           1  |  00:00:00  |
|  Retime                                           |            0  |              0  |                     0  |           0  |           1  |  00:00:00  |
|  Very High Fanout                                 |            0  |              0  |                     0  |           0  |           1  |  00:00:00  |
|  Fanout                                           |           16  |              0  |                     4  |           0  |           1  |  00:00:00  |
|  Critical Cell                                    |            4  |              0  |                     2  |           0  |           1  |  00:00:00  |
|  DSP Register                                     |            0  |              0  |                     0  |           0  |           1  |  00:00:00  |
|  Shift Register to Pipeline                       |            0  |              0  |                     0  |           0  |           1  |  00:00:00  |
|  Shift Register                                   |            0  |              0  |                     0  |           0  |           1  |  00:00:00  |
|  BRAM Register                                    |            0  |              0  |                     0  |           0  |           1  |  00:00:00  |
|  URAM Register                                    |            0  |              0  |                     0  |           0  |           1  |  00:00:00  |
|  Dynamic/Static Region Interface Net Replication  |            0  |              0  |                     0  |           0  |           1  |  00:00:00  |
|  Total                                            |          104  |            238  |                   328  |           0  |          11  |  00:00:01  |
-----------------------------------------------------------------------------------------------------------------------------------------------------------


Phase 2.4.2 Physical Synthesis In Placer | Checksum: 11a6758d8

Time (s): cpu = 00:00:42 ; elapsed = 00:00:16 . Memory (MB): peak = 3513.145 ; gain = 0.000 ; free physical = 88855 ; free virtual = 949329
Phase 2.4 Global Placement Core | Checksum: 1d0ee1aa2

Time (s): cpu = 00:00:44 ; elapsed = 00:00:16 . Memory (MB): peak = 3513.145 ; gain = 0.000 ; free physical = 88858 ; free virtual = 949333
Phase 2 Global Placement | Checksum: 1d0ee1aa2

Time (s): cpu = 00:00:44 ; elapsed = 00:00:17 . Memory (MB): peak = 3513.145 ; gain = 0.000 ; free physical = 88853 ; free virtual = 949327

Phase 3 Detail Placement

Phase 3.1 Commit Multi Column Macros
Phase 3.1 Commit Multi Column Macros | Checksum: 145cbe4a5

Time (s): cpu = 00:00:45 ; elapsed = 00:00:17 . Memory (MB): peak = 3513.145 ; gain = 0.000 ; free physical = 88863 ; free virtual = 949338

Phase 3.2 Commit Most Macros & LUTRAMs
Phase 3.2 Commit Most Macros & LUTRAMs | Checksum: 1ee7aef37

Time (s): cpu = 00:00:49 ; elapsed = 00:00:18 . Memory (MB): peak = 3513.145 ; gain = 0.000 ; free physical = 88936 ; free virtual = 949411

Phase 3.3 Area Swap Optimization
Phase 3.3 Area Swap Optimization | Checksum: 20977adbb

Time (s): cpu = 00:00:49 ; elapsed = 00:00:18 . Memory (MB): peak = 3513.145 ; gain = 0.000 ; free physical = 88934 ; free virtual = 949409

Phase 3.4 Pipeline Register Optimization
Phase 3.4 Pipeline Register Optimization | Checksum: 1eb447bf9

Time (s): cpu = 00:00:49 ; elapsed = 00:00:18 . Memory (MB): peak = 3513.145 ; gain = 0.000 ; free physical = 88934 ; free virtual = 949409

Phase 3.5 Fast Optimization
Phase 3.5 Fast Optimization | Checksum: 12acd84ad

Time (s): cpu = 00:00:55 ; elapsed = 00:00:22 . Memory (MB): peak = 3513.145 ; gain = 0.000 ; free physical = 88941 ; free virtual = 949415

Phase 3.6 Small Shape Detail Placement
Phase 3.6 Small Shape Detail Placement | Checksum: d86f9d2e

Time (s): cpu = 00:01:00 ; elapsed = 00:00:27 . Memory (MB): peak = 3513.145 ; gain = 0.000 ; free physical = 88931 ; free virtual = 949405

Phase 3.7 Re-assign LUT pins
Phase 3.7 Re-assign LUT pins | Checksum: 14c1d40ab

Time (s): cpu = 00:01:01 ; elapsed = 00:00:27 . Memory (MB): peak = 3513.145 ; gain = 0.000 ; free physical = 88922 ; free virtual = 949397

Phase 3.8 Pipeline Register Optimization
Phase 3.8 Pipeline Register Optimization | Checksum: 18bd755ff

Time (s): cpu = 00:01:01 ; elapsed = 00:00:28 . Memory (MB): peak = 3513.145 ; gain = 0.000 ; free physical = 88922 ; free virtual = 949397

Phase 3.9 Fast Optimization
Phase 3.9 Fast Optimization | Checksum: 891ba78f

Time (s): cpu = 00:01:09 ; elapsed = 00:00:33 . Memory (MB): peak = 3513.145 ; gain = 0.000 ; free physical = 88914 ; free virtual = 949389
Phase 3 Detail Placement | Checksum: 891ba78f

Time (s): cpu = 00:01:10 ; elapsed = 00:00:33 . Memory (MB): peak = 3513.145 ; gain = 0.000 ; free physical = 88914 ; free virtual = 949389

Phase 4 Post Placement Optimization and Clean-Up

Phase 4.1 Post Commit Optimization
INFO: [Timing 38-35] Done setting XDC timing constraints.

Phase 4.1.1 Post Placement Optimization
Post Placement Optimization Initialization | Checksum: 14c33e9e3

Phase 4.1.1.1 BUFG Insertion

Starting Physical Synthesis Task

Phase 1 Physical Synthesis Initialization
INFO: [Physopt 32-721] Multithreading enabled for phys_opt_design using a maximum of 8 CPUs
INFO: [Physopt 32-619] Estimated Timing Summary | WNS=-1.762 | TNS=-1714.077 |
Phase 1 Physical Synthesis Initialization | Checksum: 14a945162

Time (s): cpu = 00:00:01 ; elapsed = 00:00:00.38 . Memory (MB): peak = 3513.145 ; gain = 0.000 ; free physical = 88897 ; free virtual = 949390
INFO: [Place 46-56] BUFG insertion identified 0 candidate nets. Inserted BUFG: 0, Replicated BUFG Driver: 0, Skipped due to Placement/Routing Conflicts: 0, Skipped due to Timing Degradation: 0, Skipped due to netlist editing failed: 0.
Ending Physical Synthesis Task | Checksum: 14a945162

Time (s): cpu = 00:00:01 ; elapsed = 00:00:00.53 . Memory (MB): peak = 3513.145 ; gain = 0.000 ; free physical = 88893 ; free virtual = 949389
Phase 4.1.1.1 BUFG Insertion | Checksum: 14c33e9e3

Time (s): cpu = 00:01:16 ; elapsed = 00:00:35 . Memory (MB): peak = 3513.145 ; gain = 0.000 ; free physical = 88893 ; free virtual = 949389

Phase 4.1.1.2 Post Placement Timing Optimization
INFO: [Place 30-746] Post Placement Timing Summary WNS=-0.631. For the most accurate timing information please run report_timing.
Phase 4.1.1.2 Post Placement Timing Optimization | Checksum: 18ae9c170

Time (s): cpu = 00:01:40 ; elapsed = 00:00:55 . Memory (MB): peak = 3513.145 ; gain = 0.000 ; free physical = 88435 ; free virtual = 948931

Time (s): cpu = 00:01:40 ; elapsed = 00:00:55 . Memory (MB): peak = 3513.145 ; gain = 0.000 ; free physical = 88435 ; free virtual = 948931
Phase 4.1 Post Commit Optimization | Checksum: 18ae9c170

Time (s): cpu = 00:01:40 ; elapsed = 00:00:55 . Memory (MB): peak = 3513.145 ; gain = 0.000 ; free physical = 88435 ; free virtual = 948931

Phase 4.2 Post Placement Cleanup
Phase 4.2 Post Placement Cleanup | Checksum: 18ae9c170

Time (s): cpu = 00:01:40 ; elapsed = 00:00:55 . Memory (MB): peak = 3513.145 ; gain = 0.000 ; free physical = 88436 ; free virtual = 948931

Phase 4.3 Placer Reporting

Phase 4.3.1 Print Estimated Congestion
INFO: [Place 30-612] Post-Placement Estimated Congestion 
 ____________________________________________________
|           | Global Congestion | Short Congestion  |
| Direction | Region Size       | Region Size       |
|___________|___________________|___________________|
|      North|                1x1|                4x4|
|___________|___________________|___________________|
|      South|                1x1|                4x4|
|___________|___________________|___________________|
|       East|                4x4|                2x2|
|___________|___________________|___________________|
|       West|                2x2|                2x2|
|___________|___________________|___________________|

Phase 4.3.1 Print Estimated Congestion | Checksum: 18ae9c170

Time (s): cpu = 00:01:40 ; elapsed = 00:00:55 . Memory (MB): peak = 3513.145 ; gain = 0.000 ; free physical = 88436 ; free virtual = 948931
Phase 4.3 Placer Reporting | Checksum: 18ae9c170

Time (s): cpu = 00:01:40 ; elapsed = 00:00:55 . Memory (MB): peak = 3513.145 ; gain = 0.000 ; free physical = 88436 ; free virtual = 948931

Phase 4.4 Final Placement Cleanup
Netlist sorting complete. Time (s): cpu = 00:00:00.01 ; elapsed = 00:00:00 . Memory (MB): peak = 3513.145 ; gain = 0.000 ; free physical = 88436 ; free virtual = 948931

Time (s): cpu = 00:01:40 ; elapsed = 00:00:55 . Memory (MB): peak = 3513.145 ; gain = 0.000 ; free physical = 88436 ; free virtual = 948931
Phase 4 Post Placement Optimization and Clean-Up | Checksum: 1ebf7bbdd

Time (s): cpu = 00:01:40 ; elapsed = 00:00:55 . Memory (MB): peak = 3513.145 ; gain = 0.000 ; free physical = 88436 ; free virtual = 948931
Ending Placer Task | Checksum: 134fb8d55

Time (s): cpu = 00:01:40 ; elapsed = 00:00:55 . Memory (MB): peak = 3513.145 ; gain = 0.000 ; free physical = 88436 ; free virtual = 948931
87 Infos, 0 Warnings, 0 Critical Warnings and 0 Errors encountered.
place_design completed successfully
place_design: Time (s): cpu = 00:01:42 ; elapsed = 00:00:56 . Memory (MB): peak = 3513.145 ; gain = 0.000 ; free physical = 88436 ; free virtual = 948931
INFO: [runtcl-4] Executing : report_io -file top_fmax_io_placed.rpt
report_io: Time (s): cpu = 00:00:00.16 ; elapsed = 00:00:00.23 . Memory (MB): peak = 3513.145 ; gain = 0.000 ; free physical = 88435 ; free virtual = 948931
INFO: [runtcl-4] Executing : report_utilization -file top_fmax_utilization_placed.rpt -pb top_fmax_utilization_placed.pb
INFO: [runtcl-4] Executing : report_control_sets -verbose -file top_fmax_control_sets_placed.rpt
report_control_sets: Time (s): cpu = 00:00:00.06 ; elapsed = 00:00:00.13 . Memory (MB): peak = 3513.145 ; gain = 0.000 ; free physical = 88433 ; free virtual = 948929
INFO: [Timing 38-480] Writing timing data to binary archive.
Write ShapeDB Complete: Time (s): cpu = 00:00:00.1 ; elapsed = 00:00:00.02 . Memory (MB): peak = 3513.145 ; gain = 0.000 ; free physical = 88434 ; free virtual = 948931
Wrote PlaceDB: Time (s): cpu = 00:00:02 ; elapsed = 00:00:00.75 . Memory (MB): peak = 3513.145 ; gain = 0.000 ; free physical = 88416 ; free virtual = 948930
Wrote PulsedLatchDB: Time (s): cpu = 00:00:00 ; elapsed = 00:00:00 . Memory (MB): peak = 3513.145 ; gain = 0.000 ; free physical = 88416 ; free virtual = 948930
Writing XDEF routing.
Writing XDEF routing logical nets.
Writing XDEF routing special nets.
Wrote RouteStorage: Time (s): cpu = 00:00:00.02 ; elapsed = 00:00:00.03 . Memory (MB): peak = 3513.145 ; gain = 0.000 ; free physical = 88416 ; free virtual = 948930
Wrote Netlist Cache: Time (s): cpu = 00:00:00.02 ; elapsed = 00:00:00.01 . Memory (MB): peak = 3513.145 ; gain = 0.000 ; free physical = 88414 ; free virtual = 948930
Wrote Device Cache: Time (s): cpu = 00:00:00 ; elapsed = 00:00:00.01 . Memory (MB): peak = 3513.145 ; gain = 0.000 ; free physical = 88414 ; free virtual = 948930
Write Physdb Complete: Time (s): cpu = 00:00:02 ; elapsed = 00:00:00.8 . Memory (MB): peak = 3513.145 ; gain = 0.000 ; free physical = 88414 ; free virtual = 948930
INFO: [Common 17-1381] The checkpoint '/home/st-wangjun/project/RISCV_A910/synth/vivado/fmax_impl_6.0ns/fmax_impl_6.0ns.runs/impl_1/top_fmax_placed.dcp' has been generated.
Command: phys_opt_design
Attempting to get a license for feature 'Implementation' and/or device 'xc7k325t'
INFO: [Common 17-349] Got license for feature 'Implementation' and/or device 'xc7k325t'

Starting Initial Update Timing Task

Time (s): cpu = 00:00:04 ; elapsed = 00:00:01 . Memory (MB): peak = 3513.145 ; gain = 0.000 ; free physical = 88287 ; free virtual = 948802
INFO: [Vivado_Tcl 4-1435] PhysOpt_Tcl_Interface Runtime Before Starting Physical Synthesis Task | CPU: 4.33s |  WALL: 1.17s
Netlist sorting complete. Time (s): cpu = 00:00:00 ; elapsed = 00:00:00 . Memory (MB): peak = 3513.145 ; gain = 0.000 ; free physical = 88287 ; free virtual = 948802

Starting Physical Synthesis Task

Phase 1 Physical Synthesis Initialization
INFO: [Physopt 32-721] Multithreading enabled for phys_opt_design using a maximum of 8 CPUs
INFO: [Physopt 32-619] Estimated Timing Summary | WNS=-0.631 | TNS=-504.868 |
Phase 1 Physical Synthesis Initialization | Checksum: 1ee375be3

Time (s): cpu = 00:00:02 ; elapsed = 00:00:00.97 . Memory (MB): peak = 3513.145 ; gain = 0.000 ; free physical = 88282 ; free virtual = 948806
INFO: [Physopt 32-619] Estimated Timing Summary | WNS=-0.631 | TNS=-504.868 |

Phase 2 DSP Register Optimization
INFO: [Physopt 32-456] No candidate cells for DSP register optimization found in the design.
INFO: [Physopt 32-775] End 2 Pass. Optimized 0 net or cell. Created 0 new cell, deleted 0 existing cell and moved 0 existing cell
Phase 2 DSP Register Optimization | Checksum: 1ee375be3

Time (s): cpu = 00:00:02 ; elapsed = 00:00:01 . Memory (MB): peak = 3513.145 ; gain = 0.000 ; free physical = 88281 ; free virtual = 948806

Phase 3 Critical Path Optimization
INFO: [Physopt 32-619] Estimated Timing Summary | WNS=-0.631 | TNS=-504.868 |
INFO: [Physopt 32-702] Processed net u_soc/Core_cpu/u_ifu_subsys/u_icache/u_dat_way1/u_prim/rd_q[104]. Optimizations did not improve timing on the net.
INFO: [Physopt 32-702] Processed net u_soc/Core_cpu/u_ifu_subsys/g_tage.u_tage/q_row_idx_reg[1]_0[0]. Optimizations did not improve timing on the net.
INFO: [Physopt 32-702] Processed net u_soc/Core_cpu/u_ifu_subsys/u_icache/q_pc_q_reg[8]_0[7]. Optimizations did not improve timing on the net.
INFO: [Physopt 32-702] Processed net u_soc/Core_cpu/u_ifu_subsys/u_icache/u_tag_way0/u_prim/CO[0]. Optimizations did not improve timing on the net.
INFO: [Physopt 32-702] Processed net u_soc/Core_cpu/u_ifu_subsys/u_ibuf/S[0]. Optimizations did not improve timing on the net.
INFO: [Physopt 32-702] Processed net u_soc/Core_cpu/u_ifu_subsys/u_btb/push_num[0]. Optimizations did not improve timing on the net.
INFO: [Physopt 32-702] Processed net u_soc/Core_cpu/u_ifu_subsys/u_btb/any_taken. Optimizations did not improve timing on the net.
INFO: [Physopt 32-702] Processed net u_soc/Core_cpu/u_ifu_subsys/u_btb/btb_t1. Optimizations did not improve timing on the net.
INFO: [Physopt 32-702] Processed net u_soc/Core_cpu/u_ifu_subsys/g_tage.u_tage/init_done_q_reg_inv_0. Optimizations did not improve timing on the net.
INFO: [Physopt 32-702] Processed net u_soc/Core_cpu/u_ifu_subsys/g_tage.u_tage/id_bht_chk[22]_i_8_n_0. Optimizations did not improve timing on the net.
INFO: [Physopt 32-608] Optimized 1 net.  Swapped 21 pins.
INFO: [Physopt 32-735] Processed net u_soc/Core_cpu/u_ifu_subsys/g_tage.u_tage/id_bht_chk[22]_i_17_n_0. Optimization improves timing on the net.
INFO: [Physopt 32-619] Estimated Timing Summary | WNS=-0.619 | TNS=-504.574 |
INFO: [Physopt 32-702] Processed net u_soc/Core_cpu/u_ifu_subsys/g_tage.u_tage/q_row_idx_reg[3]_5[2]. Optimizations did not improve timing on the net.
INFO: [Physopt 32-702] Processed net u_soc/Core_cpu/u_ifu_subsys/u_btb/taken_slot[0]. Optimizations did not improve timing on the net.
INFO: [Physopt 32-710] Processed net u_soc/Core_cpu/u_ifu_subsys/u_btb/taken_slot[0]. Critical path length was reduced through logic transformation on cell u_soc/Core_cpu/u_ifu_subsys/u_btb/cnt_q[0]_i_7_comp.
INFO: [Physopt 32-735] Processed net u_soc/Core_cpu/u_ifu_subsys/u_btb/btb_t2. Optimization improves timing on the net.
INFO: [Physopt 32-619] Estimated Timing Summary | WNS=-0.604 | TNS=-485.352 |
INFO: [Physopt 32-702] Processed net u_soc/Core_cpu/u_ifu_subsys/g_tage.u_tage/q_row_idx_reg[1]_0[1]. Optimizations did not improve timing on the net.
INFO: [Physopt 32-710] Processed net u_soc/Core_cpu/u_ifu_subsys/u_btb/any_taken. Critical path length was reduced through logic transformation on cell u_soc/Core_cpu/u_ifu_subsys/u_btb/q_t0_idx[1]_i_9_comp.
INFO: [Physopt 32-735] Processed net u_soc/Core_cpu/u_ifu_subsys/g_tage.u_tage/p_0_in11_in. Optimization improves timing on the net.
INFO: [Physopt 32-619] Estimated Timing Summary | WNS=-0.601 | TNS=-485.318 |
INFO: [Physopt 32-702] Processed net u_soc/Core_cpu/u_ifu_subsys/g_tage.u_tage/id_bht_chk[22]_i_17_n_0. Optimizations did not improve timing on the net.
INFO: [Physopt 32-702] Processed net u_soc/Core_cpu/u_ifu_subsys/g_tage.u_tage/id_bht_chk[22]_i_24_n_0. Optimizations did not improve timing on the net.
INFO: [Physopt 32-710] Processed net u_soc/Core_cpu/u_ifu_subsys/g_tage.u_tage/id_bht_chk[22]_i_24_n_0. Critical path length was reduced through logic transformation on cell u_soc/Core_cpu/u_ifu_subsys/g_tage.u_tage/id_bht_chk[22]_i_24_comp.
INFO: [Physopt 32-735] Processed net u_soc/Core_cpu/u_ifu_subsys/g_tage.u_tage/ent_q[6][150]_i_62_n_0. Optimization improves timing on the net.
INFO: [Physopt 32-619] Estimated Timing Summary | WNS=-0.598 | TNS=-485.278 |
INFO: [Physopt 32-702] Processed net u_soc/Core_cpu/u_ifu_subsys/g_tage.u_tage/id_bht_chk[22]_i_16_n_0. Optimizations did not improve timing on the net.
INFO: [Physopt 32-134] Processed net u_soc/Core_cpu/u_ifu_subsys/g_tage.u_tage/id_bht_chk[22]_i_33_n_0. Rewiring did not optimize the net.
INFO: [Physopt 32-702] Processed net u_soc/Core_cpu/u_ifu_subsys/g_tage.u_tage/id_bht_chk[22]_i_33_n_0. Optimizations did not improve timing on the net.
INFO: [Physopt 32-608] Optimized 1 net.  Swapped 21 pins.
INFO: [Physopt 32-735] Processed net u_soc/Core_cpu/u_ifu_subsys/g_tage.u_tage/ent_q[6][150]_i_60_n_0. Optimization improves timing on the net.
INFO: [Physopt 32-619] Estimated Timing Summary | WNS=-0.588 | TNS=-485.198 |
INFO: [Physopt 32-702] Processed net u_soc/Core_cpu/u_ifu_subsys/g_tage.u_tage/ent_q[6][150]_i_62_n_0_repN. Optimizations did not improve timing on the net.
INFO: [Physopt 32-608] Optimized 1 net.  Swapped 23 pins.
INFO: [Physopt 32-735] Processed net u_soc/Core_cpu/u_ifu_subsys/u_btb/next_pc[4]. Optimization improves timing on the net.
INFO: [Physopt 32-619] Estimated Timing Summary | WNS=-0.587 | TNS=-484.742 |
INFO: [Physopt 32-702] Processed net u_soc/Core_cpu/u_ifu_subsys/u_ibuf/cnt_q_reg_n_0_[3]. Optimizations did not improve timing on the net.
INFO: [Physopt 32-81] Processed net u_soc/Core_cpu/U_ID_EX/ex_csr_op[1]. Replicated 2 times.
INFO: [Physopt 32-735] Processed net u_soc/Core_cpu/U_ID_EX/ex_csr_op[1]. Optimization improves timing on the net.
INFO: [Physopt 32-619] Estimated Timing Summary | WNS=-0.577 | TNS=-469.824 |
INFO: [Physopt 32-702] Processed net u_soc/Core_cpu/u_ifu_subsys/u_ibuf/ent_q_reg[0]_25[6]. Optimizations did not improve timing on the net.
INFO: [Physopt 32-614] Property 'READ_WIDTH_B' on BRAM cell 'u_soc/Core_cpu/u_ifu_biu_mem/u_rom/u_prim/rd_q_reg_4' Port 'B' is 0. Skip BRAM Register Optimization on the port
INFO: [Physopt 32-614] Property 'READ_WIDTH_B' on BRAM cell 'u_soc/Core_cpu/u_ifu_biu_mem/u_rom/u_prim/rd_q_reg_4' Port 'B' is 0. Skip BRAM Register Optimization on the port
INFO: [Physopt 32-702] Processed net u_soc/Core_cpu/u_ifu_biu_mem/u_rom/u_prim/out[38]. Optimizations did not improve timing on the net.
INFO: [Physopt 32-710] Processed net u_soc/Core_cpu/u_ifu_subsys/u_ibuf/ent_q[0][6]_i_1_n_0. Critical path length was reduced through logic transformation on cell u_soc/Core_cpu/u_ifu_subsys/u_ibuf/ent_q[0][6]_i_1_comp.
INFO: [Physopt 32-735] Processed net u_soc/Core_cpu/u_ifu_subsys/u_ibuf/ent_q[0][6]_i_2_n_0. Optimization improves timing on the net.
INFO: [Physopt 32-619] Estimated Timing Summary | WNS=-0.576 | TNS=-469.637 |
INFO: [Physopt 32-702] Processed net u_soc/Core_cpu/u_ifu_subsys/u_ibuf/ent_q_reg[4]_21[4]. Optimizations did not improve timing on the net.
INFO: [Physopt 32-614] Property 'READ_WIDTH_B' on BRAM cell 'u_soc/Core_cpu/u_ifu_biu_mem/u_rom/u_prim/rd_q_reg_11' Port 'B' is 0. Skip BRAM Register Optimization on the port
INFO: [Physopt 32-614] Property 'READ_WIDTH_B' on BRAM cell 'u_soc/Core_cpu/u_ifu_biu_mem/u_rom/u_prim/rd_q_reg_11' Port 'B' is 0. Skip BRAM Register Optimization on the port
INFO: [Physopt 32-702] Processed net u_soc/Core_cpu/u_ifu_biu_mem/u_rom/u_prim/out[100]. Optimizations did not improve timing on the net.
INFO: [Physopt 32-710] Processed net u_soc/Core_cpu/u_ifu_subsys/u_ibuf/ent_q[4][4]_i_1_n_0. Critical path length was reduced through logic transformation on cell u_soc/Core_cpu/u_ifu_subsys/u_ibuf/ent_q[4][4]_i_1_comp.
INFO: [Physopt 32-735] Processed net u_soc/Core_cpu/u_ifu_subsys/u_ibuf/ent_q[4][4]_i_2_n_0. Optimization improves timing on the net.
INFO: [Physopt 32-619] Estimated Timing Summary | WNS=-0.573 | TNS=-469.578 |
INFO: [Physopt 32-663] Processed net u_soc/Core_cpu/U_ID_EX/ex_csr_op[1].  Re-placed instance u_soc/Core_cpu/U_ID_EX/ex_csr_op_reg[1]
INFO: [Physopt 32-735] Processed net u_soc/Core_cpu/U_ID_EX/ex_csr_op[1]. Optimization improves timing on the net.
INFO: [Physopt 32-619] Estimated Timing Summary | WNS=-0.572 | TNS=-451.801 |
INFO: [Physopt 32-702] Processed net u_soc/Core_cpu/u_ifu_subsys/u_ibuf/ent_q_reg[4]_21[21]. Optimizations did not improve timing on the net.
INFO: [Physopt 32-614] Property 'READ_WIDTH_B' on BRAM cell 'u_soc/Core_cpu/u_ifu_biu_mem/u_rom/u_prim/rd_q_reg_13' Port 'B' is 0. Skip BRAM Register Optimization on the port
INFO: [Physopt 32-614] Property 'READ_WIDTH_B' on BRAM cell 'u_soc/Core_cpu/u_ifu_biu_mem/u_rom/u_prim/rd_q_reg_13' Port 'B' is 0. Skip BRAM Register Optimization on the port
INFO: [Physopt 32-702] Processed net u_soc/Core_cpu/u_ifu_biu_mem/u_rom/u_prim/out[117]. Optimizations did not improve timing on the net.
INFO: [Physopt 32-710] Processed net u_soc/Core_cpu/u_ifu_subsys/u_ibuf/ent_q[4][21]_i_1_n_0. Critical path length was reduced through logic transformation on cell u_soc/Core_cpu/u_ifu_subsys/u_ibuf/ent_q[4][21]_i_1_comp.
INFO: [Physopt 32-735] Processed net u_soc/Core_cpu/u_ifu_subsys/u_ibuf/ent_q[4][21]_i_2_n_0. Optimization improves timing on the net.
INFO: [Physopt 32-619] Estimated Timing Summary | WNS=-0.571 | TNS=-451.729 |
INFO: [Physopt 32-702] Processed net u_soc/Core_cpu/u_ifu_subsys/u_ibuf/ent_q_reg[1]_24[10]. Optimizations did not improve timing on the net.
INFO: [Physopt 32-614] Property 'READ_WIDTH_B' on BRAM cell 'u_soc/Core_cpu/u_ifu_biu_mem/u_rom/u_prim/rd_q_reg_11' Port 'B' is 0. Skip BRAM Register Optimization on the port
INFO: [Physopt 32-614] Property 'READ_WIDTH_B' on BRAM cell 'u_soc/Core_cpu/u_ifu_biu_mem/u_rom/u_prim/rd_q_reg_11' Port 'B' is 0. Skip BRAM Register Optimization on the port
INFO: [Physopt 32-702] Processed net u_soc/Core_cpu/u_ifu_biu_mem/u_rom/u_prim/out[106]. Optimizations did not improve timing on the net.
INFO: [Physopt 32-710] Processed net u_soc/Core_cpu/u_ifu_subsys/u_ibuf/ent_q[1][10]_i_1_n_0. Critical path length was reduced through logic transformation on cell u_soc/Core_cpu/u_ifu_subsys/u_ibuf/ent_q[1][10]_i_1_comp.
INFO: [Physopt 32-735] Processed net u_soc/Core_cpu/u_ifu_subsys/u_ibuf/ent_q[1][10]_i_2_n_0. Optimization improves timing on the net.
INFO: [Physopt 32-619] Estimated Timing Summary | WNS=-0.570 | TNS=-451.688 |
INFO: [Physopt 32-702] Processed net u_soc/Core_cpu/u_ifu_subsys/u_ibuf/ent_q_reg[3]_22[10]. Optimizations did not improve timing on the net.
INFO: [Physopt 32-710] Processed net u_soc/Core_cpu/u_ifu_subsys/u_ibuf/ent_q[3][10]_i_1_n_0. Critical path length was reduced through logic transformation on cell u_soc/Core_cpu/u_ifu_subsys/u_ibuf/ent_q[3][10]_i_1_comp.
INFO: [Physopt 32-735] Processed net u_soc/Core_cpu/u_ifu_subsys/u_ibuf/ent_q[3][10]_i_2_n_0. Optimization improves timing on the net.
INFO: [Physopt 32-619] Estimated Timing Summary | WNS=-0.569 | TNS=-451.515 |
INFO: [Physopt 32-702] Processed net u_soc/Core_cpu/u_ifu_subsys/u_ibuf/ent_q_reg[2]_23[10]. Optimizations did not improve timing on the net.
INFO: [Physopt 32-710] Processed net u_soc/Core_cpu/u_ifu_subsys/u_ibuf/ent_q[2][10]_i_1_n_0. Critical path length was reduced through logic transformation on cell u_soc/Core_cpu/u_ifu_subsys/u_ibuf/ent_q[2][10]_i_1_comp.
INFO: [Physopt 32-735] Processed net u_soc/Core_cpu/u_ifu_subsys/u_ibuf/ent_q[2][10]_i_2_n_0. Optimization improves timing on the net.
INFO: [Physopt 32-619] Estimated Timing Summary | WNS=-0.569 | TNS=-451.338 |
INFO: [Physopt 32-702] Processed net u_soc/Core_cpu/u_ifu_subsys/u_ibuf/ent_q_reg[4]_21[8]. Optimizations did not improve timing on the net.
INFO: [Physopt 32-614] Property 'READ_WIDTH_B' on BRAM cell 'u_soc/Core_cpu/u_ifu_biu_mem/u_rom/u_prim/rd_q_reg_4' Port 'B' is 0. Skip BRAM Register Optimization on the port
INFO: [Physopt 32-614] Property 'READ_WIDTH_B' on BRAM cell 'u_soc/Core_cpu/u_ifu_biu_mem/u_rom/u_prim/rd_q_reg_4' Port 'B' is 0. Skip BRAM Register Optimization on the port
INFO: [Physopt 32-702] Processed net u_soc/Core_cpu/u_ifu_biu_mem/u_rom/u_prim/out[40]. Optimizations did not improve timing on the net.
INFO: [Physopt 32-710] Processed net u_soc/Core_cpu/u_ifu_subsys/u_ibuf/ent_q[4][8]_i_1_n_0. Critical path length was reduced through logic transformation on cell u_soc/Core_cpu/u_ifu_subsys/u_ibuf/ent_q[4][8]_i_1_comp.
INFO: [Physopt 32-735] Processed net u_soc/Core_cpu/u_ifu_subsys/u_ibuf/ent_q[4][8]_i_2_n_0. Optimization improves timing on the net.
INFO: [Physopt 32-619] Estimated Timing Summary | WNS=-0.568 | TNS=-451.314 |
INFO: [Physopt 32-702] Processed net u_soc/Core_cpu/u_ifu_subsys/u_ibuf/ent_q_reg[3]_22[4]. Optimizations did not improve timing on the net.
INFO: [Physopt 32-702] Processed net u_soc/Core_cpu/u_ifu_biu_mem/u_rom/u_prim/out[100]. Optimizations did not improve timing on the net.
INFO: [Physopt 32-608] Optimized 1 net.  Swapped 16 pins.
INFO: [Physopt 32-735] Processed net u_soc/Core_cpu/u_ifu_subsys/u_ibuf/ent_q[3][4]_i_2_n_0. Optimization improves timing on the net.
INFO: [Physopt 32-619] Estimated Timing Summary | WNS=-0.564 | TNS=-451.255 |
INFO: [Physopt 32-702] Processed net u_soc/Core_cpu/u_ifu_subsys/u_ibuf/ent_q_reg[0]_25[32]. Optimizations did not improve timing on the net.
INFO: [Physopt 32-663] Processed net u_soc/Core_cpu/u_ifu_subsys/g_tage.u_tage/q_row_idx_reg[1]_0[0].  Re-placed instance u_soc/Core_cpu/u_ifu_subsys/g_tage.u_tage/q_row_idx_reg[1][0]
INFO: [Physopt 32-735] Processed net u_soc/Core_cpu/u_ifu_subsys/g_tage.u_tage/q_row_idx_reg[1]_0[0]. Optimization improves timing on the net.
INFO: [Physopt 32-619] Estimated Timing Summary | WNS=-0.564 | TNS=-448.572 |
INFO: [Physopt 32-702] Processed net u_soc/Core_cpu/u_ifu_subsys/u_ibuf/ent_q_reg[6]_19[27]. Optimizations did not improve timing on the net.
INFO: [Physopt 32-702] Processed net u_soc/Core_cpu/u_ifu_biu_mem/u_rom/u_prim/out[91]. Optimizations did not improve timing on the net.
INFO: [Physopt 32-702] Processed net u_soc/Core_cpu/u_ifu_subsys/u_ibuf/ent_q[6][27]_i_3_n_0. Optimizations did not improve timing on the net.
INFO: [Physopt 32-702] Processed net u_soc/Core_cpu/u_ifu_subsys/u_ibuf/ent_q[180]. Optimizations did not improve timing on the net.
INFO: [Physopt 32-608] Optimized 1 net.  Swapped 23 pins.
INFO: [Physopt 32-735] Processed net u_soc/Core_cpu/u_ifu_subsys/u_ibuf/p_0_in__0[27]. Optimization improves timing on the net.
INFO: [Physopt 32-619] Estimated Timing Summary | WNS=-0.562 | TNS=-447.740 |
INFO: [Physopt 32-702] Processed net u_soc/Core_cpu/u_ifu_subsys/g_tage.u_tage/u2_pv_data_reg_n_0_[0][2]. Optimizations did not improve timing on the net.
INFO: [Physopt 32-663] Processed net u_soc/Core_cpu/u_ifu_subsys/g_tage.u_tage/u1_row_idx_reg[3]_2[0].  Re-placed instance u_soc/Core_cpu/u_ifu_subsys/g_tage.u_tage/u1_row_idx_reg[3][0]
INFO: [Physopt 32-735] Processed net u_soc/Core_cpu/u_ifu_subsys/g_tage.u_tage/u1_row_idx_reg[3]_2[0]. Optimization improves timing on the net.
INFO: [Physopt 32-619] Estimated Timing Summary | WNS=-0.562 | TNS=-444.503 |
INFO: [Physopt 32-702] Processed net u_soc/Core_cpu/u_ifu_subsys/u_ibuf/ent_q_reg[3]_22[9]. Optimizations did not improve timing on the net.
INFO: [Physopt 32-702] Processed net u_soc/Core_cpu/u_ifu_biu_mem/u_rom/u_prim/out[73]. Optimizations did not improve timing on the net.
INFO: [Physopt 32-608] Optimized 1 net.  Swapped 21 pins.
INFO: [Physopt 32-735] Processed net u_soc/Core_cpu/u_ifu_subsys/u_ibuf/ent_q[3][9]_i_2_n_0. Optimization improves timing on the net.
INFO: [Physopt 32-619] Estimated Timing Summary | WNS=-0.560 | TNS=-444.478 |
INFO: [Physopt 32-702] Processed net u_soc/Core_cpu/u_ifu_subsys/g_tage.u_tage/q_row_idx_reg[1]_0[0]. Optimizations did not improve timing on the net.
INFO: [Physopt 32-608] Optimized 1 net.  Swapped 17 pins.
INFO: [Physopt 32-735] Processed net u_soc/Core_cpu/u_ifu_subsys/u_ibuf/ent_q[0][32]_i_2_n_0. Optimization improves timing on the net.
INFO: [Physopt 32-619] Estimated Timing Summary | WNS=-0.560 | TNS=-444.438 |
INFO: [Physopt 32-702] Processed net u_soc/Core_cpu/u_ifu_subsys/u_ibuf/ent_q_reg[5]_20[28]. Optimizations did not improve timing on the net.
INFO: [Physopt 32-702] Processed net u_soc/Core_cpu/u_ifu_subsys/u_ibuf/ent_q[5][28]_i_2_n_0. Optimizations did not improve timing on the net.
INFO: [Physopt 32-702] Processed net u_soc/Core_cpu/u_ifu_subsys/u_ibuf/ent_q[334]. Optimizations did not improve timing on the net.
INFO: [Physopt 32-702] Processed net u_soc/Core_cpu/u_ifu_subsys/u_ibuf/p_0_in__0[28]. Optimizations did not improve timing on the net.
INFO: [Physopt 32-702] Processed net u_soc/Core_cpu/u_ifu_subsys/u_ibuf/cnt_q_reg[4]_1. Optimizations did not improve timing on the net.
INFO: [Physopt 32-702] Processed net u_soc/Core_cpu/u_ifu_subsys/u_ibuf/ib_push_acc[1]. Optimizations did not improve timing on the net.
INFO: [Physopt 32-608] Optimized 1 net.  Swapped 20 pins.
INFO: [Physopt 32-735] Processed net u_soc/Core_cpu/u_ifu_subsys/u_btb/cnt_q_reg[3]_0. Optimization improves timing on the net.
INFO: [Physopt 32-619] Estimated Timing Summary | WNS=-0.559 | TNS=-414.153 |
INFO: [Physopt 32-702] Processed net u_soc/Core_cpu/u_ifu_subsys/u_ibuf/ent_q_reg[1]_24[21]. Optimizations did not improve timing on the net.
INFO: [Physopt 32-702] Processed net u_soc/Core_cpu/u_ifu_biu_mem/u_rom/u_prim/out[117]. Optimizations did not improve timing on the net.
INFO: [Physopt 32-608] Optimized 1 net.  Swapped 21 pins.
INFO: [Physopt 32-735] Processed net u_soc/Core_cpu/u_ifu_subsys/u_ibuf/ent_q[1][21]_i_2_n_0. Optimization improves timing on the net.
INFO: [Physopt 32-619] Estimated Timing Summary | WNS=-0.552 | TNS=-414.015 |
INFO: [Physopt 32-702] Processed net u_soc/Core_cpu/u_ifu_subsys/u_ibuf/ent_q_reg[1]_24[8]. Optimizations did not improve timing on the net.
INFO: [Physopt 32-702] Processed net u_soc/Core_cpu/u_ifu_biu_mem/u_rom/u_prim/out[40]. Optimizations did not improve timing on the net.
INFO: [Physopt 32-702] Processed net u_soc/Core_cpu/u_ifu_subsys/u_ibuf/ent_q[1][8]_i_2_n_0. Optimizations did not improve timing on the net.
INFO: [Physopt 32-608] Optimized 1 net.  Swapped 23 pins.
INFO: [Physopt 32-735] Processed net u_soc/Core_cpu/u_ifu_subsys/u_ibuf/ent_q[6][8]_i_7_n_0. Optimization improves timing on the net.
INFO: [Physopt 32-619] Estimated Timing Summary | WNS=-0.550 | TNS=-413.861 |
INFO: [Physopt 32-702] Processed net u_soc/Core_cpu/u_ifu_subsys/u_ibuf/ent_q_reg[5]_20[10]. Optimizations did not improve timing on the net.
INFO: [Physopt 32-702] Processed net u_soc/Core_cpu/u_ifu_biu_mem/u_rom/u_prim/out[106]. Optimizations did not improve timing on the net.
INFO: [Physopt 32-608] Optimized 1 net.  Swapped 21 pins.
INFO: [Physopt 32-735] Processed net u_soc/Core_cpu/u_ifu_subsys/u_ibuf/ent_q[5][10]_i_2_n_0. Optimization improves timing on the net.
INFO: [Physopt 32-619] Estimated Timing Summary | WNS=-0.546 | TNS=-413.812 |
INFO: [Physopt 32-702] Processed net u_soc/Core_cpu/u_ifu_subsys/u_icache/u_dat_way1/u_prim/rd_q[104]. Optimizations did not improve timing on the net.
INFO: [Physopt 32-702] Processed net u_soc/Core_cpu/u_ifu_subsys/u_icache/q_pc_q_reg[8]_0[6]. Optimizations did not improve timing on the net.
INFO: [Physopt 32-702] Processed net u_soc/Core_cpu/u_ifu_subsys/u_ibuf/S[0]. Optimizations did not improve timing on the net.
INFO: [Physopt 32-702] Processed net u_soc/Core_cpu/u_ifu_subsys/u_btb/push_num[0]. Optimizations did not improve timing on the net.
INFO: [Physopt 32-702] Processed net u_soc/Core_cpu/u_ifu_subsys/u_btb/any_taken. Optimizations did not improve timing on the net.
INFO: [Physopt 32-702] Processed net u_soc/Core_cpu/u_ifu_subsys/u_btb/btb_t1. Optimizations did not improve timing on the net.
INFO: [Physopt 32-702] Processed net u_soc/Core_cpu/u_ifu_subsys/g_tage.u_tage/init_done_q_reg_inv_0. Optimizations did not improve timing on the net.
INFO: [Physopt 32-702] Processed net u_soc/Core_cpu/u_ifu_subsys/g_tage.u_tage/id_bht_chk[22]_i_8_n_0. Optimizations did not improve timing on the net.
INFO: [Physopt 32-702] Processed net u_soc/Core_cpu/u_ifu_subsys/g_tage.u_tage/id_bht_chk[22]_i_16_n_0. Optimizations did not improve timing on the net.
INFO: [Physopt 32-702] Processed net u_soc/Core_cpu/u_ifu_subsys/g_tage.u_tage/id_bht_chk[22]_i_33_n_0. Optimizations did not improve timing on the net.
INFO: [Physopt 32-702] Processed net u_soc/Core_cpu/u_ifu_subsys/g_tage.u_tage/ent_q[6][150]_i_60_n_0. Optimizations did not improve timing on the net.
INFO: [Physopt 32-702] Processed net u_soc/Core_cpu/u_ifu_subsys/u_btb/next_pc[3]. Optimizations did not improve timing on the net.
INFO: [Physopt 32-702] Processed net u_soc/Core_cpu/u_ifu_subsys/g_tage.u_tage/g_tab[1].tg_p_reg_r1_0_63_3_5/DOB. Optimizations did not improve timing on the net.
INFO: [Physopt 32-702] Processed net clk_IBUF. Optimizations did not improve timing on the net.
INFO: [Physopt 32-702] Processed net clk. Optimizations did not improve timing on the net.
INFO: [Physopt 32-619] Estimated Timing Summary | WNS=-0.546 | TNS=-413.812 |
Netlist sorting complete. Time (s): cpu = 00:00:00.04 ; elapsed = 00:00:00.04 . Memory (MB): peak = 3513.145 ; gain = 0.000 ; free physical = 87895 ; free virtual = 948418
Phase 3 Critical Path Optimization | Checksum: 18d95cd77

Time (s): cpu = 00:00:49 ; elapsed = 00:00:16 . Memory (MB): peak = 3513.145 ; gain = 0.000 ; free physical = 87895 ; free virtual = 948417

Phase 4 Critical Path Optimization
INFO: [Physopt 32-619] Estimated Timing Summary | WNS=-0.546 | TNS=-413.812 |
INFO: [Physopt 32-702] Processed net u_soc/Core_cpu/u_ifu_subsys/u_icache/u_dat_way1/u_prim/rd_q[104]. Optimizations did not improve timing on the net.
INFO: [Physopt 32-702] Processed net u_soc/Core_cpu/u_ifu_subsys/g_tage.u_tage/q_row_idx_reg[1]_0[0]. Optimizations did not improve timing on the net.
INFO: [Physopt 32-702] Processed net u_soc/Core_cpu/u_ifu_subsys/u_icache/q_pc_q_reg[8]_0[6]. Optimizations did not improve timing on the net.
INFO: [Physopt 32-702] Processed net u_soc/Core_cpu/u_ifu_subsys/u_icache/u_tag_way0/u_prim/CO[0]. Optimizations did not improve timing on the net.
INFO: [Physopt 32-702] Processed net u_soc/Core_cpu/u_ifu_subsys/u_ibuf/S[0]. Optimizations did not improve timing on the net.
INFO: [Physopt 32-702] Processed net u_soc/Core_cpu/u_ifu_subsys/u_btb/push_num[0]. Optimizations did not improve timing on the net.
INFO: [Physopt 32-702] Processed net u_soc/Core_cpu/u_ifu_subsys/u_btb/any_taken. Optimizations did not improve timing on the net.
INFO: [Physopt 32-702] Processed net u_soc/Core_cpu/u_ifu_subsys/u_btb/btb_t1. Optimizations did not improve timing on the net.
INFO: [Physopt 32-702] Processed net u_soc/Core_cpu/u_ifu_subsys/g_tage.u_tage/init_done_q_reg_inv_0. Optimizations did not improve timing on the net.
INFO: [Physopt 32-702] Processed net u_soc/Core_cpu/u_ifu_subsys/g_tage.u_tage/id_bht_chk[22]_i_8_n_0. Optimizations did not improve timing on the net.
INFO: [Physopt 32-702] Processed net u_soc/Core_cpu/u_ifu_subsys/g_tage.u_tage/id_bht_chk[22]_i_16_n_0. Optimizations did not improve timing on the net.
INFO: [Physopt 32-134] Processed net u_soc/Core_cpu/u_ifu_subsys/g_tage.u_tage/id_bht_chk[22]_i_33_n_0. Rewiring did not optimize the net.
INFO: [Physopt 32-702] Processed net u_soc/Core_cpu/u_ifu_subsys/g_tage.u_tage/id_bht_chk[22]_i_33_n_0. Optimizations did not improve timing on the net.
INFO: [Physopt 32-702] Processed net u_soc/Core_cpu/u_ifu_subsys/g_tage.u_tage/ent_q[6][150]_i_60_n_0. Optimizations did not improve timing on the net.
INFO: [Physopt 32-702] Processed net u_soc/Core_cpu/u_ifu_subsys/u_btb/next_pc[3]. Optimizations did not improve timing on the net.
INFO: [Physopt 32-702] Processed net u_soc/Core_cpu/u_ifu_subsys/g_tage.u_tage/g_tab[1].tg_p_reg_r1_0_63_3_5/DOB. Optimizations did not improve timing on the net.
INFO: [Physopt 32-702] Processed net clk_IBUF. Optimizations did not improve timing on the net.
INFO: [Physopt 32-702] Processed net clk. Optimizations did not improve timing on the net.
INFO: [Physopt 32-702] Processed net u_soc/Core_cpu/u_ifu_subsys/u_icache/u_dat_way1/u_prim/rd_q[104]. Optimizations did not improve timing on the net.
INFO: [Physopt 32-702] Processed net u_soc/Core_cpu/u_ifu_subsys/g_tage.u_tage/q_row_idx_reg[1]_0[0]. Optimizations did not improve timing on the net.
INFO: [Physopt 32-702] Processed net u_soc/Core_cpu/u_ifu_subsys/u_icache/q_pc_q_reg[8]_0[6]. Optimizations did not improve timing on the net.
INFO: [Physopt 32-702] Processed net u_soc/Core_cpu/u_ifu_subsys/u_ibuf/S[0]. Optimizations did not improve timing on the net.
INFO: [Physopt 32-702] Processed net u_soc/Core_cpu/u_ifu_subsys/u_btb/push_num[0]. Optimizations did not improve timing on the net.
INFO: [Physopt 32-702] Processed net u_soc/Core_cpu/u_ifu_subsys/u_btb/any_taken. Optimizations did not improve timing on the net.
INFO: [Physopt 32-702] Processed net u_soc/Core_cpu/u_ifu_subsys/u_btb/btb_t1. Optimizations did not improve timing on the net.
INFO: [Physopt 32-702] Processed net u_soc/Core_cpu/u_ifu_subsys/g_tage.u_tage/init_done_q_reg_inv_0. Optimizations did not improve timing on the net.
INFO: [Physopt 32-702] Processed net u_soc/Core_cpu/u_ifu_subsys/g_tage.u_tage/id_bht_chk[22]_i_8_n_0. Optimizations did not improve timing on the net.
INFO: [Physopt 32-702] Processed net u_soc/Core_cpu/u_ifu_subsys/g_tage.u_tage/id_bht_chk[22]_i_16_n_0. Optimizations did not improve timing on the net.
INFO: [Physopt 32-702] Processed net u_soc/Core_cpu/u_ifu_subsys/g_tage.u_tage/id_bht_chk[22]_i_33_n_0. Optimizations did not improve timing on the net.
INFO: [Physopt 32-702] Processed net u_soc/Core_cpu/u_ifu_subsys/g_tage.u_tage/ent_q[6][150]_i_60_n_0. Optimizations did not improve timing on the net.
INFO: [Physopt 32-702] Processed net u_soc/Core_cpu/u_ifu_subsys/u_btb/next_pc[3]. Optimizations did not improve timing on the net.
INFO: [Physopt 32-702] Processed net u_soc/Core_cpu/u_ifu_subsys/g_tage.u_tage/g_tab[1].tg_p_reg_r1_0_63_3_5/DOB. Optimizations did not improve timing on the net.
INFO: [Physopt 32-702] Processed net clk_IBUF. Optimizations did not improve timing on the net.
INFO: [Physopt 32-702] Processed net clk. Optimizations did not improve timing on the net.
INFO: [Physopt 32-619] Estimated Timing Summary | WNS=-0.546 | TNS=-413.812 |
Netlist sorting complete. Time (s): cpu = 00:00:00.01 ; elapsed = 00:00:00.02 . Memory (MB): peak = 3513.145 ; gain = 0.000 ; free physical = 87888 ; free virtual = 948416
Phase 4 Critical Path Optimization | Checksum: 18d95cd77

Time (s): cpu = 00:01:15 ; elapsed = 00:00:24 . Memory (MB): peak = 3513.145 ; gain = 0.000 ; free physical = 87888 ; free virtual = 948416
Netlist sorting complete. Time (s): cpu = 00:00:00 ; elapsed = 00:00:00 . Memory (MB): peak = 3513.145 ; gain = 0.000 ; free physical = 87888 ; free virtual = 948416
INFO: [Physopt 32-603] Post Physical Optimization Timing Summary | WNS=-0.546 | TNS=-413.812 |

Summary of Physical Synthesis Optimizations
============================================


-------------------------------------------------------------------------------------------------------------------------------------------------------------
|  Optimization   |  WNS Gain (ns)  |  TNS Gain (ns)  |  Added Cells  |  Removed Cells  |  Optimized Cells/Nets  |  Dont Touch  |  Iterations  |  Elapsed   |
-------------------------------------------------------------------------------------------------------------------------------------------------------------
|  DSP Register   |          0.000  |          0.000  |            0  |              0  |                     0  |           0  |           1  |  00:00:00  |
|  Critical Path  |          0.085  |         91.056  |            2  |              0  |                    25  |           0  |           2  |  00:00:22  |
|  Total          |          0.085  |         91.056  |            2  |              0  |                    25  |           0  |           3  |  00:00:22  |
-------------------------------------------------------------------------------------------------------------------------------------------------------------


Netlist sorting complete. Time (s): cpu = 00:00:00 ; elapsed = 00:00:00 . Memory (MB): peak = 3513.145 ; gain = 0.000 ; free physical = 87888 ; free virtual = 948416
Ending Physical Synthesis Task | Checksum: 14db1f887

Time (s): cpu = 00:01:15 ; elapsed = 00:00:24 . Memory (MB): peak = 3513.145 ; gain = 0.000 ; free physical = 87887 ; free virtual = 948415
INFO: [Common 17-83] Releasing license: Implementation
295 Infos, 0 Warnings, 0 Critical Warnings and 0 Errors encountered.
phys_opt_design completed successfully
phys_opt_design: Time (s): cpu = 00:01:19 ; elapsed = 00:00:25 . Memory (MB): peak = 3513.145 ; gain = 0.000 ; free physical = 87887 ; free virtual = 948415
INFO: [Timing 38-480] Writing timing data to binary archive.
Write ShapeDB Complete: Time (s): cpu = 00:00:00.09 ; elapsed = 00:00:00.02 . Memory (MB): peak = 3513.145 ; gain = 0.000 ; free physical = 87887 ; free virtual = 948415
Wrote PlaceDB: Time (s): cpu = 00:00:02 ; elapsed = 00:00:00.76 . Memory (MB): peak = 3513.145 ; gain = 0.000 ; free physical = 87678 ; free virtual = 948225
Wrote PulsedLatchDB: Time (s): cpu = 00:00:00 ; elapsed = 00:00:00 . Memory (MB): peak = 3513.145 ; gain = 0.000 ; free physical = 87678 ; free virtual = 948225
Writing XDEF routing.
Writing XDEF routing logical nets.
Writing XDEF routing special nets.
Wrote RouteStorage: Time (s): cpu = 00:00:00.02 ; elapsed = 00:00:00.03 . Memory (MB): peak = 3513.145 ; gain = 0.000 ; free physical = 87677 ; free virtual = 948225
Wrote Netlist Cache: Time (s): cpu = 00:00:00.02 ; elapsed = 00:00:00.02 . Memory (MB): peak = 3513.145 ; gain = 0.000 ; free physical = 87675 ; free virtual = 948224
Wrote Device Cache: Time (s): cpu = 00:00:00 ; elapsed = 00:00:00 . Memory (MB): peak = 3513.145 ; gain = 0.000 ; free physical = 87674 ; free virtual = 948224
Write Physdb Complete: Time (s): cpu = 00:00:02 ; elapsed = 00:00:00.82 . Memory (MB): peak = 3513.145 ; gain = 0.000 ; free physical = 87674 ; free virtual = 948224
INFO: [Common 17-1381] The checkpoint '/home/st-wangjun/project/RISCV_A910/synth/vivado/fmax_impl_6.0ns/fmax_impl_6.0ns.runs/impl_1/top_fmax_physopt.dcp' has been generated.
Command: route_design
Attempting to get a license for feature 'Implementation' and/or device 'xc7k325t'
INFO: [Common 17-349] Got license for feature 'Implementation' and/or device 'xc7k325t'
INFO: [DRC 23-27] Running DRC with 8 threads
INFO: [Vivado_Tcl 4-198] DRC finished with 0 Errors
INFO: [Vivado_Tcl 4-199] Please refer to the DRC report (report_drc) for more information.
Running DRC as a precondition to command route_design
INFO: [DRC 23-27] Running DRC with 8 threads
INFO: [Vivado_Tcl 4-198] DRC finished with 0 Errors
INFO: [Vivado_Tcl 4-199] Please refer to the DRC report (report_drc) for more information.


Starting Routing Task
INFO: [Route 35-254] Multithreading enabled for route_design using a maximum of 8 CPUs

Phase 1 Build RT Design
Checksum: PlaceDB: 6732f538 ConstDB: 0 ShapeSum: a4cab563 RouteDB: 0
Post Restoration Checksum: NetGraph: 2560a1ad | NumContArr: 1c446b48 | Constraints: c2a8fa9d | Timing: c2a8fa9d
Phase 1 Build RT Design | Checksum: 1c6f7022f

Time (s): cpu = 00:00:33 ; elapsed = 00:00:20 . Memory (MB): peak = 3667.051 ; gain = 153.906 ; free physical = 87199 ; free virtual = 947763

Phase 2 Router Initialization

Phase 2.1 Fix Topology Constraints
Phase 2.1 Fix Topology Constraints | Checksum: 1c6f7022f

Time (s): cpu = 00:00:33 ; elapsed = 00:00:20 . Memory (MB): peak = 3667.051 ; gain = 153.906 ; free physical = 87199 ; free virtual = 947763

Phase 2.2 Pre Route Cleanup
Phase 2.2 Pre Route Cleanup | Checksum: 1c6f7022f

Time (s): cpu = 00:00:33 ; elapsed = 00:00:20 . Memory (MB): peak = 3667.051 ; gain = 153.906 ; free physical = 87199 ; free virtual = 947763
 Number of Nodes with overlaps = 0

Phase 2.3 Update Timing
Phase 2.3 Update Timing | Checksum: 24440073f

Time (s): cpu = 00:00:41 ; elapsed = 00:00:23 . Memory (MB): peak = 3751.785 ; gain = 238.641 ; free physical = 89230 ; free virtual = 949794
INFO: [Route 35-416] Intermediate Timing Summary | WNS=-0.517 | TNS=-91.723| WHS=-0.230 | THS=-188.073|


Router Utilization Summary
  Global Vertical Routing Utilization    = 0 %
  Global Horizontal Routing Utilization  = 0 %
  Routable Net Status*
  *Does not include unroutable nets such as driverless and loadless.
  Run report_route_status for detailed report.
  Number of Failed Nets               = 14941
    (Failed Nets is the sum of unrouted and partially routed nets)
  Number of Unrouted Nets             = 14941
  Number of Partially Routed Nets     = 0
  Number of Node Overlaps             = 0

Phase 2 Router Initialization | Checksum: 2b994222d

Time (s): cpu = 00:00:45 ; elapsed = 00:00:24 . Memory (MB): peak = 3761.035 ; gain = 247.891 ; free physical = 89218 ; free virtual = 949781

Phase 3 Initial Routing

Phase 3.1 Global Routing
Phase 3.1 Global Routing | Checksum: 2b994222d

Time (s): cpu = 00:00:45 ; elapsed = 00:00:24 . Memory (MB): peak = 3761.035 ; gain = 247.891 ; free physical = 89218 ; free virtual = 949781

Phase 3.2 Initial Net Routing
Phase 3.2 Initial Net Routing | Checksum: 238468124

Time (s): cpu = 00:00:58 ; elapsed = 00:00:28 . Memory (MB): peak = 3794.035 ; gain = 280.891 ; free physical = 91418 ; free virtual = 951982
Phase 3 Initial Routing | Checksum: 238468124

Time (s): cpu = 00:00:58 ; elapsed = 00:00:28 . Memory (MB): peak = 3794.035 ; gain = 280.891 ; free physical = 91418 ; free virtual = 951981
INFO: [Route 35-580] Design has 190 pins with tight setup and hold constraints.

The top 5 pins with tight setup and hold constraints:

+====================+===================+===================================================+
| Launch Setup Clock | Launch Hold Clock | Pin                                               |
+====================+===================+===================================================+
| clk                | clk               | u_soc/Core_cpu/U_EX_MEM/mem_exc_cause_reg[0]/D    |
| clk                | clk               | u_soc/Core_cpu/U_EX_MEM/mem_exc_cause_reg[1]/D    |
| clk                | clk               | u_soc/Core_cpu/U_EX_MEM/mem_exc_cause_reg[2]/D    |
| clk                | clk               | u_soc/Core_cpu/U_EX_MEM/mem_exc_valid_reg/D       |
| clk                | clk               | u_soc/Core_cpu/u_ifu_subsys/u_ibuf/cnt_q_reg[4]/D |
+--------------------+-------------------+---------------------------------------------------+

File with complete list of pins: tight_setup_hold_pins.txt


Phase 4 Rip-up And Reroute

Phase 4.1 Global Iteration 0
 Number of Nodes with overlaps = 5217
 Number of Nodes with overlaps = 1045
 Number of Nodes with overlaps = 283
 Number of Nodes with overlaps = 86
 Number of Nodes with overlaps = 21
 Number of Nodes with overlaps = 10
 Number of Nodes with overlaps = 4
 Number of Nodes with overlaps = 2
 Number of Nodes with overlaps = 1
 Number of Nodes with overlaps = 0
INFO: [Route 35-416] Intermediate Timing Summary | WNS=-1.036 | TNS=-817.696| WHS=N/A    | THS=N/A    |

Phase 4.1 Global Iteration 0 | Checksum: 24f797e65

Time (s): cpu = 00:01:43 ; elapsed = 00:01:00 . Memory (MB): peak = 3794.035 ; gain = 280.891 ; free physical = 93903 ; free virtual = 954491

Phase 4.2 Global Iteration 1
 Number of Nodes with overlaps = 952
 Number of Nodes with overlaps = 221
 Number of Nodes with overlaps = 59
 Number of Nodes with overlaps = 33
 Number of Nodes with overlaps = 18
 Number of Nodes with overlaps = 16
 Number of Nodes with overlaps = 8
 Number of Nodes with overlaps = 4
 Number of Nodes with overlaps = 3
 Number of Nodes with overlaps = 2
 Number of Nodes with overlaps = 2
 Number of Nodes with overlaps = 2
 Number of Nodes with overlaps = 0
INFO: [Route 35-416] Intermediate Timing Summary | WNS=-1.086 | TNS=-862.258| WHS=N/A    | THS=N/A    |

Phase 4.2 Global Iteration 1 | Checksum: 1a2486cab

Time (s): cpu = 00:01:54 ; elapsed = 00:01:07 . Memory (MB): peak = 3794.035 ; gain = 280.891 ; free physical = 93354 ; free virtual = 953954
Phase 4 Rip-up And Reroute | Checksum: 1a2486cab

Time (s): cpu = 00:01:54 ; elapsed = 00:01:07 . Memory (MB): peak = 3794.035 ; gain = 280.891 ; free physical = 93354 ; free virtual = 953954

Phase 5 Delay and Skew Optimization

Phase 5.1 Delay CleanUp

Phase 5.1.1 Update Timing
Phase 5.1.1 Update Timing | Checksum: 11cb3d0db

Time (s): cpu = 00:01:56 ; elapsed = 00:01:07 . Memory (MB): peak = 3794.035 ; gain = 280.891 ; free physical = 93332 ; free virtual = 953933
INFO: [Route 35-416] Intermediate Timing Summary | WNS=-0.944 | TNS=-681.492| WHS=N/A    | THS=N/A    |

 Number of Nodes with overlaps = 0
Phase 5.1 Delay CleanUp | Checksum: 24e28e417

Time (s): cpu = 00:01:57 ; elapsed = 00:01:07 . Memory (MB): peak = 3794.035 ; gain = 280.891 ; free physical = 93328 ; free virtual = 953929

Phase 5.2 Clock Skew Optimization
Phase 5.2 Clock Skew Optimization | Checksum: 24e28e417

Time (s): cpu = 00:01:57 ; elapsed = 00:01:07 . Memory (MB): peak = 3794.035 ; gain = 280.891 ; free physical = 93328 ; free virtual = 953929
Phase 5 Delay and Skew Optimization | Checksum: 24e28e417

Time (s): cpu = 00:01:57 ; elapsed = 00:01:07 . Memory (MB): peak = 3794.035 ; gain = 280.891 ; free physical = 93328 ; free virtual = 953929

Phase 6 Post Hold Fix

Phase 6.1 Hold Fix Iter

Phase 6.1.1 Update Timing
Phase 6.1.1 Update Timing | Checksum: 1f65d7814

Time (s): cpu = 00:01:58 ; elapsed = 00:01:08 . Memory (MB): peak = 3794.035 ; gain = 280.891 ; free physical = 93321 ; free virtual = 953926
INFO: [Route 35-416] Intermediate Timing Summary | WNS=-0.928 | TNS=-654.474| WHS=-0.593 | THS=-1.387 |

Phase 6.1 Hold Fix Iter | Checksum: 2396623f2

Time (s): cpu = 00:01:58 ; elapsed = 00:01:08 . Memory (MB): peak = 3794.035 ; gain = 280.891 ; free physical = 93321 ; free virtual = 953927

Phase 6.2 Non Free Resource Hold Fix Iter
Phase 6.2 Non Free Resource Hold Fix Iter | Checksum: 2c0530974

Time (s): cpu = 00:01:59 ; elapsed = 00:01:08 . Memory (MB): peak = 3794.035 ; gain = 280.891 ; free physical = 93318 ; free virtual = 953925
Phase 6 Post Hold Fix | Checksum: 2c0530974

Time (s): cpu = 00:01:59 ; elapsed = 00:01:08 . Memory (MB): peak = 3794.035 ; gain = 280.891 ; free physical = 93318 ; free virtual = 953925

Phase 7 Route finalize

Router Utilization Summary
  Global Vertical Routing Utilization    = 2.01345 %
  Global Horizontal Routing Utilization  = 2.44685 %
  Routable Net Status*
  *Does not include unroutable nets such as driverless and loadless.
  Run report_route_status for detailed report.
  Number of Failed Nets               = 0
    (Failed Nets is the sum of unrouted and partially routed nets)
  Number of Unrouted Nets             = 0
  Number of Partially Routed Nets     = 0
  Number of Node Overlaps             = 0


--GLOBAL Congestion:
Utilization threshold used for congestion level computation: 0.85
Congestion Report
North Dir 1x1 Area, Max Cong = 76.5766%, No Congested Regions.
South Dir 1x1 Area, Max Cong = 76.5766%, No Congested Regions.
East Dir 1x1 Area, Max Cong = 94.1176%, Congestion bounded by tiles (Lower Left Tile -> Upper Right Tile):
   INT_L_X24Y38 -> INT_L_X24Y38
   INT_R_X21Y35 -> INT_R_X21Y35
   INT_R_X23Y35 -> INT_R_X23Y35
   INT_L_X24Y35 -> INT_L_X24Y35
   INT_R_X21Y34 -> INT_R_X21Y34
West Dir 2x2 Area, Max Cong = 89.3382%, Congestion bounded by tiles (Lower Left Tile -> Upper Right Tile):
   INT_L_X30Y30 -> INT_R_X31Y31

------------------------------
Reporting congestion hotspots
------------------------------
Direction: North
----------------
Congested clusters found at Level 0
Effective congestion level: 0 Aspect Ratio: 1 Sparse Ratio: 0
Direction: South
----------------
Congested clusters found at Level 0
Effective congestion level: 0 Aspect Ratio: 1 Sparse Ratio: 0
Direction: East
----------------
Congested clusters found at Level 0
Effective congestion level: 2 Aspect Ratio: 0.8 Sparse Ratio: 0.75
Direction: West
----------------
Congested clusters found at Level 0
Effective congestion level: 2 Aspect Ratio: 0.714286 Sparse Ratio: 1.125

Phase 7 Route finalize | Checksum: 2c0530974

Time (s): cpu = 00:01:59 ; elapsed = 00:01:08 . Memory (MB): peak = 3794.035 ; gain = 280.891 ; free physical = 93318 ; free virtual = 953925

Phase 8 Verifying routed nets

 Verification completed successfully
Phase 8 Verifying routed nets | Checksum: 2c0530974

Time (s): cpu = 00:01:59 ; elapsed = 00:01:08 . Memory (MB): peak = 3794.035 ; gain = 280.891 ; free physical = 93317 ; free virtual = 953923

Phase 9 Depositing Routes
Phase 9 Depositing Routes | Checksum: 3985eaa7c

Time (s): cpu = 00:02:00 ; elapsed = 00:01:09 . Memory (MB): peak = 3794.035 ; gain = 280.891 ; free physical = 93317 ; free virtual = 953923

Phase 10 Post Router Timing

Phase 10.1 Update Timing
Phase 10.1 Update Timing | Checksum: 34e89b951

Time (s): cpu = 00:02:02 ; elapsed = 00:01:09 . Memory (MB): peak = 3794.035 ; gain = 280.891 ; free physical = 93318 ; free virtual = 953925
INFO: [Route 35-57] Estimated Timing Summary | WNS=-0.928 | TNS=-654.474| WHS=0.108  | THS=0.000  |

WARNING: [Route 35-328] Router estimated timing not met.
Resolution: For a complete and accurate timing signoff, report_timing_summary must be run after route_design. Alternatively, route_design can be run with the -timing_summary option to enable a complete timing signoff at the end of route_design.
Phase 10 Post Router Timing | Checksum: 34e89b951

Time (s): cpu = 00:02:02 ; elapsed = 00:01:09 . Memory (MB): peak = 3794.035 ; gain = 280.891 ; free physical = 93318 ; free virtual = 953925
INFO: [Route 35-16] Router Completed Successfully

Phase 11 Post-Route Event Processing
Phase 11 Post-Route Event Processing | Checksum: 1f19eea10

Time (s): cpu = 00:02:02 ; elapsed = 00:01:10 . Memory (MB): peak = 3794.035 ; gain = 280.891 ; free physical = 93315 ; free virtual = 953921
Ending Routing Task | Checksum: 1f19eea10

Time (s): cpu = 00:02:03 ; elapsed = 00:01:10 . Memory (MB): peak = 3794.035 ; gain = 280.891 ; free physical = 93319 ; free virtual = 953926

Routing Is Done.
INFO: [Common 17-83] Releasing license: Implementation
314 Infos, 1 Warnings, 0 Critical Warnings and 0 Errors encountered.
route_design completed successfully
route_design: Time (s): cpu = 00:02:05 ; elapsed = 00:01:11 . Memory (MB): peak = 3813.023 ; gain = 299.879 ; free physical = 93319 ; free virtual = 953925
INFO: [runtcl-4] Executing : report_drc -file top_fmax_drc_routed.rpt -pb top_fmax_drc_routed.pb -rpx top_fmax_drc_routed.rpx
Command: report_drc -file top_fmax_drc_routed.rpt -pb top_fmax_drc_routed.pb -rpx top_fmax_drc_routed.rpx
INFO: [IP_Flow 19-1839] IP Catalog is up to date.
INFO: [DRC 23-27] Running DRC with 8 threads
INFO: [Vivado_Tcl 2-168] The results of DRC are in file /home/st-wangjun/project/RISCV_A910/synth/vivado/fmax_impl_6.0ns/fmax_impl_6.0ns.runs/impl_1/top_fmax_drc_routed.rpt.
report_drc completed successfully
INFO: [runtcl-4] Executing : report_methodology -file top_fmax_methodology_drc_routed.rpt -pb top_fmax_methodology_drc_routed.pb -rpx top_fmax_methodology_drc_routed.rpx
Command: report_methodology -file top_fmax_methodology_drc_routed.rpt -pb top_fmax_methodology_drc_routed.pb -rpx top_fmax_methodology_drc_routed.rpx
INFO: [Timing 38-35] Done setting XDC timing constraints.
INFO: [DRC 23-133] Running Methodology with 8 threads
INFO: [Vivado_Tcl 2-1520] The results of Report Methodology are in file /home/st-wangjun/project/RISCV_A910/synth/vivado/fmax_impl_6.0ns/fmax_impl_6.0ns.runs/impl_1/top_fmax_methodology_drc_routed.rpt.
report_methodology completed successfully
INFO: [runtcl-4] Executing : report_power -file top_fmax_power_routed.rpt -pb top_fmax_power_summary_routed.pb -rpx top_fmax_power_routed.rpx
Command: report_power -file top_fmax_power_routed.rpt -pb top_fmax_power_summary_routed.pb -rpx top_fmax_power_routed.rpx
INFO: [Timing 38-35] Done setting XDC timing constraints.
Running Vector-less Activity Propagation...

Finished Running Vector-less Activity Propagation
324 Infos, 1 Warnings, 0 Critical Warnings and 0 Errors encountered.
report_power completed successfully
INFO: [runtcl-4] Executing : report_route_status -file top_fmax_route_status.rpt -pb top_fmax_route_status.pb
INFO: [runtcl-4] Executing : report_timing_summary -max_paths 10 -report_unconstrained -file top_fmax_timing_summary_routed.rpt -pb top_fmax_timing_summary_routed.pb -rpx top_fmax_timing_summary_routed.rpx -warn_on_violation 
INFO: [Timing 38-91] UpdateTimingParams: Speed grade: -2, Delay Type: min_max.
INFO: [Timing 38-191] Multithreading enabled for timing update using a maximum of 8 CPUs
CRITICAL WARNING: [Timing 38-282] The design failed to meet the timing requirements. Please see the timing summary report for details on the timing violations.
INFO: [runtcl-4] Executing : report_incremental_reuse -file top_fmax_incremental_reuse_routed.rpt
INFO: [Vivado_Tcl 4-1062] Incremental flow is disabled. No incremental reuse Info to report.
INFO: [runtcl-4] Executing : report_clock_utilization -file top_fmax_clock_utilization_routed.rpt
INFO: [runtcl-4] Executing : report_bus_skew -warn_on_violation -file top_fmax_bus_skew_routed.rpt -pb top_fmax_bus_skew_routed.pb -rpx top_fmax_bus_skew_routed.rpx
INFO: [Timing 38-91] UpdateTimingParams: Speed grade: -2, Delay Type: min_max.
INFO: [Timing 38-191] Multithreading enabled for timing update using a maximum of 8 CPUs
INFO: [Timing 38-480] Writing timing data to binary archive.
Write ShapeDB Complete: Time (s): cpu = 00:00:00.1 ; elapsed = 00:00:00.02 . Memory (MB): peak = 3959.434 ; gain = 0.000 ; free physical = 95505 ; free virtual = 956151
Wrote PlaceDB: Time (s): cpu = 00:00:02 ; elapsed = 00:00:00.73 . Memory (MB): peak = 3959.434 ; gain = 0.000 ; free physical = 95443 ; free virtual = 956090
Wrote PulsedLatchDB: Time (s): cpu = 00:00:00 ; elapsed = 00:00:00 . Memory (MB): peak = 3959.434 ; gain = 0.000 ; free physical = 95443 ; free virtual = 956090
Writing XDEF routing.
Writing XDEF routing logical nets.
Writing XDEF routing special nets.
Wrote RouteStorage: Time (s): cpu = 00:00:00.13 ; elapsed = 00:00:00.15 . Memory (MB): peak = 3959.434 ; gain = 0.000 ; free physical = 96894 ; free virtual = 957544
Wrote Netlist Cache: Time (s): cpu = 00:00:00.02 ; elapsed = 00:00:00.01 . Memory (MB): peak = 3959.434 ; gain = 0.000 ; free physical = 96949 ; free virtual = 957600
Wrote Device Cache: Time (s): cpu = 00:00:00 ; elapsed = 00:00:00.01 . Memory (MB): peak = 3959.434 ; gain = 0.000 ; free physical = 96953 ; free virtual = 957605
Write Physdb Complete: Time (s): cpu = 00:00:02 ; elapsed = 00:00:00.9 . Memory (MB): peak = 3959.434 ; gain = 0.000 ; free physical = 96953 ; free virtual = 957605
INFO: [Common 17-1381] The checkpoint '/home/st-wangjun/project/RISCV_A910/synth/vivado/fmax_impl_6.0ns/fmax_impl_6.0ns.runs/impl_1/top_fmax_routed.dcp' has been generated.
INFO: [Common 17-206] Exiting Vivado at Mon Sep 28 23:06:10 2026...
[Mon Sep 28 23:06:25 2026] impl_1 finished
wait_on_runs: Time (s): cpu = 00:00:01 ; elapsed = 00:03:32 . Memory (MB): peak = 1450.277 ; gain = 0.000 ; free physical = 100468 ; free virtual = 961107
INFO: [Device 21-403] Loading part xc7k325tffg900-2
Netlist sorting complete. Time (s): cpu = 00:00:00.06 ; elapsed = 00:00:00.06 . Memory (MB): peak = 1816.043 ; gain = 0.000 ; free physical = 99772 ; free virtual = 960412
INFO: [Netlist 29-17] Analyzing 1275 Unisim elements for replacement
INFO: [Netlist 29-28] Unisim Transformation completed in 0 CPU seconds
INFO: [Project 1-479] Netlist was created with Vivado 2023.2
INFO: [Project 1-570] Preparing netlist for logic optimization
Read ShapeDB Complete: Time (s): cpu = 00:00:00.03 ; elapsed = 00:00:00.02 . Memory (MB): peak = 1909.637 ; gain = 3.004 ; free physical = 99582 ; free virtual = 960221
INFO: [Timing 38-478] Restoring timing data from binary archive.
INFO: [Timing 38-479] Binary timing data restore complete.
INFO: [Project 1-856] Restoring constraints from binary archive.
INFO: [Project 1-853] Binary constraint restore complete.
INFO: [Designutils 20-5722] Start Reading Physical Databases.
Reading placement.
Read Netlist Cache: Time (s): cpu = 00:00:00.02 ; elapsed = 00:00:00.02 . Memory (MB): peak = 2610.012 ; gain = 0.000 ; free physical = 99971 ; free virtual = 960610
Reading placer database...
Read Device Cache: Time (s): cpu = 00:00:00.01 ; elapsed = 00:00:00.01 . Memory (MB): peak = 2610.012 ; gain = 0.000 ; free physical = 99971 ; free virtual = 960610
Read PlaceDB: Time (s): cpu = 00:00:00.62 ; elapsed = 00:00:00.63 . Memory (MB): peak = 2610.012 ; gain = 0.000 ; free physical = 99941 ; free virtual = 960580
Read PulsedLatchDB: Time (s): cpu = 00:00:00 ; elapsed = 00:00:00 . Memory (MB): peak = 2610.012 ; gain = 0.000 ; free physical = 99941 ; free virtual = 960580
Reading routing.
Read RouteStorage: Time (s): cpu = 00:00:00.27 ; elapsed = 00:00:00.27 . Memory (MB): peak = 2614.012 ; gain = 4.000 ; free physical = 99925 ; free virtual = 960565
Read Physdb Files: Time (s): cpu = 00:00:00.92 ; elapsed = 00:00:00.94 . Memory (MB): peak = 2614.012 ; gain = 4.004 ; free physical = 99925 ; free virtual = 960564
Restored from archive | CPU: 0.970000 secs | Memory: 24.157265 MB |
Finished XDEF File Restore: Time (s): cpu = 00:00:00.95 ; elapsed = 00:00:00.97 . Memory (MB): peak = 2614.012 ; gain = 9.938 ; free physical = 99925 ; free virtual = 960564
Netlist sorting complete. Time (s): cpu = 00:00:00 ; elapsed = 00:00:00 . Memory (MB): peak = 2614.012 ; gain = 0.000 ; free physical = 99924 ; free virtual = 960563
INFO: [Project 1-111] Unisim Transformation Summary:
  A total of 267 instances were transformed.
  RAM32M => RAM32M (RAMD32(x6), RAMS32(x2)): 8 instances
  RAM64M => RAM64M (RAMD64E(x4)): 183 instances
  RAM64X1D => RAM64X1D (RAMD64E(x2)): 76 instances

open_run: Time (s): cpu = 00:00:13 ; elapsed = 00:00:14 . Memory (MB): peak = 2614.012 ; gain = 1163.734 ; free physical = 99919 ; free virtual = 960559
# report_timing_summary -delay_type max -max_paths 20 -file [file join $PROJ_DIR timing_summary.rpt]
INFO: [Timing 38-91] UpdateTimingParams: Speed grade: -2, Delay Type: max.
INFO: [Timing 38-191] Multithreading enabled for timing update using a maximum of 8 CPUs
# report_utilization -file [file join $PROJ_DIR utilization.rpt]
# report_timing -delay_type max -max_paths 500 -file [file join $PROJ_DIR timing_paths500.rpt]
INFO: [Timing 38-91] UpdateTimingParams: Speed grade: -2, Delay Type: max.
INFO: [Timing 38-191] Multithreading enabled for timing update using a maximum of 8 CPUs
INFO: [Timing 38-78] ReportTimingParams: -max_paths 500 -nworst 1 -delay_type max -sort_by slack.
# report_timing -delay_type max -max_paths 200 -nworst 8 -file [file join $PROJ_DIR timing_paths_f1.rpt]
INFO: [Timing 38-91] UpdateTimingParams: Speed grade: -2, Delay Type: max.
INFO: [Timing 38-191] Multithreading enabled for timing update using a maximum of 8 CPUs
INFO: [Timing 38-78] ReportTimingParams: -max_paths 200 -nworst 8 -delay_type max -sort_by slack.
# if {[catch {
#     set f1_src [get_pins -hier -filter {NAME =~ "*u_icache/q_pc_q_reg*/C"}]
#     if {[llength $f1_src] > 0} {
#         report_timing -delay_type max -from $f1_src -max_paths 20 -nworst 3 \
#             -file [file join $PROJ_DIR timing_from_qpc.rpt]
#         puts "F1 report: [llength $f1_src] 个 q_pc_q 起点"
#     } else {
#         puts "F1 report: 找不到 u_icache/q_pc_q_reg, 跳过"
#     }
# } err]} { puts "F1 report skipped: $err" }
INFO: [Timing 38-91] UpdateTimingParams: Speed grade: -2, Delay Type: max.
INFO: [Timing 38-191] Multithreading enabled for timing update using a maximum of 8 CPUs
INFO: [Timing 38-78] ReportTimingParams: -from_pins  -max_paths 20 -nworst 3 -delay_type max -sort_by slack.
F1 report: 31 个 q_pc_q 起点
# set wns  [get_property SLACK [get_timing_paths -delay_type max -max_paths 1]]
# set fmax [expr {1000.0 / ($PERIOD - $wns)}]
# puts "================================================================"
================================================================
# puts "TIMING PATHS (top 8):"
TIMING PATHS (top 8):
# set i 0
# foreach p [get_timing_paths -delay_type max -max_paths 8] {
#     incr i
#     puts [format "  %d) %8.3f ns  %s -> %s" \
#         $i [get_property SLACK $p] \
#         [get_property STARTPOINT_PIN $p] [get_property ENDPOINT_PIN $p]]
# }
  1)   -0.929 ns  u_soc/Core_cpu/u_ifu_subsys/g_tage.u_tage/q_row_idx_reg[3][2]/C -> u_soc/Core_cpu/u_ifu_subsys/g_tage.u_tage/q_row_idx_reg[3][3]/D
  2)   -0.895 ns  u_soc/Core_cpu/u_ifu_subsys/g_tage.u_tage/q_row_idx_reg[3][2]/C -> u_soc/Core_cpu/u_ifu_subsys/u_ibuf/ent_q_reg[1][25]/D
  3)   -0.891 ns  u_soc/Core_cpu/u_ifu_subsys/g_tage.u_tage/q_row_idx_reg[3][2]/C -> u_soc/Core_cpu/u_ifu_subsys/u_icache/u_dat_way1/u_prim/mem_q_reg_1/ADDRARDADDR[8]
  4)   -0.889 ns  u_soc/Core_cpu/u_ifu_subsys/g_tage.u_tage/q_row_idx_reg[3][2]/C -> u_soc/Core_cpu/u_ifu_subsys/u_icache/u_dat_way1/u_prim/mem_q_reg_1/ADDRARDADDR[6]
  5)   -0.884 ns  u_soc/Core_cpu/u_ifu_subsys/g_tage.u_tage/q_row_idx_reg[3][2]/C -> u_soc/Core_cpu/u_ifu_subsys/u_icache/u_dat_way1/u_prim/mem_q_reg_0/ADDRARDADDR[8]
  6)   -0.855 ns  u_soc/Core_cpu/u_ifu_subsys/g_tage.u_tage/q_row_idx_reg[1][0]/C -> u_soc/Core_cpu/u_ifu_subsys/u_ibuf/ent_q_reg[7][42]/D
  7)   -0.852 ns  u_soc/Core_cpu/u_ifu_subsys/g_tage.u_tage/q_row_idx_reg[1][0]/C -> u_soc/Core_cpu/u_ifu_subsys/u_ibuf/ent_q_reg[1][44]/D
  8)   -0.847 ns  u_soc/Core_cpu/u_ifu_subsys/g_tage.u_tage/q_row_idx_reg[3][2]/C -> u_soc/Core_cpu/u_ifu_subsys/u_icache/u_dat_way1/u_prim/mem_q_reg_1/ADDRARDADDR[7]
# set ncrit 0
# foreach p [get_timing_paths -delay_type max -max_paths 200 -slack_lesser_than 0] { incr ncrit }
# puts "VIOLATING PATHS (slack<0, up to 200): $ncrit"
VIOLATING PATHS (slack<0, up to 200): 200
# set non_ex ""
# foreach p [get_timing_paths -delay_type max -max_paths 300 -nworst 8] {
#     if {[string match "*ex_csr_addr*" [get_property STARTPOINT_PIN $p]]} { continue }
#     set non_ex $p
#     break
# }
# if {$non_ex ne ""} {
#     puts [format "WORST_NON_EX slack=%.3fns  %s -> %s" \
#         [get_property SLACK $non_ex] \
#         [get_property STARTPOINT_PIN $non_ex] [get_property ENDPOINT_PIN $non_ex]]
# } else {
#     puts "WORST_NON_EX 没有非 ex_csr_addr 起点的路径 (前 300 个终点全是它)"
# }
WORST_NON_EX slack=-0.929ns  u_soc/Core_cpu/u_ifu_subsys/g_tage.u_tage/q_row_idx_reg[3][2]/C -> u_soc/Core_cpu/u_ifu_subsys/g_tage.u_tage/q_row_idx_reg[3][3]/D
# puts [format "FMAX_SUMMARY period=%s mode=%s wns=%.4f fmax_mhz=%.2f" \
#       $PERIOD $MODE $wns $fmax]
FMAX_SUMMARY period=6.0 mode=impl wns=-0.9290 fmax_mhz=144.32
# puts "================================================================"
================================================================
INFO: [Common 17-206] Exiting Vivado at Mon Sep 28 23:06:42 2026...
