
****** Vivado v2023.2 (64-bit)
  **** SW Build 4029153 on Fri Oct 13 20:13:54 MDT 2023
  **** IP Build 4028589 on Sat Oct 14 00:45:43 MDT 2023
  **** SharedData Build 4025554 on Tue Oct 10 17:18:54 MDT 2023
    ** Copyright 1986-2022 Xilinx, Inc. All Rights Reserved.
    ** Copyright 2022-2023 Advanced Micro Devices, Inc. All Rights Reserved.

source build_fmax.tcl
# set PERIOD 12.2
# set MODE   "impl"
# set BIN    ""
# if {[llength $argv] >= 1} { set PERIOD [lindex $argv 0] }
# if {[llength $argv] >= 2} { set MODE   [lindex $argv 1] }
# if {[llength $argv] >= 3} { set BIN    [lindex $argv 2] }
# set SP   [file normalize [file dirname [info script]]]
# set ROOT [file normalize [file join $SP ..]]
# if {$BIN eq ""} { set BIN [file join $ROOT bin coremark.bin] }
# if {![file exists $BIN]} { error "镜像不存在: $BIN" }
# puts "================================================================"
================================================================
# puts "FMAX RUN: period=$PERIOD ns  mode=$MODE"
FMAX RUN: period=7.0 ns  mode=impl
# puts "ROOT=$ROOT"
ROOT=/home/st-wangjun/project/RISCV_A910
# puts "BIN =$BIN"
BIN =/home/st-wangjun/project/RISCV_A910/bin/coremark.bin
# puts "================================================================"
================================================================
# set PROJ_NAME "fmax_${MODE}_${PERIOD}ns"
# set PROJ_DIR  [file join $SP "vivado" $PROJ_NAME]
# if {[file exists $PROJ_DIR]} {
#     if {[catch {file delete -force $PROJ_DIR} err]} {
#         error "工程目录存在且删不掉 (多半有进程占着): $err"
#     }
# }
# file mkdir $PROJ_DIR
# proc gen_hex_images {bin_path hex32_path hex128_path rows} {
#     set fh [open $bin_path rb]
#     set data [read $fh]
#     close $fh
# 
#     set need [expr {$rows * 4}]
#     if {[string length $data] < $need} {
#         append data [string repeat "\x00" [expr {$need - [string length $data]}]]
#     }
# 
#     binary scan $data c* bytes
#     set nwords [expr {[string length $data] / 4}]
# 
#     set words [list]
#     for {set i 0} {$i < $nwords} {incr i} {
#         set b0 [lindex $bytes [expr {$i*4    }]]
#         set b1 [lindex $bytes [expr {$i*4 + 1}]]
#         set b2 [lindex $bytes [expr {$i*4 + 2}]]
#         set b3 [lindex $bytes [expr {$i*4 + 3}]]
#         lappend words [expr {(($b3 & 0xff) << 24) | (($b2 & 0xff) << 16) |
#                              (($b1 & 0xff) <<  8) |  ($b0 & 0xff)}]
#     }
# 
#     set f1 [open $hex32_path w]
#     foreach w $words { puts $f1 [format %08x $w] }
#     close $f1
# 
#     set f2 [open $hex128_path w]
#     for {set i 0} {$i < $nwords} {incr i 4} {
#         puts $f2 [format "%08x%08x%08x%08x" \
#                   [lindex $words [expr {$i+3}]] [lindex $words [expr {$i+2}]] \
#                   [lindex $words [expr {$i+1}]] [lindex $words [expr {$i  }]]]
#     }
#     close $f2
# 
#     puts "HEX: $hex32_path ([expr {$nwords}] 字) + $hex128_path ([expr {$nwords/4}] 块)"
# }
# set HEX_ROWS 16384
# set hex32  [file join $PROJ_DIR meminit.hex]
# set hex128 [file join $PROJ_DIR meminit128.hex]
# gen_hex_images $BIN $hex32 $hex128 $HEX_ROWS
HEX: /home/st-wangjun/project/RISCV_A910/synth/vivado/fmax_impl_7.0ns/meminit.hex (16384 字) + /home/st-wangjun/project/RISCV_A910/synth/vivado/fmax_impl_7.0ns/meminit128.hex (4096 块)
# create_project -force $PROJ_NAME $PROJ_DIR -part xc7k325tffg900-2
# set src_files {}
# foreach f [lsort [glob -nocomplain [file join $ROOT mySoC *.v]]] {
#     if {[file tail $f] eq "ifu_subsys.v"} { continue }
#     lappend src_files $f
# }
# foreach f [lsort [glob -nocomplain [file join $ROOT mySoC ifu2 rtl *.v]]] {
#     lappend src_files $f
# }
# lappend src_files [file join $SP top_fmax.v]
# add_files -norecurse $src_files
# set_property file_type SystemVerilog [get_files -of [get_filesets sources_1] *.v]
# set DEFS [list \
#     USE_IFU2 \
#     USE_IFU_ANY \
#     BP_PRED=1 \
#     BP_GHR_W=16 \
#     REDIRECT_PIPE \
#     ICACHE_BYTES=1024 \
#     ICACHE_LINE_BYTES=16 \
#     ICACHE_LINE_16B \
#     PATHHEX=$hex32 \
#     PATH128=$hex128 \
# ]
# set_property verilog_define $DEFS [get_filesets sources_1]
# set_property include_dirs [list [file join $ROOT mySoC] [file join $ROOT vsrc]] [get_filesets sources_1]
# set_property top top_fmax [get_filesets sources_1]
# set xdc [file join $PROJ_DIR fmax_gen.xdc]
# set fh [open $xdc w]
# puts $fh "create_clock -name clk -period $PERIOD \[get_ports clk\]"
# puts $fh "set_input_delay  -clock clk 2.0 \[get_ports rst\]"
# puts $fh "set_false_path -to \[get_ports {o_dbg_pc o_dbg_value o_dbg_reg o_dbg_ena o_dbg_have}\]"
# close $fh
# add_files -fileset constrs_1 $xdc
# launch_runs synth_1 -jobs 8
WARNING: [Vivado 12-7122] Auto Incremental Compile:: No reference checkpoint was found in run synth_1. Auto-incremental flow will not be run, the standard flow will be run instead.
[Mon Sep 28 22:59:35 2026] Launched synth_1...
Run output will be captured here: /home/st-wangjun/project/RISCV_A910/synth/vivado/fmax_impl_7.0ns/fmax_impl_7.0ns.runs/synth_1/runme.log
# wait_on_run synth_1
[Mon Sep 28 22:59:35 2026] Waiting for synth_1 to finish...

*** Running vivado
    with args -log top_fmax.vds -m64 -product Vivado -mode batch -messageDb vivado.pb -notrace -source top_fmax.tcl


****** Vivado v2023.2 (64-bit)
  **** SW Build 4029153 on Fri Oct 13 20:13:54 MDT 2023
  **** IP Build 4028589 on Sat Oct 14 00:45:43 MDT 2023
  **** SharedData Build 4025554 on Tue Oct 10 17:18:54 MDT 2023
    ** Copyright 1986-2022 Xilinx, Inc. All Rights Reserved.
    ** Copyright 2022-2023 Advanced Micro Devices, Inc. All Rights Reserved.

source top_fmax.tcl -notrace
Command: synth_design -top top_fmax -part xc7k325tffg900-2
Starting synth_design
Attempting to get a license for feature 'Synthesis' and/or device 'xc7k325t'
INFO: [Common 17-349] Got license for feature 'Synthesis' and/or device 'xc7k325t'
INFO: [Device 21-403] Loading part xc7k325tffg900-2
INFO: [Synth 8-7079] Multithreading enabled for synth_design using a maximum of 4 processes.
INFO: [Synth 8-7078] Launching helper process for spawning children vivado processes
INFO: [Synth 8-7075] Helper process launched with PID 67671
---------------------------------------------------------------------------------
Starting RTL Elaboration : Time (s): cpu = 00:00:03 ; elapsed = 00:00:03 . Memory (MB): peak = 2208.742 ; gain = 409.820 ; free physical = 91653 ; free virtual = 952093
---------------------------------------------------------------------------------
INFO: [Synth 8-11241] undeclared symbol 'timer_int_flag', assumed default net type 'wire' [/home/st-wangjun/project/RISCV_A910/mySoC/miniRV_SoC.v:130]
WARNING: [Synth 8-8895] 'timer_int_flag' is already implicitly declared on line 130 [/home/st-wangjun/project/RISCV_A910/mySoC/miniRV_SoC.v:152]
INFO: [Synth 8-11241] undeclared symbol 'if_accept', assumed default net type 'wire' [/home/st-wangjun/project/RISCV_A910/mySoC/mycpu.v:340]
WARNING: [Synth 8-8895] 'if_accept' is already implicitly declared on line 340 [/home/st-wangjun/project/RISCV_A910/mySoC/mycpu.v:435]
WARNING: [Synth 8-11121] redeclaration of ANSI port 'q_hit' is not allowed [/home/st-wangjun/project/RISCV_A910/mySoC/ifu2/rtl/rv32ifu2_icache.v:124]
INFO: [Synth 8-6157] synthesizing module 'top_fmax' [/home/st-wangjun/project/RISCV_A910/synth/top_fmax.v:12]
INFO: [Synth 8-6157] synthesizing module 'BUFG' [/home/st-wangjun/hv/tools/Xilinx/Vivado/2023.2/scripts/rt/data/unisim_comp.v:1951]
INFO: [Synth 8-6155] done synthesizing module 'BUFG' (0#1) [/home/st-wangjun/hv/tools/Xilinx/Vivado/2023.2/scripts/rt/data/unisim_comp.v:1951]
INFO: [Synth 8-6157] synthesizing module 'miniRV_SoC' [/home/st-wangjun/project/RISCV_A910/mySoC/miniRV_SoC.v:60]
INFO: [Synth 8-6157] synthesizing module 'myCPU' [/home/st-wangjun/project/RISCV_A910/mySoC/mycpu.v:14]
INFO: [Synth 8-6157] synthesizing module 'rv32ifu2_top' [/home/st-wangjun/project/RISCV_A910/mySoC/ifu2/rtl/rv32ifu2_top.v:30]
	Parameter ICACHE_EN bound to: 1'b1 
	Parameter BP_EN bound to: 1'b1 
INFO: [Synth 8-6157] synthesizing module 'rv32ifu2_tage' [/home/st-wangjun/project/RISCV_A910/mySoC/ifu2/rtl/rv32ifu2_tage.v:130]
	Parameter T0_AW bound to: 6 - type: integer 
	Parameter ROW_AW bound to: 6 - type: integer 
	Parameter ROW_AW_T1 bound to: 6 - type: integer 
	Parameter ROW_AW_T2 bound to: 6 - type: integer 
	Parameter ROW_AW_T3 bound to: 6 - type: integer 
	Parameter ROW_AW_T4 bound to: 6 - type: integer 
	Parameter NTAB bound to: 4 - type: integer 
	Parameter TAG_W bound to: 6 - type: integer 
	Parameter GHR_W bound to: 16 - type: integer 
	Parameter T0_HIST bound to: 0 - type: integer 
	Parameter SLOTS bound to: 4 - type: integer 
	Parameter TAG_HI bound to: 15 - type: integer 
	Parameter L1 bound to: 2 - type: integer 
	Parameter L2 bound to: 5 - type: integer 
	Parameter L3 bound to: 9 - type: integer 
	Parameter L4 bound to: 14 - type: integer 
	Parameter USEL_AW bound to: 6 - type: integer 
	Parameter USEL_W bound to: 4 - type: integer 
	Parameter USEL_GATE bound to: 1 - type: integer 
INFO: [Synth 8-6155] done synthesizing module 'rv32ifu2_tage' (0#1) [/home/st-wangjun/project/RISCV_A910/mySoC/ifu2/rtl/rv32ifu2_tage.v:130]
INFO: [Synth 8-6157] synthesizing module 'rv32ifu2_icache' [/home/st-wangjun/project/RISCV_A910/mySoC/ifu2/rtl/rv32ifu2_icache.v:68]
	Parameter IC_BYTES bound to: 1024 - type: integer 
	Parameter IC_LINE bound to: 16 - type: integer 
	Parameter IC_WAYS bound to: 2 - type: integer 
	Parameter ICACHE_EN bound to: 1'b1 
INFO: [Synth 8-6157] synthesizing module 'rv32ifu2_spram' [/home/st-wangjun/project/RISCV_A910/mySoC/ifu2/rtl/rv32ifu2_spram.v:64]
	Parameter ADDR_W bound to: 5 - type: integer 
	Parameter DATA_W bound to: 24 - type: integer 
INFO: [Synth 8-6157] synthesizing module 'rv32ifu2_spram_prim' [/home/st-wangjun/project/RISCV_A910/mySoC/ifu2/rtl/rv32ifu2_spram.v:141]
	Parameter ADDR_W bound to: 5 - type: integer 
	Parameter DATA_W bound to: 24 - type: integer 
INFO: [Synth 8-6155] done synthesizing module 'rv32ifu2_spram_prim' (0#1) [/home/st-wangjun/project/RISCV_A910/mySoC/ifu2/rtl/rv32ifu2_spram.v:141]
INFO: [Synth 8-6155] done synthesizing module 'rv32ifu2_spram' (0#1) [/home/st-wangjun/project/RISCV_A910/mySoC/ifu2/rtl/rv32ifu2_spram.v:64]
INFO: [Synth 8-6157] synthesizing module 'rv32ifu2_spram__parameterized0' [/home/st-wangjun/project/RISCV_A910/mySoC/ifu2/rtl/rv32ifu2_spram.v:64]
	Parameter ADDR_W bound to: 5 - type: integer 
	Parameter DATA_W bound to: 128 - type: integer 
INFO: [Synth 8-6157] synthesizing module 'rv32ifu2_spram_prim__parameterized0' [/home/st-wangjun/project/RISCV_A910/mySoC/ifu2/rtl/rv32ifu2_spram.v:141]
	Parameter ADDR_W bound to: 5 - type: integer 
	Parameter DATA_W bound to: 128 - type: integer 
INFO: [Synth 8-6155] done synthesizing module 'rv32ifu2_spram_prim__parameterized0' (0#1) [/home/st-wangjun/project/RISCV_A910/mySoC/ifu2/rtl/rv32ifu2_spram.v:141]
INFO: [Synth 8-6155] done synthesizing module 'rv32ifu2_spram__parameterized0' (0#1) [/home/st-wangjun/project/RISCV_A910/mySoC/ifu2/rtl/rv32ifu2_spram.v:64]
INFO: [Synth 8-6155] done synthesizing module 'rv32ifu2_icache' (0#1) [/home/st-wangjun/project/RISCV_A910/mySoC/ifu2/rtl/rv32ifu2_icache.v:68]
INFO: [Synth 8-6157] synthesizing module 'rv32ifu2_refill' [/home/st-wangjun/project/RISCV_A910/mySoC/ifu2/rtl/rv32ifu2_refill.v:20]
	Parameter IC_LINE bound to: 16 - type: integer 
INFO: [Synth 8-6155] done synthesizing module 'rv32ifu2_refill' (0#1) [/home/st-wangjun/project/RISCV_A910/mySoC/ifu2/rtl/rv32ifu2_refill.v:20]
INFO: [Synth 8-6157] synthesizing module 'rv32ifu2_btb' [/home/st-wangjun/project/RISCV_A910/mySoC/ifu2/rtl/rv32ifu2_btb.v:27]
	Parameter ROW_AW bound to: 6 - type: integer 
	Parameter SLOTS bound to: 4 - type: integer 
INFO: [Synth 8-6155] done synthesizing module 'rv32ifu2_btb' (0#1) [/home/st-wangjun/project/RISCV_A910/mySoC/ifu2/rtl/rv32ifu2_btb.v:27]
INFO: [Synth 8-6157] synthesizing module 'rv32ifu2_ibuf' [/home/st-wangjun/project/RISCV_A910/mySoC/ifu2/rtl/rv32ifu2_ibuf.v:18]
	Parameter DEPTH bound to: 8 - type: integer 
	Parameter W bound to: 153 - type: integer 
INFO: [Synth 8-6155] done synthesizing module 'rv32ifu2_ibuf' (0#1) [/home/st-wangjun/project/RISCV_A910/mySoC/ifu2/rtl/rv32ifu2_ibuf.v:18]
INFO: [Synth 8-6157] synthesizing module 'rv32ifu2_ras' [/home/st-wangjun/project/RISCV_A910/mySoC/ifu2/rtl/rv32ifu2_ras.v:28]
	Parameter DEPTH bound to: 8 - type: integer 
	Parameter AW bound to: 3 - type: integer 
INFO: [Synth 8-6155] done synthesizing module 'rv32ifu2_ras' (0#1) [/home/st-wangjun/project/RISCV_A910/mySoC/ifu2/rtl/rv32ifu2_ras.v:28]
INFO: [Synth 8-6155] done synthesizing module 'rv32ifu2_top' (0#1) [/home/st-wangjun/project/RISCV_A910/mySoC/ifu2/rtl/rv32ifu2_top.v:30]
INFO: [Synth 8-6157] synthesizing module 'ifu_biu_mem' [/home/st-wangjun/project/RISCV_A910/mySoC/ifu_biu_mem.v:40]
INFO: [Synth 8-6157] synthesizing module 'sync_rom_1r1w' [/home/st-wangjun/project/RISCV_A910/mySoC/sync_mem.v:163]
	Parameter ADDR_W bound to: 12 - type: integer 
	Parameter DATA_W bound to: 128 - type: integer 
INFO: [Synth 8-6157] synthesizing module 'sync_rom_1r1w_prim' [/home/st-wangjun/project/RISCV_A910/mySoC/sync_mem.v:183]
	Parameter ADDR_W bound to: 12 - type: integer 
	Parameter DATA_W bound to: 128 - type: integer 
INFO: [Synth 8-3876] $readmem data file '/home/st-wangjun/project/RISCV_A910/synth/vivado/fmax_impl_7.0ns/meminit128.hex' is read successfully [/home/st-wangjun/project/RISCV_A910/mySoC/sync_mem.v:196]
INFO: [Synth 8-6155] done synthesizing module 'sync_rom_1r1w_prim' (0#1) [/home/st-wangjun/project/RISCV_A910/mySoC/sync_mem.v:183]
INFO: [Synth 8-6155] done synthesizing module 'sync_rom_1r1w' (0#1) [/home/st-wangjun/project/RISCV_A910/mySoC/sync_mem.v:163]
INFO: [Synth 8-6155] done synthesizing module 'ifu_biu_mem' (0#1) [/home/st-wangjun/project/RISCV_A910/mySoC/ifu_biu_mem.v:40]
INFO: [Synth 8-6157] synthesizing module 'IF_ID' [/home/st-wangjun/project/RISCV_A910/mySoC/IF_ID.v:23]
INFO: [Synth 8-6155] done synthesizing module 'IF_ID' (0#1) [/home/st-wangjun/project/RISCV_A910/mySoC/IF_ID.v:23]
INFO: [Synth 8-6157] synthesizing module 'SEXT' [/home/st-wangjun/project/RISCV_A910/mySoC/SEXT.v:23]
INFO: [Synth 8-6155] done synthesizing module 'SEXT' (0#1) [/home/st-wangjun/project/RISCV_A910/mySoC/SEXT.v:23]
INFO: [Synth 8-6157] synthesizing module 'Control' [/home/st-wangjun/project/RISCV_A910/mySoC/Control.v:23]
INFO: [Synth 8-226] default block is never used [/home/st-wangjun/project/RISCV_A910/mySoC/Control.v:182]
INFO: [Synth 8-226] default block is never used [/home/st-wangjun/project/RISCV_A910/mySoC/Control.v:198]
INFO: [Synth 8-6155] done synthesizing module 'Control' (0#1) [/home/st-wangjun/project/RISCV_A910/mySoC/Control.v:23]
INFO: [Synth 8-6157] synthesizing module 'RegFile' [/home/st-wangjun/project/RISCV_A910/mySoC/RegFile.v:25]
INFO: [Synth 8-6155] done synthesizing module 'RegFile' (0#1) [/home/st-wangjun/project/RISCV_A910/mySoC/RegFile.v:25]
INFO: [Synth 8-6157] synthesizing module 'ALU_input_MUX' [/home/st-wangjun/project/RISCV_A910/mySoC/ALU_input_MUX.v:23]
INFO: [Synth 8-6155] done synthesizing module 'ALU_input_MUX' (0#1) [/home/st-wangjun/project/RISCV_A910/mySoC/ALU_input_MUX.v:23]
INFO: [Synth 8-6157] synthesizing module 'ID_EX' [/home/st-wangjun/project/RISCV_A910/mySoC/ID_EX.v:23]
INFO: [Synth 8-6155] done synthesizing module 'ID_EX' (0#1) [/home/st-wangjun/project/RISCV_A910/mySoC/ID_EX.v:23]
INFO: [Synth 8-6157] synthesizing module 'ALU' [/home/st-wangjun/project/RISCV_A910/mySoC/ALU.v:24]
INFO: [Synth 8-6155] done synthesizing module 'ALU' (0#1) [/home/st-wangjun/project/RISCV_A910/mySoC/ALU.v:24]
INFO: [Synth 8-6157] synthesizing module 'MUL_DIV' [/home/st-wangjun/project/RISCV_A910/mySoC/MUL_DIV.v:35]
	Parameter DATA_W bound to: 32 - type: integer 
	Parameter TAG_W bound to: 7 - type: integer 
INFO: [Synth 8-6157] synthesizing module 'mul_pipe' [/home/st-wangjun/project/RISCV_A910/mySoC/mul_pipe.v:35]
	Parameter TAG_W bound to: 7 - type: integer 
INFO: [Synth 8-6155] done synthesizing module 'mul_pipe' (0#1) [/home/st-wangjun/project/RISCV_A910/mySoC/mul_pipe.v:35]
INFO: [Synth 8-6157] synthesizing module 'div_pipe' [/home/st-wangjun/project/RISCV_A910/mySoC/div_pipe.v:54]
	Parameter TAG_W bound to: 7 - type: integer 
INFO: [Synth 8-6155] done synthesizing module 'div_pipe' (0#1) [/home/st-wangjun/project/RISCV_A910/mySoC/div_pipe.v:54]
INFO: [Synth 8-6155] done synthesizing module 'MUL_DIV' (0#1) [/home/st-wangjun/project/RISCV_A910/mySoC/MUL_DIV.v:35]
INFO: [Synth 8-6157] synthesizing module 'EX_wD_MUX1' [/home/st-wangjun/project/RISCV_A910/mySoC/EX_wD_MUX1.v:23]
INFO: [Synth 8-6155] done synthesizing module 'EX_wD_MUX1' (0#1) [/home/st-wangjun/project/RISCV_A910/mySoC/EX_wD_MUX1.v:23]
INFO: [Synth 8-6157] synthesizing module 'CSR' [/home/st-wangjun/project/RISCV_A910/mySoC/CSR.v:18]
INFO: [Synth 8-6155] done synthesizing module 'CSR' (0#1) [/home/st-wangjun/project/RISCV_A910/mySoC/CSR.v:18]
INFO: [Synth 8-6157] synthesizing module 'EX_MEM' [/home/st-wangjun/project/RISCV_A910/mySoC/EX_MEM.v:23]
INFO: [Synth 8-6155] done synthesizing module 'EX_MEM' (0#1) [/home/st-wangjun/project/RISCV_A910/mySoC/EX_MEM.v:23]
WARNING: [Synth 8-7071] port 'mem_csr_we' of module 'EX_MEM' is unconnected for instance 'U_EX_MEM' [/home/st-wangjun/project/RISCV_A910/mySoC/mycpu.v:971]
WARNING: [Synth 8-7023] instance 'U_EX_MEM' of module 'EX_MEM' has 38 connections declared, but only 37 given [/home/st-wangjun/project/RISCV_A910/mySoC/mycpu.v:971]
INFO: [Synth 8-6157] synthesizing module 'MEM' [/home/st-wangjun/project/RISCV_A910/mySoC/MEM.v:23]
INFO: [Synth 8-226] default block is never used [/home/st-wangjun/project/RISCV_A910/mySoC/MEM.v:47]
INFO: [Synth 8-226] default block is never used [/home/st-wangjun/project/RISCV_A910/mySoC/MEM.v:52]
INFO: [Synth 8-226] default block is never used [/home/st-wangjun/project/RISCV_A910/mySoC/MEM.v:61]
INFO: [Synth 8-226] default block is never used [/home/st-wangjun/project/RISCV_A910/mySoC/MEM.v:89]
INFO: [Synth 8-6155] done synthesizing module 'MEM' (0#1) [/home/st-wangjun/project/RISCV_A910/mySoC/MEM.v:23]
INFO: [Synth 8-6157] synthesizing module 'MEM_wD_MUX' [/home/st-wangjun/project/RISCV_A910/mySoC/MEM_wD_MUX.v:23]
INFO: [Synth 8-6155] done synthesizing module 'MEM_wD_MUX' (0#1) [/home/st-wangjun/project/RISCV_A910/mySoC/MEM_wD_MUX.v:23]
INFO: [Synth 8-6157] synthesizing module 'MEM_WB' [/home/st-wangjun/project/RISCV_A910/mySoC/MEM_WB.v:23]
INFO: [Synth 8-6155] done synthesizing module 'MEM_WB' (0#1) [/home/st-wangjun/project/RISCV_A910/mySoC/MEM_WB.v:23]
INFO: [Synth 8-6157] synthesizing module 'Hazard_Detection' [/home/st-wangjun/project/RISCV_A910/mySoC/Hazard_Detection.v:21]
INFO: [Synth 8-6155] done synthesizing module 'Hazard_Detection' (0#1) [/home/st-wangjun/project/RISCV_A910/mySoC/Hazard_Detection.v:21]
INFO: [Synth 8-6155] done synthesizing module 'myCPU' (0#1) [/home/st-wangjun/project/RISCV_A910/mySoC/mycpu.v:14]
INFO: [Synth 8-6157] synthesizing module 'perip_bridge' [/home/st-wangjun/project/RISCV_A910/mySoC/perip_bridge.v:26]
INFO: [Synth 8-6155] done synthesizing module 'perip_bridge' (0#1) [/home/st-wangjun/project/RISCV_A910/mySoC/perip_bridge.v:26]
INFO: [Synth 8-6157] synthesizing module 'sync_ram_1r1w' [/home/st-wangjun/project/RISCV_A910/mySoC/sync_mem.v:63]
	Parameter ADDR_W bound to: 14 - type: integer 
	Parameter DATA_W bound to: 32 - type: integer 
INFO: [Synth 8-6157] synthesizing module 'sync_ram_1r1w_prim' [/home/st-wangjun/project/RISCV_A910/mySoC/sync_mem.v:126]
	Parameter ADDR_W bound to: 14 - type: integer 
	Parameter DATA_W bound to: 32 - type: integer 
INFO: [Synth 8-3876] $readmem data file '/home/st-wangjun/project/RISCV_A910/synth/vivado/fmax_impl_7.0ns/meminit.hex' is read successfully [/home/st-wangjun/project/RISCV_A910/mySoC/sync_mem.v:142]
INFO: [Synth 8-6155] done synthesizing module 'sync_ram_1r1w_prim' (0#1) [/home/st-wangjun/project/RISCV_A910/mySoC/sync_mem.v:126]
INFO: [Synth 8-6155] done synthesizing module 'sync_ram_1r1w' (0#1) [/home/st-wangjun/project/RISCV_A910/mySoC/sync_mem.v:63]
INFO: [Synth 8-6155] done synthesizing module 'miniRV_SoC' (0#1) [/home/st-wangjun/project/RISCV_A910/mySoC/miniRV_SoC.v:60]
INFO: [Synth 8-6155] done synthesizing module 'top_fmax' (0#1) [/home/st-wangjun/project/RISCV_A910/synth/top_fmax.v:12]
WARNING: [Synth 8-6014] Unused sequential element q_usel_idx_reg was removed.  [/home/st-wangjun/project/RISCV_A910/mySoC/ifu2/rtl/rv32ifu2_tage.v:334]
WARNING: [Synth 8-6014] Unused sequential element u1_usel_idx_reg was removed.  [/home/st-wangjun/project/RISCV_A910/mySoC/ifu2/rtl/rv32ifu2_tage.v:742]
WARNING: [Synth 8-4767] Trying to implement RAM ' ' in registers. Block RAM or DRAM implementation is not possible; see log for reasons.
	1: RAM has multiple writes via different ports in same process. If RAM inferencing intended, write to one port per process. 
	2: Unable to determine number of words or word size in RAM. 
	3: No valid read/write found for RAM. 
RAM dissolved into registers
WARNING: [Synth 8-4767] Trying to implement RAM 'ent_q_reg' in registers. Block RAM or DRAM implementation is not possible; see log for reasons.
Reason is one or more of the following :
	1: RAM has multiple writes via different ports in same process. If RAM inferencing intended, write to one port per process. 
	2: Unable to determine number of words or word size in RAM. 
	3: No valid read/write found for RAM. 
RAM "ent_q_reg" dissolved into registers
WARNING: [Synth 8-6014] Unused sequential element op_r_reg was removed.  [/home/st-wangjun/project/RISCV_A910/mySoC/div_pipe.v:207]
WARNING: [Synth 8-3848] Net mem_csr_we in module/entity myCPU does not have driver. [/home/st-wangjun/project/RISCV_A910/mySoC/mycpu.v:193]
WARNING: [Synth 8-7129] Port flush_tag[6] in module MUL_DIV is either unconnected or has no load
WARNING: [Synth 8-7129] Port flush_tag[5] in module MUL_DIV is either unconnected or has no load
WARNING: [Synth 8-7129] Port flush_tag[4] in module MUL_DIV is either unconnected or has no load
WARNING: [Synth 8-7129] Port flush_tag[3] in module MUL_DIV is either unconnected or has no load
WARNING: [Synth 8-7129] Port flush_tag[2] in module MUL_DIV is either unconnected or has no load
WARNING: [Synth 8-7129] Port flush_tag[1] in module MUL_DIV is either unconnected or has no load
WARNING: [Synth 8-7129] Port flush_tag[0] in module MUL_DIV is either unconnected or has no load
WARNING: [Synth 8-7129] Port pop_num[3] in module rv32ifu2_ras is either unconnected or has no load
WARNING: [Synth 8-7129] Port rd_pc[31] in module rv32ifu2_btb is either unconnected or has no load
WARNING: [Synth 8-7129] Port rd_pc[30] in module rv32ifu2_btb is either unconnected or has no load
WARNING: [Synth 8-7129] Port rd_pc[29] in module rv32ifu2_btb is either unconnected or has no load
WARNING: [Synth 8-7129] Port rd_pc[28] in module rv32ifu2_btb is either unconnected or has no load
WARNING: [Synth 8-7129] Port rd_pc[27] in module rv32ifu2_btb is either unconnected or has no load
WARNING: [Synth 8-7129] Port rd_pc[26] in module rv32ifu2_btb is either unconnected or has no load
WARNING: [Synth 8-7129] Port rd_pc[25] in module rv32ifu2_btb is either unconnected or has no load
WARNING: [Synth 8-7129] Port rd_pc[24] in module rv32ifu2_btb is either unconnected or has no load
WARNING: [Synth 8-7129] Port rd_pc[23] in module rv32ifu2_btb is either unconnected or has no load
WARNING: [Synth 8-7129] Port rd_pc[22] in module rv32ifu2_btb is either unconnected or has no load
WARNING: [Synth 8-7129] Port rd_pc[21] in module rv32ifu2_btb is either unconnected or has no load
WARNING: [Synth 8-7129] Port rd_pc[20] in module rv32ifu2_btb is either unconnected or has no load
WARNING: [Synth 8-7129] Port rd_pc[19] in module rv32ifu2_btb is either unconnected or has no load
WARNING: [Synth 8-7129] Port rd_pc[18] in module rv32ifu2_btb is either unconnected or has no load
WARNING: [Synth 8-7129] Port rd_pc[17] in module rv32ifu2_btb is either unconnected or has no load
WARNING: [Synth 8-7129] Port rd_pc[16] in module rv32ifu2_btb is either unconnected or has no load
WARNING: [Synth 8-7129] Port rd_pc[3] in module rv32ifu2_btb is either unconnected or has no load
WARNING: [Synth 8-7129] Port rd_pc[2] in module rv32ifu2_btb is either unconnected or has no load
WARNING: [Synth 8-7129] Port rd_pc[1] in module rv32ifu2_btb is either unconnected or has no load
WARNING: [Synth 8-7129] Port rd_pc[0] in module rv32ifu2_btb is either unconnected or has no load
WARNING: [Synth 8-7129] Port upd_pc[31] in module rv32ifu2_btb is either unconnected or has no load
WARNING: [Synth 8-7129] Port upd_pc[30] in module rv32ifu2_btb is either unconnected or has no load
WARNING: [Synth 8-7129] Port upd_pc[29] in module rv32ifu2_btb is either unconnected or has no load
WARNING: [Synth 8-7129] Port upd_pc[28] in module rv32ifu2_btb is either unconnected or has no load
WARNING: [Synth 8-7129] Port upd_pc[27] in module rv32ifu2_btb is either unconnected or has no load
WARNING: [Synth 8-7129] Port upd_pc[26] in module rv32ifu2_btb is either unconnected or has no load
WARNING: [Synth 8-7129] Port upd_pc[25] in module rv32ifu2_btb is either unconnected or has no load
WARNING: [Synth 8-7129] Port upd_pc[24] in module rv32ifu2_btb is either unconnected or has no load
WARNING: [Synth 8-7129] Port upd_pc[23] in module rv32ifu2_btb is either unconnected or has no load
WARNING: [Synth 8-7129] Port upd_pc[22] in module rv32ifu2_btb is either unconnected or has no load
WARNING: [Synth 8-7129] Port upd_pc[21] in module rv32ifu2_btb is either unconnected or has no load
WARNING: [Synth 8-7129] Port upd_pc[20] in module rv32ifu2_btb is either unconnected or has no load
WARNING: [Synth 8-7129] Port upd_pc[19] in module rv32ifu2_btb is either unconnected or has no load
WARNING: [Synth 8-7129] Port upd_pc[18] in module rv32ifu2_btb is either unconnected or has no load
WARNING: [Synth 8-7129] Port upd_pc[17] in module rv32ifu2_btb is either unconnected or has no load
WARNING: [Synth 8-7129] Port upd_pc[16] in module rv32ifu2_btb is either unconnected or has no load
WARNING: [Synth 8-7129] Port upd_pc[1] in module rv32ifu2_btb is either unconnected or has no load
WARNING: [Synth 8-7129] Port upd_pc[0] in module rv32ifu2_btb is either unconnected or has no load
WARNING: [Synth 8-7129] Port upd_target[31] in module rv32ifu2_btb is either unconnected or has no load
WARNING: [Synth 8-7129] Port upd_target[30] in module rv32ifu2_btb is either unconnected or has no load
WARNING: [Synth 8-7129] Port upd_target[29] in module rv32ifu2_btb is either unconnected or has no load
WARNING: [Synth 8-7129] Port upd_target[28] in module rv32ifu2_btb is either unconnected or has no load
WARNING: [Synth 8-7129] Port upd_target[27] in module rv32ifu2_btb is either unconnected or has no load
WARNING: [Synth 8-7129] Port upd_target[26] in module rv32ifu2_btb is either unconnected or has no load
WARNING: [Synth 8-7129] Port upd_target[25] in module rv32ifu2_btb is either unconnected or has no load
WARNING: [Synth 8-7129] Port upd_target[24] in module rv32ifu2_btb is either unconnected or has no load
WARNING: [Synth 8-7129] Port upd_target[23] in module rv32ifu2_btb is either unconnected or has no load
WARNING: [Synth 8-7129] Port upd_target[22] in module rv32ifu2_btb is either unconnected or has no load
WARNING: [Synth 8-7129] Port upd_target[21] in module rv32ifu2_btb is either unconnected or has no load
WARNING: [Synth 8-7129] Port upd_target[20] in module rv32ifu2_btb is either unconnected or has no load
WARNING: [Synth 8-7129] Port upd_target[19] in module rv32ifu2_btb is either unconnected or has no load
WARNING: [Synth 8-7129] Port upd_target[18] in module rv32ifu2_btb is either unconnected or has no load
WARNING: [Synth 8-7129] Port upd_target[17] in module rv32ifu2_btb is either unconnected or has no load
WARNING: [Synth 8-7129] Port upd_target[16] in module rv32ifu2_btb is either unconnected or has no load
WARNING: [Synth 8-7129] Port upd_jal in module rv32ifu2_btb is either unconnected or has no load
WARNING: [Synth 8-7129] Port upd_jalr in module rv32ifu2_btb is either unconnected or has no load
WARNING: [Synth 8-7129] Port req_pc[3] in module rv32ifu2_refill is either unconnected or has no load
WARNING: [Synth 8-7129] Port req_pc[2] in module rv32ifu2_refill is either unconnected or has no load
WARNING: [Synth 8-7129] Port req_pc[1] in module rv32ifu2_refill is either unconnected or has no load
WARNING: [Synth 8-7129] Port req_pc[0] in module rv32ifu2_refill is either unconnected or has no load
WARNING: [Synth 8-7129] Port biu_rd_rid in module rv32ifu2_refill is either unconnected or has no load
WARNING: [Synth 8-7129] Port biu_rd_last in module rv32ifu2_refill is either unconnected or has no load
WARNING: [Synth 8-7129] Port biu_rd_resp[1] in module rv32ifu2_refill is either unconnected or has no load
WARNING: [Synth 8-7129] Port biu_rd_resp[0] in module rv32ifu2_refill is either unconnected or has no load
WARNING: [Synth 8-7129] Port refill_pc[3] in module rv32ifu2_icache is either unconnected or has no load
WARNING: [Synth 8-7129] Port refill_pc[2] in module rv32ifu2_icache is either unconnected or has no load
WARNING: [Synth 8-7129] Port refill_pc[1] in module rv32ifu2_icache is either unconnected or has no load
WARNING: [Synth 8-7129] Port refill_pc[0] in module rv32ifu2_icache is either unconnected or has no load
WARNING: [Synth 8-7129] Port rd_pc[31] in module rv32ifu2_tage is either unconnected or has no load
WARNING: [Synth 8-7129] Port rd_pc[30] in module rv32ifu2_tage is either unconnected or has no load
WARNING: [Synth 8-7129] Port rd_pc[29] in module rv32ifu2_tage is either unconnected or has no load
WARNING: [Synth 8-7129] Port rd_pc[28] in module rv32ifu2_tage is either unconnected or has no load
WARNING: [Synth 8-7129] Port rd_pc[27] in module rv32ifu2_tage is either unconnected or has no load
WARNING: [Synth 8-7129] Port rd_pc[26] in module rv32ifu2_tage is either unconnected or has no load
WARNING: [Synth 8-7129] Port rd_pc[25] in module rv32ifu2_tage is either unconnected or has no load
WARNING: [Synth 8-7129] Port rd_pc[24] in module rv32ifu2_tage is either unconnected or has no load
WARNING: [Synth 8-7129] Port rd_pc[23] in module rv32ifu2_tage is either unconnected or has no load
WARNING: [Synth 8-7129] Port rd_pc[22] in module rv32ifu2_tage is either unconnected or has no load
WARNING: [Synth 8-7129] Port rd_pc[21] in module rv32ifu2_tage is either unconnected or has no load
WARNING: [Synth 8-7129] Port rd_pc[20] in module rv32ifu2_tage is either unconnected or has no load
WARNING: [Synth 8-7129] Port rd_pc[19] in module rv32ifu2_tage is either unconnected or has no load
WARNING: [Synth 8-7129] Port rd_pc[18] in module rv32ifu2_tage is either unconnected or has no load
WARNING: [Synth 8-7129] Port rd_pc[17] in module rv32ifu2_tage is either unconnected or has no load
WARNING: [Synth 8-7129] Port rd_pc[16] in module rv32ifu2_tage is either unconnected or has no load
WARNING: [Synth 8-7129] Port rd_pc[3] in module rv32ifu2_tage is either unconnected or has no load
WARNING: [Synth 8-7129] Port rd_pc[2] in module rv32ifu2_tage is either unconnected or has no load
WARNING: [Synth 8-7129] Port rd_pc[1] in module rv32ifu2_tage is either unconnected or has no load
WARNING: [Synth 8-7129] Port rd_pc[0] in module rv32ifu2_tage is either unconnected or has no load
WARNING: [Synth 8-7129] Port rd_ghr[15] in module rv32ifu2_tage is either unconnected or has no load
WARNING: [Synth 8-7129] Port rd_ghr[14] in module rv32ifu2_tage is either unconnected or has no load
WARNING: [Synth 8-7129] Port upd_pc[31] in module rv32ifu2_tage is either unconnected or has no load
WARNING: [Synth 8-7129] Port upd_pc[30] in module rv32ifu2_tage is either unconnected or has no load
INFO: [Common 17-14] Message 'Synth 8-7129' appears 100 times and further instances of the messages will be disabled. Use the Tcl command set_msg_config to change the current settings.
---------------------------------------------------------------------------------
Finished RTL Elaboration : Time (s): cpu = 00:00:05 ; elapsed = 00:00:06 . Memory (MB): peak = 2370.789 ; gain = 571.867 ; free physical = 90561 ; free virtual = 951045
---------------------------------------------------------------------------------
---------------------------------------------------------------------------------
Start Handling Custom Attributes
---------------------------------------------------------------------------------
---------------------------------------------------------------------------------
Finished Handling Custom Attributes : Time (s): cpu = 00:00:06 ; elapsed = 00:00:06 . Memory (MB): peak = 2385.625 ; gain = 586.703 ; free physical = 90581 ; free virtual = 951035
---------------------------------------------------------------------------------
---------------------------------------------------------------------------------
Finished RTL Optimization Phase 1 : Time (s): cpu = 00:00:06 ; elapsed = 00:00:06 . Memory (MB): peak = 2385.625 ; gain = 586.703 ; free physical = 90581 ; free virtual = 951035
---------------------------------------------------------------------------------
Netlist sorting complete. Time (s): cpu = 00:00:00.11 ; elapsed = 00:00:00.12 . Memory (MB): peak = 2391.562 ; gain = 0.000 ; free physical = 90550 ; free virtual = 951004
INFO: [Project 1-570] Preparing netlist for logic optimization

Processing XDC Constraints
Initializing timing engine
Parsing XDC File [/home/st-wangjun/project/RISCV_A910/synth/vivado/fmax_impl_7.0ns/fmax_gen.xdc]
Finished Parsing XDC File [/home/st-wangjun/project/RISCV_A910/synth/vivado/fmax_impl_7.0ns/fmax_gen.xdc]
Completed Processing XDC Constraints

Netlist sorting complete. Time (s): cpu = 00:00:00 ; elapsed = 00:00:00 . Memory (MB): peak = 2560.031 ; gain = 0.000 ; free physical = 90431 ; free virtual = 950886
INFO: [Project 1-111] Unisim Transformation Summary:
No Unisim elements were transformed.

Constraint Validation Runtime : Time (s): cpu = 00:00:00.37 ; elapsed = 00:00:00.08 . Memory (MB): peak = 2560.031 ; gain = 0.000 ; free physical = 90424 ; free virtual = 950879
---------------------------------------------------------------------------------
Finished Constraint Validation : Time (s): cpu = 00:00:14 ; elapsed = 00:00:13 . Memory (MB): peak = 2560.031 ; gain = 761.109 ; free physical = 90353 ; free virtual = 950877
---------------------------------------------------------------------------------
---------------------------------------------------------------------------------
Start Loading Part and Timing Information
---------------------------------------------------------------------------------
Loading part: xc7k325tffg900-2
---------------------------------------------------------------------------------
Finished Loading Part and Timing Information : Time (s): cpu = 00:00:14 ; elapsed = 00:00:13 . Memory (MB): peak = 2560.031 ; gain = 761.109 ; free physical = 90350 ; free virtual = 950874
---------------------------------------------------------------------------------
---------------------------------------------------------------------------------
Start Applying 'set_property' XDC Constraints
---------------------------------------------------------------------------------
---------------------------------------------------------------------------------
Finished applying 'set_property' XDC Constraints : Time (s): cpu = 00:00:14 ; elapsed = 00:00:13 . Memory (MB): peak = 2560.031 ; gain = 761.109 ; free physical = 90367 ; free virtual = 950876
---------------------------------------------------------------------------------
INFO: [Synth 8-802] inferred FSM for state register 'state_q_reg' in module 'rv32ifu2_refill'
INFO: [Synth 8-802] inferred FSM for state register 'state_reg' in module 'div_pipe'
---------------------------------------------------------------------------------------------------
                   State |                     New Encoding |                Previous Encoding 
---------------------------------------------------------------------------------------------------
                  S_IDLE |                              001 |                               00
                   S_REQ |                              010 |                               01
                  S_WAIT |                              100 |                               10
---------------------------------------------------------------------------------------------------
INFO: [Synth 8-3354] encoded FSM with state register 'state_q_reg' using encoding 'one-hot' in module 'rv32ifu2_refill'
---------------------------------------------------------------------------------------------------
                   State |                     New Encoding |                Previous Encoding 
---------------------------------------------------------------------------------------------------
                 ST_IDLE |                            00001 |                              000
                 ST_PREP |                            00010 |                              001
                 ST_ITER |                            00100 |                              010
                ST_FIXUP |                            01000 |                              011
                  iSTATE |                            10000 |                              100
*
---------------------------------------------------------------------------------------------------
INFO: [Synth 8-3354] encoded FSM with state register 'state_reg' using encoding 'one-hot' in module 'div_pipe'
---------------------------------------------------------------------------------
Finished RTL Optimization Phase 2 : Time (s): cpu = 00:00:17 ; elapsed = 00:00:16 . Memory (MB): peak = 2560.031 ; gain = 761.109 ; free physical = 90387 ; free virtual = 950879
---------------------------------------------------------------------------------
---------------------------------------------------------------------------------
Start RTL Component Statistics 
---------------------------------------------------------------------------------
Detailed RTL Component Info : 
+---Adders : 
	   3 Input   64 Bit       Adders := 1     
	   3 Input   35 Bit       Adders := 3     
	   2 Input   34 Bit       Adders := 1     
	   2 Input   32 Bit       Adders := 18    
	   3 Input   32 Bit       Adders := 1     
	   2 Input    7 Bit       Adders := 2     
	   3 Input    7 Bit       Adders := 1     
	   2 Input    6 Bit       Adders := 2     
	   4 Input    5 Bit       Adders := 1     
	   2 Input    4 Bit       Adders := 3     
	   3 Input    4 Bit       Adders := 1     
	   2 Input    3 Bit       Adders := 8     
	   3 Input    3 Bit       Adders := 3     
	   4 Input    3 Bit       Adders := 1     
	   2 Input    2 Bit       Adders := 11    
+---XORs : 
	   3 Input     64 Bit         XORs := 17    
	   2 Input     32 Bit         XORs := 1     
	   2 Input      6 Bit         XORs := 16    
	   2 Input      1 Bit         XORs := 44    
	   3 Input      1 Bit         XORs := 8     
+---Registers : 
	              153 Bit    Registers := 8     
	              128 Bit    Registers := 5     
	               64 Bit    Registers := 6     
	               34 Bit    Registers := 1     
	               33 Bit    Registers := 1     
	               32 Bit    Registers := 86    
	               25 Bit    Registers := 2     
	               24 Bit    Registers := 8     
	               16 Bit    Registers := 2     
	               12 Bit    Registers := 1     
	                8 Bit    Registers := 1     
	                7 Bit    Registers := 10    
	                6 Bit    Registers := 17    
	                5 Bit    Registers := 6     
	                4 Bit    Registers := 8     
	                3 Bit    Registers := 4     
	                2 Bit    Registers := 10    
	                1 Bit    Registers := 70    
+---RAMs : 
	             512K Bit	(16384 X 32 bit)          RAMs := 1     
	               4K Bit	(32 X 128 bit)          RAMs := 2     
	               4K Bit	(64 X 64 bit)          RAMs := 1     
	              768 Bit	(32 X 24 bit)          RAMs := 2     
	              448 Bit	(64 X 7 bit)          RAMs := 1     
	              256 Bit	(64 X 4 bit)          RAMs := 1     
	               64 Bit	(64 X 1 bit)          RAMs := 1     
+---ROMs : 
	                    ROMs := 1     
+---Muxes : 
	   2 Input 1224 Bit        Muxes := 2     
	   2 Input  153 Bit        Muxes := 40    
	   2 Input  128 Bit        Muxes := 5     
	   2 Input   64 Bit        Muxes := 6     
	   4 Input   64 Bit        Muxes := 1     
	   2 Input   34 Bit        Muxes := 34    
	   2 Input   33 Bit        Muxes := 1     
	   2 Input   32 Bit        Muxes := 144   
	   4 Input   32 Bit        Muxes := 12    
	   8 Input   32 Bit        Muxes := 1     
	  17 Input   32 Bit        Muxes := 1     
	   3 Input   32 Bit        Muxes := 1     
	   2 Input   25 Bit        Muxes := 3     
	   2 Input   24 Bit        Muxes := 70    
	   4 Input   24 Bit        Muxes := 2     
	   4 Input   16 Bit        Muxes := 2     
	   2 Input   16 Bit        Muxes := 14    
	   2 Input   12 Bit        Muxes := 1     
	   2 Input    8 Bit        Muxes := 11    
	   4 Input    8 Bit        Muxes := 1     
	   5 Input    7 Bit        Muxes := 8     
	   2 Input    7 Bit        Muxes := 14    
	   4 Input    7 Bit        Muxes := 1     
	   4 Input    6 Bit        Muxes := 8     
	   2 Input    6 Bit        Muxes := 80    
	   4 Input    5 Bit        Muxes := 2     
	   2 Input    5 Bit        Muxes := 6     
	  11 Input    5 Bit        Muxes := 1     
	   7 Input    5 Bit        Muxes := 1     
	   2 Input    4 Bit        Muxes := 16    
	   8 Input    4 Bit        Muxes := 2     
	   7 Input    4 Bit        Muxes := 1     
	   6 Input    4 Bit        Muxes := 1     
	   2 Input    3 Bit        Muxes := 24    
	   9 Input    3 Bit        Muxes := 3     
	   5 Input    3 Bit        Muxes := 2     
	  11 Input    3 Bit        Muxes := 1     
	   6 Input    3 Bit        Muxes := 1     
	   4 Input    3 Bit        Muxes := 2     
	   8 Input    3 Bit        Muxes := 1     
	   2 Input    2 Bit        Muxes := 63    
	   4 Input    2 Bit        Muxes := 8     
	  11 Input    2 Bit        Muxes := 4     
	   3 Input    2 Bit        Muxes := 4     
	   2 Input    1 Bit        Muxes := 308   
	   3 Input    1 Bit        Muxes := 51    
	   4 Input    1 Bit        Muxes := 1     
	   9 Input    1 Bit        Muxes := 3     
	   5 Input    1 Bit        Muxes := 4     
	  11 Input    1 Bit        Muxes := 4     
	  16 Input    1 Bit        Muxes := 1     
	   8 Input    1 Bit        Muxes := 7     
---------------------------------------------------------------------------------
Finished RTL Component Statistics 
---------------------------------------------------------------------------------
---------------------------------------------------------------------------------
Start Part Resource Summary
---------------------------------------------------------------------------------
Part Resources:
DSPs: 840 (col length:140)
BRAMs: 890 (col length: RAMB18 140 RAMB36 70)
---------------------------------------------------------------------------------
Finished Part Resource Summary
---------------------------------------------------------------------------------
---------------------------------------------------------------------------------
Start Cross Boundary and Area Optimization
---------------------------------------------------------------------------------
WARNING: [Synth 8-7080] Parallel synthesis criteria is not met
INFO: [Synth 8-6851] RAM (dat_q_reg) has partial Byte Wide Write Enable pattern, however no output register found in fanout of RAM. Recommended to use supported Byte Wide Write Enable template. 
INFO: [Synth 8-6851] RAM (dat_q_reg) has partial Byte Wide Write Enable pattern, however no output register found in fanout of RAM. Recommended to use supported Byte Wide Write Enable template. 
---------------------------------------------------------------------------------
Finished Cross Boundary and Area Optimization : Time (s): cpu = 00:01:24 ; elapsed = 00:01:24 . Memory (MB): peak = 2760.078 ; gain = 961.156 ; free physical = 88341 ; free virtual = 948927
---------------------------------------------------------------------------------
---------------------------------------------------------------------------------
Start ROM, RAM, DSP, Shift Register and Retiming Reporting
---------------------------------------------------------------------------------

ROM: Preliminary Mapping Report
+------------+-------------------------------------+---------------+----------------+
|Module Name | RTL Object                          | Depth x Width | Implemented As | 
+------------+-------------------------------------+---------------+----------------+
|top_fmax    | u_ifu_biu_mem/u_rom/u_prim/rd_q_reg | 4096x128      | Block RAM      | 
+------------+-------------------------------------+---------------+----------------+


Block RAM: Preliminary Mapping Report (see note below)
+----------------------------------+-----------------------------+------------------------+---+---+------------------------+---+---+------------------+--------+--------+
|Module Name                       | RTL Object                  | PORT A (Depth x Width) | W | R | PORT B (Depth x Width) | W | R | Ports driving FF | RAMB18 | RAMB36 | 
+----------------------------------+-----------------------------+------------------------+---+---+------------------------+---+---+------------------+--------+--------+
|Core_cpui_0/u_ifu_subsys/u_icache | u_dat_way0/u_prim/mem_q_reg | 32 x 128(READ_FIRST)   | W |   | 32 x 128(WRITE_FIRST)  |   | R | Port A and B     | 0      | 2      | 
|Core_cpui_0/u_ifu_subsys/u_icache | u_dat_way1/u_prim/mem_q_reg | 32 x 128(READ_FIRST)   | W |   | 32 x 128(WRITE_FIRST)  |   | R | Port A and B     | 0      | 2      | 
|top_fmax                          | Mem_DRAM/u_prim/mem_reg     | 16 K x 32(READ_FIRST)  | W |   | 16 K x 32(WRITE_FIRST) |   | R | Port A and B     | 0      | 16     | 
+----------------------------------+-----------------------------+------------------------+---+---+------------------------+---+---+------------------+--------+--------+

Note: The table above is a preliminary report that shows the Block RAMs at the current stage of the synthesis flow. Some Block RAMs may be reimplemented as non Block RAM primitives later in the synthesis flow. Multiple instantiated Block RAMs are reported only once. 

Distributed RAM: Preliminary Mapping Report (see note below)
+-----------------------------------------+-----------------------------+----------------+----------------------+----------------+
|Module Name                              | RTL Object                  | Inference      | Size (Depth x Width) | Primitives     | 
+-----------------------------------------+-----------------------------+----------------+----------------------+----------------+
|Core_cpui_0/u_ifu_subsys/\g_tage.u_tage  | g_tab[2].tg_u_reg           | User Attribute | 64 x 7               | RAM64M x 6     | 
|Core_cpui_0/u_ifu_subsys/\g_tage.u_tage  | g_tab[1].tg_u_reg           | User Attribute | 64 x 7               | RAM64M x 6     | 
|Core_cpui_0/u_ifu_subsys/\g_tage.u_tage  | g_tab[1].pv_u_reg           | User Attribute | 64 x 24              | RAM64M x 16    | 
|Core_cpui_0/u_ifu_subsys/\g_tage.u_tage  | g_tab[3].pv_u_reg           | User Attribute | 64 x 24              | RAM64M x 16    | 
|Core_cpui_0/u_ifu_subsys/\g_tage.u_tage  | g_tab[0].tg_u_reg           | User Attribute | 64 x 7               | RAM64M x 6     | 
|Core_cpui_0/u_ifu_subsys/\g_tage.u_tage  | g_tab[3].tg_u_reg           | User Attribute | 64 x 7               | RAM64M x 6     | 
|Core_cpui_0/u_ifu_subsys/\g_tage.u_tage  | g_tab[0].pv_u_reg           | User Attribute | 64 x 24              | RAM64M x 16    | 
|Core_cpui_0/u_ifu_subsys/\g_tage.u_tage  | g_tab[2].pv_u_reg           | User Attribute | 64 x 24              | RAM64M x 16    | 
|Core_cpui_0/u_ifu_subsys/\g_tage.u_tage  | t0_u_reg                    | User Attribute | 64 x 8               | RAM64M x 6     | 
|Core_cpui_0/u_ifu_subsys/\g_tage.u_tage  | g_tab[1].tg_p_reg           | User Attribute | 64 x 7               | RAM64M x 6     | 
|Core_cpui_0/u_ifu_subsys/\g_tage.u_tage  | g_tab[1].pv_p_reg           | User Attribute | 64 x 24              | RAM64M x 16    | 
|Core_cpui_0/u_ifu_subsys/\g_tage.u_tage  | g_tab[0].tg_p_reg           | User Attribute | 64 x 7               | RAM64M x 6     | 
|Core_cpui_0/u_ifu_subsys/\g_tage.u_tage  | g_tab[0].pv_p_reg           | User Attribute | 64 x 24              | RAM64M x 16    | 
|Core_cpui_0/u_ifu_subsys/\g_tage.u_tage  | g_tab[2].tg_p_reg           | User Attribute | 64 x 7               | RAM64M x 6     | 
|Core_cpui_0/u_ifu_subsys/\g_tage.u_tage  | g_tab[2].pv_p_reg           | User Attribute | 64 x 24              | RAM64M x 16    | 
|Core_cpui_0/u_ifu_subsys/\g_tage.u_tage  | g_tab[3].tg_p_reg           | User Attribute | 64 x 7               | RAM64M x 6     | 
|Core_cpui_0/u_ifu_subsys/\g_tage.u_tage  | g_tab[3].pv_p_reg           | User Attribute | 64 x 24              | RAM64M x 16    | 
|Core_cpui_0/u_ifu_subsys/\g_tage.u_tage  | t0_p_reg                    | User Attribute | 64 x 8               | RAM64M x 6     | 
|Core_cpui_0/u_ifu_subsys/\g_tage.u_tage  | use_sel_q_reg               | Implied        | 64 x 4               | RAM64M x 4     | 
|Core_cpui_0/u_ifu_subsys/\g_tage.u_tage  | usel_sgn_p_reg              | Implied        | 64 x 1               | RAM64M x 2     | 
|Core_cpui_0/u_ifu_subsys/u_icache        | u_tag_way0/u_prim/mem_q_reg | Implied        | 32 x 24              | RAM32M x 4     | 
|Core_cpui_0/u_ifu_subsys/u_icache        | u_tag_way1/u_prim/mem_q_reg | Implied        | 32 x 24              | RAM32M x 4     | 
|Core_cpui_0/u_ifu_subsys/u_btb           | tag_q_reg                   | Implied        | 64 x 7               | RAM64M x 6     | 
|Core_cpui_0/u_ifu_subsys/u_btb           | dat_q_reg                   | Implied        | 64 x 64              | RAM64X1D x 64  | 
+-----------------------------------------+-----------------------------+----------------+----------------------+----------------+

Note: The table above is a preliminary report that shows the Distributed RAMs at the current stage of the synthesis flow. Some Distributed RAMs may be reimplemented as non Distributed RAM primitives later in the synthesis flow. Multiple instantiated RAMs are reported only once.
---------------------------------------------------------------------------------
Finished ROM, RAM, DSP, Shift Register and Retiming Reporting
---------------------------------------------------------------------------------
---------------------------------------------------------------------------------
Start Applying XDC Timing Constraints
---------------------------------------------------------------------------------
---------------------------------------------------------------------------------
Finished Applying XDC Timing Constraints : Time (s): cpu = 00:01:28 ; elapsed = 00:01:28 . Memory (MB): peak = 2760.082 ; gain = 961.160 ; free physical = 88341 ; free virtual = 948928
---------------------------------------------------------------------------------
---------------------------------------------------------------------------------
Start Timing Optimization
---------------------------------------------------------------------------------
---------------------------------------------------------------------------------
Finished Timing Optimization : Time (s): cpu = 00:02:41 ; elapsed = 00:02:42 . Memory (MB): peak = 3088.078 ; gain = 1289.156 ; free physical = 86363 ; free virtual = 946951
---------------------------------------------------------------------------------
---------------------------------------------------------------------------------
Start ROM, RAM, DSP, Shift Register and Retiming Reporting
---------------------------------------------------------------------------------

Block RAM: Final Mapping Report
+----------------------------------+-----------------------------+------------------------+---+---+------------------------+---+---+------------------+--------+--------+
|Module Name                       | RTL Object                  | PORT A (Depth x Width) | W | R | PORT B (Depth x Width) | W | R | Ports driving FF | RAMB18 | RAMB36 | 
+----------------------------------+-----------------------------+------------------------+---+---+------------------------+---+---+------------------+--------+--------+
|Core_cpui_0/u_ifu_subsys/u_icache | u_dat_way0/u_prim/mem_q_reg | 32 x 128(READ_FIRST)   | W |   | 32 x 128(WRITE_FIRST)  |   | R | Port A and B     | 0      | 2      | 
|Core_cpui_0/u_ifu_subsys/u_icache | u_dat_way1/u_prim/mem_q_reg | 32 x 128(READ_FIRST)   | W |   | 32 x 128(WRITE_FIRST)  |   | R | Port A and B     | 0      | 2      | 
|top_fmax                          | Mem_DRAM/u_prim/mem_reg     | 16 K x 32(READ_FIRST)  | W |   | 16 K x 32(WRITE_FIRST) |   | R | Port A and B     | 0      | 16     | 
+----------------------------------+-----------------------------+------------------------+---+---+------------------------+---+---+------------------+--------+--------+


Distributed RAM: Final Mapping Report
+-----------------------------------------+-----------------------------+----------------+----------------------+----------------+
|Module Name                              | RTL Object                  | Inference      | Size (Depth x Width) | Primitives     | 
+-----------------------------------------+-----------------------------+----------------+----------------------+----------------+
|Core_cpui_0/u_ifu_subsys/\g_tage.u_tage  | g_tab[2].tg_u_reg           | User Attribute | 64 x 7               | RAM64M x 6     | 
|Core_cpui_0/u_ifu_subsys/\g_tage.u_tage  | g_tab[1].tg_u_reg           | User Attribute | 64 x 7               | RAM64M x 6     | 
|Core_cpui_0/u_ifu_subsys/\g_tage.u_tage  | g_tab[1].pv_u_reg           | User Attribute | 64 x 24              | RAM64M x 16    | 
|Core_cpui_0/u_ifu_subsys/\g_tage.u_tage  | g_tab[3].pv_u_reg           | User Attribute | 64 x 24              | RAM64M x 16    | 
|Core_cpui_0/u_ifu_subsys/\g_tage.u_tage  | g_tab[0].tg_u_reg           | User Attribute | 64 x 7               | RAM64M x 6     | 
|Core_cpui_0/u_ifu_subsys/\g_tage.u_tage  | g_tab[3].tg_u_reg           | User Attribute | 64 x 7               | RAM64M x 6     | 
|Core_cpui_0/u_ifu_subsys/\g_tage.u_tage  | g_tab[0].pv_u_reg           | User Attribute | 64 x 24              | RAM64M x 16    | 
|Core_cpui_0/u_ifu_subsys/\g_tage.u_tage  | g_tab[2].pv_u_reg           | User Attribute | 64 x 24              | RAM64M x 16    | 
|Core_cpui_0/u_ifu_subsys/\g_tage.u_tage  | t0_u_reg                    | User Attribute | 64 x 8               | RAM64M x 6     | 
|Core_cpui_0/u_ifu_subsys/\g_tage.u_tage  | g_tab[1].tg_p_reg           | User Attribute | 64 x 7               | RAM64M x 6     | 
|Core_cpui_0/u_ifu_subsys/\g_tage.u_tage  | g_tab[1].pv_p_reg           | User Attribute | 64 x 24              | RAM64M x 16    | 
|Core_cpui_0/u_ifu_subsys/\g_tage.u_tage  | g_tab[0].tg_p_reg           | User Attribute | 64 x 7               | RAM64M x 6     | 
|Core_cpui_0/u_ifu_subsys/\g_tage.u_tage  | g_tab[0].pv_p_reg           | User Attribute | 64 x 24              | RAM64M x 16    | 
|Core_cpui_0/u_ifu_subsys/\g_tage.u_tage  | g_tab[2].tg_p_reg           | User Attribute | 64 x 7               | RAM64M x 6     | 
|Core_cpui_0/u_ifu_subsys/\g_tage.u_tage  | g_tab[2].pv_p_reg           | User Attribute | 64 x 24              | RAM64M x 16    | 
|Core_cpui_0/u_ifu_subsys/\g_tage.u_tage  | g_tab[3].tg_p_reg           | User Attribute | 64 x 7               | RAM64M x 6     | 
|Core_cpui_0/u_ifu_subsys/\g_tage.u_tage  | g_tab[3].pv_p_reg           | User Attribute | 64 x 24              | RAM64M x 16    | 
|Core_cpui_0/u_ifu_subsys/\g_tage.u_tage  | t0_p_reg                    | User Attribute | 64 x 8               | RAM64M x 6     | 
|Core_cpui_0/u_ifu_subsys/\g_tage.u_tage  | use_sel_q_reg               | Implied        | 64 x 4               | RAM64M x 4     | 
|Core_cpui_0/u_ifu_subsys/\g_tage.u_tage  | usel_sgn_p_reg              | Implied        | 64 x 1               | RAM64M x 2     | 
|Core_cpui_0/u_ifu_subsys/u_icache        | u_tag_way0/u_prim/mem_q_reg | Implied        | 32 x 24              | RAM32M x 4     | 
|Core_cpui_0/u_ifu_subsys/u_icache        | u_tag_way1/u_prim/mem_q_reg | Implied        | 32 x 24              | RAM32M x 4     | 
|Core_cpui_0/u_ifu_subsys/u_btb           | tag_q_reg                   | Implied        | 64 x 7               | RAM64M x 6     | 
|Core_cpui_0/u_ifu_subsys/u_btb           | dat_q_reg                   | Implied        | 64 x 64              | RAM64X1D x 64  | 
+-----------------------------------------+-----------------------------+----------------+----------------------+----------------+

---------------------------------------------------------------------------------
Finished ROM, RAM, DSP, Shift Register and Retiming Reporting
---------------------------------------------------------------------------------
---------------------------------------------------------------------------------
Start Technology Mapping
---------------------------------------------------------------------------------
INFO: [Synth 8-7052] The timing for the instance u_soc/Core_cpu/u_ifu_subsys/u_icache/u_dat_way0/u_prim/mem_q_reg_0 (implemented as a Block RAM) might be sub-optimal as no optional output register could be merged into the ram block. Providing additional output register may help in improving timing.
INFO: [Synth 8-7052] The timing for the instance u_soc/Core_cpu/u_ifu_subsys/u_icache/u_dat_way0/u_prim/mem_q_reg_1 (implemented as a Block RAM) might be sub-optimal as no optional output register could be merged into the ram block. Providing additional output register may help in improving timing.
INFO: [Synth 8-7052] The timing for the instance u_soc/Core_cpu/u_ifu_subsys/u_icache/u_dat_way1/u_prim/mem_q_reg_0 (implemented as a Block RAM) might be sub-optimal as no optional output register could be merged into the ram block. Providing additional output register may help in improving timing.
INFO: [Synth 8-7052] The timing for the instance u_soc/Core_cpu/u_ifu_subsys/u_icache/u_dat_way1/u_prim/mem_q_reg_1 (implemented as a Block RAM) might be sub-optimal as no optional output register could be merged into the ram block. Providing additional output register may help in improving timing.
INFO: [Synth 8-7052] The timing for the instance u_soc/Core_cpu/u_ifu_biu_mem/u_rom/u_prim/rd_q_reg_0 (implemented as a Block RAM) might be sub-optimal as no optional output register could be merged into the ram block. Providing additional output register may help in improving timing.
INFO: [Synth 8-7052] The timing for the instance u_soc/Core_cpu/u_ifu_biu_mem/u_rom/u_prim/rd_q_reg_1 (implemented as a Block RAM) might be sub-optimal as no optional output register could be merged into the ram block. Providing additional output register may help in improving timing.
INFO: [Synth 8-7052] The timing for the instance u_soc/Core_cpu/u_ifu_biu_mem/u_rom/u_prim/rd_q_reg_2 (implemented as a Block RAM) might be sub-optimal as no optional output register could be merged into the ram block. Providing additional output register may help in improving timing.
INFO: [Synth 8-7052] The timing for the instance u_soc/Core_cpu/u_ifu_biu_mem/u_rom/u_prim/rd_q_reg_3 (implemented as a Block RAM) might be sub-optimal as no optional output register could be merged into the ram block. Providing additional output register may help in improving timing.
INFO: [Synth 8-7052] The timing for the instance u_soc/Core_cpu/u_ifu_biu_mem/u_rom/u_prim/rd_q_reg_4 (implemented as a Block RAM) might be sub-optimal as no optional output register could be merged into the ram block. Providing additional output register may help in improving timing.
INFO: [Synth 8-7052] The timing for the instance u_soc/Core_cpu/u_ifu_biu_mem/u_rom/u_prim/rd_q_reg_5 (implemented as a Block RAM) might be sub-optimal as no optional output register could be merged into the ram block. Providing additional output register may help in improving timing.
INFO: [Synth 8-7052] The timing for the instance u_soc/Core_cpu/u_ifu_biu_mem/u_rom/u_prim/rd_q_reg_6 (implemented as a Block RAM) might be sub-optimal as no optional output register could be merged into the ram block. Providing additional output register may help in improving timing.
INFO: [Synth 8-7052] The timing for the instance u_soc/Core_cpu/u_ifu_biu_mem/u_rom/u_prim/rd_q_reg_7 (implemented as a Block RAM) might be sub-optimal as no optional output register could be merged into the ram block. Providing additional output register may help in improving timing.
INFO: [Synth 8-7052] The timing for the instance u_soc/Core_cpu/u_ifu_biu_mem/u_rom/u_prim/rd_q_reg_8 (implemented as a Block RAM) might be sub-optimal as no optional output register could be merged into the ram block. Providing additional output register may help in improving timing.
INFO: [Synth 8-7052] The timing for the instance u_soc/Core_cpu/u_ifu_biu_mem/u_rom/u_prim/rd_q_reg_9 (implemented as a Block RAM) might be sub-optimal as no optional output register could be merged into the ram block. Providing additional output register may help in improving timing.
INFO: [Synth 8-7052] The timing for the instance u_soc/Core_cpu/u_ifu_biu_mem/u_rom/u_prim/rd_q_reg_10 (implemented as a Block RAM) might be sub-optimal as no optional output register could be merged into the ram block. Providing additional output register may help in improving timing.
INFO: [Synth 8-7052] The timing for the instance u_soc/Core_cpu/u_ifu_biu_mem/u_rom/u_prim/rd_q_reg_11 (implemented as a Block RAM) might be sub-optimal as no optional output register could be merged into the ram block. Providing additional output register may help in improving timing.
INFO: [Synth 8-7052] The timing for the instance u_soc/Core_cpu/u_ifu_biu_mem/u_rom/u_prim/rd_q_reg_12 (implemented as a Block RAM) might be sub-optimal as no optional output register could be merged into the ram block. Providing additional output register may help in improving timing.
INFO: [Synth 8-7052] The timing for the instance u_soc/Core_cpu/u_ifu_biu_mem/u_rom/u_prim/rd_q_reg_13 (implemented as a Block RAM) might be sub-optimal as no optional output register could be merged into the ram block. Providing additional output register may help in improving timing.
INFO: [Synth 8-7052] The timing for the instance u_soc/Core_cpu/u_ifu_biu_mem/u_rom/u_prim/rd_q_reg_14 (implemented as a Block RAM) might be sub-optimal as no optional output register could be merged into the ram block. Providing additional output register may help in improving timing.
INFO: [Synth 8-7052] The timing for the instance u_soc/Mem_DRAM/u_prim/mem_reg_0 (implemented as a Block RAM) might be sub-optimal as no optional output register could be merged into the ram block. Providing additional output register may help in improving timing.
INFO: [Synth 8-7052] The timing for the instance u_soc/Mem_DRAM/u_prim/mem_reg_1 (implemented as a Block RAM) might be sub-optimal as no optional output register could be merged into the ram block. Providing additional output register may help in improving timing.
INFO: [Synth 8-7052] The timing for the instance u_soc/Mem_DRAM/u_prim/mem_reg_2 (implemented as a Block RAM) might be sub-optimal as no optional output register could be merged into the ram block. Providing additional output register may help in improving timing.
INFO: [Synth 8-7052] The timing for the instance u_soc/Mem_DRAM/u_prim/mem_reg_3 (implemented as a Block RAM) might be sub-optimal as no optional output register could be merged into the ram block. Providing additional output register may help in improving timing.
INFO: [Synth 8-7052] The timing for the instance u_soc/Mem_DRAM/u_prim/mem_reg_4 (implemented as a Block RAM) might be sub-optimal as no optional output register could be merged into the ram block. Providing additional output register may help in improving timing.
INFO: [Synth 8-7052] The timing for the instance u_soc/Mem_DRAM/u_prim/mem_reg_5 (implemented as a Block RAM) might be sub-optimal as no optional output register could be merged into the ram block. Providing additional output register may help in improving timing.
INFO: [Synth 8-7052] The timing for the instance u_soc/Mem_DRAM/u_prim/mem_reg_6 (implemented as a Block RAM) might be sub-optimal as no optional output register could be merged into the ram block. Providing additional output register may help in improving timing.
INFO: [Synth 8-7052] The timing for the instance u_soc/Mem_DRAM/u_prim/mem_reg_7 (implemented as a Block RAM) might be sub-optimal as no optional output register could be merged into the ram block. Providing additional output register may help in improving timing.
INFO: [Synth 8-7052] The timing for the instance u_soc/Mem_DRAM/u_prim/mem_reg_8 (implemented as a Block RAM) might be sub-optimal as no optional output register could be merged into the ram block. Providing additional output register may help in improving timing.
INFO: [Synth 8-7052] The timing for the instance u_soc/Mem_DRAM/u_prim/mem_reg_9 (implemented as a Block RAM) might be sub-optimal as no optional output register could be merged into the ram block. Providing additional output register may help in improving timing.
INFO: [Synth 8-7052] The timing for the instance u_soc/Mem_DRAM/u_prim/mem_reg_10 (implemented as a Block RAM) might be sub-optimal as no optional output register could be merged into the ram block. Providing additional output register may help in improving timing.
INFO: [Synth 8-7052] The timing for the instance u_soc/Mem_DRAM/u_prim/mem_reg_11 (implemented as a Block RAM) might be sub-optimal as no optional output register could be merged into the ram block. Providing additional output register may help in improving timing.
INFO: [Synth 8-7052] The timing for the instance u_soc/Mem_DRAM/u_prim/mem_reg_12 (implemented as a Block RAM) might be sub-optimal as no optional output register could be merged into the ram block. Providing additional output register may help in improving timing.
INFO: [Synth 8-7052] The timing for the instance u_soc/Mem_DRAM/u_prim/mem_reg_13 (implemented as a Block RAM) might be sub-optimal as no optional output register could be merged into the ram block. Providing additional output register may help in improving timing.
INFO: [Synth 8-7052] The timing for the instance u_soc/Mem_DRAM/u_prim/mem_reg_14 (implemented as a Block RAM) might be sub-optimal as no optional output register could be merged into the ram block. Providing additional output register may help in improving timing.
INFO: [Synth 8-7052] The timing for the instance u_soc/Mem_DRAM/u_prim/mem_reg_15 (implemented as a Block RAM) might be sub-optimal as no optional output register could be merged into the ram block. Providing additional output register may help in improving timing.
---------------------------------------------------------------------------------
Finished Technology Mapping : Time (s): cpu = 00:02:48 ; elapsed = 00:02:50 . Memory (MB): peak = 3088.082 ; gain = 1289.160 ; free physical = 86650 ; free virtual = 947237
---------------------------------------------------------------------------------
---------------------------------------------------------------------------------
Start IO Insertion
---------------------------------------------------------------------------------
---------------------------------------------------------------------------------
Start Flattening Before IO Insertion
---------------------------------------------------------------------------------
---------------------------------------------------------------------------------
Finished Flattening Before IO Insertion
---------------------------------------------------------------------------------
---------------------------------------------------------------------------------
Start Final Netlist Cleanup
---------------------------------------------------------------------------------
---------------------------------------------------------------------------------
Finished Final Netlist Cleanup
---------------------------------------------------------------------------------
---------------------------------------------------------------------------------
Finished IO Insertion : Time (s): cpu = 00:02:53 ; elapsed = 00:02:55 . Memory (MB): peak = 3088.082 ; gain = 1289.160 ; free physical = 87641 ; free virtual = 948184
---------------------------------------------------------------------------------
---------------------------------------------------------------------------------
Start Renaming Generated Instances
---------------------------------------------------------------------------------
---------------------------------------------------------------------------------
Finished Renaming Generated Instances : Time (s): cpu = 00:02:53 ; elapsed = 00:02:55 . Memory (MB): peak = 3088.082 ; gain = 1289.160 ; free physical = 87641 ; free virtual = 948184
---------------------------------------------------------------------------------
---------------------------------------------------------------------------------
Start Rebuilding User Hierarchy
---------------------------------------------------------------------------------
---------------------------------------------------------------------------------
Finished Rebuilding User Hierarchy : Time (s): cpu = 00:02:54 ; elapsed = 00:02:56 . Memory (MB): peak = 3088.082 ; gain = 1289.160 ; free physical = 87640 ; free virtual = 948183
---------------------------------------------------------------------------------
---------------------------------------------------------------------------------
Start Renaming Generated Ports
---------------------------------------------------------------------------------
---------------------------------------------------------------------------------
Finished Renaming Generated Ports : Time (s): cpu = 00:02:54 ; elapsed = 00:02:56 . Memory (MB): peak = 3088.082 ; gain = 1289.160 ; free physical = 87639 ; free virtual = 948182
---------------------------------------------------------------------------------
---------------------------------------------------------------------------------
Start Handling Custom Attributes
---------------------------------------------------------------------------------
---------------------------------------------------------------------------------
Finished Handling Custom Attributes : Time (s): cpu = 00:02:54 ; elapsed = 00:02:56 . Memory (MB): peak = 3088.082 ; gain = 1289.160 ; free physical = 87628 ; free virtual = 948188
---------------------------------------------------------------------------------
---------------------------------------------------------------------------------
Start Renaming Generated Nets
---------------------------------------------------------------------------------
---------------------------------------------------------------------------------
Finished Renaming Generated Nets : Time (s): cpu = 00:02:54 ; elapsed = 00:02:56 . Memory (MB): peak = 3088.082 ; gain = 1289.160 ; free physical = 87628 ; free virtual = 948188
---------------------------------------------------------------------------------
---------------------------------------------------------------------------------
Start Writing Synthesis Report
---------------------------------------------------------------------------------

Report BlackBoxes: 
+-+--------------+----------+
| |BlackBox name |Instances |
+-+--------------+----------+
+-+--------------+----------+

Report Cell Usage: 
+------+---------+------+
|      |Cell     |Count |
+------+---------+------+
|1     |BUFG     |     1|
|2     |CARRY4   |   270|
|3     |LUT1     |   123|
|4     |LUT2     |   842|
|5     |LUT3     |  1731|
|6     |LUT4     |  1650|
|7     |LUT5     |  2520|
|8     |LUT6     |  5291|
|9     |MUXF7    |   575|
|10    |MUXF8    |   128|
|11    |RAM32M   |     8|
|12    |RAM64M   |   183|
|13    |RAM64X1D |    76|
|14    |RAMB18E1 |     1|
|15    |RAMB36E1 |    34|
|46    |FDCE     |  1862|
|47    |FDPE     |    20|
|48    |FDRE     |  2822|
|49    |FDSE     |     3|
|50    |IBUF     |     2|
|51    |OBUF     |    71|
+------+---------+------+
---------------------------------------------------------------------------------
Finished Writing Synthesis Report : Time (s): cpu = 00:02:54 ; elapsed = 00:02:56 . Memory (MB): peak = 3088.082 ; gain = 1289.160 ; free physical = 87628 ; free virtual = 948188
---------------------------------------------------------------------------------
Synthesis finished with 0 errors, 0 critical warnings and 1 warnings.
Synthesis Optimization Runtime : Time (s): cpu = 00:02:50 ; elapsed = 00:02:53 . Memory (MB): peak = 3088.082 ; gain = 1114.754 ; free physical = 87621 ; free virtual = 948189
Synthesis Optimization Complete : Time (s): cpu = 00:02:54 ; elapsed = 00:02:57 . Memory (MB): peak = 3088.086 ; gain = 1289.160 ; free physical = 87620 ; free virtual = 948188
INFO: [Project 1-571] Translating synthesized netlist
Netlist sorting complete. Time (s): cpu = 00:00:00.11 ; elapsed = 00:00:00.1 . Memory (MB): peak = 3088.086 ; gain = 0.000 ; free physical = 87974 ; free virtual = 948517
INFO: [Netlist 29-17] Analyzing 1275 Unisim elements for replacement
INFO: [Netlist 29-28] Unisim Transformation completed in 0 CPU seconds
INFO: [Project 1-570] Preparing netlist for logic optimization
INFO: [Opt 31-138] Pushed 0 inverter(s) to 0 load pin(s).
Netlist sorting complete. Time (s): cpu = 00:00:00 ; elapsed = 00:00:00.01 . Memory (MB): peak = 3149.133 ; gain = 0.000 ; free physical = 88314 ; free virtual = 948815
INFO: [Project 1-111] Unisim Transformation Summary:
  A total of 267 instances were transformed.
  RAM32M => RAM32M (RAMD32(x6), RAMS32(x2)): 8 instances
  RAM64M => RAM64M (RAMD64E(x4)): 183 instances
  RAM64X1D => RAM64X1D (RAMD64E(x2)): 76 instances

Synth Design complete | Checksum: f1143eea
INFO: [Common 17-83] Releasing license: Synthesis
142 Infos, 112 Warnings, 0 Critical Warnings and 0 Errors encountered.
synth_design completed successfully
synth_design: Time (s): cpu = 00:03:03 ; elapsed = 00:03:03 . Memory (MB): peak = 3149.133 ; gain = 1722.348 ; free physical = 88314 ; free virtual = 948814
INFO: [Common 17-2834] synth_design peak Physical Memory [PSS] (MB): overall = 2363.949; main = 2028.304; forked = 340.708
INFO: [Common 17-2834] synth_design peak Virtual Memory [VSS] (MB): overall = 4436.316; main = 3149.137; forked = 1348.234
Write ShapeDB Complete: Time (s): cpu = 00:00:00.03 ; elapsed = 00:00:00.01 . Memory (MB): peak = 3185.766 ; gain = 0.000 ; free physical = 88315 ; free virtual = 948816
INFO: [Common 17-1381] The checkpoint '/home/st-wangjun/project/RISCV_A910/synth/vivado/fmax_impl_7.0ns/fmax_impl_7.0ns.runs/synth_1/top_fmax.dcp' has been generated.
INFO: [runtcl-4] Executing : report_utilization -file top_fmax_utilization_synth.rpt -pb top_fmax_utilization_synth.pb
INFO: [Common 17-206] Exiting Vivado at Mon Sep 28 23:02:49 2026...
[Mon Sep 28 23:02:59 2026] synth_1 finished
wait_on_runs: Time (s): cpu = 00:03:15 ; elapsed = 00:03:24 . Memory (MB): peak = 1510.945 ; gain = 0.000 ; free physical = 97410 ; free virtual = 957867
# if {[get_property PROGRESS [get_runs synth_1]] ne "100%"} {
#     error "synth_1 FAILED: [get_property STATUS [get_runs synth_1]]"
# }
# if {$MODE eq "impl"} {
#     launch_runs impl_1 -to_step route_design -jobs 8
#     wait_on_run impl_1
#     if {[get_property PROGRESS [get_runs impl_1]] ne "100%"} {
#         error "impl_1 FAILED: [get_property STATUS [get_runs impl_1]]"
#     }
#     open_run impl_1
# } else {
#     open_run synth_1
# }
[Mon Sep 28 23:02:59 2026] Launched impl_1...
Run output will be captured here: /home/st-wangjun/project/RISCV_A910/synth/vivado/fmax_impl_7.0ns/fmax_impl_7.0ns.runs/impl_1/runme.log
[Mon Sep 28 23:02:59 2026] Waiting for impl_1 to finish...

*** Running vivado
    with args -log top_fmax.vdi -applog -m64 -product Vivado -messageDb vivado.pb -mode batch -source top_fmax.tcl -notrace


****** Vivado v2023.2 (64-bit)
  **** SW Build 4029153 on Fri Oct 13 20:13:54 MDT 2023
  **** IP Build 4028589 on Sat Oct 14 00:45:43 MDT 2023
  **** SharedData Build 4025554 on Tue Oct 10 17:18:54 MDT 2023
    ** Copyright 1986-2022 Xilinx, Inc. All Rights Reserved.
    ** Copyright 2022-2023 Advanced Micro Devices, Inc. All Rights Reserved.

source top_fmax.tcl -notrace
Command: link_design -top top_fmax -part xc7k325tffg900-2
Design is defaulting to srcset: sources_1
Design is defaulting to constrset: constrs_1
INFO: [Device 21-403] Loading part xc7k325tffg900-2
Netlist sorting complete. Time (s): cpu = 00:00:00.06 ; elapsed = 00:00:00.06 . Memory (MB): peak = 1795.637 ; gain = 0.000 ; free physical = 95245 ; free virtual = 955703
INFO: [Netlist 29-17] Analyzing 1275 Unisim elements for replacement
INFO: [Netlist 29-28] Unisim Transformation completed in 0 CPU seconds
INFO: [Project 1-479] Netlist was created with Vivado 2023.2
INFO: [Project 1-570] Preparing netlist for logic optimization
Parsing XDC File [/home/st-wangjun/project/RISCV_A910/synth/vivado/fmax_impl_7.0ns/fmax_gen.xdc]
Finished Parsing XDC File [/home/st-wangjun/project/RISCV_A910/synth/vivado/fmax_impl_7.0ns/fmax_gen.xdc]
INFO: [Opt 31-138] Pushed 0 inverter(s) to 0 load pin(s).
Netlist sorting complete. Time (s): cpu = 00:00:00 ; elapsed = 00:00:00 . Memory (MB): peak = 2009.453 ; gain = 0.000 ; free physical = 94238 ; free virtual = 954697
INFO: [Project 1-111] Unisim Transformation Summary:
  A total of 267 instances were transformed.
  RAM32M => RAM32M (RAMD32(x6), RAMS32(x2)): 8 instances
  RAM64M => RAM64M (RAMD64E(x4)): 183 instances
  RAM64X1D => RAM64X1D (RAMD64E(x2)): 76 instances

7 Infos, 0 Warnings, 0 Critical Warnings and 0 Errors encountered.
link_design completed successfully
link_design: Time (s): cpu = 00:00:06 ; elapsed = 00:00:06 . Memory (MB): peak = 2009.453 ; gain = 582.664 ; free physical = 94214 ; free virtual = 954672
Command: opt_design
Attempting to get a license for feature 'Implementation' and/or device 'xc7k325t'
INFO: [Common 17-349] Got license for feature 'Implementation' and/or device 'xc7k325t'
Running DRC as a precondition to command opt_design

Starting DRC Task
INFO: [DRC 23-27] Running DRC with 8 threads
INFO: [Project 1-461] DRC finished with 0 Errors
INFO: [Project 1-462] Please refer to the DRC report (report_drc) for more information.

Time (s): cpu = 00:00:01 ; elapsed = 00:00:00.61 . Memory (MB): peak = 2144.133 ; gain = 122.469 ; free physical = 93974 ; free virtual = 954432

Starting Cache Timing Information Task
INFO: [Timing 38-35] Done setting XDC timing constraints.
Ending Cache Timing Information Task | Checksum: 1523f08e2

Time (s): cpu = 00:00:08 ; elapsed = 00:00:07 . Memory (MB): peak = 2687.176 ; gain = 543.043 ; free physical = 90846 ; free virtual = 951307

Starting Logic Optimization Task

Phase 1 Initialization

Phase 1.1 Core Generation And Design Setup
Phase 1.1 Core Generation And Design Setup | Checksum: 1523f08e2

Time (s): cpu = 00:00:00 ; elapsed = 00:00:00 . Memory (MB): peak = 2992.895 ; gain = 0.004 ; free physical = 89705 ; free virtual = 950184

Phase 1.2 Setup Constraints And Sort Netlist
Phase 1.2 Setup Constraints And Sort Netlist | Checksum: 1523f08e2

Time (s): cpu = 00:00:00.01 ; elapsed = 00:00:00.01 . Memory (MB): peak = 2992.895 ; gain = 0.004 ; free physical = 89703 ; free virtual = 950183
Phase 1 Initialization | Checksum: 1523f08e2

Time (s): cpu = 00:00:00.01 ; elapsed = 00:00:00.01 . Memory (MB): peak = 2992.895 ; gain = 0.004 ; free physical = 89703 ; free virtual = 950183

Phase 2 Timer Update And Timing Data Collection

Phase 2.1 Timer Update
Phase 2.1 Timer Update | Checksum: 1523f08e2

Time (s): cpu = 00:00:00.93 ; elapsed = 00:00:00.19 . Memory (MB): peak = 2992.895 ; gain = 0.004 ; free physical = 89668 ; free virtual = 950149

Phase 2.2 Timing Data Collection
Phase 2.2 Timing Data Collection | Checksum: 1523f08e2

Time (s): cpu = 00:00:00.94 ; elapsed = 00:00:00.21 . Memory (MB): peak = 2992.895 ; gain = 0.004 ; free physical = 89665 ; free virtual = 950146
Phase 2 Timer Update And Timing Data Collection | Checksum: 1523f08e2

Time (s): cpu = 00:00:00.94 ; elapsed = 00:00:00.21 . Memory (MB): peak = 2992.895 ; gain = 0.004 ; free physical = 89665 ; free virtual = 950146

Phase 3 Retarget
INFO: [Opt 31-138] Pushed 0 inverter(s) to 0 load pin(s).
INFO: [Opt 31-49] Retargeted 0 cell(s).
Phase 3 Retarget | Checksum: 66238e24

Time (s): cpu = 00:00:01 ; elapsed = 00:00:00.36 . Memory (MB): peak = 2992.895 ; gain = 0.004 ; free physical = 89652 ; free virtual = 950116
Retarget | Checksum: 66238e24
INFO: [Opt 31-389] Phase Retarget created 8 cells and removed 9 cells

Phase 4 Constant propagation
INFO: [Opt 31-138] Pushed 0 inverter(s) to 0 load pin(s).
Phase 4 Constant propagation | Checksum: b485fa9c

Time (s): cpu = 00:00:01 ; elapsed = 00:00:00.45 . Memory (MB): peak = 2992.895 ; gain = 0.004 ; free physical = 89639 ; free virtual = 950103
Constant propagation | Checksum: b485fa9c
INFO: [Opt 31-389] Phase Constant propagation created 0 cells and removed 0 cells

Phase 5 Sweep
Phase 5 Sweep | Checksum: 80ba02c6

Time (s): cpu = 00:00:01 ; elapsed = 00:00:00.58 . Memory (MB): peak = 2992.895 ; gain = 0.004 ; free physical = 89620 ; free virtual = 950084
Sweep | Checksum: 80ba02c6
INFO: [Opt 31-389] Phase Sweep created 37 cells and removed 0 cells

Phase 6 BUFG optimization
Phase 6 BUFG optimization | Checksum: 80ba02c6

Time (s): cpu = 00:00:02 ; elapsed = 00:00:00.66 . Memory (MB): peak = 3041.734 ; gain = 48.844 ; free physical = 89607 ; free virtual = 950070
BUFG optimization | Checksum: 80ba02c6
INFO: [Opt 31-662] Phase BUFG optimization created 0 cells of which 0 are BUFGs and removed 0 cells.

Phase 7 Shift Register Optimization
INFO: [Opt 31-1064] SRL Remap converted 0 SRLs to 0 registers and converted 0 registers of register chains to 0 SRLs
Phase 7 Shift Register Optimization | Checksum: 80ba02c6

Time (s): cpu = 00:00:02 ; elapsed = 00:00:00.67 . Memory (MB): peak = 3041.734 ; gain = 48.844 ; free physical = 89604 ; free virtual = 950068
Shift Register Optimization | Checksum: 80ba02c6
INFO: [Opt 31-389] Phase Shift Register Optimization created 0 cells and removed 0 cells

Phase 8 Post Processing Netlist
Phase 8 Post Processing Netlist | Checksum: e789b2fa

Time (s): cpu = 00:00:02 ; elapsed = 00:00:00.69 . Memory (MB): peak = 3041.734 ; gain = 48.844 ; free physical = 89600 ; free virtual = 950064
Post Processing Netlist | Checksum: e789b2fa
INFO: [Opt 31-389] Phase Post Processing Netlist created 0 cells and removed 0 cells

Phase 9 Finalization

Phase 9.1 Finalizing Design Cores and Updating Shapes
Phase 9.1 Finalizing Design Cores and Updating Shapes | Checksum: 83f1b89f

Time (s): cpu = 00:00:02 ; elapsed = 00:00:00.79 . Memory (MB): peak = 3041.734 ; gain = 48.844 ; free physical = 89579 ; free virtual = 950043

Phase 9.2 Verifying Netlist Connectivity

Starting Connectivity Check Task

Time (s): cpu = 00:00:00.02 ; elapsed = 00:00:00.02 . Memory (MB): peak = 3041.734 ; gain = 0.000 ; free physical = 89578 ; free virtual = 950042
Phase 9.2 Verifying Netlist Connectivity | Checksum: 83f1b89f

Time (s): cpu = 00:00:02 ; elapsed = 00:00:00.81 . Memory (MB): peak = 3041.734 ; gain = 48.844 ; free physical = 89578 ; free virtual = 950042
Phase 9 Finalization | Checksum: 83f1b89f

Time (s): cpu = 00:00:02 ; elapsed = 00:00:00.81 . Memory (MB): peak = 3041.734 ; gain = 48.844 ; free physical = 89577 ; free virtual = 950041
Opt_design Change Summary
=========================


-------------------------------------------------------------------------------------------------------------------------
|  Phase                        |  #Cells created  |  #Cells Removed  |  #Constrained objects preventing optimizations  |
-------------------------------------------------------------------------------------------------------------------------
|  Retarget                     |               8  |               9  |                                              0  |
|  Constant propagation         |               0  |               0  |                                              0  |
|  Sweep                        |              37  |               0  |                                              0  |
|  BUFG optimization            |               0  |               0  |                                              0  |
|  Shift Register Optimization  |               0  |               0  |                                              0  |
|  Post Processing Netlist      |               0  |               0  |                                              0  |
-------------------------------------------------------------------------------------------------------------------------


Ending Logic Optimization Task | Checksum: 83f1b89f

Time (s): cpu = 00:00:02 ; elapsed = 00:00:00.81 . Memory (MB): peak = 3041.734 ; gain = 48.844 ; free physical = 89577 ; free virtual = 950041
INFO: [Constraints 18-11670] Building netlist checker database with flags, 0x8
Done building netlist checker database: Time (s): cpu = 00:00:00 ; elapsed = 00:00:00 . Memory (MB): peak = 3041.734 ; gain = 0.000 ; free physical = 89572 ; free virtual = 950036

Starting Power Optimization Task
INFO: [Pwropt 34-132] Skipping clock gating for clocks with a period < 2.00 ns.
INFO: [Timing 38-35] Done setting XDC timing constraints.
Running Vector-less Activity Propagation...
INFO: [Pwropt 34-9] Applying IDT optimizations ...

Finished Running Vector-less Activity Propagation
INFO: [Pwropt 34-10] Applying ODC optimizations ...


Starting PowerOpt Patch Enables Task
INFO: [Pwropt 34-162] WRITE_MODE attribute of 0 BRAM(s) out of a total of 35 has been updated to save power. Run report_power_opt to get a complete listing of the BRAMs updated.
INFO: [Pwropt 34-201] Structural ODC has moved 0 WE to EN ports
Number of BRAM Ports augmented: 0 newly gated: 0 Total Ports: 70
Ending PowerOpt Patch Enables Task | Checksum: 83f1b89f

Time (s): cpu = 00:00:00.17 ; elapsed = 00:00:00.18 . Memory (MB): peak = 3452.680 ; gain = 0.000 ; free physical = 89059 ; free virtual = 949528
Ending Power Optimization Task | Checksum: 83f1b89f

Time (s): cpu = 00:00:07 ; elapsed = 00:00:04 . Memory (MB): peak = 3452.680 ; gain = 410.945 ; free physical = 89068 ; free virtual = 949537

Starting Final Cleanup Task
Ending Final Cleanup Task | Checksum: 83f1b89f

Time (s): cpu = 00:00:00 ; elapsed = 00:00:00 . Memory (MB): peak = 3452.680 ; gain = 0.000 ; free physical = 89068 ; free virtual = 949537

Starting Netlist Obfuscation Task
Netlist sorting complete. Time (s): cpu = 00:00:00 ; elapsed = 00:00:00 . Memory (MB): peak = 3452.680 ; gain = 0.000 ; free physical = 89068 ; free virtual = 949537
Ending Netlist Obfuscation Task | Checksum: 83f1b89f

Time (s): cpu = 00:00:00 ; elapsed = 00:00:00 . Memory (MB): peak = 3452.680 ; gain = 0.000 ; free physical = 89069 ; free virtual = 949538
INFO: [Common 17-83] Releasing license: Implementation
30 Infos, 0 Warnings, 0 Critical Warnings and 0 Errors encountered.
opt_design completed successfully
opt_design: Time (s): cpu = 00:00:20 ; elapsed = 00:00:14 . Memory (MB): peak = 3452.680 ; gain = 1443.227 ; free physical = 89069 ; free virtual = 949538
INFO: [runtcl-4] Executing : report_drc -file top_fmax_drc_opted.rpt -pb top_fmax_drc_opted.pb -rpx top_fmax_drc_opted.rpx
Command: report_drc -file top_fmax_drc_opted.rpt -pb top_fmax_drc_opted.pb -rpx top_fmax_drc_opted.rpx
INFO: [IP_Flow 19-234] Refreshing IP repositories
INFO: [IP_Flow 19-1704] No user IP repositories specified
INFO: [IP_Flow 19-2313] Loaded Vivado IP repository '/home/st-wangjun/hv/tools/Xilinx/Vivado/2023.2/data/ip'.
INFO: [DRC 23-27] Running DRC with 8 threads
INFO: [Vivado_Tcl 2-168] The results of DRC are in file /home/st-wangjun/project/RISCV_A910/synth/vivado/fmax_impl_7.0ns/fmax_impl_7.0ns.runs/impl_1/top_fmax_drc_opted.rpt.
report_drc completed successfully
INFO: [Timing 38-480] Writing timing data to binary archive.
Write ShapeDB Complete: Time (s): cpu = 00:00:00.05 ; elapsed = 00:00:00.01 . Memory (MB): peak = 3513.734 ; gain = 0.000 ; free physical = 89036 ; free virtual = 949506
INFO: [Common 17-1381] The checkpoint '/home/st-wangjun/project/RISCV_A910/synth/vivado/fmax_impl_7.0ns/fmax_impl_7.0ns.runs/impl_1/top_fmax_opt.dcp' has been generated.
Command: place_design
Attempting to get a license for feature 'Implementation' and/or device 'xc7k325t'
INFO: [Common 17-349] Got license for feature 'Implementation' and/or device 'xc7k325t'
INFO: [Common 17-83] Releasing license: Implementation
INFO: [DRC 23-27] Running DRC with 8 threads
INFO: [Vivado_Tcl 4-198] DRC finished with 0 Errors
INFO: [Vivado_Tcl 4-199] Please refer to the DRC report (report_drc) for more information.
Running DRC as a precondition to command place_design
INFO: [DRC 23-27] Running DRC with 8 threads
WARNING: [DRC 23-803] Only the first 20 REQP-1839 messages were issued by mandatory DRC reporting. An additional 1 messages have not been issued. Use 'set_property MAX_MESSAGES <number> [get_drc_check REQP-1839]' to change the number of messages that should be reported.
INFO: [Vivado_Tcl 4-198] DRC finished with 0 Errors, 22 Warnings
INFO: [Vivado_Tcl 4-199] Please refer to the DRC report (report_drc) for more information.
INFO: [Place 30-611] Multithreading enabled for place_design using a maximum of 8 CPUs

Starting Placer Task

Phase 1 Placer Initialization

Phase 1.1 Placer Initialization Netlist Sorting
Netlist sorting complete. Time (s): cpu = 00:00:00 ; elapsed = 00:00:00 . Memory (MB): peak = 3513.734 ; gain = 0.000 ; free physical = 88983 ; free virtual = 949473
Phase 1.1 Placer Initialization Netlist Sorting | Checksum: 172240fe

Time (s): cpu = 00:00:00.01 ; elapsed = 00:00:00.01 . Memory (MB): peak = 3513.734 ; gain = 0.000 ; free physical = 88983 ; free virtual = 949474
Netlist sorting complete. Time (s): cpu = 00:00:00 ; elapsed = 00:00:00 . Memory (MB): peak = 3513.734 ; gain = 0.000 ; free physical = 88983 ; free virtual = 949474

Phase 1.2 IO Placement/ Clock Placement/ Build Placer Device
INFO: [Timing 38-35] Done setting XDC timing constraints.
Phase 1.2 IO Placement/ Clock Placement/ Build Placer Device | Checksum: 13169a203

Time (s): cpu = 00:00:03 ; elapsed = 00:00:01 . Memory (MB): peak = 3513.734 ; gain = 0.000 ; free physical = 88953 ; free virtual = 949427

Phase 1.3 Build Placer Netlist Model
Phase 1.3 Build Placer Netlist Model | Checksum: 18b35b517

Time (s): cpu = 00:00:07 ; elapsed = 00:00:03 . Memory (MB): peak = 3513.734 ; gain = 0.000 ; free physical = 88961 ; free virtual = 949435

Phase 1.4 Constrain Clocks/Macros
Phase 1.4 Constrain Clocks/Macros | Checksum: 18b35b517

Time (s): cpu = 00:00:07 ; elapsed = 00:00:03 . Memory (MB): peak = 3513.734 ; gain = 0.000 ; free physical = 88940 ; free virtual = 949415
Phase 1 Placer Initialization | Checksum: 18b35b517

Time (s): cpu = 00:00:07 ; elapsed = 00:00:03 . Memory (MB): peak = 3513.734 ; gain = 0.000 ; free physical = 88966 ; free virtual = 949440

Phase 2 Global Placement

Phase 2.1 Floorplanning
Phase 2.1 Floorplanning | Checksum: 200526f5a

Time (s): cpu = 00:00:09 ; elapsed = 00:00:04 . Memory (MB): peak = 3513.734 ; gain = 0.000 ; free physical = 88923 ; free virtual = 949398

Phase 2.2 Update Timing before SLR Path Opt
Phase 2.2 Update Timing before SLR Path Opt | Checksum: 20fa70da2

Time (s): cpu = 00:00:11 ; elapsed = 00:00:04 . Memory (MB): peak = 3513.734 ; gain = 0.000 ; free physical = 88907 ; free virtual = 949382

Phase 2.3 Post-Processing in Floorplanning
Phase 2.3 Post-Processing in Floorplanning | Checksum: 20fa70da2

Time (s): cpu = 00:00:11 ; elapsed = 00:00:04 . Memory (MB): peak = 3513.734 ; gain = 0.000 ; free physical = 88911 ; free virtual = 949386

Phase 2.4 Global Placement Core

Phase 2.4.1 UpdateTiming Before Physical Synthesis
Phase 2.4.1 UpdateTiming Before Physical Synthesis | Checksum: 14d31a5b1

Time (s): cpu = 00:00:36 ; elapsed = 00:00:13 . Memory (MB): peak = 3513.734 ; gain = 0.000 ; free physical = 88935 ; free virtual = 949410

Phase 2.4.2 Physical Synthesis In Placer
INFO: [Physopt 32-1035] Found 8 LUTNM shape to break, 735 LUT instances to create LUTNM shape
INFO: [Physopt 32-1044] Break lutnm for timing: one critical 7, two critical 1, total 8, new lutff created 1
INFO: [Physopt 32-1138] End 1 Pass. Optimized 327 nets or LUTs. Breaked 8 LUTs, combined 319 existing LUTs and moved 0 existing LUT
INFO: [Physopt 32-65] No nets found for high-fanout optimization.
INFO: [Physopt 32-232] Optimized 0 net. Created 0 new instance.
INFO: [Physopt 32-775] End 1 Pass. Optimized 0 net or cell. Created 0 new cell, deleted 0 existing cell and moved 0 existing cell
INFO: [Physopt 32-456] No candidate cells for DSP register optimization found in the design.
INFO: [Physopt 32-775] End 2 Pass. Optimized 0 net or cell. Created 0 new cell, deleted 0 existing cell and moved 0 existing cell
INFO: [Physopt 32-1123] No candidate cells found for Shift Register to Pipeline optimization
INFO: [Physopt 32-775] End 2 Pass. Optimized 0 net or cell. Created 0 new cell, deleted 0 existing cell and moved 0 existing cell
INFO: [Physopt 32-1401] No candidate cells found for Shift Register optimization.
INFO: [Physopt 32-677] No candidate cells for Shift Register optimization found in the design
INFO: [Physopt 32-775] End 1 Pass. Optimized 0 net or cell. Created 0 new cell, deleted 0 existing cell and moved 0 existing cell
INFO: [Physopt 32-526] No candidate cells for BRAM register optimization found in the design
INFO: [Physopt 32-775] End 1 Pass. Optimized 0 net or cell. Created 0 new cell, deleted 0 existing cell and moved 0 existing cell
INFO: [Physopt 32-846] No candidate cells for URAM register optimization found in the design
INFO: [Physopt 32-775] End 1 Pass. Optimized 0 net or cell. Created 0 new cell, deleted 0 existing cell and moved 0 existing cell
INFO: [Physopt 32-846] No candidate cells for URAM register optimization found in the design
INFO: [Physopt 32-775] End 1 Pass. Optimized 0 net or cell. Created 0 new cell, deleted 0 existing cell and moved 0 existing cell
INFO: [Physopt 32-949] No candidate nets found for dynamic/static region interface net replication
INFO: [Physopt 32-775] End 1 Pass. Optimized 0 net or cell. Created 0 new cell, deleted 0 existing cell and moved 0 existing cell
Netlist sorting complete. Time (s): cpu = 00:00:00 ; elapsed = 00:00:00 . Memory (MB): peak = 3513.734 ; gain = 0.000 ; free physical = 88937 ; free virtual = 949411

Summary of Physical Synthesis Optimizations
============================================


-----------------------------------------------------------------------------------------------------------------------------------------------------------
|  Optimization                                     |  Added Cells  |  Removed Cells  |  Optimized Cells/Nets  |  Dont Touch  |  Iterations  |  Elapsed   |
-----------------------------------------------------------------------------------------------------------------------------------------------------------
|  LUT Combining                                    |            8  |            319  |                   327  |           0  |           1  |  00:00:00  |
|  Retime                                           |            0  |              0  |                     0  |           0  |           1  |  00:00:00  |
|  Very High Fanout                                 |            0  |              0  |                     0  |           0  |           1  |  00:00:00  |
|  DSP Register                                     |            0  |              0  |                     0  |           0  |           1  |  00:00:00  |
|  Shift Register to Pipeline                       |            0  |              0  |                     0  |           0  |           1  |  00:00:00  |
|  Shift Register                                   |            0  |              0  |                     0  |           0  |           1  |  00:00:00  |
|  BRAM Register                                    |            0  |              0  |                     0  |           0  |           1  |  00:00:00  |
|  URAM Register                                    |            0  |              0  |                     0  |           0  |           1  |  00:00:00  |
|  Dynamic/Static Region Interface Net Replication  |            0  |              0  |                     0  |           0  |           1  |  00:00:00  |
|  Total                                            |            8  |            319  |                   327  |           0  |           9  |  00:00:01  |
-----------------------------------------------------------------------------------------------------------------------------------------------------------


Phase 2.4.2 Physical Synthesis In Placer | Checksum: 18e97fa14

Time (s): cpu = 00:00:39 ; elapsed = 00:00:14 . Memory (MB): peak = 3513.734 ; gain = 0.000 ; free physical = 88938 ; free virtual = 949412
Phase 2.4 Global Placement Core | Checksum: 225cfcde6

Time (s): cpu = 00:00:40 ; elapsed = 00:00:15 . Memory (MB): peak = 3513.734 ; gain = 0.000 ; free physical = 88944 ; free virtual = 949418
Phase 2 Global Placement | Checksum: 225cfcde6

Time (s): cpu = 00:00:40 ; elapsed = 00:00:15 . Memory (MB): peak = 3513.734 ; gain = 0.000 ; free physical = 88943 ; free virtual = 949418

Phase 3 Detail Placement

Phase 3.1 Commit Multi Column Macros
Phase 3.1 Commit Multi Column Macros | Checksum: 1cd5e8a55

Time (s): cpu = 00:00:42 ; elapsed = 00:00:15 . Memory (MB): peak = 3513.734 ; gain = 0.000 ; free physical = 88937 ; free virtual = 949412

Phase 3.2 Commit Most Macros & LUTRAMs
Phase 3.2 Commit Most Macros & LUTRAMs | Checksum: 1e1632ce5

Time (s): cpu = 00:00:46 ; elapsed = 00:00:17 . Memory (MB): peak = 3513.734 ; gain = 0.000 ; free physical = 88939 ; free virtual = 949413

Phase 3.3 Area Swap Optimization
Phase 3.3 Area Swap Optimization | Checksum: 1d8f54634

Time (s): cpu = 00:00:46 ; elapsed = 00:00:17 . Memory (MB): peak = 3513.734 ; gain = 0.000 ; free physical = 88938 ; free virtual = 949413

Phase 3.4 Pipeline Register Optimization
Phase 3.4 Pipeline Register Optimization | Checksum: 2665d224f

Time (s): cpu = 00:00:46 ; elapsed = 00:00:17 . Memory (MB): peak = 3513.734 ; gain = 0.000 ; free physical = 88938 ; free virtual = 949412

Phase 3.5 Fast Optimization
Phase 3.5 Fast Optimization | Checksum: 23c56fcc8

Time (s): cpu = 00:00:51 ; elapsed = 00:00:20 . Memory (MB): peak = 3513.734 ; gain = 0.000 ; free physical = 88928 ; free virtual = 949403

Phase 3.6 Small Shape Detail Placement
Phase 3.6 Small Shape Detail Placement | Checksum: 1ce5e9bb5

Time (s): cpu = 00:00:56 ; elapsed = 00:00:24 . Memory (MB): peak = 3513.734 ; gain = 0.000 ; free physical = 88920 ; free virtual = 949395

Phase 3.7 Re-assign LUT pins
Phase 3.7 Re-assign LUT pins | Checksum: 1b32e6cad

Time (s): cpu = 00:00:56 ; elapsed = 00:00:25 . Memory (MB): peak = 3513.734 ; gain = 0.000 ; free physical = 88918 ; free virtual = 949393

Phase 3.8 Pipeline Register Optimization
Phase 3.8 Pipeline Register Optimization | Checksum: 1e6d9991f

Time (s): cpu = 00:00:57 ; elapsed = 00:00:25 . Memory (MB): peak = 3513.734 ; gain = 0.000 ; free physical = 88918 ; free virtual = 949393

Phase 3.9 Fast Optimization
Phase 3.9 Fast Optimization | Checksum: 28cb7a53f

Time (s): cpu = 00:01:05 ; elapsed = 00:00:30 . Memory (MB): peak = 3513.734 ; gain = 0.000 ; free physical = 88905 ; free virtual = 949385
Phase 3 Detail Placement | Checksum: 28cb7a53f

Time (s): cpu = 00:01:06 ; elapsed = 00:00:30 . Memory (MB): peak = 3513.734 ; gain = 0.000 ; free physical = 88905 ; free virtual = 949385

Phase 4 Post Placement Optimization and Clean-Up

Phase 4.1 Post Commit Optimization
INFO: [Timing 38-35] Done setting XDC timing constraints.

Phase 4.1.1 Post Placement Optimization
Post Placement Optimization Initialization | Checksum: 25e5c9691

Phase 4.1.1.1 BUFG Insertion

Starting Physical Synthesis Task

Phase 1 Physical Synthesis Initialization
INFO: [Physopt 32-721] Multithreading enabled for phys_opt_design using a maximum of 8 CPUs
INFO: [Physopt 32-619] Estimated Timing Summary | WNS=-0.400 | TNS=-43.651 |
Phase 1 Physical Synthesis Initialization | Checksum: 20a837b9e

Time (s): cpu = 00:00:01 ; elapsed = 00:00:00.34 . Memory (MB): peak = 3513.734 ; gain = 0.000 ; free physical = 88843 ; free virtual = 949373
INFO: [Place 46-56] BUFG insertion identified 0 candidate nets. Inserted BUFG: 0, Replicated BUFG Driver: 0, Skipped due to Placement/Routing Conflicts: 0, Skipped due to Timing Degradation: 0, Skipped due to netlist editing failed: 0.
Ending Physical Synthesis Task | Checksum: 20a837b9e

Time (s): cpu = 00:00:01 ; elapsed = 00:00:00.5 . Memory (MB): peak = 3513.734 ; gain = 0.000 ; free physical = 88860 ; free virtual = 949370
Phase 4.1.1.1 BUFG Insertion | Checksum: 25e5c9691

Time (s): cpu = 00:01:12 ; elapsed = 00:00:33 . Memory (MB): peak = 3513.734 ; gain = 0.000 ; free physical = 88858 ; free virtual = 949369

Phase 4.1.1.2 Post Placement Timing Optimization
INFO: [Place 30-746] Post Placement Timing Summary WNS=0.491. For the most accurate timing information please run report_timing.
Phase 4.1.1.2 Post Placement Timing Optimization | Checksum: 27e67b01f

Time (s): cpu = 00:01:33 ; elapsed = 00:00:51 . Memory (MB): peak = 3513.734 ; gain = 0.000 ; free physical = 88412 ; free virtual = 948930

Time (s): cpu = 00:01:33 ; elapsed = 00:00:51 . Memory (MB): peak = 3513.734 ; gain = 0.000 ; free physical = 88412 ; free virtual = 948930
Phase 4.1 Post Commit Optimization | Checksum: 27e67b01f

Time (s): cpu = 00:01:33 ; elapsed = 00:00:51 . Memory (MB): peak = 3513.734 ; gain = 0.000 ; free physical = 88412 ; free virtual = 948930

Phase 4.2 Post Placement Cleanup
Phase 4.2 Post Placement Cleanup | Checksum: 27e67b01f

Time (s): cpu = 00:01:34 ; elapsed = 00:00:51 . Memory (MB): peak = 3513.734 ; gain = 0.000 ; free physical = 88410 ; free virtual = 948930

Phase 4.3 Placer Reporting

Phase 4.3.1 Print Estimated Congestion
INFO: [Place 30-612] Post-Placement Estimated Congestion 
 ____________________________________________________
|           | Global Congestion | Short Congestion  |
| Direction | Region Size       | Region Size       |
|___________|___________________|___________________|
|      North|                1x1|                4x4|
|___________|___________________|___________________|
|      South|                1x1|                4x4|
|___________|___________________|___________________|
|       East|                2x2|                4x4|
|___________|___________________|___________________|
|       West|                2x2|                2x2|
|___________|___________________|___________________|

Phase 4.3.1 Print Estimated Congestion | Checksum: 27e67b01f

Time (s): cpu = 00:01:34 ; elapsed = 00:00:52 . Memory (MB): peak = 3513.734 ; gain = 0.000 ; free physical = 88409 ; free virtual = 948930
Phase 4.3 Placer Reporting | Checksum: 27e67b01f

Time (s): cpu = 00:01:34 ; elapsed = 00:00:52 . Memory (MB): peak = 3513.734 ; gain = 0.000 ; free physical = 88408 ; free virtual = 948931

Phase 4.4 Final Placement Cleanup
Netlist sorting complete. Time (s): cpu = 00:00:00 ; elapsed = 00:00:00.01 . Memory (MB): peak = 3513.734 ; gain = 0.000 ; free physical = 88407 ; free virtual = 948930

Time (s): cpu = 00:01:34 ; elapsed = 00:00:52 . Memory (MB): peak = 3513.734 ; gain = 0.000 ; free physical = 88407 ; free virtual = 948930
Phase 4 Post Placement Optimization and Clean-Up | Checksum: 1c03ffaf6

Time (s): cpu = 00:01:34 ; elapsed = 00:00:52 . Memory (MB): peak = 3513.734 ; gain = 0.000 ; free physical = 88407 ; free virtual = 948929
Ending Placer Task | Checksum: ff455cea

Time (s): cpu = 00:01:34 ; elapsed = 00:00:52 . Memory (MB): peak = 3513.734 ; gain = 0.000 ; free physical = 88427 ; free virtual = 948928
75 Infos, 1 Warnings, 0 Critical Warnings and 0 Errors encountered.
place_design completed successfully
place_design: Time (s): cpu = 00:01:35 ; elapsed = 00:00:52 . Memory (MB): peak = 3513.734 ; gain = 0.000 ; free physical = 88427 ; free virtual = 948928
INFO: [runtcl-4] Executing : report_io -file top_fmax_io_placed.rpt
report_io: Time (s): cpu = 00:00:00.17 ; elapsed = 00:00:00.23 . Memory (MB): peak = 3513.734 ; gain = 0.000 ; free physical = 88426 ; free virtual = 948928
INFO: [runtcl-4] Executing : report_utilization -file top_fmax_utilization_placed.rpt -pb top_fmax_utilization_placed.pb
INFO: [runtcl-4] Executing : report_control_sets -verbose -file top_fmax_control_sets_placed.rpt
report_control_sets: Time (s): cpu = 00:00:00.07 ; elapsed = 00:00:00.12 . Memory (MB): peak = 3513.734 ; gain = 0.000 ; free physical = 88424 ; free virtual = 948925
INFO: [Timing 38-480] Writing timing data to binary archive.
Write ShapeDB Complete: Time (s): cpu = 00:00:00.12 ; elapsed = 00:00:00.03 . Memory (MB): peak = 3513.734 ; gain = 0.000 ; free physical = 88385 ; free virtual = 948887
Wrote PlaceDB: Time (s): cpu = 00:00:02 ; elapsed = 00:00:00.74 . Memory (MB): peak = 3513.734 ; gain = 0.000 ; free physical = 88283 ; free virtual = 948803
Wrote PulsedLatchDB: Time (s): cpu = 00:00:00 ; elapsed = 00:00:00 . Memory (MB): peak = 3513.734 ; gain = 0.000 ; free physical = 88283 ; free virtual = 948803
Writing XDEF routing.
Writing XDEF routing logical nets.
Writing XDEF routing special nets.
Wrote RouteStorage: Time (s): cpu = 00:00:00.03 ; elapsed = 00:00:00.02 . Memory (MB): peak = 3513.734 ; gain = 0.000 ; free physical = 88283 ; free virtual = 948803
Wrote Netlist Cache: Time (s): cpu = 00:00:00.02 ; elapsed = 00:00:00.02 . Memory (MB): peak = 3513.734 ; gain = 0.000 ; free physical = 88281 ; free virtual = 948802
Wrote Device Cache: Time (s): cpu = 00:00:00 ; elapsed = 00:00:00.01 . Memory (MB): peak = 3513.734 ; gain = 0.000 ; free physical = 88281 ; free virtual = 948802
Write Physdb Complete: Time (s): cpu = 00:00:02 ; elapsed = 00:00:00.8 . Memory (MB): peak = 3513.734 ; gain = 0.000 ; free physical = 88281 ; free virtual = 948802
INFO: [Common 17-1381] The checkpoint '/home/st-wangjun/project/RISCV_A910/synth/vivado/fmax_impl_7.0ns/fmax_impl_7.0ns.runs/impl_1/top_fmax_placed.dcp' has been generated.
Command: phys_opt_design
Attempting to get a license for feature 'Implementation' and/or device 'xc7k325t'
INFO: [Common 17-349] Got license for feature 'Implementation' and/or device 'xc7k325t'

Starting Initial Update Timing Task

Time (s): cpu = 00:00:04 ; elapsed = 00:00:00.95 . Memory (MB): peak = 3513.734 ; gain = 0.000 ; free physical = 88215 ; free virtual = 948739
INFO: [Vivado_Tcl 4-383] Design worst setup slack (WNS) is greater than or equal to 0.000 ns. Skipping all physical synthesis optimizations.
INFO: [Vivado_Tcl 4-232] No setup violation found. The netlist was not modified.
INFO: [Common 17-83] Releasing license: Implementation
84 Infos, 1 Warnings, 0 Critical Warnings and 0 Errors encountered.
phys_opt_design completed successfully
INFO: [Timing 38-480] Writing timing data to binary archive.
Write ShapeDB Complete: Time (s): cpu = 00:00:00.11 ; elapsed = 00:00:00.02 . Memory (MB): peak = 3513.734 ; gain = 0.000 ; free physical = 88205 ; free virtual = 948730
Wrote PlaceDB: Time (s): cpu = 00:00:02 ; elapsed = 00:00:00.73 . Memory (MB): peak = 3513.734 ; gain = 0.000 ; free physical = 88111 ; free virtual = 948677
Wrote PulsedLatchDB: Time (s): cpu = 00:00:00 ; elapsed = 00:00:00 . Memory (MB): peak = 3513.734 ; gain = 0.000 ; free physical = 88111 ; free virtual = 948677
Writing XDEF routing.
Writing XDEF routing logical nets.
Writing XDEF routing special nets.
Wrote RouteStorage: Time (s): cpu = 00:00:00.02 ; elapsed = 00:00:00.03 . Memory (MB): peak = 3513.734 ; gain = 0.000 ; free physical = 88111 ; free virtual = 948679
Wrote Netlist Cache: Time (s): cpu = 00:00:00.02 ; elapsed = 00:00:00.02 . Memory (MB): peak = 3513.734 ; gain = 0.000 ; free physical = 88108 ; free virtual = 948677
Wrote Device Cache: Time (s): cpu = 00:00:00.01 ; elapsed = 00:00:00 . Memory (MB): peak = 3513.734 ; gain = 0.000 ; free physical = 88108 ; free virtual = 948677
Write Physdb Complete: Time (s): cpu = 00:00:02 ; elapsed = 00:00:00.79 . Memory (MB): peak = 3513.734 ; gain = 0.000 ; free physical = 88108 ; free virtual = 948677
INFO: [Common 17-1381] The checkpoint '/home/st-wangjun/project/RISCV_A910/synth/vivado/fmax_impl_7.0ns/fmax_impl_7.0ns.runs/impl_1/top_fmax_physopt.dcp' has been generated.
Command: route_design
Attempting to get a license for feature 'Implementation' and/or device 'xc7k325t'
INFO: [Common 17-349] Got license for feature 'Implementation' and/or device 'xc7k325t'
Running DRC as a precondition to command route_design
INFO: [DRC 23-27] Running DRC with 8 threads
INFO: [Vivado_Tcl 4-198] DRC finished with 0 Errors
INFO: [Vivado_Tcl 4-199] Please refer to the DRC report (report_drc) for more information.


Starting Routing Task
INFO: [Route 35-254] Multithreading enabled for route_design using a maximum of 8 CPUs

Phase 1 Build RT Design
Checksum: PlaceDB: fc1b1c61 ConstDB: 0 ShapeSum: 32a4089 RouteDB: 0
Post Restoration Checksum: NetGraph: 15413a02 | NumContArr: 887b0aff | Constraints: c2a8fa9d | Timing: c2a8fa9d
Phase 1 Build RT Design | Checksum: 2230e3a3b

Time (s): cpu = 00:00:32 ; elapsed = 00:00:20 . Memory (MB): peak = 3676.641 ; gain = 162.906 ; free physical = 87711 ; free virtual = 948256

Phase 2 Router Initialization

Phase 2.1 Fix Topology Constraints
Phase 2.1 Fix Topology Constraints | Checksum: 2230e3a3b

Time (s): cpu = 00:00:33 ; elapsed = 00:00:20 . Memory (MB): peak = 3676.641 ; gain = 162.906 ; free physical = 87705 ; free virtual = 948252

Phase 2.2 Pre Route Cleanup
Phase 2.2 Pre Route Cleanup | Checksum: 2230e3a3b

Time (s): cpu = 00:00:33 ; elapsed = 00:00:20 . Memory (MB): peak = 3676.641 ; gain = 162.906 ; free physical = 87704 ; free virtual = 948251
 Number of Nodes with overlaps = 0

Phase 2.3 Update Timing
Phase 2.3 Update Timing | Checksum: 254bb904c

Time (s): cpu = 00:00:40 ; elapsed = 00:00:23 . Memory (MB): peak = 3761.375 ; gain = 247.641 ; free physical = 87590 ; free virtual = 948123
INFO: [Route 35-416] Intermediate Timing Summary | WNS=0.521  | TNS=0.000  | WHS=-0.265 | THS=-173.253|


Router Utilization Summary
  Global Vertical Routing Utilization    = 0 %
  Global Horizontal Routing Utilization  = 0 %
  Routable Net Status*
  *Does not include unroutable nets such as driverless and loadless.
  Run report_route_status for detailed report.
  Number of Failed Nets               = 14903
    (Failed Nets is the sum of unrouted and partially routed nets)
  Number of Unrouted Nets             = 14903
  Number of Partially Routed Nets     = 0
  Number of Node Overlaps             = 0

Phase 2 Router Initialization | Checksum: 2b6711016

Time (s): cpu = 00:00:44 ; elapsed = 00:00:24 . Memory (MB): peak = 3770.625 ; gain = 256.891 ; free physical = 87544 ; free virtual = 948077

Phase 3 Initial Routing

Phase 3.1 Global Routing
Phase 3.1 Global Routing | Checksum: 2b6711016

Time (s): cpu = 00:00:44 ; elapsed = 00:00:24 . Memory (MB): peak = 3770.625 ; gain = 256.891 ; free physical = 87544 ; free virtual = 948077

Phase 3.2 Initial Net Routing
Phase 3.2 Initial Net Routing | Checksum: 1cb32ab59

Time (s): cpu = 00:00:54 ; elapsed = 00:00:26 . Memory (MB): peak = 3785.625 ; gain = 271.891 ; free physical = 87408 ; free virtual = 947941
Phase 3 Initial Routing | Checksum: 1cb32ab59

Time (s): cpu = 00:00:54 ; elapsed = 00:00:26 . Memory (MB): peak = 3785.625 ; gain = 271.891 ; free physical = 87408 ; free virtual = 947941

Phase 4 Rip-up And Reroute

Phase 4.1 Global Iteration 0
 Number of Nodes with overlaps = 4369
 Number of Nodes with overlaps = 902
 Number of Nodes with overlaps = 267
 Number of Nodes with overlaps = 92
 Number of Nodes with overlaps = 27
 Number of Nodes with overlaps = 8
 Number of Nodes with overlaps = 6
 Number of Nodes with overlaps = 3
 Number of Nodes with overlaps = 3
 Number of Nodes with overlaps = 2
 Number of Nodes with overlaps = 1
 Number of Nodes with overlaps = 0
INFO: [Route 35-416] Intermediate Timing Summary | WNS=-0.096 | TNS=-0.888 | WHS=N/A    | THS=N/A    |

Phase 4.1 Global Iteration 0 | Checksum: 1c00e1728

Time (s): cpu = 00:01:23 ; elapsed = 00:00:44 . Memory (MB): peak = 3785.625 ; gain = 271.891 ; free physical = 86974 ; free virtual = 947537

Phase 4.2 Global Iteration 1
 Number of Nodes with overlaps = 1230
 Number of Nodes with overlaps = 389
 Number of Nodes with overlaps = 116
 Number of Nodes with overlaps = 42
 Number of Nodes with overlaps = 15
 Number of Nodes with overlaps = 8
 Number of Nodes with overlaps = 6
 Number of Nodes with overlaps = 5
 Number of Nodes with overlaps = 1
 Number of Nodes with overlaps = 1
 Number of Nodes with overlaps = 0
INFO: [Route 35-416] Intermediate Timing Summary | WNS=0.091  | TNS=0.000  | WHS=N/A    | THS=N/A    |

Phase 4.2 Global Iteration 1 | Checksum: 2093df30b

Time (s): cpu = 00:01:34 ; elapsed = 00:00:51 . Memory (MB): peak = 3785.625 ; gain = 271.891 ; free physical = 91363 ; free virtual = 951926
Phase 4 Rip-up And Reroute | Checksum: 2093df30b

Time (s): cpu = 00:01:34 ; elapsed = 00:00:51 . Memory (MB): peak = 3785.625 ; gain = 271.891 ; free physical = 91362 ; free virtual = 951926

Phase 5 Delay and Skew Optimization

Phase 5.1 Delay CleanUp
Phase 5.1 Delay CleanUp | Checksum: 2093df30b

Time (s): cpu = 00:01:34 ; elapsed = 00:00:51 . Memory (MB): peak = 3785.625 ; gain = 271.891 ; free physical = 91360 ; free virtual = 951923

Phase 5.2 Clock Skew Optimization
Phase 5.2 Clock Skew Optimization | Checksum: 2093df30b

Time (s): cpu = 00:01:34 ; elapsed = 00:00:51 . Memory (MB): peak = 3785.625 ; gain = 271.891 ; free physical = 91359 ; free virtual = 951923
Phase 5 Delay and Skew Optimization | Checksum: 2093df30b

Time (s): cpu = 00:01:34 ; elapsed = 00:00:51 . Memory (MB): peak = 3785.625 ; gain = 271.891 ; free physical = 91358 ; free virtual = 951921

Phase 6 Post Hold Fix

Phase 6.1 Hold Fix Iter

Phase 6.1.1 Update Timing
Phase 6.1.1 Update Timing | Checksum: 20aba0ab1

Time (s): cpu = 00:01:36 ; elapsed = 00:00:51 . Memory (MB): peak = 3785.625 ; gain = 271.891 ; free physical = 91331 ; free virtual = 951894
INFO: [Route 35-416] Intermediate Timing Summary | WNS=0.180  | TNS=0.000  | WHS=-0.685 | THS=-1.573 |

Phase 6.1 Hold Fix Iter | Checksum: 27dfb5a6e

Time (s): cpu = 00:01:36 ; elapsed = 00:00:51 . Memory (MB): peak = 3785.625 ; gain = 271.891 ; free physical = 91323 ; free virtual = 951886

Phase 6.2 Non Free Resource Hold Fix Iter
Phase 6.2 Non Free Resource Hold Fix Iter | Checksum: 2e197bc4d

Time (s): cpu = 00:01:36 ; elapsed = 00:00:51 . Memory (MB): peak = 3785.625 ; gain = 271.891 ; free physical = 91316 ; free virtual = 951880
Phase 6 Post Hold Fix | Checksum: 2e197bc4d

Time (s): cpu = 00:01:36 ; elapsed = 00:00:51 . Memory (MB): peak = 3785.625 ; gain = 271.891 ; free physical = 91315 ; free virtual = 951878

Phase 7 Route finalize

Router Utilization Summary
  Global Vertical Routing Utilization    = 1.72753 %
  Global Horizontal Routing Utilization  = 2.32899 %
  Routable Net Status*
  *Does not include unroutable nets such as driverless and loadless.
  Run report_route_status for detailed report.
  Number of Failed Nets               = 0
    (Failed Nets is the sum of unrouted and partially routed nets)
  Number of Unrouted Nets             = 0
  Number of Partially Routed Nets     = 0
  Number of Node Overlaps             = 0

Phase 7 Route finalize | Checksum: 2e197bc4d

Time (s): cpu = 00:01:37 ; elapsed = 00:00:51 . Memory (MB): peak = 3785.625 ; gain = 271.891 ; free physical = 91314 ; free virtual = 951877

Phase 8 Verifying routed nets

 Verification completed successfully
Phase 8 Verifying routed nets | Checksum: 2e197bc4d

Time (s): cpu = 00:01:37 ; elapsed = 00:00:51 . Memory (MB): peak = 3785.625 ; gain = 271.891 ; free physical = 91313 ; free virtual = 951877

Phase 9 Depositing Routes
Phase 9 Depositing Routes | Checksum: 2855b17da

Time (s): cpu = 00:01:38 ; elapsed = 00:00:52 . Memory (MB): peak = 3785.625 ; gain = 271.891 ; free physical = 91151 ; free virtual = 951715

Phase 10 Post Router Timing

Phase 10.1 Update Timing
Phase 10.1 Update Timing | Checksum: 27a627f7b

Time (s): cpu = 00:01:40 ; elapsed = 00:00:53 . Memory (MB): peak = 3785.625 ; gain = 271.891 ; free physical = 91098 ; free virtual = 951661
INFO: [Route 35-57] Estimated Timing Summary | WNS=0.180  | TNS=0.000  | WHS=0.090  | THS=0.000  |

INFO: [Route 35-327] The final timing numbers are based on the router estimated timing analysis. For a complete and accurate timing signoff, please run report_timing_summary.
Phase 10 Post Router Timing | Checksum: 27a627f7b

Time (s): cpu = 00:01:40 ; elapsed = 00:00:53 . Memory (MB): peak = 3785.625 ; gain = 271.891 ; free physical = 91098 ; free virtual = 951662
INFO: [Route 35-16] Router Completed Successfully

Phase 11 Post-Route Event Processing
Phase 11 Post-Route Event Processing | Checksum: f1718448

Time (s): cpu = 00:01:40 ; elapsed = 00:00:53 . Memory (MB): peak = 3785.625 ; gain = 271.891 ; free physical = 91074 ; free virtual = 951637
Ending Routing Task | Checksum: f1718448

Time (s): cpu = 00:01:40 ; elapsed = 00:00:53 . Memory (MB): peak = 3785.625 ; gain = 271.891 ; free physical = 91030 ; free virtual = 951593

Routing Is Done.
INFO: [Common 17-83] Releasing license: Implementation
99 Infos, 1 Warnings, 0 Critical Warnings and 0 Errors encountered.
route_design completed successfully
route_design: Time (s): cpu = 00:01:42 ; elapsed = 00:00:54 . Memory (MB): peak = 3804.613 ; gain = 290.879 ; free physical = 91009 ; free virtual = 951572
INFO: [runtcl-4] Executing : report_drc -file top_fmax_drc_routed.rpt -pb top_fmax_drc_routed.pb -rpx top_fmax_drc_routed.rpx
Command: report_drc -file top_fmax_drc_routed.rpt -pb top_fmax_drc_routed.pb -rpx top_fmax_drc_routed.rpx
INFO: [IP_Flow 19-1839] IP Catalog is up to date.
INFO: [DRC 23-27] Running DRC with 8 threads
INFO: [Vivado_Tcl 2-168] The results of DRC are in file /home/st-wangjun/project/RISCV_A910/synth/vivado/fmax_impl_7.0ns/fmax_impl_7.0ns.runs/impl_1/top_fmax_drc_routed.rpt.
report_drc completed successfully
INFO: [runtcl-4] Executing : report_methodology -file top_fmax_methodology_drc_routed.rpt -pb top_fmax_methodology_drc_routed.pb -rpx top_fmax_methodology_drc_routed.rpx
Command: report_methodology -file top_fmax_methodology_drc_routed.rpt -pb top_fmax_methodology_drc_routed.pb -rpx top_fmax_methodology_drc_routed.rpx
INFO: [Timing 38-35] Done setting XDC timing constraints.
INFO: [DRC 23-133] Running Methodology with 8 threads
INFO: [Vivado_Tcl 2-1520] The results of Report Methodology are in file /home/st-wangjun/project/RISCV_A910/synth/vivado/fmax_impl_7.0ns/fmax_impl_7.0ns.runs/impl_1/top_fmax_methodology_drc_routed.rpt.
report_methodology completed successfully
INFO: [runtcl-4] Executing : report_power -file top_fmax_power_routed.rpt -pb top_fmax_power_summary_routed.pb -rpx top_fmax_power_routed.rpx
Command: report_power -file top_fmax_power_routed.rpt -pb top_fmax_power_summary_routed.pb -rpx top_fmax_power_routed.rpx
INFO: [Timing 38-35] Done setting XDC timing constraints.
Running Vector-less Activity Propagation...

Finished Running Vector-less Activity Propagation
109 Infos, 1 Warnings, 0 Critical Warnings and 0 Errors encountered.
report_power completed successfully
INFO: [runtcl-4] Executing : report_route_status -file top_fmax_route_status.rpt -pb top_fmax_route_status.pb
INFO: [runtcl-4] Executing : report_timing_summary -max_paths 10 -report_unconstrained -file top_fmax_timing_summary_routed.rpt -pb top_fmax_timing_summary_routed.pb -rpx top_fmax_timing_summary_routed.rpx -warn_on_violation 
INFO: [Timing 38-91] UpdateTimingParams: Speed grade: -2, Delay Type: min_max.
INFO: [Timing 38-191] Multithreading enabled for timing update using a maximum of 8 CPUs
INFO: [runtcl-4] Executing : report_incremental_reuse -file top_fmax_incremental_reuse_routed.rpt
INFO: [Vivado_Tcl 4-1062] Incremental flow is disabled. No incremental reuse Info to report.
INFO: [runtcl-4] Executing : report_clock_utilization -file top_fmax_clock_utilization_routed.rpt
INFO: [runtcl-4] Executing : report_bus_skew -warn_on_violation -file top_fmax_bus_skew_routed.rpt -pb top_fmax_bus_skew_routed.pb -rpx top_fmax_bus_skew_routed.rpx
INFO: [Timing 38-91] UpdateTimingParams: Speed grade: -2, Delay Type: min_max.
INFO: [Timing 38-191] Multithreading enabled for timing update using a maximum of 8 CPUs
INFO: [Timing 38-480] Writing timing data to binary archive.
Write ShapeDB Complete: Time (s): cpu = 00:00:00.18 ; elapsed = 00:00:00.04 . Memory (MB): peak = 3951.023 ; gain = 0.000 ; free physical = 90082 ; free virtual = 950654
Wrote PlaceDB: Time (s): cpu = 00:00:02 ; elapsed = 00:00:00.75 . Memory (MB): peak = 3951.023 ; gain = 0.000 ; free physical = 89708 ; free virtual = 950296
Wrote PulsedLatchDB: Time (s): cpu = 00:00:00 ; elapsed = 00:00:00 . Memory (MB): peak = 3951.023 ; gain = 0.000 ; free physical = 89708 ; free virtual = 950296
Writing XDEF routing.
Writing XDEF routing logical nets.
Writing XDEF routing special nets.
Wrote RouteStorage: Time (s): cpu = 00:00:00.15 ; elapsed = 00:00:00.15 . Memory (MB): peak = 3951.023 ; gain = 0.000 ; free physical = 89700 ; free virtual = 950292
Wrote Netlist Cache: Time (s): cpu = 00:00:00.02 ; elapsed = 00:00:00.02 . Memory (MB): peak = 3951.023 ; gain = 0.000 ; free physical = 89698 ; free virtual = 950292
Wrote Device Cache: Time (s): cpu = 00:00:00 ; elapsed = 00:00:00 . Memory (MB): peak = 3951.023 ; gain = 0.000 ; free physical = 89697 ; free virtual = 950292
Write Physdb Complete: Time (s): cpu = 00:00:02 ; elapsed = 00:00:00.93 . Memory (MB): peak = 3951.023 ; gain = 0.000 ; free physical = 89697 ; free virtual = 950291
INFO: [Common 17-1381] The checkpoint '/home/st-wangjun/project/RISCV_A910/synth/vivado/fmax_impl_7.0ns/fmax_impl_7.0ns.runs/impl_1/top_fmax_routed.dcp' has been generated.
INFO: [Common 17-206] Exiting Vivado at Mon Sep 28 23:05:32 2026...
[Mon Sep 28 23:05:42 2026] impl_1 finished
wait_on_runs: Time (s): cpu = 00:00:01 ; elapsed = 00:02:43 . Memory (MB): peak = 1510.945 ; gain = 0.000 ; free physical = 91328 ; free virtual = 951916
INFO: [Device 21-403] Loading part xc7k325tffg900-2
Netlist sorting complete. Time (s): cpu = 00:00:00.06 ; elapsed = 00:00:00.06 . Memory (MB): peak = 1815.891 ; gain = 0.000 ; free physical = 92537 ; free virtual = 953125
INFO: [Netlist 29-17] Analyzing 1275 Unisim elements for replacement
INFO: [Netlist 29-28] Unisim Transformation completed in 0 CPU seconds
INFO: [Project 1-479] Netlist was created with Vivado 2023.2
INFO: [Project 1-570] Preparing netlist for logic optimization
Read ShapeDB Complete: Time (s): cpu = 00:00:00.03 ; elapsed = 00:00:00.03 . Memory (MB): peak = 1909.484 ; gain = 3.004 ; free physical = 92445 ; free virtual = 953033
INFO: [Timing 38-478] Restoring timing data from binary archive.
INFO: [Timing 38-479] Binary timing data restore complete.
INFO: [Project 1-856] Restoring constraints from binary archive.
INFO: [Project 1-853] Binary constraint restore complete.
INFO: [Designutils 20-5722] Start Reading Physical Databases.
Reading placement.
Read Netlist Cache: Time (s): cpu = 00:00:00.02 ; elapsed = 00:00:00.02 . Memory (MB): peak = 2608.891 ; gain = 0.000 ; free physical = 93403 ; free virtual = 954004
Reading placer database...
Read Device Cache: Time (s): cpu = 00:00:00.01 ; elapsed = 00:00:00.01 . Memory (MB): peak = 2608.891 ; gain = 0.000 ; free physical = 93402 ; free virtual = 954003
Read PlaceDB: Time (s): cpu = 00:00:00.63 ; elapsed = 00:00:00.63 . Memory (MB): peak = 2608.891 ; gain = 0.000 ; free physical = 93389 ; free virtual = 953990
Read PulsedLatchDB: Time (s): cpu = 00:00:00 ; elapsed = 00:00:00 . Memory (MB): peak = 2608.891 ; gain = 0.000 ; free physical = 93389 ; free virtual = 953990
Reading routing.
Read RouteStorage: Time (s): cpu = 00:00:00.27 ; elapsed = 00:00:00.27 . Memory (MB): peak = 2612.891 ; gain = 4.000 ; free physical = 93385 ; free virtual = 953986
Read Physdb Files: Time (s): cpu = 00:00:00.93 ; elapsed = 00:00:00.94 . Memory (MB): peak = 2612.891 ; gain = 4.004 ; free physical = 93385 ; free virtual = 953986
Restored from archive | CPU: 0.970000 secs | Memory: 24.104973 MB |
Finished XDEF File Restore: Time (s): cpu = 00:00:00.96 ; elapsed = 00:00:00.98 . Memory (MB): peak = 2612.891 ; gain = 7.969 ; free physical = 93385 ; free virtual = 953986
Netlist sorting complete. Time (s): cpu = 00:00:00 ; elapsed = 00:00:00 . Memory (MB): peak = 2612.891 ; gain = 0.000 ; free physical = 93386 ; free virtual = 953986
INFO: [Project 1-111] Unisim Transformation Summary:
  A total of 267 instances were transformed.
  RAM32M => RAM32M (RAMD32(x6), RAMS32(x2)): 8 instances
  RAM64M => RAM64M (RAMD64E(x4)): 183 instances
  RAM64X1D => RAM64X1D (RAMD64E(x2)): 76 instances

open_run: Time (s): cpu = 00:00:13 ; elapsed = 00:00:14 . Memory (MB): peak = 2612.891 ; gain = 1101.945 ; free physical = 93385 ; free virtual = 953985
# report_timing_summary -delay_type max -max_paths 20 -file [file join $PROJ_DIR timing_summary.rpt]
INFO: [Timing 38-91] UpdateTimingParams: Speed grade: -2, Delay Type: max.
INFO: [Timing 38-191] Multithreading enabled for timing update using a maximum of 8 CPUs
# report_utilization -file [file join $PROJ_DIR utilization.rpt]
# report_timing -delay_type max -max_paths 500 -file [file join $PROJ_DIR timing_paths500.rpt]
INFO: [Timing 38-91] UpdateTimingParams: Speed grade: -2, Delay Type: max.
INFO: [Timing 38-191] Multithreading enabled for timing update using a maximum of 8 CPUs
INFO: [Timing 38-78] ReportTimingParams: -max_paths 500 -nworst 1 -delay_type max -sort_by slack.
# report_timing -delay_type max -max_paths 200 -nworst 8 -file [file join $PROJ_DIR timing_paths_f1.rpt]
INFO: [Timing 38-91] UpdateTimingParams: Speed grade: -2, Delay Type: max.
INFO: [Timing 38-191] Multithreading enabled for timing update using a maximum of 8 CPUs
INFO: [Timing 38-78] ReportTimingParams: -max_paths 200 -nworst 8 -delay_type max -sort_by slack.
# if {[catch {
#     set f1_src [get_pins -hier -filter {NAME =~ "*u_icache/q_pc_q_reg*/C"}]
#     if {[llength $f1_src] > 0} {
#         report_timing -delay_type max -from $f1_src -max_paths 20 -nworst 3 \
#             -file [file join $PROJ_DIR timing_from_qpc.rpt]
#         puts "F1 report: [llength $f1_src] 个 q_pc_q 起点"
#     } else {
#         puts "F1 report: 找不到 u_icache/q_pc_q_reg, 跳过"
#     }
# } err]} { puts "F1 report skipped: $err" }
INFO: [Timing 38-91] UpdateTimingParams: Speed grade: -2, Delay Type: max.
INFO: [Timing 38-191] Multithreading enabled for timing update using a maximum of 8 CPUs
INFO: [Timing 38-78] ReportTimingParams: -from_pins  -max_paths 20 -nworst 3 -delay_type max -sort_by slack.
F1 report: 29 个 q_pc_q 起点
# set wns  [get_property SLACK [get_timing_paths -delay_type max -max_paths 1]]
# set fmax [expr {1000.0 / ($PERIOD - $wns)}]
# puts "================================================================"
================================================================
# puts "TIMING PATHS (top 8):"
TIMING PATHS (top 8):
# set i 0
# foreach p [get_timing_paths -delay_type max -max_paths 8] {
#     incr i
#     puts [format "  %d) %8.3f ns  %s -> %s" \
#         $i [get_property SLACK $p] \
#         [get_property STARTPOINT_PIN $p] [get_property ENDPOINT_PIN $p]]
# }
  1)    0.180 ns  u_soc/Core_cpu/u_ifu_subsys/g_tage.u_tage/q_row_idx_reg[1][1]/C -> u_soc/Core_cpu/u_ifu_subsys/u_ibuf/ent_q_reg[4][91]/D
  2)    0.182 ns  u_soc/Core_cpu/u_ifu_subsys/g_tage.u_tage/q_row_idx_reg[1][1]/C -> u_soc/Core_cpu/u_ifu_subsys/u_ibuf/ent_q_reg[2][88]/D
  3)    0.200 ns  u_soc/Core_cpu/u_ifu_subsys/g_tage.u_tage/q_row_idx_reg[1][1]/C -> u_soc/Core_cpu/u_ifu_subsys/u_ibuf/ent_q_reg[1][6]/D
  4)    0.200 ns  u_soc/Core_cpu/u_ifu_subsys/g_tage.u_tage/q_row_idx_reg[1][1]/C -> u_soc/Core_cpu/u_ifu_subsys/u_ibuf/ent_q_reg[4][46]/D
  5)    0.235 ns  u_soc/Core_cpu/u_ifu_subsys/g_tage.u_tage/q_row_idx_reg[1][1]/C -> u_soc/Core_cpu/u_ifu_subsys/u_ibuf/ent_q_reg[6][45]/D
  6)    0.238 ns  u_soc/Core_cpu/u_ifu_subsys/g_tage.u_tage/q_row_idx_reg[1][1]/C -> u_soc/Core_cpu/u_ifu_subsys/u_ibuf/ent_q_reg[5][41]/D
  7)    0.238 ns  u_soc/Core_cpu/u_ifu_subsys/g_tage.u_tage/q_row_idx_reg[1][1]/C -> u_soc/Core_cpu/u_ifu_subsys/u_ibuf/ent_q_reg[1][41]/D
  8)    0.240 ns  u_soc/Core_cpu/u_ifu_subsys/g_tage.u_tage/q_row_idx_reg[1][1]/C -> u_soc/Core_cpu/u_ifu_subsys/u_ibuf/ent_q_reg[1][34]/D
# set ncrit 0
WARNING: [Vivado 12-975] No timing paths matched 'get_timing_paths -delay_type max -max_paths 200 -slack_lesser_than 0'.
# foreach p [get_timing_paths -delay_type max -max_paths 200 -slack_lesser_than 0] { incr ncrit }
# puts "VIOLATING PATHS (slack<0, up to 200): $ncrit"
VIOLATING PATHS (slack<0, up to 200): 0
# set non_ex ""
# foreach p [get_timing_paths -delay_type max -max_paths 300 -nworst 8] {
#     if {[string match "*ex_csr_addr*" [get_property STARTPOINT_PIN $p]]} { continue }
#     set non_ex $p
#     break
# }
# if {$non_ex ne ""} {
#     puts [format "WORST_NON_EX slack=%.3fns  %s -> %s" \
#         [get_property SLACK $non_ex] \
#         [get_property STARTPOINT_PIN $non_ex] [get_property ENDPOINT_PIN $non_ex]]
# } else {
#     puts "WORST_NON_EX 没有非 ex_csr_addr 起点的路径 (前 300 个终点全是它)"
# }
WORST_NON_EX slack=0.180ns  u_soc/Core_cpu/u_ifu_subsys/g_tage.u_tage/q_row_idx_reg[1][1]/C -> u_soc/Core_cpu/u_ifu_subsys/u_ibuf/ent_q_reg[4][91]/D
# puts [format "FMAX_SUMMARY period=%s mode=%s wns=%.4f fmax_mhz=%.2f" \
#       $PERIOD $MODE $wns $fmax]
FMAX_SUMMARY period=7.0 mode=impl wns=0.1800 fmax_mhz=146.63
# puts "================================================================"
================================================================
INFO: [Common 17-206] Exiting Vivado at Mon Sep 28 23:05:59 2026...
