Copyright 1986-2022 Xilinx, Inc. All Rights Reserved. Copyright 2022-2023 Advanced Micro Devices, Inc. All Rights Reserved.
---------------------------------------------------------------------------------------------------------------------------------------------------------------
| Tool Version : Vivado v.2023.2 (lin64) Build 4029153 Fri Oct 13 20:13:54 MDT 2023
| Date         : Mon Sep 28 20:05:19 2026
| Host         : edaserver08 running 64-bit NAME="Red Hat Enterprise Linux Server"
| Command      : report_timing_summary -delay_type max -max_paths 20 -file /home/st-wangjun/project/RISCV_A910/synth/vivado/fmax_impl_8.5ns/timing_summary.rpt
| Design       : top_fmax
| Device       : 7k325t-ffg900
| Speed File   : -2  PRODUCTION 1.12 2017-02-17
| Design State : Routed
---------------------------------------------------------------------------------------------------------------------------------------------------------------

Timing Summary Report

------------------------------------------------------------------------------------------------
| Timer Settings
| --------------
------------------------------------------------------------------------------------------------

  Enable Multi Corner Analysis               :  Yes
  Enable Pessimism Removal                   :  Yes
  Pessimism Removal Resolution               :  Nearest Common Node
  Enable Input Delay Default Clock           :  No
  Enable Preset / Clear Arcs                 :  No
  Disable Flight Delays                      :  No
  Ignore I/O Paths                           :  No
  Timing Early Launch at Borrowing Latches   :  No
  Borrow Time for Max Delay Exceptions       :  Yes
  Merge Timing Exceptions                    :  Yes
  Inter-SLR Compensation                     :  Conservative

  Corner  Analyze    Analyze    
  Name    Max Paths  Min Paths  
  ------  ---------  ---------  
  Slow    Yes        Yes        
  Fast    Yes        Yes        


------------------------------------------------------------------------------------------------
| Report Methodology
| ------------------
------------------------------------------------------------------------------------------------

Rule       Severity  Description                               Violations  
---------  --------  ----------------------------------------  ----------  
TIMING-20  Warning   Non-clocked latch                         112         
XDCH-2     Warning   Same min and max delay values on IO port  1           
LATCH-1    Advisory  Existing latches in the design            1           

Note: This report is based on the most recent report_methodology run and may not be up-to-date. Run report_methodology on the current design for the latest report.



check_timing report

Table of Contents
-----------------
1. checking no_clock (430)
2. checking constant_clock (0)
3. checking pulse_width_clock (0)
4. checking unconstrained_internal_endpoints (112)
5. checking no_input_delay (0)
6. checking no_output_delay (71)
7. checking multiple_clock (0)
8. checking generated_clocks (0)
9. checking loops (0)
10. checking partial_input_delay (0)
11. checking partial_output_delay (0)
12. checking latch_loops (0)

1. checking no_clock (430)
--------------------------
 There are 64 register/latch pins with no clock driven by root clock pin: u_soc/Core_cpu/U_EX_MEM/mem_dram_sel_reg[0]/Q (HIGH)

 There are 64 register/latch pins with no clock driven by root clock pin: u_soc/Core_cpu/U_EX_MEM/mem_dram_sel_reg[1]/Q (HIGH)

 There are 64 register/latch pins with no clock driven by root clock pin: u_soc/Core_cpu/U_EX_MEM/mem_dram_sel_reg[2]/Q (HIGH)

 There are 32 register/latch pins with no clock driven by root clock pin: u_soc/Core_cpu/U_ID_EX/ex_alu_op_reg[1]_rep/Q (HIGH)

 There are 32 register/latch pins with no clock driven by root clock pin: u_soc/Core_cpu/U_ID_EX/ex_alu_op_reg[2]_rep__0/Q (HIGH)

 There are 32 register/latch pins with no clock driven by root clock pin: u_soc/Core_cpu/U_ID_EX/ex_alu_op_reg[3]/Q (HIGH)

 There are 32 register/latch pins with no clock driven by root clock pin: u_soc/Core_cpu/U_ID_EX/ex_alu_op_reg[4]/Q (HIGH)

 There are 16 register/latch pins with no clock driven by root clock pin: u_soc/Core_cpu/U_IF_ID/id_inst_reg[0]/Q (HIGH)

 There are 16 register/latch pins with no clock driven by root clock pin: u_soc/Core_cpu/U_IF_ID/id_inst_reg[1]/Q (HIGH)

 There are 16 register/latch pins with no clock driven by root clock pin: u_soc/Core_cpu/U_IF_ID/id_inst_reg[2]/Q (HIGH)

 There are 16 register/latch pins with no clock driven by root clock pin: u_soc/Core_cpu/U_IF_ID/id_inst_reg[3]/Q (HIGH)

 There are 16 register/latch pins with no clock driven by root clock pin: u_soc/Core_cpu/U_IF_ID/id_inst_reg[4]/Q (HIGH)

 There are 16 register/latch pins with no clock driven by root clock pin: u_soc/Core_cpu/U_IF_ID/id_inst_reg[5]/Q (HIGH)

 There are 14 register/latch pins with no clock driven by root clock pin: u_soc/Core_cpu/U_IF_ID/id_inst_reg[6]/Q (HIGH)


2. checking constant_clock (0)
------------------------------
 There are 0 register/latch pins with constant_clock.


3. checking pulse_width_clock (0)
---------------------------------
 There are 0 register/latch pins which need pulse_width check


4. checking unconstrained_internal_endpoints (112)
--------------------------------------------------
 There are 112 pins that are not constrained for maximum delay. (HIGH)

 There are 0 pins that are not constrained for maximum delay due to constant clock.


5. checking no_input_delay (0)
------------------------------
 There are 0 input ports with no input delay specified.

 There are 0 input ports with no input delay but user has a false path constraint.


6. checking no_output_delay (71)
--------------------------------
 There are 0 ports with no output delay specified.

 There are 71 ports with no output delay but user has a false path constraint (MEDIUM)

 There are 0 ports with no output delay but with a timing clock defined on it or propagating through it


7. checking multiple_clock (0)
------------------------------
 There are 0 register/latch pins with multiple clocks.


8. checking generated_clocks (0)
--------------------------------
 There are 0 generated clocks that are not connected to a clock source.


9. checking loops (0)
---------------------
 There are 0 combinational loops in the design.


10. checking partial_input_delay (0)
------------------------------------
 There are 0 input ports with partial input delay specified.


11. checking partial_output_delay (0)
-------------------------------------
 There are 0 ports with partial output delay specified.


12. checking latch_loops (0)
----------------------------
 There are 0 combinational latch loops in the design through latch input



------------------------------------------------------------------------------------------------
| Design Timing Summary
| ---------------------
------------------------------------------------------------------------------------------------

    WNS(ns)      TNS(ns)  TNS Failing Endpoints  TNS Total Endpoints     WPWS(ns)     TPWS(ns)  TPWS Failing Endpoints  TPWS Total Endpoints  
    -------      -------  ---------------------  -------------------     --------     --------  ----------------------  --------------------  
     -0.686     -250.451                    984                19931        3.482        0.000                       0                  5687  


Timing constraints are not met.


------------------------------------------------------------------------------------------------
| Clock Summary
| -------------
------------------------------------------------------------------------------------------------

Clock  Waveform(ns)         Period(ns)      Frequency(MHz)
-----  ------------         ----------      --------------
clk    {0.000 4.250}        8.500           117.647         


------------------------------------------------------------------------------------------------
| Intra Clock Table
| -----------------
------------------------------------------------------------------------------------------------

Clock             WNS(ns)      TNS(ns)  TNS Failing Endpoints  TNS Total Endpoints     WPWS(ns)     TPWS(ns)  TPWS Failing Endpoints  TPWS Total Endpoints  
-----             -------      -------  ---------------------  -------------------     --------     --------  ----------------------  --------------------  
clk                -0.686     -250.451                    984                18028        3.482        0.000                       0                  5687  


------------------------------------------------------------------------------------------------
| Inter Clock Table
| -----------------
------------------------------------------------------------------------------------------------

From Clock    To Clock          WNS(ns)      TNS(ns)  TNS Failing Endpoints  TNS Total Endpoints  
----------    --------          -------      -------  ---------------------  -------------------  


------------------------------------------------------------------------------------------------
| Other Path Groups Table
| -----------------------
------------------------------------------------------------------------------------------------

Path Group         From Clock         To Clock               WNS(ns)      TNS(ns)  TNS Failing Endpoints  TNS Total Endpoints  
----------         ----------         --------               -------      -------  ---------------------  -------------------  
**async_default**  clk                clk                      3.605        0.000                      0                 1903  


------------------------------------------------------------------------------------------------
| Timing Details
| --------------
------------------------------------------------------------------------------------------------


---------------------------------------------------------------------------------------------------
From Clock:  clk
  To Clock:  clk

Setup :          984  Failing Endpoints,  Worst Slack       -0.686ns,  Total Violation     -250.451ns
Hold  :           NA  Failing Endpoints,  Worst Slack           NA  ,  Total Violation           NA
PW    :            0  Failing Endpoints,  Worst Slack        3.482ns,  Total Violation        0.000ns
---------------------------------------------------------------------------------------------------


Max Delay Paths
--------------------------------------------------------------------------------------
Slack (VIOLATED) :        -0.686ns  (required time - arrival time)
  Source:                 u_soc/Core_cpu/U_ID_EX/ex_csr_addr_reg[4]/C
                            (rising edge-triggered cell FDCE clocked by clk  {rise@0.000ns fall@4.250ns period=8.500ns})
  Destination:            u_soc/Core_cpu/u_ifu_subsys/g_tage.u_tage/q_row_tag_reg[3][3]/D
                            (rising edge-triggered cell FDRE clocked by clk  {rise@0.000ns fall@4.250ns period=8.500ns})
  Path Group:             clk
  Path Type:              Setup (Max at Slow Process Corner)
  Requirement:            8.500ns  (clk rise@8.500ns - clk rise@0.000ns)
  Data Path Delay:        9.135ns  (logic 2.092ns (22.901%)  route 7.043ns (77.099%))
  Logic Levels:           25  (CARRY4=7 LUT3=2 LUT4=2 LUT5=2 LUT6=11 MUXF7=1)
  Clock Path Skew:        -0.050ns (DCD - SCD + CPR)
    Destination Clock Delay (DCD):    4.514ns = ( 13.014 - 8.500 ) 
    Source Clock Delay      (SCD):    4.871ns
    Clock Pessimism Removal (CPR):    0.308ns
  Clock Uncertainty:      0.035ns  ((TSJ^2 + TIJ^2)^1/2 + DJ) / 2 + PE
    Total System Jitter     (TSJ):    0.071ns
    Total Input Jitter      (TIJ):    0.000ns
    Discrete Jitter          (DJ):    0.000ns
    Phase Error              (PE):    0.000ns

    Location             Delay type                Incr(ns)  Path(ns)    Netlist Resource(s)
  -------------------------------------------------------------------    -------------------
                         (clock clk rise edge)        0.000     0.000 r  
    AE23                                              0.000     0.000 r  clk (IN)
                         net (fo=0)                   0.000     0.000    clk
    AE23                 IBUF (Prop_ibuf_I_O)         0.734     0.734 r  clk_IBUF_inst/O
                         net (fo=1, routed)           2.651     3.385    clk_IBUF
    BUFGCTRL_X0Y0        BUFG (Prop_bufg_I_O)         0.093     3.478 r  u_bufg/O
                         net (fo=5686, routed)        1.393     4.871    u_soc/Core_cpu/U_ID_EX/clk_buf
    SLICE_X63Y104        FDCE                                         r  u_soc/Core_cpu/U_ID_EX/ex_csr_addr_reg[4]/C
  -------------------------------------------------------------------    -------------------
    SLICE_X63Y104        FDCE (Prop_fdce_C_Q)         0.223     5.094 r  u_soc/Core_cpu/U_ID_EX/ex_csr_addr_reg[4]/Q
                         net (fo=6, routed)           0.307     5.401    u_soc/Core_cpu/U_ID_EX/ex_csr_addr[4]
    SLICE_X57Y104        LUT3 (Prop_lut3_I2_O)        0.043     5.444 r  u_soc/Core_cpu/U_ID_EX/mcause[31]_i_5/O
                         net (fo=3, routed)           0.323     5.768    u_soc/Core_cpu/U_ID_EX/mcause[31]_i_5_n_2
    SLICE_X57Y105        LUT5 (Prop_lut5_I4_O)        0.043     5.811 f  u_soc/Core_cpu/U_ID_EX/mtvec[31]_i_12/O
                         net (fo=2, routed)           0.260     6.070    u_soc/Core_cpu/U_ID_EX/mtvec[31]_i_12_n_2
    SLICE_X58Y106        LUT6 (Prop_lut6_I0_O)        0.043     6.113 f  u_soc/Core_cpu/U_ID_EX/mtvec[31]_i_9/O
                         net (fo=27, routed)          0.396     6.509    u_soc/Core_cpu/U_ID_EX/ex_csr_addr_reg[0]_0
    SLICE_X54Y104        LUT6 (Prop_lut6_I1_O)        0.043     6.552 f  u_soc/Core_cpu/U_ID_EX/mscratch[1]_i_2/O
                         net (fo=5, routed)           0.448     7.001    u_soc/Core_cpu/U_ID_EX/csr_rdata[1]
    SLICE_X49Y102        LUT4 (Prop_lut4_I0_O)        0.043     7.044 f  u_soc/Core_cpu/U_ID_EX/alu_c_reg[1]_i_8/O
                         net (fo=13, routed)          0.254     7.298    u_soc/Core_cpu/U_ID_EX/ex_A_final[1]
    SLICE_X49Y102        LUT6 (Prop_lut6_I3_O)        0.043     7.341 r  u_soc/Core_cpu/U_ID_EX/alu_c_reg[0]_i_39_comp/O
                         net (fo=2, routed)           0.516     7.857    u_soc/Core_cpu/U_ID_EX/alu_c_reg[0]_i_39_n_2
    SLICE_X46Y106        CARRY4 (Prop_carry4_DI[0]_CO[3])
                                                      0.283     8.140 r  u_soc/Core_cpu/U_ID_EX/alu_c_reg[0]_i_27/CO[3]
                         net (fo=1, routed)           0.000     8.140    u_soc/Core_cpu/U_ID_EX/alu_c_reg[0]_i_27_n_2
    SLICE_X46Y107        CARRY4 (Prop_carry4_CI_CO[3])
                                                      0.054     8.194 r  u_soc/Core_cpu/U_ID_EX/alu_c_reg[0]_i_17/CO[3]
                         net (fo=1, routed)           0.000     8.194    u_soc/Core_cpu/U_ID_EX/alu_c_reg[0]_i_17_n_2
    SLICE_X46Y108        CARRY4 (Prop_carry4_CI_CO[3])
                                                      0.054     8.248 r  u_soc/Core_cpu/U_ID_EX/alu_c_reg[0]_i_6/CO[3]
                         net (fo=1, routed)           0.000     8.248    u_soc/Core_cpu/U_ID_EX/alu_c_reg[0]_i_6_n_2
    SLICE_X46Y109        CARRY4 (Prop_carry4_CI_CO[3])
                                                      0.054     8.302 r  u_soc/Core_cpu/U_ID_EX/alu_c_reg[0]_i_3/CO[3]
                         net (fo=2, routed)           0.417     8.719    u_soc/Core_cpu/U_ID_EX/U_ALU/data9
    SLICE_X45Y109        LUT4 (Prop_lut4_I3_O)        0.043     8.762 f  u_soc/Core_cpu/U_ID_EX/u1_taken_i_3/O
                         net (fo=3, routed)           0.265     9.028    u_soc/Core_cpu/U_ID_EX/u1_taken_i_3_n_2
    SLICE_X45Y110        LUT6 (Prop_lut6_I4_O)        0.043     9.071 r  u_soc/Core_cpu/U_ID_EX/dat_q_reg_0_63_2_2_i_6/O
                         net (fo=33, routed)          0.424     9.494    u_soc/Core_cpu/U_ID_EX/dat_q_reg_0_63_2_2_i_6_n_2
    SLICE_X46Y111        LUT6 (Prop_lut6_I1_O)        0.043     9.537 r  u_soc/Core_cpu/U_ID_EX/dat_q_reg_0_63_5_5_i_3/O
                         net (fo=6, routed)           0.504    10.042    u_soc/Core_cpu/U_ID_EX/ex_npc_op_reg[1]_3
    SLICE_X50Y108        LUT6 (Prop_lut6_I3_O)        0.043    10.085 r  u_soc/Core_cpu/U_ID_EX/q_row_idx[2][1]_i_24/O
                         net (fo=1, routed)           0.000    10.085    u_soc/Core_cpu/U_ID_EX/q_row_idx[2][1]_i_24_n_2
    SLICE_X50Y108        CARRY4 (Prop_carry4_S[1]_CO[3])
                                                      0.256    10.341 r  u_soc/Core_cpu/U_ID_EX/q_row_idx_reg[2][1]_i_17/CO[3]
                         net (fo=1, routed)           0.000    10.341    u_soc/Core_cpu/U_ID_EX/q_row_idx_reg[2][1]_i_17_n_2
    SLICE_X50Y109        CARRY4 (Prop_carry4_CI_CO[3])
                                                      0.054    10.395 r  u_soc/Core_cpu/U_ID_EX/q_row_idx_reg[2][1]_i_13/CO[3]
                         net (fo=1, routed)           0.000    10.395    u_soc/Core_cpu/U_ID_EX/q_row_idx_reg[2][1]_i_13_n_2
    SLICE_X50Y110        CARRY4 (Prop_carry4_CI_CO[2])
                                                      0.110    10.505 f  u_soc/Core_cpu/U_ID_EX/q_row_idx_reg[2][1]_i_12/CO[2]
                         net (fo=4, routed)           0.449    10.954    u_soc/Core_cpu/U_ID_EX/mispredict0
    SLICE_X46Y112        LUT6 (Prop_lut6_I5_O)        0.128    11.082 r  u_soc/Core_cpu/U_ID_EX/cnt_q[4]_i_6_comp/O
                         net (fo=5, routed)           0.357    11.439    u_soc/Core_cpu/u_ifu_subsys/u_btb/push_num1
    SLICE_X46Y113        LUT6 (Prop_lut6_I0_O)        0.043    11.482 r  u_soc/Core_cpu/u_ifu_subsys/u_btb/cnt_q[4]_i_3/O
                         net (fo=143, routed)         0.132    11.614    u_soc/Core_cpu/u_ifu_subsys/u_ibuf/push_num[2]
    SLICE_X46Y113        LUT3 (Prop_lut3_I1_O)        0.043    11.657 r  u_soc/Core_cpu/u_ifu_subsys/u_ibuf/cnt_q[2]_i_4/O
                         net (fo=141, routed)         0.511    12.168    u_soc/Core_cpu/u_ifu_subsys/u_ibuf/cnt_q_reg[4]_1
    SLICE_X51Y113        LUT6 (Prop_lut6_I3_O)        0.043    12.211 r  u_soc/Core_cpu/u_ifu_subsys/u_ibuf/q_row_tag[1][2]_i_11/O
                         net (fo=21, routed)          0.364    12.575    u_soc/Core_cpu/u_ifu_subsys/u_ibuf/q_pc_q_reg[2]_rep
    SLICE_X51Y114        LUT6 (Prop_lut6_I3_O)        0.043    12.618 f  u_soc/Core_cpu/u_ifu_subsys/u_ibuf/ghr_q[13]_i_3_comp/O
                         net (fo=21, routed)          0.555    13.173    u_soc/Core_cpu/u_ifu_subsys/u_ibuf/q_pc_q_reg[2]_rep_0[0]
    SLICE_X51Y111        LUT6 (Prop_lut6_I0_O)        0.043    13.216 r  u_soc/Core_cpu/u_ifu_subsys/u_ibuf/q_row_idx[2][0]_i_3/O
                         net (fo=7, routed)           0.000    13.216    u_soc/Core_cpu/U_ID_EX/ghr_next[0]
    SLICE_X51Y111        MUXF7 (Prop_muxf7_I0_O)      0.107    13.323 r  u_soc/Core_cpu/U_ID_EX/q_row_idx_reg[3][0]_i_3/O
                         net (fo=2, routed)           0.559    13.882    u_soc/Core_cpu/U_ID_EX/q_row_idx_reg[3][0]_i_3_n_2
    SLICE_X53Y116        LUT5 (Prop_lut5_I2_O)        0.124    14.006 r  u_soc/Core_cpu/U_ID_EX/q_row_tag[3][3]_i_1/O
                         net (fo=1, routed)           0.000    14.006    u_soc/Core_cpu/u_ifu_subsys/g_tage.u_tage/q_row_tag_reg[3][5]_0[3]
    SLICE_X53Y116        FDRE                                         r  u_soc/Core_cpu/u_ifu_subsys/g_tage.u_tage/q_row_tag_reg[3][3]/D
  -------------------------------------------------------------------    -------------------

                         (clock clk rise edge)        8.500     8.500 r  
    AE23                                              0.000     8.500 r  clk (IN)
                         net (fo=0)                   0.000     8.500    clk
    AE23                 IBUF (Prop_ibuf_I_O)         0.660     9.160 r  clk_IBUF_inst/O
                         net (fo=1, routed)           2.516    11.676    clk_IBUF
    BUFGCTRL_X0Y0        BUFG (Prop_bufg_I_O)         0.083    11.759 r  u_bufg/O
                         net (fo=5686, routed)        1.255    13.014    u_soc/Core_cpu/u_ifu_subsys/g_tage.u_tage/clk_buf
    SLICE_X53Y116        FDRE                                         r  u_soc/Core_cpu/u_ifu_subsys/g_tage.u_tage/q_row_tag_reg[3][3]/C
                         clock pessimism              0.308    13.321    
                         clock uncertainty           -0.035    13.286    
    SLICE_X53Y116        FDRE (Setup_fdre_C_D)        0.034    13.320    u_soc/Core_cpu/u_ifu_subsys/g_tage.u_tage/q_row_tag_reg[3][3]
  -------------------------------------------------------------------
                         required time                         13.320    
                         arrival time                         -14.006    
  -------------------------------------------------------------------
                         slack                                 -0.686    

Slack (VIOLATED) :        -0.660ns  (required time - arrival time)
  Source:                 u_soc/Core_cpu/U_ID_EX/ex_csr_addr_reg[4]/C
                            (rising edge-triggered cell FDCE clocked by clk  {rise@0.000ns fall@4.250ns period=8.500ns})
  Destination:            u_soc/Core_cpu/u_ifu_subsys/g_tage.u_tage/q_row_idx_reg[3][0]/D
                            (rising edge-triggered cell FDRE clocked by clk  {rise@0.000ns fall@4.250ns period=8.500ns})
  Path Group:             clk
  Path Type:              Setup (Max at Slow Process Corner)
  Requirement:            8.500ns  (clk rise@8.500ns - clk rise@0.000ns)
  Data Path Delay:        9.111ns  (logic 2.092ns (22.961%)  route 7.019ns (77.039%))
  Logic Levels:           25  (CARRY4=7 LUT3=1 LUT4=3 LUT5=2 LUT6=11 MUXF7=1)
  Clock Path Skew:        -0.048ns (DCD - SCD + CPR)
    Destination Clock Delay (DCD):    4.516ns = ( 13.016 - 8.500 ) 
    Source Clock Delay      (SCD):    4.871ns
    Clock Pessimism Removal (CPR):    0.308ns
  Clock Uncertainty:      0.035ns  ((TSJ^2 + TIJ^2)^1/2 + DJ) / 2 + PE
    Total System Jitter     (TSJ):    0.071ns
    Total Input Jitter      (TIJ):    0.000ns
    Discrete Jitter          (DJ):    0.000ns
    Phase Error              (PE):    0.000ns

    Location             Delay type                Incr(ns)  Path(ns)    Netlist Resource(s)
  -------------------------------------------------------------------    -------------------
                         (clock clk rise edge)        0.000     0.000 r  
    AE23                                              0.000     0.000 r  clk (IN)
                         net (fo=0)                   0.000     0.000    clk
    AE23                 IBUF (Prop_ibuf_I_O)         0.734     0.734 r  clk_IBUF_inst/O
                         net (fo=1, routed)           2.651     3.385    clk_IBUF
    BUFGCTRL_X0Y0        BUFG (Prop_bufg_I_O)         0.093     3.478 r  u_bufg/O
                         net (fo=5686, routed)        1.393     4.871    u_soc/Core_cpu/U_ID_EX/clk_buf
    SLICE_X63Y104        FDCE                                         r  u_soc/Core_cpu/U_ID_EX/ex_csr_addr_reg[4]/C
  -------------------------------------------------------------------    -------------------
    SLICE_X63Y104        FDCE (Prop_fdce_C_Q)         0.223     5.094 r  u_soc/Core_cpu/U_ID_EX/ex_csr_addr_reg[4]/Q
                         net (fo=6, routed)           0.307     5.401    u_soc/Core_cpu/U_ID_EX/ex_csr_addr[4]
    SLICE_X57Y104        LUT3 (Prop_lut3_I2_O)        0.043     5.444 r  u_soc/Core_cpu/U_ID_EX/mcause[31]_i_5/O
                         net (fo=3, routed)           0.323     5.768    u_soc/Core_cpu/U_ID_EX/mcause[31]_i_5_n_2
    SLICE_X57Y105        LUT5 (Prop_lut5_I4_O)        0.043     5.811 f  u_soc/Core_cpu/U_ID_EX/mtvec[31]_i_12/O
                         net (fo=2, routed)           0.260     6.070    u_soc/Core_cpu/U_ID_EX/mtvec[31]_i_12_n_2
    SLICE_X58Y106        LUT6 (Prop_lut6_I0_O)        0.043     6.113 f  u_soc/Core_cpu/U_ID_EX/mtvec[31]_i_9/O
                         net (fo=27, routed)          0.396     6.509    u_soc/Core_cpu/U_ID_EX/ex_csr_addr_reg[0]_0
    SLICE_X54Y104        LUT6 (Prop_lut6_I1_O)        0.043     6.552 f  u_soc/Core_cpu/U_ID_EX/mscratch[1]_i_2/O
                         net (fo=5, routed)           0.448     7.001    u_soc/Core_cpu/U_ID_EX/csr_rdata[1]
    SLICE_X49Y102        LUT4 (Prop_lut4_I0_O)        0.043     7.044 f  u_soc/Core_cpu/U_ID_EX/alu_c_reg[1]_i_8/O
                         net (fo=13, routed)          0.254     7.298    u_soc/Core_cpu/U_ID_EX/ex_A_final[1]
    SLICE_X49Y102        LUT6 (Prop_lut6_I3_O)        0.043     7.341 r  u_soc/Core_cpu/U_ID_EX/alu_c_reg[0]_i_39_comp/O
                         net (fo=2, routed)           0.516     7.857    u_soc/Core_cpu/U_ID_EX/alu_c_reg[0]_i_39_n_2
    SLICE_X46Y106        CARRY4 (Prop_carry4_DI[0]_CO[3])
                                                      0.283     8.140 r  u_soc/Core_cpu/U_ID_EX/alu_c_reg[0]_i_27/CO[3]
                         net (fo=1, routed)           0.000     8.140    u_soc/Core_cpu/U_ID_EX/alu_c_reg[0]_i_27_n_2
    SLICE_X46Y107        CARRY4 (Prop_carry4_CI_CO[3])
                                                      0.054     8.194 r  u_soc/Core_cpu/U_ID_EX/alu_c_reg[0]_i_17/CO[3]
                         net (fo=1, routed)           0.000     8.194    u_soc/Core_cpu/U_ID_EX/alu_c_reg[0]_i_17_n_2
    SLICE_X46Y108        CARRY4 (Prop_carry4_CI_CO[3])
                                                      0.054     8.248 r  u_soc/Core_cpu/U_ID_EX/alu_c_reg[0]_i_6/CO[3]
                         net (fo=1, routed)           0.000     8.248    u_soc/Core_cpu/U_ID_EX/alu_c_reg[0]_i_6_n_2
    SLICE_X46Y109        CARRY4 (Prop_carry4_CI_CO[3])
                                                      0.054     8.302 r  u_soc/Core_cpu/U_ID_EX/alu_c_reg[0]_i_3/CO[3]
                         net (fo=2, routed)           0.417     8.719    u_soc/Core_cpu/U_ID_EX/U_ALU/data9
    SLICE_X45Y109        LUT4 (Prop_lut4_I3_O)        0.043     8.762 f  u_soc/Core_cpu/U_ID_EX/u1_taken_i_3/O
                         net (fo=3, routed)           0.265     9.028    u_soc/Core_cpu/U_ID_EX/u1_taken_i_3_n_2
    SLICE_X45Y110        LUT6 (Prop_lut6_I4_O)        0.043     9.071 r  u_soc/Core_cpu/U_ID_EX/dat_q_reg_0_63_2_2_i_6/O
                         net (fo=33, routed)          0.424     9.494    u_soc/Core_cpu/U_ID_EX/dat_q_reg_0_63_2_2_i_6_n_2
    SLICE_X46Y111        LUT6 (Prop_lut6_I1_O)        0.043     9.537 r  u_soc/Core_cpu/U_ID_EX/dat_q_reg_0_63_5_5_i_3/O
                         net (fo=6, routed)           0.504    10.042    u_soc/Core_cpu/U_ID_EX/ex_npc_op_reg[1]_3
    SLICE_X50Y108        LUT6 (Prop_lut6_I3_O)        0.043    10.085 r  u_soc/Core_cpu/U_ID_EX/q_row_idx[2][1]_i_24/O
                         net (fo=1, routed)           0.000    10.085    u_soc/Core_cpu/U_ID_EX/q_row_idx[2][1]_i_24_n_2
    SLICE_X50Y108        CARRY4 (Prop_carry4_S[1]_CO[3])
                                                      0.256    10.341 r  u_soc/Core_cpu/U_ID_EX/q_row_idx_reg[2][1]_i_17/CO[3]
                         net (fo=1, routed)           0.000    10.341    u_soc/Core_cpu/U_ID_EX/q_row_idx_reg[2][1]_i_17_n_2
    SLICE_X50Y109        CARRY4 (Prop_carry4_CI_CO[3])
                                                      0.054    10.395 r  u_soc/Core_cpu/U_ID_EX/q_row_idx_reg[2][1]_i_13/CO[3]
                         net (fo=1, routed)           0.000    10.395    u_soc/Core_cpu/U_ID_EX/q_row_idx_reg[2][1]_i_13_n_2
    SLICE_X50Y110        CARRY4 (Prop_carry4_CI_CO[2])
                                                      0.110    10.505 f  u_soc/Core_cpu/U_ID_EX/q_row_idx_reg[2][1]_i_12/CO[2]
                         net (fo=4, routed)           0.449    10.954    u_soc/Core_cpu/U_ID_EX/mispredict0
    SLICE_X46Y112        LUT6 (Prop_lut6_I5_O)        0.128    11.082 r  u_soc/Core_cpu/U_ID_EX/cnt_q[4]_i_6_comp/O
                         net (fo=5, routed)           0.347    11.429    u_soc/Core_cpu/u_ifu_subsys/u_btb/push_num1
    SLICE_X48Y112        LUT6 (Prop_lut6_I5_O)        0.043    11.472 r  u_soc/Core_cpu/u_ifu_subsys/u_btb/cnt_q[0]_i_3/O
                         net (fo=9, routed)           0.214    11.686    u_soc/Core_cpu/u_ifu_subsys/u_ibuf/cnt_q_reg[0]_0
    SLICE_X47Y113        LUT4 (Prop_lut4_I3_O)        0.043    11.729 r  u_soc/Core_cpu/u_ifu_subsys/u_ibuf/cnt_q[1]_i_2/O
                         net (fo=9, routed)           0.383    12.112    u_soc/Core_cpu/u_ifu_subsys/u_ibuf/cnt_q_reg[4]_0[0]
    SLICE_X48Y114        LUT6 (Prop_lut6_I1_O)        0.043    12.155 r  u_soc/Core_cpu/u_ifu_subsys/u_ibuf/q_row_tag[1][2]_i_8_comp/O
                         net (fo=22, routed)          0.636    12.791    u_soc/Core_cpu/u_ifu_subsys/u_ibuf/p_2_in
    SLICE_X53Y116        LUT6 (Prop_lut6_I3_O)        0.043    12.834 r  u_soc/Core_cpu/u_ifu_subsys/u_ibuf/q_row_idx[3][5]_i_7/O
                         net (fo=3, routed)           0.449    13.283    u_soc/Core_cpu/u_ifu_subsys/u_ibuf/q_row_idx[3][5]_i_7_n_2
    SLICE_X51Y116        LUT6 (Prop_lut6_I1_O)        0.043    13.326 r  u_soc/Core_cpu/u_ifu_subsys/u_ibuf/q_row_idx[3][0]_i_4/O
                         net (fo=1, routed)           0.000    13.326    u_soc/Core_cpu/U_ID_EX/q_row_tag_reg[3][3]_0
    SLICE_X51Y116        MUXF7 (Prop_muxf7_I0_O)      0.107    13.433 r  u_soc/Core_cpu/U_ID_EX/q_row_idx_reg[3][0]_i_2/O
                         net (fo=2, routed)           0.425    13.858    u_soc/Core_cpu/U_ID_EX/q_row_idx_reg[3][0]_i_2_n_2
    SLICE_X51Y112        LUT5 (Prop_lut5_I0_O)        0.124    13.982 r  u_soc/Core_cpu/U_ID_EX/q_row_idx[3][0]_i_1/O
                         net (fo=1, routed)           0.000    13.982    u_soc/Core_cpu/u_ifu_subsys/g_tage.u_tage/q_row_idx_reg[3][3]_0[0]
    SLICE_X51Y112        FDRE                                         r  u_soc/Core_cpu/u_ifu_subsys/g_tage.u_tage/q_row_idx_reg[3][0]/D
  -------------------------------------------------------------------    -------------------

                         (clock clk rise edge)        8.500     8.500 r  
    AE23                                              0.000     8.500 r  clk (IN)
                         net (fo=0)                   0.000     8.500    clk
    AE23                 IBUF (Prop_ibuf_I_O)         0.660     9.160 r  clk_IBUF_inst/O
                         net (fo=1, routed)           2.516    11.676    clk_IBUF
    BUFGCTRL_X0Y0        BUFG (Prop_bufg_I_O)         0.083    11.759 r  u_bufg/O
                         net (fo=5686, routed)        1.257    13.016    u_soc/Core_cpu/u_ifu_subsys/g_tage.u_tage/clk_buf
    SLICE_X51Y112        FDRE                                         r  u_soc/Core_cpu/u_ifu_subsys/g_tage.u_tage/q_row_idx_reg[3][0]/C
                         clock pessimism              0.308    13.323    
                         clock uncertainty           -0.035    13.288    
    SLICE_X51Y112        FDRE (Setup_fdre_C_D)        0.034    13.322    u_soc/Core_cpu/u_ifu_subsys/g_tage.u_tage/q_row_idx_reg[3][0]
  -------------------------------------------------------------------
                         required time                         13.322    
                         arrival time                         -13.982    
  -------------------------------------------------------------------
                         slack                                 -0.660    

Slack (VIOLATED) :        -0.608ns  (required time - arrival time)
  Source:                 u_soc/Core_cpu/U_ID_EX/ex_csr_addr_reg[4]/C
                            (rising edge-triggered cell FDCE clocked by clk  {rise@0.000ns fall@4.250ns period=8.500ns})
  Destination:            u_soc/Core_cpu/u_ifu_subsys/g_tage.u_tage/q_row_idx_reg[3][1]/D
                            (rising edge-triggered cell FDRE clocked by clk  {rise@0.000ns fall@4.250ns period=8.500ns})
  Path Group:             clk
  Path Type:              Setup (Max at Slow Process Corner)
  Requirement:            8.500ns  (clk rise@8.500ns - clk rise@0.000ns)
  Data Path Delay:        9.088ns  (logic 2.092ns (23.020%)  route 6.996ns (76.980%))
  Logic Levels:           25  (CARRY4=7 LUT3=1 LUT4=3 LUT5=2 LUT6=11 MUXF7=1)
  Clock Path Skew:        -0.050ns (DCD - SCD + CPR)
    Destination Clock Delay (DCD):    4.514ns = ( 13.014 - 8.500 ) 
    Source Clock Delay      (SCD):    4.871ns
    Clock Pessimism Removal (CPR):    0.308ns
  Clock Uncertainty:      0.035ns  ((TSJ^2 + TIJ^2)^1/2 + DJ) / 2 + PE
    Total System Jitter     (TSJ):    0.071ns
    Total Input Jitter      (TIJ):    0.000ns
    Discrete Jitter          (DJ):    0.000ns
    Phase Error              (PE):    0.000ns

    Location             Delay type                Incr(ns)  Path(ns)    Netlist Resource(s)
  -------------------------------------------------------------------    -------------------
                         (clock clk rise edge)        0.000     0.000 r  
    AE23                                              0.000     0.000 r  clk (IN)
                         net (fo=0)                   0.000     0.000    clk
    AE23                 IBUF (Prop_ibuf_I_O)         0.734     0.734 r  clk_IBUF_inst/O
                         net (fo=1, routed)           2.651     3.385    clk_IBUF
    BUFGCTRL_X0Y0        BUFG (Prop_bufg_I_O)         0.093     3.478 r  u_bufg/O
                         net (fo=5686, routed)        1.393     4.871    u_soc/Core_cpu/U_ID_EX/clk_buf
    SLICE_X63Y104        FDCE                                         r  u_soc/Core_cpu/U_ID_EX/ex_csr_addr_reg[4]/C
  -------------------------------------------------------------------    -------------------
    SLICE_X63Y104        FDCE (Prop_fdce_C_Q)         0.223     5.094 r  u_soc/Core_cpu/U_ID_EX/ex_csr_addr_reg[4]/Q
                         net (fo=6, routed)           0.307     5.401    u_soc/Core_cpu/U_ID_EX/ex_csr_addr[4]
    SLICE_X57Y104        LUT3 (Prop_lut3_I2_O)        0.043     5.444 r  u_soc/Core_cpu/U_ID_EX/mcause[31]_i_5/O
                         net (fo=3, routed)           0.323     5.768    u_soc/Core_cpu/U_ID_EX/mcause[31]_i_5_n_2
    SLICE_X57Y105        LUT5 (Prop_lut5_I4_O)        0.043     5.811 f  u_soc/Core_cpu/U_ID_EX/mtvec[31]_i_12/O
                         net (fo=2, routed)           0.260     6.070    u_soc/Core_cpu/U_ID_EX/mtvec[31]_i_12_n_2
    SLICE_X58Y106        LUT6 (Prop_lut6_I0_O)        0.043     6.113 f  u_soc/Core_cpu/U_ID_EX/mtvec[31]_i_9/O
                         net (fo=27, routed)          0.396     6.509    u_soc/Core_cpu/U_ID_EX/ex_csr_addr_reg[0]_0
    SLICE_X54Y104        LUT6 (Prop_lut6_I1_O)        0.043     6.552 f  u_soc/Core_cpu/U_ID_EX/mscratch[1]_i_2/O
                         net (fo=5, routed)           0.448     7.001    u_soc/Core_cpu/U_ID_EX/csr_rdata[1]
    SLICE_X49Y102        LUT4 (Prop_lut4_I0_O)        0.043     7.044 f  u_soc/Core_cpu/U_ID_EX/alu_c_reg[1]_i_8/O
                         net (fo=13, routed)          0.254     7.298    u_soc/Core_cpu/U_ID_EX/ex_A_final[1]
    SLICE_X49Y102        LUT6 (Prop_lut6_I3_O)        0.043     7.341 r  u_soc/Core_cpu/U_ID_EX/alu_c_reg[0]_i_39_comp/O
                         net (fo=2, routed)           0.516     7.857    u_soc/Core_cpu/U_ID_EX/alu_c_reg[0]_i_39_n_2
    SLICE_X46Y106        CARRY4 (Prop_carry4_DI[0]_CO[3])
                                                      0.283     8.140 r  u_soc/Core_cpu/U_ID_EX/alu_c_reg[0]_i_27/CO[3]
                         net (fo=1, routed)           0.000     8.140    u_soc/Core_cpu/U_ID_EX/alu_c_reg[0]_i_27_n_2
    SLICE_X46Y107        CARRY4 (Prop_carry4_CI_CO[3])
                                                      0.054     8.194 r  u_soc/Core_cpu/U_ID_EX/alu_c_reg[0]_i_17/CO[3]
                         net (fo=1, routed)           0.000     8.194    u_soc/Core_cpu/U_ID_EX/alu_c_reg[0]_i_17_n_2
    SLICE_X46Y108        CARRY4 (Prop_carry4_CI_CO[3])
                                                      0.054     8.248 r  u_soc/Core_cpu/U_ID_EX/alu_c_reg[0]_i_6/CO[3]
                         net (fo=1, routed)           0.000     8.248    u_soc/Core_cpu/U_ID_EX/alu_c_reg[0]_i_6_n_2
    SLICE_X46Y109        CARRY4 (Prop_carry4_CI_CO[3])
                                                      0.054     8.302 r  u_soc/Core_cpu/U_ID_EX/alu_c_reg[0]_i_3/CO[3]
                         net (fo=2, routed)           0.417     8.719    u_soc/Core_cpu/U_ID_EX/U_ALU/data9
    SLICE_X45Y109        LUT4 (Prop_lut4_I3_O)        0.043     8.762 f  u_soc/Core_cpu/U_ID_EX/u1_taken_i_3/O
                         net (fo=3, routed)           0.265     9.028    u_soc/Core_cpu/U_ID_EX/u1_taken_i_3_n_2
    SLICE_X45Y110        LUT6 (Prop_lut6_I4_O)        0.043     9.071 r  u_soc/Core_cpu/U_ID_EX/dat_q_reg_0_63_2_2_i_6/O
                         net (fo=33, routed)          0.424     9.494    u_soc/Core_cpu/U_ID_EX/dat_q_reg_0_63_2_2_i_6_n_2
    SLICE_X46Y111        LUT6 (Prop_lut6_I1_O)        0.043     9.537 r  u_soc/Core_cpu/U_ID_EX/dat_q_reg_0_63_5_5_i_3/O
                         net (fo=6, routed)           0.504    10.042    u_soc/Core_cpu/U_ID_EX/ex_npc_op_reg[1]_3
    SLICE_X50Y108        LUT6 (Prop_lut6_I3_O)        0.043    10.085 r  u_soc/Core_cpu/U_ID_EX/q_row_idx[2][1]_i_24/O
                         net (fo=1, routed)           0.000    10.085    u_soc/Core_cpu/U_ID_EX/q_row_idx[2][1]_i_24_n_2
    SLICE_X50Y108        CARRY4 (Prop_carry4_S[1]_CO[3])
                                                      0.256    10.341 r  u_soc/Core_cpu/U_ID_EX/q_row_idx_reg[2][1]_i_17/CO[3]
                         net (fo=1, routed)           0.000    10.341    u_soc/Core_cpu/U_ID_EX/q_row_idx_reg[2][1]_i_17_n_2
    SLICE_X50Y109        CARRY4 (Prop_carry4_CI_CO[3])
                                                      0.054    10.395 r  u_soc/Core_cpu/U_ID_EX/q_row_idx_reg[2][1]_i_13/CO[3]
                         net (fo=1, routed)           0.000    10.395    u_soc/Core_cpu/U_ID_EX/q_row_idx_reg[2][1]_i_13_n_2
    SLICE_X50Y110        CARRY4 (Prop_carry4_CI_CO[2])
                                                      0.110    10.505 f  u_soc/Core_cpu/U_ID_EX/q_row_idx_reg[2][1]_i_12/CO[2]
                         net (fo=4, routed)           0.449    10.954    u_soc/Core_cpu/U_ID_EX/mispredict0
    SLICE_X46Y112        LUT6 (Prop_lut6_I5_O)        0.128    11.082 r  u_soc/Core_cpu/U_ID_EX/cnt_q[4]_i_6_comp/O
                         net (fo=5, routed)           0.347    11.429    u_soc/Core_cpu/u_ifu_subsys/u_btb/push_num1
    SLICE_X48Y112        LUT6 (Prop_lut6_I5_O)        0.043    11.472 r  u_soc/Core_cpu/u_ifu_subsys/u_btb/cnt_q[0]_i_3/O
                         net (fo=9, routed)           0.214    11.686    u_soc/Core_cpu/u_ifu_subsys/u_ibuf/cnt_q_reg[0]_0
    SLICE_X47Y113        LUT4 (Prop_lut4_I3_O)        0.043    11.729 r  u_soc/Core_cpu/u_ifu_subsys/u_ibuf/cnt_q[1]_i_2/O
                         net (fo=9, routed)           0.383    12.112    u_soc/Core_cpu/u_ifu_subsys/u_ibuf/cnt_q_reg[4]_0[0]
    SLICE_X48Y114        LUT6 (Prop_lut6_I1_O)        0.043    12.155 r  u_soc/Core_cpu/u_ifu_subsys/u_ibuf/q_row_tag[1][2]_i_8_comp/O
                         net (fo=22, routed)          0.636    12.791    u_soc/Core_cpu/u_ifu_subsys/u_ibuf/p_2_in
    SLICE_X53Y116        LUT6 (Prop_lut6_I3_O)        0.043    12.834 r  u_soc/Core_cpu/u_ifu_subsys/u_ibuf/q_row_idx[3][5]_i_7/O
                         net (fo=3, routed)           0.463    13.298    u_soc/Core_cpu/u_ifu_subsys/u_ibuf/q_row_idx[3][5]_i_7_n_2
    SLICE_X51Y117        LUT6 (Prop_lut6_I3_O)        0.043    13.341 r  u_soc/Core_cpu/u_ifu_subsys/u_ibuf/q_row_idx[3][1]_i_4/O
                         net (fo=1, routed)           0.000    13.341    u_soc/Core_cpu/U_ID_EX/q_row_tag_reg[3][4]_0
    SLICE_X51Y117        MUXF7 (Prop_muxf7_I0_O)      0.107    13.448 r  u_soc/Core_cpu/U_ID_EX/q_row_idx_reg[3][1]_i_3/O
                         net (fo=2, routed)           0.387    13.835    u_soc/Core_cpu/U_ID_EX/q_row_idx_reg[3][1]_i_3_n_2
    SLICE_X54Y115        LUT5 (Prop_lut5_I3_O)        0.124    13.959 r  u_soc/Core_cpu/U_ID_EX/q_row_idx[3][1]_i_1/O
                         net (fo=1, routed)           0.000    13.959    u_soc/Core_cpu/u_ifu_subsys/g_tage.u_tage/q_row_idx_reg[3][3]_0[1]
    SLICE_X54Y115        FDRE                                         r  u_soc/Core_cpu/u_ifu_subsys/g_tage.u_tage/q_row_idx_reg[3][1]/D
  -------------------------------------------------------------------    -------------------

                         (clock clk rise edge)        8.500     8.500 r  
    AE23                                              0.000     8.500 r  clk (IN)
                         net (fo=0)                   0.000     8.500    clk
    AE23                 IBUF (Prop_ibuf_I_O)         0.660     9.160 r  clk_IBUF_inst/O
                         net (fo=1, routed)           2.516    11.676    clk_IBUF
    BUFGCTRL_X0Y0        BUFG (Prop_bufg_I_O)         0.083    11.759 r  u_bufg/O
                         net (fo=5686, routed)        1.255    13.014    u_soc/Core_cpu/u_ifu_subsys/g_tage.u_tage/clk_buf
    SLICE_X54Y115        FDRE                                         r  u_soc/Core_cpu/u_ifu_subsys/g_tage.u_tage/q_row_idx_reg[3][1]/C
                         clock pessimism              0.308    13.321    
                         clock uncertainty           -0.035    13.286    
    SLICE_X54Y115        FDRE (Setup_fdre_C_D)        0.065    13.351    u_soc/Core_cpu/u_ifu_subsys/g_tage.u_tage/q_row_idx_reg[3][1]
  -------------------------------------------------------------------
                         required time                         13.351    
                         arrival time                         -13.959    
  -------------------------------------------------------------------
                         slack                                 -0.608    

Slack (VIOLATED) :        -0.602ns  (required time - arrival time)
  Source:                 u_soc/Core_cpu/U_ID_EX/ex_csr_addr_reg[4]/C
                            (rising edge-triggered cell FDCE clocked by clk  {rise@0.000ns fall@4.250ns period=8.500ns})
  Destination:            u_soc/Core_cpu/u_ifu_subsys/g_tage.u_tage/q_row_idx_reg[3][3]/D
                            (rising edge-triggered cell FDRE clocked by clk  {rise@0.000ns fall@4.250ns period=8.500ns})
  Path Group:             clk
  Path Type:              Setup (Max at Slow Process Corner)
  Requirement:            8.500ns  (clk rise@8.500ns - clk rise@0.000ns)
  Data Path Delay:        9.085ns  (logic 2.092ns (23.027%)  route 6.993ns (76.973%))
  Logic Levels:           25  (CARRY4=7 LUT3=1 LUT4=3 LUT5=2 LUT6=11 MUXF7=1)
  Clock Path Skew:        -0.048ns (DCD - SCD + CPR)
    Destination Clock Delay (DCD):    4.516ns = ( 13.016 - 8.500 ) 
    Source Clock Delay      (SCD):    4.871ns
    Clock Pessimism Removal (CPR):    0.308ns
  Clock Uncertainty:      0.035ns  ((TSJ^2 + TIJ^2)^1/2 + DJ) / 2 + PE
    Total System Jitter     (TSJ):    0.071ns
    Total Input Jitter      (TIJ):    0.000ns
    Discrete Jitter          (DJ):    0.000ns
    Phase Error              (PE):    0.000ns

    Location             Delay type                Incr(ns)  Path(ns)    Netlist Resource(s)
  -------------------------------------------------------------------    -------------------
                         (clock clk rise edge)        0.000     0.000 r  
    AE23                                              0.000     0.000 r  clk (IN)
                         net (fo=0)                   0.000     0.000    clk
    AE23                 IBUF (Prop_ibuf_I_O)         0.734     0.734 r  clk_IBUF_inst/O
                         net (fo=1, routed)           2.651     3.385    clk_IBUF
    BUFGCTRL_X0Y0        BUFG (Prop_bufg_I_O)         0.093     3.478 r  u_bufg/O
                         net (fo=5686, routed)        1.393     4.871    u_soc/Core_cpu/U_ID_EX/clk_buf
    SLICE_X63Y104        FDCE                                         r  u_soc/Core_cpu/U_ID_EX/ex_csr_addr_reg[4]/C
  -------------------------------------------------------------------    -------------------
    SLICE_X63Y104        FDCE (Prop_fdce_C_Q)         0.223     5.094 r  u_soc/Core_cpu/U_ID_EX/ex_csr_addr_reg[4]/Q
                         net (fo=6, routed)           0.307     5.401    u_soc/Core_cpu/U_ID_EX/ex_csr_addr[4]
    SLICE_X57Y104        LUT3 (Prop_lut3_I2_O)        0.043     5.444 r  u_soc/Core_cpu/U_ID_EX/mcause[31]_i_5/O
                         net (fo=3, routed)           0.323     5.768    u_soc/Core_cpu/U_ID_EX/mcause[31]_i_5_n_2
    SLICE_X57Y105        LUT5 (Prop_lut5_I4_O)        0.043     5.811 f  u_soc/Core_cpu/U_ID_EX/mtvec[31]_i_12/O
                         net (fo=2, routed)           0.260     6.070    u_soc/Core_cpu/U_ID_EX/mtvec[31]_i_12_n_2
    SLICE_X58Y106        LUT6 (Prop_lut6_I0_O)        0.043     6.113 f  u_soc/Core_cpu/U_ID_EX/mtvec[31]_i_9/O
                         net (fo=27, routed)          0.396     6.509    u_soc/Core_cpu/U_ID_EX/ex_csr_addr_reg[0]_0
    SLICE_X54Y104        LUT6 (Prop_lut6_I1_O)        0.043     6.552 f  u_soc/Core_cpu/U_ID_EX/mscratch[1]_i_2/O
                         net (fo=5, routed)           0.448     7.001    u_soc/Core_cpu/U_ID_EX/csr_rdata[1]
    SLICE_X49Y102        LUT4 (Prop_lut4_I0_O)        0.043     7.044 f  u_soc/Core_cpu/U_ID_EX/alu_c_reg[1]_i_8/O
                         net (fo=13, routed)          0.254     7.298    u_soc/Core_cpu/U_ID_EX/ex_A_final[1]
    SLICE_X49Y102        LUT6 (Prop_lut6_I3_O)        0.043     7.341 r  u_soc/Core_cpu/U_ID_EX/alu_c_reg[0]_i_39_comp/O
                         net (fo=2, routed)           0.516     7.857    u_soc/Core_cpu/U_ID_EX/alu_c_reg[0]_i_39_n_2
    SLICE_X46Y106        CARRY4 (Prop_carry4_DI[0]_CO[3])
                                                      0.283     8.140 r  u_soc/Core_cpu/U_ID_EX/alu_c_reg[0]_i_27/CO[3]
                         net (fo=1, routed)           0.000     8.140    u_soc/Core_cpu/U_ID_EX/alu_c_reg[0]_i_27_n_2
    SLICE_X46Y107        CARRY4 (Prop_carry4_CI_CO[3])
                                                      0.054     8.194 r  u_soc/Core_cpu/U_ID_EX/alu_c_reg[0]_i_17/CO[3]
                         net (fo=1, routed)           0.000     8.194    u_soc/Core_cpu/U_ID_EX/alu_c_reg[0]_i_17_n_2
    SLICE_X46Y108        CARRY4 (Prop_carry4_CI_CO[3])
                                                      0.054     8.248 r  u_soc/Core_cpu/U_ID_EX/alu_c_reg[0]_i_6/CO[3]
                         net (fo=1, routed)           0.000     8.248    u_soc/Core_cpu/U_ID_EX/alu_c_reg[0]_i_6_n_2
    SLICE_X46Y109        CARRY4 (Prop_carry4_CI_CO[3])
                                                      0.054     8.302 r  u_soc/Core_cpu/U_ID_EX/alu_c_reg[0]_i_3/CO[3]
                         net (fo=2, routed)           0.417     8.719    u_soc/Core_cpu/U_ID_EX/U_ALU/data9
    SLICE_X45Y109        LUT4 (Prop_lut4_I3_O)        0.043     8.762 f  u_soc/Core_cpu/U_ID_EX/u1_taken_i_3/O
                         net (fo=3, routed)           0.265     9.028    u_soc/Core_cpu/U_ID_EX/u1_taken_i_3_n_2
    SLICE_X45Y110        LUT6 (Prop_lut6_I4_O)        0.043     9.071 r  u_soc/Core_cpu/U_ID_EX/dat_q_reg_0_63_2_2_i_6/O
                         net (fo=33, routed)          0.424     9.494    u_soc/Core_cpu/U_ID_EX/dat_q_reg_0_63_2_2_i_6_n_2
    SLICE_X46Y111        LUT6 (Prop_lut6_I1_O)        0.043     9.537 r  u_soc/Core_cpu/U_ID_EX/dat_q_reg_0_63_5_5_i_3/O
                         net (fo=6, routed)           0.504    10.042    u_soc/Core_cpu/U_ID_EX/ex_npc_op_reg[1]_3
    SLICE_X50Y108        LUT6 (Prop_lut6_I3_O)        0.043    10.085 r  u_soc/Core_cpu/U_ID_EX/q_row_idx[2][1]_i_24/O
                         net (fo=1, routed)           0.000    10.085    u_soc/Core_cpu/U_ID_EX/q_row_idx[2][1]_i_24_n_2
    SLICE_X50Y108        CARRY4 (Prop_carry4_S[1]_CO[3])
                                                      0.256    10.341 r  u_soc/Core_cpu/U_ID_EX/q_row_idx_reg[2][1]_i_17/CO[3]
                         net (fo=1, routed)           0.000    10.341    u_soc/Core_cpu/U_ID_EX/q_row_idx_reg[2][1]_i_17_n_2
    SLICE_X50Y109        CARRY4 (Prop_carry4_CI_CO[3])
                                                      0.054    10.395 r  u_soc/Core_cpu/U_ID_EX/q_row_idx_reg[2][1]_i_13/CO[3]
                         net (fo=1, routed)           0.000    10.395    u_soc/Core_cpu/U_ID_EX/q_row_idx_reg[2][1]_i_13_n_2
    SLICE_X50Y110        CARRY4 (Prop_carry4_CI_CO[2])
                                                      0.110    10.505 f  u_soc/Core_cpu/U_ID_EX/q_row_idx_reg[2][1]_i_12/CO[2]
                         net (fo=4, routed)           0.449    10.954    u_soc/Core_cpu/U_ID_EX/mispredict0
    SLICE_X46Y112        LUT6 (Prop_lut6_I5_O)        0.128    11.082 r  u_soc/Core_cpu/U_ID_EX/cnt_q[4]_i_6_comp/O
                         net (fo=5, routed)           0.347    11.429    u_soc/Core_cpu/u_ifu_subsys/u_btb/push_num1
    SLICE_X48Y112        LUT6 (Prop_lut6_I5_O)        0.043    11.472 r  u_soc/Core_cpu/u_ifu_subsys/u_btb/cnt_q[0]_i_3/O
                         net (fo=9, routed)           0.214    11.686    u_soc/Core_cpu/u_ifu_subsys/u_ibuf/cnt_q_reg[0]_0
    SLICE_X47Y113        LUT4 (Prop_lut4_I3_O)        0.043    11.729 r  u_soc/Core_cpu/u_ifu_subsys/u_ibuf/cnt_q[1]_i_2/O
                         net (fo=9, routed)           0.383    12.112    u_soc/Core_cpu/u_ifu_subsys/u_ibuf/cnt_q_reg[4]_0[0]
    SLICE_X48Y114        LUT6 (Prop_lut6_I1_O)        0.043    12.155 r  u_soc/Core_cpu/u_ifu_subsys/u_ibuf/q_row_tag[1][2]_i_8_comp/O
                         net (fo=22, routed)          0.551    12.706    u_soc/Core_cpu/u_ifu_subsys/u_ibuf/p_2_in
    SLICE_X51Y113        LUT6 (Prop_lut6_I3_O)        0.043    12.749 r  u_soc/Core_cpu/u_ifu_subsys/u_ibuf/ghr_q[4]_i_2/O
                         net (fo=3, routed)           0.502    13.251    u_soc/Core_cpu/u_ifu_subsys/u_ibuf/ghr_q[4]_i_2_n_2
    SLICE_X55Y110        LUT5 (Prop_lut5_I0_O)        0.043    13.294 r  u_soc/Core_cpu/u_ifu_subsys/u_ibuf/q_row_tag[1][4]_i_3/O
                         net (fo=4, routed)           0.000    13.294    u_soc/Core_cpu/U_ID_EX/ghr_next[1]
    SLICE_X55Y110        MUXF7 (Prop_muxf7_I0_O)      0.107    13.401 r  u_soc/Core_cpu/U_ID_EX/q_row_idx_reg[3][3]_i_2/O
                         net (fo=2, routed)           0.431    13.832    u_soc/Core_cpu/U_ID_EX/q_row_idx_reg[3][3]_i_2_n_2
    SLICE_X54Y113        LUT6 (Prop_lut6_I0_O)        0.124    13.956 r  u_soc/Core_cpu/U_ID_EX/q_row_idx[3][3]_i_1/O
                         net (fo=1, routed)           0.000    13.956    u_soc/Core_cpu/u_ifu_subsys/g_tage.u_tage/q_row_idx_reg[3][3]_0[2]
    SLICE_X54Y113        FDRE                                         r  u_soc/Core_cpu/u_ifu_subsys/g_tage.u_tage/q_row_idx_reg[3][3]/D
  -------------------------------------------------------------------    -------------------

                         (clock clk rise edge)        8.500     8.500 r  
    AE23                                              0.000     8.500 r  clk (IN)
                         net (fo=0)                   0.000     8.500    clk
    AE23                 IBUF (Prop_ibuf_I_O)         0.660     9.160 r  clk_IBUF_inst/O
                         net (fo=1, routed)           2.516    11.676    clk_IBUF
    BUFGCTRL_X0Y0        BUFG (Prop_bufg_I_O)         0.083    11.759 r  u_bufg/O
                         net (fo=5686, routed)        1.257    13.016    u_soc/Core_cpu/u_ifu_subsys/g_tage.u_tage/clk_buf
    SLICE_X54Y113        FDRE                                         r  u_soc/Core_cpu/u_ifu_subsys/g_tage.u_tage/q_row_idx_reg[3][3]/C
                         clock pessimism              0.308    13.323    
                         clock uncertainty           -0.035    13.288    
    SLICE_X54Y113        FDRE (Setup_fdre_C_D)        0.066    13.354    u_soc/Core_cpu/u_ifu_subsys/g_tage.u_tage/q_row_idx_reg[3][3]
  -------------------------------------------------------------------
                         required time                         13.354    
                         arrival time                         -13.956    
  -------------------------------------------------------------------
                         slack                                 -0.602    

Slack (VIOLATED) :        -0.578ns  (required time - arrival time)
  Source:                 u_soc/Core_cpu/U_ID_EX/ex_csr_addr_reg[4]/C
                            (rising edge-triggered cell FDCE clocked by clk  {rise@0.000ns fall@4.250ns period=8.500ns})
  Destination:            u_soc/Core_cpu/u_ifu_subsys/g_tage.u_tage/q_row_tag_reg[3][4]/D
                            (rising edge-triggered cell FDRE clocked by clk  {rise@0.000ns fall@4.250ns period=8.500ns})
  Path Group:             clk
  Path Type:              Setup (Max at Slow Process Corner)
  Requirement:            8.500ns  (clk rise@8.500ns - clk rise@0.000ns)
  Data Path Delay:        9.029ns  (logic 2.092ns (23.171%)  route 6.937ns (76.829%))
  Logic Levels:           25  (CARRY4=7 LUT3=1 LUT4=3 LUT5=2 LUT6=11 MUXF7=1)
  Clock Path Skew:        -0.048ns (DCD - SCD + CPR)
    Destination Clock Delay (DCD):    4.516ns = ( 13.016 - 8.500 ) 
    Source Clock Delay      (SCD):    4.871ns
    Clock Pessimism Removal (CPR):    0.308ns
  Clock Uncertainty:      0.035ns  ((TSJ^2 + TIJ^2)^1/2 + DJ) / 2 + PE
    Total System Jitter     (TSJ):    0.071ns
    Total Input Jitter      (TIJ):    0.000ns
    Discrete Jitter          (DJ):    0.000ns
    Phase Error              (PE):    0.000ns

    Location             Delay type                Incr(ns)  Path(ns)    Netlist Resource(s)
  -------------------------------------------------------------------    -------------------
                         (clock clk rise edge)        0.000     0.000 r  
    AE23                                              0.000     0.000 r  clk (IN)
                         net (fo=0)                   0.000     0.000    clk
    AE23                 IBUF (Prop_ibuf_I_O)         0.734     0.734 r  clk_IBUF_inst/O
                         net (fo=1, routed)           2.651     3.385    clk_IBUF
    BUFGCTRL_X0Y0        BUFG (Prop_bufg_I_O)         0.093     3.478 r  u_bufg/O
                         net (fo=5686, routed)        1.393     4.871    u_soc/Core_cpu/U_ID_EX/clk_buf
    SLICE_X63Y104        FDCE                                         r  u_soc/Core_cpu/U_ID_EX/ex_csr_addr_reg[4]/C
  -------------------------------------------------------------------    -------------------
    SLICE_X63Y104        FDCE (Prop_fdce_C_Q)         0.223     5.094 r  u_soc/Core_cpu/U_ID_EX/ex_csr_addr_reg[4]/Q
                         net (fo=6, routed)           0.307     5.401    u_soc/Core_cpu/U_ID_EX/ex_csr_addr[4]
    SLICE_X57Y104        LUT3 (Prop_lut3_I2_O)        0.043     5.444 r  u_soc/Core_cpu/U_ID_EX/mcause[31]_i_5/O
                         net (fo=3, routed)           0.323     5.768    u_soc/Core_cpu/U_ID_EX/mcause[31]_i_5_n_2
    SLICE_X57Y105        LUT5 (Prop_lut5_I4_O)        0.043     5.811 f  u_soc/Core_cpu/U_ID_EX/mtvec[31]_i_12/O
                         net (fo=2, routed)           0.260     6.070    u_soc/Core_cpu/U_ID_EX/mtvec[31]_i_12_n_2
    SLICE_X58Y106        LUT6 (Prop_lut6_I0_O)        0.043     6.113 f  u_soc/Core_cpu/U_ID_EX/mtvec[31]_i_9/O
                         net (fo=27, routed)          0.396     6.509    u_soc/Core_cpu/U_ID_EX/ex_csr_addr_reg[0]_0
    SLICE_X54Y104        LUT6 (Prop_lut6_I1_O)        0.043     6.552 f  u_soc/Core_cpu/U_ID_EX/mscratch[1]_i_2/O
                         net (fo=5, routed)           0.448     7.001    u_soc/Core_cpu/U_ID_EX/csr_rdata[1]
    SLICE_X49Y102        LUT4 (Prop_lut4_I0_O)        0.043     7.044 f  u_soc/Core_cpu/U_ID_EX/alu_c_reg[1]_i_8/O
                         net (fo=13, routed)          0.254     7.298    u_soc/Core_cpu/U_ID_EX/ex_A_final[1]
    SLICE_X49Y102        LUT6 (Prop_lut6_I3_O)        0.043     7.341 r  u_soc/Core_cpu/U_ID_EX/alu_c_reg[0]_i_39_comp/O
                         net (fo=2, routed)           0.516     7.857    u_soc/Core_cpu/U_ID_EX/alu_c_reg[0]_i_39_n_2
    SLICE_X46Y106        CARRY4 (Prop_carry4_DI[0]_CO[3])
                                                      0.283     8.140 r  u_soc/Core_cpu/U_ID_EX/alu_c_reg[0]_i_27/CO[3]
                         net (fo=1, routed)           0.000     8.140    u_soc/Core_cpu/U_ID_EX/alu_c_reg[0]_i_27_n_2
    SLICE_X46Y107        CARRY4 (Prop_carry4_CI_CO[3])
                                                      0.054     8.194 r  u_soc/Core_cpu/U_ID_EX/alu_c_reg[0]_i_17/CO[3]
                         net (fo=1, routed)           0.000     8.194    u_soc/Core_cpu/U_ID_EX/alu_c_reg[0]_i_17_n_2
    SLICE_X46Y108        CARRY4 (Prop_carry4_CI_CO[3])
                                                      0.054     8.248 r  u_soc/Core_cpu/U_ID_EX/alu_c_reg[0]_i_6/CO[3]
                         net (fo=1, routed)           0.000     8.248    u_soc/Core_cpu/U_ID_EX/alu_c_reg[0]_i_6_n_2
    SLICE_X46Y109        CARRY4 (Prop_carry4_CI_CO[3])
                                                      0.054     8.302 r  u_soc/Core_cpu/U_ID_EX/alu_c_reg[0]_i_3/CO[3]
                         net (fo=2, routed)           0.417     8.719    u_soc/Core_cpu/U_ID_EX/U_ALU/data9
    SLICE_X45Y109        LUT4 (Prop_lut4_I3_O)        0.043     8.762 f  u_soc/Core_cpu/U_ID_EX/u1_taken_i_3/O
                         net (fo=3, routed)           0.265     9.028    u_soc/Core_cpu/U_ID_EX/u1_taken_i_3_n_2
    SLICE_X45Y110        LUT6 (Prop_lut6_I4_O)        0.043     9.071 r  u_soc/Core_cpu/U_ID_EX/dat_q_reg_0_63_2_2_i_6/O
                         net (fo=33, routed)          0.424     9.494    u_soc/Core_cpu/U_ID_EX/dat_q_reg_0_63_2_2_i_6_n_2
    SLICE_X46Y111        LUT6 (Prop_lut6_I1_O)        0.043     9.537 r  u_soc/Core_cpu/U_ID_EX/dat_q_reg_0_63_5_5_i_3/O
                         net (fo=6, routed)           0.504    10.042    u_soc/Core_cpu/U_ID_EX/ex_npc_op_reg[1]_3
    SLICE_X50Y108        LUT6 (Prop_lut6_I3_O)        0.043    10.085 r  u_soc/Core_cpu/U_ID_EX/q_row_idx[2][1]_i_24/O
                         net (fo=1, routed)           0.000    10.085    u_soc/Core_cpu/U_ID_EX/q_row_idx[2][1]_i_24_n_2
    SLICE_X50Y108        CARRY4 (Prop_carry4_S[1]_CO[3])
                                                      0.256    10.341 r  u_soc/Core_cpu/U_ID_EX/q_row_idx_reg[2][1]_i_17/CO[3]
                         net (fo=1, routed)           0.000    10.341    u_soc/Core_cpu/U_ID_EX/q_row_idx_reg[2][1]_i_17_n_2
    SLICE_X50Y109        CARRY4 (Prop_carry4_CI_CO[3])
                                                      0.054    10.395 r  u_soc/Core_cpu/U_ID_EX/q_row_idx_reg[2][1]_i_13/CO[3]
                         net (fo=1, routed)           0.000    10.395    u_soc/Core_cpu/U_ID_EX/q_row_idx_reg[2][1]_i_13_n_2
    SLICE_X50Y110        CARRY4 (Prop_carry4_CI_CO[2])
                                                      0.110    10.505 f  u_soc/Core_cpu/U_ID_EX/q_row_idx_reg[2][1]_i_12/CO[2]
                         net (fo=4, routed)           0.449    10.954    u_soc/Core_cpu/U_ID_EX/mispredict0
    SLICE_X46Y112        LUT6 (Prop_lut6_I5_O)        0.128    11.082 r  u_soc/Core_cpu/U_ID_EX/cnt_q[4]_i_6_comp/O
                         net (fo=5, routed)           0.347    11.429    u_soc/Core_cpu/u_ifu_subsys/u_btb/push_num1
    SLICE_X48Y112        LUT6 (Prop_lut6_I5_O)        0.043    11.472 r  u_soc/Core_cpu/u_ifu_subsys/u_btb/cnt_q[0]_i_3/O
                         net (fo=9, routed)           0.214    11.686    u_soc/Core_cpu/u_ifu_subsys/u_ibuf/cnt_q_reg[0]_0
    SLICE_X47Y113        LUT4 (Prop_lut4_I3_O)        0.043    11.729 r  u_soc/Core_cpu/u_ifu_subsys/u_ibuf/cnt_q[1]_i_2/O
                         net (fo=9, routed)           0.383    12.112    u_soc/Core_cpu/u_ifu_subsys/u_ibuf/cnt_q_reg[4]_0[0]
    SLICE_X48Y114        LUT6 (Prop_lut6_I1_O)        0.043    12.155 r  u_soc/Core_cpu/u_ifu_subsys/u_ibuf/q_row_tag[1][2]_i_8_comp/O
                         net (fo=22, routed)          0.636    12.791    u_soc/Core_cpu/u_ifu_subsys/u_ibuf/p_2_in
    SLICE_X53Y116        LUT6 (Prop_lut6_I3_O)        0.043    12.834 r  u_soc/Core_cpu/u_ifu_subsys/u_ibuf/q_row_idx[3][5]_i_7/O
                         net (fo=3, routed)           0.463    13.298    u_soc/Core_cpu/u_ifu_subsys/u_ibuf/q_row_idx[3][5]_i_7_n_2
    SLICE_X51Y117        LUT6 (Prop_lut6_I3_O)        0.043    13.341 r  u_soc/Core_cpu/u_ifu_subsys/u_ibuf/q_row_idx[3][1]_i_4/O
                         net (fo=1, routed)           0.000    13.341    u_soc/Core_cpu/U_ID_EX/q_row_tag_reg[3][4]_0
    SLICE_X51Y117        MUXF7 (Prop_muxf7_I0_O)      0.107    13.448 r  u_soc/Core_cpu/U_ID_EX/q_row_idx_reg[3][1]_i_3/O
                         net (fo=2, routed)           0.328    13.776    u_soc/Core_cpu/U_ID_EX/q_row_idx_reg[3][1]_i_3_n_2
    SLICE_X55Y113        LUT5 (Prop_lut5_I3_O)        0.124    13.900 r  u_soc/Core_cpu/U_ID_EX/q_row_tag[3][4]_i_1/O
                         net (fo=1, routed)           0.000    13.900    u_soc/Core_cpu/u_ifu_subsys/g_tage.u_tage/q_row_tag_reg[3][5]_0[4]
    SLICE_X55Y113        FDRE                                         r  u_soc/Core_cpu/u_ifu_subsys/g_tage.u_tage/q_row_tag_reg[3][4]/D
  -------------------------------------------------------------------    -------------------

                         (clock clk rise edge)        8.500     8.500 r  
    AE23                                              0.000     8.500 r  clk (IN)
                         net (fo=0)                   0.000     8.500    clk
    AE23                 IBUF (Prop_ibuf_I_O)         0.660     9.160 r  clk_IBUF_inst/O
                         net (fo=1, routed)           2.516    11.676    clk_IBUF
    BUFGCTRL_X0Y0        BUFG (Prop_bufg_I_O)         0.083    11.759 r  u_bufg/O
                         net (fo=5686, routed)        1.257    13.016    u_soc/Core_cpu/u_ifu_subsys/g_tage.u_tage/clk_buf
    SLICE_X55Y113        FDRE                                         r  u_soc/Core_cpu/u_ifu_subsys/g_tage.u_tage/q_row_tag_reg[3][4]/C
                         clock pessimism              0.308    13.323    
                         clock uncertainty           -0.035    13.288    
    SLICE_X55Y113        FDRE (Setup_fdre_C_D)        0.034    13.322    u_soc/Core_cpu/u_ifu_subsys/g_tage.u_tage/q_row_tag_reg[3][4]
  -------------------------------------------------------------------
                         required time                         13.322    
                         arrival time                         -13.900    
  -------------------------------------------------------------------
                         slack                                 -0.578    

Slack (VIOLATED) :        -0.570ns  (required time - arrival time)
  Source:                 u_soc/Core_cpu/U_ID_EX/ex_csr_addr_reg[4]/C
                            (rising edge-triggered cell FDCE clocked by clk  {rise@0.000ns fall@4.250ns period=8.500ns})
  Destination:            u_soc/Core_cpu/u_ifu_subsys/u_ibuf/ent_q_reg[1][10]/D
                            (rising edge-triggered cell FDRE clocked by clk  {rise@0.000ns fall@4.250ns period=8.500ns})
  Path Group:             clk
  Path Type:              Setup (Max at Slow Process Corner)
  Requirement:            8.500ns  (clk rise@8.500ns - clk rise@0.000ns)
  Data Path Delay:        8.944ns  (logic 1.904ns (21.289%)  route 7.040ns (78.711%))
  Logic Levels:           24  (CARRY4=7 LUT3=1 LUT4=4 LUT5=2 LUT6=10)
  Clock Path Skew:        -0.124ns (DCD - SCD + CPR)
    Destination Clock Delay (DCD):    4.513ns = ( 13.013 - 8.500 ) 
    Source Clock Delay      (SCD):    4.871ns
    Clock Pessimism Removal (CPR):    0.235ns
  Clock Uncertainty:      0.035ns  ((TSJ^2 + TIJ^2)^1/2 + DJ) / 2 + PE
    Total System Jitter     (TSJ):    0.071ns
    Total Input Jitter      (TIJ):    0.000ns
    Discrete Jitter          (DJ):    0.000ns
    Phase Error              (PE):    0.000ns

    Location             Delay type                Incr(ns)  Path(ns)    Netlist Resource(s)
  -------------------------------------------------------------------    -------------------
                         (clock clk rise edge)        0.000     0.000 r  
    AE23                                              0.000     0.000 r  clk (IN)
                         net (fo=0)                   0.000     0.000    clk
    AE23                 IBUF (Prop_ibuf_I_O)         0.734     0.734 r  clk_IBUF_inst/O
                         net (fo=1, routed)           2.651     3.385    clk_IBUF
    BUFGCTRL_X0Y0        BUFG (Prop_bufg_I_O)         0.093     3.478 r  u_bufg/O
                         net (fo=5686, routed)        1.393     4.871    u_soc/Core_cpu/U_ID_EX/clk_buf
    SLICE_X63Y104        FDCE                                         r  u_soc/Core_cpu/U_ID_EX/ex_csr_addr_reg[4]/C
  -------------------------------------------------------------------    -------------------
    SLICE_X63Y104        FDCE (Prop_fdce_C_Q)         0.223     5.094 r  u_soc/Core_cpu/U_ID_EX/ex_csr_addr_reg[4]/Q
                         net (fo=6, routed)           0.307     5.401    u_soc/Core_cpu/U_ID_EX/ex_csr_addr[4]
    SLICE_X57Y104        LUT3 (Prop_lut3_I2_O)        0.043     5.444 r  u_soc/Core_cpu/U_ID_EX/mcause[31]_i_5/O
                         net (fo=3, routed)           0.323     5.768    u_soc/Core_cpu/U_ID_EX/mcause[31]_i_5_n_2
    SLICE_X57Y105        LUT5 (Prop_lut5_I4_O)        0.043     5.811 f  u_soc/Core_cpu/U_ID_EX/mtvec[31]_i_12/O
                         net (fo=2, routed)           0.260     6.070    u_soc/Core_cpu/U_ID_EX/mtvec[31]_i_12_n_2
    SLICE_X58Y106        LUT6 (Prop_lut6_I0_O)        0.043     6.113 f  u_soc/Core_cpu/U_ID_EX/mtvec[31]_i_9/O
                         net (fo=27, routed)          0.396     6.509    u_soc/Core_cpu/U_ID_EX/ex_csr_addr_reg[0]_0
    SLICE_X54Y104        LUT6 (Prop_lut6_I1_O)        0.043     6.552 f  u_soc/Core_cpu/U_ID_EX/mscratch[1]_i_2/O
                         net (fo=5, routed)           0.448     7.001    u_soc/Core_cpu/U_ID_EX/csr_rdata[1]
    SLICE_X49Y102        LUT4 (Prop_lut4_I0_O)        0.043     7.044 f  u_soc/Core_cpu/U_ID_EX/alu_c_reg[1]_i_8/O
                         net (fo=13, routed)          0.254     7.298    u_soc/Core_cpu/U_ID_EX/ex_A_final[1]
    SLICE_X49Y102        LUT6 (Prop_lut6_I3_O)        0.043     7.341 r  u_soc/Core_cpu/U_ID_EX/alu_c_reg[0]_i_39_comp/O
                         net (fo=2, routed)           0.516     7.857    u_soc/Core_cpu/U_ID_EX/alu_c_reg[0]_i_39_n_2
    SLICE_X46Y106        CARRY4 (Prop_carry4_DI[0]_CO[3])
                                                      0.283     8.140 r  u_soc/Core_cpu/U_ID_EX/alu_c_reg[0]_i_27/CO[3]
                         net (fo=1, routed)           0.000     8.140    u_soc/Core_cpu/U_ID_EX/alu_c_reg[0]_i_27_n_2
    SLICE_X46Y107        CARRY4 (Prop_carry4_CI_CO[3])
                                                      0.054     8.194 r  u_soc/Core_cpu/U_ID_EX/alu_c_reg[0]_i_17/CO[3]
                         net (fo=1, routed)           0.000     8.194    u_soc/Core_cpu/U_ID_EX/alu_c_reg[0]_i_17_n_2
    SLICE_X46Y108        CARRY4 (Prop_carry4_CI_CO[3])
                                                      0.054     8.248 r  u_soc/Core_cpu/U_ID_EX/alu_c_reg[0]_i_6/CO[3]
                         net (fo=1, routed)           0.000     8.248    u_soc/Core_cpu/U_ID_EX/alu_c_reg[0]_i_6_n_2
    SLICE_X46Y109        CARRY4 (Prop_carry4_CI_CO[3])
                                                      0.054     8.302 r  u_soc/Core_cpu/U_ID_EX/alu_c_reg[0]_i_3/CO[3]
                         net (fo=2, routed)           0.417     8.719    u_soc/Core_cpu/U_ID_EX/U_ALU/data9
    SLICE_X45Y109        LUT4 (Prop_lut4_I3_O)        0.043     8.762 f  u_soc/Core_cpu/U_ID_EX/u1_taken_i_3/O
                         net (fo=3, routed)           0.265     9.028    u_soc/Core_cpu/U_ID_EX/u1_taken_i_3_n_2
    SLICE_X45Y110        LUT6 (Prop_lut6_I4_O)        0.043     9.071 r  u_soc/Core_cpu/U_ID_EX/dat_q_reg_0_63_2_2_i_6/O
                         net (fo=33, routed)          0.424     9.494    u_soc/Core_cpu/U_ID_EX/dat_q_reg_0_63_2_2_i_6_n_2
    SLICE_X46Y111        LUT6 (Prop_lut6_I1_O)        0.043     9.537 r  u_soc/Core_cpu/U_ID_EX/dat_q_reg_0_63_5_5_i_3/O
                         net (fo=6, routed)           0.504    10.042    u_soc/Core_cpu/U_ID_EX/ex_npc_op_reg[1]_3
    SLICE_X50Y108        LUT6 (Prop_lut6_I3_O)        0.043    10.085 r  u_soc/Core_cpu/U_ID_EX/q_row_idx[2][1]_i_24/O
                         net (fo=1, routed)           0.000    10.085    u_soc/Core_cpu/U_ID_EX/q_row_idx[2][1]_i_24_n_2
    SLICE_X50Y108        CARRY4 (Prop_carry4_S[1]_CO[3])
                                                      0.256    10.341 r  u_soc/Core_cpu/U_ID_EX/q_row_idx_reg[2][1]_i_17/CO[3]
                         net (fo=1, routed)           0.000    10.341    u_soc/Core_cpu/U_ID_EX/q_row_idx_reg[2][1]_i_17_n_2
    SLICE_X50Y109        CARRY4 (Prop_carry4_CI_CO[3])
                                                      0.054    10.395 r  u_soc/Core_cpu/U_ID_EX/q_row_idx_reg[2][1]_i_13/CO[3]
                         net (fo=1, routed)           0.000    10.395    u_soc/Core_cpu/U_ID_EX/q_row_idx_reg[2][1]_i_13_n_2
    SLICE_X50Y110        CARRY4 (Prop_carry4_CI_CO[2])
                                                      0.110    10.505 f  u_soc/Core_cpu/U_ID_EX/q_row_idx_reg[2][1]_i_12/CO[2]
                         net (fo=4, routed)           0.449    10.954    u_soc/Core_cpu/U_ID_EX/mispredict0
    SLICE_X46Y112        LUT6 (Prop_lut6_I5_O)        0.128    11.082 r  u_soc/Core_cpu/U_ID_EX/cnt_q[4]_i_6_comp/O
                         net (fo=5, routed)           0.296    11.378    u_soc/Core_cpu/u_ifu_subsys/u_btb/push_num1
    SLICE_X47Y112        LUT4 (Prop_lut4_I1_O)        0.043    11.421 r  u_soc/Core_cpu/u_ifu_subsys/u_btb/cnt_q[2]_i_6/O
                         net (fo=3, routed)           0.192    11.613    u_soc/Core_cpu/u_ifu_subsys/u_ibuf/cnt_q_reg[2]_0
    SLICE_X47Y113        LUT4 (Prop_lut4_I3_O)        0.043    11.656 r  u_soc/Core_cpu/u_ifu_subsys/u_ibuf/cnt_q[2]_i_2/O
                         net (fo=24, routed)          0.308    11.964    u_soc/Core_cpu/u_ifu_subsys/u_ibuf/cnt_q_reg[4]_0[1]
    SLICE_X46Y114        LUT6 (Prop_lut6_I5_O)        0.043    12.007 r  u_soc/Core_cpu/u_ifu_subsys/u_ibuf/ent_q[6][141]_i_7/O
                         net (fo=93, routed)          0.863    12.870    u_soc/Core_cpu/u_ifu_subsys/u_ibuf/ent_q[6][141]_i_7_n_2
    SLICE_X79Y117        LUT5 (Prop_lut5_I4_O)        0.043    12.913 r  u_soc/Core_cpu/u_ifu_subsys/u_ibuf/ent_q[6][10]_i_9/O
                         net (fo=12, routed)          0.501    13.414    u_soc/Core_cpu/u_ifu_subsys/u_ibuf/p_0_in__0[10]
    SLICE_X81Y122        LUT6 (Prop_lut6_I3_O)        0.043    13.457 r  u_soc/Core_cpu/u_ifu_subsys/u_ibuf/ent_q[1][10]_i_2/O
                         net (fo=1, routed)           0.315    13.772    u_soc/Core_cpu/u_ifu_subsys/u_ibuf/ent_q[1][10]_i_2_n_2
    SLICE_X81Y123        LUT6 (Prop_lut6_I5_O)        0.043    13.815 r  u_soc/Core_cpu/u_ifu_subsys/u_ibuf/ent_q[1][10]_i_1/O
                         net (fo=1, routed)           0.000    13.815    u_soc/Core_cpu/u_ifu_subsys/u_ibuf/ent_q[1][10]_i_1_n_2
    SLICE_X81Y123        FDRE                                         r  u_soc/Core_cpu/u_ifu_subsys/u_ibuf/ent_q_reg[1][10]/D
  -------------------------------------------------------------------    -------------------

                         (clock clk rise edge)        8.500     8.500 r  
    AE23                                              0.000     8.500 r  clk (IN)
                         net (fo=0)                   0.000     8.500    clk
    AE23                 IBUF (Prop_ibuf_I_O)         0.660     9.160 r  clk_IBUF_inst/O
                         net (fo=1, routed)           2.516    11.676    clk_IBUF
    BUFGCTRL_X0Y0        BUFG (Prop_bufg_I_O)         0.083    11.759 r  u_bufg/O
                         net (fo=5686, routed)        1.254    13.013    u_soc/Core_cpu/u_ifu_subsys/u_ibuf/clk_buf
    SLICE_X81Y123        FDRE                                         r  u_soc/Core_cpu/u_ifu_subsys/u_ibuf/ent_q_reg[1][10]/C
                         clock pessimism              0.235    13.247    
                         clock uncertainty           -0.035    13.212    
    SLICE_X81Y123        FDRE (Setup_fdre_C_D)        0.033    13.245    u_soc/Core_cpu/u_ifu_subsys/u_ibuf/ent_q_reg[1][10]
  -------------------------------------------------------------------
                         required time                         13.245    
                         arrival time                         -13.815    
  -------------------------------------------------------------------
                         slack                                 -0.570    

Slack (VIOLATED) :        -0.562ns  (required time - arrival time)
  Source:                 u_soc/Core_cpu/U_ID_EX/ex_csr_addr_reg[4]/C
                            (rising edge-triggered cell FDCE clocked by clk  {rise@0.000ns fall@4.250ns period=8.500ns})
  Destination:            u_soc/Core_cpu/u_ifu_subsys/u_ibuf/ent_q_reg[2][73]/D
                            (rising edge-triggered cell FDRE clocked by clk  {rise@0.000ns fall@4.250ns period=8.500ns})
  Path Group:             clk
  Path Type:              Setup (Max at Slow Process Corner)
  Requirement:            8.500ns  (clk rise@8.500ns - clk rise@0.000ns)
  Data Path Delay:        9.031ns  (logic 1.904ns (21.082%)  route 7.127ns (78.918%))
  Logic Levels:           24  (CARRY4=7 LUT3=1 LUT4=4 LUT5=2 LUT6=10)
  Clock Path Skew:        -0.059ns (DCD - SCD + CPR)
    Destination Clock Delay (DCD):    4.505ns = ( 13.005 - 8.500 ) 
    Source Clock Delay      (SCD):    4.871ns
    Clock Pessimism Removal (CPR):    0.308ns
  Clock Uncertainty:      0.035ns  ((TSJ^2 + TIJ^2)^1/2 + DJ) / 2 + PE
    Total System Jitter     (TSJ):    0.071ns
    Total Input Jitter      (TIJ):    0.000ns
    Discrete Jitter          (DJ):    0.000ns
    Phase Error              (PE):    0.000ns

    Location             Delay type                Incr(ns)  Path(ns)    Netlist Resource(s)
  -------------------------------------------------------------------    -------------------
                         (clock clk rise edge)        0.000     0.000 r  
    AE23                                              0.000     0.000 r  clk (IN)
                         net (fo=0)                   0.000     0.000    clk
    AE23                 IBUF (Prop_ibuf_I_O)         0.734     0.734 r  clk_IBUF_inst/O
                         net (fo=1, routed)           2.651     3.385    clk_IBUF
    BUFGCTRL_X0Y0        BUFG (Prop_bufg_I_O)         0.093     3.478 r  u_bufg/O
                         net (fo=5686, routed)        1.393     4.871    u_soc/Core_cpu/U_ID_EX/clk_buf
    SLICE_X63Y104        FDCE                                         r  u_soc/Core_cpu/U_ID_EX/ex_csr_addr_reg[4]/C
  -------------------------------------------------------------------    -------------------
    SLICE_X63Y104        FDCE (Prop_fdce_C_Q)         0.223     5.094 r  u_soc/Core_cpu/U_ID_EX/ex_csr_addr_reg[4]/Q
                         net (fo=6, routed)           0.307     5.401    u_soc/Core_cpu/U_ID_EX/ex_csr_addr[4]
    SLICE_X57Y104        LUT3 (Prop_lut3_I2_O)        0.043     5.444 r  u_soc/Core_cpu/U_ID_EX/mcause[31]_i_5/O
                         net (fo=3, routed)           0.323     5.768    u_soc/Core_cpu/U_ID_EX/mcause[31]_i_5_n_2
    SLICE_X57Y105        LUT5 (Prop_lut5_I4_O)        0.043     5.811 f  u_soc/Core_cpu/U_ID_EX/mtvec[31]_i_12/O
                         net (fo=2, routed)           0.260     6.070    u_soc/Core_cpu/U_ID_EX/mtvec[31]_i_12_n_2
    SLICE_X58Y106        LUT6 (Prop_lut6_I0_O)        0.043     6.113 f  u_soc/Core_cpu/U_ID_EX/mtvec[31]_i_9/O
                         net (fo=27, routed)          0.396     6.509    u_soc/Core_cpu/U_ID_EX/ex_csr_addr_reg[0]_0
    SLICE_X54Y104        LUT6 (Prop_lut6_I1_O)        0.043     6.552 f  u_soc/Core_cpu/U_ID_EX/mscratch[1]_i_2/O
                         net (fo=5, routed)           0.448     7.001    u_soc/Core_cpu/U_ID_EX/csr_rdata[1]
    SLICE_X49Y102        LUT4 (Prop_lut4_I0_O)        0.043     7.044 f  u_soc/Core_cpu/U_ID_EX/alu_c_reg[1]_i_8/O
                         net (fo=13, routed)          0.254     7.298    u_soc/Core_cpu/U_ID_EX/ex_A_final[1]
    SLICE_X49Y102        LUT6 (Prop_lut6_I3_O)        0.043     7.341 r  u_soc/Core_cpu/U_ID_EX/alu_c_reg[0]_i_39_comp/O
                         net (fo=2, routed)           0.516     7.857    u_soc/Core_cpu/U_ID_EX/alu_c_reg[0]_i_39_n_2
    SLICE_X46Y106        CARRY4 (Prop_carry4_DI[0]_CO[3])
                                                      0.283     8.140 r  u_soc/Core_cpu/U_ID_EX/alu_c_reg[0]_i_27/CO[3]
                         net (fo=1, routed)           0.000     8.140    u_soc/Core_cpu/U_ID_EX/alu_c_reg[0]_i_27_n_2
    SLICE_X46Y107        CARRY4 (Prop_carry4_CI_CO[3])
                                                      0.054     8.194 r  u_soc/Core_cpu/U_ID_EX/alu_c_reg[0]_i_17/CO[3]
                         net (fo=1, routed)           0.000     8.194    u_soc/Core_cpu/U_ID_EX/alu_c_reg[0]_i_17_n_2
    SLICE_X46Y108        CARRY4 (Prop_carry4_CI_CO[3])
                                                      0.054     8.248 r  u_soc/Core_cpu/U_ID_EX/alu_c_reg[0]_i_6/CO[3]
                         net (fo=1, routed)           0.000     8.248    u_soc/Core_cpu/U_ID_EX/alu_c_reg[0]_i_6_n_2
    SLICE_X46Y109        CARRY4 (Prop_carry4_CI_CO[3])
                                                      0.054     8.302 r  u_soc/Core_cpu/U_ID_EX/alu_c_reg[0]_i_3/CO[3]
                         net (fo=2, routed)           0.417     8.719    u_soc/Core_cpu/U_ID_EX/U_ALU/data9
    SLICE_X45Y109        LUT4 (Prop_lut4_I3_O)        0.043     8.762 f  u_soc/Core_cpu/U_ID_EX/u1_taken_i_3/O
                         net (fo=3, routed)           0.265     9.028    u_soc/Core_cpu/U_ID_EX/u1_taken_i_3_n_2
    SLICE_X45Y110        LUT6 (Prop_lut6_I4_O)        0.043     9.071 r  u_soc/Core_cpu/U_ID_EX/dat_q_reg_0_63_2_2_i_6/O
                         net (fo=33, routed)          0.424     9.494    u_soc/Core_cpu/U_ID_EX/dat_q_reg_0_63_2_2_i_6_n_2
    SLICE_X46Y111        LUT6 (Prop_lut6_I1_O)        0.043     9.537 r  u_soc/Core_cpu/U_ID_EX/dat_q_reg_0_63_5_5_i_3/O
                         net (fo=6, routed)           0.504    10.042    u_soc/Core_cpu/U_ID_EX/ex_npc_op_reg[1]_3
    SLICE_X50Y108        LUT6 (Prop_lut6_I3_O)        0.043    10.085 r  u_soc/Core_cpu/U_ID_EX/q_row_idx[2][1]_i_24/O
                         net (fo=1, routed)           0.000    10.085    u_soc/Core_cpu/U_ID_EX/q_row_idx[2][1]_i_24_n_2
    SLICE_X50Y108        CARRY4 (Prop_carry4_S[1]_CO[3])
                                                      0.256    10.341 r  u_soc/Core_cpu/U_ID_EX/q_row_idx_reg[2][1]_i_17/CO[3]
                         net (fo=1, routed)           0.000    10.341    u_soc/Core_cpu/U_ID_EX/q_row_idx_reg[2][1]_i_17_n_2
    SLICE_X50Y109        CARRY4 (Prop_carry4_CI_CO[3])
                                                      0.054    10.395 r  u_soc/Core_cpu/U_ID_EX/q_row_idx_reg[2][1]_i_13/CO[3]
                         net (fo=1, routed)           0.000    10.395    u_soc/Core_cpu/U_ID_EX/q_row_idx_reg[2][1]_i_13_n_2
    SLICE_X50Y110        CARRY4 (Prop_carry4_CI_CO[2])
                                                      0.110    10.505 f  u_soc/Core_cpu/U_ID_EX/q_row_idx_reg[2][1]_i_12/CO[2]
                         net (fo=4, routed)           0.449    10.954    u_soc/Core_cpu/U_ID_EX/mispredict0
    SLICE_X46Y112        LUT6 (Prop_lut6_I5_O)        0.128    11.082 r  u_soc/Core_cpu/U_ID_EX/cnt_q[4]_i_6_comp/O
                         net (fo=5, routed)           0.296    11.378    u_soc/Core_cpu/u_ifu_subsys/u_btb/push_num1
    SLICE_X47Y112        LUT4 (Prop_lut4_I1_O)        0.043    11.421 r  u_soc/Core_cpu/u_ifu_subsys/u_btb/cnt_q[2]_i_6/O
                         net (fo=3, routed)           0.192    11.613    u_soc/Core_cpu/u_ifu_subsys/u_ibuf/cnt_q_reg[2]_0
    SLICE_X47Y113        LUT4 (Prop_lut4_I3_O)        0.043    11.656 r  u_soc/Core_cpu/u_ifu_subsys/u_ibuf/cnt_q[2]_i_2/O
                         net (fo=24, routed)          0.359    12.015    u_soc/Core_cpu/u_ifu_subsys/u_ibuf/cnt_q_reg[4]_0[1]
    SLICE_X47Y115        LUT6 (Prop_lut6_I5_O)        0.043    12.058 r  u_soc/Core_cpu/u_ifu_subsys/u_ibuf/head_q[0]_i_3/O
                         net (fo=93, routed)          0.794    12.852    u_soc/Core_cpu/u_ifu_subsys/u_ibuf/cnt_q_reg[4]_3
    SLICE_X62Y123        LUT5 (Prop_lut5_I4_O)        0.043    12.895 r  u_soc/Core_cpu/u_ifu_subsys/u_ibuf/ent_q[6][73]_i_6/O
                         net (fo=9, routed)           0.555    13.450    u_soc/Core_cpu/u_ifu_subsys/u_ibuf/p_0_in__0[73]
    SLICE_X66Y127        LUT6 (Prop_lut6_I3_O)        0.043    13.493 r  u_soc/Core_cpu/u_ifu_subsys/u_ibuf/ent_q[2][73]_i_2/O
                         net (fo=1, routed)           0.367    13.860    u_soc/Core_cpu/u_ifu_subsys/u_ibuf/ent_q[2][73]_i_2_n_2
    SLICE_X66Y127        LUT6 (Prop_lut6_I5_O)        0.043    13.903 r  u_soc/Core_cpu/u_ifu_subsys/u_ibuf/ent_q[2][73]_i_1/O
                         net (fo=1, routed)           0.000    13.903    u_soc/Core_cpu/u_ifu_subsys/u_ibuf/ent_q[2][73]_i_1_n_2
    SLICE_X66Y127        FDRE                                         r  u_soc/Core_cpu/u_ifu_subsys/u_ibuf/ent_q_reg[2][73]/D
  -------------------------------------------------------------------    -------------------

                         (clock clk rise edge)        8.500     8.500 r  
    AE23                                              0.000     8.500 r  clk (IN)
                         net (fo=0)                   0.000     8.500    clk
    AE23                 IBUF (Prop_ibuf_I_O)         0.660     9.160 r  clk_IBUF_inst/O
                         net (fo=1, routed)           2.516    11.676    clk_IBUF
    BUFGCTRL_X0Y0        BUFG (Prop_bufg_I_O)         0.083    11.759 r  u_bufg/O
                         net (fo=5686, routed)        1.246    13.005    u_soc/Core_cpu/u_ifu_subsys/u_ibuf/clk_buf
    SLICE_X66Y127        FDRE                                         r  u_soc/Core_cpu/u_ifu_subsys/u_ibuf/ent_q_reg[2][73]/C
                         clock pessimism              0.308    13.312    
                         clock uncertainty           -0.035    13.277    
    SLICE_X66Y127        FDRE (Setup_fdre_C_D)        0.064    13.341    u_soc/Core_cpu/u_ifu_subsys/u_ibuf/ent_q_reg[2][73]
  -------------------------------------------------------------------
                         required time                         13.341    
                         arrival time                         -13.903    
  -------------------------------------------------------------------
                         slack                                 -0.562    

Slack (VIOLATED) :        -0.553ns  (required time - arrival time)
  Source:                 u_soc/Core_cpu/U_ID_EX/ex_csr_addr_reg[4]/C
                            (rising edge-triggered cell FDCE clocked by clk  {rise@0.000ns fall@4.250ns period=8.500ns})
  Destination:            u_soc/Core_cpu/u_ifu_subsys/u_ibuf/ent_q_reg[4][9]/D
                            (rising edge-triggered cell FDRE clocked by clk  {rise@0.000ns fall@4.250ns period=8.500ns})
  Path Group:             clk
  Path Type:              Setup (Max at Slow Process Corner)
  Requirement:            8.500ns  (clk rise@8.500ns - clk rise@0.000ns)
  Data Path Delay:        8.989ns  (logic 1.861ns (20.703%)  route 7.128ns (79.297%))
  Logic Levels:           23  (CARRY4=7 LUT2=1 LUT3=2 LUT4=2 LUT5=1 LUT6=10)
  Clock Path Skew:        -0.062ns (DCD - SCD + CPR)
    Destination Clock Delay (DCD):    4.502ns = ( 13.002 - 8.500 ) 
    Source Clock Delay      (SCD):    4.871ns
    Clock Pessimism Removal (CPR):    0.308ns
  Clock Uncertainty:      0.035ns  ((TSJ^2 + TIJ^2)^1/2 + DJ) / 2 + PE
    Total System Jitter     (TSJ):    0.071ns
    Total Input Jitter      (TIJ):    0.000ns
    Discrete Jitter          (DJ):    0.000ns
    Phase Error              (PE):    0.000ns

    Location             Delay type                Incr(ns)  Path(ns)    Netlist Resource(s)
  -------------------------------------------------------------------    -------------------
                         (clock clk rise edge)        0.000     0.000 r  
    AE23                                              0.000     0.000 r  clk (IN)
                         net (fo=0)                   0.000     0.000    clk
    AE23                 IBUF (Prop_ibuf_I_O)         0.734     0.734 r  clk_IBUF_inst/O
                         net (fo=1, routed)           2.651     3.385    clk_IBUF
    BUFGCTRL_X0Y0        BUFG (Prop_bufg_I_O)         0.093     3.478 r  u_bufg/O
                         net (fo=5686, routed)        1.393     4.871    u_soc/Core_cpu/U_ID_EX/clk_buf
    SLICE_X63Y104        FDCE                                         r  u_soc/Core_cpu/U_ID_EX/ex_csr_addr_reg[4]/C
  -------------------------------------------------------------------    -------------------
    SLICE_X63Y104        FDCE (Prop_fdce_C_Q)         0.223     5.094 r  u_soc/Core_cpu/U_ID_EX/ex_csr_addr_reg[4]/Q
                         net (fo=6, routed)           0.307     5.401    u_soc/Core_cpu/U_ID_EX/ex_csr_addr[4]
    SLICE_X57Y104        LUT3 (Prop_lut3_I2_O)        0.043     5.444 r  u_soc/Core_cpu/U_ID_EX/mcause[31]_i_5/O
                         net (fo=3, routed)           0.323     5.768    u_soc/Core_cpu/U_ID_EX/mcause[31]_i_5_n_2
    SLICE_X57Y105        LUT5 (Prop_lut5_I4_O)        0.043     5.811 f  u_soc/Core_cpu/U_ID_EX/mtvec[31]_i_12/O
                         net (fo=2, routed)           0.260     6.070    u_soc/Core_cpu/U_ID_EX/mtvec[31]_i_12_n_2
    SLICE_X58Y106        LUT6 (Prop_lut6_I0_O)        0.043     6.113 f  u_soc/Core_cpu/U_ID_EX/mtvec[31]_i_9/O
                         net (fo=27, routed)          0.396     6.509    u_soc/Core_cpu/U_ID_EX/ex_csr_addr_reg[0]_0
    SLICE_X54Y104        LUT6 (Prop_lut6_I1_O)        0.043     6.552 f  u_soc/Core_cpu/U_ID_EX/mscratch[1]_i_2/O
                         net (fo=5, routed)           0.448     7.001    u_soc/Core_cpu/U_ID_EX/csr_rdata[1]
    SLICE_X49Y102        LUT4 (Prop_lut4_I0_O)        0.043     7.044 f  u_soc/Core_cpu/U_ID_EX/alu_c_reg[1]_i_8/O
                         net (fo=13, routed)          0.254     7.298    u_soc/Core_cpu/U_ID_EX/ex_A_final[1]
    SLICE_X49Y102        LUT6 (Prop_lut6_I3_O)        0.043     7.341 r  u_soc/Core_cpu/U_ID_EX/alu_c_reg[0]_i_39_comp/O
                         net (fo=2, routed)           0.516     7.857    u_soc/Core_cpu/U_ID_EX/alu_c_reg[0]_i_39_n_2
    SLICE_X46Y106        CARRY4 (Prop_carry4_DI[0]_CO[3])
                                                      0.283     8.140 r  u_soc/Core_cpu/U_ID_EX/alu_c_reg[0]_i_27/CO[3]
                         net (fo=1, routed)           0.000     8.140    u_soc/Core_cpu/U_ID_EX/alu_c_reg[0]_i_27_n_2
    SLICE_X46Y107        CARRY4 (Prop_carry4_CI_CO[3])
                                                      0.054     8.194 r  u_soc/Core_cpu/U_ID_EX/alu_c_reg[0]_i_17/CO[3]
                         net (fo=1, routed)           0.000     8.194    u_soc/Core_cpu/U_ID_EX/alu_c_reg[0]_i_17_n_2
    SLICE_X46Y108        CARRY4 (Prop_carry4_CI_CO[3])
                                                      0.054     8.248 r  u_soc/Core_cpu/U_ID_EX/alu_c_reg[0]_i_6/CO[3]
                         net (fo=1, routed)           0.000     8.248    u_soc/Core_cpu/U_ID_EX/alu_c_reg[0]_i_6_n_2
    SLICE_X46Y109        CARRY4 (Prop_carry4_CI_CO[3])
                                                      0.054     8.302 r  u_soc/Core_cpu/U_ID_EX/alu_c_reg[0]_i_3/CO[3]
                         net (fo=2, routed)           0.417     8.719    u_soc/Core_cpu/U_ID_EX/U_ALU/data9
    SLICE_X45Y109        LUT4 (Prop_lut4_I3_O)        0.043     8.762 f  u_soc/Core_cpu/U_ID_EX/u1_taken_i_3/O
                         net (fo=3, routed)           0.265     9.028    u_soc/Core_cpu/U_ID_EX/u1_taken_i_3_n_2
    SLICE_X45Y110        LUT6 (Prop_lut6_I4_O)        0.043     9.071 r  u_soc/Core_cpu/U_ID_EX/dat_q_reg_0_63_2_2_i_6/O
                         net (fo=33, routed)          0.424     9.494    u_soc/Core_cpu/U_ID_EX/dat_q_reg_0_63_2_2_i_6_n_2
    SLICE_X46Y111        LUT6 (Prop_lut6_I1_O)        0.043     9.537 r  u_soc/Core_cpu/U_ID_EX/dat_q_reg_0_63_5_5_i_3/O
                         net (fo=6, routed)           0.504    10.042    u_soc/Core_cpu/U_ID_EX/ex_npc_op_reg[1]_3
    SLICE_X50Y108        LUT6 (Prop_lut6_I3_O)        0.043    10.085 r  u_soc/Core_cpu/U_ID_EX/q_row_idx[2][1]_i_24/O
                         net (fo=1, routed)           0.000    10.085    u_soc/Core_cpu/U_ID_EX/q_row_idx[2][1]_i_24_n_2
    SLICE_X50Y108        CARRY4 (Prop_carry4_S[1]_CO[3])
                                                      0.256    10.341 r  u_soc/Core_cpu/U_ID_EX/q_row_idx_reg[2][1]_i_17/CO[3]
                         net (fo=1, routed)           0.000    10.341    u_soc/Core_cpu/U_ID_EX/q_row_idx_reg[2][1]_i_17_n_2
    SLICE_X50Y109        CARRY4 (Prop_carry4_CI_CO[3])
                                                      0.054    10.395 r  u_soc/Core_cpu/U_ID_EX/q_row_idx_reg[2][1]_i_13/CO[3]
                         net (fo=1, routed)           0.000    10.395    u_soc/Core_cpu/U_ID_EX/q_row_idx_reg[2][1]_i_13_n_2
    SLICE_X50Y110        CARRY4 (Prop_carry4_CI_CO[2])
                                                      0.110    10.505 f  u_soc/Core_cpu/U_ID_EX/q_row_idx_reg[2][1]_i_12/CO[2]
                         net (fo=4, routed)           0.449    10.954    u_soc/Core_cpu/U_ID_EX/mispredict0
    SLICE_X46Y112        LUT6 (Prop_lut6_I5_O)        0.128    11.082 r  u_soc/Core_cpu/U_ID_EX/cnt_q[4]_i_6_comp/O
                         net (fo=5, routed)           0.357    11.439    u_soc/Core_cpu/u_ifu_subsys/u_btb/push_num1
    SLICE_X46Y113        LUT6 (Prop_lut6_I0_O)        0.043    11.482 r  u_soc/Core_cpu/u_ifu_subsys/u_btb/cnt_q[4]_i_3/O
                         net (fo=143, routed)         0.818    12.300    u_soc/Core_cpu/u_ifu_subsys/u_ibuf/push_num[2]
    SLICE_X70Y119        LUT3 (Prop_lut3_I1_O)        0.043    12.343 r  u_soc/Core_cpu/u_ifu_subsys/u_ibuf/ent_q[6][79]_i_3/O
                         net (fo=132, routed)         0.427    12.770    u_soc/Core_cpu/u_ifu_subsys/u_ibuf/ent_q[6][79]_i_3_n_2
    SLICE_X75Y121        LUT2 (Prop_lut2_I0_O)        0.043    12.813 r  u_soc/Core_cpu/u_ifu_subsys/u_ibuf/ent_q[6][79]_i_10/O
                         net (fo=128, routed)         0.606    13.420    u_soc/Core_cpu/u_ifu_subsys/u_ibuf/ent_q[6][79]_i_10_n_2
    SLICE_X76Y124        LUT6 (Prop_lut6_I2_O)        0.043    13.463 r  u_soc/Core_cpu/u_ifu_subsys/u_ibuf/ent_q[4][9]_i_2/O
                         net (fo=1, routed)           0.355    13.817    u_soc/Core_cpu/u_ifu_subsys/u_ibuf/ent_q[4][9]_i_2_n_2
    SLICE_X76Y124        LUT6 (Prop_lut6_I5_O)        0.043    13.860 r  u_soc/Core_cpu/u_ifu_subsys/u_ibuf/ent_q[4][9]_i_1/O
                         net (fo=1, routed)           0.000    13.860    u_soc/Core_cpu/u_ifu_subsys/u_ibuf/ent_q[4][9]_i_1_n_2
    SLICE_X76Y124        FDRE                                         r  u_soc/Core_cpu/u_ifu_subsys/u_ibuf/ent_q_reg[4][9]/D
  -------------------------------------------------------------------    -------------------

                         (clock clk rise edge)        8.500     8.500 r  
    AE23                                              0.000     8.500 r  clk (IN)
                         net (fo=0)                   0.000     8.500    clk
    AE23                 IBUF (Prop_ibuf_I_O)         0.660     9.160 r  clk_IBUF_inst/O
                         net (fo=1, routed)           2.516    11.676    clk_IBUF
    BUFGCTRL_X0Y0        BUFG (Prop_bufg_I_O)         0.083    11.759 r  u_bufg/O
                         net (fo=5686, routed)        1.243    13.002    u_soc/Core_cpu/u_ifu_subsys/u_ibuf/clk_buf
    SLICE_X76Y124        FDRE                                         r  u_soc/Core_cpu/u_ifu_subsys/u_ibuf/ent_q_reg[4][9]/C
                         clock pessimism              0.308    13.309    
                         clock uncertainty           -0.035    13.274    
    SLICE_X76Y124        FDRE (Setup_fdre_C_D)        0.033    13.307    u_soc/Core_cpu/u_ifu_subsys/u_ibuf/ent_q_reg[4][9]
  -------------------------------------------------------------------
                         required time                         13.307    
                         arrival time                         -13.860    
  -------------------------------------------------------------------
                         slack                                 -0.553    

Slack (VIOLATED) :        -0.549ns  (required time - arrival time)
  Source:                 u_soc/Core_cpu/U_ID_EX/ex_csr_addr_reg[4]/C
                            (rising edge-triggered cell FDCE clocked by clk  {rise@0.000ns fall@4.250ns period=8.500ns})
  Destination:            u_soc/Core_cpu/u_ifu_subsys/u_ibuf/ent_q_reg[3][9]/D
                            (rising edge-triggered cell FDRE clocked by clk  {rise@0.000ns fall@4.250ns period=8.500ns})
  Path Group:             clk
  Path Type:              Setup (Max at Slow Process Corner)
  Requirement:            8.500ns  (clk rise@8.500ns - clk rise@0.000ns)
  Data Path Delay:        8.985ns  (logic 1.904ns (21.192%)  route 7.081ns (78.808%))
  Logic Levels:           24  (CARRY4=7 LUT3=1 LUT4=4 LUT5=2 LUT6=10)
  Clock Path Skew:        -0.062ns (DCD - SCD + CPR)
    Destination Clock Delay (DCD):    4.502ns = ( 13.002 - 8.500 ) 
    Source Clock Delay      (SCD):    4.871ns
    Clock Pessimism Removal (CPR):    0.308ns
  Clock Uncertainty:      0.035ns  ((TSJ^2 + TIJ^2)^1/2 + DJ) / 2 + PE
    Total System Jitter     (TSJ):    0.071ns
    Total Input Jitter      (TIJ):    0.000ns
    Discrete Jitter          (DJ):    0.000ns
    Phase Error              (PE):    0.000ns

    Location             Delay type                Incr(ns)  Path(ns)    Netlist Resource(s)
  -------------------------------------------------------------------    -------------------
                         (clock clk rise edge)        0.000     0.000 r  
    AE23                                              0.000     0.000 r  clk (IN)
                         net (fo=0)                   0.000     0.000    clk
    AE23                 IBUF (Prop_ibuf_I_O)         0.734     0.734 r  clk_IBUF_inst/O
                         net (fo=1, routed)           2.651     3.385    clk_IBUF
    BUFGCTRL_X0Y0        BUFG (Prop_bufg_I_O)         0.093     3.478 r  u_bufg/O
                         net (fo=5686, routed)        1.393     4.871    u_soc/Core_cpu/U_ID_EX/clk_buf
    SLICE_X63Y104        FDCE                                         r  u_soc/Core_cpu/U_ID_EX/ex_csr_addr_reg[4]/C
  -------------------------------------------------------------------    -------------------
    SLICE_X63Y104        FDCE (Prop_fdce_C_Q)         0.223     5.094 r  u_soc/Core_cpu/U_ID_EX/ex_csr_addr_reg[4]/Q
                         net (fo=6, routed)           0.307     5.401    u_soc/Core_cpu/U_ID_EX/ex_csr_addr[4]
    SLICE_X57Y104        LUT3 (Prop_lut3_I2_O)        0.043     5.444 r  u_soc/Core_cpu/U_ID_EX/mcause[31]_i_5/O
                         net (fo=3, routed)           0.323     5.768    u_soc/Core_cpu/U_ID_EX/mcause[31]_i_5_n_2
    SLICE_X57Y105        LUT5 (Prop_lut5_I4_O)        0.043     5.811 f  u_soc/Core_cpu/U_ID_EX/mtvec[31]_i_12/O
                         net (fo=2, routed)           0.260     6.070    u_soc/Core_cpu/U_ID_EX/mtvec[31]_i_12_n_2
    SLICE_X58Y106        LUT6 (Prop_lut6_I0_O)        0.043     6.113 f  u_soc/Core_cpu/U_ID_EX/mtvec[31]_i_9/O
                         net (fo=27, routed)          0.396     6.509    u_soc/Core_cpu/U_ID_EX/ex_csr_addr_reg[0]_0
    SLICE_X54Y104        LUT6 (Prop_lut6_I1_O)        0.043     6.552 f  u_soc/Core_cpu/U_ID_EX/mscratch[1]_i_2/O
                         net (fo=5, routed)           0.448     7.001    u_soc/Core_cpu/U_ID_EX/csr_rdata[1]
    SLICE_X49Y102        LUT4 (Prop_lut4_I0_O)        0.043     7.044 f  u_soc/Core_cpu/U_ID_EX/alu_c_reg[1]_i_8/O
                         net (fo=13, routed)          0.254     7.298    u_soc/Core_cpu/U_ID_EX/ex_A_final[1]
    SLICE_X49Y102        LUT6 (Prop_lut6_I3_O)        0.043     7.341 r  u_soc/Core_cpu/U_ID_EX/alu_c_reg[0]_i_39_comp/O
                         net (fo=2, routed)           0.516     7.857    u_soc/Core_cpu/U_ID_EX/alu_c_reg[0]_i_39_n_2
    SLICE_X46Y106        CARRY4 (Prop_carry4_DI[0]_CO[3])
                                                      0.283     8.140 r  u_soc/Core_cpu/U_ID_EX/alu_c_reg[0]_i_27/CO[3]
                         net (fo=1, routed)           0.000     8.140    u_soc/Core_cpu/U_ID_EX/alu_c_reg[0]_i_27_n_2
    SLICE_X46Y107        CARRY4 (Prop_carry4_CI_CO[3])
                                                      0.054     8.194 r  u_soc/Core_cpu/U_ID_EX/alu_c_reg[0]_i_17/CO[3]
                         net (fo=1, routed)           0.000     8.194    u_soc/Core_cpu/U_ID_EX/alu_c_reg[0]_i_17_n_2
    SLICE_X46Y108        CARRY4 (Prop_carry4_CI_CO[3])
                                                      0.054     8.248 r  u_soc/Core_cpu/U_ID_EX/alu_c_reg[0]_i_6/CO[3]
                         net (fo=1, routed)           0.000     8.248    u_soc/Core_cpu/U_ID_EX/alu_c_reg[0]_i_6_n_2
    SLICE_X46Y109        CARRY4 (Prop_carry4_CI_CO[3])
                                                      0.054     8.302 r  u_soc/Core_cpu/U_ID_EX/alu_c_reg[0]_i_3/CO[3]
                         net (fo=2, routed)           0.417     8.719    u_soc/Core_cpu/U_ID_EX/U_ALU/data9
    SLICE_X45Y109        LUT4 (Prop_lut4_I3_O)        0.043     8.762 f  u_soc/Core_cpu/U_ID_EX/u1_taken_i_3/O
                         net (fo=3, routed)           0.265     9.028    u_soc/Core_cpu/U_ID_EX/u1_taken_i_3_n_2
    SLICE_X45Y110        LUT6 (Prop_lut6_I4_O)        0.043     9.071 r  u_soc/Core_cpu/U_ID_EX/dat_q_reg_0_63_2_2_i_6/O
                         net (fo=33, routed)          0.424     9.494    u_soc/Core_cpu/U_ID_EX/dat_q_reg_0_63_2_2_i_6_n_2
    SLICE_X46Y111        LUT6 (Prop_lut6_I1_O)        0.043     9.537 r  u_soc/Core_cpu/U_ID_EX/dat_q_reg_0_63_5_5_i_3/O
                         net (fo=6, routed)           0.504    10.042    u_soc/Core_cpu/U_ID_EX/ex_npc_op_reg[1]_3
    SLICE_X50Y108        LUT6 (Prop_lut6_I3_O)        0.043    10.085 r  u_soc/Core_cpu/U_ID_EX/q_row_idx[2][1]_i_24/O
                         net (fo=1, routed)           0.000    10.085    u_soc/Core_cpu/U_ID_EX/q_row_idx[2][1]_i_24_n_2
    SLICE_X50Y108        CARRY4 (Prop_carry4_S[1]_CO[3])
                                                      0.256    10.341 r  u_soc/Core_cpu/U_ID_EX/q_row_idx_reg[2][1]_i_17/CO[3]
                         net (fo=1, routed)           0.000    10.341    u_soc/Core_cpu/U_ID_EX/q_row_idx_reg[2][1]_i_17_n_2
    SLICE_X50Y109        CARRY4 (Prop_carry4_CI_CO[3])
                                                      0.054    10.395 r  u_soc/Core_cpu/U_ID_EX/q_row_idx_reg[2][1]_i_13/CO[3]
                         net (fo=1, routed)           0.000    10.395    u_soc/Core_cpu/U_ID_EX/q_row_idx_reg[2][1]_i_13_n_2
    SLICE_X50Y110        CARRY4 (Prop_carry4_CI_CO[2])
                                                      0.110    10.505 f  u_soc/Core_cpu/U_ID_EX/q_row_idx_reg[2][1]_i_12/CO[2]
                         net (fo=4, routed)           0.449    10.954    u_soc/Core_cpu/U_ID_EX/mispredict0
    SLICE_X46Y112        LUT6 (Prop_lut6_I5_O)        0.128    11.082 r  u_soc/Core_cpu/U_ID_EX/cnt_q[4]_i_6_comp/O
                         net (fo=5, routed)           0.296    11.378    u_soc/Core_cpu/u_ifu_subsys/u_btb/push_num1
    SLICE_X47Y112        LUT4 (Prop_lut4_I1_O)        0.043    11.421 r  u_soc/Core_cpu/u_ifu_subsys/u_btb/cnt_q[2]_i_6/O
                         net (fo=3, routed)           0.192    11.613    u_soc/Core_cpu/u_ifu_subsys/u_ibuf/cnt_q_reg[2]_0
    SLICE_X47Y113        LUT4 (Prop_lut4_I3_O)        0.043    11.656 r  u_soc/Core_cpu/u_ifu_subsys/u_ibuf/cnt_q[2]_i_2/O
                         net (fo=24, routed)          0.308    11.964    u_soc/Core_cpu/u_ifu_subsys/u_ibuf/cnt_q_reg[4]_0[1]
    SLICE_X46Y114        LUT6 (Prop_lut6_I5_O)        0.043    12.007 r  u_soc/Core_cpu/u_ifu_subsys/u_ibuf/ent_q[6][141]_i_7/O
                         net (fo=93, routed)          0.754    12.761    u_soc/Core_cpu/u_ifu_subsys/u_ibuf/ent_q[6][141]_i_7_n_2
    SLICE_X68Y117        LUT5 (Prop_lut5_I4_O)        0.043    12.804 r  u_soc/Core_cpu/u_ifu_subsys/u_ibuf/ent_q[6][9]_i_9/O
                         net (fo=9, routed)           0.611    13.415    u_soc/Core_cpu/u_ifu_subsys/u_ibuf/p_0_in__0[9]
    SLICE_X76Y125        LUT6 (Prop_lut6_I3_O)        0.043    13.458 r  u_soc/Core_cpu/u_ifu_subsys/u_ibuf/ent_q[3][9]_i_2/O
                         net (fo=1, routed)           0.355    13.813    u_soc/Core_cpu/u_ifu_subsys/u_ibuf/ent_q[3][9]_i_2_n_2
    SLICE_X76Y125        LUT6 (Prop_lut6_I5_O)        0.043    13.856 r  u_soc/Core_cpu/u_ifu_subsys/u_ibuf/ent_q[3][9]_i_1/O
                         net (fo=1, routed)           0.000    13.856    u_soc/Core_cpu/u_ifu_subsys/u_ibuf/ent_q[3][9]_i_1_n_2
    SLICE_X76Y125        FDRE                                         r  u_soc/Core_cpu/u_ifu_subsys/u_ibuf/ent_q_reg[3][9]/D
  -------------------------------------------------------------------    -------------------

                         (clock clk rise edge)        8.500     8.500 r  
    AE23                                              0.000     8.500 r  clk (IN)
                         net (fo=0)                   0.000     8.500    clk
    AE23                 IBUF (Prop_ibuf_I_O)         0.660     9.160 r  clk_IBUF_inst/O
                         net (fo=1, routed)           2.516    11.676    clk_IBUF
    BUFGCTRL_X0Y0        BUFG (Prop_bufg_I_O)         0.083    11.759 r  u_bufg/O
                         net (fo=5686, routed)        1.243    13.002    u_soc/Core_cpu/u_ifu_subsys/u_ibuf/clk_buf
    SLICE_X76Y125        FDRE                                         r  u_soc/Core_cpu/u_ifu_subsys/u_ibuf/ent_q_reg[3][9]/C
                         clock pessimism              0.308    13.309    
                         clock uncertainty           -0.035    13.274    
    SLICE_X76Y125        FDRE (Setup_fdre_C_D)        0.033    13.307    u_soc/Core_cpu/u_ifu_subsys/u_ibuf/ent_q_reg[3][9]
  -------------------------------------------------------------------
                         required time                         13.307    
                         arrival time                         -13.856    
  -------------------------------------------------------------------
                         slack                                 -0.549    

Slack (VIOLATED) :        -0.548ns  (required time - arrival time)
  Source:                 u_soc/Core_cpu/U_ID_EX/ex_csr_addr_reg[4]/C
                            (rising edge-triggered cell FDCE clocked by clk  {rise@0.000ns fall@4.250ns period=8.500ns})
  Destination:            u_soc/Core_cpu/u_ifu_subsys/u_ibuf/ent_q_reg[7][4]/D
                            (rising edge-triggered cell FDRE clocked by clk  {rise@0.000ns fall@4.250ns period=8.500ns})
  Path Group:             clk
  Path Type:              Setup (Max at Slow Process Corner)
  Requirement:            8.500ns  (clk rise@8.500ns - clk rise@0.000ns)
  Data Path Delay:        8.956ns  (logic 1.861ns (20.780%)  route 7.095ns (79.220%))
  Logic Levels:           23  (CARRY4=7 LUT2=1 LUT3=2 LUT4=2 LUT5=1 LUT6=10)
  Clock Path Skew:        -0.122ns (DCD - SCD + CPR)
    Destination Clock Delay (DCD):    4.515ns = ( 13.015 - 8.500 ) 
    Source Clock Delay      (SCD):    4.871ns
    Clock Pessimism Removal (CPR):    0.235ns
  Clock Uncertainty:      0.035ns  ((TSJ^2 + TIJ^2)^1/2 + DJ) / 2 + PE
    Total System Jitter     (TSJ):    0.071ns
    Total Input Jitter      (TIJ):    0.000ns
    Discrete Jitter          (DJ):    0.000ns
    Phase Error              (PE):    0.000ns

    Location             Delay type                Incr(ns)  Path(ns)    Netlist Resource(s)
  -------------------------------------------------------------------    -------------------
                         (clock clk rise edge)        0.000     0.000 r  
    AE23                                              0.000     0.000 r  clk (IN)
                         net (fo=0)                   0.000     0.000    clk
    AE23                 IBUF (Prop_ibuf_I_O)         0.734     0.734 r  clk_IBUF_inst/O
                         net (fo=1, routed)           2.651     3.385    clk_IBUF
    BUFGCTRL_X0Y0        BUFG (Prop_bufg_I_O)         0.093     3.478 r  u_bufg/O
                         net (fo=5686, routed)        1.393     4.871    u_soc/Core_cpu/U_ID_EX/clk_buf
    SLICE_X63Y104        FDCE                                         r  u_soc/Core_cpu/U_ID_EX/ex_csr_addr_reg[4]/C
  -------------------------------------------------------------------    -------------------
    SLICE_X63Y104        FDCE (Prop_fdce_C_Q)         0.223     5.094 r  u_soc/Core_cpu/U_ID_EX/ex_csr_addr_reg[4]/Q
                         net (fo=6, routed)           0.307     5.401    u_soc/Core_cpu/U_ID_EX/ex_csr_addr[4]
    SLICE_X57Y104        LUT3 (Prop_lut3_I2_O)        0.043     5.444 r  u_soc/Core_cpu/U_ID_EX/mcause[31]_i_5/O
                         net (fo=3, routed)           0.323     5.768    u_soc/Core_cpu/U_ID_EX/mcause[31]_i_5_n_2
    SLICE_X57Y105        LUT5 (Prop_lut5_I4_O)        0.043     5.811 f  u_soc/Core_cpu/U_ID_EX/mtvec[31]_i_12/O
                         net (fo=2, routed)           0.260     6.070    u_soc/Core_cpu/U_ID_EX/mtvec[31]_i_12_n_2
    SLICE_X58Y106        LUT6 (Prop_lut6_I0_O)        0.043     6.113 f  u_soc/Core_cpu/U_ID_EX/mtvec[31]_i_9/O
                         net (fo=27, routed)          0.396     6.509    u_soc/Core_cpu/U_ID_EX/ex_csr_addr_reg[0]_0
    SLICE_X54Y104        LUT6 (Prop_lut6_I1_O)        0.043     6.552 f  u_soc/Core_cpu/U_ID_EX/mscratch[1]_i_2/O
                         net (fo=5, routed)           0.448     7.001    u_soc/Core_cpu/U_ID_EX/csr_rdata[1]
    SLICE_X49Y102        LUT4 (Prop_lut4_I0_O)        0.043     7.044 f  u_soc/Core_cpu/U_ID_EX/alu_c_reg[1]_i_8/O
                         net (fo=13, routed)          0.254     7.298    u_soc/Core_cpu/U_ID_EX/ex_A_final[1]
    SLICE_X49Y102        LUT6 (Prop_lut6_I3_O)        0.043     7.341 r  u_soc/Core_cpu/U_ID_EX/alu_c_reg[0]_i_39_comp/O
                         net (fo=2, routed)           0.516     7.857    u_soc/Core_cpu/U_ID_EX/alu_c_reg[0]_i_39_n_2
    SLICE_X46Y106        CARRY4 (Prop_carry4_DI[0]_CO[3])
                                                      0.283     8.140 r  u_soc/Core_cpu/U_ID_EX/alu_c_reg[0]_i_27/CO[3]
                         net (fo=1, routed)           0.000     8.140    u_soc/Core_cpu/U_ID_EX/alu_c_reg[0]_i_27_n_2
    SLICE_X46Y107        CARRY4 (Prop_carry4_CI_CO[3])
                                                      0.054     8.194 r  u_soc/Core_cpu/U_ID_EX/alu_c_reg[0]_i_17/CO[3]
                         net (fo=1, routed)           0.000     8.194    u_soc/Core_cpu/U_ID_EX/alu_c_reg[0]_i_17_n_2
    SLICE_X46Y108        CARRY4 (Prop_carry4_CI_CO[3])
                                                      0.054     8.248 r  u_soc/Core_cpu/U_ID_EX/alu_c_reg[0]_i_6/CO[3]
                         net (fo=1, routed)           0.000     8.248    u_soc/Core_cpu/U_ID_EX/alu_c_reg[0]_i_6_n_2
    SLICE_X46Y109        CARRY4 (Prop_carry4_CI_CO[3])
                                                      0.054     8.302 r  u_soc/Core_cpu/U_ID_EX/alu_c_reg[0]_i_3/CO[3]
                         net (fo=2, routed)           0.417     8.719    u_soc/Core_cpu/U_ID_EX/U_ALU/data9
    SLICE_X45Y109        LUT4 (Prop_lut4_I3_O)        0.043     8.762 f  u_soc/Core_cpu/U_ID_EX/u1_taken_i_3/O
                         net (fo=3, routed)           0.265     9.028    u_soc/Core_cpu/U_ID_EX/u1_taken_i_3_n_2
    SLICE_X45Y110        LUT6 (Prop_lut6_I4_O)        0.043     9.071 r  u_soc/Core_cpu/U_ID_EX/dat_q_reg_0_63_2_2_i_6/O
                         net (fo=33, routed)          0.424     9.494    u_soc/Core_cpu/U_ID_EX/dat_q_reg_0_63_2_2_i_6_n_2
    SLICE_X46Y111        LUT6 (Prop_lut6_I1_O)        0.043     9.537 r  u_soc/Core_cpu/U_ID_EX/dat_q_reg_0_63_5_5_i_3/O
                         net (fo=6, routed)           0.504    10.042    u_soc/Core_cpu/U_ID_EX/ex_npc_op_reg[1]_3
    SLICE_X50Y108        LUT6 (Prop_lut6_I3_O)        0.043    10.085 r  u_soc/Core_cpu/U_ID_EX/q_row_idx[2][1]_i_24/O
                         net (fo=1, routed)           0.000    10.085    u_soc/Core_cpu/U_ID_EX/q_row_idx[2][1]_i_24_n_2
    SLICE_X50Y108        CARRY4 (Prop_carry4_S[1]_CO[3])
                                                      0.256    10.341 r  u_soc/Core_cpu/U_ID_EX/q_row_idx_reg[2][1]_i_17/CO[3]
                         net (fo=1, routed)           0.000    10.341    u_soc/Core_cpu/U_ID_EX/q_row_idx_reg[2][1]_i_17_n_2
    SLICE_X50Y109        CARRY4 (Prop_carry4_CI_CO[3])
                                                      0.054    10.395 r  u_soc/Core_cpu/U_ID_EX/q_row_idx_reg[2][1]_i_13/CO[3]
                         net (fo=1, routed)           0.000    10.395    u_soc/Core_cpu/U_ID_EX/q_row_idx_reg[2][1]_i_13_n_2
    SLICE_X50Y110        CARRY4 (Prop_carry4_CI_CO[2])
                                                      0.110    10.505 f  u_soc/Core_cpu/U_ID_EX/q_row_idx_reg[2][1]_i_12/CO[2]
                         net (fo=4, routed)           0.449    10.954    u_soc/Core_cpu/U_ID_EX/mispredict0
    SLICE_X46Y112        LUT6 (Prop_lut6_I5_O)        0.128    11.082 r  u_soc/Core_cpu/U_ID_EX/cnt_q[4]_i_6_comp/O
                         net (fo=5, routed)           0.357    11.439    u_soc/Core_cpu/u_ifu_subsys/u_btb/push_num1
    SLICE_X46Y113        LUT6 (Prop_lut6_I0_O)        0.043    11.482 r  u_soc/Core_cpu/u_ifu_subsys/u_btb/cnt_q[4]_i_3/O
                         net (fo=143, routed)         0.818    12.300    u_soc/Core_cpu/u_ifu_subsys/u_ibuf/push_num[2]
    SLICE_X70Y119        LUT3 (Prop_lut3_I1_O)        0.043    12.343 r  u_soc/Core_cpu/u_ifu_subsys/u_ibuf/ent_q[6][79]_i_3/O
                         net (fo=132, routed)         0.427    12.770    u_soc/Core_cpu/u_ifu_subsys/u_ibuf/ent_q[6][79]_i_3_n_2
    SLICE_X75Y121        LUT2 (Prop_lut2_I0_O)        0.043    12.813 r  u_soc/Core_cpu/u_ifu_subsys/u_ibuf/ent_q[6][79]_i_10/O
                         net (fo=128, routed)         0.629    13.442    u_soc/Core_cpu/u_ifu_subsys/u_ibuf/ent_q[6][79]_i_10_n_2
    SLICE_X82Y121        LUT6 (Prop_lut6_I2_O)        0.043    13.485 r  u_soc/Core_cpu/u_ifu_subsys/u_ibuf/ent_q[7][4]_i_2/O
                         net (fo=1, routed)           0.299    13.784    u_soc/Core_cpu/u_ifu_subsys/u_ibuf/ent_q[7][4]_i_2_n_2
    SLICE_X82Y121        LUT6 (Prop_lut6_I5_O)        0.043    13.827 r  u_soc/Core_cpu/u_ifu_subsys/u_ibuf/ent_q[7][4]_i_1/O
                         net (fo=1, routed)           0.000    13.827    u_soc/Core_cpu/u_ifu_subsys/u_ibuf/ent_q[7][4]_i_1_n_2
    SLICE_X82Y121        FDRE                                         r  u_soc/Core_cpu/u_ifu_subsys/u_ibuf/ent_q_reg[7][4]/D
  -------------------------------------------------------------------    -------------------

                         (clock clk rise edge)        8.500     8.500 r  
    AE23                                              0.000     8.500 r  clk (IN)
                         net (fo=0)                   0.000     8.500    clk
    AE23                 IBUF (Prop_ibuf_I_O)         0.660     9.160 r  clk_IBUF_inst/O
                         net (fo=1, routed)           2.516    11.676    clk_IBUF
    BUFGCTRL_X0Y0        BUFG (Prop_bufg_I_O)         0.083    11.759 r  u_bufg/O
                         net (fo=5686, routed)        1.256    13.015    u_soc/Core_cpu/u_ifu_subsys/u_ibuf/clk_buf
    SLICE_X82Y121        FDRE                                         r  u_soc/Core_cpu/u_ifu_subsys/u_ibuf/ent_q_reg[7][4]/C
                         clock pessimism              0.235    13.249    
                         clock uncertainty           -0.035    13.214    
    SLICE_X82Y121        FDRE (Setup_fdre_C_D)        0.065    13.279    u_soc/Core_cpu/u_ifu_subsys/u_ibuf/ent_q_reg[7][4]
  -------------------------------------------------------------------
                         required time                         13.279    
                         arrival time                         -13.827    
  -------------------------------------------------------------------
                         slack                                 -0.548    

Slack (VIOLATED) :        -0.545ns  (required time - arrival time)
  Source:                 u_soc/Core_cpu/U_ID_EX/ex_csr_addr_reg[4]/C
                            (rising edge-triggered cell FDCE clocked by clk  {rise@0.000ns fall@4.250ns period=8.500ns})
  Destination:            u_soc/Core_cpu/u_ifu_subsys/g_tage.u_tage/q_row_tag_reg[2][2]/D
                            (rising edge-triggered cell FDRE clocked by clk  {rise@0.000ns fall@4.250ns period=8.500ns})
  Path Group:             clk
  Path Type:              Setup (Max at Slow Process Corner)
  Requirement:            8.500ns  (clk rise@8.500ns - clk rise@0.000ns)
  Data Path Delay:        9.027ns  (logic 2.085ns (23.097%)  route 6.942ns (76.903%))
  Logic Levels:           25  (CARRY4=7 LUT3=1 LUT4=3 LUT5=1 LUT6=12 MUXF7=1)
  Clock Path Skew:        -0.047ns (DCD - SCD + CPR)
    Destination Clock Delay (DCD):    4.517ns = ( 13.017 - 8.500 ) 
    Source Clock Delay      (SCD):    4.871ns
    Clock Pessimism Removal (CPR):    0.308ns
  Clock Uncertainty:      0.035ns  ((TSJ^2 + TIJ^2)^1/2 + DJ) / 2 + PE
    Total System Jitter     (TSJ):    0.071ns
    Total Input Jitter      (TIJ):    0.000ns
    Discrete Jitter          (DJ):    0.000ns
    Phase Error              (PE):    0.000ns

    Location             Delay type                Incr(ns)  Path(ns)    Netlist Resource(s)
  -------------------------------------------------------------------    -------------------
                         (clock clk rise edge)        0.000     0.000 r  
    AE23                                              0.000     0.000 r  clk (IN)
                         net (fo=0)                   0.000     0.000    clk
    AE23                 IBUF (Prop_ibuf_I_O)         0.734     0.734 r  clk_IBUF_inst/O
                         net (fo=1, routed)           2.651     3.385    clk_IBUF
    BUFGCTRL_X0Y0        BUFG (Prop_bufg_I_O)         0.093     3.478 r  u_bufg/O
                         net (fo=5686, routed)        1.393     4.871    u_soc/Core_cpu/U_ID_EX/clk_buf
    SLICE_X63Y104        FDCE                                         r  u_soc/Core_cpu/U_ID_EX/ex_csr_addr_reg[4]/C
  -------------------------------------------------------------------    -------------------
    SLICE_X63Y104        FDCE (Prop_fdce_C_Q)         0.223     5.094 r  u_soc/Core_cpu/U_ID_EX/ex_csr_addr_reg[4]/Q
                         net (fo=6, routed)           0.307     5.401    u_soc/Core_cpu/U_ID_EX/ex_csr_addr[4]
    SLICE_X57Y104        LUT3 (Prop_lut3_I2_O)        0.043     5.444 r  u_soc/Core_cpu/U_ID_EX/mcause[31]_i_5/O
                         net (fo=3, routed)           0.323     5.768    u_soc/Core_cpu/U_ID_EX/mcause[31]_i_5_n_2
    SLICE_X57Y105        LUT5 (Prop_lut5_I4_O)        0.043     5.811 f  u_soc/Core_cpu/U_ID_EX/mtvec[31]_i_12/O
                         net (fo=2, routed)           0.260     6.070    u_soc/Core_cpu/U_ID_EX/mtvec[31]_i_12_n_2
    SLICE_X58Y106        LUT6 (Prop_lut6_I0_O)        0.043     6.113 f  u_soc/Core_cpu/U_ID_EX/mtvec[31]_i_9/O
                         net (fo=27, routed)          0.396     6.509    u_soc/Core_cpu/U_ID_EX/ex_csr_addr_reg[0]_0
    SLICE_X54Y104        LUT6 (Prop_lut6_I1_O)        0.043     6.552 f  u_soc/Core_cpu/U_ID_EX/mscratch[1]_i_2/O
                         net (fo=5, routed)           0.448     7.001    u_soc/Core_cpu/U_ID_EX/csr_rdata[1]
    SLICE_X49Y102        LUT4 (Prop_lut4_I0_O)        0.043     7.044 f  u_soc/Core_cpu/U_ID_EX/alu_c_reg[1]_i_8/O
                         net (fo=13, routed)          0.254     7.298    u_soc/Core_cpu/U_ID_EX/ex_A_final[1]
    SLICE_X49Y102        LUT6 (Prop_lut6_I3_O)        0.043     7.341 r  u_soc/Core_cpu/U_ID_EX/alu_c_reg[0]_i_39_comp/O
                         net (fo=2, routed)           0.516     7.857    u_soc/Core_cpu/U_ID_EX/alu_c_reg[0]_i_39_n_2
    SLICE_X46Y106        CARRY4 (Prop_carry4_DI[0]_CO[3])
                                                      0.283     8.140 r  u_soc/Core_cpu/U_ID_EX/alu_c_reg[0]_i_27/CO[3]
                         net (fo=1, routed)           0.000     8.140    u_soc/Core_cpu/U_ID_EX/alu_c_reg[0]_i_27_n_2
    SLICE_X46Y107        CARRY4 (Prop_carry4_CI_CO[3])
                                                      0.054     8.194 r  u_soc/Core_cpu/U_ID_EX/alu_c_reg[0]_i_17/CO[3]
                         net (fo=1, routed)           0.000     8.194    u_soc/Core_cpu/U_ID_EX/alu_c_reg[0]_i_17_n_2
    SLICE_X46Y108        CARRY4 (Prop_carry4_CI_CO[3])
                                                      0.054     8.248 r  u_soc/Core_cpu/U_ID_EX/alu_c_reg[0]_i_6/CO[3]
                         net (fo=1, routed)           0.000     8.248    u_soc/Core_cpu/U_ID_EX/alu_c_reg[0]_i_6_n_2
    SLICE_X46Y109        CARRY4 (Prop_carry4_CI_CO[3])
                                                      0.054     8.302 r  u_soc/Core_cpu/U_ID_EX/alu_c_reg[0]_i_3/CO[3]
                         net (fo=2, routed)           0.417     8.719    u_soc/Core_cpu/U_ID_EX/U_ALU/data9
    SLICE_X45Y109        LUT4 (Prop_lut4_I3_O)        0.043     8.762 f  u_soc/Core_cpu/U_ID_EX/u1_taken_i_3/O
                         net (fo=3, routed)           0.265     9.028    u_soc/Core_cpu/U_ID_EX/u1_taken_i_3_n_2
    SLICE_X45Y110        LUT6 (Prop_lut6_I4_O)        0.043     9.071 r  u_soc/Core_cpu/U_ID_EX/dat_q_reg_0_63_2_2_i_6/O
                         net (fo=33, routed)          0.424     9.494    u_soc/Core_cpu/U_ID_EX/dat_q_reg_0_63_2_2_i_6_n_2
    SLICE_X46Y111        LUT6 (Prop_lut6_I1_O)        0.043     9.537 r  u_soc/Core_cpu/U_ID_EX/dat_q_reg_0_63_5_5_i_3/O
                         net (fo=6, routed)           0.504    10.042    u_soc/Core_cpu/U_ID_EX/ex_npc_op_reg[1]_3
    SLICE_X50Y108        LUT6 (Prop_lut6_I3_O)        0.043    10.085 r  u_soc/Core_cpu/U_ID_EX/q_row_idx[2][1]_i_24/O
                         net (fo=1, routed)           0.000    10.085    u_soc/Core_cpu/U_ID_EX/q_row_idx[2][1]_i_24_n_2
    SLICE_X50Y108        CARRY4 (Prop_carry4_S[1]_CO[3])
                                                      0.256    10.341 r  u_soc/Core_cpu/U_ID_EX/q_row_idx_reg[2][1]_i_17/CO[3]
                         net (fo=1, routed)           0.000    10.341    u_soc/Core_cpu/U_ID_EX/q_row_idx_reg[2][1]_i_17_n_2
    SLICE_X50Y109        CARRY4 (Prop_carry4_CI_CO[3])
                                                      0.054    10.395 r  u_soc/Core_cpu/U_ID_EX/q_row_idx_reg[2][1]_i_13/CO[3]
                         net (fo=1, routed)           0.000    10.395    u_soc/Core_cpu/U_ID_EX/q_row_idx_reg[2][1]_i_13_n_2
    SLICE_X50Y110        CARRY4 (Prop_carry4_CI_CO[2])
                                                      0.110    10.505 f  u_soc/Core_cpu/U_ID_EX/q_row_idx_reg[2][1]_i_12/CO[2]
                         net (fo=4, routed)           0.449    10.954    u_soc/Core_cpu/U_ID_EX/mispredict0
    SLICE_X46Y112        LUT6 (Prop_lut6_I5_O)        0.128    11.082 r  u_soc/Core_cpu/U_ID_EX/cnt_q[4]_i_6_comp/O
                         net (fo=5, routed)           0.347    11.429    u_soc/Core_cpu/u_ifu_subsys/u_btb/push_num1
    SLICE_X48Y112        LUT6 (Prop_lut6_I5_O)        0.043    11.472 r  u_soc/Core_cpu/u_ifu_subsys/u_btb/cnt_q[0]_i_3/O
                         net (fo=9, routed)           0.214    11.686    u_soc/Core_cpu/u_ifu_subsys/u_ibuf/cnt_q_reg[0]_0
    SLICE_X47Y113        LUT4 (Prop_lut4_I3_O)        0.043    11.729 r  u_soc/Core_cpu/u_ifu_subsys/u_ibuf/cnt_q[1]_i_2/O
                         net (fo=9, routed)           0.383    12.112    u_soc/Core_cpu/u_ifu_subsys/u_ibuf/cnt_q_reg[4]_0[0]
    SLICE_X48Y114        LUT6 (Prop_lut6_I1_O)        0.043    12.155 r  u_soc/Core_cpu/u_ifu_subsys/u_ibuf/q_row_tag[1][2]_i_8_comp/O
                         net (fo=22, routed)          0.626    12.782    u_soc/Core_cpu/u_ifu_subsys/u_ibuf/p_2_in
    SLICE_X55Y114        LUT6 (Prop_lut6_I3_O)        0.043    12.825 r  u_soc/Core_cpu/u_ifu_subsys/u_ibuf/q_row_idx[2][1]_i_7/O
                         net (fo=3, routed)           0.442    13.266    u_soc/Core_cpu/u_ifu_subsys/u_ibuf/q_row_idx[2][1]_i_7_n_2
    SLICE_X54Y113        LUT6 (Prop_lut6_I1_O)        0.043    13.309 r  u_soc/Core_cpu/u_ifu_subsys/u_ibuf/q_row_idx[2][0]_i_5/O
                         net (fo=1, routed)           0.000    13.309    u_soc/Core_cpu/U_ID_EX/q_row_tag_reg[3][3]
    SLICE_X54Y113        MUXF7 (Prop_muxf7_I0_O)      0.101    13.410 r  u_soc/Core_cpu/U_ID_EX/q_row_idx_reg[2][0]_i_2/O
                         net (fo=4, routed)           0.365    13.776    u_soc/Core_cpu/U_ID_EX/q_row_idx_reg[2][0]_i_2_n_2
    SLICE_X54Y110        LUT6 (Prop_lut6_I0_O)        0.123    13.899 r  u_soc/Core_cpu/U_ID_EX/q_row_tag[2][2]_i_1/O
                         net (fo=1, routed)           0.000    13.899    u_soc/Core_cpu/u_ifu_subsys/g_tage.u_tage/q_row_tag_reg[2][5]_0[2]
    SLICE_X54Y110        FDRE                                         r  u_soc/Core_cpu/u_ifu_subsys/g_tage.u_tage/q_row_tag_reg[2][2]/D
  -------------------------------------------------------------------    -------------------

                         (clock clk rise edge)        8.500     8.500 r  
    AE23                                              0.000     8.500 r  clk (IN)
                         net (fo=0)                   0.000     8.500    clk
    AE23                 IBUF (Prop_ibuf_I_O)         0.660     9.160 r  clk_IBUF_inst/O
                         net (fo=1, routed)           2.516    11.676    clk_IBUF
    BUFGCTRL_X0Y0        BUFG (Prop_bufg_I_O)         0.083    11.759 r  u_bufg/O
                         net (fo=5686, routed)        1.258    13.017    u_soc/Core_cpu/u_ifu_subsys/g_tage.u_tage/clk_buf
    SLICE_X54Y110        FDRE                                         r  u_soc/Core_cpu/u_ifu_subsys/g_tage.u_tage/q_row_tag_reg[2][2]/C
                         clock pessimism              0.308    13.324    
                         clock uncertainty           -0.035    13.289    
    SLICE_X54Y110        FDRE (Setup_fdre_C_D)        0.065    13.354    u_soc/Core_cpu/u_ifu_subsys/g_tage.u_tage/q_row_tag_reg[2][2]
  -------------------------------------------------------------------
                         required time                         13.354    
                         arrival time                         -13.899    
  -------------------------------------------------------------------
                         slack                                 -0.545    

Slack (VIOLATED) :        -0.543ns  (required time - arrival time)
  Source:                 u_soc/Core_cpu/U_ID_EX/ex_csr_addr_reg[4]/C
                            (rising edge-triggered cell FDCE clocked by clk  {rise@0.000ns fall@4.250ns period=8.500ns})
  Destination:            u_soc/Core_cpu/u_ifu_subsys/u_ibuf/ent_q_reg[3][10]/D
                            (rising edge-triggered cell FDRE clocked by clk  {rise@0.000ns fall@4.250ns period=8.500ns})
  Path Group:             clk
  Path Type:              Setup (Max at Slow Process Corner)
  Requirement:            8.500ns  (clk rise@8.500ns - clk rise@0.000ns)
  Data Path Delay:        8.918ns  (logic 1.960ns (21.978%)  route 6.958ns (78.022%))
  Logic Levels:           23  (CARRY4=7 LUT3=1 LUT4=5 LUT5=1 LUT6=9)
  Clock Path Skew:        -0.124ns (DCD - SCD + CPR)
    Destination Clock Delay (DCD):    4.513ns = ( 13.013 - 8.500 ) 
    Source Clock Delay      (SCD):    4.871ns
    Clock Pessimism Removal (CPR):    0.235ns
  Clock Uncertainty:      0.035ns  ((TSJ^2 + TIJ^2)^1/2 + DJ) / 2 + PE
    Total System Jitter     (TSJ):    0.071ns
    Total Input Jitter      (TIJ):    0.000ns
    Discrete Jitter          (DJ):    0.000ns
    Phase Error              (PE):    0.000ns

    Location             Delay type                Incr(ns)  Path(ns)    Netlist Resource(s)
  -------------------------------------------------------------------    -------------------
                         (clock clk rise edge)        0.000     0.000 r  
    AE23                                              0.000     0.000 r  clk (IN)
                         net (fo=0)                   0.000     0.000    clk
    AE23                 IBUF (Prop_ibuf_I_O)         0.734     0.734 r  clk_IBUF_inst/O
                         net (fo=1, routed)           2.651     3.385    clk_IBUF
    BUFGCTRL_X0Y0        BUFG (Prop_bufg_I_O)         0.093     3.478 r  u_bufg/O
                         net (fo=5686, routed)        1.393     4.871    u_soc/Core_cpu/U_ID_EX/clk_buf
    SLICE_X63Y104        FDCE                                         r  u_soc/Core_cpu/U_ID_EX/ex_csr_addr_reg[4]/C
  -------------------------------------------------------------------    -------------------
    SLICE_X63Y104        FDCE (Prop_fdce_C_Q)         0.223     5.094 r  u_soc/Core_cpu/U_ID_EX/ex_csr_addr_reg[4]/Q
                         net (fo=6, routed)           0.307     5.401    u_soc/Core_cpu/U_ID_EX/ex_csr_addr[4]
    SLICE_X57Y104        LUT3 (Prop_lut3_I2_O)        0.043     5.444 r  u_soc/Core_cpu/U_ID_EX/mcause[31]_i_5/O
                         net (fo=3, routed)           0.323     5.768    u_soc/Core_cpu/U_ID_EX/mcause[31]_i_5_n_2
    SLICE_X57Y105        LUT5 (Prop_lut5_I4_O)        0.043     5.811 f  u_soc/Core_cpu/U_ID_EX/mtvec[31]_i_12/O
                         net (fo=2, routed)           0.260     6.070    u_soc/Core_cpu/U_ID_EX/mtvec[31]_i_12_n_2
    SLICE_X58Y106        LUT6 (Prop_lut6_I0_O)        0.043     6.113 f  u_soc/Core_cpu/U_ID_EX/mtvec[31]_i_9/O
                         net (fo=27, routed)          0.396     6.509    u_soc/Core_cpu/U_ID_EX/ex_csr_addr_reg[0]_0
    SLICE_X54Y104        LUT6 (Prop_lut6_I1_O)        0.043     6.552 f  u_soc/Core_cpu/U_ID_EX/mscratch[1]_i_2/O
                         net (fo=5, routed)           0.448     7.001    u_soc/Core_cpu/U_ID_EX/csr_rdata[1]
    SLICE_X49Y102        LUT4 (Prop_lut4_I0_O)        0.043     7.044 f  u_soc/Core_cpu/U_ID_EX/alu_c_reg[1]_i_8/O
                         net (fo=13, routed)          0.254     7.298    u_soc/Core_cpu/U_ID_EX/ex_A_final[1]
    SLICE_X49Y102        LUT6 (Prop_lut6_I3_O)        0.043     7.341 r  u_soc/Core_cpu/U_ID_EX/alu_c_reg[0]_i_39_comp/O
                         net (fo=2, routed)           0.516     7.857    u_soc/Core_cpu/U_ID_EX/alu_c_reg[0]_i_39_n_2
    SLICE_X46Y106        CARRY4 (Prop_carry4_DI[0]_CO[3])
                                                      0.283     8.140 r  u_soc/Core_cpu/U_ID_EX/alu_c_reg[0]_i_27/CO[3]
                         net (fo=1, routed)           0.000     8.140    u_soc/Core_cpu/U_ID_EX/alu_c_reg[0]_i_27_n_2
    SLICE_X46Y107        CARRY4 (Prop_carry4_CI_CO[3])
                                                      0.054     8.194 r  u_soc/Core_cpu/U_ID_EX/alu_c_reg[0]_i_17/CO[3]
                         net (fo=1, routed)           0.000     8.194    u_soc/Core_cpu/U_ID_EX/alu_c_reg[0]_i_17_n_2
    SLICE_X46Y108        CARRY4 (Prop_carry4_CI_CO[3])
                                                      0.054     8.248 r  u_soc/Core_cpu/U_ID_EX/alu_c_reg[0]_i_6/CO[3]
                         net (fo=1, routed)           0.000     8.248    u_soc/Core_cpu/U_ID_EX/alu_c_reg[0]_i_6_n_2
    SLICE_X46Y109        CARRY4 (Prop_carry4_CI_CO[3])
                                                      0.054     8.302 r  u_soc/Core_cpu/U_ID_EX/alu_c_reg[0]_i_3/CO[3]
                         net (fo=2, routed)           0.417     8.719    u_soc/Core_cpu/U_ID_EX/U_ALU/data9
    SLICE_X45Y109        LUT4 (Prop_lut4_I3_O)        0.043     8.762 f  u_soc/Core_cpu/U_ID_EX/u1_taken_i_3/O
                         net (fo=3, routed)           0.265     9.028    u_soc/Core_cpu/U_ID_EX/u1_taken_i_3_n_2
    SLICE_X45Y110        LUT6 (Prop_lut6_I4_O)        0.043     9.071 r  u_soc/Core_cpu/U_ID_EX/dat_q_reg_0_63_2_2_i_6/O
                         net (fo=33, routed)          0.424     9.494    u_soc/Core_cpu/U_ID_EX/dat_q_reg_0_63_2_2_i_6_n_2
    SLICE_X46Y111        LUT6 (Prop_lut6_I1_O)        0.043     9.537 r  u_soc/Core_cpu/U_ID_EX/dat_q_reg_0_63_5_5_i_3/O
                         net (fo=6, routed)           0.504    10.042    u_soc/Core_cpu/U_ID_EX/ex_npc_op_reg[1]_3
    SLICE_X50Y108        LUT6 (Prop_lut6_I3_O)        0.043    10.085 r  u_soc/Core_cpu/U_ID_EX/q_row_idx[2][1]_i_24/O
                         net (fo=1, routed)           0.000    10.085    u_soc/Core_cpu/U_ID_EX/q_row_idx[2][1]_i_24_n_2
    SLICE_X50Y108        CARRY4 (Prop_carry4_S[1]_CO[3])
                                                      0.256    10.341 r  u_soc/Core_cpu/U_ID_EX/q_row_idx_reg[2][1]_i_17/CO[3]
                         net (fo=1, routed)           0.000    10.341    u_soc/Core_cpu/U_ID_EX/q_row_idx_reg[2][1]_i_17_n_2
    SLICE_X50Y109        CARRY4 (Prop_carry4_CI_CO[3])
                                                      0.054    10.395 r  u_soc/Core_cpu/U_ID_EX/q_row_idx_reg[2][1]_i_13/CO[3]
                         net (fo=1, routed)           0.000    10.395    u_soc/Core_cpu/U_ID_EX/q_row_idx_reg[2][1]_i_13_n_2
    SLICE_X50Y110        CARRY4 (Prop_carry4_CI_CO[2])
                                                      0.110    10.505 f  u_soc/Core_cpu/U_ID_EX/q_row_idx_reg[2][1]_i_12/CO[2]
                         net (fo=4, routed)           0.449    10.954    u_soc/Core_cpu/U_ID_EX/mispredict0
    SLICE_X46Y112        LUT6 (Prop_lut6_I5_O)        0.128    11.082 r  u_soc/Core_cpu/U_ID_EX/cnt_q[4]_i_6_comp/O
                         net (fo=5, routed)           0.296    11.378    u_soc/Core_cpu/u_ifu_subsys/u_btb/push_num1
    SLICE_X47Y112        LUT4 (Prop_lut4_I1_O)        0.043    11.421 r  u_soc/Core_cpu/u_ifu_subsys/u_btb/cnt_q[2]_i_6/O
                         net (fo=3, routed)           0.192    11.613    u_soc/Core_cpu/u_ifu_subsys/u_ibuf/cnt_q_reg[2]_0
    SLICE_X47Y113        LUT4 (Prop_lut4_I3_O)        0.043    11.656 r  u_soc/Core_cpu/u_ifu_subsys/u_ibuf/cnt_q[2]_i_2/O
                         net (fo=24, routed)          0.602    12.257    u_soc/Core_cpu/u_ifu_subsys/u_ibuf/cnt_q_reg[4]_0[1]
    SLICE_X57Y112        LUT6 (Prop_lut6_I5_O)        0.043    12.300 r  u_soc/Core_cpu/u_ifu_subsys/u_ibuf/ent_q[6][150]_i_14/O
                         net (fo=121, routed)         0.875    13.175    u_soc/Core_cpu/u_ifu_subsys/u_ibuf/ent_q[6][150]_i_14_n_2
    SLICE_X74Y122        LUT4 (Prop_lut4_I3_O)        0.051    13.226 r  u_soc/Core_cpu/u_ifu_subsys/u_ibuf/ent_q[6][10]_i_3_comp_4/O
                         net (fo=1, routed)           0.429    13.655    u_soc/Core_cpu/u_ifu_subsys/u_ibuf/ent_q[6][10]_i_3_n_2_repN_4
    SLICE_X81Y123        LUT6 (Prop_lut6_I4_O)        0.134    13.789 r  u_soc/Core_cpu/u_ifu_subsys/u_ibuf/ent_q[3][10]_i_1_comp/O
                         net (fo=1, routed)           0.000    13.789    u_soc/Core_cpu/u_ifu_subsys/u_ibuf/ent_q[3][10]_i_1_n_2
    SLICE_X81Y123        FDRE                                         r  u_soc/Core_cpu/u_ifu_subsys/u_ibuf/ent_q_reg[3][10]/D
  -------------------------------------------------------------------    -------------------

                         (clock clk rise edge)        8.500     8.500 r  
    AE23                                              0.000     8.500 r  clk (IN)
                         net (fo=0)                   0.000     8.500    clk
    AE23                 IBUF (Prop_ibuf_I_O)         0.660     9.160 r  clk_IBUF_inst/O
                         net (fo=1, routed)           2.516    11.676    clk_IBUF
    BUFGCTRL_X0Y0        BUFG (Prop_bufg_I_O)         0.083    11.759 r  u_bufg/O
                         net (fo=5686, routed)        1.254    13.013    u_soc/Core_cpu/u_ifu_subsys/u_ibuf/clk_buf
    SLICE_X81Y123        FDRE                                         r  u_soc/Core_cpu/u_ifu_subsys/u_ibuf/ent_q_reg[3][10]/C
                         clock pessimism              0.235    13.247    
                         clock uncertainty           -0.035    13.212    
    SLICE_X81Y123        FDRE (Setup_fdre_C_D)        0.034    13.246    u_soc/Core_cpu/u_ifu_subsys/u_ibuf/ent_q_reg[3][10]
  -------------------------------------------------------------------
                         required time                         13.246    
                         arrival time                         -13.789    
  -------------------------------------------------------------------
                         slack                                 -0.543    

Slack (VIOLATED) :        -0.541ns  (required time - arrival time)
  Source:                 u_soc/Core_cpu/U_ID_EX/ex_csr_addr_reg[4]/C
                            (rising edge-triggered cell FDCE clocked by clk  {rise@0.000ns fall@4.250ns period=8.500ns})
  Destination:            u_soc/Core_cpu/u_ifu_subsys/g_tage.u_tage/q_row_idx_reg[3][5]/D
                            (rising edge-triggered cell FDRE clocked by clk  {rise@0.000ns fall@4.250ns period=8.500ns})
  Path Group:             clk
  Path Type:              Setup (Max at Slow Process Corner)
  Requirement:            8.500ns  (clk rise@8.500ns - clk rise@0.000ns)
  Data Path Delay:        9.022ns  (logic 1.904ns (21.104%)  route 7.118ns (78.896%))
  Logic Levels:           24  (CARRY4=7 LUT3=1 LUT4=3 LUT5=1 LUT6=12)
  Clock Path Skew:        -0.048ns (DCD - SCD + CPR)
    Destination Clock Delay (DCD):    4.516ns = ( 13.016 - 8.500 ) 
    Source Clock Delay      (SCD):    4.871ns
    Clock Pessimism Removal (CPR):    0.308ns
  Clock Uncertainty:      0.035ns  ((TSJ^2 + TIJ^2)^1/2 + DJ) / 2 + PE
    Total System Jitter     (TSJ):    0.071ns
    Total Input Jitter      (TIJ):    0.000ns
    Discrete Jitter          (DJ):    0.000ns
    Phase Error              (PE):    0.000ns

    Location             Delay type                Incr(ns)  Path(ns)    Netlist Resource(s)
  -------------------------------------------------------------------    -------------------
                         (clock clk rise edge)        0.000     0.000 r  
    AE23                                              0.000     0.000 r  clk (IN)
                         net (fo=0)                   0.000     0.000    clk
    AE23                 IBUF (Prop_ibuf_I_O)         0.734     0.734 r  clk_IBUF_inst/O
                         net (fo=1, routed)           2.651     3.385    clk_IBUF
    BUFGCTRL_X0Y0        BUFG (Prop_bufg_I_O)         0.093     3.478 r  u_bufg/O
                         net (fo=5686, routed)        1.393     4.871    u_soc/Core_cpu/U_ID_EX/clk_buf
    SLICE_X63Y104        FDCE                                         r  u_soc/Core_cpu/U_ID_EX/ex_csr_addr_reg[4]/C
  -------------------------------------------------------------------    -------------------
    SLICE_X63Y104        FDCE (Prop_fdce_C_Q)         0.223     5.094 r  u_soc/Core_cpu/U_ID_EX/ex_csr_addr_reg[4]/Q
                         net (fo=6, routed)           0.307     5.401    u_soc/Core_cpu/U_ID_EX/ex_csr_addr[4]
    SLICE_X57Y104        LUT3 (Prop_lut3_I2_O)        0.043     5.444 r  u_soc/Core_cpu/U_ID_EX/mcause[31]_i_5/O
                         net (fo=3, routed)           0.323     5.768    u_soc/Core_cpu/U_ID_EX/mcause[31]_i_5_n_2
    SLICE_X57Y105        LUT5 (Prop_lut5_I4_O)        0.043     5.811 f  u_soc/Core_cpu/U_ID_EX/mtvec[31]_i_12/O
                         net (fo=2, routed)           0.260     6.070    u_soc/Core_cpu/U_ID_EX/mtvec[31]_i_12_n_2
    SLICE_X58Y106        LUT6 (Prop_lut6_I0_O)        0.043     6.113 f  u_soc/Core_cpu/U_ID_EX/mtvec[31]_i_9/O
                         net (fo=27, routed)          0.396     6.509    u_soc/Core_cpu/U_ID_EX/ex_csr_addr_reg[0]_0
    SLICE_X54Y104        LUT6 (Prop_lut6_I1_O)        0.043     6.552 f  u_soc/Core_cpu/U_ID_EX/mscratch[1]_i_2/O
                         net (fo=5, routed)           0.448     7.001    u_soc/Core_cpu/U_ID_EX/csr_rdata[1]
    SLICE_X49Y102        LUT4 (Prop_lut4_I0_O)        0.043     7.044 f  u_soc/Core_cpu/U_ID_EX/alu_c_reg[1]_i_8/O
                         net (fo=13, routed)          0.254     7.298    u_soc/Core_cpu/U_ID_EX/ex_A_final[1]
    SLICE_X49Y102        LUT6 (Prop_lut6_I3_O)        0.043     7.341 r  u_soc/Core_cpu/U_ID_EX/alu_c_reg[0]_i_39_comp/O
                         net (fo=2, routed)           0.516     7.857    u_soc/Core_cpu/U_ID_EX/alu_c_reg[0]_i_39_n_2
    SLICE_X46Y106        CARRY4 (Prop_carry4_DI[0]_CO[3])
                                                      0.283     8.140 r  u_soc/Core_cpu/U_ID_EX/alu_c_reg[0]_i_27/CO[3]
                         net (fo=1, routed)           0.000     8.140    u_soc/Core_cpu/U_ID_EX/alu_c_reg[0]_i_27_n_2
    SLICE_X46Y107        CARRY4 (Prop_carry4_CI_CO[3])
                                                      0.054     8.194 r  u_soc/Core_cpu/U_ID_EX/alu_c_reg[0]_i_17/CO[3]
                         net (fo=1, routed)           0.000     8.194    u_soc/Core_cpu/U_ID_EX/alu_c_reg[0]_i_17_n_2
    SLICE_X46Y108        CARRY4 (Prop_carry4_CI_CO[3])
                                                      0.054     8.248 r  u_soc/Core_cpu/U_ID_EX/alu_c_reg[0]_i_6/CO[3]
                         net (fo=1, routed)           0.000     8.248    u_soc/Core_cpu/U_ID_EX/alu_c_reg[0]_i_6_n_2
    SLICE_X46Y109        CARRY4 (Prop_carry4_CI_CO[3])
                                                      0.054     8.302 r  u_soc/Core_cpu/U_ID_EX/alu_c_reg[0]_i_3/CO[3]
                         net (fo=2, routed)           0.417     8.719    u_soc/Core_cpu/U_ID_EX/U_ALU/data9
    SLICE_X45Y109        LUT4 (Prop_lut4_I3_O)        0.043     8.762 f  u_soc/Core_cpu/U_ID_EX/u1_taken_i_3/O
                         net (fo=3, routed)           0.265     9.028    u_soc/Core_cpu/U_ID_EX/u1_taken_i_3_n_2
    SLICE_X45Y110        LUT6 (Prop_lut6_I4_O)        0.043     9.071 r  u_soc/Core_cpu/U_ID_EX/dat_q_reg_0_63_2_2_i_6/O
                         net (fo=33, routed)          0.424     9.494    u_soc/Core_cpu/U_ID_EX/dat_q_reg_0_63_2_2_i_6_n_2
    SLICE_X46Y111        LUT6 (Prop_lut6_I1_O)        0.043     9.537 r  u_soc/Core_cpu/U_ID_EX/dat_q_reg_0_63_5_5_i_3/O
                         net (fo=6, routed)           0.504    10.042    u_soc/Core_cpu/U_ID_EX/ex_npc_op_reg[1]_3
    SLICE_X50Y108        LUT6 (Prop_lut6_I3_O)        0.043    10.085 r  u_soc/Core_cpu/U_ID_EX/q_row_idx[2][1]_i_24/O
                         net (fo=1, routed)           0.000    10.085    u_soc/Core_cpu/U_ID_EX/q_row_idx[2][1]_i_24_n_2
    SLICE_X50Y108        CARRY4 (Prop_carry4_S[1]_CO[3])
                                                      0.256    10.341 r  u_soc/Core_cpu/U_ID_EX/q_row_idx_reg[2][1]_i_17/CO[3]
                         net (fo=1, routed)           0.000    10.341    u_soc/Core_cpu/U_ID_EX/q_row_idx_reg[2][1]_i_17_n_2
    SLICE_X50Y109        CARRY4 (Prop_carry4_CI_CO[3])
                                                      0.054    10.395 r  u_soc/Core_cpu/U_ID_EX/q_row_idx_reg[2][1]_i_13/CO[3]
                         net (fo=1, routed)           0.000    10.395    u_soc/Core_cpu/U_ID_EX/q_row_idx_reg[2][1]_i_13_n_2
    SLICE_X50Y110        CARRY4 (Prop_carry4_CI_CO[2])
                                                      0.110    10.505 f  u_soc/Core_cpu/U_ID_EX/q_row_idx_reg[2][1]_i_12/CO[2]
                         net (fo=4, routed)           0.449    10.954    u_soc/Core_cpu/U_ID_EX/mispredict0
    SLICE_X46Y112        LUT6 (Prop_lut6_I5_O)        0.128    11.082 r  u_soc/Core_cpu/U_ID_EX/cnt_q[4]_i_6_comp/O
                         net (fo=5, routed)           0.347    11.429    u_soc/Core_cpu/u_ifu_subsys/u_btb/push_num1
    SLICE_X48Y112        LUT6 (Prop_lut6_I5_O)        0.043    11.472 r  u_soc/Core_cpu/u_ifu_subsys/u_btb/cnt_q[0]_i_3/O
                         net (fo=9, routed)           0.214    11.686    u_soc/Core_cpu/u_ifu_subsys/u_ibuf/cnt_q_reg[0]_0
    SLICE_X47Y113        LUT4 (Prop_lut4_I3_O)        0.043    11.729 r  u_soc/Core_cpu/u_ifu_subsys/u_ibuf/cnt_q[1]_i_2/O
                         net (fo=9, routed)           0.383    12.112    u_soc/Core_cpu/u_ifu_subsys/u_ibuf/cnt_q_reg[4]_0[0]
    SLICE_X48Y114        LUT6 (Prop_lut6_I1_O)        0.043    12.155 r  u_soc/Core_cpu/u_ifu_subsys/u_ibuf/q_row_tag[1][2]_i_8_comp/O
                         net (fo=22, routed)          0.726    12.881    u_soc/Core_cpu/u_ifu_subsys/u_ibuf/p_2_in
    SLICE_X54Y110        LUT6 (Prop_lut6_I3_O)        0.043    12.924 r  u_soc/Core_cpu/u_ifu_subsys/u_ibuf/q_row_idx[3][5]_i_4/O
                         net (fo=4, routed)           0.551    13.475    u_soc/Core_cpu/u_ifu_subsys/u_ibuf/q_row_idx[3][5]_i_4_n_2
    SLICE_X56Y110        LUT6 (Prop_lut6_I0_O)        0.043    13.518 r  u_soc/Core_cpu/u_ifu_subsys/u_ibuf/q_row_idx[3][5]_i_2/O
                         net (fo=2, routed)           0.333    13.850    u_soc/Core_cpu/u_ifu_subsys/u_btb/q_row_idx_reg[3][5]
    SLICE_X56Y111        LUT6 (Prop_lut6_I1_O)        0.043    13.893 r  u_soc/Core_cpu/u_ifu_subsys/u_btb/q_row_idx[3][5]_i_1/O
                         net (fo=1, routed)           0.000    13.893    u_soc/Core_cpu/u_ifu_subsys/g_tage.u_tage/row_index_w2_return[2]
    SLICE_X56Y111        FDRE                                         r  u_soc/Core_cpu/u_ifu_subsys/g_tage.u_tage/q_row_idx_reg[3][5]/D
  -------------------------------------------------------------------    -------------------

                         (clock clk rise edge)        8.500     8.500 r  
    AE23                                              0.000     8.500 r  clk (IN)
                         net (fo=0)                   0.000     8.500    clk
    AE23                 IBUF (Prop_ibuf_I_O)         0.660     9.160 r  clk_IBUF_inst/O
                         net (fo=1, routed)           2.516    11.676    clk_IBUF
    BUFGCTRL_X0Y0        BUFG (Prop_bufg_I_O)         0.083    11.759 r  u_bufg/O
                         net (fo=5686, routed)        1.257    13.016    u_soc/Core_cpu/u_ifu_subsys/g_tage.u_tage/clk_buf
    SLICE_X56Y111        FDRE                                         r  u_soc/Core_cpu/u_ifu_subsys/g_tage.u_tage/q_row_idx_reg[3][5]/C
                         clock pessimism              0.308    13.323    
                         clock uncertainty           -0.035    13.288    
    SLICE_X56Y111        FDRE (Setup_fdre_C_D)        0.064    13.352    u_soc/Core_cpu/u_ifu_subsys/g_tage.u_tage/q_row_idx_reg[3][5]
  -------------------------------------------------------------------
                         required time                         13.352    
                         arrival time                         -13.893    
  -------------------------------------------------------------------
                         slack                                 -0.541    

Slack (VIOLATED) :        -0.540ns  (required time - arrival time)
  Source:                 u_soc/Core_cpu/U_ID_EX/ex_csr_addr_reg[4]/C
                            (rising edge-triggered cell FDCE clocked by clk  {rise@0.000ns fall@4.250ns period=8.500ns})
  Destination:            u_soc/Core_cpu/u_ifu_subsys/u_ibuf/ent_q_reg[5][11]/D
                            (rising edge-triggered cell FDRE clocked by clk  {rise@0.000ns fall@4.250ns period=8.500ns})
  Path Group:             clk
  Path Type:              Setup (Max at Slow Process Corner)
  Requirement:            8.500ns  (clk rise@8.500ns - clk rise@0.000ns)
  Data Path Delay:        8.918ns  (logic 1.861ns (20.869%)  route 7.057ns (79.131%))
  Logic Levels:           23  (CARRY4=7 LUT3=1 LUT4=4 LUT5=2 LUT6=9)
  Clock Path Skew:        -0.120ns (DCD - SCD + CPR)
    Destination Clock Delay (DCD):    4.517ns = ( 13.017 - 8.500 ) 
    Source Clock Delay      (SCD):    4.871ns
    Clock Pessimism Removal (CPR):    0.235ns
  Clock Uncertainty:      0.035ns  ((TSJ^2 + TIJ^2)^1/2 + DJ) / 2 + PE
    Total System Jitter     (TSJ):    0.071ns
    Total Input Jitter      (TIJ):    0.000ns
    Discrete Jitter          (DJ):    0.000ns
    Phase Error              (PE):    0.000ns

    Location             Delay type                Incr(ns)  Path(ns)    Netlist Resource(s)
  -------------------------------------------------------------------    -------------------
                         (clock clk rise edge)        0.000     0.000 r  
    AE23                                              0.000     0.000 r  clk (IN)
                         net (fo=0)                   0.000     0.000    clk
    AE23                 IBUF (Prop_ibuf_I_O)         0.734     0.734 r  clk_IBUF_inst/O
                         net (fo=1, routed)           2.651     3.385    clk_IBUF
    BUFGCTRL_X0Y0        BUFG (Prop_bufg_I_O)         0.093     3.478 r  u_bufg/O
                         net (fo=5686, routed)        1.393     4.871    u_soc/Core_cpu/U_ID_EX/clk_buf
    SLICE_X63Y104        FDCE                                         r  u_soc/Core_cpu/U_ID_EX/ex_csr_addr_reg[4]/C
  -------------------------------------------------------------------    -------------------
    SLICE_X63Y104        FDCE (Prop_fdce_C_Q)         0.223     5.094 r  u_soc/Core_cpu/U_ID_EX/ex_csr_addr_reg[4]/Q
                         net (fo=6, routed)           0.307     5.401    u_soc/Core_cpu/U_ID_EX/ex_csr_addr[4]
    SLICE_X57Y104        LUT3 (Prop_lut3_I2_O)        0.043     5.444 r  u_soc/Core_cpu/U_ID_EX/mcause[31]_i_5/O
                         net (fo=3, routed)           0.323     5.768    u_soc/Core_cpu/U_ID_EX/mcause[31]_i_5_n_2
    SLICE_X57Y105        LUT5 (Prop_lut5_I4_O)        0.043     5.811 f  u_soc/Core_cpu/U_ID_EX/mtvec[31]_i_12/O
                         net (fo=2, routed)           0.260     6.070    u_soc/Core_cpu/U_ID_EX/mtvec[31]_i_12_n_2
    SLICE_X58Y106        LUT6 (Prop_lut6_I0_O)        0.043     6.113 f  u_soc/Core_cpu/U_ID_EX/mtvec[31]_i_9/O
                         net (fo=27, routed)          0.396     6.509    u_soc/Core_cpu/U_ID_EX/ex_csr_addr_reg[0]_0
    SLICE_X54Y104        LUT6 (Prop_lut6_I1_O)        0.043     6.552 f  u_soc/Core_cpu/U_ID_EX/mscratch[1]_i_2/O
                         net (fo=5, routed)           0.448     7.001    u_soc/Core_cpu/U_ID_EX/csr_rdata[1]
    SLICE_X49Y102        LUT4 (Prop_lut4_I0_O)        0.043     7.044 f  u_soc/Core_cpu/U_ID_EX/alu_c_reg[1]_i_8/O
                         net (fo=13, routed)          0.254     7.298    u_soc/Core_cpu/U_ID_EX/ex_A_final[1]
    SLICE_X49Y102        LUT6 (Prop_lut6_I3_O)        0.043     7.341 r  u_soc/Core_cpu/U_ID_EX/alu_c_reg[0]_i_39_comp/O
                         net (fo=2, routed)           0.516     7.857    u_soc/Core_cpu/U_ID_EX/alu_c_reg[0]_i_39_n_2
    SLICE_X46Y106        CARRY4 (Prop_carry4_DI[0]_CO[3])
                                                      0.283     8.140 r  u_soc/Core_cpu/U_ID_EX/alu_c_reg[0]_i_27/CO[3]
                         net (fo=1, routed)           0.000     8.140    u_soc/Core_cpu/U_ID_EX/alu_c_reg[0]_i_27_n_2
    SLICE_X46Y107        CARRY4 (Prop_carry4_CI_CO[3])
                                                      0.054     8.194 r  u_soc/Core_cpu/U_ID_EX/alu_c_reg[0]_i_17/CO[3]
                         net (fo=1, routed)           0.000     8.194    u_soc/Core_cpu/U_ID_EX/alu_c_reg[0]_i_17_n_2
    SLICE_X46Y108        CARRY4 (Prop_carry4_CI_CO[3])
                                                      0.054     8.248 r  u_soc/Core_cpu/U_ID_EX/alu_c_reg[0]_i_6/CO[3]
                         net (fo=1, routed)           0.000     8.248    u_soc/Core_cpu/U_ID_EX/alu_c_reg[0]_i_6_n_2
    SLICE_X46Y109        CARRY4 (Prop_carry4_CI_CO[3])
                                                      0.054     8.302 r  u_soc/Core_cpu/U_ID_EX/alu_c_reg[0]_i_3/CO[3]
                         net (fo=2, routed)           0.417     8.719    u_soc/Core_cpu/U_ID_EX/U_ALU/data9
    SLICE_X45Y109        LUT4 (Prop_lut4_I3_O)        0.043     8.762 f  u_soc/Core_cpu/U_ID_EX/u1_taken_i_3/O
                         net (fo=3, routed)           0.265     9.028    u_soc/Core_cpu/U_ID_EX/u1_taken_i_3_n_2
    SLICE_X45Y110        LUT6 (Prop_lut6_I4_O)        0.043     9.071 r  u_soc/Core_cpu/U_ID_EX/dat_q_reg_0_63_2_2_i_6/O
                         net (fo=33, routed)          0.424     9.494    u_soc/Core_cpu/U_ID_EX/dat_q_reg_0_63_2_2_i_6_n_2
    SLICE_X46Y111        LUT6 (Prop_lut6_I1_O)        0.043     9.537 r  u_soc/Core_cpu/U_ID_EX/dat_q_reg_0_63_5_5_i_3/O
                         net (fo=6, routed)           0.504    10.042    u_soc/Core_cpu/U_ID_EX/ex_npc_op_reg[1]_3
    SLICE_X50Y108        LUT6 (Prop_lut6_I3_O)        0.043    10.085 r  u_soc/Core_cpu/U_ID_EX/q_row_idx[2][1]_i_24/O
                         net (fo=1, routed)           0.000    10.085    u_soc/Core_cpu/U_ID_EX/q_row_idx[2][1]_i_24_n_2
    SLICE_X50Y108        CARRY4 (Prop_carry4_S[1]_CO[3])
                                                      0.256    10.341 r  u_soc/Core_cpu/U_ID_EX/q_row_idx_reg[2][1]_i_17/CO[3]
                         net (fo=1, routed)           0.000    10.341    u_soc/Core_cpu/U_ID_EX/q_row_idx_reg[2][1]_i_17_n_2
    SLICE_X50Y109        CARRY4 (Prop_carry4_CI_CO[3])
                                                      0.054    10.395 r  u_soc/Core_cpu/U_ID_EX/q_row_idx_reg[2][1]_i_13/CO[3]
                         net (fo=1, routed)           0.000    10.395    u_soc/Core_cpu/U_ID_EX/q_row_idx_reg[2][1]_i_13_n_2
    SLICE_X50Y110        CARRY4 (Prop_carry4_CI_CO[2])
                                                      0.110    10.505 f  u_soc/Core_cpu/U_ID_EX/q_row_idx_reg[2][1]_i_12/CO[2]
                         net (fo=4, routed)           0.449    10.954    u_soc/Core_cpu/U_ID_EX/mispredict0
    SLICE_X46Y112        LUT6 (Prop_lut6_I5_O)        0.128    11.082 r  u_soc/Core_cpu/U_ID_EX/cnt_q[4]_i_6_comp/O
                         net (fo=5, routed)           0.296    11.378    u_soc/Core_cpu/u_ifu_subsys/u_btb/push_num1
    SLICE_X47Y112        LUT4 (Prop_lut4_I1_O)        0.043    11.421 r  u_soc/Core_cpu/u_ifu_subsys/u_btb/cnt_q[2]_i_6/O
                         net (fo=3, routed)           0.192    11.613    u_soc/Core_cpu/u_ifu_subsys/u_ibuf/cnt_q_reg[2]_0
    SLICE_X47Y113        LUT4 (Prop_lut4_I3_O)        0.043    11.656 r  u_soc/Core_cpu/u_ifu_subsys/u_ibuf/cnt_q[2]_i_2/O
                         net (fo=24, routed)          0.602    12.257    u_soc/Core_cpu/u_ifu_subsys/u_ibuf/cnt_q_reg[4]_0[1]
    SLICE_X57Y112        LUT6 (Prop_lut6_I5_O)        0.043    12.300 r  u_soc/Core_cpu/u_ifu_subsys/u_ibuf/ent_q[6][150]_i_14/O
                         net (fo=121, routed)         0.849    13.149    u_soc/Core_cpu/u_ifu_subsys/u_ibuf/ent_q[6][150]_i_14_n_2
    SLICE_X78Y121        LUT5 (Prop_lut5_I1_O)        0.043    13.192 r  u_soc/Core_cpu/u_ifu_subsys/u_ibuf/ent_q[6][11]_i_3/O
                         net (fo=8, routed)           0.554    13.746    u_soc/Core_cpu/u_ifu_subsys/u_ibuf/ent_q[6][11]_i_3_n_2
    SLICE_X80Y120        LUT6 (Prop_lut6_I3_O)        0.043    13.789 r  u_soc/Core_cpu/u_ifu_subsys/u_ibuf/ent_q[5][11]_i_1/O
                         net (fo=1, routed)           0.000    13.789    u_soc/Core_cpu/u_ifu_subsys/u_ibuf/ent_q[5][11]_i_1_n_2
    SLICE_X80Y120        FDRE                                         r  u_soc/Core_cpu/u_ifu_subsys/u_ibuf/ent_q_reg[5][11]/D
  -------------------------------------------------------------------    -------------------

                         (clock clk rise edge)        8.500     8.500 r  
    AE23                                              0.000     8.500 r  clk (IN)
                         net (fo=0)                   0.000     8.500    clk
    AE23                 IBUF (Prop_ibuf_I_O)         0.660     9.160 r  clk_IBUF_inst/O
                         net (fo=1, routed)           2.516    11.676    clk_IBUF
    BUFGCTRL_X0Y0        BUFG (Prop_bufg_I_O)         0.083    11.759 r  u_bufg/O
                         net (fo=5686, routed)        1.258    13.017    u_soc/Core_cpu/u_ifu_subsys/u_ibuf/clk_buf
    SLICE_X80Y120        FDRE                                         r  u_soc/Core_cpu/u_ifu_subsys/u_ibuf/ent_q_reg[5][11]/C
                         clock pessimism              0.235    13.251    
                         clock uncertainty           -0.035    13.216    
    SLICE_X80Y120        FDRE (Setup_fdre_C_D)        0.033    13.249    u_soc/Core_cpu/u_ifu_subsys/u_ibuf/ent_q_reg[5][11]
  -------------------------------------------------------------------
                         required time                         13.249    
                         arrival time                         -13.789    
  -------------------------------------------------------------------
                         slack                                 -0.540    

Slack (VIOLATED) :        -0.539ns  (required time - arrival time)
  Source:                 u_soc/Core_cpu/U_ID_EX/ex_csr_addr_reg[4]/C
                            (rising edge-triggered cell FDCE clocked by clk  {rise@0.000ns fall@4.250ns period=8.500ns})
  Destination:            u_soc/Core_cpu/u_ifu_subsys/u_ibuf/ent_q_reg[4][4]/D
                            (rising edge-triggered cell FDRE clocked by clk  {rise@0.000ns fall@4.250ns period=8.500ns})
  Path Group:             clk
  Path Type:              Setup (Max at Slow Process Corner)
  Requirement:            8.500ns  (clk rise@8.500ns - clk rise@0.000ns)
  Data Path Delay:        8.915ns  (logic 1.861ns (20.876%)  route 7.054ns (79.124%))
  Logic Levels:           23  (CARRY4=7 LUT2=1 LUT3=2 LUT4=2 LUT5=1 LUT6=10)
  Clock Path Skew:        -0.122ns (DCD - SCD + CPR)
    Destination Clock Delay (DCD):    4.515ns = ( 13.015 - 8.500 ) 
    Source Clock Delay      (SCD):    4.871ns
    Clock Pessimism Removal (CPR):    0.235ns
  Clock Uncertainty:      0.035ns  ((TSJ^2 + TIJ^2)^1/2 + DJ) / 2 + PE
    Total System Jitter     (TSJ):    0.071ns
    Total Input Jitter      (TIJ):    0.000ns
    Discrete Jitter          (DJ):    0.000ns
    Phase Error              (PE):    0.000ns

    Location             Delay type                Incr(ns)  Path(ns)    Netlist Resource(s)
  -------------------------------------------------------------------    -------------------
                         (clock clk rise edge)        0.000     0.000 r  
    AE23                                              0.000     0.000 r  clk (IN)
                         net (fo=0)                   0.000     0.000    clk
    AE23                 IBUF (Prop_ibuf_I_O)         0.734     0.734 r  clk_IBUF_inst/O
                         net (fo=1, routed)           2.651     3.385    clk_IBUF
    BUFGCTRL_X0Y0        BUFG (Prop_bufg_I_O)         0.093     3.478 r  u_bufg/O
                         net (fo=5686, routed)        1.393     4.871    u_soc/Core_cpu/U_ID_EX/clk_buf
    SLICE_X63Y104        FDCE                                         r  u_soc/Core_cpu/U_ID_EX/ex_csr_addr_reg[4]/C
  -------------------------------------------------------------------    -------------------
    SLICE_X63Y104        FDCE (Prop_fdce_C_Q)         0.223     5.094 r  u_soc/Core_cpu/U_ID_EX/ex_csr_addr_reg[4]/Q
                         net (fo=6, routed)           0.307     5.401    u_soc/Core_cpu/U_ID_EX/ex_csr_addr[4]
    SLICE_X57Y104        LUT3 (Prop_lut3_I2_O)        0.043     5.444 r  u_soc/Core_cpu/U_ID_EX/mcause[31]_i_5/O
                         net (fo=3, routed)           0.323     5.768    u_soc/Core_cpu/U_ID_EX/mcause[31]_i_5_n_2
    SLICE_X57Y105        LUT5 (Prop_lut5_I4_O)        0.043     5.811 f  u_soc/Core_cpu/U_ID_EX/mtvec[31]_i_12/O
                         net (fo=2, routed)           0.260     6.070    u_soc/Core_cpu/U_ID_EX/mtvec[31]_i_12_n_2
    SLICE_X58Y106        LUT6 (Prop_lut6_I0_O)        0.043     6.113 f  u_soc/Core_cpu/U_ID_EX/mtvec[31]_i_9/O
                         net (fo=27, routed)          0.396     6.509    u_soc/Core_cpu/U_ID_EX/ex_csr_addr_reg[0]_0
    SLICE_X54Y104        LUT6 (Prop_lut6_I1_O)        0.043     6.552 f  u_soc/Core_cpu/U_ID_EX/mscratch[1]_i_2/O
                         net (fo=5, routed)           0.448     7.001    u_soc/Core_cpu/U_ID_EX/csr_rdata[1]
    SLICE_X49Y102        LUT4 (Prop_lut4_I0_O)        0.043     7.044 f  u_soc/Core_cpu/U_ID_EX/alu_c_reg[1]_i_8/O
                         net (fo=13, routed)          0.254     7.298    u_soc/Core_cpu/U_ID_EX/ex_A_final[1]
    SLICE_X49Y102        LUT6 (Prop_lut6_I3_O)        0.043     7.341 r  u_soc/Core_cpu/U_ID_EX/alu_c_reg[0]_i_39_comp/O
                         net (fo=2, routed)           0.516     7.857    u_soc/Core_cpu/U_ID_EX/alu_c_reg[0]_i_39_n_2
    SLICE_X46Y106        CARRY4 (Prop_carry4_DI[0]_CO[3])
                                                      0.283     8.140 r  u_soc/Core_cpu/U_ID_EX/alu_c_reg[0]_i_27/CO[3]
                         net (fo=1, routed)           0.000     8.140    u_soc/Core_cpu/U_ID_EX/alu_c_reg[0]_i_27_n_2
    SLICE_X46Y107        CARRY4 (Prop_carry4_CI_CO[3])
                                                      0.054     8.194 r  u_soc/Core_cpu/U_ID_EX/alu_c_reg[0]_i_17/CO[3]
                         net (fo=1, routed)           0.000     8.194    u_soc/Core_cpu/U_ID_EX/alu_c_reg[0]_i_17_n_2
    SLICE_X46Y108        CARRY4 (Prop_carry4_CI_CO[3])
                                                      0.054     8.248 r  u_soc/Core_cpu/U_ID_EX/alu_c_reg[0]_i_6/CO[3]
                         net (fo=1, routed)           0.000     8.248    u_soc/Core_cpu/U_ID_EX/alu_c_reg[0]_i_6_n_2
    SLICE_X46Y109        CARRY4 (Prop_carry4_CI_CO[3])
                                                      0.054     8.302 r  u_soc/Core_cpu/U_ID_EX/alu_c_reg[0]_i_3/CO[3]
                         net (fo=2, routed)           0.417     8.719    u_soc/Core_cpu/U_ID_EX/U_ALU/data9
    SLICE_X45Y109        LUT4 (Prop_lut4_I3_O)        0.043     8.762 f  u_soc/Core_cpu/U_ID_EX/u1_taken_i_3/O
                         net (fo=3, routed)           0.265     9.028    u_soc/Core_cpu/U_ID_EX/u1_taken_i_3_n_2
    SLICE_X45Y110        LUT6 (Prop_lut6_I4_O)        0.043     9.071 r  u_soc/Core_cpu/U_ID_EX/dat_q_reg_0_63_2_2_i_6/O
                         net (fo=33, routed)          0.424     9.494    u_soc/Core_cpu/U_ID_EX/dat_q_reg_0_63_2_2_i_6_n_2
    SLICE_X46Y111        LUT6 (Prop_lut6_I1_O)        0.043     9.537 r  u_soc/Core_cpu/U_ID_EX/dat_q_reg_0_63_5_5_i_3/O
                         net (fo=6, routed)           0.504    10.042    u_soc/Core_cpu/U_ID_EX/ex_npc_op_reg[1]_3
    SLICE_X50Y108        LUT6 (Prop_lut6_I3_O)        0.043    10.085 r  u_soc/Core_cpu/U_ID_EX/q_row_idx[2][1]_i_24/O
                         net (fo=1, routed)           0.000    10.085    u_soc/Core_cpu/U_ID_EX/q_row_idx[2][1]_i_24_n_2
    SLICE_X50Y108        CARRY4 (Prop_carry4_S[1]_CO[3])
                                                      0.256    10.341 r  u_soc/Core_cpu/U_ID_EX/q_row_idx_reg[2][1]_i_17/CO[3]
                         net (fo=1, routed)           0.000    10.341    u_soc/Core_cpu/U_ID_EX/q_row_idx_reg[2][1]_i_17_n_2
    SLICE_X50Y109        CARRY4 (Prop_carry4_CI_CO[3])
                                                      0.054    10.395 r  u_soc/Core_cpu/U_ID_EX/q_row_idx_reg[2][1]_i_13/CO[3]
                         net (fo=1, routed)           0.000    10.395    u_soc/Core_cpu/U_ID_EX/q_row_idx_reg[2][1]_i_13_n_2
    SLICE_X50Y110        CARRY4 (Prop_carry4_CI_CO[2])
                                                      0.110    10.505 f  u_soc/Core_cpu/U_ID_EX/q_row_idx_reg[2][1]_i_12/CO[2]
                         net (fo=4, routed)           0.449    10.954    u_soc/Core_cpu/U_ID_EX/mispredict0
    SLICE_X46Y112        LUT6 (Prop_lut6_I5_O)        0.128    11.082 r  u_soc/Core_cpu/U_ID_EX/cnt_q[4]_i_6_comp/O
                         net (fo=5, routed)           0.357    11.439    u_soc/Core_cpu/u_ifu_subsys/u_btb/push_num1
    SLICE_X46Y113        LUT6 (Prop_lut6_I0_O)        0.043    11.482 r  u_soc/Core_cpu/u_ifu_subsys/u_btb/cnt_q[4]_i_3/O
                         net (fo=143, routed)         0.818    12.300    u_soc/Core_cpu/u_ifu_subsys/u_ibuf/push_num[2]
    SLICE_X70Y119        LUT3 (Prop_lut3_I1_O)        0.043    12.343 r  u_soc/Core_cpu/u_ifu_subsys/u_ibuf/ent_q[6][79]_i_3/O
                         net (fo=132, routed)         0.427    12.770    u_soc/Core_cpu/u_ifu_subsys/u_ibuf/ent_q[6][79]_i_3_n_2
    SLICE_X75Y121        LUT2 (Prop_lut2_I0_O)        0.043    12.813 r  u_soc/Core_cpu/u_ifu_subsys/u_ibuf/ent_q[6][79]_i_10/O
                         net (fo=128, routed)         0.645    13.458    u_soc/Core_cpu/u_ifu_subsys/u_ibuf/ent_q[6][79]_i_10_n_2
    SLICE_X84Y121        LUT6 (Prop_lut6_I2_O)        0.043    13.501 r  u_soc/Core_cpu/u_ifu_subsys/u_ibuf/ent_q[4][4]_i_2/O
                         net (fo=1, routed)           0.242    13.743    u_soc/Core_cpu/u_ifu_subsys/u_ibuf/ent_q[4][4]_i_2_n_2
    SLICE_X83Y121        LUT6 (Prop_lut6_I5_O)        0.043    13.786 r  u_soc/Core_cpu/u_ifu_subsys/u_ibuf/ent_q[4][4]_i_1/O
                         net (fo=1, routed)           0.000    13.786    u_soc/Core_cpu/u_ifu_subsys/u_ibuf/ent_q[4][4]_i_1_n_2
    SLICE_X83Y121        FDRE                                         r  u_soc/Core_cpu/u_ifu_subsys/u_ibuf/ent_q_reg[4][4]/D
  -------------------------------------------------------------------    -------------------

                         (clock clk rise edge)        8.500     8.500 r  
    AE23                                              0.000     8.500 r  clk (IN)
                         net (fo=0)                   0.000     8.500    clk
    AE23                 IBUF (Prop_ibuf_I_O)         0.660     9.160 r  clk_IBUF_inst/O
                         net (fo=1, routed)           2.516    11.676    clk_IBUF
    BUFGCTRL_X0Y0        BUFG (Prop_bufg_I_O)         0.083    11.759 r  u_bufg/O
                         net (fo=5686, routed)        1.256    13.015    u_soc/Core_cpu/u_ifu_subsys/u_ibuf/clk_buf
    SLICE_X83Y121        FDRE                                         r  u_soc/Core_cpu/u_ifu_subsys/u_ibuf/ent_q_reg[4][4]/C
                         clock pessimism              0.235    13.249    
                         clock uncertainty           -0.035    13.214    
    SLICE_X83Y121        FDRE (Setup_fdre_C_D)        0.033    13.247    u_soc/Core_cpu/u_ifu_subsys/u_ibuf/ent_q_reg[4][4]
  -------------------------------------------------------------------
                         required time                         13.247    
                         arrival time                         -13.786    
  -------------------------------------------------------------------
                         slack                                 -0.539    

Slack (VIOLATED) :        -0.532ns  (required time - arrival time)
  Source:                 u_soc/Core_cpu/U_ID_EX/ex_csr_addr_reg[4]/C
                            (rising edge-triggered cell FDCE clocked by clk  {rise@0.000ns fall@4.250ns period=8.500ns})
  Destination:            u_soc/Core_cpu/u_ifu_subsys/u_ibuf/ent_q_reg[6][10]/D
                            (rising edge-triggered cell FDRE clocked by clk  {rise@0.000ns fall@4.250ns period=8.500ns})
  Path Group:             clk
  Path Type:              Setup (Max at Slow Process Corner)
  Requirement:            8.500ns  (clk rise@8.500ns - clk rise@0.000ns)
  Data Path Delay:        8.905ns  (logic 1.861ns (20.898%)  route 7.044ns (79.102%))
  Logic Levels:           23  (CARRY4=7 LUT3=1 LUT4=4 LUT5=1 LUT6=10)
  Clock Path Skew:        -0.125ns (DCD - SCD + CPR)
    Destination Clock Delay (DCD):    4.512ns = ( 13.012 - 8.500 ) 
    Source Clock Delay      (SCD):    4.871ns
    Clock Pessimism Removal (CPR):    0.235ns
  Clock Uncertainty:      0.035ns  ((TSJ^2 + TIJ^2)^1/2 + DJ) / 2 + PE
    Total System Jitter     (TSJ):    0.071ns
    Total Input Jitter      (TIJ):    0.000ns
    Discrete Jitter          (DJ):    0.000ns
    Phase Error              (PE):    0.000ns

    Location             Delay type                Incr(ns)  Path(ns)    Netlist Resource(s)
  -------------------------------------------------------------------    -------------------
                         (clock clk rise edge)        0.000     0.000 r  
    AE23                                              0.000     0.000 r  clk (IN)
                         net (fo=0)                   0.000     0.000    clk
    AE23                 IBUF (Prop_ibuf_I_O)         0.734     0.734 r  clk_IBUF_inst/O
                         net (fo=1, routed)           2.651     3.385    clk_IBUF
    BUFGCTRL_X0Y0        BUFG (Prop_bufg_I_O)         0.093     3.478 r  u_bufg/O
                         net (fo=5686, routed)        1.393     4.871    u_soc/Core_cpu/U_ID_EX/clk_buf
    SLICE_X63Y104        FDCE                                         r  u_soc/Core_cpu/U_ID_EX/ex_csr_addr_reg[4]/C
  -------------------------------------------------------------------    -------------------
    SLICE_X63Y104        FDCE (Prop_fdce_C_Q)         0.223     5.094 r  u_soc/Core_cpu/U_ID_EX/ex_csr_addr_reg[4]/Q
                         net (fo=6, routed)           0.307     5.401    u_soc/Core_cpu/U_ID_EX/ex_csr_addr[4]
    SLICE_X57Y104        LUT3 (Prop_lut3_I2_O)        0.043     5.444 r  u_soc/Core_cpu/U_ID_EX/mcause[31]_i_5/O
                         net (fo=3, routed)           0.323     5.768    u_soc/Core_cpu/U_ID_EX/mcause[31]_i_5_n_2
    SLICE_X57Y105        LUT5 (Prop_lut5_I4_O)        0.043     5.811 f  u_soc/Core_cpu/U_ID_EX/mtvec[31]_i_12/O
                         net (fo=2, routed)           0.260     6.070    u_soc/Core_cpu/U_ID_EX/mtvec[31]_i_12_n_2
    SLICE_X58Y106        LUT6 (Prop_lut6_I0_O)        0.043     6.113 f  u_soc/Core_cpu/U_ID_EX/mtvec[31]_i_9/O
                         net (fo=27, routed)          0.396     6.509    u_soc/Core_cpu/U_ID_EX/ex_csr_addr_reg[0]_0
    SLICE_X54Y104        LUT6 (Prop_lut6_I1_O)        0.043     6.552 f  u_soc/Core_cpu/U_ID_EX/mscratch[1]_i_2/O
                         net (fo=5, routed)           0.448     7.001    u_soc/Core_cpu/U_ID_EX/csr_rdata[1]
    SLICE_X49Y102        LUT4 (Prop_lut4_I0_O)        0.043     7.044 f  u_soc/Core_cpu/U_ID_EX/alu_c_reg[1]_i_8/O
                         net (fo=13, routed)          0.254     7.298    u_soc/Core_cpu/U_ID_EX/ex_A_final[1]
    SLICE_X49Y102        LUT6 (Prop_lut6_I3_O)        0.043     7.341 r  u_soc/Core_cpu/U_ID_EX/alu_c_reg[0]_i_39_comp/O
                         net (fo=2, routed)           0.516     7.857    u_soc/Core_cpu/U_ID_EX/alu_c_reg[0]_i_39_n_2
    SLICE_X46Y106        CARRY4 (Prop_carry4_DI[0]_CO[3])
                                                      0.283     8.140 r  u_soc/Core_cpu/U_ID_EX/alu_c_reg[0]_i_27/CO[3]
                         net (fo=1, routed)           0.000     8.140    u_soc/Core_cpu/U_ID_EX/alu_c_reg[0]_i_27_n_2
    SLICE_X46Y107        CARRY4 (Prop_carry4_CI_CO[3])
                                                      0.054     8.194 r  u_soc/Core_cpu/U_ID_EX/alu_c_reg[0]_i_17/CO[3]
                         net (fo=1, routed)           0.000     8.194    u_soc/Core_cpu/U_ID_EX/alu_c_reg[0]_i_17_n_2
    SLICE_X46Y108        CARRY4 (Prop_carry4_CI_CO[3])
                                                      0.054     8.248 r  u_soc/Core_cpu/U_ID_EX/alu_c_reg[0]_i_6/CO[3]
                         net (fo=1, routed)           0.000     8.248    u_soc/Core_cpu/U_ID_EX/alu_c_reg[0]_i_6_n_2
    SLICE_X46Y109        CARRY4 (Prop_carry4_CI_CO[3])
                                                      0.054     8.302 r  u_soc/Core_cpu/U_ID_EX/alu_c_reg[0]_i_3/CO[3]
                         net (fo=2, routed)           0.417     8.719    u_soc/Core_cpu/U_ID_EX/U_ALU/data9
    SLICE_X45Y109        LUT4 (Prop_lut4_I3_O)        0.043     8.762 f  u_soc/Core_cpu/U_ID_EX/u1_taken_i_3/O
                         net (fo=3, routed)           0.265     9.028    u_soc/Core_cpu/U_ID_EX/u1_taken_i_3_n_2
    SLICE_X45Y110        LUT6 (Prop_lut6_I4_O)        0.043     9.071 r  u_soc/Core_cpu/U_ID_EX/dat_q_reg_0_63_2_2_i_6/O
                         net (fo=33, routed)          0.424     9.494    u_soc/Core_cpu/U_ID_EX/dat_q_reg_0_63_2_2_i_6_n_2
    SLICE_X46Y111        LUT6 (Prop_lut6_I1_O)        0.043     9.537 r  u_soc/Core_cpu/U_ID_EX/dat_q_reg_0_63_5_5_i_3/O
                         net (fo=6, routed)           0.504    10.042    u_soc/Core_cpu/U_ID_EX/ex_npc_op_reg[1]_3
    SLICE_X50Y108        LUT6 (Prop_lut6_I3_O)        0.043    10.085 r  u_soc/Core_cpu/U_ID_EX/q_row_idx[2][1]_i_24/O
                         net (fo=1, routed)           0.000    10.085    u_soc/Core_cpu/U_ID_EX/q_row_idx[2][1]_i_24_n_2
    SLICE_X50Y108        CARRY4 (Prop_carry4_S[1]_CO[3])
                                                      0.256    10.341 r  u_soc/Core_cpu/U_ID_EX/q_row_idx_reg[2][1]_i_17/CO[3]
                         net (fo=1, routed)           0.000    10.341    u_soc/Core_cpu/U_ID_EX/q_row_idx_reg[2][1]_i_17_n_2
    SLICE_X50Y109        CARRY4 (Prop_carry4_CI_CO[3])
                                                      0.054    10.395 r  u_soc/Core_cpu/U_ID_EX/q_row_idx_reg[2][1]_i_13/CO[3]
                         net (fo=1, routed)           0.000    10.395    u_soc/Core_cpu/U_ID_EX/q_row_idx_reg[2][1]_i_13_n_2
    SLICE_X50Y110        CARRY4 (Prop_carry4_CI_CO[2])
                                                      0.110    10.505 f  u_soc/Core_cpu/U_ID_EX/q_row_idx_reg[2][1]_i_12/CO[2]
                         net (fo=4, routed)           0.449    10.954    u_soc/Core_cpu/U_ID_EX/mispredict0
    SLICE_X46Y112        LUT6 (Prop_lut6_I5_O)        0.128    11.082 r  u_soc/Core_cpu/U_ID_EX/cnt_q[4]_i_6_comp/O
                         net (fo=5, routed)           0.296    11.378    u_soc/Core_cpu/u_ifu_subsys/u_btb/push_num1
    SLICE_X47Y112        LUT4 (Prop_lut4_I1_O)        0.043    11.421 r  u_soc/Core_cpu/u_ifu_subsys/u_btb/cnt_q[2]_i_6/O
                         net (fo=3, routed)           0.192    11.613    u_soc/Core_cpu/u_ifu_subsys/u_ibuf/cnt_q_reg[2]_0
    SLICE_X47Y113        LUT4 (Prop_lut4_I3_O)        0.043    11.656 r  u_soc/Core_cpu/u_ifu_subsys/u_ibuf/cnt_q[2]_i_2/O
                         net (fo=24, routed)          0.602    12.257    u_soc/Core_cpu/u_ifu_subsys/u_ibuf/cnt_q_reg[4]_0[1]
    SLICE_X57Y112        LUT6 (Prop_lut6_I5_O)        0.043    12.300 r  u_soc/Core_cpu/u_ifu_subsys/u_ibuf/ent_q[6][150]_i_14/O
                         net (fo=121, routed)         0.930    13.230    u_soc/Core_cpu/u_ifu_subsys/u_ibuf/ent_q[6][150]_i_14_n_2
    SLICE_X81Y126        LUT6 (Prop_lut6_I5_O)        0.043    13.273 r  u_soc/Core_cpu/u_ifu_subsys/u_ibuf/ent_q[6][10]_i_3_comp_1/O
                         net (fo=1, routed)           0.460    13.734    u_soc/Core_cpu/u_ifu_subsys/u_ibuf/ent_q[6][10]_i_3_n_2_repN_1
    SLICE_X80Y124        LUT6 (Prop_lut6_I5_O)        0.043    13.777 r  u_soc/Core_cpu/u_ifu_subsys/u_ibuf/ent_q[6][10]_i_1_comp/O
                         net (fo=1, routed)           0.000    13.777    u_soc/Core_cpu/u_ifu_subsys/u_ibuf/p_1_in[10]
    SLICE_X80Y124        FDRE                                         r  u_soc/Core_cpu/u_ifu_subsys/u_ibuf/ent_q_reg[6][10]/D
  -------------------------------------------------------------------    -------------------

                         (clock clk rise edge)        8.500     8.500 r  
    AE23                                              0.000     8.500 r  clk (IN)
                         net (fo=0)                   0.000     8.500    clk
    AE23                 IBUF (Prop_ibuf_I_O)         0.660     9.160 r  clk_IBUF_inst/O
                         net (fo=1, routed)           2.516    11.676    clk_IBUF
    BUFGCTRL_X0Y0        BUFG (Prop_bufg_I_O)         0.083    11.759 r  u_bufg/O
                         net (fo=5686, routed)        1.253    13.012    u_soc/Core_cpu/u_ifu_subsys/u_ibuf/clk_buf
    SLICE_X80Y124        FDRE                                         r  u_soc/Core_cpu/u_ifu_subsys/u_ibuf/ent_q_reg[6][10]/C
                         clock pessimism              0.235    13.246    
                         clock uncertainty           -0.035    13.211    
    SLICE_X80Y124        FDRE (Setup_fdre_C_D)        0.034    13.245    u_soc/Core_cpu/u_ifu_subsys/u_ibuf/ent_q_reg[6][10]
  -------------------------------------------------------------------
                         required time                         13.245    
                         arrival time                         -13.777    
  -------------------------------------------------------------------
                         slack                                 -0.532    

Slack (VIOLATED) :        -0.530ns  (required time - arrival time)
  Source:                 u_soc/Core_cpu/U_ID_EX/ex_csr_addr_reg[4]/C
                            (rising edge-triggered cell FDCE clocked by clk  {rise@0.000ns fall@4.250ns period=8.500ns})
  Destination:            u_soc/Core_cpu/u_ifu_subsys/u_ibuf/ent_q_reg[0][4]/D
                            (rising edge-triggered cell FDRE clocked by clk  {rise@0.000ns fall@4.250ns period=8.500ns})
  Path Group:             clk
  Path Type:              Setup (Max at Slow Process Corner)
  Requirement:            8.500ns  (clk rise@8.500ns - clk rise@0.000ns)
  Data Path Delay:        8.905ns  (logic 1.861ns (20.898%)  route 7.044ns (79.102%))
  Logic Levels:           23  (CARRY4=7 LUT2=1 LUT3=2 LUT4=2 LUT5=1 LUT6=10)
  Clock Path Skew:        -0.122ns (DCD - SCD + CPR)
    Destination Clock Delay (DCD):    4.515ns = ( 13.015 - 8.500 ) 
    Source Clock Delay      (SCD):    4.871ns
    Clock Pessimism Removal (CPR):    0.235ns
  Clock Uncertainty:      0.035ns  ((TSJ^2 + TIJ^2)^1/2 + DJ) / 2 + PE
    Total System Jitter     (TSJ):    0.071ns
    Total Input Jitter      (TIJ):    0.000ns
    Discrete Jitter          (DJ):    0.000ns
    Phase Error              (PE):    0.000ns

    Location             Delay type                Incr(ns)  Path(ns)    Netlist Resource(s)
  -------------------------------------------------------------------    -------------------
                         (clock clk rise edge)        0.000     0.000 r  
    AE23                                              0.000     0.000 r  clk (IN)
                         net (fo=0)                   0.000     0.000    clk
    AE23                 IBUF (Prop_ibuf_I_O)         0.734     0.734 r  clk_IBUF_inst/O
                         net (fo=1, routed)           2.651     3.385    clk_IBUF
    BUFGCTRL_X0Y0        BUFG (Prop_bufg_I_O)         0.093     3.478 r  u_bufg/O
                         net (fo=5686, routed)        1.393     4.871    u_soc/Core_cpu/U_ID_EX/clk_buf
    SLICE_X63Y104        FDCE                                         r  u_soc/Core_cpu/U_ID_EX/ex_csr_addr_reg[4]/C
  -------------------------------------------------------------------    -------------------
    SLICE_X63Y104        FDCE (Prop_fdce_C_Q)         0.223     5.094 r  u_soc/Core_cpu/U_ID_EX/ex_csr_addr_reg[4]/Q
                         net (fo=6, routed)           0.307     5.401    u_soc/Core_cpu/U_ID_EX/ex_csr_addr[4]
    SLICE_X57Y104        LUT3 (Prop_lut3_I2_O)        0.043     5.444 r  u_soc/Core_cpu/U_ID_EX/mcause[31]_i_5/O
                         net (fo=3, routed)           0.323     5.768    u_soc/Core_cpu/U_ID_EX/mcause[31]_i_5_n_2
    SLICE_X57Y105        LUT5 (Prop_lut5_I4_O)        0.043     5.811 f  u_soc/Core_cpu/U_ID_EX/mtvec[31]_i_12/O
                         net (fo=2, routed)           0.260     6.070    u_soc/Core_cpu/U_ID_EX/mtvec[31]_i_12_n_2
    SLICE_X58Y106        LUT6 (Prop_lut6_I0_O)        0.043     6.113 f  u_soc/Core_cpu/U_ID_EX/mtvec[31]_i_9/O
                         net (fo=27, routed)          0.396     6.509    u_soc/Core_cpu/U_ID_EX/ex_csr_addr_reg[0]_0
    SLICE_X54Y104        LUT6 (Prop_lut6_I1_O)        0.043     6.552 f  u_soc/Core_cpu/U_ID_EX/mscratch[1]_i_2/O
                         net (fo=5, routed)           0.448     7.001    u_soc/Core_cpu/U_ID_EX/csr_rdata[1]
    SLICE_X49Y102        LUT4 (Prop_lut4_I0_O)        0.043     7.044 f  u_soc/Core_cpu/U_ID_EX/alu_c_reg[1]_i_8/O
                         net (fo=13, routed)          0.254     7.298    u_soc/Core_cpu/U_ID_EX/ex_A_final[1]
    SLICE_X49Y102        LUT6 (Prop_lut6_I3_O)        0.043     7.341 r  u_soc/Core_cpu/U_ID_EX/alu_c_reg[0]_i_39_comp/O
                         net (fo=2, routed)           0.516     7.857    u_soc/Core_cpu/U_ID_EX/alu_c_reg[0]_i_39_n_2
    SLICE_X46Y106        CARRY4 (Prop_carry4_DI[0]_CO[3])
                                                      0.283     8.140 r  u_soc/Core_cpu/U_ID_EX/alu_c_reg[0]_i_27/CO[3]
                         net (fo=1, routed)           0.000     8.140    u_soc/Core_cpu/U_ID_EX/alu_c_reg[0]_i_27_n_2
    SLICE_X46Y107        CARRY4 (Prop_carry4_CI_CO[3])
                                                      0.054     8.194 r  u_soc/Core_cpu/U_ID_EX/alu_c_reg[0]_i_17/CO[3]
                         net (fo=1, routed)           0.000     8.194    u_soc/Core_cpu/U_ID_EX/alu_c_reg[0]_i_17_n_2
    SLICE_X46Y108        CARRY4 (Prop_carry4_CI_CO[3])
                                                      0.054     8.248 r  u_soc/Core_cpu/U_ID_EX/alu_c_reg[0]_i_6/CO[3]
                         net (fo=1, routed)           0.000     8.248    u_soc/Core_cpu/U_ID_EX/alu_c_reg[0]_i_6_n_2
    SLICE_X46Y109        CARRY4 (Prop_carry4_CI_CO[3])
                                                      0.054     8.302 r  u_soc/Core_cpu/U_ID_EX/alu_c_reg[0]_i_3/CO[3]
                         net (fo=2, routed)           0.417     8.719    u_soc/Core_cpu/U_ID_EX/U_ALU/data9
    SLICE_X45Y109        LUT4 (Prop_lut4_I3_O)        0.043     8.762 f  u_soc/Core_cpu/U_ID_EX/u1_taken_i_3/O
                         net (fo=3, routed)           0.265     9.028    u_soc/Core_cpu/U_ID_EX/u1_taken_i_3_n_2
    SLICE_X45Y110        LUT6 (Prop_lut6_I4_O)        0.043     9.071 r  u_soc/Core_cpu/U_ID_EX/dat_q_reg_0_63_2_2_i_6/O
                         net (fo=33, routed)          0.424     9.494    u_soc/Core_cpu/U_ID_EX/dat_q_reg_0_63_2_2_i_6_n_2
    SLICE_X46Y111        LUT6 (Prop_lut6_I1_O)        0.043     9.537 r  u_soc/Core_cpu/U_ID_EX/dat_q_reg_0_63_5_5_i_3/O
                         net (fo=6, routed)           0.504    10.042    u_soc/Core_cpu/U_ID_EX/ex_npc_op_reg[1]_3
    SLICE_X50Y108        LUT6 (Prop_lut6_I3_O)        0.043    10.085 r  u_soc/Core_cpu/U_ID_EX/q_row_idx[2][1]_i_24/O
                         net (fo=1, routed)           0.000    10.085    u_soc/Core_cpu/U_ID_EX/q_row_idx[2][1]_i_24_n_2
    SLICE_X50Y108        CARRY4 (Prop_carry4_S[1]_CO[3])
                                                      0.256    10.341 r  u_soc/Core_cpu/U_ID_EX/q_row_idx_reg[2][1]_i_17/CO[3]
                         net (fo=1, routed)           0.000    10.341    u_soc/Core_cpu/U_ID_EX/q_row_idx_reg[2][1]_i_17_n_2
    SLICE_X50Y109        CARRY4 (Prop_carry4_CI_CO[3])
                                                      0.054    10.395 r  u_soc/Core_cpu/U_ID_EX/q_row_idx_reg[2][1]_i_13/CO[3]
                         net (fo=1, routed)           0.000    10.395    u_soc/Core_cpu/U_ID_EX/q_row_idx_reg[2][1]_i_13_n_2
    SLICE_X50Y110        CARRY4 (Prop_carry4_CI_CO[2])
                                                      0.110    10.505 f  u_soc/Core_cpu/U_ID_EX/q_row_idx_reg[2][1]_i_12/CO[2]
                         net (fo=4, routed)           0.449    10.954    u_soc/Core_cpu/U_ID_EX/mispredict0
    SLICE_X46Y112        LUT6 (Prop_lut6_I5_O)        0.128    11.082 r  u_soc/Core_cpu/U_ID_EX/cnt_q[4]_i_6_comp/O
                         net (fo=5, routed)           0.357    11.439    u_soc/Core_cpu/u_ifu_subsys/u_btb/push_num1
    SLICE_X46Y113        LUT6 (Prop_lut6_I0_O)        0.043    11.482 r  u_soc/Core_cpu/u_ifu_subsys/u_btb/cnt_q[4]_i_3/O
                         net (fo=143, routed)         0.818    12.300    u_soc/Core_cpu/u_ifu_subsys/u_ibuf/push_num[2]
    SLICE_X70Y119        LUT3 (Prop_lut3_I1_O)        0.043    12.343 r  u_soc/Core_cpu/u_ifu_subsys/u_ibuf/ent_q[6][79]_i_3/O
                         net (fo=132, routed)         0.427    12.770    u_soc/Core_cpu/u_ifu_subsys/u_ibuf/ent_q[6][79]_i_3_n_2
    SLICE_X75Y121        LUT2 (Prop_lut2_I0_O)        0.043    12.813 r  u_soc/Core_cpu/u_ifu_subsys/u_ibuf/ent_q[6][79]_i_10/O
                         net (fo=128, routed)         0.635    13.449    u_soc/Core_cpu/u_ifu_subsys/u_ibuf/ent_q[6][79]_i_10_n_2
    SLICE_X83Y120        LUT6 (Prop_lut6_I2_O)        0.043    13.492 r  u_soc/Core_cpu/u_ifu_subsys/u_ibuf/ent_q[0][4]_i_2/O
                         net (fo=1, routed)           0.242    13.734    u_soc/Core_cpu/u_ifu_subsys/u_ibuf/ent_q[0][4]_i_2_n_2
    SLICE_X80Y121        LUT6 (Prop_lut6_I5_O)        0.043    13.777 r  u_soc/Core_cpu/u_ifu_subsys/u_ibuf/ent_q[0][4]_i_1/O
                         net (fo=1, routed)           0.000    13.777    u_soc/Core_cpu/u_ifu_subsys/u_ibuf/ent_q[0][4]_i_1_n_2
    SLICE_X80Y121        FDRE                                         r  u_soc/Core_cpu/u_ifu_subsys/u_ibuf/ent_q_reg[0][4]/D
  -------------------------------------------------------------------    -------------------

                         (clock clk rise edge)        8.500     8.500 r  
    AE23                                              0.000     8.500 r  clk (IN)
                         net (fo=0)                   0.000     8.500    clk
    AE23                 IBUF (Prop_ibuf_I_O)         0.660     9.160 r  clk_IBUF_inst/O
                         net (fo=1, routed)           2.516    11.676    clk_IBUF
    BUFGCTRL_X0Y0        BUFG (Prop_bufg_I_O)         0.083    11.759 r  u_bufg/O
                         net (fo=5686, routed)        1.256    13.015    u_soc/Core_cpu/u_ifu_subsys/u_ibuf/clk_buf
    SLICE_X80Y121        FDRE                                         r  u_soc/Core_cpu/u_ifu_subsys/u_ibuf/ent_q_reg[0][4]/C
                         clock pessimism              0.235    13.249    
                         clock uncertainty           -0.035    13.214    
    SLICE_X80Y121        FDRE (Setup_fdre_C_D)        0.033    13.247    u_soc/Core_cpu/u_ifu_subsys/u_ibuf/ent_q_reg[0][4]
  -------------------------------------------------------------------
                         required time                         13.247    
                         arrival time                         -13.777    
  -------------------------------------------------------------------
                         slack                                 -0.530    

Slack (VIOLATED) :        -0.512ns  (required time - arrival time)
  Source:                 u_soc/Core_cpu/U_ID_EX/ex_csr_addr_reg[4]/C
                            (rising edge-triggered cell FDCE clocked by clk  {rise@0.000ns fall@4.250ns period=8.500ns})
  Destination:            u_soc/Core_cpu/u_ifu_subsys/u_ibuf/ent_q_reg[5][71]/D
                            (rising edge-triggered cell FDRE clocked by clk  {rise@0.000ns fall@4.250ns period=8.500ns})
  Path Group:             clk
  Path Type:              Setup (Max at Slow Process Corner)
  Requirement:            8.500ns  (clk rise@8.500ns - clk rise@0.000ns)
  Data Path Delay:        8.953ns  (logic 1.904ns (21.268%)  route 7.049ns (78.732%))
  Logic Levels:           24  (CARRY4=7 LUT3=1 LUT4=4 LUT5=2 LUT6=10)
  Clock Path Skew:        -0.057ns (DCD - SCD + CPR)
    Destination Clock Delay (DCD):    4.507ns = ( 13.007 - 8.500 ) 
    Source Clock Delay      (SCD):    4.871ns
    Clock Pessimism Removal (CPR):    0.308ns
  Clock Uncertainty:      0.035ns  ((TSJ^2 + TIJ^2)^1/2 + DJ) / 2 + PE
    Total System Jitter     (TSJ):    0.071ns
    Total Input Jitter      (TIJ):    0.000ns
    Discrete Jitter          (DJ):    0.000ns
    Phase Error              (PE):    0.000ns

    Location             Delay type                Incr(ns)  Path(ns)    Netlist Resource(s)
  -------------------------------------------------------------------    -------------------
                         (clock clk rise edge)        0.000     0.000 r  
    AE23                                              0.000     0.000 r  clk (IN)
                         net (fo=0)                   0.000     0.000    clk
    AE23                 IBUF (Prop_ibuf_I_O)         0.734     0.734 r  clk_IBUF_inst/O
                         net (fo=1, routed)           2.651     3.385    clk_IBUF
    BUFGCTRL_X0Y0        BUFG (Prop_bufg_I_O)         0.093     3.478 r  u_bufg/O
                         net (fo=5686, routed)        1.393     4.871    u_soc/Core_cpu/U_ID_EX/clk_buf
    SLICE_X63Y104        FDCE                                         r  u_soc/Core_cpu/U_ID_EX/ex_csr_addr_reg[4]/C
  -------------------------------------------------------------------    -------------------
    SLICE_X63Y104        FDCE (Prop_fdce_C_Q)         0.223     5.094 r  u_soc/Core_cpu/U_ID_EX/ex_csr_addr_reg[4]/Q
                         net (fo=6, routed)           0.307     5.401    u_soc/Core_cpu/U_ID_EX/ex_csr_addr[4]
    SLICE_X57Y104        LUT3 (Prop_lut3_I2_O)        0.043     5.444 r  u_soc/Core_cpu/U_ID_EX/mcause[31]_i_5/O
                         net (fo=3, routed)           0.323     5.768    u_soc/Core_cpu/U_ID_EX/mcause[31]_i_5_n_2
    SLICE_X57Y105        LUT5 (Prop_lut5_I4_O)        0.043     5.811 f  u_soc/Core_cpu/U_ID_EX/mtvec[31]_i_12/O
                         net (fo=2, routed)           0.260     6.070    u_soc/Core_cpu/U_ID_EX/mtvec[31]_i_12_n_2
    SLICE_X58Y106        LUT6 (Prop_lut6_I0_O)        0.043     6.113 f  u_soc/Core_cpu/U_ID_EX/mtvec[31]_i_9/O
                         net (fo=27, routed)          0.396     6.509    u_soc/Core_cpu/U_ID_EX/ex_csr_addr_reg[0]_0
    SLICE_X54Y104        LUT6 (Prop_lut6_I1_O)        0.043     6.552 f  u_soc/Core_cpu/U_ID_EX/mscratch[1]_i_2/O
                         net (fo=5, routed)           0.448     7.001    u_soc/Core_cpu/U_ID_EX/csr_rdata[1]
    SLICE_X49Y102        LUT4 (Prop_lut4_I0_O)        0.043     7.044 f  u_soc/Core_cpu/U_ID_EX/alu_c_reg[1]_i_8/O
                         net (fo=13, routed)          0.254     7.298    u_soc/Core_cpu/U_ID_EX/ex_A_final[1]
    SLICE_X49Y102        LUT6 (Prop_lut6_I3_O)        0.043     7.341 r  u_soc/Core_cpu/U_ID_EX/alu_c_reg[0]_i_39_comp/O
                         net (fo=2, routed)           0.516     7.857    u_soc/Core_cpu/U_ID_EX/alu_c_reg[0]_i_39_n_2
    SLICE_X46Y106        CARRY4 (Prop_carry4_DI[0]_CO[3])
                                                      0.283     8.140 r  u_soc/Core_cpu/U_ID_EX/alu_c_reg[0]_i_27/CO[3]
                         net (fo=1, routed)           0.000     8.140    u_soc/Core_cpu/U_ID_EX/alu_c_reg[0]_i_27_n_2
    SLICE_X46Y107        CARRY4 (Prop_carry4_CI_CO[3])
                                                      0.054     8.194 r  u_soc/Core_cpu/U_ID_EX/alu_c_reg[0]_i_17/CO[3]
                         net (fo=1, routed)           0.000     8.194    u_soc/Core_cpu/U_ID_EX/alu_c_reg[0]_i_17_n_2
    SLICE_X46Y108        CARRY4 (Prop_carry4_CI_CO[3])
                                                      0.054     8.248 r  u_soc/Core_cpu/U_ID_EX/alu_c_reg[0]_i_6/CO[3]
                         net (fo=1, routed)           0.000     8.248    u_soc/Core_cpu/U_ID_EX/alu_c_reg[0]_i_6_n_2
    SLICE_X46Y109        CARRY4 (Prop_carry4_CI_CO[3])
                                                      0.054     8.302 r  u_soc/Core_cpu/U_ID_EX/alu_c_reg[0]_i_3/CO[3]
                         net (fo=2, routed)           0.417     8.719    u_soc/Core_cpu/U_ID_EX/U_ALU/data9
    SLICE_X45Y109        LUT4 (Prop_lut4_I3_O)        0.043     8.762 f  u_soc/Core_cpu/U_ID_EX/u1_taken_i_3/O
                         net (fo=3, routed)           0.265     9.028    u_soc/Core_cpu/U_ID_EX/u1_taken_i_3_n_2
    SLICE_X45Y110        LUT6 (Prop_lut6_I4_O)        0.043     9.071 r  u_soc/Core_cpu/U_ID_EX/dat_q_reg_0_63_2_2_i_6/O
                         net (fo=33, routed)          0.424     9.494    u_soc/Core_cpu/U_ID_EX/dat_q_reg_0_63_2_2_i_6_n_2
    SLICE_X46Y111        LUT6 (Prop_lut6_I1_O)        0.043     9.537 r  u_soc/Core_cpu/U_ID_EX/dat_q_reg_0_63_5_5_i_3/O
                         net (fo=6, routed)           0.504    10.042    u_soc/Core_cpu/U_ID_EX/ex_npc_op_reg[1]_3
    SLICE_X50Y108        LUT6 (Prop_lut6_I3_O)        0.043    10.085 r  u_soc/Core_cpu/U_ID_EX/q_row_idx[2][1]_i_24/O
                         net (fo=1, routed)           0.000    10.085    u_soc/Core_cpu/U_ID_EX/q_row_idx[2][1]_i_24_n_2
    SLICE_X50Y108        CARRY4 (Prop_carry4_S[1]_CO[3])
                                                      0.256    10.341 r  u_soc/Core_cpu/U_ID_EX/q_row_idx_reg[2][1]_i_17/CO[3]
                         net (fo=1, routed)           0.000    10.341    u_soc/Core_cpu/U_ID_EX/q_row_idx_reg[2][1]_i_17_n_2
    SLICE_X50Y109        CARRY4 (Prop_carry4_CI_CO[3])
                                                      0.054    10.395 r  u_soc/Core_cpu/U_ID_EX/q_row_idx_reg[2][1]_i_13/CO[3]
                         net (fo=1, routed)           0.000    10.395    u_soc/Core_cpu/U_ID_EX/q_row_idx_reg[2][1]_i_13_n_2
    SLICE_X50Y110        CARRY4 (Prop_carry4_CI_CO[2])
                                                      0.110    10.505 f  u_soc/Core_cpu/U_ID_EX/q_row_idx_reg[2][1]_i_12/CO[2]
                         net (fo=4, routed)           0.449    10.954    u_soc/Core_cpu/U_ID_EX/mispredict0
    SLICE_X46Y112        LUT6 (Prop_lut6_I5_O)        0.128    11.082 r  u_soc/Core_cpu/U_ID_EX/cnt_q[4]_i_6_comp/O
                         net (fo=5, routed)           0.296    11.378    u_soc/Core_cpu/u_ifu_subsys/u_btb/push_num1
    SLICE_X47Y112        LUT4 (Prop_lut4_I1_O)        0.043    11.421 r  u_soc/Core_cpu/u_ifu_subsys/u_btb/cnt_q[2]_i_6/O
                         net (fo=3, routed)           0.192    11.613    u_soc/Core_cpu/u_ifu_subsys/u_ibuf/cnt_q_reg[2]_0
    SLICE_X47Y113        LUT4 (Prop_lut4_I3_O)        0.043    11.656 r  u_soc/Core_cpu/u_ifu_subsys/u_ibuf/cnt_q[2]_i_2/O
                         net (fo=24, routed)          0.359    12.015    u_soc/Core_cpu/u_ifu_subsys/u_ibuf/cnt_q_reg[4]_0[1]
    SLICE_X47Y115        LUT6 (Prop_lut6_I5_O)        0.043    12.058 r  u_soc/Core_cpu/u_ifu_subsys/u_ibuf/head_q[0]_i_3/O
                         net (fo=93, routed)          0.872    12.930    u_soc/Core_cpu/u_ifu_subsys/u_ibuf/cnt_q_reg[4]_3
    SLICE_X64Y124        LUT5 (Prop_lut5_I4_O)        0.043    12.973 r  u_soc/Core_cpu/u_ifu_subsys/u_ibuf/ent_q[6][71]_i_6/O
                         net (fo=9, routed)           0.450    13.423    u_soc/Core_cpu/u_ifu_subsys/u_ibuf/p_0_in__0[71]
    SLICE_X65Y128        LUT6 (Prop_lut6_I3_O)        0.043    13.466 r  u_soc/Core_cpu/u_ifu_subsys/u_ibuf/ent_q[5][71]_i_2/O
                         net (fo=1, routed)           0.315    13.781    u_soc/Core_cpu/u_ifu_subsys/u_ibuf/ent_q[5][71]_i_2_n_2
    SLICE_X65Y128        LUT6 (Prop_lut6_I5_O)        0.043    13.824 r  u_soc/Core_cpu/u_ifu_subsys/u_ibuf/ent_q[5][71]_i_1/O
                         net (fo=1, routed)           0.000    13.824    u_soc/Core_cpu/u_ifu_subsys/u_ibuf/ent_q[5][71]_i_1_n_2
    SLICE_X65Y128        FDRE                                         r  u_soc/Core_cpu/u_ifu_subsys/u_ibuf/ent_q_reg[5][71]/D
  -------------------------------------------------------------------    -------------------

                         (clock clk rise edge)        8.500     8.500 r  
    AE23                                              0.000     8.500 r  clk (IN)
                         net (fo=0)                   0.000     8.500    clk
    AE23                 IBUF (Prop_ibuf_I_O)         0.660     9.160 r  clk_IBUF_inst/O
                         net (fo=1, routed)           2.516    11.676    clk_IBUF
    BUFGCTRL_X0Y0        BUFG (Prop_bufg_I_O)         0.083    11.759 r  u_bufg/O
                         net (fo=5686, routed)        1.248    13.007    u_soc/Core_cpu/u_ifu_subsys/u_ibuf/clk_buf
    SLICE_X65Y128        FDRE                                         r  u_soc/Core_cpu/u_ifu_subsys/u_ibuf/ent_q_reg[5][71]/C
                         clock pessimism              0.308    13.314    
                         clock uncertainty           -0.035    13.279    
    SLICE_X65Y128        FDRE (Setup_fdre_C_D)        0.033    13.312    u_soc/Core_cpu/u_ifu_subsys/u_ibuf/ent_q_reg[5][71]
  -------------------------------------------------------------------
                         required time                         13.312    
                         arrival time                         -13.824    
  -------------------------------------------------------------------
                         slack                                 -0.512    

Slack (VIOLATED) :        -0.511ns  (required time - arrival time)
  Source:                 u_soc/Core_cpu/U_ID_EX/ex_csr_addr_reg[0]/C
                            (rising edge-triggered cell FDCE clocked by clk  {rise@0.000ns fall@4.250ns period=8.500ns})
  Destination:            u_soc/Core_cpu/u_ifu_subsys/u_ibuf/ent_q_reg[0][68]/D
                            (rising edge-triggered cell FDRE clocked by clk  {rise@0.000ns fall@4.250ns period=8.500ns})
  Path Group:             clk
  Path Type:              Setup (Max at Slow Process Corner)
  Requirement:            8.500ns  (clk rise@8.500ns - clk rise@0.000ns)
  Data Path Delay:        8.950ns  (logic 1.772ns (19.799%)  route 7.178ns (80.201%))
  Logic Levels:           23  (CARRY4=7 LUT4=4 LUT5=3 LUT6=9)
  Clock Path Skew:        -0.060ns (DCD - SCD + CPR)
    Destination Clock Delay (DCD):    4.504ns = ( 13.004 - 8.500 ) 
    Source Clock Delay      (SCD):    4.871ns
    Clock Pessimism Removal (CPR):    0.308ns
  Clock Uncertainty:      0.035ns  ((TSJ^2 + TIJ^2)^1/2 + DJ) / 2 + PE
    Total System Jitter     (TSJ):    0.071ns
    Total Input Jitter      (TIJ):    0.000ns
    Discrete Jitter          (DJ):    0.000ns
    Phase Error              (PE):    0.000ns

    Location             Delay type                Incr(ns)  Path(ns)    Netlist Resource(s)
  -------------------------------------------------------------------    -------------------
                         (clock clk rise edge)        0.000     0.000 r  
    AE23                                              0.000     0.000 r  clk (IN)
                         net (fo=0)                   0.000     0.000    clk
    AE23                 IBUF (Prop_ibuf_I_O)         0.734     0.734 r  clk_IBUF_inst/O
                         net (fo=1, routed)           2.651     3.385    clk_IBUF
    BUFGCTRL_X0Y0        BUFG (Prop_bufg_I_O)         0.093     3.478 r  u_bufg/O
                         net (fo=5686, routed)        1.393     4.871    u_soc/Core_cpu/U_ID_EX/clk_buf
    SLICE_X61Y107        FDCE                                         r  u_soc/Core_cpu/U_ID_EX/ex_csr_addr_reg[0]/C
  -------------------------------------------------------------------    -------------------
    SLICE_X61Y107        FDCE (Prop_fdce_C_Q)         0.223     5.094 f  u_soc/Core_cpu/U_ID_EX/ex_csr_addr_reg[0]/Q
                         net (fo=6, routed)           0.546     5.641    u_soc/Core_cpu/U_ID_EX/ex_csr_addr[0]
    SLICE_X57Y106        LUT6 (Prop_lut6_I3_O)        0.043     5.684 r  u_soc/Core_cpu/U_ID_EX/mtvec[31]_i_6/O
                         net (fo=3, routed)           0.193     5.877    u_soc/Core_cpu/U_ID_EX/mtvec[31]_i_6_n_2
    SLICE_X57Y107        LUT6 (Prop_lut6_I1_O)        0.043     5.920 f  u_soc/Core_cpu/U_ID_EX/mtvec[31]_i_11/O
                         net (fo=30, routed)          0.667     6.587    u_soc/Core_cpu/U_CSR/mscratch_reg[2]_1
    SLICE_X55Y102        LUT6 (Prop_lut6_I5_O)        0.043     6.630 f  u_soc/Core_cpu/U_CSR/mtvec[4]_i_2/O
                         net (fo=4, routed)           0.446     7.076    u_soc/Core_cpu/U_ID_EX/mscratch_reg[31][1]
    SLICE_X49Y102        LUT4 (Prop_lut4_I0_O)        0.043     7.119 f  u_soc/Core_cpu/U_ID_EX/alu_c_reg[4]_i_7/O
                         net (fo=18, routed)          0.255     7.374    u_soc/Core_cpu/U_ID_EX/ex_A_final[4]
    SLICE_X49Y103        LUT4 (Prop_lut4_I1_O)        0.043     7.417 r  u_soc/Core_cpu/U_ID_EX/alu_c_reg[0]_i_37/O
                         net (fo=2, routed)           0.417     7.834    u_soc/Core_cpu/U_ID_EX/alu_c_reg[0]_i_37_n_2
    SLICE_X48Y106        CARRY4 (Prop_carry4_DI[2]_CO[3])
                                                      0.197     8.031 r  u_soc/Core_cpu/U_ID_EX/u1_taken_reg_i_53/CO[3]
                         net (fo=1, routed)           0.000     8.031    u_soc/Core_cpu/U_ID_EX/u1_taken_reg_i_53_n_2
    SLICE_X48Y107        CARRY4 (Prop_carry4_CI_CO[3])
                                                      0.053     8.084 r  u_soc/Core_cpu/U_ID_EX/u1_taken_reg_i_31/CO[3]
                         net (fo=1, routed)           0.000     8.084    u_soc/Core_cpu/U_ID_EX/u1_taken_reg_i_31_n_2
    SLICE_X48Y108        CARRY4 (Prop_carry4_CI_CO[3])
                                                      0.053     8.137 r  u_soc/Core_cpu/U_ID_EX/u1_taken_reg_i_11/CO[3]
                         net (fo=1, routed)           0.000     8.137    u_soc/Core_cpu/U_ID_EX/u1_taken_reg_i_11_n_2
    SLICE_X48Y109        CARRY4 (Prop_carry4_CI_CO[3])
                                                      0.053     8.190 f  u_soc/Core_cpu/U_ID_EX/u1_taken_reg_i_5/CO[3]
                         net (fo=2, routed)           0.591     8.781    u_soc/Core_cpu/U_ID_EX/U_ALU/data8
    SLICE_X47Y110        LUT5 (Prop_lut5_I1_O)        0.043     8.824 f  u_soc/Core_cpu/U_ID_EX/u1_taken_i_2/O
                         net (fo=3, routed)           0.203     9.027    u_soc/Core_cpu/U_ID_EX/u1_taken_i_2_n_2
    SLICE_X45Y110        LUT6 (Prop_lut6_I2_O)        0.043     9.070 r  u_soc/Core_cpu/U_ID_EX/dat_q_reg_0_63_2_2_i_6/O
                         net (fo=33, routed)          0.424     9.494    u_soc/Core_cpu/U_ID_EX/dat_q_reg_0_63_2_2_i_6_n_2
    SLICE_X46Y111        LUT6 (Prop_lut6_I1_O)        0.043     9.537 r  u_soc/Core_cpu/U_ID_EX/dat_q_reg_0_63_5_5_i_3/O
                         net (fo=6, routed)           0.504    10.041    u_soc/Core_cpu/U_ID_EX/ex_npc_op_reg[1]_3
    SLICE_X50Y108        LUT6 (Prop_lut6_I3_O)        0.043    10.084 r  u_soc/Core_cpu/U_ID_EX/q_row_idx[2][1]_i_24/O
                         net (fo=1, routed)           0.000    10.084    u_soc/Core_cpu/U_ID_EX/q_row_idx[2][1]_i_24_n_2
    SLICE_X50Y108        CARRY4 (Prop_carry4_S[1]_CO[3])
                                                      0.256    10.340 r  u_soc/Core_cpu/U_ID_EX/q_row_idx_reg[2][1]_i_17/CO[3]
                         net (fo=1, routed)           0.000    10.340    u_soc/Core_cpu/U_ID_EX/q_row_idx_reg[2][1]_i_17_n_2
    SLICE_X50Y109        CARRY4 (Prop_carry4_CI_CO[3])
                                                      0.054    10.394 r  u_soc/Core_cpu/U_ID_EX/q_row_idx_reg[2][1]_i_13/CO[3]
                         net (fo=1, routed)           0.000    10.394    u_soc/Core_cpu/U_ID_EX/q_row_idx_reg[2][1]_i_13_n_2
    SLICE_X50Y110        CARRY4 (Prop_carry4_CI_CO[2])
                                                      0.110    10.504 f  u_soc/Core_cpu/U_ID_EX/q_row_idx_reg[2][1]_i_12/CO[2]
                         net (fo=4, routed)           0.449    10.954    u_soc/Core_cpu/U_ID_EX/mispredict0
    SLICE_X46Y112        LUT6 (Prop_lut6_I5_O)        0.128    11.082 r  u_soc/Core_cpu/U_ID_EX/cnt_q[4]_i_6_comp/O
                         net (fo=5, routed)           0.296    11.377    u_soc/Core_cpu/u_ifu_subsys/u_btb/push_num1
    SLICE_X47Y112        LUT4 (Prop_lut4_I1_O)        0.043    11.420 r  u_soc/Core_cpu/u_ifu_subsys/u_btb/cnt_q[2]_i_6/O
                         net (fo=3, routed)           0.192    11.612    u_soc/Core_cpu/u_ifu_subsys/u_ibuf/cnt_q_reg[2]_0
    SLICE_X47Y113        LUT4 (Prop_lut4_I3_O)        0.043    11.655 r  u_soc/Core_cpu/u_ifu_subsys/u_ibuf/cnt_q[2]_i_2/O
                         net (fo=24, routed)          0.359    12.014    u_soc/Core_cpu/u_ifu_subsys/u_ibuf/cnt_q_reg[4]_0[1]
    SLICE_X47Y115        LUT6 (Prop_lut6_I5_O)        0.043    12.057 r  u_soc/Core_cpu/u_ifu_subsys/u_ibuf/head_q[0]_i_3/O
                         net (fo=93, routed)          0.730    12.788    u_soc/Core_cpu/u_ifu_subsys/u_ibuf/cnt_q_reg[4]_3
    SLICE_X62Y117        LUT5 (Prop_lut5_I4_O)        0.043    12.831 r  u_soc/Core_cpu/u_ifu_subsys/u_ibuf/ent_q[6][68]_i_6/O
                         net (fo=9, routed)           0.453    13.283    u_soc/Core_cpu/u_ifu_subsys/u_ibuf/p_0_in__0[68]
    SLICE_X63Y123        LUT5 (Prop_lut5_I2_O)        0.043    13.326 r  u_soc/Core_cpu/u_ifu_subsys/u_ibuf/ent_q[6][68]_i_3/O
                         net (fo=8, routed)           0.452    13.779    u_soc/Core_cpu/u_ifu_subsys/u_ibuf/ent_q[6][68]_i_3_n_2
    SLICE_X64Y124        LUT6 (Prop_lut6_I3_O)        0.043    13.822 r  u_soc/Core_cpu/u_ifu_subsys/u_ibuf/ent_q[0][68]_i_1/O
                         net (fo=1, routed)           0.000    13.822    u_soc/Core_cpu/u_ifu_subsys/u_ibuf/ent_q[0][68]_i_1_n_2
    SLICE_X64Y124        FDRE                                         r  u_soc/Core_cpu/u_ifu_subsys/u_ibuf/ent_q_reg[0][68]/D
  -------------------------------------------------------------------    -------------------

                         (clock clk rise edge)        8.500     8.500 r  
    AE23                                              0.000     8.500 r  clk (IN)
                         net (fo=0)                   0.000     8.500    clk
    AE23                 IBUF (Prop_ibuf_I_O)         0.660     9.160 r  clk_IBUF_inst/O
                         net (fo=1, routed)           2.516    11.676    clk_IBUF
    BUFGCTRL_X0Y0        BUFG (Prop_bufg_I_O)         0.083    11.759 r  u_bufg/O
                         net (fo=5686, routed)        1.245    13.004    u_soc/Core_cpu/u_ifu_subsys/u_ibuf/clk_buf
    SLICE_X64Y124        FDRE                                         r  u_soc/Core_cpu/u_ifu_subsys/u_ibuf/ent_q_reg[0][68]/C
                         clock pessimism              0.308    13.311    
                         clock uncertainty           -0.035    13.276    
    SLICE_X64Y124        FDRE (Setup_fdre_C_D)        0.034    13.310    u_soc/Core_cpu/u_ifu_subsys/u_ibuf/ent_q_reg[0][68]
  -------------------------------------------------------------------
                         required time                         13.310    
                         arrival time                         -13.822    
  -------------------------------------------------------------------
                         slack                                 -0.511    

Slack (VIOLATED) :        -0.508ns  (required time - arrival time)
  Source:                 u_soc/Core_cpu/U_ID_EX/ex_csr_addr_reg[4]/C
                            (rising edge-triggered cell FDCE clocked by clk  {rise@0.000ns fall@4.250ns period=8.500ns})
  Destination:            u_soc/Core_cpu/u_ifu_subsys/u_ibuf/ent_q_reg[7][20]/D
                            (rising edge-triggered cell FDRE clocked by clk  {rise@0.000ns fall@4.250ns period=8.500ns})
  Path Group:             clk
  Path Type:              Setup (Max at Slow Process Corner)
  Requirement:            8.500ns  (clk rise@8.500ns - clk rise@0.000ns)
  Data Path Delay:        8.918ns  (logic 1.861ns (20.867%)  route 7.057ns (79.133%))
  Logic Levels:           23  (CARRY4=7 LUT2=1 LUT3=2 LUT4=2 LUT5=1 LUT6=10)
  Clock Path Skew:        -0.119ns (DCD - SCD + CPR)
    Destination Clock Delay (DCD):    4.518ns = ( 13.018 - 8.500 ) 
    Source Clock Delay      (SCD):    4.871ns
    Clock Pessimism Removal (CPR):    0.235ns
  Clock Uncertainty:      0.035ns  ((TSJ^2 + TIJ^2)^1/2 + DJ) / 2 + PE
    Total System Jitter     (TSJ):    0.071ns
    Total Input Jitter      (TIJ):    0.000ns
    Discrete Jitter          (DJ):    0.000ns
    Phase Error              (PE):    0.000ns

    Location             Delay type                Incr(ns)  Path(ns)    Netlist Resource(s)
  -------------------------------------------------------------------    -------------------
                         (clock clk rise edge)        0.000     0.000 r  
    AE23                                              0.000     0.000 r  clk (IN)
                         net (fo=0)                   0.000     0.000    clk
    AE23                 IBUF (Prop_ibuf_I_O)         0.734     0.734 r  clk_IBUF_inst/O
                         net (fo=1, routed)           2.651     3.385    clk_IBUF
    BUFGCTRL_X0Y0        BUFG (Prop_bufg_I_O)         0.093     3.478 r  u_bufg/O
                         net (fo=5686, routed)        1.393     4.871    u_soc/Core_cpu/U_ID_EX/clk_buf
    SLICE_X63Y104        FDCE                                         r  u_soc/Core_cpu/U_ID_EX/ex_csr_addr_reg[4]/C
  -------------------------------------------------------------------    -------------------
    SLICE_X63Y104        FDCE (Prop_fdce_C_Q)         0.223     5.094 r  u_soc/Core_cpu/U_ID_EX/ex_csr_addr_reg[4]/Q
                         net (fo=6, routed)           0.307     5.401    u_soc/Core_cpu/U_ID_EX/ex_csr_addr[4]
    SLICE_X57Y104        LUT3 (Prop_lut3_I2_O)        0.043     5.444 r  u_soc/Core_cpu/U_ID_EX/mcause[31]_i_5/O
                         net (fo=3, routed)           0.323     5.768    u_soc/Core_cpu/U_ID_EX/mcause[31]_i_5_n_2
    SLICE_X57Y105        LUT5 (Prop_lut5_I4_O)        0.043     5.811 f  u_soc/Core_cpu/U_ID_EX/mtvec[31]_i_12/O
                         net (fo=2, routed)           0.260     6.070    u_soc/Core_cpu/U_ID_EX/mtvec[31]_i_12_n_2
    SLICE_X58Y106        LUT6 (Prop_lut6_I0_O)        0.043     6.113 f  u_soc/Core_cpu/U_ID_EX/mtvec[31]_i_9/O
                         net (fo=27, routed)          0.396     6.509    u_soc/Core_cpu/U_ID_EX/ex_csr_addr_reg[0]_0
    SLICE_X54Y104        LUT6 (Prop_lut6_I1_O)        0.043     6.552 f  u_soc/Core_cpu/U_ID_EX/mscratch[1]_i_2/O
                         net (fo=5, routed)           0.448     7.001    u_soc/Core_cpu/U_ID_EX/csr_rdata[1]
    SLICE_X49Y102        LUT4 (Prop_lut4_I0_O)        0.043     7.044 f  u_soc/Core_cpu/U_ID_EX/alu_c_reg[1]_i_8/O
                         net (fo=13, routed)          0.254     7.298    u_soc/Core_cpu/U_ID_EX/ex_A_final[1]
    SLICE_X49Y102        LUT6 (Prop_lut6_I3_O)        0.043     7.341 r  u_soc/Core_cpu/U_ID_EX/alu_c_reg[0]_i_39_comp/O
                         net (fo=2, routed)           0.516     7.857    u_soc/Core_cpu/U_ID_EX/alu_c_reg[0]_i_39_n_2
    SLICE_X46Y106        CARRY4 (Prop_carry4_DI[0]_CO[3])
                                                      0.283     8.140 r  u_soc/Core_cpu/U_ID_EX/alu_c_reg[0]_i_27/CO[3]
                         net (fo=1, routed)           0.000     8.140    u_soc/Core_cpu/U_ID_EX/alu_c_reg[0]_i_27_n_2
    SLICE_X46Y107        CARRY4 (Prop_carry4_CI_CO[3])
                                                      0.054     8.194 r  u_soc/Core_cpu/U_ID_EX/alu_c_reg[0]_i_17/CO[3]
                         net (fo=1, routed)           0.000     8.194    u_soc/Core_cpu/U_ID_EX/alu_c_reg[0]_i_17_n_2
    SLICE_X46Y108        CARRY4 (Prop_carry4_CI_CO[3])
                                                      0.054     8.248 r  u_soc/Core_cpu/U_ID_EX/alu_c_reg[0]_i_6/CO[3]
                         net (fo=1, routed)           0.000     8.248    u_soc/Core_cpu/U_ID_EX/alu_c_reg[0]_i_6_n_2
    SLICE_X46Y109        CARRY4 (Prop_carry4_CI_CO[3])
                                                      0.054     8.302 r  u_soc/Core_cpu/U_ID_EX/alu_c_reg[0]_i_3/CO[3]
                         net (fo=2, routed)           0.417     8.719    u_soc/Core_cpu/U_ID_EX/U_ALU/data9
    SLICE_X45Y109        LUT4 (Prop_lut4_I3_O)        0.043     8.762 f  u_soc/Core_cpu/U_ID_EX/u1_taken_i_3/O
                         net (fo=3, routed)           0.265     9.028    u_soc/Core_cpu/U_ID_EX/u1_taken_i_3_n_2
    SLICE_X45Y110        LUT6 (Prop_lut6_I4_O)        0.043     9.071 r  u_soc/Core_cpu/U_ID_EX/dat_q_reg_0_63_2_2_i_6/O
                         net (fo=33, routed)          0.424     9.494    u_soc/Core_cpu/U_ID_EX/dat_q_reg_0_63_2_2_i_6_n_2
    SLICE_X46Y111        LUT6 (Prop_lut6_I1_O)        0.043     9.537 r  u_soc/Core_cpu/U_ID_EX/dat_q_reg_0_63_5_5_i_3/O
                         net (fo=6, routed)           0.504    10.042    u_soc/Core_cpu/U_ID_EX/ex_npc_op_reg[1]_3
    SLICE_X50Y108        LUT6 (Prop_lut6_I3_O)        0.043    10.085 r  u_soc/Core_cpu/U_ID_EX/q_row_idx[2][1]_i_24/O
                         net (fo=1, routed)           0.000    10.085    u_soc/Core_cpu/U_ID_EX/q_row_idx[2][1]_i_24_n_2
    SLICE_X50Y108        CARRY4 (Prop_carry4_S[1]_CO[3])
                                                      0.256    10.341 r  u_soc/Core_cpu/U_ID_EX/q_row_idx_reg[2][1]_i_17/CO[3]
                         net (fo=1, routed)           0.000    10.341    u_soc/Core_cpu/U_ID_EX/q_row_idx_reg[2][1]_i_17_n_2
    SLICE_X50Y109        CARRY4 (Prop_carry4_CI_CO[3])
                                                      0.054    10.395 r  u_soc/Core_cpu/U_ID_EX/q_row_idx_reg[2][1]_i_13/CO[3]
                         net (fo=1, routed)           0.000    10.395    u_soc/Core_cpu/U_ID_EX/q_row_idx_reg[2][1]_i_13_n_2
    SLICE_X50Y110        CARRY4 (Prop_carry4_CI_CO[2])
                                                      0.110    10.505 f  u_soc/Core_cpu/U_ID_EX/q_row_idx_reg[2][1]_i_12/CO[2]
                         net (fo=4, routed)           0.449    10.954    u_soc/Core_cpu/U_ID_EX/mispredict0
    SLICE_X46Y112        LUT6 (Prop_lut6_I5_O)        0.128    11.082 r  u_soc/Core_cpu/U_ID_EX/cnt_q[4]_i_6_comp/O
                         net (fo=5, routed)           0.357    11.439    u_soc/Core_cpu/u_ifu_subsys/u_btb/push_num1
    SLICE_X46Y113        LUT6 (Prop_lut6_I0_O)        0.043    11.482 r  u_soc/Core_cpu/u_ifu_subsys/u_btb/cnt_q[4]_i_3/O
                         net (fo=143, routed)         0.814    12.296    u_soc/Core_cpu/u_ifu_subsys/u_ibuf/push_num[2]
    SLICE_X74Y114        LUT3 (Prop_lut3_I1_O)        0.043    12.339 r  u_soc/Core_cpu/u_ifu_subsys/u_ibuf/ent_q[6][28]_i_3/O
                         net (fo=131, routed)         0.312    12.651    u_soc/Core_cpu/u_ifu_subsys/u_ibuf/ent_q[6][28]_i_3_n_2
    SLICE_X75Y113        LUT2 (Prop_lut2_I0_O)        0.043    12.694 r  u_soc/Core_cpu/u_ifu_subsys/u_ibuf/ent_q[6][28]_i_13/O
                         net (fo=128, routed)         0.647    13.341    u_soc/Core_cpu/u_ifu_subsys/u_ibuf/ent_q[6][28]_i_13_n_2
    SLICE_X82Y118        LUT6 (Prop_lut6_I2_O)        0.043    13.384 r  u_soc/Core_cpu/u_ifu_subsys/u_ibuf/ent_q[7][20]_i_2/O
                         net (fo=1, routed)           0.363    13.747    u_soc/Core_cpu/u_ifu_subsys/u_ibuf/ent_q[7][20]_i_2_n_2
    SLICE_X82Y118        LUT6 (Prop_lut6_I5_O)        0.043    13.790 r  u_soc/Core_cpu/u_ifu_subsys/u_ibuf/ent_q[7][20]_i_1/O
                         net (fo=1, routed)           0.000    13.790    u_soc/Core_cpu/u_ifu_subsys/u_ibuf/ent_q[7][20]_i_1_n_2
    SLICE_X82Y118        FDRE                                         r  u_soc/Core_cpu/u_ifu_subsys/u_ibuf/ent_q_reg[7][20]/D
  -------------------------------------------------------------------    -------------------

                         (clock clk rise edge)        8.500     8.500 r  
    AE23                                              0.000     8.500 r  clk (IN)
                         net (fo=0)                   0.000     8.500    clk
    AE23                 IBUF (Prop_ibuf_I_O)         0.660     9.160 r  clk_IBUF_inst/O
                         net (fo=1, routed)           2.516    11.676    clk_IBUF
    BUFGCTRL_X0Y0        BUFG (Prop_bufg_I_O)         0.083    11.759 r  u_bufg/O
                         net (fo=5686, routed)        1.259    13.018    u_soc/Core_cpu/u_ifu_subsys/u_ibuf/clk_buf
    SLICE_X82Y118        FDRE                                         r  u_soc/Core_cpu/u_ifu_subsys/u_ibuf/ent_q_reg[7][20]/C
                         clock pessimism              0.235    13.252    
                         clock uncertainty           -0.035    13.217    
    SLICE_X82Y118        FDRE (Setup_fdre_C_D)        0.065    13.282    u_soc/Core_cpu/u_ifu_subsys/u_ibuf/ent_q_reg[7][20]
  -------------------------------------------------------------------
                         required time                         13.282    
                         arrival time                         -13.790    
  -------------------------------------------------------------------
                         slack                                 -0.508    





Pulse Width Checks
--------------------------------------------------------------------------------------
Clock Name:         clk
Waveform(ns):       { 0.000 4.250 }
Period(ns):         8.500
Sources:            { clk }

Check Type        Corner  Lib Pin             Reference Pin  Required(ns)  Actual(ns)  Slack(ns)  Location       Pin
Min Period        n/a     RAMB36E1/CLKARDCLK  n/a            2.095         8.500       6.405      RAMB36_X2Y21   u_soc/Core_cpu/u_ifu_subsys/u_icache/u_dat_way0/u_prim/mem_q_reg_0/CLKARDCLK
Min Period        n/a     RAMB36E1/CLKBWRCLK  n/a            2.095         8.500       6.405      RAMB36_X2Y21   u_soc/Core_cpu/u_ifu_subsys/u_icache/u_dat_way0/u_prim/mem_q_reg_0/CLKBWRCLK
Min Period        n/a     RAMB36E1/CLKARDCLK  n/a            2.095         8.500       6.405      RAMB36_X2Y23   u_soc/Core_cpu/u_ifu_subsys/u_icache/u_dat_way0/u_prim/mem_q_reg_1/CLKARDCLK
Min Period        n/a     RAMB36E1/CLKBWRCLK  n/a            2.095         8.500       6.405      RAMB36_X2Y23   u_soc/Core_cpu/u_ifu_subsys/u_icache/u_dat_way0/u_prim/mem_q_reg_1/CLKBWRCLK
Min Period        n/a     RAMB36E1/CLKARDCLK  n/a            2.095         8.500       6.405      RAMB36_X2Y22   u_soc/Core_cpu/u_ifu_subsys/u_icache/u_dat_way1/u_prim/mem_q_reg_0/CLKARDCLK
Min Period        n/a     RAMB36E1/CLKBWRCLK  n/a            2.095         8.500       6.405      RAMB36_X2Y22   u_soc/Core_cpu/u_ifu_subsys/u_icache/u_dat_way1/u_prim/mem_q_reg_0/CLKBWRCLK
Min Period        n/a     RAMB36E1/CLKARDCLK  n/a            2.095         8.500       6.405      RAMB36_X2Y24   u_soc/Core_cpu/u_ifu_subsys/u_icache/u_dat_way1/u_prim/mem_q_reg_1/CLKARDCLK
Min Period        n/a     RAMB36E1/CLKBWRCLK  n/a            2.095         8.500       6.405      RAMB36_X2Y24   u_soc/Core_cpu/u_ifu_subsys/u_icache/u_dat_way1/u_prim/mem_q_reg_1/CLKBWRCLK
Min Period        n/a     RAMB36E1/CLKARDCLK  n/a            2.095         8.500       6.405      RAMB36_X1Y23   u_soc/Mem_DRAM/u_prim/mem_reg_0/CLKARDCLK
Min Period        n/a     RAMB36E1/CLKARDCLK  n/a            2.095         8.500       6.405      RAMB36_X0Y20   u_soc/Mem_DRAM/u_prim/mem_reg_1/CLKARDCLK
Min Period        n/a     RAMB36E1/CLKARDCLK  n/a            2.095         8.500       6.405      RAMB36_X0Y17   u_soc/Mem_DRAM/u_prim/mem_reg_10/CLKARDCLK
Min Period        n/a     RAMB36E1/CLKARDCLK  n/a            2.095         8.500       6.405      RAMB36_X1Y22   u_soc/Mem_DRAM/u_prim/mem_reg_11/CLKARDCLK
Min Period        n/a     RAMB36E1/CLKARDCLK  n/a            2.095         8.500       6.405      RAMB36_X0Y18   u_soc/Mem_DRAM/u_prim/mem_reg_12/CLKARDCLK
Min Period        n/a     RAMB36E1/CLKARDCLK  n/a            2.095         8.500       6.405      RAMB36_X1Y24   u_soc/Mem_DRAM/u_prim/mem_reg_13/CLKARDCLK
Min Period        n/a     RAMB36E1/CLKARDCLK  n/a            2.095         8.500       6.405      RAMB36_X0Y19   u_soc/Mem_DRAM/u_prim/mem_reg_14/CLKARDCLK
Min Period        n/a     RAMB36E1/CLKARDCLK  n/a            2.095         8.500       6.405      RAMB36_X0Y16   u_soc/Mem_DRAM/u_prim/mem_reg_15/CLKARDCLK
Min Period        n/a     RAMB36E1/CLKARDCLK  n/a            2.095         8.500       6.405      RAMB36_X1Y19   u_soc/Mem_DRAM/u_prim/mem_reg_2/CLKARDCLK
Min Period        n/a     RAMB36E1/CLKARDCLK  n/a            2.095         8.500       6.405      RAMB36_X1Y21   u_soc/Mem_DRAM/u_prim/mem_reg_3/CLKARDCLK
Min Period        n/a     RAMB36E1/CLKARDCLK  n/a            2.095         8.500       6.405      RAMB36_X0Y22   u_soc/Mem_DRAM/u_prim/mem_reg_4/CLKARDCLK
Min Period        n/a     RAMB36E1/CLKARDCLK  n/a            2.095         8.500       6.405      RAMB36_X0Y23   u_soc/Mem_DRAM/u_prim/mem_reg_5/CLKARDCLK
Low Pulse Width   Slow    RAMD64E/CLK         n/a            0.768         4.250       3.482      SLICE_X62Y89   u_soc/Core_cpu/u_ifu_subsys/g_tage.u_tage/g_tab[0].pv_p_reg_r1_0_63_0_2/RAMA/CLK
Low Pulse Width   Fast    RAMD64E/CLK         n/a            0.768         4.250       3.482      SLICE_X62Y89   u_soc/Core_cpu/u_ifu_subsys/g_tage.u_tage/g_tab[0].pv_p_reg_r1_0_63_0_2/RAMA/CLK
Low Pulse Width   Slow    RAMD64E/CLK         n/a            0.768         4.250       3.482      SLICE_X62Y89   u_soc/Core_cpu/u_ifu_subsys/g_tage.u_tage/g_tab[0].pv_p_reg_r1_0_63_0_2/RAMB/CLK
Low Pulse Width   Fast    RAMD64E/CLK         n/a            0.768         4.250       3.482      SLICE_X62Y89   u_soc/Core_cpu/u_ifu_subsys/g_tage.u_tage/g_tab[0].pv_p_reg_r1_0_63_0_2/RAMB/CLK
Low Pulse Width   Slow    RAMD64E/CLK         n/a            0.768         4.250       3.482      SLICE_X62Y89   u_soc/Core_cpu/u_ifu_subsys/g_tage.u_tage/g_tab[0].pv_p_reg_r1_0_63_0_2/RAMC/CLK
Low Pulse Width   Fast    RAMD64E/CLK         n/a            0.768         4.250       3.482      SLICE_X62Y89   u_soc/Core_cpu/u_ifu_subsys/g_tage.u_tage/g_tab[0].pv_p_reg_r1_0_63_0_2/RAMC/CLK
Low Pulse Width   Slow    RAMD64E/CLK         n/a            0.768         4.250       3.482      SLICE_X62Y89   u_soc/Core_cpu/u_ifu_subsys/g_tage.u_tage/g_tab[0].pv_p_reg_r1_0_63_0_2/RAMD/CLK
Low Pulse Width   Fast    RAMD64E/CLK         n/a            0.768         4.250       3.482      SLICE_X62Y89   u_soc/Core_cpu/u_ifu_subsys/g_tage.u_tage/g_tab[0].pv_p_reg_r1_0_63_0_2/RAMD/CLK
Low Pulse Width   Slow    RAMD64E/CLK         n/a            0.768         4.250       3.482      SLICE_X58Y87   u_soc/Core_cpu/u_ifu_subsys/g_tage.u_tage/g_tab[0].pv_p_reg_r1_0_63_12_14/RAMA/CLK
Low Pulse Width   Fast    RAMD64E/CLK         n/a            0.768         4.250       3.482      SLICE_X58Y87   u_soc/Core_cpu/u_ifu_subsys/g_tage.u_tage/g_tab[0].pv_p_reg_r1_0_63_12_14/RAMA/CLK
Low Pulse Width   Slow    RAMD64E/CLK         n/a            0.768         4.250       3.482      SLICE_X58Y87   u_soc/Core_cpu/u_ifu_subsys/g_tage.u_tage/g_tab[0].pv_p_reg_r1_0_63_12_14/RAMB/CLK
Low Pulse Width   Fast    RAMD64E/CLK         n/a            0.768         4.250       3.482      SLICE_X58Y87   u_soc/Core_cpu/u_ifu_subsys/g_tage.u_tage/g_tab[0].pv_p_reg_r1_0_63_12_14/RAMB/CLK
Low Pulse Width   Slow    RAMD64E/CLK         n/a            0.768         4.250       3.482      SLICE_X58Y87   u_soc/Core_cpu/u_ifu_subsys/g_tage.u_tage/g_tab[0].pv_p_reg_r1_0_63_12_14/RAMC/CLK
Low Pulse Width   Fast    RAMD64E/CLK         n/a            0.768         4.250       3.482      SLICE_X58Y87   u_soc/Core_cpu/u_ifu_subsys/g_tage.u_tage/g_tab[0].pv_p_reg_r1_0_63_12_14/RAMC/CLK
Low Pulse Width   Slow    RAMD64E/CLK         n/a            0.768         4.250       3.482      SLICE_X58Y87   u_soc/Core_cpu/u_ifu_subsys/g_tage.u_tage/g_tab[0].pv_p_reg_r1_0_63_12_14/RAMD/CLK
Low Pulse Width   Fast    RAMD64E/CLK         n/a            0.768         4.250       3.482      SLICE_X58Y87   u_soc/Core_cpu/u_ifu_subsys/g_tage.u_tage/g_tab[0].pv_p_reg_r1_0_63_12_14/RAMD/CLK
Low Pulse Width   Slow    RAMD64E/CLK         n/a            0.768         4.250       3.482      SLICE_X62Y100  u_soc/Core_cpu/u_ifu_subsys/g_tage.u_tage/g_tab[0].pv_p_reg_r1_0_63_15_17/RAMA/CLK
Low Pulse Width   Fast    RAMD64E/CLK         n/a            0.768         4.250       3.482      SLICE_X62Y100  u_soc/Core_cpu/u_ifu_subsys/g_tage.u_tage/g_tab[0].pv_p_reg_r1_0_63_15_17/RAMA/CLK
Low Pulse Width   Slow    RAMD64E/CLK         n/a            0.768         4.250       3.482      SLICE_X62Y100  u_soc/Core_cpu/u_ifu_subsys/g_tage.u_tage/g_tab[0].pv_p_reg_r1_0_63_15_17/RAMB/CLK
Low Pulse Width   Fast    RAMD64E/CLK         n/a            0.768         4.250       3.482      SLICE_X62Y100  u_soc/Core_cpu/u_ifu_subsys/g_tage.u_tage/g_tab[0].pv_p_reg_r1_0_63_15_17/RAMB/CLK
High Pulse Width  Slow    RAMD64E/CLK         n/a            0.768         4.250       3.482      SLICE_X62Y89   u_soc/Core_cpu/u_ifu_subsys/g_tage.u_tage/g_tab[0].pv_p_reg_r1_0_63_0_2/RAMA/CLK
High Pulse Width  Fast    RAMD64E/CLK         n/a            0.768         4.250       3.482      SLICE_X62Y89   u_soc/Core_cpu/u_ifu_subsys/g_tage.u_tage/g_tab[0].pv_p_reg_r1_0_63_0_2/RAMA/CLK
High Pulse Width  Slow    RAMD64E/CLK         n/a            0.768         4.250       3.482      SLICE_X62Y89   u_soc/Core_cpu/u_ifu_subsys/g_tage.u_tage/g_tab[0].pv_p_reg_r1_0_63_0_2/RAMB/CLK
High Pulse Width  Fast    RAMD64E/CLK         n/a            0.768         4.250       3.482      SLICE_X62Y89   u_soc/Core_cpu/u_ifu_subsys/g_tage.u_tage/g_tab[0].pv_p_reg_r1_0_63_0_2/RAMB/CLK
High Pulse Width  Slow    RAMD64E/CLK         n/a            0.768         4.250       3.482      SLICE_X62Y89   u_soc/Core_cpu/u_ifu_subsys/g_tage.u_tage/g_tab[0].pv_p_reg_r1_0_63_0_2/RAMC/CLK
High Pulse Width  Fast    RAMD64E/CLK         n/a            0.768         4.250       3.482      SLICE_X62Y89   u_soc/Core_cpu/u_ifu_subsys/g_tage.u_tage/g_tab[0].pv_p_reg_r1_0_63_0_2/RAMC/CLK
High Pulse Width  Slow    RAMD64E/CLK         n/a            0.768         4.250       3.482      SLICE_X62Y89   u_soc/Core_cpu/u_ifu_subsys/g_tage.u_tage/g_tab[0].pv_p_reg_r1_0_63_0_2/RAMD/CLK
High Pulse Width  Fast    RAMD64E/CLK         n/a            0.768         4.250       3.482      SLICE_X62Y89   u_soc/Core_cpu/u_ifu_subsys/g_tage.u_tage/g_tab[0].pv_p_reg_r1_0_63_0_2/RAMD/CLK
High Pulse Width  Slow    RAMD64E/CLK         n/a            0.768         4.250       3.482      SLICE_X58Y87   u_soc/Core_cpu/u_ifu_subsys/g_tage.u_tage/g_tab[0].pv_p_reg_r1_0_63_12_14/RAMA/CLK
High Pulse Width  Fast    RAMD64E/CLK         n/a            0.768         4.250       3.482      SLICE_X58Y87   u_soc/Core_cpu/u_ifu_subsys/g_tage.u_tage/g_tab[0].pv_p_reg_r1_0_63_12_14/RAMA/CLK
High Pulse Width  Slow    RAMD64E/CLK         n/a            0.768         4.250       3.482      SLICE_X58Y87   u_soc/Core_cpu/u_ifu_subsys/g_tage.u_tage/g_tab[0].pv_p_reg_r1_0_63_12_14/RAMB/CLK
High Pulse Width  Fast    RAMD64E/CLK         n/a            0.768         4.250       3.482      SLICE_X58Y87   u_soc/Core_cpu/u_ifu_subsys/g_tage.u_tage/g_tab[0].pv_p_reg_r1_0_63_12_14/RAMB/CLK
High Pulse Width  Slow    RAMD64E/CLK         n/a            0.768         4.250       3.482      SLICE_X58Y87   u_soc/Core_cpu/u_ifu_subsys/g_tage.u_tage/g_tab[0].pv_p_reg_r1_0_63_12_14/RAMC/CLK
High Pulse Width  Fast    RAMD64E/CLK         n/a            0.768         4.250       3.482      SLICE_X58Y87   u_soc/Core_cpu/u_ifu_subsys/g_tage.u_tage/g_tab[0].pv_p_reg_r1_0_63_12_14/RAMC/CLK
High Pulse Width  Slow    RAMD64E/CLK         n/a            0.768         4.250       3.482      SLICE_X58Y87   u_soc/Core_cpu/u_ifu_subsys/g_tage.u_tage/g_tab[0].pv_p_reg_r1_0_63_12_14/RAMD/CLK
High Pulse Width  Fast    RAMD64E/CLK         n/a            0.768         4.250       3.482      SLICE_X58Y87   u_soc/Core_cpu/u_ifu_subsys/g_tage.u_tage/g_tab[0].pv_p_reg_r1_0_63_12_14/RAMD/CLK
High Pulse Width  Slow    RAMD64E/CLK         n/a            0.768         4.250       3.482      SLICE_X62Y100  u_soc/Core_cpu/u_ifu_subsys/g_tage.u_tage/g_tab[0].pv_p_reg_r1_0_63_15_17/RAMA/CLK
High Pulse Width  Fast    RAMD64E/CLK         n/a            0.768         4.250       3.482      SLICE_X62Y100  u_soc/Core_cpu/u_ifu_subsys/g_tage.u_tage/g_tab[0].pv_p_reg_r1_0_63_15_17/RAMA/CLK
High Pulse Width  Slow    RAMD64E/CLK         n/a            0.768         4.250       3.482      SLICE_X62Y100  u_soc/Core_cpu/u_ifu_subsys/g_tage.u_tage/g_tab[0].pv_p_reg_r1_0_63_15_17/RAMB/CLK
High Pulse Width  Fast    RAMD64E/CLK         n/a            0.768         4.250       3.482      SLICE_X62Y100  u_soc/Core_cpu/u_ifu_subsys/g_tage.u_tage/g_tab[0].pv_p_reg_r1_0_63_15_17/RAMB/CLK



---------------------------------------------------------------------------------------------------
Path Group:  **async_default**
From Clock:  clk
  To Clock:  clk

Setup :            0  Failing Endpoints,  Worst Slack        3.605ns,  Total Violation        0.000ns
Hold  :           NA  Failing Endpoints,  Worst Slack           NA  ,  Total Violation           NA
---------------------------------------------------------------------------------------------------


Max Delay Paths
--------------------------------------------------------------------------------------
Slack (MET) :             3.605ns  (required time - arrival time)
  Source:                 u_soc/rst_cpu_reg_rep__0/C
                            (rising edge-triggered cell FDPE clocked by clk  {rise@0.000ns fall@4.250ns period=8.500ns})
  Destination:            u_soc/Core_cpu/U_MUL_DIV/U_MUL_PIPE/row_m2_reg[0][27]/CLR
                            (recovery check against rising-edge clock clk  {rise@0.000ns fall@4.250ns period=8.500ns})
  Path Group:             **async_default**
  Path Type:              Recovery (Max at Slow Process Corner)
  Requirement:            8.500ns  (clk rise@8.500ns - clk rise@0.000ns)
  Data Path Delay:        4.538ns  (logic 0.259ns (5.707%)  route 4.279ns (94.293%))
  Logic Levels:           0  
  Clock Path Skew:        -0.110ns (DCD - SCD + CPR)
    Destination Clock Delay (DCD):    4.757ns = ( 13.257 - 8.500 ) 
    Source Clock Delay      (SCD):    5.176ns
    Clock Pessimism Removal (CPR):    0.310ns
  Clock Uncertainty:      0.035ns  ((TSJ^2 + TIJ^2)^1/2 + DJ) / 2 + PE
    Total System Jitter     (TSJ):    0.071ns
    Total Input Jitter      (TIJ):    0.000ns
    Discrete Jitter          (DJ):    0.000ns
    Phase Error              (PE):    0.000ns

    Location             Delay type                Incr(ns)  Path(ns)    Netlist Resource(s)
  -------------------------------------------------------------------    -------------------
                         (clock clk rise edge)        0.000     0.000 r  
    AE23                                              0.000     0.000 r  clk (IN)
                         net (fo=0)                   0.000     0.000    clk
    AE23                 IBUF (Prop_ibuf_I_O)         0.734     0.734 r  clk_IBUF_inst/O
                         net (fo=1, routed)           2.651     3.385    clk_IBUF
    BUFGCTRL_X0Y0        BUFG (Prop_bufg_I_O)         0.093     3.478 r  u_bufg/O
                         net (fo=5686, routed)        1.698     5.176    u_soc/clk_buf
    SLICE_X6Y92          FDPE                                         r  u_soc/rst_cpu_reg_rep__0/C
  -------------------------------------------------------------------    -------------------
    SLICE_X6Y92          FDPE (Prop_fdpe_C_Q)         0.259     5.435 f  u_soc/rst_cpu_reg_rep__0/Q
                         net (fo=179, routed)         4.279     9.714    u_soc/Core_cpu/U_MUL_DIV/U_MUL_PIPE/AR[1]
    SLICE_X28Y59         FDCE                                         f  u_soc/Core_cpu/U_MUL_DIV/U_MUL_PIPE/row_m2_reg[0][27]/CLR
  -------------------------------------------------------------------    -------------------

                         (clock clk rise edge)        8.500     8.500 r  
    AE23                                              0.000     8.500 r  clk (IN)
                         net (fo=0)                   0.000     8.500    clk
    AE23                 IBUF (Prop_ibuf_I_O)         0.660     9.160 r  clk_IBUF_inst/O
                         net (fo=1, routed)           2.516    11.676    clk_IBUF
    BUFGCTRL_X0Y0        BUFG (Prop_bufg_I_O)         0.083    11.759 r  u_bufg/O
                         net (fo=5686, routed)        1.498    13.257    u_soc/Core_cpu/U_MUL_DIV/U_MUL_PIPE/clk_buf
    SLICE_X28Y59         FDCE                                         r  u_soc/Core_cpu/U_MUL_DIV/U_MUL_PIPE/row_m2_reg[0][27]/C
                         clock pessimism              0.310    13.566    
                         clock uncertainty           -0.035    13.531    
    SLICE_X28Y59         FDCE (Recov_fdce_C_CLR)     -0.212    13.319    u_soc/Core_cpu/U_MUL_DIV/U_MUL_PIPE/row_m2_reg[0][27]
  -------------------------------------------------------------------
                         required time                         13.319    
                         arrival time                          -9.714    
  -------------------------------------------------------------------
                         slack                                  3.605    

Slack (MET) :             3.605ns  (required time - arrival time)
  Source:                 u_soc/rst_cpu_reg_rep__0/C
                            (rising edge-triggered cell FDPE clocked by clk  {rise@0.000ns fall@4.250ns period=8.500ns})
  Destination:            u_soc/Core_cpu/U_MUL_DIV/U_MUL_PIPE/row_m2_reg[1][28]/CLR
                            (recovery check against rising-edge clock clk  {rise@0.000ns fall@4.250ns period=8.500ns})
  Path Group:             **async_default**
  Path Type:              Recovery (Max at Slow Process Corner)
  Requirement:            8.500ns  (clk rise@8.500ns - clk rise@0.000ns)
  Data Path Delay:        4.538ns  (logic 0.259ns (5.707%)  route 4.279ns (94.293%))
  Logic Levels:           0  
  Clock Path Skew:        -0.110ns (DCD - SCD + CPR)
    Destination Clock Delay (DCD):    4.757ns = ( 13.257 - 8.500 ) 
    Source Clock Delay      (SCD):    5.176ns
    Clock Pessimism Removal (CPR):    0.310ns
  Clock Uncertainty:      0.035ns  ((TSJ^2 + TIJ^2)^1/2 + DJ) / 2 + PE
    Total System Jitter     (TSJ):    0.071ns
    Total Input Jitter      (TIJ):    0.000ns
    Discrete Jitter          (DJ):    0.000ns
    Phase Error              (PE):    0.000ns

    Location             Delay type                Incr(ns)  Path(ns)    Netlist Resource(s)
  -------------------------------------------------------------------    -------------------
                         (clock clk rise edge)        0.000     0.000 r  
    AE23                                              0.000     0.000 r  clk (IN)
                         net (fo=0)                   0.000     0.000    clk
    AE23                 IBUF (Prop_ibuf_I_O)         0.734     0.734 r  clk_IBUF_inst/O
                         net (fo=1, routed)           2.651     3.385    clk_IBUF
    BUFGCTRL_X0Y0        BUFG (Prop_bufg_I_O)         0.093     3.478 r  u_bufg/O
                         net (fo=5686, routed)        1.698     5.176    u_soc/clk_buf
    SLICE_X6Y92          FDPE                                         r  u_soc/rst_cpu_reg_rep__0/C
  -------------------------------------------------------------------    -------------------
    SLICE_X6Y92          FDPE (Prop_fdpe_C_Q)         0.259     5.435 f  u_soc/rst_cpu_reg_rep__0/Q
                         net (fo=179, routed)         4.279     9.714    u_soc/Core_cpu/U_MUL_DIV/U_MUL_PIPE/AR[1]
    SLICE_X28Y59         FDCE                                         f  u_soc/Core_cpu/U_MUL_DIV/U_MUL_PIPE/row_m2_reg[1][28]/CLR
  -------------------------------------------------------------------    -------------------

                         (clock clk rise edge)        8.500     8.500 r  
    AE23                                              0.000     8.500 r  clk (IN)
                         net (fo=0)                   0.000     8.500    clk
    AE23                 IBUF (Prop_ibuf_I_O)         0.660     9.160 r  clk_IBUF_inst/O
                         net (fo=1, routed)           2.516    11.676    clk_IBUF
    BUFGCTRL_X0Y0        BUFG (Prop_bufg_I_O)         0.083    11.759 r  u_bufg/O
                         net (fo=5686, routed)        1.498    13.257    u_soc/Core_cpu/U_MUL_DIV/U_MUL_PIPE/clk_buf
    SLICE_X28Y59         FDCE                                         r  u_soc/Core_cpu/U_MUL_DIV/U_MUL_PIPE/row_m2_reg[1][28]/C
                         clock pessimism              0.310    13.566    
                         clock uncertainty           -0.035    13.531    
    SLICE_X28Y59         FDCE (Recov_fdce_C_CLR)     -0.212    13.319    u_soc/Core_cpu/U_MUL_DIV/U_MUL_PIPE/row_m2_reg[1][28]
  -------------------------------------------------------------------
                         required time                         13.319    
                         arrival time                          -9.714    
  -------------------------------------------------------------------
                         slack                                  3.605    

Slack (MET) :             3.611ns  (required time - arrival time)
  Source:                 u_soc/rst_cpu_reg_rep__0/C
                            (rising edge-triggered cell FDPE clocked by clk  {rise@0.000ns fall@4.250ns period=8.500ns})
  Destination:            u_soc/Core_cpu/U_MUL_DIV/U_MUL_PIPE/row_m2_reg[2][28]/CLR
                            (recovery check against rising-edge clock clk  {rise@0.000ns fall@4.250ns period=8.500ns})
  Path Group:             **async_default**
  Path Type:              Recovery (Max at Slow Process Corner)
  Requirement:            8.500ns  (clk rise@8.500ns - clk rise@0.000ns)
  Data Path Delay:        4.529ns  (logic 0.259ns (5.718%)  route 4.270ns (94.282%))
  Logic Levels:           0  
  Clock Path Skew:        -0.112ns (DCD - SCD + CPR)
    Destination Clock Delay (DCD):    4.755ns = ( 13.255 - 8.500 ) 
    Source Clock Delay      (SCD):    5.176ns
    Clock Pessimism Removal (CPR):    0.310ns
  Clock Uncertainty:      0.035ns  ((TSJ^2 + TIJ^2)^1/2 + DJ) / 2 + PE
    Total System Jitter     (TSJ):    0.071ns
    Total Input Jitter      (TIJ):    0.000ns
    Discrete Jitter          (DJ):    0.000ns
    Phase Error              (PE):    0.000ns

    Location             Delay type                Incr(ns)  Path(ns)    Netlist Resource(s)
  -------------------------------------------------------------------    -------------------
                         (clock clk rise edge)        0.000     0.000 r  
    AE23                                              0.000     0.000 r  clk (IN)
                         net (fo=0)                   0.000     0.000    clk
    AE23                 IBUF (Prop_ibuf_I_O)         0.734     0.734 r  clk_IBUF_inst/O
                         net (fo=1, routed)           2.651     3.385    clk_IBUF
    BUFGCTRL_X0Y0        BUFG (Prop_bufg_I_O)         0.093     3.478 r  u_bufg/O
                         net (fo=5686, routed)        1.698     5.176    u_soc/clk_buf
    SLICE_X6Y92          FDPE                                         r  u_soc/rst_cpu_reg_rep__0/C
  -------------------------------------------------------------------    -------------------
    SLICE_X6Y92          FDPE (Prop_fdpe_C_Q)         0.259     5.435 f  u_soc/rst_cpu_reg_rep__0/Q
                         net (fo=179, routed)         4.270     9.706    u_soc/Core_cpu/U_MUL_DIV/U_MUL_PIPE/AR[1]
    SLICE_X28Y63         FDCE                                         f  u_soc/Core_cpu/U_MUL_DIV/U_MUL_PIPE/row_m2_reg[2][28]/CLR
  -------------------------------------------------------------------    -------------------

                         (clock clk rise edge)        8.500     8.500 r  
    AE23                                              0.000     8.500 r  clk (IN)
                         net (fo=0)                   0.000     8.500    clk
    AE23                 IBUF (Prop_ibuf_I_O)         0.660     9.160 r  clk_IBUF_inst/O
                         net (fo=1, routed)           2.516    11.676    clk_IBUF
    BUFGCTRL_X0Y0        BUFG (Prop_bufg_I_O)         0.083    11.759 r  u_bufg/O
                         net (fo=5686, routed)        1.496    13.255    u_soc/Core_cpu/U_MUL_DIV/U_MUL_PIPE/clk_buf
    SLICE_X28Y63         FDCE                                         r  u_soc/Core_cpu/U_MUL_DIV/U_MUL_PIPE/row_m2_reg[2][28]/C
                         clock pessimism              0.310    13.564    
                         clock uncertainty           -0.035    13.529    
    SLICE_X28Y63         FDCE (Recov_fdce_C_CLR)     -0.212    13.317    u_soc/Core_cpu/U_MUL_DIV/U_MUL_PIPE/row_m2_reg[2][28]
  -------------------------------------------------------------------
                         required time                         13.317    
                         arrival time                          -9.706    
  -------------------------------------------------------------------
                         slack                                  3.611    

Slack (MET) :             3.709ns  (required time - arrival time)
  Source:                 u_soc/rst_cpu_reg_rep__0/C
                            (rising edge-triggered cell FDPE clocked by clk  {rise@0.000ns fall@4.250ns period=8.500ns})
  Destination:            u_soc/Core_cpu/U_MUL_DIV/U_MUL_PIPE/row_m2_reg[2][25]/CLR
                            (recovery check against rising-edge clock clk  {rise@0.000ns fall@4.250ns period=8.500ns})
  Path Group:             **async_default**
  Path Type:              Recovery (Max at Slow Process Corner)
  Requirement:            8.500ns  (clk rise@8.500ns - clk rise@0.000ns)
  Data Path Delay:        4.434ns  (logic 0.259ns (5.842%)  route 4.175ns (94.159%))
  Logic Levels:           0  
  Clock Path Skew:        -0.110ns (DCD - SCD + CPR)
    Destination Clock Delay (DCD):    4.757ns = ( 13.257 - 8.500 ) 
    Source Clock Delay      (SCD):    5.176ns
    Clock Pessimism Removal (CPR):    0.310ns
  Clock Uncertainty:      0.035ns  ((TSJ^2 + TIJ^2)^1/2 + DJ) / 2 + PE
    Total System Jitter     (TSJ):    0.071ns
    Total Input Jitter      (TIJ):    0.000ns
    Discrete Jitter          (DJ):    0.000ns
    Phase Error              (PE):    0.000ns

    Location             Delay type                Incr(ns)  Path(ns)    Netlist Resource(s)
  -------------------------------------------------------------------    -------------------
                         (clock clk rise edge)        0.000     0.000 r  
    AE23                                              0.000     0.000 r  clk (IN)
                         net (fo=0)                   0.000     0.000    clk
    AE23                 IBUF (Prop_ibuf_I_O)         0.734     0.734 r  clk_IBUF_inst/O
                         net (fo=1, routed)           2.651     3.385    clk_IBUF
    BUFGCTRL_X0Y0        BUFG (Prop_bufg_I_O)         0.093     3.478 r  u_bufg/O
                         net (fo=5686, routed)        1.698     5.176    u_soc/clk_buf
    SLICE_X6Y92          FDPE                                         r  u_soc/rst_cpu_reg_rep__0/C
  -------------------------------------------------------------------    -------------------
    SLICE_X6Y92          FDPE (Prop_fdpe_C_Q)         0.259     5.435 f  u_soc/rst_cpu_reg_rep__0/Q
                         net (fo=179, routed)         4.175     9.610    u_soc/Core_cpu/U_MUL_DIV/U_MUL_PIPE/AR[1]
    SLICE_X31Y58         FDCE                                         f  u_soc/Core_cpu/U_MUL_DIV/U_MUL_PIPE/row_m2_reg[2][25]/CLR
  -------------------------------------------------------------------    -------------------

                         (clock clk rise edge)        8.500     8.500 r  
    AE23                                              0.000     8.500 r  clk (IN)
                         net (fo=0)                   0.000     8.500    clk
    AE23                 IBUF (Prop_ibuf_I_O)         0.660     9.160 r  clk_IBUF_inst/O
                         net (fo=1, routed)           2.516    11.676    clk_IBUF
    BUFGCTRL_X0Y0        BUFG (Prop_bufg_I_O)         0.083    11.759 r  u_bufg/O
                         net (fo=5686, routed)        1.498    13.257    u_soc/Core_cpu/U_MUL_DIV/U_MUL_PIPE/clk_buf
    SLICE_X31Y58         FDCE                                         r  u_soc/Core_cpu/U_MUL_DIV/U_MUL_PIPE/row_m2_reg[2][25]/C
                         clock pessimism              0.310    13.566    
                         clock uncertainty           -0.035    13.531    
    SLICE_X31Y58         FDCE (Recov_fdce_C_CLR)     -0.212    13.319    u_soc/Core_cpu/U_MUL_DIV/U_MUL_PIPE/row_m2_reg[2][25]
  -------------------------------------------------------------------
                         required time                         13.319    
                         arrival time                          -9.610    
  -------------------------------------------------------------------
                         slack                                  3.709    

Slack (MET) :             3.770ns  (required time - arrival time)
  Source:                 u_soc/rst_cpu_reg_rep__0/C
                            (rising edge-triggered cell FDPE clocked by clk  {rise@0.000ns fall@4.250ns period=8.500ns})
  Destination:            u_soc/Core_cpu/U_MUL_DIV/U_MUL_PIPE/row_m2_reg[0][25]/CLR
                            (recovery check against rising-edge clock clk  {rise@0.000ns fall@4.250ns period=8.500ns})
  Path Group:             **async_default**
  Path Type:              Recovery (Max at Slow Process Corner)
  Requirement:            8.500ns  (clk rise@8.500ns - clk rise@0.000ns)
  Data Path Delay:        4.372ns  (logic 0.259ns (5.924%)  route 4.113ns (94.076%))
  Logic Levels:           0  
  Clock Path Skew:        -0.111ns (DCD - SCD + CPR)
    Destination Clock Delay (DCD):    4.756ns = ( 13.256 - 8.500 ) 
    Source Clock Delay      (SCD):    5.176ns
    Clock Pessimism Removal (CPR):    0.310ns
  Clock Uncertainty:      0.035ns  ((TSJ^2 + TIJ^2)^1/2 + DJ) / 2 + PE
    Total System Jitter     (TSJ):    0.071ns
    Total Input Jitter      (TIJ):    0.000ns
    Discrete Jitter          (DJ):    0.000ns
    Phase Error              (PE):    0.000ns

    Location             Delay type                Incr(ns)  Path(ns)    Netlist Resource(s)
  -------------------------------------------------------------------    -------------------
                         (clock clk rise edge)        0.000     0.000 r  
    AE23                                              0.000     0.000 r  clk (IN)
                         net (fo=0)                   0.000     0.000    clk
    AE23                 IBUF (Prop_ibuf_I_O)         0.734     0.734 r  clk_IBUF_inst/O
                         net (fo=1, routed)           2.651     3.385    clk_IBUF
    BUFGCTRL_X0Y0        BUFG (Prop_bufg_I_O)         0.093     3.478 r  u_bufg/O
                         net (fo=5686, routed)        1.698     5.176    u_soc/clk_buf
    SLICE_X6Y92          FDPE                                         r  u_soc/rst_cpu_reg_rep__0/C
  -------------------------------------------------------------------    -------------------
    SLICE_X6Y92          FDPE (Prop_fdpe_C_Q)         0.259     5.435 f  u_soc/rst_cpu_reg_rep__0/Q
                         net (fo=179, routed)         4.113     9.548    u_soc/Core_cpu/U_MUL_DIV/U_MUL_PIPE/AR[1]
    SLICE_X31Y60         FDCE                                         f  u_soc/Core_cpu/U_MUL_DIV/U_MUL_PIPE/row_m2_reg[0][25]/CLR
  -------------------------------------------------------------------    -------------------

                         (clock clk rise edge)        8.500     8.500 r  
    AE23                                              0.000     8.500 r  clk (IN)
                         net (fo=0)                   0.000     8.500    clk
    AE23                 IBUF (Prop_ibuf_I_O)         0.660     9.160 r  clk_IBUF_inst/O
                         net (fo=1, routed)           2.516    11.676    clk_IBUF
    BUFGCTRL_X0Y0        BUFG (Prop_bufg_I_O)         0.083    11.759 r  u_bufg/O
                         net (fo=5686, routed)        1.497    13.256    u_soc/Core_cpu/U_MUL_DIV/U_MUL_PIPE/clk_buf
    SLICE_X31Y60         FDCE                                         r  u_soc/Core_cpu/U_MUL_DIV/U_MUL_PIPE/row_m2_reg[0][25]/C
                         clock pessimism              0.310    13.565    
                         clock uncertainty           -0.035    13.530    
    SLICE_X31Y60         FDCE (Recov_fdce_C_CLR)     -0.212    13.318    u_soc/Core_cpu/U_MUL_DIV/U_MUL_PIPE/row_m2_reg[0][25]
  -------------------------------------------------------------------
                         required time                         13.318    
                         arrival time                          -9.548    
  -------------------------------------------------------------------
                         slack                                  3.770    

Slack (MET) :             3.781ns  (required time - arrival time)
  Source:                 rst
                            (input port clocked by clk  {rise@0.000ns fall@4.250ns period=8.500ns})
  Destination:            u_soc/u_bridge/monitor_passed_reg[2]/CLR
                            (recovery check against rising-edge clock clk  {rise@0.000ns fall@4.250ns period=8.500ns})
  Path Group:             **async_default**
  Path Type:              Recovery (Max at Slow Process Corner)
  Requirement:            8.500ns  (clk rise@8.500ns - clk rise@0.000ns)
  Data Path Delay:        7.065ns  (logic 0.693ns (9.811%)  route 6.372ns (90.189%))
  Logic Levels:           1  (IBUF=1)
  Input Delay:            2.000ns
  Clock Path Skew:        4.594ns (DCD - SCD + CPR)
    Destination Clock Delay (DCD):    4.594ns = ( 13.094 - 8.500 ) 
    Source Clock Delay      (SCD):    0.000ns
    Clock Pessimism Removal (CPR):    0.000ns
  Clock Uncertainty:      0.035ns  ((TSJ^2 + TIJ^2)^1/2 + DJ) / 2 + PE
    Total System Jitter     (TSJ):    0.071ns
    Total Input Jitter      (TIJ):    0.000ns
    Discrete Jitter          (DJ):    0.000ns
    Phase Error              (PE):    0.000ns

    Location             Delay type                Incr(ns)  Path(ns)    Netlist Resource(s)
  -------------------------------------------------------------------    -------------------
                         (clock clk rise edge)        0.000     0.000 r  
                         input delay                  2.000     2.000    
    AC20                                              0.000     2.000 f  rst (IN)
                         net (fo=0)                   0.000     2.000    rst
    AC20                 IBUF (Prop_ibuf_I_O)         0.693     2.693 f  rst_IBUF_inst/O
                         net (fo=241, routed)         6.372     9.065    u_soc/u_bridge/rst_IBUF
    SLICE_X21Y100        FDCE                                         f  u_soc/u_bridge/monitor_passed_reg[2]/CLR
  -------------------------------------------------------------------    -------------------

                         (clock clk rise edge)        8.500     8.500 r  
    AE23                                              0.000     8.500 r  clk (IN)
                         net (fo=0)                   0.000     8.500    clk
    AE23                 IBUF (Prop_ibuf_I_O)         0.660     9.160 r  clk_IBUF_inst/O
                         net (fo=1, routed)           2.516    11.676    clk_IBUF
    BUFGCTRL_X0Y0        BUFG (Prop_bufg_I_O)         0.083    11.759 r  u_bufg/O
                         net (fo=5686, routed)        1.335    13.094    u_soc/u_bridge/clk_buf
    SLICE_X21Y100        FDCE                                         r  u_soc/u_bridge/monitor_passed_reg[2]/C
                         clock pessimism              0.000    13.094    
                         clock uncertainty           -0.035    13.058    
    SLICE_X21Y100        FDCE (Recov_fdce_C_CLR)     -0.212    12.846    u_soc/u_bridge/monitor_passed_reg[2]
  -------------------------------------------------------------------
                         required time                         12.846    
                         arrival time                          -9.065    
  -------------------------------------------------------------------
                         slack                                  3.781    

Slack (MET) :             3.781ns  (required time - arrival time)
  Source:                 rst
                            (input port clocked by clk  {rise@0.000ns fall@4.250ns period=8.500ns})
  Destination:            u_soc/u_bridge/monitor_passed_reg[3]/CLR
                            (recovery check against rising-edge clock clk  {rise@0.000ns fall@4.250ns period=8.500ns})
  Path Group:             **async_default**
  Path Type:              Recovery (Max at Slow Process Corner)
  Requirement:            8.500ns  (clk rise@8.500ns - clk rise@0.000ns)
  Data Path Delay:        7.065ns  (logic 0.693ns (9.811%)  route 6.372ns (90.189%))
  Logic Levels:           1  (IBUF=1)
  Input Delay:            2.000ns
  Clock Path Skew:        4.594ns (DCD - SCD + CPR)
    Destination Clock Delay (DCD):    4.594ns = ( 13.094 - 8.500 ) 
    Source Clock Delay      (SCD):    0.000ns
    Clock Pessimism Removal (CPR):    0.000ns
  Clock Uncertainty:      0.035ns  ((TSJ^2 + TIJ^2)^1/2 + DJ) / 2 + PE
    Total System Jitter     (TSJ):    0.071ns
    Total Input Jitter      (TIJ):    0.000ns
    Discrete Jitter          (DJ):    0.000ns
    Phase Error              (PE):    0.000ns

    Location             Delay type                Incr(ns)  Path(ns)    Netlist Resource(s)
  -------------------------------------------------------------------    -------------------
                         (clock clk rise edge)        0.000     0.000 r  
                         input delay                  2.000     2.000    
    AC20                                              0.000     2.000 f  rst (IN)
                         net (fo=0)                   0.000     2.000    rst
    AC20                 IBUF (Prop_ibuf_I_O)         0.693     2.693 f  rst_IBUF_inst/O
                         net (fo=241, routed)         6.372     9.065    u_soc/u_bridge/rst_IBUF
    SLICE_X21Y100        FDCE                                         f  u_soc/u_bridge/monitor_passed_reg[3]/CLR
  -------------------------------------------------------------------    -------------------

                         (clock clk rise edge)        8.500     8.500 r  
    AE23                                              0.000     8.500 r  clk (IN)
                         net (fo=0)                   0.000     8.500    clk
    AE23                 IBUF (Prop_ibuf_I_O)         0.660     9.160 r  clk_IBUF_inst/O
                         net (fo=1, routed)           2.516    11.676    clk_IBUF
    BUFGCTRL_X0Y0        BUFG (Prop_bufg_I_O)         0.083    11.759 r  u_bufg/O
                         net (fo=5686, routed)        1.335    13.094    u_soc/u_bridge/clk_buf
    SLICE_X21Y100        FDCE                                         r  u_soc/u_bridge/monitor_passed_reg[3]/C
                         clock pessimism              0.000    13.094    
                         clock uncertainty           -0.035    13.058    
    SLICE_X21Y100        FDCE (Recov_fdce_C_CLR)     -0.212    12.846    u_soc/u_bridge/monitor_passed_reg[3]
  -------------------------------------------------------------------
                         required time                         12.846    
                         arrival time                          -9.065    
  -------------------------------------------------------------------
                         slack                                  3.781    

Slack (MET) :             3.792ns  (required time - arrival time)
  Source:                 u_soc/rst_cpu_reg_rep__0/C
                            (rising edge-triggered cell FDPE clocked by clk  {rise@0.000ns fall@4.250ns period=8.500ns})
  Destination:            u_soc/Core_cpu/U_MUL_DIV/U_MUL_PIPE/row_m2_reg[0][28]/CLR
                            (recovery check against rising-edge clock clk  {rise@0.000ns fall@4.250ns period=8.500ns})
  Path Group:             **async_default**
  Path Type:              Recovery (Max at Slow Process Corner)
  Requirement:            8.500ns  (clk rise@8.500ns - clk rise@0.000ns)
  Data Path Delay:        4.350ns  (logic 0.259ns (5.954%)  route 4.091ns (94.046%))
  Logic Levels:           0  
  Clock Path Skew:        -0.111ns (DCD - SCD + CPR)
    Destination Clock Delay (DCD):    4.756ns = ( 13.256 - 8.500 ) 
    Source Clock Delay      (SCD):    5.176ns
    Clock Pessimism Removal (CPR):    0.310ns
  Clock Uncertainty:      0.035ns  ((TSJ^2 + TIJ^2)^1/2 + DJ) / 2 + PE
    Total System Jitter     (TSJ):    0.071ns
    Total Input Jitter      (TIJ):    0.000ns
    Discrete Jitter          (DJ):    0.000ns
    Phase Error              (PE):    0.000ns

    Location             Delay type                Incr(ns)  Path(ns)    Netlist Resource(s)
  -------------------------------------------------------------------    -------------------
                         (clock clk rise edge)        0.000     0.000 r  
    AE23                                              0.000     0.000 r  clk (IN)
                         net (fo=0)                   0.000     0.000    clk
    AE23                 IBUF (Prop_ibuf_I_O)         0.734     0.734 r  clk_IBUF_inst/O
                         net (fo=1, routed)           2.651     3.385    clk_IBUF
    BUFGCTRL_X0Y0        BUFG (Prop_bufg_I_O)         0.093     3.478 r  u_bufg/O
                         net (fo=5686, routed)        1.698     5.176    u_soc/clk_buf
    SLICE_X6Y92          FDPE                                         r  u_soc/rst_cpu_reg_rep__0/C
  -------------------------------------------------------------------    -------------------
    SLICE_X6Y92          FDPE (Prop_fdpe_C_Q)         0.259     5.435 f  u_soc/rst_cpu_reg_rep__0/Q
                         net (fo=179, routed)         4.091     9.526    u_soc/Core_cpu/U_MUL_DIV/U_MUL_PIPE/AR[1]
    SLICE_X28Y60         FDCE                                         f  u_soc/Core_cpu/U_MUL_DIV/U_MUL_PIPE/row_m2_reg[0][28]/CLR
  -------------------------------------------------------------------    -------------------

                         (clock clk rise edge)        8.500     8.500 r  
    AE23                                              0.000     8.500 r  clk (IN)
                         net (fo=0)                   0.000     8.500    clk
    AE23                 IBUF (Prop_ibuf_I_O)         0.660     9.160 r  clk_IBUF_inst/O
                         net (fo=1, routed)           2.516    11.676    clk_IBUF
    BUFGCTRL_X0Y0        BUFG (Prop_bufg_I_O)         0.083    11.759 r  u_bufg/O
                         net (fo=5686, routed)        1.497    13.256    u_soc/Core_cpu/U_MUL_DIV/U_MUL_PIPE/clk_buf
    SLICE_X28Y60         FDCE                                         r  u_soc/Core_cpu/U_MUL_DIV/U_MUL_PIPE/row_m2_reg[0][28]/C
                         clock pessimism              0.310    13.565    
                         clock uncertainty           -0.035    13.530    
    SLICE_X28Y60         FDCE (Recov_fdce_C_CLR)     -0.212    13.318    u_soc/Core_cpu/U_MUL_DIV/U_MUL_PIPE/row_m2_reg[0][28]
  -------------------------------------------------------------------
                         required time                         13.318    
                         arrival time                          -9.526    
  -------------------------------------------------------------------
                         slack                                  3.792    

Slack (MET) :             3.792ns  (required time - arrival time)
  Source:                 u_soc/rst_cpu_reg_rep__0/C
                            (rising edge-triggered cell FDPE clocked by clk  {rise@0.000ns fall@4.250ns period=8.500ns})
  Destination:            u_soc/Core_cpu/U_MUL_DIV/U_MUL_PIPE/row_m2_reg[3][27]/CLR
                            (recovery check against rising-edge clock clk  {rise@0.000ns fall@4.250ns period=8.500ns})
  Path Group:             **async_default**
  Path Type:              Recovery (Max at Slow Process Corner)
  Requirement:            8.500ns  (clk rise@8.500ns - clk rise@0.000ns)
  Data Path Delay:        4.350ns  (logic 0.259ns (5.954%)  route 4.091ns (94.046%))
  Logic Levels:           0  
  Clock Path Skew:        -0.111ns (DCD - SCD + CPR)
    Destination Clock Delay (DCD):    4.756ns = ( 13.256 - 8.500 ) 
    Source Clock Delay      (SCD):    5.176ns
    Clock Pessimism Removal (CPR):    0.310ns
  Clock Uncertainty:      0.035ns  ((TSJ^2 + TIJ^2)^1/2 + DJ) / 2 + PE
    Total System Jitter     (TSJ):    0.071ns
    Total Input Jitter      (TIJ):    0.000ns
    Discrete Jitter          (DJ):    0.000ns
    Phase Error              (PE):    0.000ns

    Location             Delay type                Incr(ns)  Path(ns)    Netlist Resource(s)
  -------------------------------------------------------------------    -------------------
                         (clock clk rise edge)        0.000     0.000 r  
    AE23                                              0.000     0.000 r  clk (IN)
                         net (fo=0)                   0.000     0.000    clk
    AE23                 IBUF (Prop_ibuf_I_O)         0.734     0.734 r  clk_IBUF_inst/O
                         net (fo=1, routed)           2.651     3.385    clk_IBUF
    BUFGCTRL_X0Y0        BUFG (Prop_bufg_I_O)         0.093     3.478 r  u_bufg/O
                         net (fo=5686, routed)        1.698     5.176    u_soc/clk_buf
    SLICE_X6Y92          FDPE                                         r  u_soc/rst_cpu_reg_rep__0/C
  -------------------------------------------------------------------    -------------------
    SLICE_X6Y92          FDPE (Prop_fdpe_C_Q)         0.259     5.435 f  u_soc/rst_cpu_reg_rep__0/Q
                         net (fo=179, routed)         4.091     9.526    u_soc/Core_cpu/U_MUL_DIV/U_MUL_PIPE/AR[1]
    SLICE_X28Y60         FDCE                                         f  u_soc/Core_cpu/U_MUL_DIV/U_MUL_PIPE/row_m2_reg[3][27]/CLR
  -------------------------------------------------------------------    -------------------

                         (clock clk rise edge)        8.500     8.500 r  
    AE23                                              0.000     8.500 r  clk (IN)
                         net (fo=0)                   0.000     8.500    clk
    AE23                 IBUF (Prop_ibuf_I_O)         0.660     9.160 r  clk_IBUF_inst/O
                         net (fo=1, routed)           2.516    11.676    clk_IBUF
    BUFGCTRL_X0Y0        BUFG (Prop_bufg_I_O)         0.083    11.759 r  u_bufg/O
                         net (fo=5686, routed)        1.497    13.256    u_soc/Core_cpu/U_MUL_DIV/U_MUL_PIPE/clk_buf
    SLICE_X28Y60         FDCE                                         r  u_soc/Core_cpu/U_MUL_DIV/U_MUL_PIPE/row_m2_reg[3][27]/C
                         clock pessimism              0.310    13.565    
                         clock uncertainty           -0.035    13.530    
    SLICE_X28Y60         FDCE (Recov_fdce_C_CLR)     -0.212    13.318    u_soc/Core_cpu/U_MUL_DIV/U_MUL_PIPE/row_m2_reg[3][27]
  -------------------------------------------------------------------
                         required time                         13.318    
                         arrival time                          -9.526    
  -------------------------------------------------------------------
                         slack                                  3.792    

Slack (MET) :             3.839ns  (required time - arrival time)
  Source:                 rst
                            (input port clocked by clk  {rise@0.000ns fall@4.250ns period=8.500ns})
  Destination:            u_soc/u_bridge/monitor_failed_reg[2]/CLR
                            (recovery check against rising-edge clock clk  {rise@0.000ns fall@4.250ns period=8.500ns})
  Path Group:             **async_default**
  Path Type:              Recovery (Max at Slow Process Corner)
  Requirement:            8.500ns  (clk rise@8.500ns - clk rise@0.000ns)
  Data Path Delay:        7.065ns  (logic 0.693ns (9.811%)  route 6.372ns (90.189%))
  Logic Levels:           1  (IBUF=1)
  Input Delay:            2.000ns
  Clock Path Skew:        4.594ns (DCD - SCD + CPR)
    Destination Clock Delay (DCD):    4.594ns = ( 13.094 - 8.500 ) 
    Source Clock Delay      (SCD):    0.000ns
    Clock Pessimism Removal (CPR):    0.000ns
  Clock Uncertainty:      0.035ns  ((TSJ^2 + TIJ^2)^1/2 + DJ) / 2 + PE
    Total System Jitter     (TSJ):    0.071ns
    Total Input Jitter      (TIJ):    0.000ns
    Discrete Jitter          (DJ):    0.000ns
    Phase Error              (PE):    0.000ns

    Location             Delay type                Incr(ns)  Path(ns)    Netlist Resource(s)
  -------------------------------------------------------------------    -------------------
                         (clock clk rise edge)        0.000     0.000 r  
                         input delay                  2.000     2.000    
    AC20                                              0.000     2.000 f  rst (IN)
                         net (fo=0)                   0.000     2.000    rst
    AC20                 IBUF (Prop_ibuf_I_O)         0.693     2.693 f  rst_IBUF_inst/O
                         net (fo=241, routed)         6.372     9.065    u_soc/u_bridge/rst_IBUF
    SLICE_X20Y100        FDCE                                         f  u_soc/u_bridge/monitor_failed_reg[2]/CLR
  -------------------------------------------------------------------    -------------------

                         (clock clk rise edge)        8.500     8.500 r  
    AE23                                              0.000     8.500 r  clk (IN)
                         net (fo=0)                   0.000     8.500    clk
    AE23                 IBUF (Prop_ibuf_I_O)         0.660     9.160 r  clk_IBUF_inst/O
                         net (fo=1, routed)           2.516    11.676    clk_IBUF
    BUFGCTRL_X0Y0        BUFG (Prop_bufg_I_O)         0.083    11.759 r  u_bufg/O
                         net (fo=5686, routed)        1.335    13.094    u_soc/u_bridge/clk_buf
    SLICE_X20Y100        FDCE                                         r  u_soc/u_bridge/monitor_failed_reg[2]/C
                         clock pessimism              0.000    13.094    
                         clock uncertainty           -0.035    13.058    
    SLICE_X20Y100        FDCE (Recov_fdce_C_CLR)     -0.154    12.904    u_soc/u_bridge/monitor_failed_reg[2]
  -------------------------------------------------------------------
                         required time                         12.904    
                         arrival time                          -9.065    
  -------------------------------------------------------------------
                         slack                                  3.839    

Slack (MET) :             3.839ns  (required time - arrival time)
  Source:                 rst
                            (input port clocked by clk  {rise@0.000ns fall@4.250ns period=8.500ns})
  Destination:            u_soc/u_bridge/monitor_failed_reg[3]/CLR
                            (recovery check against rising-edge clock clk  {rise@0.000ns fall@4.250ns period=8.500ns})
  Path Group:             **async_default**
  Path Type:              Recovery (Max at Slow Process Corner)
  Requirement:            8.500ns  (clk rise@8.500ns - clk rise@0.000ns)
  Data Path Delay:        7.065ns  (logic 0.693ns (9.811%)  route 6.372ns (90.189%))
  Logic Levels:           1  (IBUF=1)
  Input Delay:            2.000ns
  Clock Path Skew:        4.594ns (DCD - SCD + CPR)
    Destination Clock Delay (DCD):    4.594ns = ( 13.094 - 8.500 ) 
    Source Clock Delay      (SCD):    0.000ns
    Clock Pessimism Removal (CPR):    0.000ns
  Clock Uncertainty:      0.035ns  ((TSJ^2 + TIJ^2)^1/2 + DJ) / 2 + PE
    Total System Jitter     (TSJ):    0.071ns
    Total Input Jitter      (TIJ):    0.000ns
    Discrete Jitter          (DJ):    0.000ns
    Phase Error              (PE):    0.000ns

    Location             Delay type                Incr(ns)  Path(ns)    Netlist Resource(s)
  -------------------------------------------------------------------    -------------------
                         (clock clk rise edge)        0.000     0.000 r  
                         input delay                  2.000     2.000    
    AC20                                              0.000     2.000 f  rst (IN)
                         net (fo=0)                   0.000     2.000    rst
    AC20                 IBUF (Prop_ibuf_I_O)         0.693     2.693 f  rst_IBUF_inst/O
                         net (fo=241, routed)         6.372     9.065    u_soc/u_bridge/rst_IBUF
    SLICE_X20Y100        FDCE                                         f  u_soc/u_bridge/monitor_failed_reg[3]/CLR
  -------------------------------------------------------------------    -------------------

                         (clock clk rise edge)        8.500     8.500 r  
    AE23                                              0.000     8.500 r  clk (IN)
                         net (fo=0)                   0.000     8.500    clk
    AE23                 IBUF (Prop_ibuf_I_O)         0.660     9.160 r  clk_IBUF_inst/O
                         net (fo=1, routed)           2.516    11.676    clk_IBUF
    BUFGCTRL_X0Y0        BUFG (Prop_bufg_I_O)         0.083    11.759 r  u_bufg/O
                         net (fo=5686, routed)        1.335    13.094    u_soc/u_bridge/clk_buf
    SLICE_X20Y100        FDCE                                         r  u_soc/u_bridge/monitor_failed_reg[3]/C
                         clock pessimism              0.000    13.094    
                         clock uncertainty           -0.035    13.058    
    SLICE_X20Y100        FDCE (Recov_fdce_C_CLR)     -0.154    12.904    u_soc/u_bridge/monitor_failed_reg[3]
  -------------------------------------------------------------------
                         required time                         12.904    
                         arrival time                          -9.065    
  -------------------------------------------------------------------
                         slack                                  3.839    

Slack (MET) :             3.859ns  (required time - arrival time)
  Source:                 u_soc/rst_cpu_reg_rep__0/C
                            (rising edge-triggered cell FDPE clocked by clk  {rise@0.000ns fall@4.250ns period=8.500ns})
  Destination:            u_soc/Core_cpu/U_MUL_DIV/U_MUL_PIPE/row_m2_reg[2][27]/CLR
                            (recovery check against rising-edge clock clk  {rise@0.000ns fall@4.250ns period=8.500ns})
  Path Group:             **async_default**
  Path Type:              Recovery (Max at Slow Process Corner)
  Requirement:            8.500ns  (clk rise@8.500ns - clk rise@0.000ns)
  Data Path Delay:        4.282ns  (logic 0.259ns (6.049%)  route 4.023ns (93.951%))
  Logic Levels:           0  
  Clock Path Skew:        -0.112ns (DCD - SCD + CPR)
    Destination Clock Delay (DCD):    4.755ns = ( 13.255 - 8.500 ) 
    Source Clock Delay      (SCD):    5.176ns
    Clock Pessimism Removal (CPR):    0.310ns
  Clock Uncertainty:      0.035ns  ((TSJ^2 + TIJ^2)^1/2 + DJ) / 2 + PE
    Total System Jitter     (TSJ):    0.071ns
    Total Input Jitter      (TIJ):    0.000ns
    Discrete Jitter          (DJ):    0.000ns
    Phase Error              (PE):    0.000ns

    Location             Delay type                Incr(ns)  Path(ns)    Netlist Resource(s)
  -------------------------------------------------------------------    -------------------
                         (clock clk rise edge)        0.000     0.000 r  
    AE23                                              0.000     0.000 r  clk (IN)
                         net (fo=0)                   0.000     0.000    clk
    AE23                 IBUF (Prop_ibuf_I_O)         0.734     0.734 r  clk_IBUF_inst/O
                         net (fo=1, routed)           2.651     3.385    clk_IBUF
    BUFGCTRL_X0Y0        BUFG (Prop_bufg_I_O)         0.093     3.478 r  u_bufg/O
                         net (fo=5686, routed)        1.698     5.176    u_soc/clk_buf
    SLICE_X6Y92          FDPE                                         r  u_soc/rst_cpu_reg_rep__0/C
  -------------------------------------------------------------------    -------------------
    SLICE_X6Y92          FDPE (Prop_fdpe_C_Q)         0.259     5.435 f  u_soc/rst_cpu_reg_rep__0/Q
                         net (fo=179, routed)         4.023     9.458    u_soc/Core_cpu/U_MUL_DIV/U_MUL_PIPE/AR[1]
    SLICE_X32Y60         FDCE                                         f  u_soc/Core_cpu/U_MUL_DIV/U_MUL_PIPE/row_m2_reg[2][27]/CLR
  -------------------------------------------------------------------    -------------------

                         (clock clk rise edge)        8.500     8.500 r  
    AE23                                              0.000     8.500 r  clk (IN)
                         net (fo=0)                   0.000     8.500    clk
    AE23                 IBUF (Prop_ibuf_I_O)         0.660     9.160 r  clk_IBUF_inst/O
                         net (fo=1, routed)           2.516    11.676    clk_IBUF
    BUFGCTRL_X0Y0        BUFG (Prop_bufg_I_O)         0.083    11.759 r  u_bufg/O
                         net (fo=5686, routed)        1.496    13.255    u_soc/Core_cpu/U_MUL_DIV/U_MUL_PIPE/clk_buf
    SLICE_X32Y60         FDCE                                         r  u_soc/Core_cpu/U_MUL_DIV/U_MUL_PIPE/row_m2_reg[2][27]/C
                         clock pessimism              0.310    13.564    
                         clock uncertainty           -0.035    13.529    
    SLICE_X32Y60         FDCE (Recov_fdce_C_CLR)     -0.212    13.317    u_soc/Core_cpu/U_MUL_DIV/U_MUL_PIPE/row_m2_reg[2][27]
  -------------------------------------------------------------------
                         required time                         13.317    
                         arrival time                          -9.458    
  -------------------------------------------------------------------
                         slack                                  3.859    

Slack (MET) :             3.859ns  (required time - arrival time)
  Source:                 u_soc/rst_cpu_reg_rep__0/C
                            (rising edge-triggered cell FDPE clocked by clk  {rise@0.000ns fall@4.250ns period=8.500ns})
  Destination:            u_soc/Core_cpu/U_MUL_DIV/U_MUL_PIPE/row_m2_reg[3][28]/CLR
                            (recovery check against rising-edge clock clk  {rise@0.000ns fall@4.250ns period=8.500ns})
  Path Group:             **async_default**
  Path Type:              Recovery (Max at Slow Process Corner)
  Requirement:            8.500ns  (clk rise@8.500ns - clk rise@0.000ns)
  Data Path Delay:        4.282ns  (logic 0.259ns (6.049%)  route 4.023ns (93.951%))
  Logic Levels:           0  
  Clock Path Skew:        -0.112ns (DCD - SCD + CPR)
    Destination Clock Delay (DCD):    4.755ns = ( 13.255 - 8.500 ) 
    Source Clock Delay      (SCD):    5.176ns
    Clock Pessimism Removal (CPR):    0.310ns
  Clock Uncertainty:      0.035ns  ((TSJ^2 + TIJ^2)^1/2 + DJ) / 2 + PE
    Total System Jitter     (TSJ):    0.071ns
    Total Input Jitter      (TIJ):    0.000ns
    Discrete Jitter          (DJ):    0.000ns
    Phase Error              (PE):    0.000ns

    Location             Delay type                Incr(ns)  Path(ns)    Netlist Resource(s)
  -------------------------------------------------------------------    -------------------
                         (clock clk rise edge)        0.000     0.000 r  
    AE23                                              0.000     0.000 r  clk (IN)
                         net (fo=0)                   0.000     0.000    clk
    AE23                 IBUF (Prop_ibuf_I_O)         0.734     0.734 r  clk_IBUF_inst/O
                         net (fo=1, routed)           2.651     3.385    clk_IBUF
    BUFGCTRL_X0Y0        BUFG (Prop_bufg_I_O)         0.093     3.478 r  u_bufg/O
                         net (fo=5686, routed)        1.698     5.176    u_soc/clk_buf
    SLICE_X6Y92          FDPE                                         r  u_soc/rst_cpu_reg_rep__0/C
  -------------------------------------------------------------------    -------------------
    SLICE_X6Y92          FDPE (Prop_fdpe_C_Q)         0.259     5.435 f  u_soc/rst_cpu_reg_rep__0/Q
                         net (fo=179, routed)         4.023     9.458    u_soc/Core_cpu/U_MUL_DIV/U_MUL_PIPE/AR[1]
    SLICE_X32Y60         FDCE                                         f  u_soc/Core_cpu/U_MUL_DIV/U_MUL_PIPE/row_m2_reg[3][28]/CLR
  -------------------------------------------------------------------    -------------------

                         (clock clk rise edge)        8.500     8.500 r  
    AE23                                              0.000     8.500 r  clk (IN)
                         net (fo=0)                   0.000     8.500    clk
    AE23                 IBUF (Prop_ibuf_I_O)         0.660     9.160 r  clk_IBUF_inst/O
                         net (fo=1, routed)           2.516    11.676    clk_IBUF
    BUFGCTRL_X0Y0        BUFG (Prop_bufg_I_O)         0.083    11.759 r  u_bufg/O
                         net (fo=5686, routed)        1.496    13.255    u_soc/Core_cpu/U_MUL_DIV/U_MUL_PIPE/clk_buf
    SLICE_X32Y60         FDCE                                         r  u_soc/Core_cpu/U_MUL_DIV/U_MUL_PIPE/row_m2_reg[3][28]/C
                         clock pessimism              0.310    13.564    
                         clock uncertainty           -0.035    13.529    
    SLICE_X32Y60         FDCE (Recov_fdce_C_CLR)     -0.212    13.317    u_soc/Core_cpu/U_MUL_DIV/U_MUL_PIPE/row_m2_reg[3][28]
  -------------------------------------------------------------------
                         required time                         13.317    
                         arrival time                          -9.458    
  -------------------------------------------------------------------
                         slack                                  3.859    

Slack (MET) :             3.878ns  (required time - arrival time)
  Source:                 rst
                            (input port clocked by clk  {rise@0.000ns fall@4.250ns period=8.500ns})
  Destination:            u_soc/u_bridge/monitor_failed_reg[18]/CLR
                            (recovery check against rising-edge clock clk  {rise@0.000ns fall@4.250ns period=8.500ns})
  Path Group:             **async_default**
  Path Type:              Recovery (Max at Slow Process Corner)
  Requirement:            8.500ns  (clk rise@8.500ns - clk rise@0.000ns)
  Data Path Delay:        6.968ns  (logic 0.693ns (9.948%)  route 6.275ns (90.052%))
  Logic Levels:           1  (IBUF=1)
  Input Delay:            2.000ns
  Clock Path Skew:        4.593ns (DCD - SCD + CPR)
    Destination Clock Delay (DCD):    4.593ns = ( 13.093 - 8.500 ) 
    Source Clock Delay      (SCD):    0.000ns
    Clock Pessimism Removal (CPR):    0.000ns
  Clock Uncertainty:      0.035ns  ((TSJ^2 + TIJ^2)^1/2 + DJ) / 2 + PE
    Total System Jitter     (TSJ):    0.071ns
    Total Input Jitter      (TIJ):    0.000ns
    Discrete Jitter          (DJ):    0.000ns
    Phase Error              (PE):    0.000ns

    Location             Delay type                Incr(ns)  Path(ns)    Netlist Resource(s)
  -------------------------------------------------------------------    -------------------
                         (clock clk rise edge)        0.000     0.000 r  
                         input delay                  2.000     2.000    
    AC20                                              0.000     2.000 f  rst (IN)
                         net (fo=0)                   0.000     2.000    rst
    AC20                 IBUF (Prop_ibuf_I_O)         0.693     2.693 f  rst_IBUF_inst/O
                         net (fo=241, routed)         6.275     8.968    u_soc/u_bridge/rst_IBUF
    SLICE_X23Y101        FDCE                                         f  u_soc/u_bridge/monitor_failed_reg[18]/CLR
  -------------------------------------------------------------------    -------------------

                         (clock clk rise edge)        8.500     8.500 r  
    AE23                                              0.000     8.500 r  clk (IN)
                         net (fo=0)                   0.000     8.500    clk
    AE23                 IBUF (Prop_ibuf_I_O)         0.660     9.160 r  clk_IBUF_inst/O
                         net (fo=1, routed)           2.516    11.676    clk_IBUF
    BUFGCTRL_X0Y0        BUFG (Prop_bufg_I_O)         0.083    11.759 r  u_bufg/O
                         net (fo=5686, routed)        1.334    13.093    u_soc/u_bridge/clk_buf
    SLICE_X23Y101        FDCE                                         r  u_soc/u_bridge/monitor_failed_reg[18]/C
                         clock pessimism              0.000    13.093    
                         clock uncertainty           -0.035    13.057    
    SLICE_X23Y101        FDCE (Recov_fdce_C_CLR)     -0.212    12.845    u_soc/u_bridge/monitor_failed_reg[18]
  -------------------------------------------------------------------
                         required time                         12.845    
                         arrival time                          -8.968    
  -------------------------------------------------------------------
                         slack                                  3.878    

Slack (MET) :             3.878ns  (required time - arrival time)
  Source:                 rst
                            (input port clocked by clk  {rise@0.000ns fall@4.250ns period=8.500ns})
  Destination:            u_soc/u_bridge/monitor_failed_reg[19]/CLR
                            (recovery check against rising-edge clock clk  {rise@0.000ns fall@4.250ns period=8.500ns})
  Path Group:             **async_default**
  Path Type:              Recovery (Max at Slow Process Corner)
  Requirement:            8.500ns  (clk rise@8.500ns - clk rise@0.000ns)
  Data Path Delay:        6.968ns  (logic 0.693ns (9.948%)  route 6.275ns (90.052%))
  Logic Levels:           1  (IBUF=1)
  Input Delay:            2.000ns
  Clock Path Skew:        4.593ns (DCD - SCD + CPR)
    Destination Clock Delay (DCD):    4.593ns = ( 13.093 - 8.500 ) 
    Source Clock Delay      (SCD):    0.000ns
    Clock Pessimism Removal (CPR):    0.000ns
  Clock Uncertainty:      0.035ns  ((TSJ^2 + TIJ^2)^1/2 + DJ) / 2 + PE
    Total System Jitter     (TSJ):    0.071ns
    Total Input Jitter      (TIJ):    0.000ns
    Discrete Jitter          (DJ):    0.000ns
    Phase Error              (PE):    0.000ns

    Location             Delay type                Incr(ns)  Path(ns)    Netlist Resource(s)
  -------------------------------------------------------------------    -------------------
                         (clock clk rise edge)        0.000     0.000 r  
                         input delay                  2.000     2.000    
    AC20                                              0.000     2.000 f  rst (IN)
                         net (fo=0)                   0.000     2.000    rst
    AC20                 IBUF (Prop_ibuf_I_O)         0.693     2.693 f  rst_IBUF_inst/O
                         net (fo=241, routed)         6.275     8.968    u_soc/u_bridge/rst_IBUF
    SLICE_X23Y101        FDCE                                         f  u_soc/u_bridge/monitor_failed_reg[19]/CLR
  -------------------------------------------------------------------    -------------------

                         (clock clk rise edge)        8.500     8.500 r  
    AE23                                              0.000     8.500 r  clk (IN)
                         net (fo=0)                   0.000     8.500    clk
    AE23                 IBUF (Prop_ibuf_I_O)         0.660     9.160 r  clk_IBUF_inst/O
                         net (fo=1, routed)           2.516    11.676    clk_IBUF
    BUFGCTRL_X0Y0        BUFG (Prop_bufg_I_O)         0.083    11.759 r  u_bufg/O
                         net (fo=5686, routed)        1.334    13.093    u_soc/u_bridge/clk_buf
    SLICE_X23Y101        FDCE                                         r  u_soc/u_bridge/monitor_failed_reg[19]/C
                         clock pessimism              0.000    13.093    
                         clock uncertainty           -0.035    13.057    
    SLICE_X23Y101        FDCE (Recov_fdce_C_CLR)     -0.212    12.845    u_soc/u_bridge/monitor_failed_reg[19]
  -------------------------------------------------------------------
                         required time                         12.845    
                         arrival time                          -8.968    
  -------------------------------------------------------------------
                         slack                                  3.878    

Slack (MET) :             3.878ns  (required time - arrival time)
  Source:                 rst
                            (input port clocked by clk  {rise@0.000ns fall@4.250ns period=8.500ns})
  Destination:            u_soc/u_bridge/monitor_failed_reg[26]/CLR
                            (recovery check against rising-edge clock clk  {rise@0.000ns fall@4.250ns period=8.500ns})
  Path Group:             **async_default**
  Path Type:              Recovery (Max at Slow Process Corner)
  Requirement:            8.500ns  (clk rise@8.500ns - clk rise@0.000ns)
  Data Path Delay:        6.968ns  (logic 0.693ns (9.948%)  route 6.275ns (90.052%))
  Logic Levels:           1  (IBUF=1)
  Input Delay:            2.000ns
  Clock Path Skew:        4.593ns (DCD - SCD + CPR)
    Destination Clock Delay (DCD):    4.593ns = ( 13.093 - 8.500 ) 
    Source Clock Delay      (SCD):    0.000ns
    Clock Pessimism Removal (CPR):    0.000ns
  Clock Uncertainty:      0.035ns  ((TSJ^2 + TIJ^2)^1/2 + DJ) / 2 + PE
    Total System Jitter     (TSJ):    0.071ns
    Total Input Jitter      (TIJ):    0.000ns
    Discrete Jitter          (DJ):    0.000ns
    Phase Error              (PE):    0.000ns

    Location             Delay type                Incr(ns)  Path(ns)    Netlist Resource(s)
  -------------------------------------------------------------------    -------------------
                         (clock clk rise edge)        0.000     0.000 r  
                         input delay                  2.000     2.000    
    AC20                                              0.000     2.000 f  rst (IN)
                         net (fo=0)                   0.000     2.000    rst
    AC20                 IBUF (Prop_ibuf_I_O)         0.693     2.693 f  rst_IBUF_inst/O
                         net (fo=241, routed)         6.275     8.968    u_soc/u_bridge/rst_IBUF
    SLICE_X23Y101        FDCE                                         f  u_soc/u_bridge/monitor_failed_reg[26]/CLR
  -------------------------------------------------------------------    -------------------

                         (clock clk rise edge)        8.500     8.500 r  
    AE23                                              0.000     8.500 r  clk (IN)
                         net (fo=0)                   0.000     8.500    clk
    AE23                 IBUF (Prop_ibuf_I_O)         0.660     9.160 r  clk_IBUF_inst/O
                         net (fo=1, routed)           2.516    11.676    clk_IBUF
    BUFGCTRL_X0Y0        BUFG (Prop_bufg_I_O)         0.083    11.759 r  u_bufg/O
                         net (fo=5686, routed)        1.334    13.093    u_soc/u_bridge/clk_buf
    SLICE_X23Y101        FDCE                                         r  u_soc/u_bridge/monitor_failed_reg[26]/C
                         clock pessimism              0.000    13.093    
                         clock uncertainty           -0.035    13.057    
    SLICE_X23Y101        FDCE (Recov_fdce_C_CLR)     -0.212    12.845    u_soc/u_bridge/monitor_failed_reg[26]
  -------------------------------------------------------------------
                         required time                         12.845    
                         arrival time                          -8.968    
  -------------------------------------------------------------------
                         slack                                  3.878    

Slack (MET) :             3.878ns  (required time - arrival time)
  Source:                 rst
                            (input port clocked by clk  {rise@0.000ns fall@4.250ns period=8.500ns})
  Destination:            u_soc/u_bridge/monitor_failed_reg[27]/CLR
                            (recovery check against rising-edge clock clk  {rise@0.000ns fall@4.250ns period=8.500ns})
  Path Group:             **async_default**
  Path Type:              Recovery (Max at Slow Process Corner)
  Requirement:            8.500ns  (clk rise@8.500ns - clk rise@0.000ns)
  Data Path Delay:        6.968ns  (logic 0.693ns (9.948%)  route 6.275ns (90.052%))
  Logic Levels:           1  (IBUF=1)
  Input Delay:            2.000ns
  Clock Path Skew:        4.593ns (DCD - SCD + CPR)
    Destination Clock Delay (DCD):    4.593ns = ( 13.093 - 8.500 ) 
    Source Clock Delay      (SCD):    0.000ns
    Clock Pessimism Removal (CPR):    0.000ns
  Clock Uncertainty:      0.035ns  ((TSJ^2 + TIJ^2)^1/2 + DJ) / 2 + PE
    Total System Jitter     (TSJ):    0.071ns
    Total Input Jitter      (TIJ):    0.000ns
    Discrete Jitter          (DJ):    0.000ns
    Phase Error              (PE):    0.000ns

    Location             Delay type                Incr(ns)  Path(ns)    Netlist Resource(s)
  -------------------------------------------------------------------    -------------------
                         (clock clk rise edge)        0.000     0.000 r  
                         input delay                  2.000     2.000    
    AC20                                              0.000     2.000 f  rst (IN)
                         net (fo=0)                   0.000     2.000    rst
    AC20                 IBUF (Prop_ibuf_I_O)         0.693     2.693 f  rst_IBUF_inst/O
                         net (fo=241, routed)         6.275     8.968    u_soc/u_bridge/rst_IBUF
    SLICE_X23Y101        FDCE                                         f  u_soc/u_bridge/monitor_failed_reg[27]/CLR
  -------------------------------------------------------------------    -------------------

                         (clock clk rise edge)        8.500     8.500 r  
    AE23                                              0.000     8.500 r  clk (IN)
                         net (fo=0)                   0.000     8.500    clk
    AE23                 IBUF (Prop_ibuf_I_O)         0.660     9.160 r  clk_IBUF_inst/O
                         net (fo=1, routed)           2.516    11.676    clk_IBUF
    BUFGCTRL_X0Y0        BUFG (Prop_bufg_I_O)         0.083    11.759 r  u_bufg/O
                         net (fo=5686, routed)        1.334    13.093    u_soc/u_bridge/clk_buf
    SLICE_X23Y101        FDCE                                         r  u_soc/u_bridge/monitor_failed_reg[27]/C
                         clock pessimism              0.000    13.093    
                         clock uncertainty           -0.035    13.057    
    SLICE_X23Y101        FDCE (Recov_fdce_C_CLR)     -0.212    12.845    u_soc/u_bridge/monitor_failed_reg[27]
  -------------------------------------------------------------------
                         required time                         12.845    
                         arrival time                          -8.968    
  -------------------------------------------------------------------
                         slack                                  3.878    

Slack (MET) :             3.887ns  (required time - arrival time)
  Source:                 u_soc/rst_cpu_reg_rep__0/C
                            (rising edge-triggered cell FDPE clocked by clk  {rise@0.000ns fall@4.250ns period=8.500ns})
  Destination:            u_soc/Core_cpu/U_MUL_DIV/U_MUL_PIPE/row_m2_reg[1][25]/CLR
                            (recovery check against rising-edge clock clk  {rise@0.000ns fall@4.250ns period=8.500ns})
  Path Group:             **async_default**
  Path Type:              Recovery (Max at Slow Process Corner)
  Requirement:            8.500ns  (clk rise@8.500ns - clk rise@0.000ns)
  Data Path Delay:        4.255ns  (logic 0.259ns (6.087%)  route 3.996ns (93.913%))
  Logic Levels:           0  
  Clock Path Skew:        -0.111ns (DCD - SCD + CPR)
    Destination Clock Delay (DCD):    4.756ns = ( 13.256 - 8.500 ) 
    Source Clock Delay      (SCD):    5.176ns
    Clock Pessimism Removal (CPR):    0.310ns
  Clock Uncertainty:      0.035ns  ((TSJ^2 + TIJ^2)^1/2 + DJ) / 2 + PE
    Total System Jitter     (TSJ):    0.071ns
    Total Input Jitter      (TIJ):    0.000ns
    Discrete Jitter          (DJ):    0.000ns
    Phase Error              (PE):    0.000ns

    Location             Delay type                Incr(ns)  Path(ns)    Netlist Resource(s)
  -------------------------------------------------------------------    -------------------
                         (clock clk rise edge)        0.000     0.000 r  
    AE23                                              0.000     0.000 r  clk (IN)
                         net (fo=0)                   0.000     0.000    clk
    AE23                 IBUF (Prop_ibuf_I_O)         0.734     0.734 r  clk_IBUF_inst/O
                         net (fo=1, routed)           2.651     3.385    clk_IBUF
    BUFGCTRL_X0Y0        BUFG (Prop_bufg_I_O)         0.093     3.478 r  u_bufg/O
                         net (fo=5686, routed)        1.698     5.176    u_soc/clk_buf
    SLICE_X6Y92          FDPE                                         r  u_soc/rst_cpu_reg_rep__0/C
  -------------------------------------------------------------------    -------------------
    SLICE_X6Y92          FDPE (Prop_fdpe_C_Q)         0.259     5.435 f  u_soc/rst_cpu_reg_rep__0/Q
                         net (fo=179, routed)         3.996     9.432    u_soc/Core_cpu/U_MUL_DIV/U_MUL_PIPE/AR[1]
    SLICE_X33Y59         FDCE                                         f  u_soc/Core_cpu/U_MUL_DIV/U_MUL_PIPE/row_m2_reg[1][25]/CLR
  -------------------------------------------------------------------    -------------------

                         (clock clk rise edge)        8.500     8.500 r  
    AE23                                              0.000     8.500 r  clk (IN)
                         net (fo=0)                   0.000     8.500    clk
    AE23                 IBUF (Prop_ibuf_I_O)         0.660     9.160 r  clk_IBUF_inst/O
                         net (fo=1, routed)           2.516    11.676    clk_IBUF
    BUFGCTRL_X0Y0        BUFG (Prop_bufg_I_O)         0.083    11.759 r  u_bufg/O
                         net (fo=5686, routed)        1.497    13.256    u_soc/Core_cpu/U_MUL_DIV/U_MUL_PIPE/clk_buf
    SLICE_X33Y59         FDCE                                         r  u_soc/Core_cpu/U_MUL_DIV/U_MUL_PIPE/row_m2_reg[1][25]/C
                         clock pessimism              0.310    13.565    
                         clock uncertainty           -0.035    13.530    
    SLICE_X33Y59         FDCE (Recov_fdce_C_CLR)     -0.212    13.318    u_soc/Core_cpu/U_MUL_DIV/U_MUL_PIPE/row_m2_reg[1][25]
  -------------------------------------------------------------------
                         required time                         13.318    
                         arrival time                          -9.432    
  -------------------------------------------------------------------
                         slack                                  3.887    

Slack (MET) :             3.892ns  (required time - arrival time)
  Source:                 rst
                            (input port clocked by clk  {rise@0.000ns fall@4.250ns period=8.500ns})
  Destination:            u_soc/rst_cpu_reg_rep/PRE
                            (recovery check against rising-edge clock clk  {rise@0.000ns fall@4.250ns period=8.500ns})
  Path Group:             **async_default**
  Path Type:              Recovery (Max at Slow Process Corner)
  Requirement:            8.500ns  (clk rise@8.500ns - clk rise@0.000ns)
  Data Path Delay:        7.204ns  (logic 0.693ns (9.622%)  route 6.511ns (90.378%))
  Logic Levels:           1  (IBUF=1)
  Input Delay:            2.000ns
  Clock Path Skew:        4.819ns (DCD - SCD + CPR)
    Destination Clock Delay (DCD):    4.819ns = ( 13.319 - 8.500 ) 
    Source Clock Delay      (SCD):    0.000ns
    Clock Pessimism Removal (CPR):    0.000ns
  Clock Uncertainty:      0.035ns  ((TSJ^2 + TIJ^2)^1/2 + DJ) / 2 + PE
    Total System Jitter     (TSJ):    0.071ns
    Total Input Jitter      (TIJ):    0.000ns
    Discrete Jitter          (DJ):    0.000ns
    Phase Error              (PE):    0.000ns

    Location             Delay type                Incr(ns)  Path(ns)    Netlist Resource(s)
  -------------------------------------------------------------------    -------------------
                         (clock clk rise edge)        0.000     0.000 r  
                         input delay                  2.000     2.000    
    AC20                                              0.000     2.000 f  rst (IN)
                         net (fo=0)                   0.000     2.000    rst
    AC20                 IBUF (Prop_ibuf_I_O)         0.693     2.693 f  rst_IBUF_inst/O
                         net (fo=241, routed)         6.511     9.204    u_soc/rst_IBUF
    SLICE_X6Y92          FDPE                                         f  u_soc/rst_cpu_reg_rep/PRE
  -------------------------------------------------------------------    -------------------

                         (clock clk rise edge)        8.500     8.500 r  
    AE23                                              0.000     8.500 r  clk (IN)
                         net (fo=0)                   0.000     8.500    clk
    AE23                 IBUF (Prop_ibuf_I_O)         0.660     9.160 r  clk_IBUF_inst/O
                         net (fo=1, routed)           2.516    11.676    clk_IBUF
    BUFGCTRL_X0Y0        BUFG (Prop_bufg_I_O)         0.083    11.759 r  u_bufg/O
                         net (fo=5686, routed)        1.560    13.319    u_soc/clk_buf
    SLICE_X6Y92          FDPE                                         r  u_soc/rst_cpu_reg_rep/C
                         clock pessimism              0.000    13.319    
                         clock uncertainty           -0.035    13.283    
    SLICE_X6Y92          FDPE (Recov_fdpe_C_PRE)     -0.187    13.096    u_soc/rst_cpu_reg_rep
  -------------------------------------------------------------------
                         required time                         13.096    
                         arrival time                          -9.204    
  -------------------------------------------------------------------
                         slack                                  3.892    

Slack (MET) :             3.892ns  (required time - arrival time)
  Source:                 rst
                            (input port clocked by clk  {rise@0.000ns fall@4.250ns period=8.500ns})
  Destination:            u_soc/rst_cpu_reg_rep__0/PRE
                            (recovery check against rising-edge clock clk  {rise@0.000ns fall@4.250ns period=8.500ns})
  Path Group:             **async_default**
  Path Type:              Recovery (Max at Slow Process Corner)
  Requirement:            8.500ns  (clk rise@8.500ns - clk rise@0.000ns)
  Data Path Delay:        7.204ns  (logic 0.693ns (9.622%)  route 6.511ns (90.378%))
  Logic Levels:           1  (IBUF=1)
  Input Delay:            2.000ns
  Clock Path Skew:        4.819ns (DCD - SCD + CPR)
    Destination Clock Delay (DCD):    4.819ns = ( 13.319 - 8.500 ) 
    Source Clock Delay      (SCD):    0.000ns
    Clock Pessimism Removal (CPR):    0.000ns
  Clock Uncertainty:      0.035ns  ((TSJ^2 + TIJ^2)^1/2 + DJ) / 2 + PE
    Total System Jitter     (TSJ):    0.071ns
    Total Input Jitter      (TIJ):    0.000ns
    Discrete Jitter          (DJ):    0.000ns
    Phase Error              (PE):    0.000ns

    Location             Delay type                Incr(ns)  Path(ns)    Netlist Resource(s)
  -------------------------------------------------------------------    -------------------
                         (clock clk rise edge)        0.000     0.000 r  
                         input delay                  2.000     2.000    
    AC20                                              0.000     2.000 f  rst (IN)
                         net (fo=0)                   0.000     2.000    rst
    AC20                 IBUF (Prop_ibuf_I_O)         0.693     2.693 f  rst_IBUF_inst/O
                         net (fo=241, routed)         6.511     9.204    u_soc/rst_IBUF
    SLICE_X6Y92          FDPE                                         f  u_soc/rst_cpu_reg_rep__0/PRE
  -------------------------------------------------------------------    -------------------

                         (clock clk rise edge)        8.500     8.500 r  
    AE23                                              0.000     8.500 r  clk (IN)
                         net (fo=0)                   0.000     8.500    clk
    AE23                 IBUF (Prop_ibuf_I_O)         0.660     9.160 r  clk_IBUF_inst/O
                         net (fo=1, routed)           2.516    11.676    clk_IBUF
    BUFGCTRL_X0Y0        BUFG (Prop_bufg_I_O)         0.083    11.759 r  u_bufg/O
                         net (fo=5686, routed)        1.560    13.319    u_soc/clk_buf
    SLICE_X6Y92          FDPE                                         r  u_soc/rst_cpu_reg_rep__0/C
                         clock pessimism              0.000    13.319    
                         clock uncertainty           -0.035    13.283    
    SLICE_X6Y92          FDPE (Recov_fdpe_C_PRE)     -0.187    13.096    u_soc/rst_cpu_reg_rep__0
  -------------------------------------------------------------------
                         required time                         13.096    
                         arrival time                          -9.204    
  -------------------------------------------------------------------
                         slack                                  3.892    





