Copyright 1986-2022 Xilinx, Inc. All Rights Reserved. Copyright 2022-2023 Advanced Micro Devices, Inc. All Rights Reserved.
---------------------------------------------------------------------------------------------------------------------------------------------------------------
| Tool Version : Vivado v.2023.2 (lin64) Build 4029153 Fri Oct 13 20:13:54 MDT 2023
| Date         : Mon Sep 28 23:05:57 2026
| Host         : edaserver08 running 64-bit NAME="Red Hat Enterprise Linux Server"
| Command      : report_timing_summary -delay_type max -max_paths 20 -file /home/st-wangjun/project/RISCV_A910/synth/vivado/fmax_impl_7.0ns/timing_summary.rpt
| Design       : top_fmax
| Device       : 7k325t-ffg900
| Speed File   : -2  PRODUCTION 1.12 2017-02-17
| Design State : Routed
---------------------------------------------------------------------------------------------------------------------------------------------------------------

Timing Summary Report

------------------------------------------------------------------------------------------------
| Timer Settings
| --------------
------------------------------------------------------------------------------------------------

  Enable Multi Corner Analysis               :  Yes
  Enable Pessimism Removal                   :  Yes
  Pessimism Removal Resolution               :  Nearest Common Node
  Enable Input Delay Default Clock           :  No
  Enable Preset / Clear Arcs                 :  No
  Disable Flight Delays                      :  No
  Ignore I/O Paths                           :  No
  Timing Early Launch at Borrowing Latches   :  No
  Borrow Time for Max Delay Exceptions       :  Yes
  Merge Timing Exceptions                    :  Yes
  Inter-SLR Compensation                     :  Conservative

  Corner  Analyze    Analyze    
  Name    Max Paths  Min Paths  
  ------  ---------  ---------  
  Slow    Yes        Yes        
  Fast    Yes        Yes        


------------------------------------------------------------------------------------------------
| Report Methodology
| ------------------
------------------------------------------------------------------------------------------------

Rule    Severity  Description                               Violations  
------  --------  ----------------------------------------  ----------  
XDCH-2  Warning   Same min and max delay values on IO port  1           

Note: This report is based on the most recent report_methodology run and may not be up-to-date. Run report_methodology on the current design for the latest report.



check_timing report

Table of Contents
-----------------
1. checking no_clock (0)
2. checking constant_clock (0)
3. checking pulse_width_clock (0)
4. checking unconstrained_internal_endpoints (0)
5. checking no_input_delay (0)
6. checking no_output_delay (71)
7. checking multiple_clock (0)
8. checking generated_clocks (0)
9. checking loops (0)
10. checking partial_input_delay (0)
11. checking partial_output_delay (0)
12. checking latch_loops (0)

1. checking no_clock (0)
------------------------
 There are 0 register/latch pins with no clock.


2. checking constant_clock (0)
------------------------------
 There are 0 register/latch pins with constant_clock.


3. checking pulse_width_clock (0)
---------------------------------
 There are 0 register/latch pins which need pulse_width check


4. checking unconstrained_internal_endpoints (0)
------------------------------------------------
 There are 0 pins that are not constrained for maximum delay.

 There are 0 pins that are not constrained for maximum delay due to constant clock.


5. checking no_input_delay (0)
------------------------------
 There are 0 input ports with no input delay specified.

 There are 0 input ports with no input delay but user has a false path constraint.


6. checking no_output_delay (71)
--------------------------------
 There are 0 ports with no output delay specified.

 There are 71 ports with no output delay but user has a false path constraint (MEDIUM)

 There are 0 ports with no output delay but with a timing clock defined on it or propagating through it


7. checking multiple_clock (0)
------------------------------
 There are 0 register/latch pins with multiple clocks.


8. checking generated_clocks (0)
--------------------------------
 There are 0 generated clocks that are not connected to a clock source.


9. checking loops (0)
---------------------
 There are 0 combinational loops in the design.


10. checking partial_input_delay (0)
------------------------------------
 There are 0 input ports with partial input delay specified.


11. checking partial_output_delay (0)
-------------------------------------
 There are 0 ports with partial output delay specified.


12. checking latch_loops (0)
----------------------------
 There are 0 combinational latch loops in the design through latch input



------------------------------------------------------------------------------------------------
| Design Timing Summary
| ---------------------
------------------------------------------------------------------------------------------------

    WNS(ns)      TNS(ns)  TNS Failing Endpoints  TNS Total Endpoints     WPWS(ns)     TPWS(ns)  TPWS Failing Endpoints  TPWS Total Endpoints  
    -------      -------  ---------------------  -------------------     --------     --------  ----------------------  --------------------  
      0.180        0.000                      0                20277        2.732        0.000                       0                  5748  


All user specified timing constraints are met.


------------------------------------------------------------------------------------------------
| Clock Summary
| -------------
------------------------------------------------------------------------------------------------

Clock  Waveform(ns)         Period(ns)      Frequency(MHz)
-----  ------------         ----------      --------------
clk    {0.000 3.500}        7.000           142.857         


------------------------------------------------------------------------------------------------
| Intra Clock Table
| -----------------
------------------------------------------------------------------------------------------------

Clock             WNS(ns)      TNS(ns)  TNS Failing Endpoints  TNS Total Endpoints     WPWS(ns)     TPWS(ns)  TPWS Failing Endpoints  TPWS Total Endpoints  
-----             -------      -------  ---------------------  -------------------     --------     --------  ----------------------  --------------------  
clk                 0.180        0.000                      0                18358        2.732        0.000                       0                  5748  


------------------------------------------------------------------------------------------------
| Inter Clock Table
| -----------------
------------------------------------------------------------------------------------------------

From Clock    To Clock          WNS(ns)      TNS(ns)  TNS Failing Endpoints  TNS Total Endpoints  
----------    --------          -------      -------  ---------------------  -------------------  


------------------------------------------------------------------------------------------------
| Other Path Groups Table
| -----------------------
------------------------------------------------------------------------------------------------

Path Group         From Clock         To Clock               WNS(ns)      TNS(ns)  TNS Failing Endpoints  TNS Total Endpoints  
----------         ----------         --------               -------      -------  ---------------------  -------------------  
**async_default**  clk                clk                      1.860        0.000                      0                 1919  


------------------------------------------------------------------------------------------------
| Timing Details
| --------------
------------------------------------------------------------------------------------------------


---------------------------------------------------------------------------------------------------
From Clock:  clk
  To Clock:  clk

Setup :            0  Failing Endpoints,  Worst Slack        0.180ns,  Total Violation        0.000ns
Hold  :           NA  Failing Endpoints,  Worst Slack           NA  ,  Total Violation           NA
PW    :            0  Failing Endpoints,  Worst Slack        2.732ns,  Total Violation        0.000ns
---------------------------------------------------------------------------------------------------


Max Delay Paths
--------------------------------------------------------------------------------------
Slack (MET) :             0.180ns  (required time - arrival time)
  Source:                 u_soc/Core_cpu/u_ifu_subsys/g_tage.u_tage/q_row_idx_reg[1][1]/C
                            (rising edge-triggered cell FDRE clocked by clk  {rise@0.000ns fall@3.500ns period=7.000ns})
  Destination:            u_soc/Core_cpu/u_ifu_subsys/u_ibuf/ent_q_reg[4][91]/D
                            (rising edge-triggered cell FDRE clocked by clk  {rise@0.000ns fall@3.500ns period=7.000ns})
  Path Group:             clk
  Path Type:              Setup (Max at Slow Process Corner)
  Requirement:            7.000ns  (clk rise@7.000ns - clk rise@0.000ns)
  Data Path Delay:        6.845ns  (logic 0.825ns (12.052%)  route 6.020ns (87.948%))
  Logic Levels:           14  (LUT3=1 LUT4=3 LUT5=2 LUT6=7 RAMD64E=1)
  Clock Path Skew:        0.027ns (DCD - SCD + CPR)
    Destination Clock Delay (DCD):    4.816ns = ( 11.816 - 7.000 ) 
    Source Clock Delay      (SCD):    5.098ns
    Clock Pessimism Removal (CPR):    0.310ns
  Clock Uncertainty:      0.035ns  ((TSJ^2 + TIJ^2)^1/2 + DJ) / 2 + PE
    Total System Jitter     (TSJ):    0.071ns
    Total Input Jitter      (TIJ):    0.000ns
    Discrete Jitter          (DJ):    0.000ns
    Phase Error              (PE):    0.000ns

    Location             Delay type                Incr(ns)  Path(ns)    Netlist Resource(s)
  -------------------------------------------------------------------    -------------------
                         (clock clk rise edge)        0.000     0.000 r  
    AE23                                              0.000     0.000 r  clk (IN)
                         net (fo=0)                   0.000     0.000    clk
    AE23                 IBUF (Prop_ibuf_I_O)         0.734     0.734 r  clk_IBUF_inst/O
                         net (fo=1, routed)           2.651     3.385    clk_IBUF
    BUFGCTRL_X0Y0        BUFG (Prop_bufg_I_O)         0.093     3.478 r  u_bufg/O
                         net (fo=5747, routed)        1.620     5.098    u_soc/Core_cpu/u_ifu_subsys/g_tage.u_tage/clk_buf
    SLICE_X39Y68         FDRE                                         r  u_soc/Core_cpu/u_ifu_subsys/g_tage.u_tage/q_row_idx_reg[1][1]/C
  -------------------------------------------------------------------    -------------------
    SLICE_X39Y68         FDRE (Prop_fdre_C_Q)         0.223     5.321 r  u_soc/Core_cpu/u_ifu_subsys/g_tage.u_tage/q_row_idx_reg[1][1]/Q
                         net (fo=62, routed)          0.607     5.929    u_soc/Core_cpu/u_ifu_subsys/g_tage.u_tage/g_tab[0].tg_p_reg_r1_0_63_3_5/ADDRB1
    SLICE_X42Y67         RAMD64E (Prop_ramd64e_RADR1_O)
                                                      0.043     5.972 r  u_soc/Core_cpu/u_ifu_subsys/g_tage.u_tage/g_tab[0].tg_p_reg_r1_0_63_3_5/RAMB/O
                         net (fo=1, routed)           0.635     6.607    u_soc/Core_cpu/u_ifu_subsys/u_btb/p_1_in4_in[1]
    SLICE_X37Y69         LUT6 (Prop_lut6_I3_O)        0.043     6.650 r  u_soc/Core_cpu/u_ifu_subsys/u_btb/ent_q[6][150]_i_42/O
                         net (fo=7, routed)           0.470     7.120    u_soc/Core_cpu/u_ifu_subsys/g_tage.u_tage/id_bht_chk[22]_i_4_0
    SLICE_X33Y69         LUT4 (Prop_lut4_I1_O)        0.043     7.163 r  u_soc/Core_cpu/u_ifu_subsys/g_tage.u_tage/ent_q[6][150]_i_56/O
                         net (fo=1, routed)           0.346     7.510    u_soc/Core_cpu/u_ifu_subsys/g_tage.u_tage/ent_q[6][150]_i_56_n_0
    SLICE_X33Y68         LUT6 (Prop_lut6_I3_O)        0.043     7.553 r  u_soc/Core_cpu/u_ifu_subsys/g_tage.u_tage/ent_q[6][150]_i_36/O
                         net (fo=2, routed)           0.442     7.994    u_soc/Core_cpu/u_ifu_subsys/g_tage.u_tage/ent_q[6][150]_i_36_n_0
    SLICE_X32Y69         LUT6 (Prop_lut6_I4_O)        0.043     8.037 r  u_soc/Core_cpu/u_ifu_subsys/g_tage.u_tage/ent_q[6][150]_i_22/O
                         net (fo=1, routed)           0.243     8.280    u_soc/Core_cpu/u_ifu_subsys/g_tage.u_tage/ent_q[6][150]_i_22_n_0
    SLICE_X32Y68         LUT6 (Prop_lut6_I1_O)        0.043     8.323 r  u_soc/Core_cpu/u_ifu_subsys/g_tage.u_tage/ent_q[6][150]_i_8/O
                         net (fo=5, routed)           0.197     8.520    u_soc/Core_cpu/u_ifu_subsys/g_tage.u_tage/dir_pred[1]
    SLICE_X30Y68         LUT4 (Prop_lut4_I1_O)        0.043     8.563 r  u_soc/Core_cpu/u_ifu_subsys/g_tage.u_tage/q_t0_idx[1]_i_15/O
                         net (fo=3, routed)           0.267     8.830    u_soc/Core_cpu/u_ifu_subsys/u_btb/p_0_in11_in
    SLICE_X31Y68         LUT5 (Prop_lut5_I1_O)        0.043     8.873 r  u_soc/Core_cpu/u_ifu_subsys/u_btb/q_t0_idx[1]_i_9/O
                         net (fo=10, routed)          0.437     9.310    u_soc/Core_cpu/u_ifu_subsys/u_icache/u_tag_way1/u_prim/any_taken
    SLICE_X30Y69         LUT6 (Prop_lut6_I3_O)        0.043     9.353 r  u_soc/Core_cpu/u_ifu_subsys/u_icache/u_tag_way1/u_prim/cnt_q[0]_i_4/O
                         net (fo=3, routed)           0.277     9.630    u_soc/Core_cpu/u_ifu_subsys/u_ibuf/push_num[0]
    SLICE_X29Y71         LUT4 (Prop_lut4_I1_O)        0.043     9.673 r  u_soc/Core_cpu/u_ifu_subsys/u_ibuf/cnt_q[0]_i_2/O
                         net (fo=9, routed)           0.362    10.035    u_soc/Core_cpu/u_ifu_subsys/u_ibuf/cnt_q_reg[4]_1[0]
    SLICE_X24Y70         LUT3 (Prop_lut3_I1_O)        0.043    10.078 r  u_soc/Core_cpu/u_ifu_subsys/u_ibuf/ent_q[6][150]_i_13/O
                         net (fo=111, routed)         0.943    11.021    u_soc/Core_cpu/u_ifu_subsys/u_ibuf/cnt_q_reg[4]_3
    SLICE_X10Y65         LUT6 (Prop_lut6_I2_O)        0.043    11.064 r  u_soc/Core_cpu/u_ifu_subsys/u_ibuf/ent_q[6][91]_i_3/O
                         net (fo=8, routed)           0.440    11.504    u_soc/Core_cpu/u_ifu_subsys/u_ibuf/ent_q[6][91]_i_3_n_0
    SLICE_X2Y65          LUT6 (Prop_lut6_I0_O)        0.043    11.547 r  u_soc/Core_cpu/u_ifu_subsys/u_ibuf/ent_q[4][91]_i_2/O
                         net (fo=1, routed)           0.354    11.901    u_soc/Core_cpu/u_ifu_subsys/u_ibuf/ent_q[4][91]_i_2_n_0
    SLICE_X3Y64          LUT5 (Prop_lut5_I4_O)        0.043    11.944 r  u_soc/Core_cpu/u_ifu_subsys/u_ibuf/ent_q[4][91]_i_1/O
                         net (fo=1, routed)           0.000    11.944    u_soc/Core_cpu/u_ifu_subsys/u_ibuf/ent_q[4][91]_i_1_n_0
    SLICE_X3Y64          FDRE                                         r  u_soc/Core_cpu/u_ifu_subsys/u_ibuf/ent_q_reg[4][91]/D
  -------------------------------------------------------------------    -------------------

                         (clock clk rise edge)        7.000     7.000 r  
    AE23                                              0.000     7.000 r  clk (IN)
                         net (fo=0)                   0.000     7.000    clk
    AE23                 IBUF (Prop_ibuf_I_O)         0.660     7.660 r  clk_IBUF_inst/O
                         net (fo=1, routed)           2.516    10.176    clk_IBUF
    BUFGCTRL_X0Y0        BUFG (Prop_bufg_I_O)         0.083    10.259 r  u_bufg/O
                         net (fo=5747, routed)        1.557    11.816    u_soc/Core_cpu/u_ifu_subsys/u_ibuf/clk_buf
    SLICE_X3Y64          FDRE                                         r  u_soc/Core_cpu/u_ifu_subsys/u_ibuf/ent_q_reg[4][91]/C
                         clock pessimism              0.310    12.125    
                         clock uncertainty           -0.035    12.090    
    SLICE_X3Y64          FDRE (Setup_fdre_C_D)        0.034    12.124    u_soc/Core_cpu/u_ifu_subsys/u_ibuf/ent_q_reg[4][91]
  -------------------------------------------------------------------
                         required time                         12.124    
                         arrival time                         -11.944    
  -------------------------------------------------------------------
                         slack                                  0.180    

Slack (MET) :             0.182ns  (required time - arrival time)
  Source:                 u_soc/Core_cpu/u_ifu_subsys/g_tage.u_tage/q_row_idx_reg[1][1]/C
                            (rising edge-triggered cell FDRE clocked by clk  {rise@0.000ns fall@3.500ns period=7.000ns})
  Destination:            u_soc/Core_cpu/u_ifu_subsys/u_ibuf/ent_q_reg[2][88]/D
                            (rising edge-triggered cell FDRE clocked by clk  {rise@0.000ns fall@3.500ns period=7.000ns})
  Path Group:             clk
  Path Type:              Setup (Max at Slow Process Corner)
  Requirement:            7.000ns  (clk rise@7.000ns - clk rise@0.000ns)
  Data Path Delay:        6.844ns  (logic 0.825ns (12.055%)  route 6.019ns (87.945%))
  Logic Levels:           14  (LUT3=1 LUT4=3 LUT5=2 LUT6=7 RAMD64E=1)
  Clock Path Skew:        0.027ns (DCD - SCD + CPR)
    Destination Clock Delay (DCD):    4.816ns = ( 11.816 - 7.000 ) 
    Source Clock Delay      (SCD):    5.098ns
    Clock Pessimism Removal (CPR):    0.310ns
  Clock Uncertainty:      0.035ns  ((TSJ^2 + TIJ^2)^1/2 + DJ) / 2 + PE
    Total System Jitter     (TSJ):    0.071ns
    Total Input Jitter      (TIJ):    0.000ns
    Discrete Jitter          (DJ):    0.000ns
    Phase Error              (PE):    0.000ns

    Location             Delay type                Incr(ns)  Path(ns)    Netlist Resource(s)
  -------------------------------------------------------------------    -------------------
                         (clock clk rise edge)        0.000     0.000 r  
    AE23                                              0.000     0.000 r  clk (IN)
                         net (fo=0)                   0.000     0.000    clk
    AE23                 IBUF (Prop_ibuf_I_O)         0.734     0.734 r  clk_IBUF_inst/O
                         net (fo=1, routed)           2.651     3.385    clk_IBUF
    BUFGCTRL_X0Y0        BUFG (Prop_bufg_I_O)         0.093     3.478 r  u_bufg/O
                         net (fo=5747, routed)        1.620     5.098    u_soc/Core_cpu/u_ifu_subsys/g_tage.u_tage/clk_buf
    SLICE_X39Y68         FDRE                                         r  u_soc/Core_cpu/u_ifu_subsys/g_tage.u_tage/q_row_idx_reg[1][1]/C
  -------------------------------------------------------------------    -------------------
    SLICE_X39Y68         FDRE (Prop_fdre_C_Q)         0.223     5.321 r  u_soc/Core_cpu/u_ifu_subsys/g_tage.u_tage/q_row_idx_reg[1][1]/Q
                         net (fo=62, routed)          0.607     5.929    u_soc/Core_cpu/u_ifu_subsys/g_tage.u_tage/g_tab[0].tg_p_reg_r1_0_63_3_5/ADDRB1
    SLICE_X42Y67         RAMD64E (Prop_ramd64e_RADR1_O)
                                                      0.043     5.972 r  u_soc/Core_cpu/u_ifu_subsys/g_tage.u_tage/g_tab[0].tg_p_reg_r1_0_63_3_5/RAMB/O
                         net (fo=1, routed)           0.635     6.607    u_soc/Core_cpu/u_ifu_subsys/u_btb/p_1_in4_in[1]
    SLICE_X37Y69         LUT6 (Prop_lut6_I3_O)        0.043     6.650 r  u_soc/Core_cpu/u_ifu_subsys/u_btb/ent_q[6][150]_i_42/O
                         net (fo=7, routed)           0.470     7.120    u_soc/Core_cpu/u_ifu_subsys/g_tage.u_tage/id_bht_chk[22]_i_4_0
    SLICE_X33Y69         LUT4 (Prop_lut4_I1_O)        0.043     7.163 r  u_soc/Core_cpu/u_ifu_subsys/g_tage.u_tage/ent_q[6][150]_i_56/O
                         net (fo=1, routed)           0.346     7.510    u_soc/Core_cpu/u_ifu_subsys/g_tage.u_tage/ent_q[6][150]_i_56_n_0
    SLICE_X33Y68         LUT6 (Prop_lut6_I3_O)        0.043     7.553 r  u_soc/Core_cpu/u_ifu_subsys/g_tage.u_tage/ent_q[6][150]_i_36/O
                         net (fo=2, routed)           0.442     7.994    u_soc/Core_cpu/u_ifu_subsys/g_tage.u_tage/ent_q[6][150]_i_36_n_0
    SLICE_X32Y69         LUT6 (Prop_lut6_I4_O)        0.043     8.037 r  u_soc/Core_cpu/u_ifu_subsys/g_tage.u_tage/ent_q[6][150]_i_22/O
                         net (fo=1, routed)           0.243     8.280    u_soc/Core_cpu/u_ifu_subsys/g_tage.u_tage/ent_q[6][150]_i_22_n_0
    SLICE_X32Y68         LUT6 (Prop_lut6_I1_O)        0.043     8.323 r  u_soc/Core_cpu/u_ifu_subsys/g_tage.u_tage/ent_q[6][150]_i_8/O
                         net (fo=5, routed)           0.197     8.520    u_soc/Core_cpu/u_ifu_subsys/g_tage.u_tage/dir_pred[1]
    SLICE_X30Y68         LUT4 (Prop_lut4_I1_O)        0.043     8.563 r  u_soc/Core_cpu/u_ifu_subsys/g_tage.u_tage/q_t0_idx[1]_i_15/O
                         net (fo=3, routed)           0.267     8.830    u_soc/Core_cpu/u_ifu_subsys/u_btb/p_0_in11_in
    SLICE_X31Y68         LUT5 (Prop_lut5_I1_O)        0.043     8.873 r  u_soc/Core_cpu/u_ifu_subsys/u_btb/q_t0_idx[1]_i_9/O
                         net (fo=10, routed)          0.437     9.310    u_soc/Core_cpu/u_ifu_subsys/u_icache/u_tag_way1/u_prim/any_taken
    SLICE_X30Y69         LUT6 (Prop_lut6_I3_O)        0.043     9.353 r  u_soc/Core_cpu/u_ifu_subsys/u_icache/u_tag_way1/u_prim/cnt_q[0]_i_4/O
                         net (fo=3, routed)           0.277     9.630    u_soc/Core_cpu/u_ifu_subsys/u_ibuf/push_num[0]
    SLICE_X29Y71         LUT4 (Prop_lut4_I1_O)        0.043     9.673 r  u_soc/Core_cpu/u_ifu_subsys/u_ibuf/cnt_q[0]_i_2/O
                         net (fo=9, routed)           0.362    10.035    u_soc/Core_cpu/u_ifu_subsys/u_ibuf/cnt_q_reg[4]_1[0]
    SLICE_X24Y70         LUT3 (Prop_lut3_I1_O)        0.043    10.078 r  u_soc/Core_cpu/u_ifu_subsys/u_ibuf/ent_q[6][150]_i_13/O
                         net (fo=111, routed)         1.038    11.116    u_soc/Core_cpu/u_ifu_subsys/u_ibuf/cnt_q_reg[4]_3
    SLICE_X7Y63          LUT6 (Prop_lut6_I2_O)        0.043    11.159 r  u_soc/Core_cpu/u_ifu_subsys/u_ibuf/ent_q[6][88]_i_3/O
                         net (fo=8, routed)           0.458    11.617    u_soc/Core_cpu/u_ifu_subsys/u_ibuf/ent_q[6][88]_i_3_n_0
    SLICE_X4Y61          LUT6 (Prop_lut6_I0_O)        0.043    11.660 r  u_soc/Core_cpu/u_ifu_subsys/u_ibuf/ent_q[2][88]_i_2/O
                         net (fo=1, routed)           0.239    11.899    u_soc/Core_cpu/u_ifu_subsys/u_ibuf/ent_q[2][88]_i_2_n_0
    SLICE_X4Y61          LUT5 (Prop_lut5_I4_O)        0.043    11.942 r  u_soc/Core_cpu/u_ifu_subsys/u_ibuf/ent_q[2][88]_i_1/O
                         net (fo=1, routed)           0.000    11.942    u_soc/Core_cpu/u_ifu_subsys/u_ibuf/ent_q[2][88]_i_1_n_0
    SLICE_X4Y61          FDRE                                         r  u_soc/Core_cpu/u_ifu_subsys/u_ibuf/ent_q_reg[2][88]/D
  -------------------------------------------------------------------    -------------------

                         (clock clk rise edge)        7.000     7.000 r  
    AE23                                              0.000     7.000 r  clk (IN)
                         net (fo=0)                   0.000     7.000    clk
    AE23                 IBUF (Prop_ibuf_I_O)         0.660     7.660 r  clk_IBUF_inst/O
                         net (fo=1, routed)           2.516    10.176    clk_IBUF
    BUFGCTRL_X0Y0        BUFG (Prop_bufg_I_O)         0.083    10.259 r  u_bufg/O
                         net (fo=5747, routed)        1.557    11.816    u_soc/Core_cpu/u_ifu_subsys/u_ibuf/clk_buf
    SLICE_X4Y61          FDRE                                         r  u_soc/Core_cpu/u_ifu_subsys/u_ibuf/ent_q_reg[2][88]/C
                         clock pessimism              0.310    12.125    
                         clock uncertainty           -0.035    12.090    
    SLICE_X4Y61          FDRE (Setup_fdre_C_D)        0.034    12.124    u_soc/Core_cpu/u_ifu_subsys/u_ibuf/ent_q_reg[2][88]
  -------------------------------------------------------------------
                         required time                         12.124    
                         arrival time                         -11.942    
  -------------------------------------------------------------------
                         slack                                  0.182    

Slack (MET) :             0.200ns  (required time - arrival time)
  Source:                 u_soc/Core_cpu/u_ifu_subsys/g_tage.u_tage/q_row_idx_reg[1][1]/C
                            (rising edge-triggered cell FDRE clocked by clk  {rise@0.000ns fall@3.500ns period=7.000ns})
  Destination:            u_soc/Core_cpu/u_ifu_subsys/u_ibuf/ent_q_reg[1][6]/D
                            (rising edge-triggered cell FDRE clocked by clk  {rise@0.000ns fall@3.500ns period=7.000ns})
  Path Group:             clk
  Path Type:              Setup (Max at Slow Process Corner)
  Requirement:            7.000ns  (clk rise@7.000ns - clk rise@0.000ns)
  Data Path Delay:        6.775ns  (logic 0.825ns (12.178%)  route 5.950ns (87.822%))
  Logic Levels:           14  (LUT3=1 LUT4=4 LUT5=2 LUT6=6 RAMD64E=1)
  Clock Path Skew:        -0.054ns (DCD - SCD + CPR)
    Destination Clock Delay (DCD):    4.735ns = ( 11.735 - 7.000 ) 
    Source Clock Delay      (SCD):    5.098ns
    Clock Pessimism Removal (CPR):    0.310ns
  Clock Uncertainty:      0.035ns  ((TSJ^2 + TIJ^2)^1/2 + DJ) / 2 + PE
    Total System Jitter     (TSJ):    0.071ns
    Total Input Jitter      (TIJ):    0.000ns
    Discrete Jitter          (DJ):    0.000ns
    Phase Error              (PE):    0.000ns

    Location             Delay type                Incr(ns)  Path(ns)    Netlist Resource(s)
  -------------------------------------------------------------------    -------------------
                         (clock clk rise edge)        0.000     0.000 r  
    AE23                                              0.000     0.000 r  clk (IN)
                         net (fo=0)                   0.000     0.000    clk
    AE23                 IBUF (Prop_ibuf_I_O)         0.734     0.734 r  clk_IBUF_inst/O
                         net (fo=1, routed)           2.651     3.385    clk_IBUF
    BUFGCTRL_X0Y0        BUFG (Prop_bufg_I_O)         0.093     3.478 r  u_bufg/O
                         net (fo=5747, routed)        1.620     5.098    u_soc/Core_cpu/u_ifu_subsys/g_tage.u_tage/clk_buf
    SLICE_X39Y68         FDRE                                         r  u_soc/Core_cpu/u_ifu_subsys/g_tage.u_tage/q_row_idx_reg[1][1]/C
  -------------------------------------------------------------------    -------------------
    SLICE_X39Y68         FDRE (Prop_fdre_C_Q)         0.223     5.321 r  u_soc/Core_cpu/u_ifu_subsys/g_tage.u_tage/q_row_idx_reg[1][1]/Q
                         net (fo=62, routed)          0.607     5.929    u_soc/Core_cpu/u_ifu_subsys/g_tage.u_tage/g_tab[0].tg_p_reg_r1_0_63_3_5/ADDRB1
    SLICE_X42Y67         RAMD64E (Prop_ramd64e_RADR1_O)
                                                      0.043     5.972 r  u_soc/Core_cpu/u_ifu_subsys/g_tage.u_tage/g_tab[0].tg_p_reg_r1_0_63_3_5/RAMB/O
                         net (fo=1, routed)           0.635     6.607    u_soc/Core_cpu/u_ifu_subsys/u_btb/p_1_in4_in[1]
    SLICE_X37Y69         LUT6 (Prop_lut6_I3_O)        0.043     6.650 r  u_soc/Core_cpu/u_ifu_subsys/u_btb/ent_q[6][150]_i_42/O
                         net (fo=7, routed)           0.470     7.120    u_soc/Core_cpu/u_ifu_subsys/g_tage.u_tage/id_bht_chk[22]_i_4_0
    SLICE_X33Y69         LUT4 (Prop_lut4_I1_O)        0.043     7.163 r  u_soc/Core_cpu/u_ifu_subsys/g_tage.u_tage/ent_q[6][150]_i_56/O
                         net (fo=1, routed)           0.346     7.510    u_soc/Core_cpu/u_ifu_subsys/g_tage.u_tage/ent_q[6][150]_i_56_n_0
    SLICE_X33Y68         LUT6 (Prop_lut6_I3_O)        0.043     7.553 r  u_soc/Core_cpu/u_ifu_subsys/g_tage.u_tage/ent_q[6][150]_i_36/O
                         net (fo=2, routed)           0.442     7.994    u_soc/Core_cpu/u_ifu_subsys/g_tage.u_tage/ent_q[6][150]_i_36_n_0
    SLICE_X32Y69         LUT6 (Prop_lut6_I4_O)        0.043     8.037 r  u_soc/Core_cpu/u_ifu_subsys/g_tage.u_tage/ent_q[6][150]_i_22/O
                         net (fo=1, routed)           0.243     8.280    u_soc/Core_cpu/u_ifu_subsys/g_tage.u_tage/ent_q[6][150]_i_22_n_0
    SLICE_X32Y68         LUT6 (Prop_lut6_I1_O)        0.043     8.323 r  u_soc/Core_cpu/u_ifu_subsys/g_tage.u_tage/ent_q[6][150]_i_8/O
                         net (fo=5, routed)           0.197     8.520    u_soc/Core_cpu/u_ifu_subsys/g_tage.u_tage/dir_pred[1]
    SLICE_X30Y68         LUT4 (Prop_lut4_I1_O)        0.043     8.563 r  u_soc/Core_cpu/u_ifu_subsys/g_tage.u_tage/q_t0_idx[1]_i_15/O
                         net (fo=3, routed)           0.267     8.830    u_soc/Core_cpu/u_ifu_subsys/u_btb/p_0_in11_in
    SLICE_X31Y68         LUT5 (Prop_lut5_I1_O)        0.043     8.873 r  u_soc/Core_cpu/u_ifu_subsys/u_btb/q_t0_idx[1]_i_9/O
                         net (fo=10, routed)          0.437     9.310    u_soc/Core_cpu/u_ifu_subsys/u_icache/u_tag_way1/u_prim/any_taken
    SLICE_X30Y69         LUT6 (Prop_lut6_I3_O)        0.043     9.353 r  u_soc/Core_cpu/u_ifu_subsys/u_icache/u_tag_way1/u_prim/cnt_q[0]_i_4/O
                         net (fo=3, routed)           0.277     9.630    u_soc/Core_cpu/u_ifu_subsys/u_ibuf/push_num[0]
    SLICE_X29Y71         LUT4 (Prop_lut4_I1_O)        0.043     9.673 r  u_soc/Core_cpu/u_ifu_subsys/u_ibuf/cnt_q[0]_i_2/O
                         net (fo=9, routed)           0.362    10.035    u_soc/Core_cpu/u_ifu_subsys/u_ibuf/cnt_q_reg[4]_1[0]
    SLICE_X24Y70         LUT3 (Prop_lut3_I1_O)        0.043    10.078 r  u_soc/Core_cpu/u_ifu_subsys/u_ibuf/ent_q[6][150]_i_13/O
                         net (fo=111, routed)         0.926    11.004    u_soc/Core_cpu/u_ifu_subsys/u_ibuf/cnt_q_reg[4]_3
    SLICE_X44Y74         LUT5 (Prop_lut5_I1_O)        0.043    11.047 r  u_soc/Core_cpu/u_ifu_subsys/u_ibuf/ent_q[6][6]_i_7/O
                         net (fo=8, routed)           0.496    11.543    u_soc/Core_cpu/u_ifu_subsys/u_ibuf/ent_q[6][6]_i_7_n_0
    SLICE_X46Y76         LUT6 (Prop_lut6_I0_O)        0.043    11.586 r  u_soc/Core_cpu/u_ifu_subsys/u_ibuf/ent_q[1][6]_i_2/O
                         net (fo=1, routed)           0.244    11.830    u_soc/Core_cpu/u_ifu_subsys/u_ibuf/ent_q[1][6]_i_2_n_0
    SLICE_X46Y76         LUT4 (Prop_lut4_I3_O)        0.043    11.873 r  u_soc/Core_cpu/u_ifu_subsys/u_ibuf/ent_q[1][6]_i_1/O
                         net (fo=1, routed)           0.000    11.873    u_soc/Core_cpu/u_ifu_subsys/u_ibuf/ent_q[1][6]_i_1_n_0
    SLICE_X46Y76         FDRE                                         r  u_soc/Core_cpu/u_ifu_subsys/u_ibuf/ent_q_reg[1][6]/D
  -------------------------------------------------------------------    -------------------

                         (clock clk rise edge)        7.000     7.000 r  
    AE23                                              0.000     7.000 r  clk (IN)
                         net (fo=0)                   0.000     7.000    clk
    AE23                 IBUF (Prop_ibuf_I_O)         0.660     7.660 r  clk_IBUF_inst/O
                         net (fo=1, routed)           2.516    10.176    clk_IBUF
    BUFGCTRL_X0Y0        BUFG (Prop_bufg_I_O)         0.083    10.259 r  u_bufg/O
                         net (fo=5747, routed)        1.476    11.735    u_soc/Core_cpu/u_ifu_subsys/u_ibuf/clk_buf
    SLICE_X46Y76         FDRE                                         r  u_soc/Core_cpu/u_ifu_subsys/u_ibuf/ent_q_reg[1][6]/C
                         clock pessimism              0.310    12.044    
                         clock uncertainty           -0.035    12.009    
    SLICE_X46Y76         FDRE (Setup_fdre_C_D)        0.064    12.073    u_soc/Core_cpu/u_ifu_subsys/u_ibuf/ent_q_reg[1][6]
  -------------------------------------------------------------------
                         required time                         12.073    
                         arrival time                         -11.873    
  -------------------------------------------------------------------
                         slack                                  0.200    

Slack (MET) :             0.200ns  (required time - arrival time)
  Source:                 u_soc/Core_cpu/u_ifu_subsys/g_tage.u_tage/q_row_idx_reg[1][1]/C
                            (rising edge-triggered cell FDRE clocked by clk  {rise@0.000ns fall@3.500ns period=7.000ns})
  Destination:            u_soc/Core_cpu/u_ifu_subsys/u_ibuf/ent_q_reg[4][46]/D
                            (rising edge-triggered cell FDRE clocked by clk  {rise@0.000ns fall@3.500ns period=7.000ns})
  Path Group:             clk
  Path Type:              Setup (Max at Slow Process Corner)
  Requirement:            7.000ns  (clk rise@7.000ns - clk rise@0.000ns)
  Data Path Delay:        6.766ns  (logic 0.825ns (12.193%)  route 5.941ns (87.807%))
  Logic Levels:           14  (LUT3=1 LUT4=4 LUT5=2 LUT6=6 RAMD64E=1)
  Clock Path Skew:        -0.032ns (DCD - SCD + CPR)
    Destination Clock Delay (DCD):    4.757ns = ( 11.757 - 7.000 ) 
    Source Clock Delay      (SCD):    5.098ns
    Clock Pessimism Removal (CPR):    0.310ns
  Clock Uncertainty:      0.035ns  ((TSJ^2 + TIJ^2)^1/2 + DJ) / 2 + PE
    Total System Jitter     (TSJ):    0.071ns
    Total Input Jitter      (TIJ):    0.000ns
    Discrete Jitter          (DJ):    0.000ns
    Phase Error              (PE):    0.000ns

    Location             Delay type                Incr(ns)  Path(ns)    Netlist Resource(s)
  -------------------------------------------------------------------    -------------------
                         (clock clk rise edge)        0.000     0.000 r  
    AE23                                              0.000     0.000 r  clk (IN)
                         net (fo=0)                   0.000     0.000    clk
    AE23                 IBUF (Prop_ibuf_I_O)         0.734     0.734 r  clk_IBUF_inst/O
                         net (fo=1, routed)           2.651     3.385    clk_IBUF
    BUFGCTRL_X0Y0        BUFG (Prop_bufg_I_O)         0.093     3.478 r  u_bufg/O
                         net (fo=5747, routed)        1.620     5.098    u_soc/Core_cpu/u_ifu_subsys/g_tage.u_tage/clk_buf
    SLICE_X39Y68         FDRE                                         r  u_soc/Core_cpu/u_ifu_subsys/g_tage.u_tage/q_row_idx_reg[1][1]/C
  -------------------------------------------------------------------    -------------------
    SLICE_X39Y68         FDRE (Prop_fdre_C_Q)         0.223     5.321 r  u_soc/Core_cpu/u_ifu_subsys/g_tage.u_tage/q_row_idx_reg[1][1]/Q
                         net (fo=62, routed)          0.607     5.929    u_soc/Core_cpu/u_ifu_subsys/g_tage.u_tage/g_tab[0].tg_p_reg_r1_0_63_3_5/ADDRB1
    SLICE_X42Y67         RAMD64E (Prop_ramd64e_RADR1_O)
                                                      0.043     5.972 r  u_soc/Core_cpu/u_ifu_subsys/g_tage.u_tage/g_tab[0].tg_p_reg_r1_0_63_3_5/RAMB/O
                         net (fo=1, routed)           0.635     6.607    u_soc/Core_cpu/u_ifu_subsys/u_btb/p_1_in4_in[1]
    SLICE_X37Y69         LUT6 (Prop_lut6_I3_O)        0.043     6.650 r  u_soc/Core_cpu/u_ifu_subsys/u_btb/ent_q[6][150]_i_42/O
                         net (fo=7, routed)           0.470     7.120    u_soc/Core_cpu/u_ifu_subsys/g_tage.u_tage/id_bht_chk[22]_i_4_0
    SLICE_X33Y69         LUT4 (Prop_lut4_I1_O)        0.043     7.163 r  u_soc/Core_cpu/u_ifu_subsys/g_tage.u_tage/ent_q[6][150]_i_56/O
                         net (fo=1, routed)           0.346     7.510    u_soc/Core_cpu/u_ifu_subsys/g_tage.u_tage/ent_q[6][150]_i_56_n_0
    SLICE_X33Y68         LUT6 (Prop_lut6_I3_O)        0.043     7.553 r  u_soc/Core_cpu/u_ifu_subsys/g_tage.u_tage/ent_q[6][150]_i_36/O
                         net (fo=2, routed)           0.442     7.994    u_soc/Core_cpu/u_ifu_subsys/g_tage.u_tage/ent_q[6][150]_i_36_n_0
    SLICE_X32Y69         LUT6 (Prop_lut6_I4_O)        0.043     8.037 r  u_soc/Core_cpu/u_ifu_subsys/g_tage.u_tage/ent_q[6][150]_i_22/O
                         net (fo=1, routed)           0.243     8.280    u_soc/Core_cpu/u_ifu_subsys/g_tage.u_tage/ent_q[6][150]_i_22_n_0
    SLICE_X32Y68         LUT6 (Prop_lut6_I1_O)        0.043     8.323 r  u_soc/Core_cpu/u_ifu_subsys/g_tage.u_tage/ent_q[6][150]_i_8/O
                         net (fo=5, routed)           0.197     8.520    u_soc/Core_cpu/u_ifu_subsys/g_tage.u_tage/dir_pred[1]
    SLICE_X30Y68         LUT4 (Prop_lut4_I1_O)        0.043     8.563 r  u_soc/Core_cpu/u_ifu_subsys/g_tage.u_tage/q_t0_idx[1]_i_15/O
                         net (fo=3, routed)           0.267     8.830    u_soc/Core_cpu/u_ifu_subsys/u_btb/p_0_in11_in
    SLICE_X31Y68         LUT5 (Prop_lut5_I1_O)        0.043     8.873 r  u_soc/Core_cpu/u_ifu_subsys/u_btb/q_t0_idx[1]_i_9/O
                         net (fo=10, routed)          0.437     9.310    u_soc/Core_cpu/u_ifu_subsys/u_icache/u_tag_way1/u_prim/any_taken
    SLICE_X30Y69         LUT6 (Prop_lut6_I3_O)        0.043     9.353 r  u_soc/Core_cpu/u_ifu_subsys/u_icache/u_tag_way1/u_prim/cnt_q[0]_i_4/O
                         net (fo=3, routed)           0.277     9.630    u_soc/Core_cpu/u_ifu_subsys/u_ibuf/push_num[0]
    SLICE_X29Y71         LUT4 (Prop_lut4_I1_O)        0.043     9.673 r  u_soc/Core_cpu/u_ifu_subsys/u_ibuf/cnt_q[0]_i_2/O
                         net (fo=9, routed)           0.362    10.035    u_soc/Core_cpu/u_ifu_subsys/u_ibuf/cnt_q_reg[4]_1[0]
    SLICE_X24Y70         LUT3 (Prop_lut3_I1_O)        0.043    10.078 r  u_soc/Core_cpu/u_ifu_subsys/u_ibuf/ent_q[6][150]_i_13/O
                         net (fo=111, routed)         0.849    10.927    u_soc/Core_cpu/u_ifu_subsys/u_ibuf/cnt_q_reg[4]_3
    SLICE_X13Y69         LUT5 (Prop_lut5_I1_O)        0.043    10.970 r  u_soc/Core_cpu/u_ifu_subsys/u_ibuf/ent_q[6][46]_i_3/O
                         net (fo=8, routed)           0.441    11.410    u_soc/Core_cpu/u_ifu_subsys/u_ibuf/ent_q[6][46]_i_3_n_0
    SLICE_X7Y68          LUT6 (Prop_lut6_I0_O)        0.043    11.453 r  u_soc/Core_cpu/u_ifu_subsys/u_ibuf/ent_q[4][46]_i_2/O
                         net (fo=1, routed)           0.369    11.822    u_soc/Core_cpu/u_ifu_subsys/u_ibuf/ent_q[4][46]_i_2_n_0
    SLICE_X9Y68          LUT4 (Prop_lut4_I3_O)        0.043    11.865 r  u_soc/Core_cpu/u_ifu_subsys/u_ibuf/ent_q[4][46]_i_1/O
                         net (fo=1, routed)           0.000    11.865    u_soc/Core_cpu/u_ifu_subsys/u_ibuf/ent_q[4][46]_i_1_n_0
    SLICE_X9Y68          FDRE                                         r  u_soc/Core_cpu/u_ifu_subsys/u_ibuf/ent_q_reg[4][46]/D
  -------------------------------------------------------------------    -------------------

                         (clock clk rise edge)        7.000     7.000 r  
    AE23                                              0.000     7.000 r  clk (IN)
                         net (fo=0)                   0.000     7.000    clk
    AE23                 IBUF (Prop_ibuf_I_O)         0.660     7.660 r  clk_IBUF_inst/O
                         net (fo=1, routed)           2.516    10.176    clk_IBUF
    BUFGCTRL_X0Y0        BUFG (Prop_bufg_I_O)         0.083    10.259 r  u_bufg/O
                         net (fo=5747, routed)        1.498    11.757    u_soc/Core_cpu/u_ifu_subsys/u_ibuf/clk_buf
    SLICE_X9Y68          FDRE                                         r  u_soc/Core_cpu/u_ifu_subsys/u_ibuf/ent_q_reg[4][46]/C
                         clock pessimism              0.310    12.066    
                         clock uncertainty           -0.035    12.031    
    SLICE_X9Y68          FDRE (Setup_fdre_C_D)        0.034    12.065    u_soc/Core_cpu/u_ifu_subsys/u_ibuf/ent_q_reg[4][46]
  -------------------------------------------------------------------
                         required time                         12.065    
                         arrival time                         -11.865    
  -------------------------------------------------------------------
                         slack                                  0.200    

Slack (MET) :             0.235ns  (required time - arrival time)
  Source:                 u_soc/Core_cpu/u_ifu_subsys/g_tage.u_tage/q_row_idx_reg[1][1]/C
                            (rising edge-triggered cell FDRE clocked by clk  {rise@0.000ns fall@3.500ns period=7.000ns})
  Destination:            u_soc/Core_cpu/u_ifu_subsys/u_ibuf/ent_q_reg[6][45]/D
                            (rising edge-triggered cell FDRE clocked by clk  {rise@0.000ns fall@3.500ns period=7.000ns})
  Path Group:             clk
  Path Type:              Setup (Max at Slow Process Corner)
  Requirement:            7.000ns  (clk rise@7.000ns - clk rise@0.000ns)
  Data Path Delay:        6.785ns  (logic 0.868ns (12.793%)  route 5.917ns (87.207%))
  Logic Levels:           15  (LUT3=1 LUT4=4 LUT5=2 LUT6=7 RAMD64E=1)
  Clock Path Skew:        0.021ns (DCD - SCD + CPR)
    Destination Clock Delay (DCD):    4.810ns = ( 11.810 - 7.000 ) 
    Source Clock Delay      (SCD):    5.098ns
    Clock Pessimism Removal (CPR):    0.310ns
  Clock Uncertainty:      0.035ns  ((TSJ^2 + TIJ^2)^1/2 + DJ) / 2 + PE
    Total System Jitter     (TSJ):    0.071ns
    Total Input Jitter      (TIJ):    0.000ns
    Discrete Jitter          (DJ):    0.000ns
    Phase Error              (PE):    0.000ns

    Location             Delay type                Incr(ns)  Path(ns)    Netlist Resource(s)
  -------------------------------------------------------------------    -------------------
                         (clock clk rise edge)        0.000     0.000 r  
    AE23                                              0.000     0.000 r  clk (IN)
                         net (fo=0)                   0.000     0.000    clk
    AE23                 IBUF (Prop_ibuf_I_O)         0.734     0.734 r  clk_IBUF_inst/O
                         net (fo=1, routed)           2.651     3.385    clk_IBUF
    BUFGCTRL_X0Y0        BUFG (Prop_bufg_I_O)         0.093     3.478 r  u_bufg/O
                         net (fo=5747, routed)        1.620     5.098    u_soc/Core_cpu/u_ifu_subsys/g_tage.u_tage/clk_buf
    SLICE_X39Y68         FDRE                                         r  u_soc/Core_cpu/u_ifu_subsys/g_tage.u_tage/q_row_idx_reg[1][1]/C
  -------------------------------------------------------------------    -------------------
    SLICE_X39Y68         FDRE (Prop_fdre_C_Q)         0.223     5.321 r  u_soc/Core_cpu/u_ifu_subsys/g_tage.u_tage/q_row_idx_reg[1][1]/Q
                         net (fo=62, routed)          0.607     5.929    u_soc/Core_cpu/u_ifu_subsys/g_tage.u_tage/g_tab[0].tg_p_reg_r1_0_63_3_5/ADDRB1
    SLICE_X42Y67         RAMD64E (Prop_ramd64e_RADR1_O)
                                                      0.043     5.972 r  u_soc/Core_cpu/u_ifu_subsys/g_tage.u_tage/g_tab[0].tg_p_reg_r1_0_63_3_5/RAMB/O
                         net (fo=1, routed)           0.635     6.607    u_soc/Core_cpu/u_ifu_subsys/u_btb/p_1_in4_in[1]
    SLICE_X37Y69         LUT6 (Prop_lut6_I3_O)        0.043     6.650 r  u_soc/Core_cpu/u_ifu_subsys/u_btb/ent_q[6][150]_i_42/O
                         net (fo=7, routed)           0.470     7.120    u_soc/Core_cpu/u_ifu_subsys/g_tage.u_tage/id_bht_chk[22]_i_4_0
    SLICE_X33Y69         LUT4 (Prop_lut4_I1_O)        0.043     7.163 r  u_soc/Core_cpu/u_ifu_subsys/g_tage.u_tage/ent_q[6][150]_i_56/O
                         net (fo=1, routed)           0.346     7.510    u_soc/Core_cpu/u_ifu_subsys/g_tage.u_tage/ent_q[6][150]_i_56_n_0
    SLICE_X33Y68         LUT6 (Prop_lut6_I3_O)        0.043     7.553 r  u_soc/Core_cpu/u_ifu_subsys/g_tage.u_tage/ent_q[6][150]_i_36/O
                         net (fo=2, routed)           0.442     7.994    u_soc/Core_cpu/u_ifu_subsys/g_tage.u_tage/ent_q[6][150]_i_36_n_0
    SLICE_X32Y69         LUT6 (Prop_lut6_I4_O)        0.043     8.037 r  u_soc/Core_cpu/u_ifu_subsys/g_tage.u_tage/ent_q[6][150]_i_22/O
                         net (fo=1, routed)           0.243     8.280    u_soc/Core_cpu/u_ifu_subsys/g_tage.u_tage/ent_q[6][150]_i_22_n_0
    SLICE_X32Y68         LUT6 (Prop_lut6_I1_O)        0.043     8.323 r  u_soc/Core_cpu/u_ifu_subsys/g_tage.u_tage/ent_q[6][150]_i_8/O
                         net (fo=5, routed)           0.197     8.520    u_soc/Core_cpu/u_ifu_subsys/g_tage.u_tage/dir_pred[1]
    SLICE_X30Y68         LUT4 (Prop_lut4_I1_O)        0.043     8.563 r  u_soc/Core_cpu/u_ifu_subsys/g_tage.u_tage/q_t0_idx[1]_i_15/O
                         net (fo=3, routed)           0.267     8.830    u_soc/Core_cpu/u_ifu_subsys/u_btb/p_0_in11_in
    SLICE_X31Y68         LUT5 (Prop_lut5_I1_O)        0.043     8.873 r  u_soc/Core_cpu/u_ifu_subsys/u_btb/q_t0_idx[1]_i_9/O
                         net (fo=10, routed)          0.337     9.210    u_soc/Core_cpu/u_ifu_subsys/u_icache/u_tag_way1/u_prim/any_taken
    SLICE_X29Y70         LUT6 (Prop_lut6_I3_O)        0.043     9.253 r  u_soc/Core_cpu/u_ifu_subsys/u_icache/u_tag_way1/u_prim/q_t0_idx[0]_i_9/O
                         net (fo=2, routed)           0.156     9.409    u_soc/Core_cpu/u_ifu_subsys/u_ibuf/push_num[1]
    SLICE_X29Y70         LUT4 (Prop_lut4_I1_O)        0.043     9.452 r  u_soc/Core_cpu/u_ifu_subsys/u_ibuf/cnt_q[4]_i_5/O
                         net (fo=18, routed)          0.369     9.821    u_soc/Core_cpu/u_ifu_subsys/u_ibuf/cnt_q_reg[4]_1[1]
    SLICE_X24Y69         LUT6 (Prop_lut6_I4_O)        0.043     9.864 r  u_soc/Core_cpu/u_ifu_subsys/u_ibuf/cnt_q[0]_i_6/O
                         net (fo=113, routed)         0.838    10.703    u_soc/Core_cpu/u_ifu_subsys/u_ibuf/cnt_q_reg[4]_2
    SLICE_X8Y69          LUT5 (Prop_lut5_I4_O)        0.043    10.746 r  u_soc/Core_cpu/u_ifu_subsys/u_ibuf/ent_q[6][45]_i_5/O
                         net (fo=9, routed)           0.464    11.209    u_soc/Core_cpu/u_ifu_subsys/u_ibuf/p_0_in__0[45]
    SLICE_X5Y71          LUT3 (Prop_lut3_I0_O)        0.043    11.252 r  u_soc/Core_cpu/u_ifu_subsys/u_ibuf/ent_q[6][45]_i_4/O
                         net (fo=1, routed)           0.313    11.566    u_soc/Core_cpu/u_ifu_subsys/u_ibuf/ent_q[198]
    SLICE_X5Y70          LUT6 (Prop_lut6_I5_O)        0.043    11.609 r  u_soc/Core_cpu/u_ifu_subsys/u_ibuf/ent_q[6][45]_i_2/O
                         net (fo=1, routed)           0.232    11.840    u_soc/Core_cpu/u_ifu_subsys/u_ibuf/ent_q[6][45]_i_2_n_0
    SLICE_X5Y70          LUT4 (Prop_lut4_I3_O)        0.043    11.883 r  u_soc/Core_cpu/u_ifu_subsys/u_ibuf/ent_q[6][45]_i_1/O
                         net (fo=1, routed)           0.000    11.883    u_soc/Core_cpu/u_ifu_subsys/u_ibuf/p_1_in[45]
    SLICE_X5Y70          FDRE                                         r  u_soc/Core_cpu/u_ifu_subsys/u_ibuf/ent_q_reg[6][45]/D
  -------------------------------------------------------------------    -------------------

                         (clock clk rise edge)        7.000     7.000 r  
    AE23                                              0.000     7.000 r  clk (IN)
                         net (fo=0)                   0.000     7.000    clk
    AE23                 IBUF (Prop_ibuf_I_O)         0.660     7.660 r  clk_IBUF_inst/O
                         net (fo=1, routed)           2.516    10.176    clk_IBUF
    BUFGCTRL_X0Y0        BUFG (Prop_bufg_I_O)         0.083    10.259 r  u_bufg/O
                         net (fo=5747, routed)        1.551    11.810    u_soc/Core_cpu/u_ifu_subsys/u_ibuf/clk_buf
    SLICE_X5Y70          FDRE                                         r  u_soc/Core_cpu/u_ifu_subsys/u_ibuf/ent_q_reg[6][45]/C
                         clock pessimism              0.310    12.119    
                         clock uncertainty           -0.035    12.084    
    SLICE_X5Y70          FDRE (Setup_fdre_C_D)        0.034    12.118    u_soc/Core_cpu/u_ifu_subsys/u_ibuf/ent_q_reg[6][45]
  -------------------------------------------------------------------
                         required time                         12.118    
                         arrival time                         -11.883    
  -------------------------------------------------------------------
                         slack                                  0.235    

Slack (MET) :             0.238ns  (required time - arrival time)
  Source:                 u_soc/Core_cpu/u_ifu_subsys/g_tage.u_tage/q_row_idx_reg[1][1]/C
                            (rising edge-triggered cell FDRE clocked by clk  {rise@0.000ns fall@3.500ns period=7.000ns})
  Destination:            u_soc/Core_cpu/u_ifu_subsys/u_ibuf/ent_q_reg[5][41]/D
                            (rising edge-triggered cell FDRE clocked by clk  {rise@0.000ns fall@3.500ns period=7.000ns})
  Path Group:             clk
  Path Type:              Setup (Max at Slow Process Corner)
  Requirement:            7.000ns  (clk rise@7.000ns - clk rise@0.000ns)
  Data Path Delay:        6.767ns  (logic 0.825ns (12.192%)  route 5.942ns (87.808%))
  Logic Levels:           14  (LUT3=1 LUT4=4 LUT5=2 LUT6=6 RAMD64E=1)
  Clock Path Skew:        -0.024ns (DCD - SCD + CPR)
    Destination Clock Delay (DCD):    4.765ns = ( 11.765 - 7.000 ) 
    Source Clock Delay      (SCD):    5.098ns
    Clock Pessimism Removal (CPR):    0.310ns
  Clock Uncertainty:      0.035ns  ((TSJ^2 + TIJ^2)^1/2 + DJ) / 2 + PE
    Total System Jitter     (TSJ):    0.071ns
    Total Input Jitter      (TIJ):    0.000ns
    Discrete Jitter          (DJ):    0.000ns
    Phase Error              (PE):    0.000ns

    Location             Delay type                Incr(ns)  Path(ns)    Netlist Resource(s)
  -------------------------------------------------------------------    -------------------
                         (clock clk rise edge)        0.000     0.000 r  
    AE23                                              0.000     0.000 r  clk (IN)
                         net (fo=0)                   0.000     0.000    clk
    AE23                 IBUF (Prop_ibuf_I_O)         0.734     0.734 r  clk_IBUF_inst/O
                         net (fo=1, routed)           2.651     3.385    clk_IBUF
    BUFGCTRL_X0Y0        BUFG (Prop_bufg_I_O)         0.093     3.478 r  u_bufg/O
                         net (fo=5747, routed)        1.620     5.098    u_soc/Core_cpu/u_ifu_subsys/g_tage.u_tage/clk_buf
    SLICE_X39Y68         FDRE                                         r  u_soc/Core_cpu/u_ifu_subsys/g_tage.u_tage/q_row_idx_reg[1][1]/C
  -------------------------------------------------------------------    -------------------
    SLICE_X39Y68         FDRE (Prop_fdre_C_Q)         0.223     5.321 r  u_soc/Core_cpu/u_ifu_subsys/g_tage.u_tage/q_row_idx_reg[1][1]/Q
                         net (fo=62, routed)          0.607     5.929    u_soc/Core_cpu/u_ifu_subsys/g_tage.u_tage/g_tab[0].tg_p_reg_r1_0_63_3_5/ADDRB1
    SLICE_X42Y67         RAMD64E (Prop_ramd64e_RADR1_O)
                                                      0.043     5.972 r  u_soc/Core_cpu/u_ifu_subsys/g_tage.u_tage/g_tab[0].tg_p_reg_r1_0_63_3_5/RAMB/O
                         net (fo=1, routed)           0.635     6.607    u_soc/Core_cpu/u_ifu_subsys/u_btb/p_1_in4_in[1]
    SLICE_X37Y69         LUT6 (Prop_lut6_I3_O)        0.043     6.650 r  u_soc/Core_cpu/u_ifu_subsys/u_btb/ent_q[6][150]_i_42/O
                         net (fo=7, routed)           0.470     7.120    u_soc/Core_cpu/u_ifu_subsys/g_tage.u_tage/id_bht_chk[22]_i_4_0
    SLICE_X33Y69         LUT4 (Prop_lut4_I1_O)        0.043     7.163 r  u_soc/Core_cpu/u_ifu_subsys/g_tage.u_tage/ent_q[6][150]_i_56/O
                         net (fo=1, routed)           0.346     7.510    u_soc/Core_cpu/u_ifu_subsys/g_tage.u_tage/ent_q[6][150]_i_56_n_0
    SLICE_X33Y68         LUT6 (Prop_lut6_I3_O)        0.043     7.553 r  u_soc/Core_cpu/u_ifu_subsys/g_tage.u_tage/ent_q[6][150]_i_36/O
                         net (fo=2, routed)           0.442     7.994    u_soc/Core_cpu/u_ifu_subsys/g_tage.u_tage/ent_q[6][150]_i_36_n_0
    SLICE_X32Y69         LUT6 (Prop_lut6_I4_O)        0.043     8.037 r  u_soc/Core_cpu/u_ifu_subsys/g_tage.u_tage/ent_q[6][150]_i_22/O
                         net (fo=1, routed)           0.243     8.280    u_soc/Core_cpu/u_ifu_subsys/g_tage.u_tage/ent_q[6][150]_i_22_n_0
    SLICE_X32Y68         LUT6 (Prop_lut6_I1_O)        0.043     8.323 r  u_soc/Core_cpu/u_ifu_subsys/g_tage.u_tage/ent_q[6][150]_i_8/O
                         net (fo=5, routed)           0.197     8.520    u_soc/Core_cpu/u_ifu_subsys/g_tage.u_tage/dir_pred[1]
    SLICE_X30Y68         LUT4 (Prop_lut4_I1_O)        0.043     8.563 r  u_soc/Core_cpu/u_ifu_subsys/g_tage.u_tage/q_t0_idx[1]_i_15/O
                         net (fo=3, routed)           0.267     8.830    u_soc/Core_cpu/u_ifu_subsys/u_btb/p_0_in11_in
    SLICE_X31Y68         LUT5 (Prop_lut5_I1_O)        0.043     8.873 r  u_soc/Core_cpu/u_ifu_subsys/u_btb/q_t0_idx[1]_i_9/O
                         net (fo=10, routed)          0.437     9.310    u_soc/Core_cpu/u_ifu_subsys/u_icache/u_tag_way1/u_prim/any_taken
    SLICE_X30Y69         LUT6 (Prop_lut6_I3_O)        0.043     9.353 r  u_soc/Core_cpu/u_ifu_subsys/u_icache/u_tag_way1/u_prim/cnt_q[0]_i_4/O
                         net (fo=3, routed)           0.277     9.630    u_soc/Core_cpu/u_ifu_subsys/u_ibuf/push_num[0]
    SLICE_X29Y71         LUT4 (Prop_lut4_I1_O)        0.043     9.673 r  u_soc/Core_cpu/u_ifu_subsys/u_ibuf/cnt_q[0]_i_2/O
                         net (fo=9, routed)           0.362    10.035    u_soc/Core_cpu/u_ifu_subsys/u_ibuf/cnt_q_reg[4]_1[0]
    SLICE_X24Y70         LUT3 (Prop_lut3_I1_O)        0.043    10.078 r  u_soc/Core_cpu/u_ifu_subsys/u_ibuf/ent_q[6][150]_i_13/O
                         net (fo=111, routed)         1.042    11.120    u_soc/Core_cpu/u_ifu_subsys/u_ibuf/cnt_q_reg[4]_3
    SLICE_X14Y57         LUT5 (Prop_lut5_I1_O)        0.043    11.163 r  u_soc/Core_cpu/u_ifu_subsys/u_ibuf/ent_q[6][41]_i_3/O
                         net (fo=8, routed)           0.372    11.535    u_soc/Core_cpu/u_ifu_subsys/u_ibuf/ent_q[6][41]_i_3_n_0
    SLICE_X12Y57         LUT6 (Prop_lut6_I0_O)        0.043    11.578 r  u_soc/Core_cpu/u_ifu_subsys/u_ibuf/ent_q[5][41]_i_2/O
                         net (fo=1, routed)           0.244    11.822    u_soc/Core_cpu/u_ifu_subsys/u_ibuf/ent_q[5][41]_i_2_n_0
    SLICE_X12Y57         LUT4 (Prop_lut4_I3_O)        0.043    11.865 r  u_soc/Core_cpu/u_ifu_subsys/u_ibuf/ent_q[5][41]_i_1/O
                         net (fo=1, routed)           0.000    11.865    u_soc/Core_cpu/u_ifu_subsys/u_ibuf/ent_q[5][41]_i_1_n_0
    SLICE_X12Y57         FDRE                                         r  u_soc/Core_cpu/u_ifu_subsys/u_ibuf/ent_q_reg[5][41]/D
  -------------------------------------------------------------------    -------------------

                         (clock clk rise edge)        7.000     7.000 r  
    AE23                                              0.000     7.000 r  clk (IN)
                         net (fo=0)                   0.000     7.000    clk
    AE23                 IBUF (Prop_ibuf_I_O)         0.660     7.660 r  clk_IBUF_inst/O
                         net (fo=1, routed)           2.516    10.176    clk_IBUF
    BUFGCTRL_X0Y0        BUFG (Prop_bufg_I_O)         0.083    10.259 r  u_bufg/O
                         net (fo=5747, routed)        1.506    11.765    u_soc/Core_cpu/u_ifu_subsys/u_ibuf/clk_buf
    SLICE_X12Y57         FDRE                                         r  u_soc/Core_cpu/u_ifu_subsys/u_ibuf/ent_q_reg[5][41]/C
                         clock pessimism              0.310    12.074    
                         clock uncertainty           -0.035    12.039    
    SLICE_X12Y57         FDRE (Setup_fdre_C_D)        0.064    12.103    u_soc/Core_cpu/u_ifu_subsys/u_ibuf/ent_q_reg[5][41]
  -------------------------------------------------------------------
                         required time                         12.103    
                         arrival time                         -11.865    
  -------------------------------------------------------------------
                         slack                                  0.238    

Slack (MET) :             0.238ns  (required time - arrival time)
  Source:                 u_soc/Core_cpu/u_ifu_subsys/g_tage.u_tage/q_row_idx_reg[1][1]/C
                            (rising edge-triggered cell FDRE clocked by clk  {rise@0.000ns fall@3.500ns period=7.000ns})
  Destination:            u_soc/Core_cpu/u_ifu_subsys/u_ibuf/ent_q_reg[1][41]/D
                            (rising edge-triggered cell FDRE clocked by clk  {rise@0.000ns fall@3.500ns period=7.000ns})
  Path Group:             clk
  Path Type:              Setup (Max at Slow Process Corner)
  Requirement:            7.000ns  (clk rise@7.000ns - clk rise@0.000ns)
  Data Path Delay:        6.768ns  (logic 0.825ns (12.189%)  route 5.943ns (87.811%))
  Logic Levels:           14  (LUT3=1 LUT4=4 LUT5=2 LUT6=6 RAMD64E=1)
  Clock Path Skew:        -0.024ns (DCD - SCD + CPR)
    Destination Clock Delay (DCD):    4.765ns = ( 11.765 - 7.000 ) 
    Source Clock Delay      (SCD):    5.098ns
    Clock Pessimism Removal (CPR):    0.310ns
  Clock Uncertainty:      0.035ns  ((TSJ^2 + TIJ^2)^1/2 + DJ) / 2 + PE
    Total System Jitter     (TSJ):    0.071ns
    Total Input Jitter      (TIJ):    0.000ns
    Discrete Jitter          (DJ):    0.000ns
    Phase Error              (PE):    0.000ns

    Location             Delay type                Incr(ns)  Path(ns)    Netlist Resource(s)
  -------------------------------------------------------------------    -------------------
                         (clock clk rise edge)        0.000     0.000 r  
    AE23                                              0.000     0.000 r  clk (IN)
                         net (fo=0)                   0.000     0.000    clk
    AE23                 IBUF (Prop_ibuf_I_O)         0.734     0.734 r  clk_IBUF_inst/O
                         net (fo=1, routed)           2.651     3.385    clk_IBUF
    BUFGCTRL_X0Y0        BUFG (Prop_bufg_I_O)         0.093     3.478 r  u_bufg/O
                         net (fo=5747, routed)        1.620     5.098    u_soc/Core_cpu/u_ifu_subsys/g_tage.u_tage/clk_buf
    SLICE_X39Y68         FDRE                                         r  u_soc/Core_cpu/u_ifu_subsys/g_tage.u_tage/q_row_idx_reg[1][1]/C
  -------------------------------------------------------------------    -------------------
    SLICE_X39Y68         FDRE (Prop_fdre_C_Q)         0.223     5.321 r  u_soc/Core_cpu/u_ifu_subsys/g_tage.u_tage/q_row_idx_reg[1][1]/Q
                         net (fo=62, routed)          0.607     5.929    u_soc/Core_cpu/u_ifu_subsys/g_tage.u_tage/g_tab[0].tg_p_reg_r1_0_63_3_5/ADDRB1
    SLICE_X42Y67         RAMD64E (Prop_ramd64e_RADR1_O)
                                                      0.043     5.972 r  u_soc/Core_cpu/u_ifu_subsys/g_tage.u_tage/g_tab[0].tg_p_reg_r1_0_63_3_5/RAMB/O
                         net (fo=1, routed)           0.635     6.607    u_soc/Core_cpu/u_ifu_subsys/u_btb/p_1_in4_in[1]
    SLICE_X37Y69         LUT6 (Prop_lut6_I3_O)        0.043     6.650 r  u_soc/Core_cpu/u_ifu_subsys/u_btb/ent_q[6][150]_i_42/O
                         net (fo=7, routed)           0.470     7.120    u_soc/Core_cpu/u_ifu_subsys/g_tage.u_tage/id_bht_chk[22]_i_4_0
    SLICE_X33Y69         LUT4 (Prop_lut4_I1_O)        0.043     7.163 r  u_soc/Core_cpu/u_ifu_subsys/g_tage.u_tage/ent_q[6][150]_i_56/O
                         net (fo=1, routed)           0.346     7.510    u_soc/Core_cpu/u_ifu_subsys/g_tage.u_tage/ent_q[6][150]_i_56_n_0
    SLICE_X33Y68         LUT6 (Prop_lut6_I3_O)        0.043     7.553 r  u_soc/Core_cpu/u_ifu_subsys/g_tage.u_tage/ent_q[6][150]_i_36/O
                         net (fo=2, routed)           0.442     7.994    u_soc/Core_cpu/u_ifu_subsys/g_tage.u_tage/ent_q[6][150]_i_36_n_0
    SLICE_X32Y69         LUT6 (Prop_lut6_I4_O)        0.043     8.037 r  u_soc/Core_cpu/u_ifu_subsys/g_tage.u_tage/ent_q[6][150]_i_22/O
                         net (fo=1, routed)           0.243     8.280    u_soc/Core_cpu/u_ifu_subsys/g_tage.u_tage/ent_q[6][150]_i_22_n_0
    SLICE_X32Y68         LUT6 (Prop_lut6_I1_O)        0.043     8.323 r  u_soc/Core_cpu/u_ifu_subsys/g_tage.u_tage/ent_q[6][150]_i_8/O
                         net (fo=5, routed)           0.197     8.520    u_soc/Core_cpu/u_ifu_subsys/g_tage.u_tage/dir_pred[1]
    SLICE_X30Y68         LUT4 (Prop_lut4_I1_O)        0.043     8.563 r  u_soc/Core_cpu/u_ifu_subsys/g_tage.u_tage/q_t0_idx[1]_i_15/O
                         net (fo=3, routed)           0.267     8.830    u_soc/Core_cpu/u_ifu_subsys/u_btb/p_0_in11_in
    SLICE_X31Y68         LUT5 (Prop_lut5_I1_O)        0.043     8.873 r  u_soc/Core_cpu/u_ifu_subsys/u_btb/q_t0_idx[1]_i_9/O
                         net (fo=10, routed)          0.437     9.310    u_soc/Core_cpu/u_ifu_subsys/u_icache/u_tag_way1/u_prim/any_taken
    SLICE_X30Y69         LUT6 (Prop_lut6_I3_O)        0.043     9.353 r  u_soc/Core_cpu/u_ifu_subsys/u_icache/u_tag_way1/u_prim/cnt_q[0]_i_4/O
                         net (fo=3, routed)           0.277     9.630    u_soc/Core_cpu/u_ifu_subsys/u_ibuf/push_num[0]
    SLICE_X29Y71         LUT4 (Prop_lut4_I1_O)        0.043     9.673 r  u_soc/Core_cpu/u_ifu_subsys/u_ibuf/cnt_q[0]_i_2/O
                         net (fo=9, routed)           0.362    10.035    u_soc/Core_cpu/u_ifu_subsys/u_ibuf/cnt_q_reg[4]_1[0]
    SLICE_X24Y70         LUT3 (Prop_lut3_I1_O)        0.043    10.078 r  u_soc/Core_cpu/u_ifu_subsys/u_ibuf/ent_q[6][150]_i_13/O
                         net (fo=111, routed)         1.042    11.120    u_soc/Core_cpu/u_ifu_subsys/u_ibuf/cnt_q_reg[4]_3
    SLICE_X14Y57         LUT5 (Prop_lut5_I1_O)        0.043    11.163 r  u_soc/Core_cpu/u_ifu_subsys/u_ibuf/ent_q[6][41]_i_3/O
                         net (fo=8, routed)           0.363    11.526    u_soc/Core_cpu/u_ifu_subsys/u_ibuf/ent_q[6][41]_i_3_n_0
    SLICE_X14Y57         LUT6 (Prop_lut6_I0_O)        0.043    11.569 r  u_soc/Core_cpu/u_ifu_subsys/u_ibuf/ent_q[1][41]_i_2/O
                         net (fo=1, routed)           0.255    11.824    u_soc/Core_cpu/u_ifu_subsys/u_ibuf/ent_q[1][41]_i_2_n_0
    SLICE_X14Y57         LUT4 (Prop_lut4_I3_O)        0.043    11.867 r  u_soc/Core_cpu/u_ifu_subsys/u_ibuf/ent_q[1][41]_i_1/O
                         net (fo=1, routed)           0.000    11.867    u_soc/Core_cpu/u_ifu_subsys/u_ibuf/ent_q[1][41]_i_1_n_0
    SLICE_X14Y57         FDRE                                         r  u_soc/Core_cpu/u_ifu_subsys/u_ibuf/ent_q_reg[1][41]/D
  -------------------------------------------------------------------    -------------------

                         (clock clk rise edge)        7.000     7.000 r  
    AE23                                              0.000     7.000 r  clk (IN)
                         net (fo=0)                   0.000     7.000    clk
    AE23                 IBUF (Prop_ibuf_I_O)         0.660     7.660 r  clk_IBUF_inst/O
                         net (fo=1, routed)           2.516    10.176    clk_IBUF
    BUFGCTRL_X0Y0        BUFG (Prop_bufg_I_O)         0.083    10.259 r  u_bufg/O
                         net (fo=5747, routed)        1.506    11.765    u_soc/Core_cpu/u_ifu_subsys/u_ibuf/clk_buf
    SLICE_X14Y57         FDRE                                         r  u_soc/Core_cpu/u_ifu_subsys/u_ibuf/ent_q_reg[1][41]/C
                         clock pessimism              0.310    12.074    
                         clock uncertainty           -0.035    12.039    
    SLICE_X14Y57         FDRE (Setup_fdre_C_D)        0.066    12.105    u_soc/Core_cpu/u_ifu_subsys/u_ibuf/ent_q_reg[1][41]
  -------------------------------------------------------------------
                         required time                         12.105    
                         arrival time                         -11.867    
  -------------------------------------------------------------------
                         slack                                  0.238    

Slack (MET) :             0.240ns  (required time - arrival time)
  Source:                 u_soc/Core_cpu/u_ifu_subsys/g_tage.u_tage/q_row_idx_reg[1][1]/C
                            (rising edge-triggered cell FDRE clocked by clk  {rise@0.000ns fall@3.500ns period=7.000ns})
  Destination:            u_soc/Core_cpu/u_ifu_subsys/u_ibuf/ent_q_reg[1][34]/D
                            (rising edge-triggered cell FDRE clocked by clk  {rise@0.000ns fall@3.500ns period=7.000ns})
  Path Group:             clk
  Path Type:              Setup (Max at Slow Process Corner)
  Requirement:            7.000ns  (clk rise@7.000ns - clk rise@0.000ns)
  Data Path Delay:        6.727ns  (logic 0.868ns (12.904%)  route 5.859ns (87.096%))
  Logic Levels:           15  (LUT4=4 LUT5=3 LUT6=7 RAMD64E=1)
  Clock Path Skew:        -0.031ns (DCD - SCD + CPR)
    Destination Clock Delay (DCD):    4.758ns = ( 11.758 - 7.000 ) 
    Source Clock Delay      (SCD):    5.098ns
    Clock Pessimism Removal (CPR):    0.310ns
  Clock Uncertainty:      0.035ns  ((TSJ^2 + TIJ^2)^1/2 + DJ) / 2 + PE
    Total System Jitter     (TSJ):    0.071ns
    Total Input Jitter      (TIJ):    0.000ns
    Discrete Jitter          (DJ):    0.000ns
    Phase Error              (PE):    0.000ns

    Location             Delay type                Incr(ns)  Path(ns)    Netlist Resource(s)
  -------------------------------------------------------------------    -------------------
                         (clock clk rise edge)        0.000     0.000 r  
    AE23                                              0.000     0.000 r  clk (IN)
                         net (fo=0)                   0.000     0.000    clk
    AE23                 IBUF (Prop_ibuf_I_O)         0.734     0.734 r  clk_IBUF_inst/O
                         net (fo=1, routed)           2.651     3.385    clk_IBUF
    BUFGCTRL_X0Y0        BUFG (Prop_bufg_I_O)         0.093     3.478 r  u_bufg/O
                         net (fo=5747, routed)        1.620     5.098    u_soc/Core_cpu/u_ifu_subsys/g_tage.u_tage/clk_buf
    SLICE_X39Y68         FDRE                                         r  u_soc/Core_cpu/u_ifu_subsys/g_tage.u_tage/q_row_idx_reg[1][1]/C
  -------------------------------------------------------------------    -------------------
    SLICE_X39Y68         FDRE (Prop_fdre_C_Q)         0.223     5.321 r  u_soc/Core_cpu/u_ifu_subsys/g_tage.u_tage/q_row_idx_reg[1][1]/Q
                         net (fo=62, routed)          0.607     5.929    u_soc/Core_cpu/u_ifu_subsys/g_tage.u_tage/g_tab[0].tg_p_reg_r1_0_63_3_5/ADDRB1
    SLICE_X42Y67         RAMD64E (Prop_ramd64e_RADR1_O)
                                                      0.043     5.972 r  u_soc/Core_cpu/u_ifu_subsys/g_tage.u_tage/g_tab[0].tg_p_reg_r1_0_63_3_5/RAMB/O
                         net (fo=1, routed)           0.635     6.607    u_soc/Core_cpu/u_ifu_subsys/u_btb/p_1_in4_in[1]
    SLICE_X37Y69         LUT6 (Prop_lut6_I3_O)        0.043     6.650 r  u_soc/Core_cpu/u_ifu_subsys/u_btb/ent_q[6][150]_i_42/O
                         net (fo=7, routed)           0.470     7.120    u_soc/Core_cpu/u_ifu_subsys/g_tage.u_tage/id_bht_chk[22]_i_4_0
    SLICE_X33Y69         LUT4 (Prop_lut4_I1_O)        0.043     7.163 r  u_soc/Core_cpu/u_ifu_subsys/g_tage.u_tage/ent_q[6][150]_i_56/O
                         net (fo=1, routed)           0.346     7.510    u_soc/Core_cpu/u_ifu_subsys/g_tage.u_tage/ent_q[6][150]_i_56_n_0
    SLICE_X33Y68         LUT6 (Prop_lut6_I3_O)        0.043     7.553 r  u_soc/Core_cpu/u_ifu_subsys/g_tage.u_tage/ent_q[6][150]_i_36/O
                         net (fo=2, routed)           0.442     7.994    u_soc/Core_cpu/u_ifu_subsys/g_tage.u_tage/ent_q[6][150]_i_36_n_0
    SLICE_X32Y69         LUT6 (Prop_lut6_I4_O)        0.043     8.037 r  u_soc/Core_cpu/u_ifu_subsys/g_tage.u_tage/ent_q[6][150]_i_22/O
                         net (fo=1, routed)           0.243     8.280    u_soc/Core_cpu/u_ifu_subsys/g_tage.u_tage/ent_q[6][150]_i_22_n_0
    SLICE_X32Y68         LUT6 (Prop_lut6_I1_O)        0.043     8.323 r  u_soc/Core_cpu/u_ifu_subsys/g_tage.u_tage/ent_q[6][150]_i_8/O
                         net (fo=5, routed)           0.197     8.520    u_soc/Core_cpu/u_ifu_subsys/g_tage.u_tage/dir_pred[1]
    SLICE_X30Y68         LUT4 (Prop_lut4_I1_O)        0.043     8.563 r  u_soc/Core_cpu/u_ifu_subsys/g_tage.u_tage/q_t0_idx[1]_i_15/O
                         net (fo=3, routed)           0.267     8.830    u_soc/Core_cpu/u_ifu_subsys/u_btb/p_0_in11_in
    SLICE_X31Y68         LUT5 (Prop_lut5_I1_O)        0.043     8.873 r  u_soc/Core_cpu/u_ifu_subsys/u_btb/q_t0_idx[1]_i_9/O
                         net (fo=10, routed)          0.337     9.210    u_soc/Core_cpu/u_ifu_subsys/u_icache/u_tag_way1/u_prim/any_taken
    SLICE_X29Y70         LUT6 (Prop_lut6_I3_O)        0.043     9.253 r  u_soc/Core_cpu/u_ifu_subsys/u_icache/u_tag_way1/u_prim/q_t0_idx[0]_i_9/O
                         net (fo=2, routed)           0.156     9.409    u_soc/Core_cpu/u_ifu_subsys/u_ibuf/push_num[1]
    SLICE_X29Y70         LUT4 (Prop_lut4_I1_O)        0.043     9.452 r  u_soc/Core_cpu/u_ifu_subsys/u_ibuf/cnt_q[4]_i_5/O
                         net (fo=18, routed)          0.369     9.821    u_soc/Core_cpu/u_ifu_subsys/u_ibuf/cnt_q_reg[4]_1[1]
    SLICE_X24Y69         LUT6 (Prop_lut6_I4_O)        0.043     9.864 r  u_soc/Core_cpu/u_ifu_subsys/u_ibuf/cnt_q[0]_i_6/O
                         net (fo=113, routed)         0.708    10.572    u_soc/Core_cpu/u_ifu_subsys/u_ibuf/cnt_q_reg[4]_2
    SLICE_X27Y55         LUT5 (Prop_lut5_I4_O)        0.043    10.615 r  u_soc/Core_cpu/u_ifu_subsys/u_ibuf/ent_q[6][34]_i_5/O
                         net (fo=9, routed)           0.350    10.966    u_soc/Core_cpu/u_ifu_subsys/u_ibuf/p_0_in__0[34]
    SLICE_X29Y54         LUT5 (Prop_lut5_I2_O)        0.043    11.009 r  u_soc/Core_cpu/u_ifu_subsys/u_ibuf/ent_q[6][34]_i_3/O
                         net (fo=8, routed)           0.521    11.530    u_soc/Core_cpu/u_ifu_subsys/u_ibuf/ent_q[6][34]_i_3_n_0
    SLICE_X32Y52         LUT6 (Prop_lut6_I0_O)        0.043    11.573 r  u_soc/Core_cpu/u_ifu_subsys/u_ibuf/ent_q[1][34]_i_2/O
                         net (fo=1, routed)           0.209    11.782    u_soc/Core_cpu/u_ifu_subsys/u_ibuf/ent_q[1][34]_i_2_n_0
    SLICE_X33Y52         LUT4 (Prop_lut4_I3_O)        0.043    11.825 r  u_soc/Core_cpu/u_ifu_subsys/u_ibuf/ent_q[1][34]_i_1/O
                         net (fo=1, routed)           0.000    11.825    u_soc/Core_cpu/u_ifu_subsys/u_ibuf/ent_q[1][34]_i_1_n_0
    SLICE_X33Y52         FDRE                                         r  u_soc/Core_cpu/u_ifu_subsys/u_ibuf/ent_q_reg[1][34]/D
  -------------------------------------------------------------------    -------------------

                         (clock clk rise edge)        7.000     7.000 r  
    AE23                                              0.000     7.000 r  clk (IN)
                         net (fo=0)                   0.000     7.000    clk
    AE23                 IBUF (Prop_ibuf_I_O)         0.660     7.660 r  clk_IBUF_inst/O
                         net (fo=1, routed)           2.516    10.176    clk_IBUF
    BUFGCTRL_X0Y0        BUFG (Prop_bufg_I_O)         0.083    10.259 r  u_bufg/O
                         net (fo=5747, routed)        1.499    11.758    u_soc/Core_cpu/u_ifu_subsys/u_ibuf/clk_buf
    SLICE_X33Y52         FDRE                                         r  u_soc/Core_cpu/u_ifu_subsys/u_ibuf/ent_q_reg[1][34]/C
                         clock pessimism              0.310    12.067    
                         clock uncertainty           -0.035    12.032    
    SLICE_X33Y52         FDRE (Setup_fdre_C_D)        0.033    12.065    u_soc/Core_cpu/u_ifu_subsys/u_ibuf/ent_q_reg[1][34]
  -------------------------------------------------------------------
                         required time                         12.065    
                         arrival time                         -11.825    
  -------------------------------------------------------------------
                         slack                                  0.240    

Slack (MET) :             0.246ns  (required time - arrival time)
  Source:                 u_soc/Core_cpu/u_ifu_subsys/g_tage.u_tage/q_row_idx_reg[1][1]/C
                            (rising edge-triggered cell FDRE clocked by clk  {rise@0.000ns fall@3.500ns period=7.000ns})
  Destination:            u_soc/Core_cpu/u_ifu_subsys/u_ibuf/ent_q_reg[3][91]/D
                            (rising edge-triggered cell FDRE clocked by clk  {rise@0.000ns fall@3.500ns period=7.000ns})
  Path Group:             clk
  Path Type:              Setup (Max at Slow Process Corner)
  Requirement:            7.000ns  (clk rise@7.000ns - clk rise@0.000ns)
  Data Path Delay:        6.778ns  (logic 0.825ns (12.172%)  route 5.953ns (87.828%))
  Logic Levels:           14  (LUT3=1 LUT4=3 LUT5=2 LUT6=7 RAMD64E=1)
  Clock Path Skew:        0.025ns (DCD - SCD + CPR)
    Destination Clock Delay (DCD):    4.814ns = ( 11.814 - 7.000 ) 
    Source Clock Delay      (SCD):    5.098ns
    Clock Pessimism Removal (CPR):    0.310ns
  Clock Uncertainty:      0.035ns  ((TSJ^2 + TIJ^2)^1/2 + DJ) / 2 + PE
    Total System Jitter     (TSJ):    0.071ns
    Total Input Jitter      (TIJ):    0.000ns
    Discrete Jitter          (DJ):    0.000ns
    Phase Error              (PE):    0.000ns

    Location             Delay type                Incr(ns)  Path(ns)    Netlist Resource(s)
  -------------------------------------------------------------------    -------------------
                         (clock clk rise edge)        0.000     0.000 r  
    AE23                                              0.000     0.000 r  clk (IN)
                         net (fo=0)                   0.000     0.000    clk
    AE23                 IBUF (Prop_ibuf_I_O)         0.734     0.734 r  clk_IBUF_inst/O
                         net (fo=1, routed)           2.651     3.385    clk_IBUF
    BUFGCTRL_X0Y0        BUFG (Prop_bufg_I_O)         0.093     3.478 r  u_bufg/O
                         net (fo=5747, routed)        1.620     5.098    u_soc/Core_cpu/u_ifu_subsys/g_tage.u_tage/clk_buf
    SLICE_X39Y68         FDRE                                         r  u_soc/Core_cpu/u_ifu_subsys/g_tage.u_tage/q_row_idx_reg[1][1]/C
  -------------------------------------------------------------------    -------------------
    SLICE_X39Y68         FDRE (Prop_fdre_C_Q)         0.223     5.321 r  u_soc/Core_cpu/u_ifu_subsys/g_tage.u_tage/q_row_idx_reg[1][1]/Q
                         net (fo=62, routed)          0.607     5.929    u_soc/Core_cpu/u_ifu_subsys/g_tage.u_tage/g_tab[0].tg_p_reg_r1_0_63_3_5/ADDRB1
    SLICE_X42Y67         RAMD64E (Prop_ramd64e_RADR1_O)
                                                      0.043     5.972 r  u_soc/Core_cpu/u_ifu_subsys/g_tage.u_tage/g_tab[0].tg_p_reg_r1_0_63_3_5/RAMB/O
                         net (fo=1, routed)           0.635     6.607    u_soc/Core_cpu/u_ifu_subsys/u_btb/p_1_in4_in[1]
    SLICE_X37Y69         LUT6 (Prop_lut6_I3_O)        0.043     6.650 r  u_soc/Core_cpu/u_ifu_subsys/u_btb/ent_q[6][150]_i_42/O
                         net (fo=7, routed)           0.470     7.120    u_soc/Core_cpu/u_ifu_subsys/g_tage.u_tage/id_bht_chk[22]_i_4_0
    SLICE_X33Y69         LUT4 (Prop_lut4_I1_O)        0.043     7.163 r  u_soc/Core_cpu/u_ifu_subsys/g_tage.u_tage/ent_q[6][150]_i_56/O
                         net (fo=1, routed)           0.346     7.510    u_soc/Core_cpu/u_ifu_subsys/g_tage.u_tage/ent_q[6][150]_i_56_n_0
    SLICE_X33Y68         LUT6 (Prop_lut6_I3_O)        0.043     7.553 r  u_soc/Core_cpu/u_ifu_subsys/g_tage.u_tage/ent_q[6][150]_i_36/O
                         net (fo=2, routed)           0.442     7.994    u_soc/Core_cpu/u_ifu_subsys/g_tage.u_tage/ent_q[6][150]_i_36_n_0
    SLICE_X32Y69         LUT6 (Prop_lut6_I4_O)        0.043     8.037 r  u_soc/Core_cpu/u_ifu_subsys/g_tage.u_tage/ent_q[6][150]_i_22/O
                         net (fo=1, routed)           0.243     8.280    u_soc/Core_cpu/u_ifu_subsys/g_tage.u_tage/ent_q[6][150]_i_22_n_0
    SLICE_X32Y68         LUT6 (Prop_lut6_I1_O)        0.043     8.323 r  u_soc/Core_cpu/u_ifu_subsys/g_tage.u_tage/ent_q[6][150]_i_8/O
                         net (fo=5, routed)           0.197     8.520    u_soc/Core_cpu/u_ifu_subsys/g_tage.u_tage/dir_pred[1]
    SLICE_X30Y68         LUT4 (Prop_lut4_I1_O)        0.043     8.563 r  u_soc/Core_cpu/u_ifu_subsys/g_tage.u_tage/q_t0_idx[1]_i_15/O
                         net (fo=3, routed)           0.267     8.830    u_soc/Core_cpu/u_ifu_subsys/u_btb/p_0_in11_in
    SLICE_X31Y68         LUT5 (Prop_lut5_I1_O)        0.043     8.873 r  u_soc/Core_cpu/u_ifu_subsys/u_btb/q_t0_idx[1]_i_9/O
                         net (fo=10, routed)          0.437     9.310    u_soc/Core_cpu/u_ifu_subsys/u_icache/u_tag_way1/u_prim/any_taken
    SLICE_X30Y69         LUT6 (Prop_lut6_I3_O)        0.043     9.353 r  u_soc/Core_cpu/u_ifu_subsys/u_icache/u_tag_way1/u_prim/cnt_q[0]_i_4/O
                         net (fo=3, routed)           0.277     9.630    u_soc/Core_cpu/u_ifu_subsys/u_ibuf/push_num[0]
    SLICE_X29Y71         LUT4 (Prop_lut4_I1_O)        0.043     9.673 r  u_soc/Core_cpu/u_ifu_subsys/u_ibuf/cnt_q[0]_i_2/O
                         net (fo=9, routed)           0.362    10.035    u_soc/Core_cpu/u_ifu_subsys/u_ibuf/cnt_q_reg[4]_1[0]
    SLICE_X24Y70         LUT3 (Prop_lut3_I1_O)        0.043    10.078 r  u_soc/Core_cpu/u_ifu_subsys/u_ibuf/ent_q[6][150]_i_13/O
                         net (fo=111, routed)         0.943    11.021    u_soc/Core_cpu/u_ifu_subsys/u_ibuf/cnt_q_reg[4]_3
    SLICE_X10Y65         LUT6 (Prop_lut6_I2_O)        0.043    11.064 r  u_soc/Core_cpu/u_ifu_subsys/u_ibuf/ent_q[6][91]_i_3/O
                         net (fo=8, routed)           0.494    11.558    u_soc/Core_cpu/u_ifu_subsys/u_ibuf/ent_q[6][91]_i_3_n_0
    SLICE_X5Y65          LUT6 (Prop_lut6_I0_O)        0.043    11.601 r  u_soc/Core_cpu/u_ifu_subsys/u_ibuf/ent_q[3][91]_i_2/O
                         net (fo=1, routed)           0.232    11.833    u_soc/Core_cpu/u_ifu_subsys/u_ibuf/ent_q[3][91]_i_2_n_0
    SLICE_X5Y65          LUT5 (Prop_lut5_I4_O)        0.043    11.876 r  u_soc/Core_cpu/u_ifu_subsys/u_ibuf/ent_q[3][91]_i_1/O
                         net (fo=1, routed)           0.000    11.876    u_soc/Core_cpu/u_ifu_subsys/u_ibuf/ent_q[3][91]_i_1_n_0
    SLICE_X5Y65          FDRE                                         r  u_soc/Core_cpu/u_ifu_subsys/u_ibuf/ent_q_reg[3][91]/D
  -------------------------------------------------------------------    -------------------

                         (clock clk rise edge)        7.000     7.000 r  
    AE23                                              0.000     7.000 r  clk (IN)
                         net (fo=0)                   0.000     7.000    clk
    AE23                 IBUF (Prop_ibuf_I_O)         0.660     7.660 r  clk_IBUF_inst/O
                         net (fo=1, routed)           2.516    10.176    clk_IBUF
    BUFGCTRL_X0Y0        BUFG (Prop_bufg_I_O)         0.083    10.259 r  u_bufg/O
                         net (fo=5747, routed)        1.555    11.814    u_soc/Core_cpu/u_ifu_subsys/u_ibuf/clk_buf
    SLICE_X5Y65          FDRE                                         r  u_soc/Core_cpu/u_ifu_subsys/u_ibuf/ent_q_reg[3][91]/C
                         clock pessimism              0.310    12.123    
                         clock uncertainty           -0.035    12.088    
    SLICE_X5Y65          FDRE (Setup_fdre_C_D)        0.034    12.122    u_soc/Core_cpu/u_ifu_subsys/u_ibuf/ent_q_reg[3][91]
  -------------------------------------------------------------------
                         required time                         12.122    
                         arrival time                         -11.876    
  -------------------------------------------------------------------
                         slack                                  0.246    

Slack (MET) :             0.246ns  (required time - arrival time)
  Source:                 u_soc/Core_cpu/u_ifu_subsys/g_tage.u_tage/q_row_idx_reg[1][1]/C
                            (rising edge-triggered cell FDRE clocked by clk  {rise@0.000ns fall@3.500ns period=7.000ns})
  Destination:            u_soc/Core_cpu/u_ifu_subsys/u_ibuf/ent_q_reg[4][84]/D
                            (rising edge-triggered cell FDRE clocked by clk  {rise@0.000ns fall@3.500ns period=7.000ns})
  Path Group:             clk
  Path Type:              Setup (Max at Slow Process Corner)
  Requirement:            7.000ns  (clk rise@7.000ns - clk rise@0.000ns)
  Data Path Delay:        6.759ns  (logic 0.825ns (12.206%)  route 5.934ns (87.794%))
  Logic Levels:           14  (LUT3=1 LUT4=3 LUT5=2 LUT6=7 RAMD64E=1)
  Clock Path Skew:        -0.024ns (DCD - SCD + CPR)
    Destination Clock Delay (DCD):    4.765ns = ( 11.765 - 7.000 ) 
    Source Clock Delay      (SCD):    5.098ns
    Clock Pessimism Removal (CPR):    0.310ns
  Clock Uncertainty:      0.035ns  ((TSJ^2 + TIJ^2)^1/2 + DJ) / 2 + PE
    Total System Jitter     (TSJ):    0.071ns
    Total Input Jitter      (TIJ):    0.000ns
    Discrete Jitter          (DJ):    0.000ns
    Phase Error              (PE):    0.000ns

    Location             Delay type                Incr(ns)  Path(ns)    Netlist Resource(s)
  -------------------------------------------------------------------    -------------------
                         (clock clk rise edge)        0.000     0.000 r  
    AE23                                              0.000     0.000 r  clk (IN)
                         net (fo=0)                   0.000     0.000    clk
    AE23                 IBUF (Prop_ibuf_I_O)         0.734     0.734 r  clk_IBUF_inst/O
                         net (fo=1, routed)           2.651     3.385    clk_IBUF
    BUFGCTRL_X0Y0        BUFG (Prop_bufg_I_O)         0.093     3.478 r  u_bufg/O
                         net (fo=5747, routed)        1.620     5.098    u_soc/Core_cpu/u_ifu_subsys/g_tage.u_tage/clk_buf
    SLICE_X39Y68         FDRE                                         r  u_soc/Core_cpu/u_ifu_subsys/g_tage.u_tage/q_row_idx_reg[1][1]/C
  -------------------------------------------------------------------    -------------------
    SLICE_X39Y68         FDRE (Prop_fdre_C_Q)         0.223     5.321 r  u_soc/Core_cpu/u_ifu_subsys/g_tage.u_tage/q_row_idx_reg[1][1]/Q
                         net (fo=62, routed)          0.607     5.929    u_soc/Core_cpu/u_ifu_subsys/g_tage.u_tage/g_tab[0].tg_p_reg_r1_0_63_3_5/ADDRB1
    SLICE_X42Y67         RAMD64E (Prop_ramd64e_RADR1_O)
                                                      0.043     5.972 r  u_soc/Core_cpu/u_ifu_subsys/g_tage.u_tage/g_tab[0].tg_p_reg_r1_0_63_3_5/RAMB/O
                         net (fo=1, routed)           0.635     6.607    u_soc/Core_cpu/u_ifu_subsys/u_btb/p_1_in4_in[1]
    SLICE_X37Y69         LUT6 (Prop_lut6_I3_O)        0.043     6.650 r  u_soc/Core_cpu/u_ifu_subsys/u_btb/ent_q[6][150]_i_42/O
                         net (fo=7, routed)           0.470     7.120    u_soc/Core_cpu/u_ifu_subsys/g_tage.u_tage/id_bht_chk[22]_i_4_0
    SLICE_X33Y69         LUT4 (Prop_lut4_I1_O)        0.043     7.163 r  u_soc/Core_cpu/u_ifu_subsys/g_tage.u_tage/ent_q[6][150]_i_56/O
                         net (fo=1, routed)           0.346     7.510    u_soc/Core_cpu/u_ifu_subsys/g_tage.u_tage/ent_q[6][150]_i_56_n_0
    SLICE_X33Y68         LUT6 (Prop_lut6_I3_O)        0.043     7.553 r  u_soc/Core_cpu/u_ifu_subsys/g_tage.u_tage/ent_q[6][150]_i_36/O
                         net (fo=2, routed)           0.442     7.994    u_soc/Core_cpu/u_ifu_subsys/g_tage.u_tage/ent_q[6][150]_i_36_n_0
    SLICE_X32Y69         LUT6 (Prop_lut6_I4_O)        0.043     8.037 r  u_soc/Core_cpu/u_ifu_subsys/g_tage.u_tage/ent_q[6][150]_i_22/O
                         net (fo=1, routed)           0.243     8.280    u_soc/Core_cpu/u_ifu_subsys/g_tage.u_tage/ent_q[6][150]_i_22_n_0
    SLICE_X32Y68         LUT6 (Prop_lut6_I1_O)        0.043     8.323 r  u_soc/Core_cpu/u_ifu_subsys/g_tage.u_tage/ent_q[6][150]_i_8/O
                         net (fo=5, routed)           0.197     8.520    u_soc/Core_cpu/u_ifu_subsys/g_tage.u_tage/dir_pred[1]
    SLICE_X30Y68         LUT4 (Prop_lut4_I1_O)        0.043     8.563 r  u_soc/Core_cpu/u_ifu_subsys/g_tage.u_tage/q_t0_idx[1]_i_15/O
                         net (fo=3, routed)           0.267     8.830    u_soc/Core_cpu/u_ifu_subsys/u_btb/p_0_in11_in
    SLICE_X31Y68         LUT5 (Prop_lut5_I1_O)        0.043     8.873 r  u_soc/Core_cpu/u_ifu_subsys/u_btb/q_t0_idx[1]_i_9/O
                         net (fo=10, routed)          0.437     9.310    u_soc/Core_cpu/u_ifu_subsys/u_icache/u_tag_way1/u_prim/any_taken
    SLICE_X30Y69         LUT6 (Prop_lut6_I3_O)        0.043     9.353 r  u_soc/Core_cpu/u_ifu_subsys/u_icache/u_tag_way1/u_prim/cnt_q[0]_i_4/O
                         net (fo=3, routed)           0.277     9.630    u_soc/Core_cpu/u_ifu_subsys/u_ibuf/push_num[0]
    SLICE_X29Y71         LUT4 (Prop_lut4_I1_O)        0.043     9.673 r  u_soc/Core_cpu/u_ifu_subsys/u_ibuf/cnt_q[0]_i_2/O
                         net (fo=9, routed)           0.362    10.035    u_soc/Core_cpu/u_ifu_subsys/u_ibuf/cnt_q_reg[4]_1[0]
    SLICE_X24Y70         LUT3 (Prop_lut3_I1_O)        0.043    10.078 r  u_soc/Core_cpu/u_ifu_subsys/u_ibuf/ent_q[6][150]_i_13/O
                         net (fo=111, routed)         0.915    10.993    u_soc/Core_cpu/u_ifu_subsys/u_ibuf/cnt_q_reg[4]_3
    SLICE_X15Y57         LUT6 (Prop_lut6_I2_O)        0.043    11.036 r  u_soc/Core_cpu/u_ifu_subsys/u_ibuf/ent_q[6][84]_i_3/O
                         net (fo=8, routed)           0.491    11.527    u_soc/Core_cpu/u_ifu_subsys/u_ibuf/ent_q[6][84]_i_3_n_0
    SLICE_X14Y56         LUT6 (Prop_lut6_I0_O)        0.043    11.570 r  u_soc/Core_cpu/u_ifu_subsys/u_ibuf/ent_q[4][84]_i_2/O
                         net (fo=1, routed)           0.244    11.814    u_soc/Core_cpu/u_ifu_subsys/u_ibuf/ent_q[4][84]_i_2_n_0
    SLICE_X14Y56         LUT5 (Prop_lut5_I4_O)        0.043    11.857 r  u_soc/Core_cpu/u_ifu_subsys/u_ibuf/ent_q[4][84]_i_1/O
                         net (fo=1, routed)           0.000    11.857    u_soc/Core_cpu/u_ifu_subsys/u_ibuf/ent_q[4][84]_i_1_n_0
    SLICE_X14Y56         FDRE                                         r  u_soc/Core_cpu/u_ifu_subsys/u_ibuf/ent_q_reg[4][84]/D
  -------------------------------------------------------------------    -------------------

                         (clock clk rise edge)        7.000     7.000 r  
    AE23                                              0.000     7.000 r  clk (IN)
                         net (fo=0)                   0.000     7.000    clk
    AE23                 IBUF (Prop_ibuf_I_O)         0.660     7.660 r  clk_IBUF_inst/O
                         net (fo=1, routed)           2.516    10.176    clk_IBUF
    BUFGCTRL_X0Y0        BUFG (Prop_bufg_I_O)         0.083    10.259 r  u_bufg/O
                         net (fo=5747, routed)        1.506    11.765    u_soc/Core_cpu/u_ifu_subsys/u_ibuf/clk_buf
    SLICE_X14Y56         FDRE                                         r  u_soc/Core_cpu/u_ifu_subsys/u_ibuf/ent_q_reg[4][84]/C
                         clock pessimism              0.310    12.074    
                         clock uncertainty           -0.035    12.039    
    SLICE_X14Y56         FDRE (Setup_fdre_C_D)        0.064    12.103    u_soc/Core_cpu/u_ifu_subsys/u_ibuf/ent_q_reg[4][84]
  -------------------------------------------------------------------
                         required time                         12.103    
                         arrival time                         -11.857    
  -------------------------------------------------------------------
                         slack                                  0.246    

Slack (MET) :             0.249ns  (required time - arrival time)
  Source:                 u_soc/Core_cpu/u_ifu_subsys/g_tage.u_tage/q_row_idx_reg[1][1]/C
                            (rising edge-triggered cell FDRE clocked by clk  {rise@0.000ns fall@3.500ns period=7.000ns})
  Destination:            u_soc/Core_cpu/u_ifu_subsys/u_ibuf/ent_q_reg[6][85]/D
                            (rising edge-triggered cell FDRE clocked by clk  {rise@0.000ns fall@3.500ns period=7.000ns})
  Path Group:             clk
  Path Type:              Setup (Max at Slow Process Corner)
  Requirement:            7.000ns  (clk rise@7.000ns - clk rise@0.000ns)
  Data Path Delay:        6.756ns  (logic 0.868ns (12.849%)  route 5.888ns (87.151%))
  Logic Levels:           15  (LUT4=3 LUT5=2 LUT6=9 RAMD64E=1)
  Clock Path Skew:        -0.025ns (DCD - SCD + CPR)
    Destination Clock Delay (DCD):    4.764ns = ( 11.764 - 7.000 ) 
    Source Clock Delay      (SCD):    5.098ns
    Clock Pessimism Removal (CPR):    0.310ns
  Clock Uncertainty:      0.035ns  ((TSJ^2 + TIJ^2)^1/2 + DJ) / 2 + PE
    Total System Jitter     (TSJ):    0.071ns
    Total Input Jitter      (TIJ):    0.000ns
    Discrete Jitter          (DJ):    0.000ns
    Phase Error              (PE):    0.000ns

    Location             Delay type                Incr(ns)  Path(ns)    Netlist Resource(s)
  -------------------------------------------------------------------    -------------------
                         (clock clk rise edge)        0.000     0.000 r  
    AE23                                              0.000     0.000 r  clk (IN)
                         net (fo=0)                   0.000     0.000    clk
    AE23                 IBUF (Prop_ibuf_I_O)         0.734     0.734 r  clk_IBUF_inst/O
                         net (fo=1, routed)           2.651     3.385    clk_IBUF
    BUFGCTRL_X0Y0        BUFG (Prop_bufg_I_O)         0.093     3.478 r  u_bufg/O
                         net (fo=5747, routed)        1.620     5.098    u_soc/Core_cpu/u_ifu_subsys/g_tage.u_tage/clk_buf
    SLICE_X39Y68         FDRE                                         r  u_soc/Core_cpu/u_ifu_subsys/g_tage.u_tage/q_row_idx_reg[1][1]/C
  -------------------------------------------------------------------    -------------------
    SLICE_X39Y68         FDRE (Prop_fdre_C_Q)         0.223     5.321 r  u_soc/Core_cpu/u_ifu_subsys/g_tage.u_tage/q_row_idx_reg[1][1]/Q
                         net (fo=62, routed)          0.607     5.929    u_soc/Core_cpu/u_ifu_subsys/g_tage.u_tage/g_tab[0].tg_p_reg_r1_0_63_3_5/ADDRB1
    SLICE_X42Y67         RAMD64E (Prop_ramd64e_RADR1_O)
                                                      0.043     5.972 r  u_soc/Core_cpu/u_ifu_subsys/g_tage.u_tage/g_tab[0].tg_p_reg_r1_0_63_3_5/RAMB/O
                         net (fo=1, routed)           0.635     6.607    u_soc/Core_cpu/u_ifu_subsys/u_btb/p_1_in4_in[1]
    SLICE_X37Y69         LUT6 (Prop_lut6_I3_O)        0.043     6.650 r  u_soc/Core_cpu/u_ifu_subsys/u_btb/ent_q[6][150]_i_42/O
                         net (fo=7, routed)           0.470     7.120    u_soc/Core_cpu/u_ifu_subsys/g_tage.u_tage/id_bht_chk[22]_i_4_0
    SLICE_X33Y69         LUT4 (Prop_lut4_I1_O)        0.043     7.163 r  u_soc/Core_cpu/u_ifu_subsys/g_tage.u_tage/ent_q[6][150]_i_56/O
                         net (fo=1, routed)           0.346     7.510    u_soc/Core_cpu/u_ifu_subsys/g_tage.u_tage/ent_q[6][150]_i_56_n_0
    SLICE_X33Y68         LUT6 (Prop_lut6_I3_O)        0.043     7.553 r  u_soc/Core_cpu/u_ifu_subsys/g_tage.u_tage/ent_q[6][150]_i_36/O
                         net (fo=2, routed)           0.442     7.994    u_soc/Core_cpu/u_ifu_subsys/g_tage.u_tage/ent_q[6][150]_i_36_n_0
    SLICE_X32Y69         LUT6 (Prop_lut6_I4_O)        0.043     8.037 r  u_soc/Core_cpu/u_ifu_subsys/g_tage.u_tage/ent_q[6][150]_i_22/O
                         net (fo=1, routed)           0.243     8.280    u_soc/Core_cpu/u_ifu_subsys/g_tage.u_tage/ent_q[6][150]_i_22_n_0
    SLICE_X32Y68         LUT6 (Prop_lut6_I1_O)        0.043     8.323 r  u_soc/Core_cpu/u_ifu_subsys/g_tage.u_tage/ent_q[6][150]_i_8/O
                         net (fo=5, routed)           0.197     8.520    u_soc/Core_cpu/u_ifu_subsys/g_tage.u_tage/dir_pred[1]
    SLICE_X30Y68         LUT4 (Prop_lut4_I1_O)        0.043     8.563 r  u_soc/Core_cpu/u_ifu_subsys/g_tage.u_tage/q_t0_idx[1]_i_15/O
                         net (fo=3, routed)           0.267     8.830    u_soc/Core_cpu/u_ifu_subsys/u_btb/p_0_in11_in
    SLICE_X31Y68         LUT5 (Prop_lut5_I1_O)        0.043     8.873 r  u_soc/Core_cpu/u_ifu_subsys/u_btb/q_t0_idx[1]_i_9/O
                         net (fo=10, routed)          0.337     9.210    u_soc/Core_cpu/u_ifu_subsys/u_icache/u_tag_way1/u_prim/any_taken
    SLICE_X29Y70         LUT6 (Prop_lut6_I3_O)        0.043     9.253 r  u_soc/Core_cpu/u_ifu_subsys/u_icache/u_tag_way1/u_prim/q_t0_idx[0]_i_9/O
                         net (fo=2, routed)           0.156     9.409    u_soc/Core_cpu/u_ifu_subsys/u_ibuf/push_num[1]
    SLICE_X29Y70         LUT4 (Prop_lut4_I1_O)        0.043     9.452 r  u_soc/Core_cpu/u_ifu_subsys/u_ibuf/cnt_q[4]_i_5/O
                         net (fo=18, routed)          0.369     9.821    u_soc/Core_cpu/u_ifu_subsys/u_ibuf/cnt_q_reg[4]_1[1]
    SLICE_X24Y69         LUT6 (Prop_lut6_I4_O)        0.043     9.864 r  u_soc/Core_cpu/u_ifu_subsys/u_ibuf/cnt_q[0]_i_6/O
                         net (fo=113, routed)         0.763    10.628    u_soc/Core_cpu/u_ifu_subsys/u_ibuf/cnt_q_reg[4]_2
    SLICE_X13Y61         LUT6 (Prop_lut6_I5_O)        0.043    10.671 r  u_soc/Core_cpu/u_ifu_subsys/u_ibuf/ent_q[6][85]_i_6/O
                         net (fo=9, routed)           0.300    10.970    u_soc/Core_cpu/u_ifu_subsys/u_ibuf/p_0_in__0[85]
    SLICE_X12Y61         LUT6 (Prop_lut6_I3_O)        0.043    11.013 r  u_soc/Core_cpu/u_ifu_subsys/u_ibuf/ent_q[6][85]_i_3/O
                         net (fo=8, routed)           0.421    11.435    u_soc/Core_cpu/u_ifu_subsys/u_ibuf/ent_q[6][85]_i_3_n_0
    SLICE_X12Y58         LUT6 (Prop_lut6_I0_O)        0.043    11.478 r  u_soc/Core_cpu/u_ifu_subsys/u_ibuf/ent_q[6][85]_i_2/O
                         net (fo=1, routed)           0.333    11.811    u_soc/Core_cpu/u_ifu_subsys/u_ibuf/ent_q[6][85]_i_2_n_0
    SLICE_X12Y58         LUT5 (Prop_lut5_I4_O)        0.043    11.854 r  u_soc/Core_cpu/u_ifu_subsys/u_ibuf/ent_q[6][85]_i_1/O
                         net (fo=1, routed)           0.000    11.854    u_soc/Core_cpu/u_ifu_subsys/u_ibuf/p_1_in[85]
    SLICE_X12Y58         FDRE                                         r  u_soc/Core_cpu/u_ifu_subsys/u_ibuf/ent_q_reg[6][85]/D
  -------------------------------------------------------------------    -------------------

                         (clock clk rise edge)        7.000     7.000 r  
    AE23                                              0.000     7.000 r  clk (IN)
                         net (fo=0)                   0.000     7.000    clk
    AE23                 IBUF (Prop_ibuf_I_O)         0.660     7.660 r  clk_IBUF_inst/O
                         net (fo=1, routed)           2.516    10.176    clk_IBUF
    BUFGCTRL_X0Y0        BUFG (Prop_bufg_I_O)         0.083    10.259 r  u_bufg/O
                         net (fo=5747, routed)        1.505    11.764    u_soc/Core_cpu/u_ifu_subsys/u_ibuf/clk_buf
    SLICE_X12Y58         FDRE                                         r  u_soc/Core_cpu/u_ifu_subsys/u_ibuf/ent_q_reg[6][85]/C
                         clock pessimism              0.310    12.073    
                         clock uncertainty           -0.035    12.038    
    SLICE_X12Y58         FDRE (Setup_fdre_C_D)        0.065    12.103    u_soc/Core_cpu/u_ifu_subsys/u_ibuf/ent_q_reg[6][85]
  -------------------------------------------------------------------
                         required time                         12.103    
                         arrival time                         -11.854    
  -------------------------------------------------------------------
                         slack                                  0.249    

Slack (MET) :             0.251ns  (required time - arrival time)
  Source:                 u_soc/Core_cpu/u_ifu_subsys/g_tage.u_tage/q_row_idx_reg[1][1]/C
                            (rising edge-triggered cell FDRE clocked by clk  {rise@0.000ns fall@3.500ns period=7.000ns})
  Destination:            u_soc/Core_cpu/u_ifu_subsys/u_ibuf/ent_q_reg[4][6]/D
                            (rising edge-triggered cell FDRE clocked by clk  {rise@0.000ns fall@3.500ns period=7.000ns})
  Path Group:             clk
  Path Type:              Setup (Max at Slow Process Corner)
  Requirement:            7.000ns  (clk rise@7.000ns - clk rise@0.000ns)
  Data Path Delay:        6.700ns  (logic 0.825ns (12.314%)  route 5.875ns (87.686%))
  Logic Levels:           14  (LUT3=1 LUT4=4 LUT5=2 LUT6=6 RAMD64E=1)
  Clock Path Skew:        -0.048ns (DCD - SCD + CPR)
    Destination Clock Delay (DCD):    4.741ns = ( 11.741 - 7.000 ) 
    Source Clock Delay      (SCD):    5.098ns
    Clock Pessimism Removal (CPR):    0.310ns
  Clock Uncertainty:      0.035ns  ((TSJ^2 + TIJ^2)^1/2 + DJ) / 2 + PE
    Total System Jitter     (TSJ):    0.071ns
    Total Input Jitter      (TIJ):    0.000ns
    Discrete Jitter          (DJ):    0.000ns
    Phase Error              (PE):    0.000ns

    Location             Delay type                Incr(ns)  Path(ns)    Netlist Resource(s)
  -------------------------------------------------------------------    -------------------
                         (clock clk rise edge)        0.000     0.000 r  
    AE23                                              0.000     0.000 r  clk (IN)
                         net (fo=0)                   0.000     0.000    clk
    AE23                 IBUF (Prop_ibuf_I_O)         0.734     0.734 r  clk_IBUF_inst/O
                         net (fo=1, routed)           2.651     3.385    clk_IBUF
    BUFGCTRL_X0Y0        BUFG (Prop_bufg_I_O)         0.093     3.478 r  u_bufg/O
                         net (fo=5747, routed)        1.620     5.098    u_soc/Core_cpu/u_ifu_subsys/g_tage.u_tage/clk_buf
    SLICE_X39Y68         FDRE                                         r  u_soc/Core_cpu/u_ifu_subsys/g_tage.u_tage/q_row_idx_reg[1][1]/C
  -------------------------------------------------------------------    -------------------
    SLICE_X39Y68         FDRE (Prop_fdre_C_Q)         0.223     5.321 r  u_soc/Core_cpu/u_ifu_subsys/g_tage.u_tage/q_row_idx_reg[1][1]/Q
                         net (fo=62, routed)          0.607     5.929    u_soc/Core_cpu/u_ifu_subsys/g_tage.u_tage/g_tab[0].tg_p_reg_r1_0_63_3_5/ADDRB1
    SLICE_X42Y67         RAMD64E (Prop_ramd64e_RADR1_O)
                                                      0.043     5.972 r  u_soc/Core_cpu/u_ifu_subsys/g_tage.u_tage/g_tab[0].tg_p_reg_r1_0_63_3_5/RAMB/O
                         net (fo=1, routed)           0.635     6.607    u_soc/Core_cpu/u_ifu_subsys/u_btb/p_1_in4_in[1]
    SLICE_X37Y69         LUT6 (Prop_lut6_I3_O)        0.043     6.650 r  u_soc/Core_cpu/u_ifu_subsys/u_btb/ent_q[6][150]_i_42/O
                         net (fo=7, routed)           0.470     7.120    u_soc/Core_cpu/u_ifu_subsys/g_tage.u_tage/id_bht_chk[22]_i_4_0
    SLICE_X33Y69         LUT4 (Prop_lut4_I1_O)        0.043     7.163 r  u_soc/Core_cpu/u_ifu_subsys/g_tage.u_tage/ent_q[6][150]_i_56/O
                         net (fo=1, routed)           0.346     7.510    u_soc/Core_cpu/u_ifu_subsys/g_tage.u_tage/ent_q[6][150]_i_56_n_0
    SLICE_X33Y68         LUT6 (Prop_lut6_I3_O)        0.043     7.553 r  u_soc/Core_cpu/u_ifu_subsys/g_tage.u_tage/ent_q[6][150]_i_36/O
                         net (fo=2, routed)           0.442     7.994    u_soc/Core_cpu/u_ifu_subsys/g_tage.u_tage/ent_q[6][150]_i_36_n_0
    SLICE_X32Y69         LUT6 (Prop_lut6_I4_O)        0.043     8.037 r  u_soc/Core_cpu/u_ifu_subsys/g_tage.u_tage/ent_q[6][150]_i_22/O
                         net (fo=1, routed)           0.243     8.280    u_soc/Core_cpu/u_ifu_subsys/g_tage.u_tage/ent_q[6][150]_i_22_n_0
    SLICE_X32Y68         LUT6 (Prop_lut6_I1_O)        0.043     8.323 r  u_soc/Core_cpu/u_ifu_subsys/g_tage.u_tage/ent_q[6][150]_i_8/O
                         net (fo=5, routed)           0.197     8.520    u_soc/Core_cpu/u_ifu_subsys/g_tage.u_tage/dir_pred[1]
    SLICE_X30Y68         LUT4 (Prop_lut4_I1_O)        0.043     8.563 r  u_soc/Core_cpu/u_ifu_subsys/g_tage.u_tage/q_t0_idx[1]_i_15/O
                         net (fo=3, routed)           0.267     8.830    u_soc/Core_cpu/u_ifu_subsys/u_btb/p_0_in11_in
    SLICE_X31Y68         LUT5 (Prop_lut5_I1_O)        0.043     8.873 r  u_soc/Core_cpu/u_ifu_subsys/u_btb/q_t0_idx[1]_i_9/O
                         net (fo=10, routed)          0.437     9.310    u_soc/Core_cpu/u_ifu_subsys/u_icache/u_tag_way1/u_prim/any_taken
    SLICE_X30Y69         LUT6 (Prop_lut6_I3_O)        0.043     9.353 r  u_soc/Core_cpu/u_ifu_subsys/u_icache/u_tag_way1/u_prim/cnt_q[0]_i_4/O
                         net (fo=3, routed)           0.277     9.630    u_soc/Core_cpu/u_ifu_subsys/u_ibuf/push_num[0]
    SLICE_X29Y71         LUT4 (Prop_lut4_I1_O)        0.043     9.673 r  u_soc/Core_cpu/u_ifu_subsys/u_ibuf/cnt_q[0]_i_2/O
                         net (fo=9, routed)           0.362    10.035    u_soc/Core_cpu/u_ifu_subsys/u_ibuf/cnt_q_reg[4]_1[0]
    SLICE_X24Y70         LUT3 (Prop_lut3_I1_O)        0.043    10.078 r  u_soc/Core_cpu/u_ifu_subsys/u_ibuf/ent_q[6][150]_i_13/O
                         net (fo=111, routed)         0.926    11.004    u_soc/Core_cpu/u_ifu_subsys/u_ibuf/cnt_q_reg[4]_3
    SLICE_X44Y74         LUT5 (Prop_lut5_I1_O)        0.043    11.047 r  u_soc/Core_cpu/u_ifu_subsys/u_ibuf/ent_q[6][6]_i_7/O
                         net (fo=8, routed)           0.558    11.605    u_soc/Core_cpu/u_ifu_subsys/u_ibuf/ent_q[6][6]_i_7_n_0
    SLICE_X44Y79         LUT6 (Prop_lut6_I0_O)        0.043    11.648 r  u_soc/Core_cpu/u_ifu_subsys/u_ibuf/ent_q[4][6]_i_2/O
                         net (fo=1, routed)           0.107    11.755    u_soc/Core_cpu/u_ifu_subsys/u_ibuf/ent_q[4][6]_i_2_n_0
    SLICE_X44Y79         LUT4 (Prop_lut4_I3_O)        0.043    11.798 r  u_soc/Core_cpu/u_ifu_subsys/u_ibuf/ent_q[4][6]_i_1/O
                         net (fo=1, routed)           0.000    11.798    u_soc/Core_cpu/u_ifu_subsys/u_ibuf/ent_q[4][6]_i_1_n_0
    SLICE_X44Y79         FDRE                                         r  u_soc/Core_cpu/u_ifu_subsys/u_ibuf/ent_q_reg[4][6]/D
  -------------------------------------------------------------------    -------------------

                         (clock clk rise edge)        7.000     7.000 r  
    AE23                                              0.000     7.000 r  clk (IN)
                         net (fo=0)                   0.000     7.000    clk
    AE23                 IBUF (Prop_ibuf_I_O)         0.660     7.660 r  clk_IBUF_inst/O
                         net (fo=1, routed)           2.516    10.176    clk_IBUF
    BUFGCTRL_X0Y0        BUFG (Prop_bufg_I_O)         0.083    10.259 r  u_bufg/O
                         net (fo=5747, routed)        1.482    11.741    u_soc/Core_cpu/u_ifu_subsys/u_ibuf/clk_buf
    SLICE_X44Y79         FDRE                                         r  u_soc/Core_cpu/u_ifu_subsys/u_ibuf/ent_q_reg[4][6]/C
                         clock pessimism              0.310    12.050    
                         clock uncertainty           -0.035    12.015    
    SLICE_X44Y79         FDRE (Setup_fdre_C_D)        0.034    12.049    u_soc/Core_cpu/u_ifu_subsys/u_ibuf/ent_q_reg[4][6]
  -------------------------------------------------------------------
                         required time                         12.049    
                         arrival time                         -11.798    
  -------------------------------------------------------------------
                         slack                                  0.251    

Slack (MET) :             0.255ns  (required time - arrival time)
  Source:                 u_soc/Core_cpu/u_ifu_subsys/g_tage.u_tage/q_row_idx_reg[1][1]/C
                            (rising edge-triggered cell FDRE clocked by clk  {rise@0.000ns fall@3.500ns period=7.000ns})
  Destination:            u_soc/Core_cpu/u_ifu_subsys/u_ibuf/ent_q_reg[0][91]/D
                            (rising edge-triggered cell FDRE clocked by clk  {rise@0.000ns fall@3.500ns period=7.000ns})
  Path Group:             clk
  Path Type:              Setup (Max at Slow Process Corner)
  Requirement:            7.000ns  (clk rise@7.000ns - clk rise@0.000ns)
  Data Path Delay:        6.770ns  (logic 0.868ns (12.822%)  route 5.902ns (87.178%))
  Logic Levels:           15  (LUT3=1 LUT4=3 LUT5=2 LUT6=8 RAMD64E=1)
  Clock Path Skew:        0.026ns (DCD - SCD + CPR)
    Destination Clock Delay (DCD):    4.815ns = ( 11.815 - 7.000 ) 
    Source Clock Delay      (SCD):    5.098ns
    Clock Pessimism Removal (CPR):    0.310ns
  Clock Uncertainty:      0.035ns  ((TSJ^2 + TIJ^2)^1/2 + DJ) / 2 + PE
    Total System Jitter     (TSJ):    0.071ns
    Total Input Jitter      (TIJ):    0.000ns
    Discrete Jitter          (DJ):    0.000ns
    Phase Error              (PE):    0.000ns

    Location             Delay type                Incr(ns)  Path(ns)    Netlist Resource(s)
  -------------------------------------------------------------------    -------------------
                         (clock clk rise edge)        0.000     0.000 r  
    AE23                                              0.000     0.000 r  clk (IN)
                         net (fo=0)                   0.000     0.000    clk
    AE23                 IBUF (Prop_ibuf_I_O)         0.734     0.734 r  clk_IBUF_inst/O
                         net (fo=1, routed)           2.651     3.385    clk_IBUF
    BUFGCTRL_X0Y0        BUFG (Prop_bufg_I_O)         0.093     3.478 r  u_bufg/O
                         net (fo=5747, routed)        1.620     5.098    u_soc/Core_cpu/u_ifu_subsys/g_tage.u_tage/clk_buf
    SLICE_X39Y68         FDRE                                         r  u_soc/Core_cpu/u_ifu_subsys/g_tage.u_tage/q_row_idx_reg[1][1]/C
  -------------------------------------------------------------------    -------------------
    SLICE_X39Y68         FDRE (Prop_fdre_C_Q)         0.223     5.321 r  u_soc/Core_cpu/u_ifu_subsys/g_tage.u_tage/q_row_idx_reg[1][1]/Q
                         net (fo=62, routed)          0.607     5.929    u_soc/Core_cpu/u_ifu_subsys/g_tage.u_tage/g_tab[0].tg_p_reg_r1_0_63_3_5/ADDRB1
    SLICE_X42Y67         RAMD64E (Prop_ramd64e_RADR1_O)
                                                      0.043     5.972 r  u_soc/Core_cpu/u_ifu_subsys/g_tage.u_tage/g_tab[0].tg_p_reg_r1_0_63_3_5/RAMB/O
                         net (fo=1, routed)           0.635     6.607    u_soc/Core_cpu/u_ifu_subsys/u_btb/p_1_in4_in[1]
    SLICE_X37Y69         LUT6 (Prop_lut6_I3_O)        0.043     6.650 r  u_soc/Core_cpu/u_ifu_subsys/u_btb/ent_q[6][150]_i_42/O
                         net (fo=7, routed)           0.470     7.120    u_soc/Core_cpu/u_ifu_subsys/g_tage.u_tage/id_bht_chk[22]_i_4_0
    SLICE_X33Y69         LUT4 (Prop_lut4_I1_O)        0.043     7.163 r  u_soc/Core_cpu/u_ifu_subsys/g_tage.u_tage/ent_q[6][150]_i_56/O
                         net (fo=1, routed)           0.346     7.510    u_soc/Core_cpu/u_ifu_subsys/g_tage.u_tage/ent_q[6][150]_i_56_n_0
    SLICE_X33Y68         LUT6 (Prop_lut6_I3_O)        0.043     7.553 r  u_soc/Core_cpu/u_ifu_subsys/g_tage.u_tage/ent_q[6][150]_i_36/O
                         net (fo=2, routed)           0.442     7.994    u_soc/Core_cpu/u_ifu_subsys/g_tage.u_tage/ent_q[6][150]_i_36_n_0
    SLICE_X32Y69         LUT6 (Prop_lut6_I4_O)        0.043     8.037 r  u_soc/Core_cpu/u_ifu_subsys/g_tage.u_tage/ent_q[6][150]_i_22/O
                         net (fo=1, routed)           0.243     8.280    u_soc/Core_cpu/u_ifu_subsys/g_tage.u_tage/ent_q[6][150]_i_22_n_0
    SLICE_X32Y68         LUT6 (Prop_lut6_I1_O)        0.043     8.323 r  u_soc/Core_cpu/u_ifu_subsys/g_tage.u_tage/ent_q[6][150]_i_8/O
                         net (fo=5, routed)           0.197     8.520    u_soc/Core_cpu/u_ifu_subsys/g_tage.u_tage/dir_pred[1]
    SLICE_X30Y68         LUT4 (Prop_lut4_I1_O)        0.043     8.563 r  u_soc/Core_cpu/u_ifu_subsys/g_tage.u_tage/q_t0_idx[1]_i_15/O
                         net (fo=3, routed)           0.267     8.830    u_soc/Core_cpu/u_ifu_subsys/u_btb/p_0_in11_in
    SLICE_X31Y68         LUT5 (Prop_lut5_I1_O)        0.043     8.873 r  u_soc/Core_cpu/u_ifu_subsys/u_btb/q_t0_idx[1]_i_9/O
                         net (fo=10, routed)          0.337     9.210    u_soc/Core_cpu/u_ifu_subsys/u_icache/u_tag_way1/u_prim/any_taken
    SLICE_X29Y70         LUT6 (Prop_lut6_I3_O)        0.043     9.253 r  u_soc/Core_cpu/u_ifu_subsys/u_icache/u_tag_way1/u_prim/q_t0_idx[0]_i_9/O
                         net (fo=2, routed)           0.156     9.409    u_soc/Core_cpu/u_ifu_subsys/u_ibuf/push_num[1]
    SLICE_X29Y70         LUT4 (Prop_lut4_I1_O)        0.043     9.452 r  u_soc/Core_cpu/u_ifu_subsys/u_ibuf/cnt_q[4]_i_5/O
                         net (fo=18, routed)          0.369     9.821    u_soc/Core_cpu/u_ifu_subsys/u_ibuf/cnt_q_reg[4]_1[1]
    SLICE_X24Y69         LUT6 (Prop_lut6_I4_O)        0.043     9.864 r  u_soc/Core_cpu/u_ifu_subsys/u_ibuf/cnt_q[0]_i_6/O
                         net (fo=113, routed)         0.746    10.610    u_soc/Core_cpu/u_ifu_subsys/u_ibuf/cnt_q_reg[4]_2
    SLICE_X12Y65         LUT6 (Prop_lut6_I5_O)        0.043    10.653 r  u_soc/Core_cpu/u_ifu_subsys/u_ibuf/ent_q[6][91]_i_6/O
                         net (fo=9, routed)           0.523    11.176    u_soc/Core_cpu/u_ifu_subsys/u_ibuf/p_0_in__0[91]
    SLICE_X4Y65          LUT3 (Prop_lut3_I0_O)        0.043    11.219 r  u_soc/Core_cpu/u_ifu_subsys/u_ibuf/ent_q[0][91]_i_3/O
                         net (fo=1, routed)           0.329    11.549    u_soc/Core_cpu/u_ifu_subsys/u_ibuf/ent_q[1162]
    SLICE_X4Y65          LUT6 (Prop_lut6_I5_O)        0.043    11.592 r  u_soc/Core_cpu/u_ifu_subsys/u_ibuf/ent_q[0][91]_i_2/O
                         net (fo=1, routed)           0.233    11.825    u_soc/Core_cpu/u_ifu_subsys/u_ibuf/ent_q[0][91]_i_2_n_0
    SLICE_X5Y64          LUT5 (Prop_lut5_I4_O)        0.043    11.868 r  u_soc/Core_cpu/u_ifu_subsys/u_ibuf/ent_q[0][91]_i_1/O
                         net (fo=1, routed)           0.000    11.868    u_soc/Core_cpu/u_ifu_subsys/u_ibuf/ent_q[0][91]_i_1_n_0
    SLICE_X5Y64          FDRE                                         r  u_soc/Core_cpu/u_ifu_subsys/u_ibuf/ent_q_reg[0][91]/D
  -------------------------------------------------------------------    -------------------

                         (clock clk rise edge)        7.000     7.000 r  
    AE23                                              0.000     7.000 r  clk (IN)
                         net (fo=0)                   0.000     7.000    clk
    AE23                 IBUF (Prop_ibuf_I_O)         0.660     7.660 r  clk_IBUF_inst/O
                         net (fo=1, routed)           2.516    10.176    clk_IBUF
    BUFGCTRL_X0Y0        BUFG (Prop_bufg_I_O)         0.083    10.259 r  u_bufg/O
                         net (fo=5747, routed)        1.556    11.815    u_soc/Core_cpu/u_ifu_subsys/u_ibuf/clk_buf
    SLICE_X5Y64          FDRE                                         r  u_soc/Core_cpu/u_ifu_subsys/u_ibuf/ent_q_reg[0][91]/C
                         clock pessimism              0.310    12.124    
                         clock uncertainty           -0.035    12.089    
    SLICE_X5Y64          FDRE (Setup_fdre_C_D)        0.034    12.123    u_soc/Core_cpu/u_ifu_subsys/u_ibuf/ent_q_reg[0][91]
  -------------------------------------------------------------------
                         required time                         12.123    
                         arrival time                         -11.868    
  -------------------------------------------------------------------
                         slack                                  0.255    

Slack (MET) :             0.256ns  (required time - arrival time)
  Source:                 u_soc/Core_cpu/u_ifu_subsys/g_tage.u_tage/q_row_idx_reg[1][1]/C
                            (rising edge-triggered cell FDRE clocked by clk  {rise@0.000ns fall@3.500ns period=7.000ns})
  Destination:            u_soc/Core_cpu/u_ifu_subsys/g_tage.u_tage/q_row_idx_reg[3][1]/D
                            (rising edge-triggered cell FDRE clocked by clk  {rise@0.000ns fall@3.500ns period=7.000ns})
  Path Group:             clk
  Path Type:              Setup (Max at Slow Process Corner)
  Requirement:            7.000ns  (clk rise@7.000ns - clk rise@0.000ns)
  Data Path Delay:        6.692ns  (logic 0.868ns (12.972%)  route 5.824ns (87.028%))
  Logic Levels:           15  (LUT3=1 LUT4=4 LUT5=1 LUT6=8 RAMD64E=1)
  Clock Path Skew:        -0.051ns (DCD - SCD + CPR)
    Destination Clock Delay (DCD):    4.738ns = ( 11.738 - 7.000 ) 
    Source Clock Delay      (SCD):    5.098ns
    Clock Pessimism Removal (CPR):    0.310ns
  Clock Uncertainty:      0.035ns  ((TSJ^2 + TIJ^2)^1/2 + DJ) / 2 + PE
    Total System Jitter     (TSJ):    0.071ns
    Total Input Jitter      (TIJ):    0.000ns
    Discrete Jitter          (DJ):    0.000ns
    Phase Error              (PE):    0.000ns

    Location             Delay type                Incr(ns)  Path(ns)    Netlist Resource(s)
  -------------------------------------------------------------------    -------------------
                         (clock clk rise edge)        0.000     0.000 r  
    AE23                                              0.000     0.000 r  clk (IN)
                         net (fo=0)                   0.000     0.000    clk
    AE23                 IBUF (Prop_ibuf_I_O)         0.734     0.734 r  clk_IBUF_inst/O
                         net (fo=1, routed)           2.651     3.385    clk_IBUF
    BUFGCTRL_X0Y0        BUFG (Prop_bufg_I_O)         0.093     3.478 r  u_bufg/O
                         net (fo=5747, routed)        1.620     5.098    u_soc/Core_cpu/u_ifu_subsys/g_tage.u_tage/clk_buf
    SLICE_X39Y68         FDRE                                         r  u_soc/Core_cpu/u_ifu_subsys/g_tage.u_tage/q_row_idx_reg[1][1]/C
  -------------------------------------------------------------------    -------------------
    SLICE_X39Y68         FDRE (Prop_fdre_C_Q)         0.223     5.321 r  u_soc/Core_cpu/u_ifu_subsys/g_tage.u_tage/q_row_idx_reg[1][1]/Q
                         net (fo=62, routed)          0.607     5.929    u_soc/Core_cpu/u_ifu_subsys/g_tage.u_tage/g_tab[0].tg_p_reg_r1_0_63_3_5/ADDRB1
    SLICE_X42Y67         RAMD64E (Prop_ramd64e_RADR1_O)
                                                      0.043     5.972 r  u_soc/Core_cpu/u_ifu_subsys/g_tage.u_tage/g_tab[0].tg_p_reg_r1_0_63_3_5/RAMB/O
                         net (fo=1, routed)           0.635     6.607    u_soc/Core_cpu/u_ifu_subsys/u_btb/p_1_in4_in[1]
    SLICE_X37Y69         LUT6 (Prop_lut6_I3_O)        0.043     6.650 r  u_soc/Core_cpu/u_ifu_subsys/u_btb/ent_q[6][150]_i_42/O
                         net (fo=7, routed)           0.470     7.120    u_soc/Core_cpu/u_ifu_subsys/g_tage.u_tage/id_bht_chk[22]_i_4_0
    SLICE_X33Y69         LUT4 (Prop_lut4_I1_O)        0.043     7.163 r  u_soc/Core_cpu/u_ifu_subsys/g_tage.u_tage/ent_q[6][150]_i_56/O
                         net (fo=1, routed)           0.346     7.510    u_soc/Core_cpu/u_ifu_subsys/g_tage.u_tage/ent_q[6][150]_i_56_n_0
    SLICE_X33Y68         LUT6 (Prop_lut6_I3_O)        0.043     7.553 r  u_soc/Core_cpu/u_ifu_subsys/g_tage.u_tage/ent_q[6][150]_i_36/O
                         net (fo=2, routed)           0.442     7.994    u_soc/Core_cpu/u_ifu_subsys/g_tage.u_tage/ent_q[6][150]_i_36_n_0
    SLICE_X32Y69         LUT6 (Prop_lut6_I4_O)        0.043     8.037 r  u_soc/Core_cpu/u_ifu_subsys/g_tage.u_tage/ent_q[6][150]_i_22/O
                         net (fo=1, routed)           0.243     8.280    u_soc/Core_cpu/u_ifu_subsys/g_tage.u_tage/ent_q[6][150]_i_22_n_0
    SLICE_X32Y68         LUT6 (Prop_lut6_I1_O)        0.043     8.323 r  u_soc/Core_cpu/u_ifu_subsys/g_tage.u_tage/ent_q[6][150]_i_8/O
                         net (fo=5, routed)           0.197     8.520    u_soc/Core_cpu/u_ifu_subsys/g_tage.u_tage/dir_pred[1]
    SLICE_X30Y68         LUT4 (Prop_lut4_I1_O)        0.043     8.563 r  u_soc/Core_cpu/u_ifu_subsys/g_tage.u_tage/q_t0_idx[1]_i_15/O
                         net (fo=3, routed)           0.267     8.830    u_soc/Core_cpu/u_ifu_subsys/u_btb/p_0_in11_in
    SLICE_X31Y68         LUT5 (Prop_lut5_I1_O)        0.043     8.873 r  u_soc/Core_cpu/u_ifu_subsys/u_btb/q_t0_idx[1]_i_9/O
                         net (fo=10, routed)          0.437     9.310    u_soc/Core_cpu/u_ifu_subsys/u_icache/u_tag_way1/u_prim/any_taken
    SLICE_X30Y69         LUT6 (Prop_lut6_I3_O)        0.043     9.353 r  u_soc/Core_cpu/u_ifu_subsys/u_icache/u_tag_way1/u_prim/cnt_q[0]_i_4/O
                         net (fo=3, routed)           0.277     9.630    u_soc/Core_cpu/u_ifu_subsys/u_ibuf/push_num[0]
    SLICE_X29Y71         LUT4 (Prop_lut4_I1_O)        0.043     9.673 r  u_soc/Core_cpu/u_ifu_subsys/u_ibuf/cnt_q[0]_i_2/O
                         net (fo=9, routed)           0.262     9.936    u_soc/Core_cpu/u_ifu_subsys/u_ibuf/cnt_q_reg[4]_1[0]
    SLICE_X31Y71         LUT6 (Prop_lut6_I4_O)        0.043     9.979 r  u_soc/Core_cpu/u_ifu_subsys/u_ibuf/ghr_q[13]_i_6/O
                         net (fo=8, routed)           0.387    10.366    u_soc/Core_cpu/u_ifu_subsys/u_ibuf/ghr_q[13]_i_6_n_0
    SLICE_X32Y72         LUT4 (Prop_lut4_I0_O)        0.043    10.409 r  u_soc/Core_cpu/u_ifu_subsys/u_ibuf/q_row_tag[0][0]_i_9/O
                         net (fo=16, routed)          0.381    10.789    u_soc/Core_cpu/u_ifu_subsys/u_ibuf/ghr_cnt_return[1]
    SLICE_X34Y72         LUT6 (Prop_lut6_I2_O)        0.043    10.832 r  u_soc/Core_cpu/u_ifu_subsys/u_ibuf/ghr_q[13]_i_4/O
                         net (fo=2, routed)           0.522    11.354    u_soc/Core_cpu/u_ifu_subsys/u_ibuf/ghr_q[13]_i_4_n_0
    SLICE_X37Y72         LUT6 (Prop_lut6_I4_O)        0.043    11.397 r  u_soc/Core_cpu/u_ifu_subsys/u_ibuf/ghr_q[13]_i_1/O
                         net (fo=3, routed)           0.350    11.747    u_soc/Core_cpu/u_ifu_subsys/u_ibuf/D[11]
    SLICE_X43Y72         LUT3 (Prop_lut3_I1_O)        0.043    11.790 r  u_soc/Core_cpu/u_ifu_subsys/u_ibuf/q_row_idx[3][1]_i_1/O
                         net (fo=1, routed)           0.000    11.790    u_soc/Core_cpu/u_ifu_subsys/g_tage.u_tage/row_index_w2_return[1]
    SLICE_X43Y72         FDRE                                         r  u_soc/Core_cpu/u_ifu_subsys/g_tage.u_tage/q_row_idx_reg[3][1]/D
  -------------------------------------------------------------------    -------------------

                         (clock clk rise edge)        7.000     7.000 r  
    AE23                                              0.000     7.000 r  clk (IN)
                         net (fo=0)                   0.000     7.000    clk
    AE23                 IBUF (Prop_ibuf_I_O)         0.660     7.660 r  clk_IBUF_inst/O
                         net (fo=1, routed)           2.516    10.176    clk_IBUF
    BUFGCTRL_X0Y0        BUFG (Prop_bufg_I_O)         0.083    10.259 r  u_bufg/O
                         net (fo=5747, routed)        1.479    11.738    u_soc/Core_cpu/u_ifu_subsys/g_tage.u_tage/clk_buf
    SLICE_X43Y72         FDRE                                         r  u_soc/Core_cpu/u_ifu_subsys/g_tage.u_tage/q_row_idx_reg[3][1]/C
                         clock pessimism              0.310    12.047    
                         clock uncertainty           -0.035    12.012    
    SLICE_X43Y72         FDRE (Setup_fdre_C_D)        0.034    12.046    u_soc/Core_cpu/u_ifu_subsys/g_tage.u_tage/q_row_idx_reg[3][1]
  -------------------------------------------------------------------
                         required time                         12.046    
                         arrival time                         -11.790    
  -------------------------------------------------------------------
                         slack                                  0.256    

Slack (MET) :             0.257ns  (required time - arrival time)
  Source:                 u_soc/Core_cpu/u_ifu_subsys/g_tage.u_tage/q_row_idx_reg[1][1]/C
                            (rising edge-triggered cell FDRE clocked by clk  {rise@0.000ns fall@3.500ns period=7.000ns})
  Destination:            u_soc/Core_cpu/u_ifu_subsys/u_ibuf/ent_q_reg[7][41]/D
                            (rising edge-triggered cell FDRE clocked by clk  {rise@0.000ns fall@3.500ns period=7.000ns})
  Path Group:             clk
  Path Type:              Setup (Max at Slow Process Corner)
  Requirement:            7.000ns  (clk rise@7.000ns - clk rise@0.000ns)
  Data Path Delay:        6.749ns  (logic 0.825ns (12.224%)  route 5.924ns (87.776%))
  Logic Levels:           14  (LUT3=1 LUT4=4 LUT5=2 LUT6=6 RAMD64E=1)
  Clock Path Skew:        -0.024ns (DCD - SCD + CPR)
    Destination Clock Delay (DCD):    4.765ns = ( 11.765 - 7.000 ) 
    Source Clock Delay      (SCD):    5.098ns
    Clock Pessimism Removal (CPR):    0.310ns
  Clock Uncertainty:      0.035ns  ((TSJ^2 + TIJ^2)^1/2 + DJ) / 2 + PE
    Total System Jitter     (TSJ):    0.071ns
    Total Input Jitter      (TIJ):    0.000ns
    Discrete Jitter          (DJ):    0.000ns
    Phase Error              (PE):    0.000ns

    Location             Delay type                Incr(ns)  Path(ns)    Netlist Resource(s)
  -------------------------------------------------------------------    -------------------
                         (clock clk rise edge)        0.000     0.000 r  
    AE23                                              0.000     0.000 r  clk (IN)
                         net (fo=0)                   0.000     0.000    clk
    AE23                 IBUF (Prop_ibuf_I_O)         0.734     0.734 r  clk_IBUF_inst/O
                         net (fo=1, routed)           2.651     3.385    clk_IBUF
    BUFGCTRL_X0Y0        BUFG (Prop_bufg_I_O)         0.093     3.478 r  u_bufg/O
                         net (fo=5747, routed)        1.620     5.098    u_soc/Core_cpu/u_ifu_subsys/g_tage.u_tage/clk_buf
    SLICE_X39Y68         FDRE                                         r  u_soc/Core_cpu/u_ifu_subsys/g_tage.u_tage/q_row_idx_reg[1][1]/C
  -------------------------------------------------------------------    -------------------
    SLICE_X39Y68         FDRE (Prop_fdre_C_Q)         0.223     5.321 r  u_soc/Core_cpu/u_ifu_subsys/g_tage.u_tage/q_row_idx_reg[1][1]/Q
                         net (fo=62, routed)          0.607     5.929    u_soc/Core_cpu/u_ifu_subsys/g_tage.u_tage/g_tab[0].tg_p_reg_r1_0_63_3_5/ADDRB1
    SLICE_X42Y67         RAMD64E (Prop_ramd64e_RADR1_O)
                                                      0.043     5.972 r  u_soc/Core_cpu/u_ifu_subsys/g_tage.u_tage/g_tab[0].tg_p_reg_r1_0_63_3_5/RAMB/O
                         net (fo=1, routed)           0.635     6.607    u_soc/Core_cpu/u_ifu_subsys/u_btb/p_1_in4_in[1]
    SLICE_X37Y69         LUT6 (Prop_lut6_I3_O)        0.043     6.650 r  u_soc/Core_cpu/u_ifu_subsys/u_btb/ent_q[6][150]_i_42/O
                         net (fo=7, routed)           0.470     7.120    u_soc/Core_cpu/u_ifu_subsys/g_tage.u_tage/id_bht_chk[22]_i_4_0
    SLICE_X33Y69         LUT4 (Prop_lut4_I1_O)        0.043     7.163 r  u_soc/Core_cpu/u_ifu_subsys/g_tage.u_tage/ent_q[6][150]_i_56/O
                         net (fo=1, routed)           0.346     7.510    u_soc/Core_cpu/u_ifu_subsys/g_tage.u_tage/ent_q[6][150]_i_56_n_0
    SLICE_X33Y68         LUT6 (Prop_lut6_I3_O)        0.043     7.553 r  u_soc/Core_cpu/u_ifu_subsys/g_tage.u_tage/ent_q[6][150]_i_36/O
                         net (fo=2, routed)           0.442     7.994    u_soc/Core_cpu/u_ifu_subsys/g_tage.u_tage/ent_q[6][150]_i_36_n_0
    SLICE_X32Y69         LUT6 (Prop_lut6_I4_O)        0.043     8.037 r  u_soc/Core_cpu/u_ifu_subsys/g_tage.u_tage/ent_q[6][150]_i_22/O
                         net (fo=1, routed)           0.243     8.280    u_soc/Core_cpu/u_ifu_subsys/g_tage.u_tage/ent_q[6][150]_i_22_n_0
    SLICE_X32Y68         LUT6 (Prop_lut6_I1_O)        0.043     8.323 r  u_soc/Core_cpu/u_ifu_subsys/g_tage.u_tage/ent_q[6][150]_i_8/O
                         net (fo=5, routed)           0.197     8.520    u_soc/Core_cpu/u_ifu_subsys/g_tage.u_tage/dir_pred[1]
    SLICE_X30Y68         LUT4 (Prop_lut4_I1_O)        0.043     8.563 r  u_soc/Core_cpu/u_ifu_subsys/g_tage.u_tage/q_t0_idx[1]_i_15/O
                         net (fo=3, routed)           0.267     8.830    u_soc/Core_cpu/u_ifu_subsys/u_btb/p_0_in11_in
    SLICE_X31Y68         LUT5 (Prop_lut5_I1_O)        0.043     8.873 r  u_soc/Core_cpu/u_ifu_subsys/u_btb/q_t0_idx[1]_i_9/O
                         net (fo=10, routed)          0.437     9.310    u_soc/Core_cpu/u_ifu_subsys/u_icache/u_tag_way1/u_prim/any_taken
    SLICE_X30Y69         LUT6 (Prop_lut6_I3_O)        0.043     9.353 r  u_soc/Core_cpu/u_ifu_subsys/u_icache/u_tag_way1/u_prim/cnt_q[0]_i_4/O
                         net (fo=3, routed)           0.277     9.630    u_soc/Core_cpu/u_ifu_subsys/u_ibuf/push_num[0]
    SLICE_X29Y71         LUT4 (Prop_lut4_I1_O)        0.043     9.673 r  u_soc/Core_cpu/u_ifu_subsys/u_ibuf/cnt_q[0]_i_2/O
                         net (fo=9, routed)           0.362    10.035    u_soc/Core_cpu/u_ifu_subsys/u_ibuf/cnt_q_reg[4]_1[0]
    SLICE_X24Y70         LUT3 (Prop_lut3_I1_O)        0.043    10.078 r  u_soc/Core_cpu/u_ifu_subsys/u_ibuf/ent_q[6][150]_i_13/O
                         net (fo=111, routed)         1.042    11.120    u_soc/Core_cpu/u_ifu_subsys/u_ibuf/cnt_q_reg[4]_3
    SLICE_X14Y57         LUT5 (Prop_lut5_I1_O)        0.043    11.163 r  u_soc/Core_cpu/u_ifu_subsys/u_ibuf/ent_q[6][41]_i_3/O
                         net (fo=8, routed)           0.265    11.428    u_soc/Core_cpu/u_ifu_subsys/u_ibuf/ent_q[6][41]_i_3_n_0
    SLICE_X12Y56         LUT6 (Prop_lut6_I0_O)        0.043    11.471 r  u_soc/Core_cpu/u_ifu_subsys/u_ibuf/ent_q[7][41]_i_2/O
                         net (fo=1, routed)           0.333    11.804    u_soc/Core_cpu/u_ifu_subsys/u_ibuf/ent_q[7][41]_i_2_n_0
    SLICE_X12Y56         LUT4 (Prop_lut4_I3_O)        0.043    11.847 r  u_soc/Core_cpu/u_ifu_subsys/u_ibuf/ent_q[7][41]_i_1/O
                         net (fo=1, routed)           0.000    11.847    u_soc/Core_cpu/u_ifu_subsys/u_ibuf/ent_q[7][41]_i_1_n_0
    SLICE_X12Y56         FDRE                                         r  u_soc/Core_cpu/u_ifu_subsys/u_ibuf/ent_q_reg[7][41]/D
  -------------------------------------------------------------------    -------------------

                         (clock clk rise edge)        7.000     7.000 r  
    AE23                                              0.000     7.000 r  clk (IN)
                         net (fo=0)                   0.000     7.000    clk
    AE23                 IBUF (Prop_ibuf_I_O)         0.660     7.660 r  clk_IBUF_inst/O
                         net (fo=1, routed)           2.516    10.176    clk_IBUF
    BUFGCTRL_X0Y0        BUFG (Prop_bufg_I_O)         0.083    10.259 r  u_bufg/O
                         net (fo=5747, routed)        1.506    11.765    u_soc/Core_cpu/u_ifu_subsys/u_ibuf/clk_buf
    SLICE_X12Y56         FDRE                                         r  u_soc/Core_cpu/u_ifu_subsys/u_ibuf/ent_q_reg[7][41]/C
                         clock pessimism              0.310    12.074    
                         clock uncertainty           -0.035    12.039    
    SLICE_X12Y56         FDRE (Setup_fdre_C_D)        0.065    12.104    u_soc/Core_cpu/u_ifu_subsys/u_ibuf/ent_q_reg[7][41]
  -------------------------------------------------------------------
                         required time                         12.104    
                         arrival time                         -11.847    
  -------------------------------------------------------------------
                         slack                                  0.257    

Slack (MET) :             0.260ns  (required time - arrival time)
  Source:                 u_soc/Core_cpu/u_ifu_subsys/g_tage.u_tage/q_row_idx_reg[1][1]/C
                            (rising edge-triggered cell FDRE clocked by clk  {rise@0.000ns fall@3.500ns period=7.000ns})
  Destination:            u_soc/Core_cpu/u_ifu_subsys/u_ibuf/ent_q_reg[3][47]/D
                            (rising edge-triggered cell FDRE clocked by clk  {rise@0.000ns fall@3.500ns period=7.000ns})
  Path Group:             clk
  Path Type:              Setup (Max at Slow Process Corner)
  Requirement:            7.000ns  (clk rise@7.000ns - clk rise@0.000ns)
  Data Path Delay:        6.708ns  (logic 0.825ns (12.298%)  route 5.883ns (87.702%))
  Logic Levels:           14  (LUT3=1 LUT4=4 LUT5=2 LUT6=6 RAMD64E=1)
  Clock Path Skew:        -0.030ns (DCD - SCD + CPR)
    Destination Clock Delay (DCD):    4.759ns = ( 11.759 - 7.000 ) 
    Source Clock Delay      (SCD):    5.098ns
    Clock Pessimism Removal (CPR):    0.310ns
  Clock Uncertainty:      0.035ns  ((TSJ^2 + TIJ^2)^1/2 + DJ) / 2 + PE
    Total System Jitter     (TSJ):    0.071ns
    Total Input Jitter      (TIJ):    0.000ns
    Discrete Jitter          (DJ):    0.000ns
    Phase Error              (PE):    0.000ns

    Location             Delay type                Incr(ns)  Path(ns)    Netlist Resource(s)
  -------------------------------------------------------------------    -------------------
                         (clock clk rise edge)        0.000     0.000 r  
    AE23                                              0.000     0.000 r  clk (IN)
                         net (fo=0)                   0.000     0.000    clk
    AE23                 IBUF (Prop_ibuf_I_O)         0.734     0.734 r  clk_IBUF_inst/O
                         net (fo=1, routed)           2.651     3.385    clk_IBUF
    BUFGCTRL_X0Y0        BUFG (Prop_bufg_I_O)         0.093     3.478 r  u_bufg/O
                         net (fo=5747, routed)        1.620     5.098    u_soc/Core_cpu/u_ifu_subsys/g_tage.u_tage/clk_buf
    SLICE_X39Y68         FDRE                                         r  u_soc/Core_cpu/u_ifu_subsys/g_tage.u_tage/q_row_idx_reg[1][1]/C
  -------------------------------------------------------------------    -------------------
    SLICE_X39Y68         FDRE (Prop_fdre_C_Q)         0.223     5.321 r  u_soc/Core_cpu/u_ifu_subsys/g_tage.u_tage/q_row_idx_reg[1][1]/Q
                         net (fo=62, routed)          0.607     5.929    u_soc/Core_cpu/u_ifu_subsys/g_tage.u_tage/g_tab[0].tg_p_reg_r1_0_63_3_5/ADDRB1
    SLICE_X42Y67         RAMD64E (Prop_ramd64e_RADR1_O)
                                                      0.043     5.972 r  u_soc/Core_cpu/u_ifu_subsys/g_tage.u_tage/g_tab[0].tg_p_reg_r1_0_63_3_5/RAMB/O
                         net (fo=1, routed)           0.635     6.607    u_soc/Core_cpu/u_ifu_subsys/u_btb/p_1_in4_in[1]
    SLICE_X37Y69         LUT6 (Prop_lut6_I3_O)        0.043     6.650 r  u_soc/Core_cpu/u_ifu_subsys/u_btb/ent_q[6][150]_i_42/O
                         net (fo=7, routed)           0.470     7.120    u_soc/Core_cpu/u_ifu_subsys/g_tage.u_tage/id_bht_chk[22]_i_4_0
    SLICE_X33Y69         LUT4 (Prop_lut4_I1_O)        0.043     7.163 r  u_soc/Core_cpu/u_ifu_subsys/g_tage.u_tage/ent_q[6][150]_i_56/O
                         net (fo=1, routed)           0.346     7.510    u_soc/Core_cpu/u_ifu_subsys/g_tage.u_tage/ent_q[6][150]_i_56_n_0
    SLICE_X33Y68         LUT6 (Prop_lut6_I3_O)        0.043     7.553 r  u_soc/Core_cpu/u_ifu_subsys/g_tage.u_tage/ent_q[6][150]_i_36/O
                         net (fo=2, routed)           0.442     7.994    u_soc/Core_cpu/u_ifu_subsys/g_tage.u_tage/ent_q[6][150]_i_36_n_0
    SLICE_X32Y69         LUT6 (Prop_lut6_I4_O)        0.043     8.037 r  u_soc/Core_cpu/u_ifu_subsys/g_tage.u_tage/ent_q[6][150]_i_22/O
                         net (fo=1, routed)           0.243     8.280    u_soc/Core_cpu/u_ifu_subsys/g_tage.u_tage/ent_q[6][150]_i_22_n_0
    SLICE_X32Y68         LUT6 (Prop_lut6_I1_O)        0.043     8.323 r  u_soc/Core_cpu/u_ifu_subsys/g_tage.u_tage/ent_q[6][150]_i_8/O
                         net (fo=5, routed)           0.197     8.520    u_soc/Core_cpu/u_ifu_subsys/g_tage.u_tage/dir_pred[1]
    SLICE_X30Y68         LUT4 (Prop_lut4_I1_O)        0.043     8.563 r  u_soc/Core_cpu/u_ifu_subsys/g_tage.u_tage/q_t0_idx[1]_i_15/O
                         net (fo=3, routed)           0.267     8.830    u_soc/Core_cpu/u_ifu_subsys/u_btb/p_0_in11_in
    SLICE_X31Y68         LUT5 (Prop_lut5_I1_O)        0.043     8.873 r  u_soc/Core_cpu/u_ifu_subsys/u_btb/q_t0_idx[1]_i_9/O
                         net (fo=10, routed)          0.437     9.310    u_soc/Core_cpu/u_ifu_subsys/u_icache/u_tag_way1/u_prim/any_taken
    SLICE_X30Y69         LUT6 (Prop_lut6_I3_O)        0.043     9.353 r  u_soc/Core_cpu/u_ifu_subsys/u_icache/u_tag_way1/u_prim/cnt_q[0]_i_4/O
                         net (fo=3, routed)           0.277     9.630    u_soc/Core_cpu/u_ifu_subsys/u_ibuf/push_num[0]
    SLICE_X29Y71         LUT4 (Prop_lut4_I1_O)        0.043     9.673 r  u_soc/Core_cpu/u_ifu_subsys/u_ibuf/cnt_q[0]_i_2/O
                         net (fo=9, routed)           0.362    10.035    u_soc/Core_cpu/u_ifu_subsys/u_ibuf/cnt_q_reg[4]_1[0]
    SLICE_X24Y70         LUT3 (Prop_lut3_I1_O)        0.043    10.078 r  u_soc/Core_cpu/u_ifu_subsys/u_ibuf/ent_q[6][150]_i_13/O
                         net (fo=111, routed)         0.932    11.010    u_soc/Core_cpu/u_ifu_subsys/u_ibuf/cnt_q_reg[4]_3
    SLICE_X11Y67         LUT5 (Prop_lut5_I1_O)        0.043    11.053 r  u_soc/Core_cpu/u_ifu_subsys/u_ibuf/ent_q[6][47]_i_3/O
                         net (fo=8, routed)           0.436    11.489    u_soc/Core_cpu/u_ifu_subsys/u_ibuf/ent_q[6][47]_i_3_n_0
    SLICE_X9Y66          LUT6 (Prop_lut6_I0_O)        0.043    11.532 r  u_soc/Core_cpu/u_ifu_subsys/u_ibuf/ent_q[3][47]_i_2/O
                         net (fo=1, routed)           0.232    11.764    u_soc/Core_cpu/u_ifu_subsys/u_ibuf/ent_q[3][47]_i_2_n_0
    SLICE_X9Y66          LUT4 (Prop_lut4_I3_O)        0.043    11.807 r  u_soc/Core_cpu/u_ifu_subsys/u_ibuf/ent_q[3][47]_i_1/O
                         net (fo=1, routed)           0.000    11.807    u_soc/Core_cpu/u_ifu_subsys/u_ibuf/ent_q[3][47]_i_1_n_0
    SLICE_X9Y66          FDRE                                         r  u_soc/Core_cpu/u_ifu_subsys/u_ibuf/ent_q_reg[3][47]/D
  -------------------------------------------------------------------    -------------------

                         (clock clk rise edge)        7.000     7.000 r  
    AE23                                              0.000     7.000 r  clk (IN)
                         net (fo=0)                   0.000     7.000    clk
    AE23                 IBUF (Prop_ibuf_I_O)         0.660     7.660 r  clk_IBUF_inst/O
                         net (fo=1, routed)           2.516    10.176    clk_IBUF
    BUFGCTRL_X0Y0        BUFG (Prop_bufg_I_O)         0.083    10.259 r  u_bufg/O
                         net (fo=5747, routed)        1.500    11.759    u_soc/Core_cpu/u_ifu_subsys/u_ibuf/clk_buf
    SLICE_X9Y66          FDRE                                         r  u_soc/Core_cpu/u_ifu_subsys/u_ibuf/ent_q_reg[3][47]/C
                         clock pessimism              0.310    12.068    
                         clock uncertainty           -0.035    12.033    
    SLICE_X9Y66          FDRE (Setup_fdre_C_D)        0.034    12.067    u_soc/Core_cpu/u_ifu_subsys/u_ibuf/ent_q_reg[3][47]
  -------------------------------------------------------------------
                         required time                         12.067    
                         arrival time                         -11.807    
  -------------------------------------------------------------------
                         slack                                  0.260    

Slack (MET) :             0.261ns  (required time - arrival time)
  Source:                 u_soc/Core_cpu/u_ifu_subsys/g_tage.u_tage/q_row_idx_reg[1][1]/C
                            (rising edge-triggered cell FDRE clocked by clk  {rise@0.000ns fall@3.500ns period=7.000ns})
  Destination:            u_soc/Core_cpu/u_ifu_subsys/u_ibuf/ent_q_reg[5][88]/D
                            (rising edge-triggered cell FDRE clocked by clk  {rise@0.000ns fall@3.500ns period=7.000ns})
  Path Group:             clk
  Path Type:              Setup (Max at Slow Process Corner)
  Requirement:            7.000ns  (clk rise@7.000ns - clk rise@0.000ns)
  Data Path Delay:        6.765ns  (logic 0.825ns (12.196%)  route 5.939ns (87.804%))
  Logic Levels:           14  (LUT3=1 LUT4=3 LUT5=2 LUT6=7 RAMD64E=1)
  Clock Path Skew:        0.027ns (DCD - SCD + CPR)
    Destination Clock Delay (DCD):    4.816ns = ( 11.816 - 7.000 ) 
    Source Clock Delay      (SCD):    5.098ns
    Clock Pessimism Removal (CPR):    0.310ns
  Clock Uncertainty:      0.035ns  ((TSJ^2 + TIJ^2)^1/2 + DJ) / 2 + PE
    Total System Jitter     (TSJ):    0.071ns
    Total Input Jitter      (TIJ):    0.000ns
    Discrete Jitter          (DJ):    0.000ns
    Phase Error              (PE):    0.000ns

    Location             Delay type                Incr(ns)  Path(ns)    Netlist Resource(s)
  -------------------------------------------------------------------    -------------------
                         (clock clk rise edge)        0.000     0.000 r  
    AE23                                              0.000     0.000 r  clk (IN)
                         net (fo=0)                   0.000     0.000    clk
    AE23                 IBUF (Prop_ibuf_I_O)         0.734     0.734 r  clk_IBUF_inst/O
                         net (fo=1, routed)           2.651     3.385    clk_IBUF
    BUFGCTRL_X0Y0        BUFG (Prop_bufg_I_O)         0.093     3.478 r  u_bufg/O
                         net (fo=5747, routed)        1.620     5.098    u_soc/Core_cpu/u_ifu_subsys/g_tage.u_tage/clk_buf
    SLICE_X39Y68         FDRE                                         r  u_soc/Core_cpu/u_ifu_subsys/g_tage.u_tage/q_row_idx_reg[1][1]/C
  -------------------------------------------------------------------    -------------------
    SLICE_X39Y68         FDRE (Prop_fdre_C_Q)         0.223     5.321 r  u_soc/Core_cpu/u_ifu_subsys/g_tage.u_tage/q_row_idx_reg[1][1]/Q
                         net (fo=62, routed)          0.607     5.929    u_soc/Core_cpu/u_ifu_subsys/g_tage.u_tage/g_tab[0].tg_p_reg_r1_0_63_3_5/ADDRB1
    SLICE_X42Y67         RAMD64E (Prop_ramd64e_RADR1_O)
                                                      0.043     5.972 r  u_soc/Core_cpu/u_ifu_subsys/g_tage.u_tage/g_tab[0].tg_p_reg_r1_0_63_3_5/RAMB/O
                         net (fo=1, routed)           0.635     6.607    u_soc/Core_cpu/u_ifu_subsys/u_btb/p_1_in4_in[1]
    SLICE_X37Y69         LUT6 (Prop_lut6_I3_O)        0.043     6.650 r  u_soc/Core_cpu/u_ifu_subsys/u_btb/ent_q[6][150]_i_42/O
                         net (fo=7, routed)           0.470     7.120    u_soc/Core_cpu/u_ifu_subsys/g_tage.u_tage/id_bht_chk[22]_i_4_0
    SLICE_X33Y69         LUT4 (Prop_lut4_I1_O)        0.043     7.163 r  u_soc/Core_cpu/u_ifu_subsys/g_tage.u_tage/ent_q[6][150]_i_56/O
                         net (fo=1, routed)           0.346     7.510    u_soc/Core_cpu/u_ifu_subsys/g_tage.u_tage/ent_q[6][150]_i_56_n_0
    SLICE_X33Y68         LUT6 (Prop_lut6_I3_O)        0.043     7.553 r  u_soc/Core_cpu/u_ifu_subsys/g_tage.u_tage/ent_q[6][150]_i_36/O
                         net (fo=2, routed)           0.442     7.994    u_soc/Core_cpu/u_ifu_subsys/g_tage.u_tage/ent_q[6][150]_i_36_n_0
    SLICE_X32Y69         LUT6 (Prop_lut6_I4_O)        0.043     8.037 r  u_soc/Core_cpu/u_ifu_subsys/g_tage.u_tage/ent_q[6][150]_i_22/O
                         net (fo=1, routed)           0.243     8.280    u_soc/Core_cpu/u_ifu_subsys/g_tage.u_tage/ent_q[6][150]_i_22_n_0
    SLICE_X32Y68         LUT6 (Prop_lut6_I1_O)        0.043     8.323 r  u_soc/Core_cpu/u_ifu_subsys/g_tage.u_tage/ent_q[6][150]_i_8/O
                         net (fo=5, routed)           0.197     8.520    u_soc/Core_cpu/u_ifu_subsys/g_tage.u_tage/dir_pred[1]
    SLICE_X30Y68         LUT4 (Prop_lut4_I1_O)        0.043     8.563 r  u_soc/Core_cpu/u_ifu_subsys/g_tage.u_tage/q_t0_idx[1]_i_15/O
                         net (fo=3, routed)           0.267     8.830    u_soc/Core_cpu/u_ifu_subsys/u_btb/p_0_in11_in
    SLICE_X31Y68         LUT5 (Prop_lut5_I1_O)        0.043     8.873 r  u_soc/Core_cpu/u_ifu_subsys/u_btb/q_t0_idx[1]_i_9/O
                         net (fo=10, routed)          0.437     9.310    u_soc/Core_cpu/u_ifu_subsys/u_icache/u_tag_way1/u_prim/any_taken
    SLICE_X30Y69         LUT6 (Prop_lut6_I3_O)        0.043     9.353 r  u_soc/Core_cpu/u_ifu_subsys/u_icache/u_tag_way1/u_prim/cnt_q[0]_i_4/O
                         net (fo=3, routed)           0.277     9.630    u_soc/Core_cpu/u_ifu_subsys/u_ibuf/push_num[0]
    SLICE_X29Y71         LUT4 (Prop_lut4_I1_O)        0.043     9.673 r  u_soc/Core_cpu/u_ifu_subsys/u_ibuf/cnt_q[0]_i_2/O
                         net (fo=9, routed)           0.362    10.035    u_soc/Core_cpu/u_ifu_subsys/u_ibuf/cnt_q_reg[4]_1[0]
    SLICE_X24Y70         LUT3 (Prop_lut3_I1_O)        0.043    10.078 r  u_soc/Core_cpu/u_ifu_subsys/u_ibuf/ent_q[6][150]_i_13/O
                         net (fo=111, routed)         1.038    11.116    u_soc/Core_cpu/u_ifu_subsys/u_ibuf/cnt_q_reg[4]_3
    SLICE_X7Y63          LUT6 (Prop_lut6_I2_O)        0.043    11.159 r  u_soc/Core_cpu/u_ifu_subsys/u_ibuf/ent_q[6][88]_i_3/O
                         net (fo=8, routed)           0.338    11.497    u_soc/Core_cpu/u_ifu_subsys/u_ibuf/ent_q[6][88]_i_3_n_0
    SLICE_X3Y63          LUT6 (Prop_lut6_I0_O)        0.043    11.540 r  u_soc/Core_cpu/u_ifu_subsys/u_ibuf/ent_q[5][88]_i_2/O
                         net (fo=1, routed)           0.280    11.820    u_soc/Core_cpu/u_ifu_subsys/u_ibuf/ent_q[5][88]_i_2_n_0
    SLICE_X7Y62          LUT5 (Prop_lut5_I4_O)        0.043    11.863 r  u_soc/Core_cpu/u_ifu_subsys/u_ibuf/ent_q[5][88]_i_1/O
                         net (fo=1, routed)           0.000    11.863    u_soc/Core_cpu/u_ifu_subsys/u_ibuf/ent_q[5][88]_i_1_n_0
    SLICE_X7Y62          FDRE                                         r  u_soc/Core_cpu/u_ifu_subsys/u_ibuf/ent_q_reg[5][88]/D
  -------------------------------------------------------------------    -------------------

                         (clock clk rise edge)        7.000     7.000 r  
    AE23                                              0.000     7.000 r  clk (IN)
                         net (fo=0)                   0.000     7.000    clk
    AE23                 IBUF (Prop_ibuf_I_O)         0.660     7.660 r  clk_IBUF_inst/O
                         net (fo=1, routed)           2.516    10.176    clk_IBUF
    BUFGCTRL_X0Y0        BUFG (Prop_bufg_I_O)         0.083    10.259 r  u_bufg/O
                         net (fo=5747, routed)        1.557    11.816    u_soc/Core_cpu/u_ifu_subsys/u_ibuf/clk_buf
    SLICE_X7Y62          FDRE                                         r  u_soc/Core_cpu/u_ifu_subsys/u_ibuf/ent_q_reg[5][88]/C
                         clock pessimism              0.310    12.125    
                         clock uncertainty           -0.035    12.090    
    SLICE_X7Y62          FDRE (Setup_fdre_C_D)        0.034    12.124    u_soc/Core_cpu/u_ifu_subsys/u_ibuf/ent_q_reg[5][88]
  -------------------------------------------------------------------
                         required time                         12.124    
                         arrival time                         -11.863    
  -------------------------------------------------------------------
                         slack                                  0.261    

Slack (MET) :             0.268ns  (required time - arrival time)
  Source:                 u_soc/Core_cpu/u_ifu_subsys/g_tage.u_tage/q_row_idx_reg[1][1]/C
                            (rising edge-triggered cell FDRE clocked by clk  {rise@0.000ns fall@3.500ns period=7.000ns})
  Destination:            u_soc/Core_cpu/u_ifu_subsys/u_ibuf/ent_q_reg[2][85]/D
                            (rising edge-triggered cell FDRE clocked by clk  {rise@0.000ns fall@3.500ns period=7.000ns})
  Path Group:             clk
  Path Type:              Setup (Max at Slow Process Corner)
  Requirement:            7.000ns  (clk rise@7.000ns - clk rise@0.000ns)
  Data Path Delay:        6.789ns  (logic 0.868ns (12.785%)  route 5.921ns (87.215%))
  Logic Levels:           15  (LUT4=3 LUT5=2 LUT6=9 RAMD64E=1)
  Clock Path Skew:        0.028ns (DCD - SCD + CPR)
    Destination Clock Delay (DCD):    4.817ns = ( 11.817 - 7.000 ) 
    Source Clock Delay      (SCD):    5.098ns
    Clock Pessimism Removal (CPR):    0.310ns
  Clock Uncertainty:      0.035ns  ((TSJ^2 + TIJ^2)^1/2 + DJ) / 2 + PE
    Total System Jitter     (TSJ):    0.071ns
    Total Input Jitter      (TIJ):    0.000ns
    Discrete Jitter          (DJ):    0.000ns
    Phase Error              (PE):    0.000ns

    Location             Delay type                Incr(ns)  Path(ns)    Netlist Resource(s)
  -------------------------------------------------------------------    -------------------
                         (clock clk rise edge)        0.000     0.000 r  
    AE23                                              0.000     0.000 r  clk (IN)
                         net (fo=0)                   0.000     0.000    clk
    AE23                 IBUF (Prop_ibuf_I_O)         0.734     0.734 r  clk_IBUF_inst/O
                         net (fo=1, routed)           2.651     3.385    clk_IBUF
    BUFGCTRL_X0Y0        BUFG (Prop_bufg_I_O)         0.093     3.478 r  u_bufg/O
                         net (fo=5747, routed)        1.620     5.098    u_soc/Core_cpu/u_ifu_subsys/g_tage.u_tage/clk_buf
    SLICE_X39Y68         FDRE                                         r  u_soc/Core_cpu/u_ifu_subsys/g_tage.u_tage/q_row_idx_reg[1][1]/C
  -------------------------------------------------------------------    -------------------
    SLICE_X39Y68         FDRE (Prop_fdre_C_Q)         0.223     5.321 r  u_soc/Core_cpu/u_ifu_subsys/g_tage.u_tage/q_row_idx_reg[1][1]/Q
                         net (fo=62, routed)          0.607     5.929    u_soc/Core_cpu/u_ifu_subsys/g_tage.u_tage/g_tab[0].tg_p_reg_r1_0_63_3_5/ADDRB1
    SLICE_X42Y67         RAMD64E (Prop_ramd64e_RADR1_O)
                                                      0.043     5.972 r  u_soc/Core_cpu/u_ifu_subsys/g_tage.u_tage/g_tab[0].tg_p_reg_r1_0_63_3_5/RAMB/O
                         net (fo=1, routed)           0.635     6.607    u_soc/Core_cpu/u_ifu_subsys/u_btb/p_1_in4_in[1]
    SLICE_X37Y69         LUT6 (Prop_lut6_I3_O)        0.043     6.650 r  u_soc/Core_cpu/u_ifu_subsys/u_btb/ent_q[6][150]_i_42/O
                         net (fo=7, routed)           0.470     7.120    u_soc/Core_cpu/u_ifu_subsys/g_tage.u_tage/id_bht_chk[22]_i_4_0
    SLICE_X33Y69         LUT4 (Prop_lut4_I1_O)        0.043     7.163 r  u_soc/Core_cpu/u_ifu_subsys/g_tage.u_tage/ent_q[6][150]_i_56/O
                         net (fo=1, routed)           0.346     7.510    u_soc/Core_cpu/u_ifu_subsys/g_tage.u_tage/ent_q[6][150]_i_56_n_0
    SLICE_X33Y68         LUT6 (Prop_lut6_I3_O)        0.043     7.553 r  u_soc/Core_cpu/u_ifu_subsys/g_tage.u_tage/ent_q[6][150]_i_36/O
                         net (fo=2, routed)           0.442     7.994    u_soc/Core_cpu/u_ifu_subsys/g_tage.u_tage/ent_q[6][150]_i_36_n_0
    SLICE_X32Y69         LUT6 (Prop_lut6_I4_O)        0.043     8.037 r  u_soc/Core_cpu/u_ifu_subsys/g_tage.u_tage/ent_q[6][150]_i_22/O
                         net (fo=1, routed)           0.243     8.280    u_soc/Core_cpu/u_ifu_subsys/g_tage.u_tage/ent_q[6][150]_i_22_n_0
    SLICE_X32Y68         LUT6 (Prop_lut6_I1_O)        0.043     8.323 r  u_soc/Core_cpu/u_ifu_subsys/g_tage.u_tage/ent_q[6][150]_i_8/O
                         net (fo=5, routed)           0.197     8.520    u_soc/Core_cpu/u_ifu_subsys/g_tage.u_tage/dir_pred[1]
    SLICE_X30Y68         LUT4 (Prop_lut4_I1_O)        0.043     8.563 r  u_soc/Core_cpu/u_ifu_subsys/g_tage.u_tage/q_t0_idx[1]_i_15/O
                         net (fo=3, routed)           0.267     8.830    u_soc/Core_cpu/u_ifu_subsys/u_btb/p_0_in11_in
    SLICE_X31Y68         LUT5 (Prop_lut5_I1_O)        0.043     8.873 r  u_soc/Core_cpu/u_ifu_subsys/u_btb/q_t0_idx[1]_i_9/O
                         net (fo=10, routed)          0.337     9.210    u_soc/Core_cpu/u_ifu_subsys/u_icache/u_tag_way1/u_prim/any_taken
    SLICE_X29Y70         LUT6 (Prop_lut6_I3_O)        0.043     9.253 r  u_soc/Core_cpu/u_ifu_subsys/u_icache/u_tag_way1/u_prim/q_t0_idx[0]_i_9/O
                         net (fo=2, routed)           0.156     9.409    u_soc/Core_cpu/u_ifu_subsys/u_ibuf/push_num[1]
    SLICE_X29Y70         LUT4 (Prop_lut4_I1_O)        0.043     9.452 r  u_soc/Core_cpu/u_ifu_subsys/u_ibuf/cnt_q[4]_i_5/O
                         net (fo=18, routed)          0.369     9.821    u_soc/Core_cpu/u_ifu_subsys/u_ibuf/cnt_q_reg[4]_1[1]
    SLICE_X24Y69         LUT6 (Prop_lut6_I4_O)        0.043     9.864 r  u_soc/Core_cpu/u_ifu_subsys/u_ibuf/cnt_q[0]_i_6/O
                         net (fo=113, routed)         0.763    10.628    u_soc/Core_cpu/u_ifu_subsys/u_ibuf/cnt_q_reg[4]_2
    SLICE_X13Y61         LUT6 (Prop_lut6_I5_O)        0.043    10.671 r  u_soc/Core_cpu/u_ifu_subsys/u_ibuf/ent_q[6][85]_i_6/O
                         net (fo=9, routed)           0.300    10.970    u_soc/Core_cpu/u_ifu_subsys/u_ibuf/p_0_in__0[85]
    SLICE_X12Y61         LUT6 (Prop_lut6_I3_O)        0.043    11.013 r  u_soc/Core_cpu/u_ifu_subsys/u_ibuf/ent_q[6][85]_i_3/O
                         net (fo=8, routed)           0.430    11.444    u_soc/Core_cpu/u_ifu_subsys/u_ibuf/ent_q[6][85]_i_3_n_0
    SLICE_X11Y61         LUT6 (Prop_lut6_I0_O)        0.043    11.487 r  u_soc/Core_cpu/u_ifu_subsys/u_ibuf/ent_q[2][85]_i_2/O
                         net (fo=1, routed)           0.358    11.844    u_soc/Core_cpu/u_ifu_subsys/u_ibuf/ent_q[2][85]_i_2_n_0
    SLICE_X2Y61          LUT5 (Prop_lut5_I4_O)        0.043    11.887 r  u_soc/Core_cpu/u_ifu_subsys/u_ibuf/ent_q[2][85]_i_1/O
                         net (fo=1, routed)           0.000    11.887    u_soc/Core_cpu/u_ifu_subsys/u_ibuf/ent_q[2][85]_i_1_n_0
    SLICE_X2Y61          FDRE                                         r  u_soc/Core_cpu/u_ifu_subsys/u_ibuf/ent_q_reg[2][85]/D
  -------------------------------------------------------------------    -------------------

                         (clock clk rise edge)        7.000     7.000 r  
    AE23                                              0.000     7.000 r  clk (IN)
                         net (fo=0)                   0.000     7.000    clk
    AE23                 IBUF (Prop_ibuf_I_O)         0.660     7.660 r  clk_IBUF_inst/O
                         net (fo=1, routed)           2.516    10.176    clk_IBUF
    BUFGCTRL_X0Y0        BUFG (Prop_bufg_I_O)         0.083    10.259 r  u_bufg/O
                         net (fo=5747, routed)        1.558    11.817    u_soc/Core_cpu/u_ifu_subsys/u_ibuf/clk_buf
    SLICE_X2Y61          FDRE                                         r  u_soc/Core_cpu/u_ifu_subsys/u_ibuf/ent_q_reg[2][85]/C
                         clock pessimism              0.310    12.126    
                         clock uncertainty           -0.035    12.091    
    SLICE_X2Y61          FDRE (Setup_fdre_C_D)        0.064    12.155    u_soc/Core_cpu/u_ifu_subsys/u_ibuf/ent_q_reg[2][85]
  -------------------------------------------------------------------
                         required time                         12.155    
                         arrival time                         -11.887    
  -------------------------------------------------------------------
                         slack                                  0.268    

Slack (MET) :             0.268ns  (required time - arrival time)
  Source:                 u_soc/Core_cpu/u_ifu_subsys/g_tage.u_tage/q_row_idx_reg[1][1]/C
                            (rising edge-triggered cell FDRE clocked by clk  {rise@0.000ns fall@3.500ns period=7.000ns})
  Destination:            u_soc/Core_cpu/u_ifu_subsys/u_ibuf/ent_q_reg[7][57]/D
                            (rising edge-triggered cell FDRE clocked by clk  {rise@0.000ns fall@3.500ns period=7.000ns})
  Path Group:             clk
  Path Type:              Setup (Max at Slow Process Corner)
  Requirement:            7.000ns  (clk rise@7.000ns - clk rise@0.000ns)
  Data Path Delay:        6.726ns  (logic 0.868ns (12.904%)  route 5.858ns (87.096%))
  Logic Levels:           15  (LUT4=4 LUT5=3 LUT6=7 RAMD64E=1)
  Clock Path Skew:        -0.035ns (DCD - SCD + CPR)
    Destination Clock Delay (DCD):    4.754ns = ( 11.754 - 7.000 ) 
    Source Clock Delay      (SCD):    5.098ns
    Clock Pessimism Removal (CPR):    0.310ns
  Clock Uncertainty:      0.035ns  ((TSJ^2 + TIJ^2)^1/2 + DJ) / 2 + PE
    Total System Jitter     (TSJ):    0.071ns
    Total Input Jitter      (TIJ):    0.000ns
    Discrete Jitter          (DJ):    0.000ns
    Phase Error              (PE):    0.000ns

    Location             Delay type                Incr(ns)  Path(ns)    Netlist Resource(s)
  -------------------------------------------------------------------    -------------------
                         (clock clk rise edge)        0.000     0.000 r  
    AE23                                              0.000     0.000 r  clk (IN)
                         net (fo=0)                   0.000     0.000    clk
    AE23                 IBUF (Prop_ibuf_I_O)         0.734     0.734 r  clk_IBUF_inst/O
                         net (fo=1, routed)           2.651     3.385    clk_IBUF
    BUFGCTRL_X0Y0        BUFG (Prop_bufg_I_O)         0.093     3.478 r  u_bufg/O
                         net (fo=5747, routed)        1.620     5.098    u_soc/Core_cpu/u_ifu_subsys/g_tage.u_tage/clk_buf
    SLICE_X39Y68         FDRE                                         r  u_soc/Core_cpu/u_ifu_subsys/g_tage.u_tage/q_row_idx_reg[1][1]/C
  -------------------------------------------------------------------    -------------------
    SLICE_X39Y68         FDRE (Prop_fdre_C_Q)         0.223     5.321 r  u_soc/Core_cpu/u_ifu_subsys/g_tage.u_tage/q_row_idx_reg[1][1]/Q
                         net (fo=62, routed)          0.607     5.929    u_soc/Core_cpu/u_ifu_subsys/g_tage.u_tage/g_tab[0].tg_p_reg_r1_0_63_3_5/ADDRB1
    SLICE_X42Y67         RAMD64E (Prop_ramd64e_RADR1_O)
                                                      0.043     5.972 r  u_soc/Core_cpu/u_ifu_subsys/g_tage.u_tage/g_tab[0].tg_p_reg_r1_0_63_3_5/RAMB/O
                         net (fo=1, routed)           0.635     6.607    u_soc/Core_cpu/u_ifu_subsys/u_btb/p_1_in4_in[1]
    SLICE_X37Y69         LUT6 (Prop_lut6_I3_O)        0.043     6.650 r  u_soc/Core_cpu/u_ifu_subsys/u_btb/ent_q[6][150]_i_42/O
                         net (fo=7, routed)           0.470     7.120    u_soc/Core_cpu/u_ifu_subsys/g_tage.u_tage/id_bht_chk[22]_i_4_0
    SLICE_X33Y69         LUT4 (Prop_lut4_I1_O)        0.043     7.163 r  u_soc/Core_cpu/u_ifu_subsys/g_tage.u_tage/ent_q[6][150]_i_56/O
                         net (fo=1, routed)           0.346     7.510    u_soc/Core_cpu/u_ifu_subsys/g_tage.u_tage/ent_q[6][150]_i_56_n_0
    SLICE_X33Y68         LUT6 (Prop_lut6_I3_O)        0.043     7.553 r  u_soc/Core_cpu/u_ifu_subsys/g_tage.u_tage/ent_q[6][150]_i_36/O
                         net (fo=2, routed)           0.442     7.994    u_soc/Core_cpu/u_ifu_subsys/g_tage.u_tage/ent_q[6][150]_i_36_n_0
    SLICE_X32Y69         LUT6 (Prop_lut6_I4_O)        0.043     8.037 r  u_soc/Core_cpu/u_ifu_subsys/g_tage.u_tage/ent_q[6][150]_i_22/O
                         net (fo=1, routed)           0.243     8.280    u_soc/Core_cpu/u_ifu_subsys/g_tage.u_tage/ent_q[6][150]_i_22_n_0
    SLICE_X32Y68         LUT6 (Prop_lut6_I1_O)        0.043     8.323 r  u_soc/Core_cpu/u_ifu_subsys/g_tage.u_tage/ent_q[6][150]_i_8/O
                         net (fo=5, routed)           0.197     8.520    u_soc/Core_cpu/u_ifu_subsys/g_tage.u_tage/dir_pred[1]
    SLICE_X30Y68         LUT4 (Prop_lut4_I1_O)        0.043     8.563 r  u_soc/Core_cpu/u_ifu_subsys/g_tage.u_tage/q_t0_idx[1]_i_15/O
                         net (fo=3, routed)           0.267     8.830    u_soc/Core_cpu/u_ifu_subsys/u_btb/p_0_in11_in
    SLICE_X31Y68         LUT5 (Prop_lut5_I1_O)        0.043     8.873 r  u_soc/Core_cpu/u_ifu_subsys/u_btb/q_t0_idx[1]_i_9/O
                         net (fo=10, routed)          0.337     9.210    u_soc/Core_cpu/u_ifu_subsys/u_icache/u_tag_way1/u_prim/any_taken
    SLICE_X29Y70         LUT6 (Prop_lut6_I3_O)        0.043     9.253 r  u_soc/Core_cpu/u_ifu_subsys/u_icache/u_tag_way1/u_prim/q_t0_idx[0]_i_9/O
                         net (fo=2, routed)           0.156     9.409    u_soc/Core_cpu/u_ifu_subsys/u_ibuf/push_num[1]
    SLICE_X29Y70         LUT4 (Prop_lut4_I1_O)        0.043     9.452 r  u_soc/Core_cpu/u_ifu_subsys/u_ibuf/cnt_q[4]_i_5/O
                         net (fo=18, routed)          0.369     9.821    u_soc/Core_cpu/u_ifu_subsys/u_ibuf/cnt_q_reg[4]_1[1]
    SLICE_X24Y69         LUT6 (Prop_lut6_I4_O)        0.043     9.864 r  u_soc/Core_cpu/u_ifu_subsys/u_ibuf/cnt_q[0]_i_6/O
                         net (fo=113, routed)         0.741    10.606    u_soc/Core_cpu/u_ifu_subsys/u_ibuf/cnt_q_reg[4]_2
    SLICE_X13Y70         LUT5 (Prop_lut5_I4_O)        0.043    10.649 r  u_soc/Core_cpu/u_ifu_subsys/u_ibuf/ent_q[6][57]_i_5/O
                         net (fo=9, routed)           0.370    11.018    u_soc/Core_cpu/u_ifu_subsys/u_ibuf/p_0_in__0[57]
    SLICE_X13Y71         LUT5 (Prop_lut5_I2_O)        0.043    11.061 r  u_soc/Core_cpu/u_ifu_subsys/u_ibuf/ent_q[6][57]_i_3/O
                         net (fo=8, routed)           0.344    11.405    u_soc/Core_cpu/u_ifu_subsys/u_ibuf/ent_q[6][57]_i_3_n_0
    SLICE_X14Y71         LUT6 (Prop_lut6_I0_O)        0.043    11.448 r  u_soc/Core_cpu/u_ifu_subsys/u_ibuf/ent_q[7][57]_i_2/O
                         net (fo=1, routed)           0.334    11.782    u_soc/Core_cpu/u_ifu_subsys/u_ibuf/ent_q[7][57]_i_2_n_0
    SLICE_X14Y71         LUT4 (Prop_lut4_I3_O)        0.043    11.825 r  u_soc/Core_cpu/u_ifu_subsys/u_ibuf/ent_q[7][57]_i_1/O
                         net (fo=1, routed)           0.000    11.825    u_soc/Core_cpu/u_ifu_subsys/u_ibuf/ent_q[7][57]_i_1_n_0
    SLICE_X14Y71         FDRE                                         r  u_soc/Core_cpu/u_ifu_subsys/u_ibuf/ent_q_reg[7][57]/D
  -------------------------------------------------------------------    -------------------

                         (clock clk rise edge)        7.000     7.000 r  
    AE23                                              0.000     7.000 r  clk (IN)
                         net (fo=0)                   0.000     7.000    clk
    AE23                 IBUF (Prop_ibuf_I_O)         0.660     7.660 r  clk_IBUF_inst/O
                         net (fo=1, routed)           2.516    10.176    clk_IBUF
    BUFGCTRL_X0Y0        BUFG (Prop_bufg_I_O)         0.083    10.259 r  u_bufg/O
                         net (fo=5747, routed)        1.495    11.754    u_soc/Core_cpu/u_ifu_subsys/u_ibuf/clk_buf
    SLICE_X14Y71         FDRE                                         r  u_soc/Core_cpu/u_ifu_subsys/u_ibuf/ent_q_reg[7][57]/C
                         clock pessimism              0.310    12.063    
                         clock uncertainty           -0.035    12.028    
    SLICE_X14Y71         FDRE (Setup_fdre_C_D)        0.065    12.093    u_soc/Core_cpu/u_ifu_subsys/u_ibuf/ent_q_reg[7][57]
  -------------------------------------------------------------------
                         required time                         12.093    
                         arrival time                         -11.825    
  -------------------------------------------------------------------
                         slack                                  0.268    

Slack (MET) :             0.269ns  (required time - arrival time)
  Source:                 u_soc/Core_cpu/u_ifu_subsys/g_tage.u_tage/q_row_idx_reg[1][1]/C
                            (rising edge-triggered cell FDRE clocked by clk  {rise@0.000ns fall@3.500ns period=7.000ns})
  Destination:            u_soc/Core_cpu/u_ifu_subsys/u_ibuf/ent_q_reg[7][2]/D
                            (rising edge-triggered cell FDRE clocked by clk  {rise@0.000ns fall@3.500ns period=7.000ns})
  Path Group:             clk
  Path Type:              Setup (Max at Slow Process Corner)
  Requirement:            7.000ns  (clk rise@7.000ns - clk rise@0.000ns)
  Data Path Delay:        6.690ns  (logic 0.868ns (12.974%)  route 5.822ns (87.026%))
  Logic Levels:           15  (LUT4=4 LUT5=3 LUT6=7 RAMD64E=1)
  Clock Path Skew:        -0.039ns (DCD - SCD + CPR)
    Destination Clock Delay (DCD):    4.750ns = ( 11.750 - 7.000 ) 
    Source Clock Delay      (SCD):    5.098ns
    Clock Pessimism Removal (CPR):    0.310ns
  Clock Uncertainty:      0.035ns  ((TSJ^2 + TIJ^2)^1/2 + DJ) / 2 + PE
    Total System Jitter     (TSJ):    0.071ns
    Total Input Jitter      (TIJ):    0.000ns
    Discrete Jitter          (DJ):    0.000ns
    Phase Error              (PE):    0.000ns

    Location             Delay type                Incr(ns)  Path(ns)    Netlist Resource(s)
  -------------------------------------------------------------------    -------------------
                         (clock clk rise edge)        0.000     0.000 r  
    AE23                                              0.000     0.000 r  clk (IN)
                         net (fo=0)                   0.000     0.000    clk
    AE23                 IBUF (Prop_ibuf_I_O)         0.734     0.734 r  clk_IBUF_inst/O
                         net (fo=1, routed)           2.651     3.385    clk_IBUF
    BUFGCTRL_X0Y0        BUFG (Prop_bufg_I_O)         0.093     3.478 r  u_bufg/O
                         net (fo=5747, routed)        1.620     5.098    u_soc/Core_cpu/u_ifu_subsys/g_tage.u_tage/clk_buf
    SLICE_X39Y68         FDRE                                         r  u_soc/Core_cpu/u_ifu_subsys/g_tage.u_tage/q_row_idx_reg[1][1]/C
  -------------------------------------------------------------------    -------------------
    SLICE_X39Y68         FDRE (Prop_fdre_C_Q)         0.223     5.321 r  u_soc/Core_cpu/u_ifu_subsys/g_tage.u_tage/q_row_idx_reg[1][1]/Q
                         net (fo=62, routed)          0.607     5.929    u_soc/Core_cpu/u_ifu_subsys/g_tage.u_tage/g_tab[0].tg_p_reg_r1_0_63_3_5/ADDRB1
    SLICE_X42Y67         RAMD64E (Prop_ramd64e_RADR1_O)
                                                      0.043     5.972 r  u_soc/Core_cpu/u_ifu_subsys/g_tage.u_tage/g_tab[0].tg_p_reg_r1_0_63_3_5/RAMB/O
                         net (fo=1, routed)           0.635     6.607    u_soc/Core_cpu/u_ifu_subsys/u_btb/p_1_in4_in[1]
    SLICE_X37Y69         LUT6 (Prop_lut6_I3_O)        0.043     6.650 r  u_soc/Core_cpu/u_ifu_subsys/u_btb/ent_q[6][150]_i_42/O
                         net (fo=7, routed)           0.470     7.120    u_soc/Core_cpu/u_ifu_subsys/g_tage.u_tage/id_bht_chk[22]_i_4_0
    SLICE_X33Y69         LUT4 (Prop_lut4_I1_O)        0.043     7.163 r  u_soc/Core_cpu/u_ifu_subsys/g_tage.u_tage/ent_q[6][150]_i_56/O
                         net (fo=1, routed)           0.346     7.510    u_soc/Core_cpu/u_ifu_subsys/g_tage.u_tage/ent_q[6][150]_i_56_n_0
    SLICE_X33Y68         LUT6 (Prop_lut6_I3_O)        0.043     7.553 r  u_soc/Core_cpu/u_ifu_subsys/g_tage.u_tage/ent_q[6][150]_i_36/O
                         net (fo=2, routed)           0.442     7.994    u_soc/Core_cpu/u_ifu_subsys/g_tage.u_tage/ent_q[6][150]_i_36_n_0
    SLICE_X32Y69         LUT6 (Prop_lut6_I4_O)        0.043     8.037 r  u_soc/Core_cpu/u_ifu_subsys/g_tage.u_tage/ent_q[6][150]_i_22/O
                         net (fo=1, routed)           0.243     8.280    u_soc/Core_cpu/u_ifu_subsys/g_tage.u_tage/ent_q[6][150]_i_22_n_0
    SLICE_X32Y68         LUT6 (Prop_lut6_I1_O)        0.043     8.323 r  u_soc/Core_cpu/u_ifu_subsys/g_tage.u_tage/ent_q[6][150]_i_8/O
                         net (fo=5, routed)           0.197     8.520    u_soc/Core_cpu/u_ifu_subsys/g_tage.u_tage/dir_pred[1]
    SLICE_X30Y68         LUT4 (Prop_lut4_I1_O)        0.043     8.563 r  u_soc/Core_cpu/u_ifu_subsys/g_tage.u_tage/q_t0_idx[1]_i_15/O
                         net (fo=3, routed)           0.267     8.830    u_soc/Core_cpu/u_ifu_subsys/u_btb/p_0_in11_in
    SLICE_X31Y68         LUT5 (Prop_lut5_I1_O)        0.043     8.873 r  u_soc/Core_cpu/u_ifu_subsys/u_btb/q_t0_idx[1]_i_9/O
                         net (fo=10, routed)          0.337     9.210    u_soc/Core_cpu/u_ifu_subsys/u_icache/u_tag_way1/u_prim/any_taken
    SLICE_X29Y70         LUT6 (Prop_lut6_I3_O)        0.043     9.253 r  u_soc/Core_cpu/u_ifu_subsys/u_icache/u_tag_way1/u_prim/q_t0_idx[0]_i_9/O
                         net (fo=2, routed)           0.156     9.409    u_soc/Core_cpu/u_ifu_subsys/u_ibuf/push_num[1]
    SLICE_X29Y70         LUT4 (Prop_lut4_I1_O)        0.043     9.452 r  u_soc/Core_cpu/u_ifu_subsys/u_ibuf/cnt_q[4]_i_5/O
                         net (fo=18, routed)          0.369     9.821    u_soc/Core_cpu/u_ifu_subsys/u_ibuf/cnt_q_reg[4]_1[1]
    SLICE_X24Y69         LUT6 (Prop_lut6_I4_O)        0.043     9.864 r  u_soc/Core_cpu/u_ifu_subsys/u_ibuf/cnt_q[0]_i_6/O
                         net (fo=113, routed)         0.617    10.481    u_soc/Core_cpu/u_ifu_subsys/u_ibuf/cnt_q_reg[4]_2
    SLICE_X29Y78         LUT5 (Prop_lut5_I4_O)        0.043    10.524 r  u_soc/Core_cpu/u_ifu_subsys/u_ibuf/ent_q[6][2]_i_14/O
                         net (fo=9, routed)           0.443    10.967    u_soc/Core_cpu/u_ifu_subsys/u_ibuf/p_0_in__0[2]
    SLICE_X30Y78         LUT5 (Prop_lut5_I2_O)        0.043    11.010 r  u_soc/Core_cpu/u_ifu_subsys/u_ibuf/ent_q[6][2]_i_7/O
                         net (fo=8, routed)           0.461    11.470    u_soc/Core_cpu/u_ifu_subsys/u_ibuf/ent_q[6][2]_i_7_n_0
    SLICE_X29Y80         LUT6 (Prop_lut6_I0_O)        0.043    11.513 r  u_soc/Core_cpu/u_ifu_subsys/u_ibuf/ent_q[7][2]_i_2/O
                         net (fo=1, routed)           0.232    11.746    u_soc/Core_cpu/u_ifu_subsys/u_ibuf/ent_q[7][2]_i_2_n_0
    SLICE_X29Y80         LUT4 (Prop_lut4_I3_O)        0.043    11.789 r  u_soc/Core_cpu/u_ifu_subsys/u_ibuf/ent_q[7][2]_i_1/O
                         net (fo=1, routed)           0.000    11.789    u_soc/Core_cpu/u_ifu_subsys/u_ibuf/ent_q[7][2]_i_1_n_0
    SLICE_X29Y80         FDRE                                         r  u_soc/Core_cpu/u_ifu_subsys/u_ibuf/ent_q_reg[7][2]/D
  -------------------------------------------------------------------    -------------------

                         (clock clk rise edge)        7.000     7.000 r  
    AE23                                              0.000     7.000 r  clk (IN)
                         net (fo=0)                   0.000     7.000    clk
    AE23                 IBUF (Prop_ibuf_I_O)         0.660     7.660 r  clk_IBUF_inst/O
                         net (fo=1, routed)           2.516    10.176    clk_IBUF
    BUFGCTRL_X0Y0        BUFG (Prop_bufg_I_O)         0.083    10.259 r  u_bufg/O
                         net (fo=5747, routed)        1.491    11.750    u_soc/Core_cpu/u_ifu_subsys/u_ibuf/clk_buf
    SLICE_X29Y80         FDRE                                         r  u_soc/Core_cpu/u_ifu_subsys/u_ibuf/ent_q_reg[7][2]/C
                         clock pessimism              0.310    12.059    
                         clock uncertainty           -0.035    12.024    
    SLICE_X29Y80         FDRE (Setup_fdre_C_D)        0.033    12.057    u_soc/Core_cpu/u_ifu_subsys/u_ibuf/ent_q_reg[7][2]
  -------------------------------------------------------------------
                         required time                         12.057    
                         arrival time                         -11.789    
  -------------------------------------------------------------------
                         slack                                  0.269    





Pulse Width Checks
--------------------------------------------------------------------------------------
Clock Name:         clk
Waveform(ns):       { 0.000 3.500 }
Period(ns):         7.000
Sources:            { clk }

Check Type        Corner  Lib Pin             Reference Pin  Required(ns)  Actual(ns)  Slack(ns)  Location      Pin
Min Period        n/a     RAMB36E1/CLKARDCLK  n/a            2.095         7.000       4.905      RAMB36_X1Y15  u_soc/Core_cpu/u_ifu_subsys/u_icache/u_dat_way0/u_prim/mem_q_reg_0/CLKARDCLK
Min Period        n/a     RAMB36E1/CLKBWRCLK  n/a            2.095         7.000       4.905      RAMB36_X1Y15  u_soc/Core_cpu/u_ifu_subsys/u_icache/u_dat_way0/u_prim/mem_q_reg_0/CLKBWRCLK
Min Period        n/a     RAMB36E1/CLKARDCLK  n/a            2.095         7.000       4.905      RAMB36_X1Y16  u_soc/Core_cpu/u_ifu_subsys/u_icache/u_dat_way0/u_prim/mem_q_reg_1/CLKARDCLK
Min Period        n/a     RAMB36E1/CLKBWRCLK  n/a            2.095         7.000       4.905      RAMB36_X1Y16  u_soc/Core_cpu/u_ifu_subsys/u_icache/u_dat_way0/u_prim/mem_q_reg_1/CLKBWRCLK
Min Period        n/a     RAMB36E1/CLKARDCLK  n/a            2.095         7.000       4.905      RAMB36_X1Y13  u_soc/Core_cpu/u_ifu_subsys/u_icache/u_dat_way1/u_prim/mem_q_reg_0/CLKARDCLK
Min Period        n/a     RAMB36E1/CLKBWRCLK  n/a            2.095         7.000       4.905      RAMB36_X1Y13  u_soc/Core_cpu/u_ifu_subsys/u_icache/u_dat_way1/u_prim/mem_q_reg_0/CLKBWRCLK
Min Period        n/a     RAMB36E1/CLKARDCLK  n/a            2.095         7.000       4.905      RAMB36_X1Y14  u_soc/Core_cpu/u_ifu_subsys/u_icache/u_dat_way1/u_prim/mem_q_reg_1/CLKARDCLK
Min Period        n/a     RAMB36E1/CLKBWRCLK  n/a            2.095         7.000       4.905      RAMB36_X1Y14  u_soc/Core_cpu/u_ifu_subsys/u_icache/u_dat_way1/u_prim/mem_q_reg_1/CLKBWRCLK
Min Period        n/a     RAMB36E1/CLKARDCLK  n/a            2.095         7.000       4.905      RAMB36_X0Y21  u_soc/Mem_DRAM/u_prim/mem_reg_0/CLKARDCLK
Min Period        n/a     RAMB36E1/CLKARDCLK  n/a            2.095         7.000       4.905      RAMB36_X1Y20  u_soc/Mem_DRAM/u_prim/mem_reg_1/CLKARDCLK
Min Period        n/a     RAMB36E1/CLKARDCLK  n/a            2.095         7.000       4.905      RAMB36_X0Y22  u_soc/Mem_DRAM/u_prim/mem_reg_10/CLKARDCLK
Min Period        n/a     RAMB36E1/CLKARDCLK  n/a            2.095         7.000       4.905      RAMB36_X1Y17  u_soc/Mem_DRAM/u_prim/mem_reg_11/CLKARDCLK
Min Period        n/a     RAMB36E1/CLKARDCLK  n/a            2.095         7.000       4.905      RAMB36_X0Y24  u_soc/Mem_DRAM/u_prim/mem_reg_12/CLKARDCLK
Min Period        n/a     RAMB36E1/CLKARDCLK  n/a            2.095         7.000       4.905      RAMB36_X1Y21  u_soc/Mem_DRAM/u_prim/mem_reg_13/CLKARDCLK
Min Period        n/a     RAMB36E1/CLKARDCLK  n/a            2.095         7.000       4.905      RAMB36_X1Y18  u_soc/Mem_DRAM/u_prim/mem_reg_14/CLKARDCLK
Min Period        n/a     RAMB36E1/CLKARDCLK  n/a            2.095         7.000       4.905      RAMB36_X0Y19  u_soc/Mem_DRAM/u_prim/mem_reg_15/CLKARDCLK
Min Period        n/a     RAMB36E1/CLKARDCLK  n/a            2.095         7.000       4.905      RAMB36_X1Y23  u_soc/Mem_DRAM/u_prim/mem_reg_2/CLKARDCLK
Min Period        n/a     RAMB36E1/CLKARDCLK  n/a            2.095         7.000       4.905      RAMB36_X0Y16  u_soc/Mem_DRAM/u_prim/mem_reg_3/CLKARDCLK
Min Period        n/a     RAMB36E1/CLKARDCLK  n/a            2.095         7.000       4.905      RAMB36_X1Y22  u_soc/Mem_DRAM/u_prim/mem_reg_4/CLKARDCLK
Min Period        n/a     RAMB36E1/CLKARDCLK  n/a            2.095         7.000       4.905      RAMB36_X0Y23  u_soc/Mem_DRAM/u_prim/mem_reg_5/CLKARDCLK
Low Pulse Width   Slow    RAMD64E/CLK         n/a            0.768         3.500       2.732      SLICE_X38Y60  u_soc/Core_cpu/u_ifu_subsys/g_tage.u_tage/g_tab[0].pv_p_reg_r1_0_63_0_2/RAMA/CLK
Low Pulse Width   Fast    RAMD64E/CLK         n/a            0.768         3.500       2.732      SLICE_X38Y60  u_soc/Core_cpu/u_ifu_subsys/g_tage.u_tage/g_tab[0].pv_p_reg_r1_0_63_0_2/RAMA/CLK
Low Pulse Width   Slow    RAMD64E/CLK         n/a            0.768         3.500       2.732      SLICE_X38Y60  u_soc/Core_cpu/u_ifu_subsys/g_tage.u_tage/g_tab[0].pv_p_reg_r1_0_63_0_2/RAMB/CLK
Low Pulse Width   Fast    RAMD64E/CLK         n/a            0.768         3.500       2.732      SLICE_X38Y60  u_soc/Core_cpu/u_ifu_subsys/g_tage.u_tage/g_tab[0].pv_p_reg_r1_0_63_0_2/RAMB/CLK
Low Pulse Width   Slow    RAMD64E/CLK         n/a            0.768         3.500       2.732      SLICE_X38Y60  u_soc/Core_cpu/u_ifu_subsys/g_tage.u_tage/g_tab[0].pv_p_reg_r1_0_63_0_2/RAMC/CLK
Low Pulse Width   Fast    RAMD64E/CLK         n/a            0.768         3.500       2.732      SLICE_X38Y60  u_soc/Core_cpu/u_ifu_subsys/g_tage.u_tage/g_tab[0].pv_p_reg_r1_0_63_0_2/RAMC/CLK
Low Pulse Width   Slow    RAMD64E/CLK         n/a            0.768         3.500       2.732      SLICE_X38Y60  u_soc/Core_cpu/u_ifu_subsys/g_tage.u_tage/g_tab[0].pv_p_reg_r1_0_63_0_2/RAMD/CLK
Low Pulse Width   Fast    RAMD64E/CLK         n/a            0.768         3.500       2.732      SLICE_X38Y60  u_soc/Core_cpu/u_ifu_subsys/g_tage.u_tage/g_tab[0].pv_p_reg_r1_0_63_0_2/RAMD/CLK
Low Pulse Width   Slow    RAMD64E/CLK         n/a            0.768         3.500       2.732      SLICE_X42Y61  u_soc/Core_cpu/u_ifu_subsys/g_tage.u_tage/g_tab[0].pv_p_reg_r1_0_63_12_14/RAMA/CLK
Low Pulse Width   Fast    RAMD64E/CLK         n/a            0.768         3.500       2.732      SLICE_X42Y61  u_soc/Core_cpu/u_ifu_subsys/g_tage.u_tage/g_tab[0].pv_p_reg_r1_0_63_12_14/RAMA/CLK
Low Pulse Width   Slow    RAMD64E/CLK         n/a            0.768         3.500       2.732      SLICE_X42Y61  u_soc/Core_cpu/u_ifu_subsys/g_tage.u_tage/g_tab[0].pv_p_reg_r1_0_63_12_14/RAMB/CLK
Low Pulse Width   Fast    RAMD64E/CLK         n/a            0.768         3.500       2.732      SLICE_X42Y61  u_soc/Core_cpu/u_ifu_subsys/g_tage.u_tage/g_tab[0].pv_p_reg_r1_0_63_12_14/RAMB/CLK
Low Pulse Width   Slow    RAMD64E/CLK         n/a            0.768         3.500       2.732      SLICE_X42Y61  u_soc/Core_cpu/u_ifu_subsys/g_tage.u_tage/g_tab[0].pv_p_reg_r1_0_63_12_14/RAMC/CLK
Low Pulse Width   Fast    RAMD64E/CLK         n/a            0.768         3.500       2.732      SLICE_X42Y61  u_soc/Core_cpu/u_ifu_subsys/g_tage.u_tage/g_tab[0].pv_p_reg_r1_0_63_12_14/RAMC/CLK
Low Pulse Width   Slow    RAMD64E/CLK         n/a            0.768         3.500       2.732      SLICE_X42Y61  u_soc/Core_cpu/u_ifu_subsys/g_tage.u_tage/g_tab[0].pv_p_reg_r1_0_63_12_14/RAMD/CLK
Low Pulse Width   Fast    RAMD64E/CLK         n/a            0.768         3.500       2.732      SLICE_X42Y61  u_soc/Core_cpu/u_ifu_subsys/g_tage.u_tage/g_tab[0].pv_p_reg_r1_0_63_12_14/RAMD/CLK
Low Pulse Width   Slow    RAMD64E/CLK         n/a            0.768         3.500       2.732      SLICE_X38Y63  u_soc/Core_cpu/u_ifu_subsys/g_tage.u_tage/g_tab[0].pv_p_reg_r1_0_63_15_17/RAMA/CLK
Low Pulse Width   Fast    RAMD64E/CLK         n/a            0.768         3.500       2.732      SLICE_X38Y63  u_soc/Core_cpu/u_ifu_subsys/g_tage.u_tage/g_tab[0].pv_p_reg_r1_0_63_15_17/RAMA/CLK
Low Pulse Width   Slow    RAMD64E/CLK         n/a            0.768         3.500       2.732      SLICE_X38Y63  u_soc/Core_cpu/u_ifu_subsys/g_tage.u_tage/g_tab[0].pv_p_reg_r1_0_63_15_17/RAMB/CLK
Low Pulse Width   Fast    RAMD64E/CLK         n/a            0.768         3.500       2.732      SLICE_X38Y63  u_soc/Core_cpu/u_ifu_subsys/g_tage.u_tage/g_tab[0].pv_p_reg_r1_0_63_15_17/RAMB/CLK
High Pulse Width  Slow    RAMD64E/CLK         n/a            0.768         3.500       2.732      SLICE_X38Y60  u_soc/Core_cpu/u_ifu_subsys/g_tage.u_tage/g_tab[0].pv_p_reg_r1_0_63_0_2/RAMA/CLK
High Pulse Width  Fast    RAMD64E/CLK         n/a            0.768         3.500       2.732      SLICE_X38Y60  u_soc/Core_cpu/u_ifu_subsys/g_tage.u_tage/g_tab[0].pv_p_reg_r1_0_63_0_2/RAMA/CLK
High Pulse Width  Slow    RAMD64E/CLK         n/a            0.768         3.500       2.732      SLICE_X38Y60  u_soc/Core_cpu/u_ifu_subsys/g_tage.u_tage/g_tab[0].pv_p_reg_r1_0_63_0_2/RAMB/CLK
High Pulse Width  Fast    RAMD64E/CLK         n/a            0.768         3.500       2.732      SLICE_X38Y60  u_soc/Core_cpu/u_ifu_subsys/g_tage.u_tage/g_tab[0].pv_p_reg_r1_0_63_0_2/RAMB/CLK
High Pulse Width  Slow    RAMD64E/CLK         n/a            0.768         3.500       2.732      SLICE_X38Y60  u_soc/Core_cpu/u_ifu_subsys/g_tage.u_tage/g_tab[0].pv_p_reg_r1_0_63_0_2/RAMC/CLK
High Pulse Width  Fast    RAMD64E/CLK         n/a            0.768         3.500       2.732      SLICE_X38Y60  u_soc/Core_cpu/u_ifu_subsys/g_tage.u_tage/g_tab[0].pv_p_reg_r1_0_63_0_2/RAMC/CLK
High Pulse Width  Slow    RAMD64E/CLK         n/a            0.768         3.500       2.732      SLICE_X38Y60  u_soc/Core_cpu/u_ifu_subsys/g_tage.u_tage/g_tab[0].pv_p_reg_r1_0_63_0_2/RAMD/CLK
High Pulse Width  Fast    RAMD64E/CLK         n/a            0.768         3.500       2.732      SLICE_X38Y60  u_soc/Core_cpu/u_ifu_subsys/g_tage.u_tage/g_tab[0].pv_p_reg_r1_0_63_0_2/RAMD/CLK
High Pulse Width  Slow    RAMD64E/CLK         n/a            0.768         3.500       2.732      SLICE_X42Y61  u_soc/Core_cpu/u_ifu_subsys/g_tage.u_tage/g_tab[0].pv_p_reg_r1_0_63_12_14/RAMA/CLK
High Pulse Width  Fast    RAMD64E/CLK         n/a            0.768         3.500       2.732      SLICE_X42Y61  u_soc/Core_cpu/u_ifu_subsys/g_tage.u_tage/g_tab[0].pv_p_reg_r1_0_63_12_14/RAMA/CLK
High Pulse Width  Slow    RAMD64E/CLK         n/a            0.768         3.500       2.732      SLICE_X42Y61  u_soc/Core_cpu/u_ifu_subsys/g_tage.u_tage/g_tab[0].pv_p_reg_r1_0_63_12_14/RAMB/CLK
High Pulse Width  Fast    RAMD64E/CLK         n/a            0.768         3.500       2.732      SLICE_X42Y61  u_soc/Core_cpu/u_ifu_subsys/g_tage.u_tage/g_tab[0].pv_p_reg_r1_0_63_12_14/RAMB/CLK
High Pulse Width  Slow    RAMD64E/CLK         n/a            0.768         3.500       2.732      SLICE_X42Y61  u_soc/Core_cpu/u_ifu_subsys/g_tage.u_tage/g_tab[0].pv_p_reg_r1_0_63_12_14/RAMC/CLK
High Pulse Width  Fast    RAMD64E/CLK         n/a            0.768         3.500       2.732      SLICE_X42Y61  u_soc/Core_cpu/u_ifu_subsys/g_tage.u_tage/g_tab[0].pv_p_reg_r1_0_63_12_14/RAMC/CLK
High Pulse Width  Slow    RAMD64E/CLK         n/a            0.768         3.500       2.732      SLICE_X42Y61  u_soc/Core_cpu/u_ifu_subsys/g_tage.u_tage/g_tab[0].pv_p_reg_r1_0_63_12_14/RAMD/CLK
High Pulse Width  Fast    RAMD64E/CLK         n/a            0.768         3.500       2.732      SLICE_X42Y61  u_soc/Core_cpu/u_ifu_subsys/g_tage.u_tage/g_tab[0].pv_p_reg_r1_0_63_12_14/RAMD/CLK
High Pulse Width  Slow    RAMD64E/CLK         n/a            0.768         3.500       2.732      SLICE_X38Y63  u_soc/Core_cpu/u_ifu_subsys/g_tage.u_tage/g_tab[0].pv_p_reg_r1_0_63_15_17/RAMA/CLK
High Pulse Width  Fast    RAMD64E/CLK         n/a            0.768         3.500       2.732      SLICE_X38Y63  u_soc/Core_cpu/u_ifu_subsys/g_tage.u_tage/g_tab[0].pv_p_reg_r1_0_63_15_17/RAMA/CLK
High Pulse Width  Slow    RAMD64E/CLK         n/a            0.768         3.500       2.732      SLICE_X38Y63  u_soc/Core_cpu/u_ifu_subsys/g_tage.u_tage/g_tab[0].pv_p_reg_r1_0_63_15_17/RAMB/CLK
High Pulse Width  Fast    RAMD64E/CLK         n/a            0.768         3.500       2.732      SLICE_X38Y63  u_soc/Core_cpu/u_ifu_subsys/g_tage.u_tage/g_tab[0].pv_p_reg_r1_0_63_15_17/RAMB/CLK



---------------------------------------------------------------------------------------------------
Path Group:  **async_default**
From Clock:  clk
  To Clock:  clk

Setup :            0  Failing Endpoints,  Worst Slack        1.860ns,  Total Violation        0.000ns
Hold  :           NA  Failing Endpoints,  Worst Slack           NA  ,  Total Violation           NA
---------------------------------------------------------------------------------------------------


Max Delay Paths
--------------------------------------------------------------------------------------
Slack (MET) :             1.860ns  (required time - arrival time)
  Source:                 u_soc/rst_cpu_reg_rep__8/C
                            (rising edge-triggered cell FDPE clocked by clk  {rise@0.000ns fall@3.500ns period=7.000ns})
  Destination:            u_soc/Core_cpu/U_EX_MEM/mem_exc_tval_reg[4]/CLR
                            (recovery check against rising-edge clock clk  {rise@0.000ns fall@3.500ns period=7.000ns})
  Path Group:             **async_default**
  Path Type:              Recovery (Max at Slow Process Corner)
  Requirement:            7.000ns  (clk rise@7.000ns - clk rise@0.000ns)
  Data Path Delay:        4.767ns  (logic 0.259ns (5.433%)  route 4.508ns (94.567%))
  Logic Levels:           0  
  Clock Path Skew:        -0.126ns (DCD - SCD + CPR)
    Destination Clock Delay (DCD):    4.686ns = ( 11.686 - 7.000 ) 
    Source Clock Delay      (SCD):    5.121ns
    Clock Pessimism Removal (CPR):    0.310ns
  Clock Uncertainty:      0.035ns  ((TSJ^2 + TIJ^2)^1/2 + DJ) / 2 + PE
    Total System Jitter     (TSJ):    0.071ns
    Total Input Jitter      (TIJ):    0.000ns
    Discrete Jitter          (DJ):    0.000ns
    Phase Error              (PE):    0.000ns

    Location             Delay type                Incr(ns)  Path(ns)    Netlist Resource(s)
  -------------------------------------------------------------------    -------------------
                         (clock clk rise edge)        0.000     0.000 r  
    AE23                                              0.000     0.000 r  clk (IN)
                         net (fo=0)                   0.000     0.000    clk
    AE23                 IBUF (Prop_ibuf_I_O)         0.734     0.734 r  clk_IBUF_inst/O
                         net (fo=1, routed)           2.651     3.385    clk_IBUF
    BUFGCTRL_X0Y0        BUFG (Prop_bufg_I_O)         0.093     3.478 r  u_bufg/O
                         net (fo=5747, routed)        1.643     5.121    u_soc/clk_buf
    SLICE_X20Y53         FDPE                                         r  u_soc/rst_cpu_reg_rep__8/C
  -------------------------------------------------------------------    -------------------
    SLICE_X20Y53         FDPE (Prop_fdpe_C_Q)         0.259     5.380 f  u_soc/rst_cpu_reg_rep__8/Q
                         net (fo=184, routed)         4.508     9.888    u_soc/Core_cpu/U_EX_MEM/AR[0]
    SLICE_X60Y88         FDCE                                         f  u_soc/Core_cpu/U_EX_MEM/mem_exc_tval_reg[4]/CLR
  -------------------------------------------------------------------    -------------------

                         (clock clk rise edge)        7.000     7.000 r  
    AE23                                              0.000     7.000 r  clk (IN)
                         net (fo=0)                   0.000     7.000    clk
    AE23                 IBUF (Prop_ibuf_I_O)         0.660     7.660 r  clk_IBUF_inst/O
                         net (fo=1, routed)           2.516    10.176    clk_IBUF
    BUFGCTRL_X0Y0        BUFG (Prop_bufg_I_O)         0.083    10.259 r  u_bufg/O
                         net (fo=5747, routed)        1.427    11.686    u_soc/Core_cpu/U_EX_MEM/clk_buf
    SLICE_X60Y88         FDCE                                         r  u_soc/Core_cpu/U_EX_MEM/mem_exc_tval_reg[4]/C
                         clock pessimism              0.310    11.995    
                         clock uncertainty           -0.035    11.960    
    SLICE_X60Y88         FDCE (Recov_fdce_C_CLR)     -0.212    11.748    u_soc/Core_cpu/U_EX_MEM/mem_exc_tval_reg[4]
  -------------------------------------------------------------------
                         required time                         11.748    
                         arrival time                          -9.888    
  -------------------------------------------------------------------
                         slack                                  1.860    

Slack (MET) :             1.915ns  (required time - arrival time)
  Source:                 u_soc/rst_cpu_reg_rep__8/C
                            (rising edge-triggered cell FDPE clocked by clk  {rise@0.000ns fall@3.500ns period=7.000ns})
  Destination:            u_soc/Core_cpu/U_EX_MEM/mem_exc_tval_reg[3]/CLR
                            (recovery check against rising-edge clock clk  {rise@0.000ns fall@3.500ns period=7.000ns})
  Path Group:             **async_default**
  Path Type:              Recovery (Max at Slow Process Corner)
  Requirement:            7.000ns  (clk rise@7.000ns - clk rise@0.000ns)
  Data Path Delay:        4.770ns  (logic 0.259ns (5.430%)  route 4.511ns (94.570%))
  Logic Levels:           0  
  Clock Path Skew:        -0.126ns (DCD - SCD + CPR)
    Destination Clock Delay (DCD):    4.686ns = ( 11.686 - 7.000 ) 
    Source Clock Delay      (SCD):    5.121ns
    Clock Pessimism Removal (CPR):    0.310ns
  Clock Uncertainty:      0.035ns  ((TSJ^2 + TIJ^2)^1/2 + DJ) / 2 + PE
    Total System Jitter     (TSJ):    0.071ns
    Total Input Jitter      (TIJ):    0.000ns
    Discrete Jitter          (DJ):    0.000ns
    Phase Error              (PE):    0.000ns

    Location             Delay type                Incr(ns)  Path(ns)    Netlist Resource(s)
  -------------------------------------------------------------------    -------------------
                         (clock clk rise edge)        0.000     0.000 r  
    AE23                                              0.000     0.000 r  clk (IN)
                         net (fo=0)                   0.000     0.000    clk
    AE23                 IBUF (Prop_ibuf_I_O)         0.734     0.734 r  clk_IBUF_inst/O
                         net (fo=1, routed)           2.651     3.385    clk_IBUF
    BUFGCTRL_X0Y0        BUFG (Prop_bufg_I_O)         0.093     3.478 r  u_bufg/O
                         net (fo=5747, routed)        1.643     5.121    u_soc/clk_buf
    SLICE_X20Y53         FDPE                                         r  u_soc/rst_cpu_reg_rep__8/C
  -------------------------------------------------------------------    -------------------
    SLICE_X20Y53         FDPE (Prop_fdpe_C_Q)         0.259     5.380 f  u_soc/rst_cpu_reg_rep__8/Q
                         net (fo=184, routed)         4.511     9.891    u_soc/Core_cpu/U_EX_MEM/AR[0]
    SLICE_X58Y87         FDCE                                         f  u_soc/Core_cpu/U_EX_MEM/mem_exc_tval_reg[3]/CLR
  -------------------------------------------------------------------    -------------------

                         (clock clk rise edge)        7.000     7.000 r  
    AE23                                              0.000     7.000 r  clk (IN)
                         net (fo=0)                   0.000     7.000    clk
    AE23                 IBUF (Prop_ibuf_I_O)         0.660     7.660 r  clk_IBUF_inst/O
                         net (fo=1, routed)           2.516    10.176    clk_IBUF
    BUFGCTRL_X0Y0        BUFG (Prop_bufg_I_O)         0.083    10.259 r  u_bufg/O
                         net (fo=5747, routed)        1.427    11.686    u_soc/Core_cpu/U_EX_MEM/clk_buf
    SLICE_X58Y87         FDCE                                         r  u_soc/Core_cpu/U_EX_MEM/mem_exc_tval_reg[3]/C
                         clock pessimism              0.310    11.995    
                         clock uncertainty           -0.035    11.960    
    SLICE_X58Y87         FDCE (Recov_fdce_C_CLR)     -0.154    11.806    u_soc/Core_cpu/U_EX_MEM/mem_exc_tval_reg[3]
  -------------------------------------------------------------------
                         required time                         11.806    
                         arrival time                          -9.891    
  -------------------------------------------------------------------
                         slack                                  1.915    

Slack (MET) :             1.920ns  (required time - arrival time)
  Source:                 u_soc/rst_cpu_reg_rep__8/C
                            (rising edge-triggered cell FDPE clocked by clk  {rise@0.000ns fall@3.500ns period=7.000ns})
  Destination:            u_soc/Core_cpu/U_EX_MEM/mem_exc_tval_reg[23]/CLR
                            (recovery check against rising-edge clock clk  {rise@0.000ns fall@3.500ns period=7.000ns})
  Path Group:             **async_default**
  Path Type:              Recovery (Max at Slow Process Corner)
  Requirement:            7.000ns  (clk rise@7.000ns - clk rise@0.000ns)
  Data Path Delay:        4.710ns  (logic 0.259ns (5.498%)  route 4.451ns (94.502%))
  Logic Levels:           0  
  Clock Path Skew:        -0.122ns (DCD - SCD + CPR)
    Destination Clock Delay (DCD):    4.690ns = ( 11.690 - 7.000 ) 
    Source Clock Delay      (SCD):    5.121ns
    Clock Pessimism Removal (CPR):    0.310ns
  Clock Uncertainty:      0.035ns  ((TSJ^2 + TIJ^2)^1/2 + DJ) / 2 + PE
    Total System Jitter     (TSJ):    0.071ns
    Total Input Jitter      (TIJ):    0.000ns
    Discrete Jitter          (DJ):    0.000ns
    Phase Error              (PE):    0.000ns

    Location             Delay type                Incr(ns)  Path(ns)    Netlist Resource(s)
  -------------------------------------------------------------------    -------------------
                         (clock clk rise edge)        0.000     0.000 r  
    AE23                                              0.000     0.000 r  clk (IN)
                         net (fo=0)                   0.000     0.000    clk
    AE23                 IBUF (Prop_ibuf_I_O)         0.734     0.734 r  clk_IBUF_inst/O
                         net (fo=1, routed)           2.651     3.385    clk_IBUF
    BUFGCTRL_X0Y0        BUFG (Prop_bufg_I_O)         0.093     3.478 r  u_bufg/O
                         net (fo=5747, routed)        1.643     5.121    u_soc/clk_buf
    SLICE_X20Y53         FDPE                                         r  u_soc/rst_cpu_reg_rep__8/C
  -------------------------------------------------------------------    -------------------
    SLICE_X20Y53         FDPE (Prop_fdpe_C_Q)         0.259     5.380 f  u_soc/rst_cpu_reg_rep__8/Q
                         net (fo=184, routed)         4.451     9.832    u_soc/Core_cpu/U_EX_MEM/AR[0]
    SLICE_X59Y96         FDCE                                         f  u_soc/Core_cpu/U_EX_MEM/mem_exc_tval_reg[23]/CLR
  -------------------------------------------------------------------    -------------------

                         (clock clk rise edge)        7.000     7.000 r  
    AE23                                              0.000     7.000 r  clk (IN)
                         net (fo=0)                   0.000     7.000    clk
    AE23                 IBUF (Prop_ibuf_I_O)         0.660     7.660 r  clk_IBUF_inst/O
                         net (fo=1, routed)           2.516    10.176    clk_IBUF
    BUFGCTRL_X0Y0        BUFG (Prop_bufg_I_O)         0.083    10.259 r  u_bufg/O
                         net (fo=5747, routed)        1.431    11.690    u_soc/Core_cpu/U_EX_MEM/clk_buf
    SLICE_X59Y96         FDCE                                         r  u_soc/Core_cpu/U_EX_MEM/mem_exc_tval_reg[23]/C
                         clock pessimism              0.310    11.999    
                         clock uncertainty           -0.035    11.964    
    SLICE_X59Y96         FDCE (Recov_fdce_C_CLR)     -0.212    11.752    u_soc/Core_cpu/U_EX_MEM/mem_exc_tval_reg[23]
  -------------------------------------------------------------------
                         required time                         11.752    
                         arrival time                          -9.832    
  -------------------------------------------------------------------
                         slack                                  1.920    

Slack (MET) :             1.987ns  (required time - arrival time)
  Source:                 u_soc/rst_cpu_reg_rep__8/C
                            (rising edge-triggered cell FDPE clocked by clk  {rise@0.000ns fall@3.500ns period=7.000ns})
  Destination:            u_soc/Core_cpu/U_EX_MEM/mem_exc_tval_reg[17]/CLR
                            (recovery check against rising-edge clock clk  {rise@0.000ns fall@3.500ns period=7.000ns})
  Path Group:             **async_default**
  Path Type:              Recovery (Max at Slow Process Corner)
  Requirement:            7.000ns  (clk rise@7.000ns - clk rise@0.000ns)
  Data Path Delay:        4.642ns  (logic 0.259ns (5.580%)  route 4.383ns (94.420%))
  Logic Levels:           0  
  Clock Path Skew:        -0.124ns (DCD - SCD + CPR)
    Destination Clock Delay (DCD):    4.688ns = ( 11.688 - 7.000 ) 
    Source Clock Delay      (SCD):    5.121ns
    Clock Pessimism Removal (CPR):    0.310ns
  Clock Uncertainty:      0.035ns  ((TSJ^2 + TIJ^2)^1/2 + DJ) / 2 + PE
    Total System Jitter     (TSJ):    0.071ns
    Total Input Jitter      (TIJ):    0.000ns
    Discrete Jitter          (DJ):    0.000ns
    Phase Error              (PE):    0.000ns

    Location             Delay type                Incr(ns)  Path(ns)    Netlist Resource(s)
  -------------------------------------------------------------------    -------------------
                         (clock clk rise edge)        0.000     0.000 r  
    AE23                                              0.000     0.000 r  clk (IN)
                         net (fo=0)                   0.000     0.000    clk
    AE23                 IBUF (Prop_ibuf_I_O)         0.734     0.734 r  clk_IBUF_inst/O
                         net (fo=1, routed)           2.651     3.385    clk_IBUF
    BUFGCTRL_X0Y0        BUFG (Prop_bufg_I_O)         0.093     3.478 r  u_bufg/O
                         net (fo=5747, routed)        1.643     5.121    u_soc/clk_buf
    SLICE_X20Y53         FDPE                                         r  u_soc/rst_cpu_reg_rep__8/C
  -------------------------------------------------------------------    -------------------
    SLICE_X20Y53         FDPE (Prop_fdpe_C_Q)         0.259     5.380 f  u_soc/rst_cpu_reg_rep__8/Q
                         net (fo=184, routed)         4.383     9.763    u_soc/Core_cpu/U_EX_MEM/AR[0]
    SLICE_X59Y90         FDCE                                         f  u_soc/Core_cpu/U_EX_MEM/mem_exc_tval_reg[17]/CLR
  -------------------------------------------------------------------    -------------------

                         (clock clk rise edge)        7.000     7.000 r  
    AE23                                              0.000     7.000 r  clk (IN)
                         net (fo=0)                   0.000     7.000    clk
    AE23                 IBUF (Prop_ibuf_I_O)         0.660     7.660 r  clk_IBUF_inst/O
                         net (fo=1, routed)           2.516    10.176    clk_IBUF
    BUFGCTRL_X0Y0        BUFG (Prop_bufg_I_O)         0.083    10.259 r  u_bufg/O
                         net (fo=5747, routed)        1.429    11.688    u_soc/Core_cpu/U_EX_MEM/clk_buf
    SLICE_X59Y90         FDCE                                         r  u_soc/Core_cpu/U_EX_MEM/mem_exc_tval_reg[17]/C
                         clock pessimism              0.310    11.997    
                         clock uncertainty           -0.035    11.962    
    SLICE_X59Y90         FDCE (Recov_fdce_C_CLR)     -0.212    11.750    u_soc/Core_cpu/U_EX_MEM/mem_exc_tval_reg[17]
  -------------------------------------------------------------------
                         required time                         11.750    
                         arrival time                          -9.763    
  -------------------------------------------------------------------
                         slack                                  1.987    

Slack (MET) :             1.987ns  (required time - arrival time)
  Source:                 u_soc/rst_cpu_reg_rep__8/C
                            (rising edge-triggered cell FDPE clocked by clk  {rise@0.000ns fall@3.500ns period=7.000ns})
  Destination:            u_soc/Core_cpu/U_EX_MEM/mem_exc_tval_reg[18]/CLR
                            (recovery check against rising-edge clock clk  {rise@0.000ns fall@3.500ns period=7.000ns})
  Path Group:             **async_default**
  Path Type:              Recovery (Max at Slow Process Corner)
  Requirement:            7.000ns  (clk rise@7.000ns - clk rise@0.000ns)
  Data Path Delay:        4.642ns  (logic 0.259ns (5.580%)  route 4.383ns (94.420%))
  Logic Levels:           0  
  Clock Path Skew:        -0.124ns (DCD - SCD + CPR)
    Destination Clock Delay (DCD):    4.688ns = ( 11.688 - 7.000 ) 
    Source Clock Delay      (SCD):    5.121ns
    Clock Pessimism Removal (CPR):    0.310ns
  Clock Uncertainty:      0.035ns  ((TSJ^2 + TIJ^2)^1/2 + DJ) / 2 + PE
    Total System Jitter     (TSJ):    0.071ns
    Total Input Jitter      (TIJ):    0.000ns
    Discrete Jitter          (DJ):    0.000ns
    Phase Error              (PE):    0.000ns

    Location             Delay type                Incr(ns)  Path(ns)    Netlist Resource(s)
  -------------------------------------------------------------------    -------------------
                         (clock clk rise edge)        0.000     0.000 r  
    AE23                                              0.000     0.000 r  clk (IN)
                         net (fo=0)                   0.000     0.000    clk
    AE23                 IBUF (Prop_ibuf_I_O)         0.734     0.734 r  clk_IBUF_inst/O
                         net (fo=1, routed)           2.651     3.385    clk_IBUF
    BUFGCTRL_X0Y0        BUFG (Prop_bufg_I_O)         0.093     3.478 r  u_bufg/O
                         net (fo=5747, routed)        1.643     5.121    u_soc/clk_buf
    SLICE_X20Y53         FDPE                                         r  u_soc/rst_cpu_reg_rep__8/C
  -------------------------------------------------------------------    -------------------
    SLICE_X20Y53         FDPE (Prop_fdpe_C_Q)         0.259     5.380 f  u_soc/rst_cpu_reg_rep__8/Q
                         net (fo=184, routed)         4.383     9.763    u_soc/Core_cpu/U_EX_MEM/AR[0]
    SLICE_X59Y90         FDCE                                         f  u_soc/Core_cpu/U_EX_MEM/mem_exc_tval_reg[18]/CLR
  -------------------------------------------------------------------    -------------------

                         (clock clk rise edge)        7.000     7.000 r  
    AE23                                              0.000     7.000 r  clk (IN)
                         net (fo=0)                   0.000     7.000    clk
    AE23                 IBUF (Prop_ibuf_I_O)         0.660     7.660 r  clk_IBUF_inst/O
                         net (fo=1, routed)           2.516    10.176    clk_IBUF
    BUFGCTRL_X0Y0        BUFG (Prop_bufg_I_O)         0.083    10.259 r  u_bufg/O
                         net (fo=5747, routed)        1.429    11.688    u_soc/Core_cpu/U_EX_MEM/clk_buf
    SLICE_X59Y90         FDCE                                         r  u_soc/Core_cpu/U_EX_MEM/mem_exc_tval_reg[18]/C
                         clock pessimism              0.310    11.997    
                         clock uncertainty           -0.035    11.962    
    SLICE_X59Y90         FDCE (Recov_fdce_C_CLR)     -0.212    11.750    u_soc/Core_cpu/U_EX_MEM/mem_exc_tval_reg[18]
  -------------------------------------------------------------------
                         required time                         11.750    
                         arrival time                          -9.763    
  -------------------------------------------------------------------
                         slack                                  1.987    

Slack (MET) :             2.047ns  (required time - arrival time)
  Source:                 u_soc/rst_cpu_reg_rep__8/C
                            (rising edge-triggered cell FDPE clocked by clk  {rise@0.000ns fall@3.500ns period=7.000ns})
  Destination:            u_soc/Core_cpu/U_EX_MEM/mem_exc_tval_reg[2]/CLR
                            (recovery check against rising-edge clock clk  {rise@0.000ns fall@3.500ns period=7.000ns})
  Path Group:             **async_default**
  Path Type:              Recovery (Max at Slow Process Corner)
  Requirement:            7.000ns  (clk rise@7.000ns - clk rise@0.000ns)
  Data Path Delay:        4.607ns  (logic 0.259ns (5.621%)  route 4.348ns (94.379%))
  Logic Levels:           0  
  Clock Path Skew:        -0.123ns (DCD - SCD + CPR)
    Destination Clock Delay (DCD):    4.689ns = ( 11.689 - 7.000 ) 
    Source Clock Delay      (SCD):    5.121ns
    Clock Pessimism Removal (CPR):    0.310ns
  Clock Uncertainty:      0.035ns  ((TSJ^2 + TIJ^2)^1/2 + DJ) / 2 + PE
    Total System Jitter     (TSJ):    0.071ns
    Total Input Jitter      (TIJ):    0.000ns
    Discrete Jitter          (DJ):    0.000ns
    Phase Error              (PE):    0.000ns

    Location             Delay type                Incr(ns)  Path(ns)    Netlist Resource(s)
  -------------------------------------------------------------------    -------------------
                         (clock clk rise edge)        0.000     0.000 r  
    AE23                                              0.000     0.000 r  clk (IN)
                         net (fo=0)                   0.000     0.000    clk
    AE23                 IBUF (Prop_ibuf_I_O)         0.734     0.734 r  clk_IBUF_inst/O
                         net (fo=1, routed)           2.651     3.385    clk_IBUF
    BUFGCTRL_X0Y0        BUFG (Prop_bufg_I_O)         0.093     3.478 r  u_bufg/O
                         net (fo=5747, routed)        1.643     5.121    u_soc/clk_buf
    SLICE_X20Y53         FDPE                                         r  u_soc/rst_cpu_reg_rep__8/C
  -------------------------------------------------------------------    -------------------
    SLICE_X20Y53         FDPE (Prop_fdpe_C_Q)         0.259     5.380 f  u_soc/rst_cpu_reg_rep__8/Q
                         net (fo=184, routed)         4.348     9.729    u_soc/Core_cpu/U_EX_MEM/AR[0]
    SLICE_X58Y92         FDCE                                         f  u_soc/Core_cpu/U_EX_MEM/mem_exc_tval_reg[2]/CLR
  -------------------------------------------------------------------    -------------------

                         (clock clk rise edge)        7.000     7.000 r  
    AE23                                              0.000     7.000 r  clk (IN)
                         net (fo=0)                   0.000     7.000    clk
    AE23                 IBUF (Prop_ibuf_I_O)         0.660     7.660 r  clk_IBUF_inst/O
                         net (fo=1, routed)           2.516    10.176    clk_IBUF
    BUFGCTRL_X0Y0        BUFG (Prop_bufg_I_O)         0.083    10.259 r  u_bufg/O
                         net (fo=5747, routed)        1.430    11.689    u_soc/Core_cpu/U_EX_MEM/clk_buf
    SLICE_X58Y92         FDCE                                         r  u_soc/Core_cpu/U_EX_MEM/mem_exc_tval_reg[2]/C
                         clock pessimism              0.310    11.998    
                         clock uncertainty           -0.035    11.963    
    SLICE_X58Y92         FDCE (Recov_fdce_C_CLR)     -0.187    11.776    u_soc/Core_cpu/U_EX_MEM/mem_exc_tval_reg[2]
  -------------------------------------------------------------------
                         required time                         11.776    
                         arrival time                          -9.729    
  -------------------------------------------------------------------
                         slack                                  2.047    

Slack (MET) :             2.080ns  (required time - arrival time)
  Source:                 u_soc/rst_cpu_reg_rep__8/C
                            (rising edge-triggered cell FDPE clocked by clk  {rise@0.000ns fall@3.500ns period=7.000ns})
  Destination:            u_soc/Core_cpu/U_EX_MEM/mem_exc_tval_reg[19]/CLR
                            (recovery check against rising-edge clock clk  {rise@0.000ns fall@3.500ns period=7.000ns})
  Path Group:             **async_default**
  Path Type:              Recovery (Max at Slow Process Corner)
  Requirement:            7.000ns  (clk rise@7.000ns - clk rise@0.000ns)
  Data Path Delay:        4.607ns  (logic 0.259ns (5.621%)  route 4.348ns (94.379%))
  Logic Levels:           0  
  Clock Path Skew:        -0.123ns (DCD - SCD + CPR)
    Destination Clock Delay (DCD):    4.689ns = ( 11.689 - 7.000 ) 
    Source Clock Delay      (SCD):    5.121ns
    Clock Pessimism Removal (CPR):    0.310ns
  Clock Uncertainty:      0.035ns  ((TSJ^2 + TIJ^2)^1/2 + DJ) / 2 + PE
    Total System Jitter     (TSJ):    0.071ns
    Total Input Jitter      (TIJ):    0.000ns
    Discrete Jitter          (DJ):    0.000ns
    Phase Error              (PE):    0.000ns

    Location             Delay type                Incr(ns)  Path(ns)    Netlist Resource(s)
  -------------------------------------------------------------------    -------------------
                         (clock clk rise edge)        0.000     0.000 r  
    AE23                                              0.000     0.000 r  clk (IN)
                         net (fo=0)                   0.000     0.000    clk
    AE23                 IBUF (Prop_ibuf_I_O)         0.734     0.734 r  clk_IBUF_inst/O
                         net (fo=1, routed)           2.651     3.385    clk_IBUF
    BUFGCTRL_X0Y0        BUFG (Prop_bufg_I_O)         0.093     3.478 r  u_bufg/O
                         net (fo=5747, routed)        1.643     5.121    u_soc/clk_buf
    SLICE_X20Y53         FDPE                                         r  u_soc/rst_cpu_reg_rep__8/C
  -------------------------------------------------------------------    -------------------
    SLICE_X20Y53         FDPE (Prop_fdpe_C_Q)         0.259     5.380 f  u_soc/rst_cpu_reg_rep__8/Q
                         net (fo=184, routed)         4.348     9.729    u_soc/Core_cpu/U_EX_MEM/AR[0]
    SLICE_X58Y92         FDCE                                         f  u_soc/Core_cpu/U_EX_MEM/mem_exc_tval_reg[19]/CLR
  -------------------------------------------------------------------    -------------------

                         (clock clk rise edge)        7.000     7.000 r  
    AE23                                              0.000     7.000 r  clk (IN)
                         net (fo=0)                   0.000     7.000    clk
    AE23                 IBUF (Prop_ibuf_I_O)         0.660     7.660 r  clk_IBUF_inst/O
                         net (fo=1, routed)           2.516    10.176    clk_IBUF
    BUFGCTRL_X0Y0        BUFG (Prop_bufg_I_O)         0.083    10.259 r  u_bufg/O
                         net (fo=5747, routed)        1.430    11.689    u_soc/Core_cpu/U_EX_MEM/clk_buf
    SLICE_X58Y92         FDCE                                         r  u_soc/Core_cpu/U_EX_MEM/mem_exc_tval_reg[19]/C
                         clock pessimism              0.310    11.998    
                         clock uncertainty           -0.035    11.963    
    SLICE_X58Y92         FDCE (Recov_fdce_C_CLR)     -0.154    11.809    u_soc/Core_cpu/U_EX_MEM/mem_exc_tval_reg[19]
  -------------------------------------------------------------------
                         required time                         11.809    
                         arrival time                          -9.729    
  -------------------------------------------------------------------
                         slack                                  2.080    

Slack (MET) :             2.093ns  (required time - arrival time)
  Source:                 u_soc/rst_cpu_reg_rep__8/C
                            (rising edge-triggered cell FDPE clocked by clk  {rise@0.000ns fall@3.500ns period=7.000ns})
  Destination:            u_soc/Core_cpu/U_EX_MEM/mem_exc_tval_reg[5]/CLR
                            (recovery check against rising-edge clock clk  {rise@0.000ns fall@3.500ns period=7.000ns})
  Path Group:             **async_default**
  Path Type:              Recovery (Max at Slow Process Corner)
  Requirement:            7.000ns  (clk rise@7.000ns - clk rise@0.000ns)
  Data Path Delay:        4.592ns  (logic 0.259ns (5.641%)  route 4.333ns (94.359%))
  Logic Levels:           0  
  Clock Path Skew:        -0.126ns (DCD - SCD + CPR)
    Destination Clock Delay (DCD):    4.686ns = ( 11.686 - 7.000 ) 
    Source Clock Delay      (SCD):    5.121ns
    Clock Pessimism Removal (CPR):    0.310ns
  Clock Uncertainty:      0.035ns  ((TSJ^2 + TIJ^2)^1/2 + DJ) / 2 + PE
    Total System Jitter     (TSJ):    0.071ns
    Total Input Jitter      (TIJ):    0.000ns
    Discrete Jitter          (DJ):    0.000ns
    Phase Error              (PE):    0.000ns

    Location             Delay type                Incr(ns)  Path(ns)    Netlist Resource(s)
  -------------------------------------------------------------------    -------------------
                         (clock clk rise edge)        0.000     0.000 r  
    AE23                                              0.000     0.000 r  clk (IN)
                         net (fo=0)                   0.000     0.000    clk
    AE23                 IBUF (Prop_ibuf_I_O)         0.734     0.734 r  clk_IBUF_inst/O
                         net (fo=1, routed)           2.651     3.385    clk_IBUF
    BUFGCTRL_X0Y0        BUFG (Prop_bufg_I_O)         0.093     3.478 r  u_bufg/O
                         net (fo=5747, routed)        1.643     5.121    u_soc/clk_buf
    SLICE_X20Y53         FDPE                                         r  u_soc/rst_cpu_reg_rep__8/C
  -------------------------------------------------------------------    -------------------
    SLICE_X20Y53         FDPE (Prop_fdpe_C_Q)         0.259     5.380 f  u_soc/rst_cpu_reg_rep__8/Q
                         net (fo=184, routed)         4.333     9.713    u_soc/Core_cpu/U_EX_MEM/AR[0]
    SLICE_X58Y88         FDCE                                         f  u_soc/Core_cpu/U_EX_MEM/mem_exc_tval_reg[5]/CLR
  -------------------------------------------------------------------    -------------------

                         (clock clk rise edge)        7.000     7.000 r  
    AE23                                              0.000     7.000 r  clk (IN)
                         net (fo=0)                   0.000     7.000    clk
    AE23                 IBUF (Prop_ibuf_I_O)         0.660     7.660 r  clk_IBUF_inst/O
                         net (fo=1, routed)           2.516    10.176    clk_IBUF
    BUFGCTRL_X0Y0        BUFG (Prop_bufg_I_O)         0.083    10.259 r  u_bufg/O
                         net (fo=5747, routed)        1.427    11.686    u_soc/Core_cpu/U_EX_MEM/clk_buf
    SLICE_X58Y88         FDCE                                         r  u_soc/Core_cpu/U_EX_MEM/mem_exc_tval_reg[5]/C
                         clock pessimism              0.310    11.995    
                         clock uncertainty           -0.035    11.960    
    SLICE_X58Y88         FDCE (Recov_fdce_C_CLR)     -0.154    11.806    u_soc/Core_cpu/U_EX_MEM/mem_exc_tval_reg[5]
  -------------------------------------------------------------------
                         required time                         11.806    
                         arrival time                          -9.713    
  -------------------------------------------------------------------
                         slack                                  2.093    

Slack (MET) :             2.093ns  (required time - arrival time)
  Source:                 u_soc/rst_cpu_reg_rep__8/C
                            (rising edge-triggered cell FDPE clocked by clk  {rise@0.000ns fall@3.500ns period=7.000ns})
  Destination:            u_soc/Core_cpu/U_EX_MEM/mem_exc_tval_reg[6]/CLR
                            (recovery check against rising-edge clock clk  {rise@0.000ns fall@3.500ns period=7.000ns})
  Path Group:             **async_default**
  Path Type:              Recovery (Max at Slow Process Corner)
  Requirement:            7.000ns  (clk rise@7.000ns - clk rise@0.000ns)
  Data Path Delay:        4.592ns  (logic 0.259ns (5.641%)  route 4.333ns (94.359%))
  Logic Levels:           0  
  Clock Path Skew:        -0.126ns (DCD - SCD + CPR)
    Destination Clock Delay (DCD):    4.686ns = ( 11.686 - 7.000 ) 
    Source Clock Delay      (SCD):    5.121ns
    Clock Pessimism Removal (CPR):    0.310ns
  Clock Uncertainty:      0.035ns  ((TSJ^2 + TIJ^2)^1/2 + DJ) / 2 + PE
    Total System Jitter     (TSJ):    0.071ns
    Total Input Jitter      (TIJ):    0.000ns
    Discrete Jitter          (DJ):    0.000ns
    Phase Error              (PE):    0.000ns

    Location             Delay type                Incr(ns)  Path(ns)    Netlist Resource(s)
  -------------------------------------------------------------------    -------------------
                         (clock clk rise edge)        0.000     0.000 r  
    AE23                                              0.000     0.000 r  clk (IN)
                         net (fo=0)                   0.000     0.000    clk
    AE23                 IBUF (Prop_ibuf_I_O)         0.734     0.734 r  clk_IBUF_inst/O
                         net (fo=1, routed)           2.651     3.385    clk_IBUF
    BUFGCTRL_X0Y0        BUFG (Prop_bufg_I_O)         0.093     3.478 r  u_bufg/O
                         net (fo=5747, routed)        1.643     5.121    u_soc/clk_buf
    SLICE_X20Y53         FDPE                                         r  u_soc/rst_cpu_reg_rep__8/C
  -------------------------------------------------------------------    -------------------
    SLICE_X20Y53         FDPE (Prop_fdpe_C_Q)         0.259     5.380 f  u_soc/rst_cpu_reg_rep__8/Q
                         net (fo=184, routed)         4.333     9.713    u_soc/Core_cpu/U_EX_MEM/AR[0]
    SLICE_X58Y88         FDCE                                         f  u_soc/Core_cpu/U_EX_MEM/mem_exc_tval_reg[6]/CLR
  -------------------------------------------------------------------    -------------------

                         (clock clk rise edge)        7.000     7.000 r  
    AE23                                              0.000     7.000 r  clk (IN)
                         net (fo=0)                   0.000     7.000    clk
    AE23                 IBUF (Prop_ibuf_I_O)         0.660     7.660 r  clk_IBUF_inst/O
                         net (fo=1, routed)           2.516    10.176    clk_IBUF
    BUFGCTRL_X0Y0        BUFG (Prop_bufg_I_O)         0.083    10.259 r  u_bufg/O
                         net (fo=5747, routed)        1.427    11.686    u_soc/Core_cpu/U_EX_MEM/clk_buf
    SLICE_X58Y88         FDCE                                         r  u_soc/Core_cpu/U_EX_MEM/mem_exc_tval_reg[6]/C
                         clock pessimism              0.310    11.995    
                         clock uncertainty           -0.035    11.960    
    SLICE_X58Y88         FDCE (Recov_fdce_C_CLR)     -0.154    11.806    u_soc/Core_cpu/U_EX_MEM/mem_exc_tval_reg[6]
  -------------------------------------------------------------------
                         required time                         11.806    
                         arrival time                          -9.713    
  -------------------------------------------------------------------
                         slack                                  2.093    

Slack (MET) :             2.093ns  (required time - arrival time)
  Source:                 u_soc/rst_cpu_reg_rep__8/C
                            (rising edge-triggered cell FDPE clocked by clk  {rise@0.000ns fall@3.500ns period=7.000ns})
  Destination:            u_soc/Core_cpu/U_EX_MEM/mem_exc_tval_reg[7]/CLR
                            (recovery check against rising-edge clock clk  {rise@0.000ns fall@3.500ns period=7.000ns})
  Path Group:             **async_default**
  Path Type:              Recovery (Max at Slow Process Corner)
  Requirement:            7.000ns  (clk rise@7.000ns - clk rise@0.000ns)
  Data Path Delay:        4.592ns  (logic 0.259ns (5.641%)  route 4.333ns (94.359%))
  Logic Levels:           0  
  Clock Path Skew:        -0.126ns (DCD - SCD + CPR)
    Destination Clock Delay (DCD):    4.686ns = ( 11.686 - 7.000 ) 
    Source Clock Delay      (SCD):    5.121ns
    Clock Pessimism Removal (CPR):    0.310ns
  Clock Uncertainty:      0.035ns  ((TSJ^2 + TIJ^2)^1/2 + DJ) / 2 + PE
    Total System Jitter     (TSJ):    0.071ns
    Total Input Jitter      (TIJ):    0.000ns
    Discrete Jitter          (DJ):    0.000ns
    Phase Error              (PE):    0.000ns

    Location             Delay type                Incr(ns)  Path(ns)    Netlist Resource(s)
  -------------------------------------------------------------------    -------------------
                         (clock clk rise edge)        0.000     0.000 r  
    AE23                                              0.000     0.000 r  clk (IN)
                         net (fo=0)                   0.000     0.000    clk
    AE23                 IBUF (Prop_ibuf_I_O)         0.734     0.734 r  clk_IBUF_inst/O
                         net (fo=1, routed)           2.651     3.385    clk_IBUF
    BUFGCTRL_X0Y0        BUFG (Prop_bufg_I_O)         0.093     3.478 r  u_bufg/O
                         net (fo=5747, routed)        1.643     5.121    u_soc/clk_buf
    SLICE_X20Y53         FDPE                                         r  u_soc/rst_cpu_reg_rep__8/C
  -------------------------------------------------------------------    -------------------
    SLICE_X20Y53         FDPE (Prop_fdpe_C_Q)         0.259     5.380 f  u_soc/rst_cpu_reg_rep__8/Q
                         net (fo=184, routed)         4.333     9.713    u_soc/Core_cpu/U_EX_MEM/AR[0]
    SLICE_X58Y88         FDCE                                         f  u_soc/Core_cpu/U_EX_MEM/mem_exc_tval_reg[7]/CLR
  -------------------------------------------------------------------    -------------------

                         (clock clk rise edge)        7.000     7.000 r  
    AE23                                              0.000     7.000 r  clk (IN)
                         net (fo=0)                   0.000     7.000    clk
    AE23                 IBUF (Prop_ibuf_I_O)         0.660     7.660 r  clk_IBUF_inst/O
                         net (fo=1, routed)           2.516    10.176    clk_IBUF
    BUFGCTRL_X0Y0        BUFG (Prop_bufg_I_O)         0.083    10.259 r  u_bufg/O
                         net (fo=5747, routed)        1.427    11.686    u_soc/Core_cpu/U_EX_MEM/clk_buf
    SLICE_X58Y88         FDCE                                         r  u_soc/Core_cpu/U_EX_MEM/mem_exc_tval_reg[7]/C
                         clock pessimism              0.310    11.995    
                         clock uncertainty           -0.035    11.960    
    SLICE_X58Y88         FDCE (Recov_fdce_C_CLR)     -0.154    11.806    u_soc/Core_cpu/U_EX_MEM/mem_exc_tval_reg[7]
  -------------------------------------------------------------------
                         required time                         11.806    
                         arrival time                          -9.713    
  -------------------------------------------------------------------
                         slack                                  2.093    

Slack (MET) :             2.106ns  (required time - arrival time)
  Source:                 u_soc/rst_cpu_reg_rep__8/C
                            (rising edge-triggered cell FDPE clocked by clk  {rise@0.000ns fall@3.500ns period=7.000ns})
  Destination:            u_soc/Core_cpu/U_EX_MEM/mem_exc_tval_reg[20]/CLR
                            (recovery check against rising-edge clock clk  {rise@0.000ns fall@3.500ns period=7.000ns})
  Path Group:             **async_default**
  Path Type:              Recovery (Max at Slow Process Corner)
  Requirement:            7.000ns  (clk rise@7.000ns - clk rise@0.000ns)
  Data Path Delay:        4.522ns  (logic 0.259ns (5.727%)  route 4.263ns (94.273%))
  Logic Levels:           0  
  Clock Path Skew:        -0.124ns (DCD - SCD + CPR)
    Destination Clock Delay (DCD):    4.688ns = ( 11.688 - 7.000 ) 
    Source Clock Delay      (SCD):    5.121ns
    Clock Pessimism Removal (CPR):    0.310ns
  Clock Uncertainty:      0.035ns  ((TSJ^2 + TIJ^2)^1/2 + DJ) / 2 + PE
    Total System Jitter     (TSJ):    0.071ns
    Total Input Jitter      (TIJ):    0.000ns
    Discrete Jitter          (DJ):    0.000ns
    Phase Error              (PE):    0.000ns

    Location             Delay type                Incr(ns)  Path(ns)    Netlist Resource(s)
  -------------------------------------------------------------------    -------------------
                         (clock clk rise edge)        0.000     0.000 r  
    AE23                                              0.000     0.000 r  clk (IN)
                         net (fo=0)                   0.000     0.000    clk
    AE23                 IBUF (Prop_ibuf_I_O)         0.734     0.734 r  clk_IBUF_inst/O
                         net (fo=1, routed)           2.651     3.385    clk_IBUF
    BUFGCTRL_X0Y0        BUFG (Prop_bufg_I_O)         0.093     3.478 r  u_bufg/O
                         net (fo=5747, routed)        1.643     5.121    u_soc/clk_buf
    SLICE_X20Y53         FDPE                                         r  u_soc/rst_cpu_reg_rep__8/C
  -------------------------------------------------------------------    -------------------
    SLICE_X20Y53         FDPE (Prop_fdpe_C_Q)         0.259     5.380 f  u_soc/rst_cpu_reg_rep__8/Q
                         net (fo=184, routed)         4.263     9.644    u_soc/Core_cpu/U_EX_MEM/AR[0]
    SLICE_X59Y91         FDCE                                         f  u_soc/Core_cpu/U_EX_MEM/mem_exc_tval_reg[20]/CLR
  -------------------------------------------------------------------    -------------------

                         (clock clk rise edge)        7.000     7.000 r  
    AE23                                              0.000     7.000 r  clk (IN)
                         net (fo=0)                   0.000     7.000    clk
    AE23                 IBUF (Prop_ibuf_I_O)         0.660     7.660 r  clk_IBUF_inst/O
                         net (fo=1, routed)           2.516    10.176    clk_IBUF
    BUFGCTRL_X0Y0        BUFG (Prop_bufg_I_O)         0.083    10.259 r  u_bufg/O
                         net (fo=5747, routed)        1.429    11.688    u_soc/Core_cpu/U_EX_MEM/clk_buf
    SLICE_X59Y91         FDCE                                         r  u_soc/Core_cpu/U_EX_MEM/mem_exc_tval_reg[20]/C
                         clock pessimism              0.310    11.997    
                         clock uncertainty           -0.035    11.962    
    SLICE_X59Y91         FDCE (Recov_fdce_C_CLR)     -0.212    11.750    u_soc/Core_cpu/U_EX_MEM/mem_exc_tval_reg[20]
  -------------------------------------------------------------------
                         required time                         11.750    
                         arrival time                          -9.644    
  -------------------------------------------------------------------
                         slack                                  2.106    

Slack (MET) :             2.106ns  (required time - arrival time)
  Source:                 u_soc/rst_cpu_reg_rep__8/C
                            (rising edge-triggered cell FDPE clocked by clk  {rise@0.000ns fall@3.500ns period=7.000ns})
  Destination:            u_soc/Core_cpu/U_EX_MEM/mem_exc_tval_reg[27]/CLR
                            (recovery check against rising-edge clock clk  {rise@0.000ns fall@3.500ns period=7.000ns})
  Path Group:             **async_default**
  Path Type:              Recovery (Max at Slow Process Corner)
  Requirement:            7.000ns  (clk rise@7.000ns - clk rise@0.000ns)
  Data Path Delay:        4.522ns  (logic 0.259ns (5.727%)  route 4.263ns (94.273%))
  Logic Levels:           0  
  Clock Path Skew:        -0.124ns (DCD - SCD + CPR)
    Destination Clock Delay (DCD):    4.688ns = ( 11.688 - 7.000 ) 
    Source Clock Delay      (SCD):    5.121ns
    Clock Pessimism Removal (CPR):    0.310ns
  Clock Uncertainty:      0.035ns  ((TSJ^2 + TIJ^2)^1/2 + DJ) / 2 + PE
    Total System Jitter     (TSJ):    0.071ns
    Total Input Jitter      (TIJ):    0.000ns
    Discrete Jitter          (DJ):    0.000ns
    Phase Error              (PE):    0.000ns

    Location             Delay type                Incr(ns)  Path(ns)    Netlist Resource(s)
  -------------------------------------------------------------------    -------------------
                         (clock clk rise edge)        0.000     0.000 r  
    AE23                                              0.000     0.000 r  clk (IN)
                         net (fo=0)                   0.000     0.000    clk
    AE23                 IBUF (Prop_ibuf_I_O)         0.734     0.734 r  clk_IBUF_inst/O
                         net (fo=1, routed)           2.651     3.385    clk_IBUF
    BUFGCTRL_X0Y0        BUFG (Prop_bufg_I_O)         0.093     3.478 r  u_bufg/O
                         net (fo=5747, routed)        1.643     5.121    u_soc/clk_buf
    SLICE_X20Y53         FDPE                                         r  u_soc/rst_cpu_reg_rep__8/C
  -------------------------------------------------------------------    -------------------
    SLICE_X20Y53         FDPE (Prop_fdpe_C_Q)         0.259     5.380 f  u_soc/rst_cpu_reg_rep__8/Q
                         net (fo=184, routed)         4.263     9.644    u_soc/Core_cpu/U_EX_MEM/AR[0]
    SLICE_X59Y91         FDCE                                         f  u_soc/Core_cpu/U_EX_MEM/mem_exc_tval_reg[27]/CLR
  -------------------------------------------------------------------    -------------------

                         (clock clk rise edge)        7.000     7.000 r  
    AE23                                              0.000     7.000 r  clk (IN)
                         net (fo=0)                   0.000     7.000    clk
    AE23                 IBUF (Prop_ibuf_I_O)         0.660     7.660 r  clk_IBUF_inst/O
                         net (fo=1, routed)           2.516    10.176    clk_IBUF
    BUFGCTRL_X0Y0        BUFG (Prop_bufg_I_O)         0.083    10.259 r  u_bufg/O
                         net (fo=5747, routed)        1.429    11.688    u_soc/Core_cpu/U_EX_MEM/clk_buf
    SLICE_X59Y91         FDCE                                         r  u_soc/Core_cpu/U_EX_MEM/mem_exc_tval_reg[27]/C
                         clock pessimism              0.310    11.997    
                         clock uncertainty           -0.035    11.962    
    SLICE_X59Y91         FDCE (Recov_fdce_C_CLR)     -0.212    11.750    u_soc/Core_cpu/U_EX_MEM/mem_exc_tval_reg[27]
  -------------------------------------------------------------------
                         required time                         11.750    
                         arrival time                          -9.644    
  -------------------------------------------------------------------
                         slack                                  2.106    

Slack (MET) :             2.164ns  (required time - arrival time)
  Source:                 u_soc/rst_cpu_reg_rep__8/C
                            (rising edge-triggered cell FDPE clocked by clk  {rise@0.000ns fall@3.500ns period=7.000ns})
  Destination:            u_soc/Core_cpu/U_EX_MEM/mem_exc_tval_reg[0]/CLR
                            (recovery check against rising-edge clock clk  {rise@0.000ns fall@3.500ns period=7.000ns})
  Path Group:             **async_default**
  Path Type:              Recovery (Max at Slow Process Corner)
  Requirement:            7.000ns  (clk rise@7.000ns - clk rise@0.000ns)
  Data Path Delay:        4.522ns  (logic 0.259ns (5.727%)  route 4.263ns (94.273%))
  Logic Levels:           0  
  Clock Path Skew:        -0.124ns (DCD - SCD + CPR)
    Destination Clock Delay (DCD):    4.688ns = ( 11.688 - 7.000 ) 
    Source Clock Delay      (SCD):    5.121ns
    Clock Pessimism Removal (CPR):    0.310ns
  Clock Uncertainty:      0.035ns  ((TSJ^2 + TIJ^2)^1/2 + DJ) / 2 + PE
    Total System Jitter     (TSJ):    0.071ns
    Total Input Jitter      (TIJ):    0.000ns
    Discrete Jitter          (DJ):    0.000ns
    Phase Error              (PE):    0.000ns

    Location             Delay type                Incr(ns)  Path(ns)    Netlist Resource(s)
  -------------------------------------------------------------------    -------------------
                         (clock clk rise edge)        0.000     0.000 r  
    AE23                                              0.000     0.000 r  clk (IN)
                         net (fo=0)                   0.000     0.000    clk
    AE23                 IBUF (Prop_ibuf_I_O)         0.734     0.734 r  clk_IBUF_inst/O
                         net (fo=1, routed)           2.651     3.385    clk_IBUF
    BUFGCTRL_X0Y0        BUFG (Prop_bufg_I_O)         0.093     3.478 r  u_bufg/O
                         net (fo=5747, routed)        1.643     5.121    u_soc/clk_buf
    SLICE_X20Y53         FDPE                                         r  u_soc/rst_cpu_reg_rep__8/C
  -------------------------------------------------------------------    -------------------
    SLICE_X20Y53         FDPE (Prop_fdpe_C_Q)         0.259     5.380 f  u_soc/rst_cpu_reg_rep__8/Q
                         net (fo=184, routed)         4.263     9.644    u_soc/Core_cpu/U_EX_MEM/AR[0]
    SLICE_X58Y91         FDCE                                         f  u_soc/Core_cpu/U_EX_MEM/mem_exc_tval_reg[0]/CLR
  -------------------------------------------------------------------    -------------------

                         (clock clk rise edge)        7.000     7.000 r  
    AE23                                              0.000     7.000 r  clk (IN)
                         net (fo=0)                   0.000     7.000    clk
    AE23                 IBUF (Prop_ibuf_I_O)         0.660     7.660 r  clk_IBUF_inst/O
                         net (fo=1, routed)           2.516    10.176    clk_IBUF
    BUFGCTRL_X0Y0        BUFG (Prop_bufg_I_O)         0.083    10.259 r  u_bufg/O
                         net (fo=5747, routed)        1.429    11.688    u_soc/Core_cpu/U_EX_MEM/clk_buf
    SLICE_X58Y91         FDCE                                         r  u_soc/Core_cpu/U_EX_MEM/mem_exc_tval_reg[0]/C
                         clock pessimism              0.310    11.997    
                         clock uncertainty           -0.035    11.962    
    SLICE_X58Y91         FDCE (Recov_fdce_C_CLR)     -0.154    11.808    u_soc/Core_cpu/U_EX_MEM/mem_exc_tval_reg[0]
  -------------------------------------------------------------------
                         required time                         11.808    
                         arrival time                          -9.644    
  -------------------------------------------------------------------
                         slack                                  2.164    

Slack (MET) :             2.164ns  (required time - arrival time)
  Source:                 u_soc/rst_cpu_reg_rep__8/C
                            (rising edge-triggered cell FDPE clocked by clk  {rise@0.000ns fall@3.500ns period=7.000ns})
  Destination:            u_soc/Core_cpu/U_EX_MEM/mem_exc_tval_reg[15]/CLR
                            (recovery check against rising-edge clock clk  {rise@0.000ns fall@3.500ns period=7.000ns})
  Path Group:             **async_default**
  Path Type:              Recovery (Max at Slow Process Corner)
  Requirement:            7.000ns  (clk rise@7.000ns - clk rise@0.000ns)
  Data Path Delay:        4.522ns  (logic 0.259ns (5.727%)  route 4.263ns (94.273%))
  Logic Levels:           0  
  Clock Path Skew:        -0.124ns (DCD - SCD + CPR)
    Destination Clock Delay (DCD):    4.688ns = ( 11.688 - 7.000 ) 
    Source Clock Delay      (SCD):    5.121ns
    Clock Pessimism Removal (CPR):    0.310ns
  Clock Uncertainty:      0.035ns  ((TSJ^2 + TIJ^2)^1/2 + DJ) / 2 + PE
    Total System Jitter     (TSJ):    0.071ns
    Total Input Jitter      (TIJ):    0.000ns
    Discrete Jitter          (DJ):    0.000ns
    Phase Error              (PE):    0.000ns

    Location             Delay type                Incr(ns)  Path(ns)    Netlist Resource(s)
  -------------------------------------------------------------------    -------------------
                         (clock clk rise edge)        0.000     0.000 r  
    AE23                                              0.000     0.000 r  clk (IN)
                         net (fo=0)                   0.000     0.000    clk
    AE23                 IBUF (Prop_ibuf_I_O)         0.734     0.734 r  clk_IBUF_inst/O
                         net (fo=1, routed)           2.651     3.385    clk_IBUF
    BUFGCTRL_X0Y0        BUFG (Prop_bufg_I_O)         0.093     3.478 r  u_bufg/O
                         net (fo=5747, routed)        1.643     5.121    u_soc/clk_buf
    SLICE_X20Y53         FDPE                                         r  u_soc/rst_cpu_reg_rep__8/C
  -------------------------------------------------------------------    -------------------
    SLICE_X20Y53         FDPE (Prop_fdpe_C_Q)         0.259     5.380 f  u_soc/rst_cpu_reg_rep__8/Q
                         net (fo=184, routed)         4.263     9.644    u_soc/Core_cpu/U_EX_MEM/AR[0]
    SLICE_X58Y91         FDCE                                         f  u_soc/Core_cpu/U_EX_MEM/mem_exc_tval_reg[15]/CLR
  -------------------------------------------------------------------    -------------------

                         (clock clk rise edge)        7.000     7.000 r  
    AE23                                              0.000     7.000 r  clk (IN)
                         net (fo=0)                   0.000     7.000    clk
    AE23                 IBUF (Prop_ibuf_I_O)         0.660     7.660 r  clk_IBUF_inst/O
                         net (fo=1, routed)           2.516    10.176    clk_IBUF
    BUFGCTRL_X0Y0        BUFG (Prop_bufg_I_O)         0.083    10.259 r  u_bufg/O
                         net (fo=5747, routed)        1.429    11.688    u_soc/Core_cpu/U_EX_MEM/clk_buf
    SLICE_X58Y91         FDCE                                         r  u_soc/Core_cpu/U_EX_MEM/mem_exc_tval_reg[15]/C
                         clock pessimism              0.310    11.997    
                         clock uncertainty           -0.035    11.962    
    SLICE_X58Y91         FDCE (Recov_fdce_C_CLR)     -0.154    11.808    u_soc/Core_cpu/U_EX_MEM/mem_exc_tval_reg[15]
  -------------------------------------------------------------------
                         required time                         11.808    
                         arrival time                          -9.644    
  -------------------------------------------------------------------
                         slack                                  2.164    

Slack (MET) :             2.164ns  (required time - arrival time)
  Source:                 u_soc/rst_cpu_reg_rep__8/C
                            (rising edge-triggered cell FDPE clocked by clk  {rise@0.000ns fall@3.500ns period=7.000ns})
  Destination:            u_soc/Core_cpu/U_EX_MEM/mem_exc_tval_reg[16]/CLR
                            (recovery check against rising-edge clock clk  {rise@0.000ns fall@3.500ns period=7.000ns})
  Path Group:             **async_default**
  Path Type:              Recovery (Max at Slow Process Corner)
  Requirement:            7.000ns  (clk rise@7.000ns - clk rise@0.000ns)
  Data Path Delay:        4.522ns  (logic 0.259ns (5.727%)  route 4.263ns (94.273%))
  Logic Levels:           0  
  Clock Path Skew:        -0.124ns (DCD - SCD + CPR)
    Destination Clock Delay (DCD):    4.688ns = ( 11.688 - 7.000 ) 
    Source Clock Delay      (SCD):    5.121ns
    Clock Pessimism Removal (CPR):    0.310ns
  Clock Uncertainty:      0.035ns  ((TSJ^2 + TIJ^2)^1/2 + DJ) / 2 + PE
    Total System Jitter     (TSJ):    0.071ns
    Total Input Jitter      (TIJ):    0.000ns
    Discrete Jitter          (DJ):    0.000ns
    Phase Error              (PE):    0.000ns

    Location             Delay type                Incr(ns)  Path(ns)    Netlist Resource(s)
  -------------------------------------------------------------------    -------------------
                         (clock clk rise edge)        0.000     0.000 r  
    AE23                                              0.000     0.000 r  clk (IN)
                         net (fo=0)                   0.000     0.000    clk
    AE23                 IBUF (Prop_ibuf_I_O)         0.734     0.734 r  clk_IBUF_inst/O
                         net (fo=1, routed)           2.651     3.385    clk_IBUF
    BUFGCTRL_X0Y0        BUFG (Prop_bufg_I_O)         0.093     3.478 r  u_bufg/O
                         net (fo=5747, routed)        1.643     5.121    u_soc/clk_buf
    SLICE_X20Y53         FDPE                                         r  u_soc/rst_cpu_reg_rep__8/C
  -------------------------------------------------------------------    -------------------
    SLICE_X20Y53         FDPE (Prop_fdpe_C_Q)         0.259     5.380 f  u_soc/rst_cpu_reg_rep__8/Q
                         net (fo=184, routed)         4.263     9.644    u_soc/Core_cpu/U_EX_MEM/AR[0]
    SLICE_X58Y91         FDCE                                         f  u_soc/Core_cpu/U_EX_MEM/mem_exc_tval_reg[16]/CLR
  -------------------------------------------------------------------    -------------------

                         (clock clk rise edge)        7.000     7.000 r  
    AE23                                              0.000     7.000 r  clk (IN)
                         net (fo=0)                   0.000     7.000    clk
    AE23                 IBUF (Prop_ibuf_I_O)         0.660     7.660 r  clk_IBUF_inst/O
                         net (fo=1, routed)           2.516    10.176    clk_IBUF
    BUFGCTRL_X0Y0        BUFG (Prop_bufg_I_O)         0.083    10.259 r  u_bufg/O
                         net (fo=5747, routed)        1.429    11.688    u_soc/Core_cpu/U_EX_MEM/clk_buf
    SLICE_X58Y91         FDCE                                         r  u_soc/Core_cpu/U_EX_MEM/mem_exc_tval_reg[16]/C
                         clock pessimism              0.310    11.997    
                         clock uncertainty           -0.035    11.962    
    SLICE_X58Y91         FDCE (Recov_fdce_C_CLR)     -0.154    11.808    u_soc/Core_cpu/U_EX_MEM/mem_exc_tval_reg[16]
  -------------------------------------------------------------------
                         required time                         11.808    
                         arrival time                          -9.644    
  -------------------------------------------------------------------
                         slack                                  2.164    

Slack (MET) :             2.228ns  (required time - arrival time)
  Source:                 u_soc/rst_cpu_reg_rep__8/C
                            (rising edge-triggered cell FDPE clocked by clk  {rise@0.000ns fall@3.500ns period=7.000ns})
  Destination:            u_soc/Core_cpu/U_EX_MEM/mem_exc_tval_reg[13]/CLR
                            (recovery check against rising-edge clock clk  {rise@0.000ns fall@3.500ns period=7.000ns})
  Path Group:             **async_default**
  Path Type:              Recovery (Max at Slow Process Corner)
  Requirement:            7.000ns  (clk rise@7.000ns - clk rise@0.000ns)
  Data Path Delay:        4.459ns  (logic 0.259ns (5.809%)  route 4.200ns (94.191%))
  Logic Levels:           0  
  Clock Path Skew:        -0.124ns (DCD - SCD + CPR)
    Destination Clock Delay (DCD):    4.688ns = ( 11.688 - 7.000 ) 
    Source Clock Delay      (SCD):    5.121ns
    Clock Pessimism Removal (CPR):    0.310ns
  Clock Uncertainty:      0.035ns  ((TSJ^2 + TIJ^2)^1/2 + DJ) / 2 + PE
    Total System Jitter     (TSJ):    0.071ns
    Total Input Jitter      (TIJ):    0.000ns
    Discrete Jitter          (DJ):    0.000ns
    Phase Error              (PE):    0.000ns

    Location             Delay type                Incr(ns)  Path(ns)    Netlist Resource(s)
  -------------------------------------------------------------------    -------------------
                         (clock clk rise edge)        0.000     0.000 r  
    AE23                                              0.000     0.000 r  clk (IN)
                         net (fo=0)                   0.000     0.000    clk
    AE23                 IBUF (Prop_ibuf_I_O)         0.734     0.734 r  clk_IBUF_inst/O
                         net (fo=1, routed)           2.651     3.385    clk_IBUF
    BUFGCTRL_X0Y0        BUFG (Prop_bufg_I_O)         0.093     3.478 r  u_bufg/O
                         net (fo=5747, routed)        1.643     5.121    u_soc/clk_buf
    SLICE_X20Y53         FDPE                                         r  u_soc/rst_cpu_reg_rep__8/C
  -------------------------------------------------------------------    -------------------
    SLICE_X20Y53         FDPE (Prop_fdpe_C_Q)         0.259     5.380 f  u_soc/rst_cpu_reg_rep__8/Q
                         net (fo=184, routed)         4.200     9.580    u_soc/Core_cpu/U_EX_MEM/AR[0]
    SLICE_X56Y90         FDCE                                         f  u_soc/Core_cpu/U_EX_MEM/mem_exc_tval_reg[13]/CLR
  -------------------------------------------------------------------    -------------------

                         (clock clk rise edge)        7.000     7.000 r  
    AE23                                              0.000     7.000 r  clk (IN)
                         net (fo=0)                   0.000     7.000    clk
    AE23                 IBUF (Prop_ibuf_I_O)         0.660     7.660 r  clk_IBUF_inst/O
                         net (fo=1, routed)           2.516    10.176    clk_IBUF
    BUFGCTRL_X0Y0        BUFG (Prop_bufg_I_O)         0.083    10.259 r  u_bufg/O
                         net (fo=5747, routed)        1.429    11.688    u_soc/Core_cpu/U_EX_MEM/clk_buf
    SLICE_X56Y90         FDCE                                         r  u_soc/Core_cpu/U_EX_MEM/mem_exc_tval_reg[13]/C
                         clock pessimism              0.310    11.997    
                         clock uncertainty           -0.035    11.962    
    SLICE_X56Y90         FDCE (Recov_fdce_C_CLR)     -0.154    11.808    u_soc/Core_cpu/U_EX_MEM/mem_exc_tval_reg[13]
  -------------------------------------------------------------------
                         required time                         11.808    
                         arrival time                          -9.580    
  -------------------------------------------------------------------
                         slack                                  2.228    

Slack (MET) :             2.261ns  (required time - arrival time)
  Source:                 u_soc/rst_cpu_reg_rep__8/C
                            (rising edge-triggered cell FDPE clocked by clk  {rise@0.000ns fall@3.500ns period=7.000ns})
  Destination:            u_soc/Core_cpu/U_EX_MEM/mem_exc_tval_reg[28]/CLR
                            (recovery check against rising-edge clock clk  {rise@0.000ns fall@3.500ns period=7.000ns})
  Path Group:             **async_default**
  Path Type:              Recovery (Max at Slow Process Corner)
  Requirement:            7.000ns  (clk rise@7.000ns - clk rise@0.000ns)
  Data Path Delay:        4.369ns  (logic 0.259ns (5.927%)  route 4.110ns (94.073%))
  Logic Levels:           0  
  Clock Path Skew:        -0.122ns (DCD - SCD + CPR)
    Destination Clock Delay (DCD):    4.690ns = ( 11.690 - 7.000 ) 
    Source Clock Delay      (SCD):    5.121ns
    Clock Pessimism Removal (CPR):    0.310ns
  Clock Uncertainty:      0.035ns  ((TSJ^2 + TIJ^2)^1/2 + DJ) / 2 + PE
    Total System Jitter     (TSJ):    0.071ns
    Total Input Jitter      (TIJ):    0.000ns
    Discrete Jitter          (DJ):    0.000ns
    Phase Error              (PE):    0.000ns

    Location             Delay type                Incr(ns)  Path(ns)    Netlist Resource(s)
  -------------------------------------------------------------------    -------------------
                         (clock clk rise edge)        0.000     0.000 r  
    AE23                                              0.000     0.000 r  clk (IN)
                         net (fo=0)                   0.000     0.000    clk
    AE23                 IBUF (Prop_ibuf_I_O)         0.734     0.734 r  clk_IBUF_inst/O
                         net (fo=1, routed)           2.651     3.385    clk_IBUF
    BUFGCTRL_X0Y0        BUFG (Prop_bufg_I_O)         0.093     3.478 r  u_bufg/O
                         net (fo=5747, routed)        1.643     5.121    u_soc/clk_buf
    SLICE_X20Y53         FDPE                                         r  u_soc/rst_cpu_reg_rep__8/C
  -------------------------------------------------------------------    -------------------
    SLICE_X20Y53         FDPE (Prop_fdpe_C_Q)         0.259     5.380 f  u_soc/rst_cpu_reg_rep__8/Q
                         net (fo=184, routed)         4.110     9.491    u_soc/Core_cpu/U_EX_MEM/AR[0]
    SLICE_X55Y96         FDCE                                         f  u_soc/Core_cpu/U_EX_MEM/mem_exc_tval_reg[28]/CLR
  -------------------------------------------------------------------    -------------------

                         (clock clk rise edge)        7.000     7.000 r  
    AE23                                              0.000     7.000 r  clk (IN)
                         net (fo=0)                   0.000     7.000    clk
    AE23                 IBUF (Prop_ibuf_I_O)         0.660     7.660 r  clk_IBUF_inst/O
                         net (fo=1, routed)           2.516    10.176    clk_IBUF
    BUFGCTRL_X0Y0        BUFG (Prop_bufg_I_O)         0.083    10.259 r  u_bufg/O
                         net (fo=5747, routed)        1.431    11.690    u_soc/Core_cpu/U_EX_MEM/clk_buf
    SLICE_X55Y96         FDCE                                         r  u_soc/Core_cpu/U_EX_MEM/mem_exc_tval_reg[28]/C
                         clock pessimism              0.310    11.999    
                         clock uncertainty           -0.035    11.964    
    SLICE_X55Y96         FDCE (Recov_fdce_C_CLR)     -0.212    11.752    u_soc/Core_cpu/U_EX_MEM/mem_exc_tval_reg[28]
  -------------------------------------------------------------------
                         required time                         11.752    
                         arrival time                          -9.491    
  -------------------------------------------------------------------
                         slack                                  2.261    

Slack (MET) :             2.313ns  (required time - arrival time)
  Source:                 u_soc/rst_cpu_reg_rep__8/C
                            (rising edge-triggered cell FDPE clocked by clk  {rise@0.000ns fall@3.500ns period=7.000ns})
  Destination:            u_soc/Core_cpu/U_EX_MEM/mem_exc_tval_reg[1]/CLR
                            (recovery check against rising-edge clock clk  {rise@0.000ns fall@3.500ns period=7.000ns})
  Path Group:             **async_default**
  Path Type:              Recovery (Max at Slow Process Corner)
  Requirement:            7.000ns  (clk rise@7.000ns - clk rise@0.000ns)
  Data Path Delay:        4.374ns  (logic 0.259ns (5.922%)  route 4.115ns (94.078%))
  Logic Levels:           0  
  Clock Path Skew:        -0.124ns (DCD - SCD + CPR)
    Destination Clock Delay (DCD):    4.688ns = ( 11.688 - 7.000 ) 
    Source Clock Delay      (SCD):    5.121ns
    Clock Pessimism Removal (CPR):    0.310ns
  Clock Uncertainty:      0.035ns  ((TSJ^2 + TIJ^2)^1/2 + DJ) / 2 + PE
    Total System Jitter     (TSJ):    0.071ns
    Total Input Jitter      (TIJ):    0.000ns
    Discrete Jitter          (DJ):    0.000ns
    Phase Error              (PE):    0.000ns

    Location             Delay type                Incr(ns)  Path(ns)    Netlist Resource(s)
  -------------------------------------------------------------------    -------------------
                         (clock clk rise edge)        0.000     0.000 r  
    AE23                                              0.000     0.000 r  clk (IN)
                         net (fo=0)                   0.000     0.000    clk
    AE23                 IBUF (Prop_ibuf_I_O)         0.734     0.734 r  clk_IBUF_inst/O
                         net (fo=1, routed)           2.651     3.385    clk_IBUF
    BUFGCTRL_X0Y0        BUFG (Prop_bufg_I_O)         0.093     3.478 r  u_bufg/O
                         net (fo=5747, routed)        1.643     5.121    u_soc/clk_buf
    SLICE_X20Y53         FDPE                                         r  u_soc/rst_cpu_reg_rep__8/C
  -------------------------------------------------------------------    -------------------
    SLICE_X20Y53         FDPE (Prop_fdpe_C_Q)         0.259     5.380 f  u_soc/rst_cpu_reg_rep__8/Q
                         net (fo=184, routed)         4.115     9.495    u_soc/Core_cpu/U_EX_MEM/AR[0]
    SLICE_X56Y91         FDCE                                         f  u_soc/Core_cpu/U_EX_MEM/mem_exc_tval_reg[1]/CLR
  -------------------------------------------------------------------    -------------------

                         (clock clk rise edge)        7.000     7.000 r  
    AE23                                              0.000     7.000 r  clk (IN)
                         net (fo=0)                   0.000     7.000    clk
    AE23                 IBUF (Prop_ibuf_I_O)         0.660     7.660 r  clk_IBUF_inst/O
                         net (fo=1, routed)           2.516    10.176    clk_IBUF
    BUFGCTRL_X0Y0        BUFG (Prop_bufg_I_O)         0.083    10.259 r  u_bufg/O
                         net (fo=5747, routed)        1.429    11.688    u_soc/Core_cpu/U_EX_MEM/clk_buf
    SLICE_X56Y91         FDCE                                         r  u_soc/Core_cpu/U_EX_MEM/mem_exc_tval_reg[1]/C
                         clock pessimism              0.310    11.997    
                         clock uncertainty           -0.035    11.962    
    SLICE_X56Y91         FDCE (Recov_fdce_C_CLR)     -0.154    11.808    u_soc/Core_cpu/U_EX_MEM/mem_exc_tval_reg[1]
  -------------------------------------------------------------------
                         required time                         11.808    
                         arrival time                          -9.495    
  -------------------------------------------------------------------
                         slack                                  2.313    

Slack (MET) :             2.319ns  (required time - arrival time)
  Source:                 u_soc/rst_cpu_reg_rep__8/C
                            (rising edge-triggered cell FDPE clocked by clk  {rise@0.000ns fall@3.500ns period=7.000ns})
  Destination:            u_soc/Core_cpu/U_EX_MEM/mem_exc_tval_reg[25]/CLR
                            (recovery check against rising-edge clock clk  {rise@0.000ns fall@3.500ns period=7.000ns})
  Path Group:             **async_default**
  Path Type:              Recovery (Max at Slow Process Corner)
  Requirement:            7.000ns  (clk rise@7.000ns - clk rise@0.000ns)
  Data Path Delay:        4.369ns  (logic 0.259ns (5.927%)  route 4.110ns (94.073%))
  Logic Levels:           0  
  Clock Path Skew:        -0.122ns (DCD - SCD + CPR)
    Destination Clock Delay (DCD):    4.690ns = ( 11.690 - 7.000 ) 
    Source Clock Delay      (SCD):    5.121ns
    Clock Pessimism Removal (CPR):    0.310ns
  Clock Uncertainty:      0.035ns  ((TSJ^2 + TIJ^2)^1/2 + DJ) / 2 + PE
    Total System Jitter     (TSJ):    0.071ns
    Total Input Jitter      (TIJ):    0.000ns
    Discrete Jitter          (DJ):    0.000ns
    Phase Error              (PE):    0.000ns

    Location             Delay type                Incr(ns)  Path(ns)    Netlist Resource(s)
  -------------------------------------------------------------------    -------------------
                         (clock clk rise edge)        0.000     0.000 r  
    AE23                                              0.000     0.000 r  clk (IN)
                         net (fo=0)                   0.000     0.000    clk
    AE23                 IBUF (Prop_ibuf_I_O)         0.734     0.734 r  clk_IBUF_inst/O
                         net (fo=1, routed)           2.651     3.385    clk_IBUF
    BUFGCTRL_X0Y0        BUFG (Prop_bufg_I_O)         0.093     3.478 r  u_bufg/O
                         net (fo=5747, routed)        1.643     5.121    u_soc/clk_buf
    SLICE_X20Y53         FDPE                                         r  u_soc/rst_cpu_reg_rep__8/C
  -------------------------------------------------------------------    -------------------
    SLICE_X20Y53         FDPE (Prop_fdpe_C_Q)         0.259     5.380 f  u_soc/rst_cpu_reg_rep__8/Q
                         net (fo=184, routed)         4.110     9.491    u_soc/Core_cpu/U_EX_MEM/AR[0]
    SLICE_X54Y96         FDCE                                         f  u_soc/Core_cpu/U_EX_MEM/mem_exc_tval_reg[25]/CLR
  -------------------------------------------------------------------    -------------------

                         (clock clk rise edge)        7.000     7.000 r  
    AE23                                              0.000     7.000 r  clk (IN)
                         net (fo=0)                   0.000     7.000    clk
    AE23                 IBUF (Prop_ibuf_I_O)         0.660     7.660 r  clk_IBUF_inst/O
                         net (fo=1, routed)           2.516    10.176    clk_IBUF
    BUFGCTRL_X0Y0        BUFG (Prop_bufg_I_O)         0.083    10.259 r  u_bufg/O
                         net (fo=5747, routed)        1.431    11.690    u_soc/Core_cpu/U_EX_MEM/clk_buf
    SLICE_X54Y96         FDCE                                         r  u_soc/Core_cpu/U_EX_MEM/mem_exc_tval_reg[25]/C
                         clock pessimism              0.310    11.999    
                         clock uncertainty           -0.035    11.964    
    SLICE_X54Y96         FDCE (Recov_fdce_C_CLR)     -0.154    11.810    u_soc/Core_cpu/U_EX_MEM/mem_exc_tval_reg[25]
  -------------------------------------------------------------------
                         required time                         11.810    
                         arrival time                          -9.491    
  -------------------------------------------------------------------
                         slack                                  2.319    

Slack (MET) :             2.325ns  (required time - arrival time)
  Source:                 u_soc/rst_cpu_reg_rep__8/C
                            (rising edge-triggered cell FDPE clocked by clk  {rise@0.000ns fall@3.500ns period=7.000ns})
  Destination:            u_soc/Core_cpu/U_EX_MEM/mem_exc_tval_reg[24]/CLR
                            (recovery check against rising-edge clock clk  {rise@0.000ns fall@3.500ns period=7.000ns})
  Path Group:             **async_default**
  Path Type:              Recovery (Max at Slow Process Corner)
  Requirement:            7.000ns  (clk rise@7.000ns - clk rise@0.000ns)
  Data Path Delay:        4.364ns  (logic 0.259ns (5.935%)  route 4.105ns (94.065%))
  Logic Levels:           0  
  Clock Path Skew:        -0.122ns (DCD - SCD + CPR)
    Destination Clock Delay (DCD):    4.690ns = ( 11.690 - 7.000 ) 
    Source Clock Delay      (SCD):    5.121ns
    Clock Pessimism Removal (CPR):    0.310ns
  Clock Uncertainty:      0.035ns  ((TSJ^2 + TIJ^2)^1/2 + DJ) / 2 + PE
    Total System Jitter     (TSJ):    0.071ns
    Total Input Jitter      (TIJ):    0.000ns
    Discrete Jitter          (DJ):    0.000ns
    Phase Error              (PE):    0.000ns

    Location             Delay type                Incr(ns)  Path(ns)    Netlist Resource(s)
  -------------------------------------------------------------------    -------------------
                         (clock clk rise edge)        0.000     0.000 r  
    AE23                                              0.000     0.000 r  clk (IN)
                         net (fo=0)                   0.000     0.000    clk
    AE23                 IBUF (Prop_ibuf_I_O)         0.734     0.734 r  clk_IBUF_inst/O
                         net (fo=1, routed)           2.651     3.385    clk_IBUF
    BUFGCTRL_X0Y0        BUFG (Prop_bufg_I_O)         0.093     3.478 r  u_bufg/O
                         net (fo=5747, routed)        1.643     5.121    u_soc/clk_buf
    SLICE_X20Y53         FDPE                                         r  u_soc/rst_cpu_reg_rep__8/C
  -------------------------------------------------------------------    -------------------
    SLICE_X20Y53         FDPE (Prop_fdpe_C_Q)         0.259     5.380 f  u_soc/rst_cpu_reg_rep__8/Q
                         net (fo=184, routed)         4.105     9.485    u_soc/Core_cpu/U_EX_MEM/AR[0]
    SLICE_X58Y94         FDCE                                         f  u_soc/Core_cpu/U_EX_MEM/mem_exc_tval_reg[24]/CLR
  -------------------------------------------------------------------    -------------------

                         (clock clk rise edge)        7.000     7.000 r  
    AE23                                              0.000     7.000 r  clk (IN)
                         net (fo=0)                   0.000     7.000    clk
    AE23                 IBUF (Prop_ibuf_I_O)         0.660     7.660 r  clk_IBUF_inst/O
                         net (fo=1, routed)           2.516    10.176    clk_IBUF
    BUFGCTRL_X0Y0        BUFG (Prop_bufg_I_O)         0.083    10.259 r  u_bufg/O
                         net (fo=5747, routed)        1.431    11.690    u_soc/Core_cpu/U_EX_MEM/clk_buf
    SLICE_X58Y94         FDCE                                         r  u_soc/Core_cpu/U_EX_MEM/mem_exc_tval_reg[24]/C
                         clock pessimism              0.310    11.999    
                         clock uncertainty           -0.035    11.964    
    SLICE_X58Y94         FDCE (Recov_fdce_C_CLR)     -0.154    11.810    u_soc/Core_cpu/U_EX_MEM/mem_exc_tval_reg[24]
  -------------------------------------------------------------------
                         required time                         11.810    
                         arrival time                          -9.485    
  -------------------------------------------------------------------
                         slack                                  2.325    





