Copyright 1986-2022 Xilinx, Inc. All Rights Reserved. Copyright 2022-2023 Advanced Micro Devices, Inc. All Rights Reserved.
-------------------------------------------------------------------------------------------------------------------------------------------------------------------------------------------------------------------------------------
| Tool Version : Vivado v.2023.2 (lin64) Build 4029153 Fri Oct 13 20:13:54 MDT 2023
| Date         : Mon Sep 28 23:05:58 2026
| Host         : edaserver08 running 64-bit NAME="Red Hat Enterprise Linux Server"
| Command      : report_timing -delay_type max -from [get_pins -hier -filter {NAME =~ "*u_icache/q_pc_q_reg*/C"}] -max_paths 20 -nworst 3 -file /home/st-wangjun/project/RISCV_A910/synth/vivado/fmax_impl_7.0ns/timing_from_qpc.rpt
| Design       : top_fmax
| Device       : 7k325t-ffg900
| Speed File   : -2  PRODUCTION 1.12 2017-02-17
| Design State : Routed
-------------------------------------------------------------------------------------------------------------------------------------------------------------------------------------------------------------------------------------

Timing Report

Slack (MET) :             0.274ns  (required time - arrival time)
  Source:                 u_soc/Core_cpu/u_ifu_subsys/u_icache/q_pc_q_reg[9]/C
                            (rising edge-triggered cell FDRE clocked by clk  {rise@0.000ns fall@3.500ns period=7.000ns})
  Destination:            u_soc/Core_cpu/u_ifu_subsys/u_ibuf/ent_q_reg[4][91]/D
                            (rising edge-triggered cell FDRE clocked by clk  {rise@0.000ns fall@3.500ns period=7.000ns})
  Path Group:             clk
  Path Type:              Setup (Max at Slow Process Corner)
  Requirement:            7.000ns  (clk rise@7.000ns - clk rise@0.000ns)
  Data Path Delay:        6.754ns  (logic 0.825ns (12.215%)  route 5.929ns (87.785%))
  Logic Levels:           14  (LUT3=1 LUT4=3 LUT5=2 LUT6=7 RAMD64E=1)
  Clock Path Skew:        0.029ns (DCD - SCD + CPR)
    Destination Clock Delay (DCD):    4.816ns = ( 11.816 - 7.000 ) 
    Source Clock Delay      (SCD):    5.096ns
    Clock Pessimism Removal (CPR):    0.310ns
  Clock Uncertainty:      0.035ns  ((TSJ^2 + TIJ^2)^1/2 + DJ) / 2 + PE
    Total System Jitter     (TSJ):    0.071ns
    Total Input Jitter      (TIJ):    0.000ns
    Discrete Jitter          (DJ):    0.000ns
    Phase Error              (PE):    0.000ns

    Location             Delay type                Incr(ns)  Path(ns)    Netlist Resource(s)
  -------------------------------------------------------------------    -------------------
                         (clock clk rise edge)        0.000     0.000 r  
    AE23                                              0.000     0.000 r  clk (IN)
                         net (fo=0)                   0.000     0.000    clk
    AE23                 IBUF (Prop_ibuf_I_O)         0.734     0.734 r  clk_IBUF_inst/O
                         net (fo=1, routed)           2.651     3.385    clk_IBUF
    BUFGCTRL_X0Y0        BUFG (Prop_bufg_I_O)         0.093     3.478 r  u_bufg/O
                         net (fo=5747, routed)        1.618     5.096    u_soc/Core_cpu/u_ifu_subsys/u_icache/clk_buf
    SLICE_X44Y68         FDRE                                         r  u_soc/Core_cpu/u_ifu_subsys/u_icache/q_pc_q_reg[9]/C
  -------------------------------------------------------------------    -------------------
    SLICE_X44Y68         FDRE (Prop_fdre_C_Q)         0.223     5.319 r  u_soc/Core_cpu/u_ifu_subsys/u_icache/q_pc_q_reg[9]/Q
                         net (fo=148, routed)         0.574     5.893    u_soc/Core_cpu/u_ifu_subsys/g_tage.u_tage/g_tab[1].tg_p_reg_r1_0_63_0_2/ADDRA5
    SLICE_X38Y66         RAMD64E (Prop_ramd64e_RADR5_O)
                                                      0.043     5.936 r  u_soc/Core_cpu/u_ifu_subsys/g_tage.u_tage/g_tab[1].tg_p_reg_r1_0_63_0_2/RAMA/O
                         net (fo=1, routed)           0.456     6.392    u_soc/Core_cpu/u_ifu_subsys/g_tage.u_tage/g_tab[1].tg_p_reg_r1_0_63_0_2_n_0
    SLICE_X36Y67         LUT6 (Prop_lut6_I0_O)        0.043     6.435 r  u_soc/Core_cpu/u_ifu_subsys/g_tage.u_tage/ent_q[6][150]_i_61/O
                         net (fo=9, routed)           0.649     7.084    u_soc/Core_cpu/u_ifu_subsys/g_tage.u_tage/ent_q[6][150]_i_61_n_0
    SLICE_X33Y69         LUT4 (Prop_lut4_I0_O)        0.043     7.127 r  u_soc/Core_cpu/u_ifu_subsys/g_tage.u_tage/ent_q[6][150]_i_58/O
                         net (fo=2, routed)           0.547     7.673    u_soc/Core_cpu/u_ifu_subsys/g_tage.u_tage/ent_q[6][150]_i_58_n_0
    SLICE_X33Y68         LUT6 (Prop_lut6_I1_O)        0.043     7.716 r  u_soc/Core_cpu/u_ifu_subsys/g_tage.u_tage/ent_q[6][150]_i_39/O
                         net (fo=1, routed)           0.185     7.901    u_soc/Core_cpu/u_ifu_subsys/g_tage.u_tage/ent_q[6][150]_i_39_n_0
    SLICE_X32Y69         LUT6 (Prop_lut6_I5_O)        0.043     7.944 r  u_soc/Core_cpu/u_ifu_subsys/g_tage.u_tage/ent_q[6][150]_i_22/O
                         net (fo=1, routed)           0.243     8.186    u_soc/Core_cpu/u_ifu_subsys/g_tage.u_tage/ent_q[6][150]_i_22_n_0
    SLICE_X32Y68         LUT6 (Prop_lut6_I1_O)        0.043     8.229 r  u_soc/Core_cpu/u_ifu_subsys/g_tage.u_tage/ent_q[6][150]_i_8/O
                         net (fo=5, routed)           0.197     8.426    u_soc/Core_cpu/u_ifu_subsys/g_tage.u_tage/dir_pred[1]
    SLICE_X30Y68         LUT4 (Prop_lut4_I1_O)        0.043     8.469 r  u_soc/Core_cpu/u_ifu_subsys/g_tage.u_tage/q_t0_idx[1]_i_15/O
                         net (fo=3, routed)           0.267     8.737    u_soc/Core_cpu/u_ifu_subsys/u_btb/p_0_in11_in
    SLICE_X31Y68         LUT5 (Prop_lut5_I1_O)        0.043     8.780 r  u_soc/Core_cpu/u_ifu_subsys/u_btb/q_t0_idx[1]_i_9/O
                         net (fo=10, routed)          0.437     9.217    u_soc/Core_cpu/u_ifu_subsys/u_icache/u_tag_way1/u_prim/any_taken
    SLICE_X30Y69         LUT6 (Prop_lut6_I3_O)        0.043     9.260 r  u_soc/Core_cpu/u_ifu_subsys/u_icache/u_tag_way1/u_prim/cnt_q[0]_i_4/O
                         net (fo=3, routed)           0.277     9.537    u_soc/Core_cpu/u_ifu_subsys/u_ibuf/push_num[0]
    SLICE_X29Y71         LUT4 (Prop_lut4_I1_O)        0.043     9.580 r  u_soc/Core_cpu/u_ifu_subsys/u_ibuf/cnt_q[0]_i_2/O
                         net (fo=9, routed)           0.362     9.942    u_soc/Core_cpu/u_ifu_subsys/u_ibuf/cnt_q_reg[4]_1[0]
    SLICE_X24Y70         LUT3 (Prop_lut3_I1_O)        0.043     9.985 r  u_soc/Core_cpu/u_ifu_subsys/u_ibuf/ent_q[6][150]_i_13/O
                         net (fo=111, routed)         0.943    10.928    u_soc/Core_cpu/u_ifu_subsys/u_ibuf/cnt_q_reg[4]_3
    SLICE_X10Y65         LUT6 (Prop_lut6_I2_O)        0.043    10.971 r  u_soc/Core_cpu/u_ifu_subsys/u_ibuf/ent_q[6][91]_i_3/O
                         net (fo=8, routed)           0.440    11.411    u_soc/Core_cpu/u_ifu_subsys/u_ibuf/ent_q[6][91]_i_3_n_0
    SLICE_X2Y65          LUT6 (Prop_lut6_I0_O)        0.043    11.454 r  u_soc/Core_cpu/u_ifu_subsys/u_ibuf/ent_q[4][91]_i_2/O
                         net (fo=1, routed)           0.354    11.807    u_soc/Core_cpu/u_ifu_subsys/u_ibuf/ent_q[4][91]_i_2_n_0
    SLICE_X3Y64          LUT5 (Prop_lut5_I4_O)        0.043    11.850 r  u_soc/Core_cpu/u_ifu_subsys/u_ibuf/ent_q[4][91]_i_1/O
                         net (fo=1, routed)           0.000    11.850    u_soc/Core_cpu/u_ifu_subsys/u_ibuf/ent_q[4][91]_i_1_n_0
    SLICE_X3Y64          FDRE                                         r  u_soc/Core_cpu/u_ifu_subsys/u_ibuf/ent_q_reg[4][91]/D
  -------------------------------------------------------------------    -------------------

                         (clock clk rise edge)        7.000     7.000 r  
    AE23                                              0.000     7.000 r  clk (IN)
                         net (fo=0)                   0.000     7.000    clk
    AE23                 IBUF (Prop_ibuf_I_O)         0.660     7.660 r  clk_IBUF_inst/O
                         net (fo=1, routed)           2.516    10.176    clk_IBUF
    BUFGCTRL_X0Y0        BUFG (Prop_bufg_I_O)         0.083    10.259 r  u_bufg/O
                         net (fo=5747, routed)        1.557    11.816    u_soc/Core_cpu/u_ifu_subsys/u_ibuf/clk_buf
    SLICE_X3Y64          FDRE                                         r  u_soc/Core_cpu/u_ifu_subsys/u_ibuf/ent_q_reg[4][91]/C
                         clock pessimism              0.310    12.125    
                         clock uncertainty           -0.035    12.090    
    SLICE_X3Y64          FDRE (Setup_fdre_C_D)        0.034    12.124    u_soc/Core_cpu/u_ifu_subsys/u_ibuf/ent_q_reg[4][91]
  -------------------------------------------------------------------
                         required time                         12.124    
                         arrival time                         -11.850    
  -------------------------------------------------------------------
                         slack                                  0.274    

Slack (MET) :             0.274ns  (required time - arrival time)
  Source:                 u_soc/Core_cpu/u_ifu_subsys/u_icache/q_pc_q_reg[9]/C
                            (rising edge-triggered cell FDRE clocked by clk  {rise@0.000ns fall@3.500ns period=7.000ns})
  Destination:            u_soc/Core_cpu/u_ifu_subsys/u_ibuf/ent_q_reg[4][91]/D
                            (rising edge-triggered cell FDRE clocked by clk  {rise@0.000ns fall@3.500ns period=7.000ns})
  Path Group:             clk
  Path Type:              Setup (Max at Slow Process Corner)
  Requirement:            7.000ns  (clk rise@7.000ns - clk rise@0.000ns)
  Data Path Delay:        6.754ns  (logic 0.825ns (12.215%)  route 5.929ns (87.785%))
  Logic Levels:           14  (LUT3=1 LUT4=3 LUT5=2 LUT6=7 RAMD64E=1)
  Clock Path Skew:        0.029ns (DCD - SCD + CPR)
    Destination Clock Delay (DCD):    4.816ns = ( 11.816 - 7.000 ) 
    Source Clock Delay      (SCD):    5.096ns
    Clock Pessimism Removal (CPR):    0.310ns
  Clock Uncertainty:      0.035ns  ((TSJ^2 + TIJ^2)^1/2 + DJ) / 2 + PE
    Total System Jitter     (TSJ):    0.071ns
    Total Input Jitter      (TIJ):    0.000ns
    Discrete Jitter          (DJ):    0.000ns
    Phase Error              (PE):    0.000ns

    Location             Delay type                Incr(ns)  Path(ns)    Netlist Resource(s)
  -------------------------------------------------------------------    -------------------
                         (clock clk rise edge)        0.000     0.000 r  
    AE23                                              0.000     0.000 r  clk (IN)
                         net (fo=0)                   0.000     0.000    clk
    AE23                 IBUF (Prop_ibuf_I_O)         0.734     0.734 r  clk_IBUF_inst/O
                         net (fo=1, routed)           2.651     3.385    clk_IBUF
    BUFGCTRL_X0Y0        BUFG (Prop_bufg_I_O)         0.093     3.478 r  u_bufg/O
                         net (fo=5747, routed)        1.618     5.096    u_soc/Core_cpu/u_ifu_subsys/u_icache/clk_buf
    SLICE_X44Y68         FDRE                                         r  u_soc/Core_cpu/u_ifu_subsys/u_icache/q_pc_q_reg[9]/C
  -------------------------------------------------------------------    -------------------
    SLICE_X44Y68         FDRE (Prop_fdre_C_Q)         0.223     5.319 r  u_soc/Core_cpu/u_ifu_subsys/u_icache/q_pc_q_reg[9]/Q
                         net (fo=148, routed)         0.574     5.893    u_soc/Core_cpu/u_ifu_subsys/g_tage.u_tage/g_tab[1].tg_p_reg_r1_0_63_0_2/ADDRA5
    SLICE_X38Y66         RAMD64E (Prop_ramd64e_RADR5_O)
                                                      0.043     5.936 f  u_soc/Core_cpu/u_ifu_subsys/g_tage.u_tage/g_tab[1].tg_p_reg_r1_0_63_0_2/RAMA/O
                         net (fo=1, routed)           0.456     6.392    u_soc/Core_cpu/u_ifu_subsys/g_tage.u_tage/g_tab[1].tg_p_reg_r1_0_63_0_2_n_0
    SLICE_X36Y67         LUT6 (Prop_lut6_I0_O)        0.043     6.435 r  u_soc/Core_cpu/u_ifu_subsys/g_tage.u_tage/ent_q[6][150]_i_61/O
                         net (fo=9, routed)           0.649     7.084    u_soc/Core_cpu/u_ifu_subsys/g_tage.u_tage/ent_q[6][150]_i_61_n_0
    SLICE_X33Y69         LUT4 (Prop_lut4_I0_O)        0.043     7.127 r  u_soc/Core_cpu/u_ifu_subsys/g_tage.u_tage/ent_q[6][150]_i_58/O
                         net (fo=2, routed)           0.547     7.673    u_soc/Core_cpu/u_ifu_subsys/g_tage.u_tage/ent_q[6][150]_i_58_n_0
    SLICE_X33Y68         LUT6 (Prop_lut6_I1_O)        0.043     7.716 r  u_soc/Core_cpu/u_ifu_subsys/g_tage.u_tage/ent_q[6][150]_i_39/O
                         net (fo=1, routed)           0.185     7.901    u_soc/Core_cpu/u_ifu_subsys/g_tage.u_tage/ent_q[6][150]_i_39_n_0
    SLICE_X32Y69         LUT6 (Prop_lut6_I5_O)        0.043     7.944 r  u_soc/Core_cpu/u_ifu_subsys/g_tage.u_tage/ent_q[6][150]_i_22/O
                         net (fo=1, routed)           0.243     8.186    u_soc/Core_cpu/u_ifu_subsys/g_tage.u_tage/ent_q[6][150]_i_22_n_0
    SLICE_X32Y68         LUT6 (Prop_lut6_I1_O)        0.043     8.229 r  u_soc/Core_cpu/u_ifu_subsys/g_tage.u_tage/ent_q[6][150]_i_8/O
                         net (fo=5, routed)           0.197     8.426    u_soc/Core_cpu/u_ifu_subsys/g_tage.u_tage/dir_pred[1]
    SLICE_X30Y68         LUT4 (Prop_lut4_I1_O)        0.043     8.469 r  u_soc/Core_cpu/u_ifu_subsys/g_tage.u_tage/q_t0_idx[1]_i_15/O
                         net (fo=3, routed)           0.267     8.737    u_soc/Core_cpu/u_ifu_subsys/u_btb/p_0_in11_in
    SLICE_X31Y68         LUT5 (Prop_lut5_I1_O)        0.043     8.780 r  u_soc/Core_cpu/u_ifu_subsys/u_btb/q_t0_idx[1]_i_9/O
                         net (fo=10, routed)          0.437     9.217    u_soc/Core_cpu/u_ifu_subsys/u_icache/u_tag_way1/u_prim/any_taken
    SLICE_X30Y69         LUT6 (Prop_lut6_I3_O)        0.043     9.260 r  u_soc/Core_cpu/u_ifu_subsys/u_icache/u_tag_way1/u_prim/cnt_q[0]_i_4/O
                         net (fo=3, routed)           0.277     9.537    u_soc/Core_cpu/u_ifu_subsys/u_ibuf/push_num[0]
    SLICE_X29Y71         LUT4 (Prop_lut4_I1_O)        0.043     9.580 r  u_soc/Core_cpu/u_ifu_subsys/u_ibuf/cnt_q[0]_i_2/O
                         net (fo=9, routed)           0.362     9.942    u_soc/Core_cpu/u_ifu_subsys/u_ibuf/cnt_q_reg[4]_1[0]
    SLICE_X24Y70         LUT3 (Prop_lut3_I1_O)        0.043     9.985 r  u_soc/Core_cpu/u_ifu_subsys/u_ibuf/ent_q[6][150]_i_13/O
                         net (fo=111, routed)         0.943    10.928    u_soc/Core_cpu/u_ifu_subsys/u_ibuf/cnt_q_reg[4]_3
    SLICE_X10Y65         LUT6 (Prop_lut6_I2_O)        0.043    10.971 r  u_soc/Core_cpu/u_ifu_subsys/u_ibuf/ent_q[6][91]_i_3/O
                         net (fo=8, routed)           0.440    11.411    u_soc/Core_cpu/u_ifu_subsys/u_ibuf/ent_q[6][91]_i_3_n_0
    SLICE_X2Y65          LUT6 (Prop_lut6_I0_O)        0.043    11.454 r  u_soc/Core_cpu/u_ifu_subsys/u_ibuf/ent_q[4][91]_i_2/O
                         net (fo=1, routed)           0.354    11.807    u_soc/Core_cpu/u_ifu_subsys/u_ibuf/ent_q[4][91]_i_2_n_0
    SLICE_X3Y64          LUT5 (Prop_lut5_I4_O)        0.043    11.850 r  u_soc/Core_cpu/u_ifu_subsys/u_ibuf/ent_q[4][91]_i_1/O
                         net (fo=1, routed)           0.000    11.850    u_soc/Core_cpu/u_ifu_subsys/u_ibuf/ent_q[4][91]_i_1_n_0
    SLICE_X3Y64          FDRE                                         r  u_soc/Core_cpu/u_ifu_subsys/u_ibuf/ent_q_reg[4][91]/D
  -------------------------------------------------------------------    -------------------

                         (clock clk rise edge)        7.000     7.000 r  
    AE23                                              0.000     7.000 r  clk (IN)
                         net (fo=0)                   0.000     7.000    clk
    AE23                 IBUF (Prop_ibuf_I_O)         0.660     7.660 r  clk_IBUF_inst/O
                         net (fo=1, routed)           2.516    10.176    clk_IBUF
    BUFGCTRL_X0Y0        BUFG (Prop_bufg_I_O)         0.083    10.259 r  u_bufg/O
                         net (fo=5747, routed)        1.557    11.816    u_soc/Core_cpu/u_ifu_subsys/u_ibuf/clk_buf
    SLICE_X3Y64          FDRE                                         r  u_soc/Core_cpu/u_ifu_subsys/u_ibuf/ent_q_reg[4][91]/C
                         clock pessimism              0.310    12.125    
                         clock uncertainty           -0.035    12.090    
    SLICE_X3Y64          FDRE (Setup_fdre_C_D)        0.034    12.124    u_soc/Core_cpu/u_ifu_subsys/u_ibuf/ent_q_reg[4][91]
  -------------------------------------------------------------------
                         required time                         12.124    
                         arrival time                         -11.850    
  -------------------------------------------------------------------
                         slack                                  0.274    

Slack (MET) :             0.274ns  (required time - arrival time)
  Source:                 u_soc/Core_cpu/u_ifu_subsys/u_icache/q_pc_q_reg[9]/C
                            (rising edge-triggered cell FDRE clocked by clk  {rise@0.000ns fall@3.500ns period=7.000ns})
  Destination:            u_soc/Core_cpu/u_ifu_subsys/u_ibuf/ent_q_reg[4][91]/D
                            (rising edge-triggered cell FDRE clocked by clk  {rise@0.000ns fall@3.500ns period=7.000ns})
  Path Group:             clk
  Path Type:              Setup (Max at Slow Process Corner)
  Requirement:            7.000ns  (clk rise@7.000ns - clk rise@0.000ns)
  Data Path Delay:        6.754ns  (logic 0.825ns (12.215%)  route 5.929ns (87.785%))
  Logic Levels:           14  (LUT3=1 LUT4=3 LUT5=2 LUT6=7 RAMD64E=1)
  Clock Path Skew:        0.029ns (DCD - SCD + CPR)
    Destination Clock Delay (DCD):    4.816ns = ( 11.816 - 7.000 ) 
    Source Clock Delay      (SCD):    5.096ns
    Clock Pessimism Removal (CPR):    0.310ns
  Clock Uncertainty:      0.035ns  ((TSJ^2 + TIJ^2)^1/2 + DJ) / 2 + PE
    Total System Jitter     (TSJ):    0.071ns
    Total Input Jitter      (TIJ):    0.000ns
    Discrete Jitter          (DJ):    0.000ns
    Phase Error              (PE):    0.000ns

    Location             Delay type                Incr(ns)  Path(ns)    Netlist Resource(s)
  -------------------------------------------------------------------    -------------------
                         (clock clk rise edge)        0.000     0.000 r  
    AE23                                              0.000     0.000 r  clk (IN)
                         net (fo=0)                   0.000     0.000    clk
    AE23                 IBUF (Prop_ibuf_I_O)         0.734     0.734 r  clk_IBUF_inst/O
                         net (fo=1, routed)           2.651     3.385    clk_IBUF
    BUFGCTRL_X0Y0        BUFG (Prop_bufg_I_O)         0.093     3.478 r  u_bufg/O
                         net (fo=5747, routed)        1.618     5.096    u_soc/Core_cpu/u_ifu_subsys/u_icache/clk_buf
    SLICE_X44Y68         FDRE                                         r  u_soc/Core_cpu/u_ifu_subsys/u_icache/q_pc_q_reg[9]/C
  -------------------------------------------------------------------    -------------------
    SLICE_X44Y68         FDRE (Prop_fdre_C_Q)         0.223     5.319 r  u_soc/Core_cpu/u_ifu_subsys/u_icache/q_pc_q_reg[9]/Q
                         net (fo=148, routed)         0.574     5.893    u_soc/Core_cpu/u_ifu_subsys/g_tage.u_tage/g_tab[1].tg_p_reg_r1_0_63_0_2/ADDRA5
    SLICE_X38Y66         RAMD64E (Prop_ramd64e_RADR5_O)
                                                      0.043     5.936 r  u_soc/Core_cpu/u_ifu_subsys/g_tage.u_tage/g_tab[1].tg_p_reg_r1_0_63_0_2/RAMA/O
                         net (fo=1, routed)           0.456     6.392    u_soc/Core_cpu/u_ifu_subsys/g_tage.u_tage/g_tab[1].tg_p_reg_r1_0_63_0_2_n_0
    SLICE_X36Y67         LUT6 (Prop_lut6_I0_O)        0.043     6.435 f  u_soc/Core_cpu/u_ifu_subsys/g_tage.u_tage/ent_q[6][150]_i_61/O
                         net (fo=9, routed)           0.649     7.084    u_soc/Core_cpu/u_ifu_subsys/g_tage.u_tage/ent_q[6][150]_i_61_n_0
    SLICE_X33Y69         LUT4 (Prop_lut4_I0_O)        0.043     7.127 f  u_soc/Core_cpu/u_ifu_subsys/g_tage.u_tage/ent_q[6][150]_i_58/O
                         net (fo=2, routed)           0.547     7.673    u_soc/Core_cpu/u_ifu_subsys/g_tage.u_tage/ent_q[6][150]_i_58_n_0
    SLICE_X33Y68         LUT6 (Prop_lut6_I1_O)        0.043     7.716 f  u_soc/Core_cpu/u_ifu_subsys/g_tage.u_tage/ent_q[6][150]_i_39/O
                         net (fo=1, routed)           0.185     7.901    u_soc/Core_cpu/u_ifu_subsys/g_tage.u_tage/ent_q[6][150]_i_39_n_0
    SLICE_X32Y69         LUT6 (Prop_lut6_I5_O)        0.043     7.944 f  u_soc/Core_cpu/u_ifu_subsys/g_tage.u_tage/ent_q[6][150]_i_22/O
                         net (fo=1, routed)           0.243     8.186    u_soc/Core_cpu/u_ifu_subsys/g_tage.u_tage/ent_q[6][150]_i_22_n_0
    SLICE_X32Y68         LUT6 (Prop_lut6_I1_O)        0.043     8.229 r  u_soc/Core_cpu/u_ifu_subsys/g_tage.u_tage/ent_q[6][150]_i_8/O
                         net (fo=5, routed)           0.197     8.426    u_soc/Core_cpu/u_ifu_subsys/g_tage.u_tage/dir_pred[1]
    SLICE_X30Y68         LUT4 (Prop_lut4_I1_O)        0.043     8.469 r  u_soc/Core_cpu/u_ifu_subsys/g_tage.u_tage/q_t0_idx[1]_i_15/O
                         net (fo=3, routed)           0.267     8.737    u_soc/Core_cpu/u_ifu_subsys/u_btb/p_0_in11_in
    SLICE_X31Y68         LUT5 (Prop_lut5_I1_O)        0.043     8.780 r  u_soc/Core_cpu/u_ifu_subsys/u_btb/q_t0_idx[1]_i_9/O
                         net (fo=10, routed)          0.437     9.217    u_soc/Core_cpu/u_ifu_subsys/u_icache/u_tag_way1/u_prim/any_taken
    SLICE_X30Y69         LUT6 (Prop_lut6_I3_O)        0.043     9.260 r  u_soc/Core_cpu/u_ifu_subsys/u_icache/u_tag_way1/u_prim/cnt_q[0]_i_4/O
                         net (fo=3, routed)           0.277     9.537    u_soc/Core_cpu/u_ifu_subsys/u_ibuf/push_num[0]
    SLICE_X29Y71         LUT4 (Prop_lut4_I1_O)        0.043     9.580 r  u_soc/Core_cpu/u_ifu_subsys/u_ibuf/cnt_q[0]_i_2/O
                         net (fo=9, routed)           0.362     9.942    u_soc/Core_cpu/u_ifu_subsys/u_ibuf/cnt_q_reg[4]_1[0]
    SLICE_X24Y70         LUT3 (Prop_lut3_I1_O)        0.043     9.985 r  u_soc/Core_cpu/u_ifu_subsys/u_ibuf/ent_q[6][150]_i_13/O
                         net (fo=111, routed)         0.943    10.928    u_soc/Core_cpu/u_ifu_subsys/u_ibuf/cnt_q_reg[4]_3
    SLICE_X10Y65         LUT6 (Prop_lut6_I2_O)        0.043    10.971 r  u_soc/Core_cpu/u_ifu_subsys/u_ibuf/ent_q[6][91]_i_3/O
                         net (fo=8, routed)           0.440    11.411    u_soc/Core_cpu/u_ifu_subsys/u_ibuf/ent_q[6][91]_i_3_n_0
    SLICE_X2Y65          LUT6 (Prop_lut6_I0_O)        0.043    11.454 r  u_soc/Core_cpu/u_ifu_subsys/u_ibuf/ent_q[4][91]_i_2/O
                         net (fo=1, routed)           0.354    11.807    u_soc/Core_cpu/u_ifu_subsys/u_ibuf/ent_q[4][91]_i_2_n_0
    SLICE_X3Y64          LUT5 (Prop_lut5_I4_O)        0.043    11.850 r  u_soc/Core_cpu/u_ifu_subsys/u_ibuf/ent_q[4][91]_i_1/O
                         net (fo=1, routed)           0.000    11.850    u_soc/Core_cpu/u_ifu_subsys/u_ibuf/ent_q[4][91]_i_1_n_0
    SLICE_X3Y64          FDRE                                         r  u_soc/Core_cpu/u_ifu_subsys/u_ibuf/ent_q_reg[4][91]/D
  -------------------------------------------------------------------    -------------------

                         (clock clk rise edge)        7.000     7.000 r  
    AE23                                              0.000     7.000 r  clk (IN)
                         net (fo=0)                   0.000     7.000    clk
    AE23                 IBUF (Prop_ibuf_I_O)         0.660     7.660 r  clk_IBUF_inst/O
                         net (fo=1, routed)           2.516    10.176    clk_IBUF
    BUFGCTRL_X0Y0        BUFG (Prop_bufg_I_O)         0.083    10.259 r  u_bufg/O
                         net (fo=5747, routed)        1.557    11.816    u_soc/Core_cpu/u_ifu_subsys/u_ibuf/clk_buf
    SLICE_X3Y64          FDRE                                         r  u_soc/Core_cpu/u_ifu_subsys/u_ibuf/ent_q_reg[4][91]/C
                         clock pessimism              0.310    12.125    
                         clock uncertainty           -0.035    12.090    
    SLICE_X3Y64          FDRE (Setup_fdre_C_D)        0.034    12.124    u_soc/Core_cpu/u_ifu_subsys/u_ibuf/ent_q_reg[4][91]
  -------------------------------------------------------------------
                         required time                         12.124    
                         arrival time                         -11.850    
  -------------------------------------------------------------------
                         slack                                  0.274    

Slack (MET) :             0.275ns  (required time - arrival time)
  Source:                 u_soc/Core_cpu/u_ifu_subsys/u_icache/q_pc_q_reg[9]/C
                            (rising edge-triggered cell FDRE clocked by clk  {rise@0.000ns fall@3.500ns period=7.000ns})
  Destination:            u_soc/Core_cpu/u_ifu_subsys/u_ibuf/ent_q_reg[2][88]/D
                            (rising edge-triggered cell FDRE clocked by clk  {rise@0.000ns fall@3.500ns period=7.000ns})
  Path Group:             clk
  Path Type:              Setup (Max at Slow Process Corner)
  Requirement:            7.000ns  (clk rise@7.000ns - clk rise@0.000ns)
  Data Path Delay:        6.752ns  (logic 0.825ns (12.218%)  route 5.927ns (87.782%))
  Logic Levels:           14  (LUT3=1 LUT4=3 LUT5=2 LUT6=7 RAMD64E=1)
  Clock Path Skew:        0.029ns (DCD - SCD + CPR)
    Destination Clock Delay (DCD):    4.816ns = ( 11.816 - 7.000 ) 
    Source Clock Delay      (SCD):    5.096ns
    Clock Pessimism Removal (CPR):    0.310ns
  Clock Uncertainty:      0.035ns  ((TSJ^2 + TIJ^2)^1/2 + DJ) / 2 + PE
    Total System Jitter     (TSJ):    0.071ns
    Total Input Jitter      (TIJ):    0.000ns
    Discrete Jitter          (DJ):    0.000ns
    Phase Error              (PE):    0.000ns

    Location             Delay type                Incr(ns)  Path(ns)    Netlist Resource(s)
  -------------------------------------------------------------------    -------------------
                         (clock clk rise edge)        0.000     0.000 r  
    AE23                                              0.000     0.000 r  clk (IN)
                         net (fo=0)                   0.000     0.000    clk
    AE23                 IBUF (Prop_ibuf_I_O)         0.734     0.734 r  clk_IBUF_inst/O
                         net (fo=1, routed)           2.651     3.385    clk_IBUF
    BUFGCTRL_X0Y0        BUFG (Prop_bufg_I_O)         0.093     3.478 r  u_bufg/O
                         net (fo=5747, routed)        1.618     5.096    u_soc/Core_cpu/u_ifu_subsys/u_icache/clk_buf
    SLICE_X44Y68         FDRE                                         r  u_soc/Core_cpu/u_ifu_subsys/u_icache/q_pc_q_reg[9]/C
  -------------------------------------------------------------------    -------------------
    SLICE_X44Y68         FDRE (Prop_fdre_C_Q)         0.223     5.319 r  u_soc/Core_cpu/u_ifu_subsys/u_icache/q_pc_q_reg[9]/Q
                         net (fo=148, routed)         0.574     5.893    u_soc/Core_cpu/u_ifu_subsys/g_tage.u_tage/g_tab[1].tg_p_reg_r1_0_63_0_2/ADDRA5
    SLICE_X38Y66         RAMD64E (Prop_ramd64e_RADR5_O)
                                                      0.043     5.936 r  u_soc/Core_cpu/u_ifu_subsys/g_tage.u_tage/g_tab[1].tg_p_reg_r1_0_63_0_2/RAMA/O
                         net (fo=1, routed)           0.456     6.392    u_soc/Core_cpu/u_ifu_subsys/g_tage.u_tage/g_tab[1].tg_p_reg_r1_0_63_0_2_n_0
    SLICE_X36Y67         LUT6 (Prop_lut6_I0_O)        0.043     6.435 r  u_soc/Core_cpu/u_ifu_subsys/g_tage.u_tage/ent_q[6][150]_i_61/O
                         net (fo=9, routed)           0.649     7.084    u_soc/Core_cpu/u_ifu_subsys/g_tage.u_tage/ent_q[6][150]_i_61_n_0
    SLICE_X33Y69         LUT4 (Prop_lut4_I0_O)        0.043     7.127 r  u_soc/Core_cpu/u_ifu_subsys/g_tage.u_tage/ent_q[6][150]_i_58/O
                         net (fo=2, routed)           0.547     7.673    u_soc/Core_cpu/u_ifu_subsys/g_tage.u_tage/ent_q[6][150]_i_58_n_0
    SLICE_X33Y68         LUT6 (Prop_lut6_I1_O)        0.043     7.716 r  u_soc/Core_cpu/u_ifu_subsys/g_tage.u_tage/ent_q[6][150]_i_39/O
                         net (fo=1, routed)           0.185     7.901    u_soc/Core_cpu/u_ifu_subsys/g_tage.u_tage/ent_q[6][150]_i_39_n_0
    SLICE_X32Y69         LUT6 (Prop_lut6_I5_O)        0.043     7.944 r  u_soc/Core_cpu/u_ifu_subsys/g_tage.u_tage/ent_q[6][150]_i_22/O
                         net (fo=1, routed)           0.243     8.186    u_soc/Core_cpu/u_ifu_subsys/g_tage.u_tage/ent_q[6][150]_i_22_n_0
    SLICE_X32Y68         LUT6 (Prop_lut6_I1_O)        0.043     8.229 r  u_soc/Core_cpu/u_ifu_subsys/g_tage.u_tage/ent_q[6][150]_i_8/O
                         net (fo=5, routed)           0.197     8.426    u_soc/Core_cpu/u_ifu_subsys/g_tage.u_tage/dir_pred[1]
    SLICE_X30Y68         LUT4 (Prop_lut4_I1_O)        0.043     8.469 r  u_soc/Core_cpu/u_ifu_subsys/g_tage.u_tage/q_t0_idx[1]_i_15/O
                         net (fo=3, routed)           0.267     8.737    u_soc/Core_cpu/u_ifu_subsys/u_btb/p_0_in11_in
    SLICE_X31Y68         LUT5 (Prop_lut5_I1_O)        0.043     8.780 r  u_soc/Core_cpu/u_ifu_subsys/u_btb/q_t0_idx[1]_i_9/O
                         net (fo=10, routed)          0.437     9.217    u_soc/Core_cpu/u_ifu_subsys/u_icache/u_tag_way1/u_prim/any_taken
    SLICE_X30Y69         LUT6 (Prop_lut6_I3_O)        0.043     9.260 r  u_soc/Core_cpu/u_ifu_subsys/u_icache/u_tag_way1/u_prim/cnt_q[0]_i_4/O
                         net (fo=3, routed)           0.277     9.537    u_soc/Core_cpu/u_ifu_subsys/u_ibuf/push_num[0]
    SLICE_X29Y71         LUT4 (Prop_lut4_I1_O)        0.043     9.580 r  u_soc/Core_cpu/u_ifu_subsys/u_ibuf/cnt_q[0]_i_2/O
                         net (fo=9, routed)           0.362     9.942    u_soc/Core_cpu/u_ifu_subsys/u_ibuf/cnt_q_reg[4]_1[0]
    SLICE_X24Y70         LUT3 (Prop_lut3_I1_O)        0.043     9.985 r  u_soc/Core_cpu/u_ifu_subsys/u_ibuf/ent_q[6][150]_i_13/O
                         net (fo=111, routed)         1.038    11.022    u_soc/Core_cpu/u_ifu_subsys/u_ibuf/cnt_q_reg[4]_3
    SLICE_X7Y63          LUT6 (Prop_lut6_I2_O)        0.043    11.065 r  u_soc/Core_cpu/u_ifu_subsys/u_ibuf/ent_q[6][88]_i_3/O
                         net (fo=8, routed)           0.458    11.524    u_soc/Core_cpu/u_ifu_subsys/u_ibuf/ent_q[6][88]_i_3_n_0
    SLICE_X4Y61          LUT6 (Prop_lut6_I0_O)        0.043    11.567 r  u_soc/Core_cpu/u_ifu_subsys/u_ibuf/ent_q[2][88]_i_2/O
                         net (fo=1, routed)           0.239    11.806    u_soc/Core_cpu/u_ifu_subsys/u_ibuf/ent_q[2][88]_i_2_n_0
    SLICE_X4Y61          LUT5 (Prop_lut5_I4_O)        0.043    11.849 r  u_soc/Core_cpu/u_ifu_subsys/u_ibuf/ent_q[2][88]_i_1/O
                         net (fo=1, routed)           0.000    11.849    u_soc/Core_cpu/u_ifu_subsys/u_ibuf/ent_q[2][88]_i_1_n_0
    SLICE_X4Y61          FDRE                                         r  u_soc/Core_cpu/u_ifu_subsys/u_ibuf/ent_q_reg[2][88]/D
  -------------------------------------------------------------------    -------------------

                         (clock clk rise edge)        7.000     7.000 r  
    AE23                                              0.000     7.000 r  clk (IN)
                         net (fo=0)                   0.000     7.000    clk
    AE23                 IBUF (Prop_ibuf_I_O)         0.660     7.660 r  clk_IBUF_inst/O
                         net (fo=1, routed)           2.516    10.176    clk_IBUF
    BUFGCTRL_X0Y0        BUFG (Prop_bufg_I_O)         0.083    10.259 r  u_bufg/O
                         net (fo=5747, routed)        1.557    11.816    u_soc/Core_cpu/u_ifu_subsys/u_ibuf/clk_buf
    SLICE_X4Y61          FDRE                                         r  u_soc/Core_cpu/u_ifu_subsys/u_ibuf/ent_q_reg[2][88]/C
                         clock pessimism              0.310    12.125    
                         clock uncertainty           -0.035    12.090    
    SLICE_X4Y61          FDRE (Setup_fdre_C_D)        0.034    12.124    u_soc/Core_cpu/u_ifu_subsys/u_ibuf/ent_q_reg[2][88]
  -------------------------------------------------------------------
                         required time                         12.124    
                         arrival time                         -11.849    
  -------------------------------------------------------------------
                         slack                                  0.275    

Slack (MET) :             0.275ns  (required time - arrival time)
  Source:                 u_soc/Core_cpu/u_ifu_subsys/u_icache/q_pc_q_reg[9]/C
                            (rising edge-triggered cell FDRE clocked by clk  {rise@0.000ns fall@3.500ns period=7.000ns})
  Destination:            u_soc/Core_cpu/u_ifu_subsys/u_ibuf/ent_q_reg[2][88]/D
                            (rising edge-triggered cell FDRE clocked by clk  {rise@0.000ns fall@3.500ns period=7.000ns})
  Path Group:             clk
  Path Type:              Setup (Max at Slow Process Corner)
  Requirement:            7.000ns  (clk rise@7.000ns - clk rise@0.000ns)
  Data Path Delay:        6.752ns  (logic 0.825ns (12.218%)  route 5.927ns (87.782%))
  Logic Levels:           14  (LUT3=1 LUT4=3 LUT5=2 LUT6=7 RAMD64E=1)
  Clock Path Skew:        0.029ns (DCD - SCD + CPR)
    Destination Clock Delay (DCD):    4.816ns = ( 11.816 - 7.000 ) 
    Source Clock Delay      (SCD):    5.096ns
    Clock Pessimism Removal (CPR):    0.310ns
  Clock Uncertainty:      0.035ns  ((TSJ^2 + TIJ^2)^1/2 + DJ) / 2 + PE
    Total System Jitter     (TSJ):    0.071ns
    Total Input Jitter      (TIJ):    0.000ns
    Discrete Jitter          (DJ):    0.000ns
    Phase Error              (PE):    0.000ns

    Location             Delay type                Incr(ns)  Path(ns)    Netlist Resource(s)
  -------------------------------------------------------------------    -------------------
                         (clock clk rise edge)        0.000     0.000 r  
    AE23                                              0.000     0.000 r  clk (IN)
                         net (fo=0)                   0.000     0.000    clk
    AE23                 IBUF (Prop_ibuf_I_O)         0.734     0.734 r  clk_IBUF_inst/O
                         net (fo=1, routed)           2.651     3.385    clk_IBUF
    BUFGCTRL_X0Y0        BUFG (Prop_bufg_I_O)         0.093     3.478 r  u_bufg/O
                         net (fo=5747, routed)        1.618     5.096    u_soc/Core_cpu/u_ifu_subsys/u_icache/clk_buf
    SLICE_X44Y68         FDRE                                         r  u_soc/Core_cpu/u_ifu_subsys/u_icache/q_pc_q_reg[9]/C
  -------------------------------------------------------------------    -------------------
    SLICE_X44Y68         FDRE (Prop_fdre_C_Q)         0.223     5.319 r  u_soc/Core_cpu/u_ifu_subsys/u_icache/q_pc_q_reg[9]/Q
                         net (fo=148, routed)         0.574     5.893    u_soc/Core_cpu/u_ifu_subsys/g_tage.u_tage/g_tab[1].tg_p_reg_r1_0_63_0_2/ADDRA5
    SLICE_X38Y66         RAMD64E (Prop_ramd64e_RADR5_O)
                                                      0.043     5.936 f  u_soc/Core_cpu/u_ifu_subsys/g_tage.u_tage/g_tab[1].tg_p_reg_r1_0_63_0_2/RAMA/O
                         net (fo=1, routed)           0.456     6.392    u_soc/Core_cpu/u_ifu_subsys/g_tage.u_tage/g_tab[1].tg_p_reg_r1_0_63_0_2_n_0
    SLICE_X36Y67         LUT6 (Prop_lut6_I0_O)        0.043     6.435 r  u_soc/Core_cpu/u_ifu_subsys/g_tage.u_tage/ent_q[6][150]_i_61/O
                         net (fo=9, routed)           0.649     7.084    u_soc/Core_cpu/u_ifu_subsys/g_tage.u_tage/ent_q[6][150]_i_61_n_0
    SLICE_X33Y69         LUT4 (Prop_lut4_I0_O)        0.043     7.127 r  u_soc/Core_cpu/u_ifu_subsys/g_tage.u_tage/ent_q[6][150]_i_58/O
                         net (fo=2, routed)           0.547     7.673    u_soc/Core_cpu/u_ifu_subsys/g_tage.u_tage/ent_q[6][150]_i_58_n_0
    SLICE_X33Y68         LUT6 (Prop_lut6_I1_O)        0.043     7.716 r  u_soc/Core_cpu/u_ifu_subsys/g_tage.u_tage/ent_q[6][150]_i_39/O
                         net (fo=1, routed)           0.185     7.901    u_soc/Core_cpu/u_ifu_subsys/g_tage.u_tage/ent_q[6][150]_i_39_n_0
    SLICE_X32Y69         LUT6 (Prop_lut6_I5_O)        0.043     7.944 r  u_soc/Core_cpu/u_ifu_subsys/g_tage.u_tage/ent_q[6][150]_i_22/O
                         net (fo=1, routed)           0.243     8.186    u_soc/Core_cpu/u_ifu_subsys/g_tage.u_tage/ent_q[6][150]_i_22_n_0
    SLICE_X32Y68         LUT6 (Prop_lut6_I1_O)        0.043     8.229 r  u_soc/Core_cpu/u_ifu_subsys/g_tage.u_tage/ent_q[6][150]_i_8/O
                         net (fo=5, routed)           0.197     8.426    u_soc/Core_cpu/u_ifu_subsys/g_tage.u_tage/dir_pred[1]
    SLICE_X30Y68         LUT4 (Prop_lut4_I1_O)        0.043     8.469 r  u_soc/Core_cpu/u_ifu_subsys/g_tage.u_tage/q_t0_idx[1]_i_15/O
                         net (fo=3, routed)           0.267     8.737    u_soc/Core_cpu/u_ifu_subsys/u_btb/p_0_in11_in
    SLICE_X31Y68         LUT5 (Prop_lut5_I1_O)        0.043     8.780 r  u_soc/Core_cpu/u_ifu_subsys/u_btb/q_t0_idx[1]_i_9/O
                         net (fo=10, routed)          0.437     9.217    u_soc/Core_cpu/u_ifu_subsys/u_icache/u_tag_way1/u_prim/any_taken
    SLICE_X30Y69         LUT6 (Prop_lut6_I3_O)        0.043     9.260 r  u_soc/Core_cpu/u_ifu_subsys/u_icache/u_tag_way1/u_prim/cnt_q[0]_i_4/O
                         net (fo=3, routed)           0.277     9.537    u_soc/Core_cpu/u_ifu_subsys/u_ibuf/push_num[0]
    SLICE_X29Y71         LUT4 (Prop_lut4_I1_O)        0.043     9.580 r  u_soc/Core_cpu/u_ifu_subsys/u_ibuf/cnt_q[0]_i_2/O
                         net (fo=9, routed)           0.362     9.942    u_soc/Core_cpu/u_ifu_subsys/u_ibuf/cnt_q_reg[4]_1[0]
    SLICE_X24Y70         LUT3 (Prop_lut3_I1_O)        0.043     9.985 r  u_soc/Core_cpu/u_ifu_subsys/u_ibuf/ent_q[6][150]_i_13/O
                         net (fo=111, routed)         1.038    11.022    u_soc/Core_cpu/u_ifu_subsys/u_ibuf/cnt_q_reg[4]_3
    SLICE_X7Y63          LUT6 (Prop_lut6_I2_O)        0.043    11.065 r  u_soc/Core_cpu/u_ifu_subsys/u_ibuf/ent_q[6][88]_i_3/O
                         net (fo=8, routed)           0.458    11.524    u_soc/Core_cpu/u_ifu_subsys/u_ibuf/ent_q[6][88]_i_3_n_0
    SLICE_X4Y61          LUT6 (Prop_lut6_I0_O)        0.043    11.567 r  u_soc/Core_cpu/u_ifu_subsys/u_ibuf/ent_q[2][88]_i_2/O
                         net (fo=1, routed)           0.239    11.806    u_soc/Core_cpu/u_ifu_subsys/u_ibuf/ent_q[2][88]_i_2_n_0
    SLICE_X4Y61          LUT5 (Prop_lut5_I4_O)        0.043    11.849 r  u_soc/Core_cpu/u_ifu_subsys/u_ibuf/ent_q[2][88]_i_1/O
                         net (fo=1, routed)           0.000    11.849    u_soc/Core_cpu/u_ifu_subsys/u_ibuf/ent_q[2][88]_i_1_n_0
    SLICE_X4Y61          FDRE                                         r  u_soc/Core_cpu/u_ifu_subsys/u_ibuf/ent_q_reg[2][88]/D
  -------------------------------------------------------------------    -------------------

                         (clock clk rise edge)        7.000     7.000 r  
    AE23                                              0.000     7.000 r  clk (IN)
                         net (fo=0)                   0.000     7.000    clk
    AE23                 IBUF (Prop_ibuf_I_O)         0.660     7.660 r  clk_IBUF_inst/O
                         net (fo=1, routed)           2.516    10.176    clk_IBUF
    BUFGCTRL_X0Y0        BUFG (Prop_bufg_I_O)         0.083    10.259 r  u_bufg/O
                         net (fo=5747, routed)        1.557    11.816    u_soc/Core_cpu/u_ifu_subsys/u_ibuf/clk_buf
    SLICE_X4Y61          FDRE                                         r  u_soc/Core_cpu/u_ifu_subsys/u_ibuf/ent_q_reg[2][88]/C
                         clock pessimism              0.310    12.125    
                         clock uncertainty           -0.035    12.090    
    SLICE_X4Y61          FDRE (Setup_fdre_C_D)        0.034    12.124    u_soc/Core_cpu/u_ifu_subsys/u_ibuf/ent_q_reg[2][88]
  -------------------------------------------------------------------
                         required time                         12.124    
                         arrival time                         -11.849    
  -------------------------------------------------------------------
                         slack                                  0.275    

Slack (MET) :             0.275ns  (required time - arrival time)
  Source:                 u_soc/Core_cpu/u_ifu_subsys/u_icache/q_pc_q_reg[9]/C
                            (rising edge-triggered cell FDRE clocked by clk  {rise@0.000ns fall@3.500ns period=7.000ns})
  Destination:            u_soc/Core_cpu/u_ifu_subsys/u_ibuf/ent_q_reg[2][88]/D
                            (rising edge-triggered cell FDRE clocked by clk  {rise@0.000ns fall@3.500ns period=7.000ns})
  Path Group:             clk
  Path Type:              Setup (Max at Slow Process Corner)
  Requirement:            7.000ns  (clk rise@7.000ns - clk rise@0.000ns)
  Data Path Delay:        6.752ns  (logic 0.825ns (12.218%)  route 5.927ns (87.782%))
  Logic Levels:           14  (LUT3=1 LUT4=3 LUT5=2 LUT6=7 RAMD64E=1)
  Clock Path Skew:        0.029ns (DCD - SCD + CPR)
    Destination Clock Delay (DCD):    4.816ns = ( 11.816 - 7.000 ) 
    Source Clock Delay      (SCD):    5.096ns
    Clock Pessimism Removal (CPR):    0.310ns
  Clock Uncertainty:      0.035ns  ((TSJ^2 + TIJ^2)^1/2 + DJ) / 2 + PE
    Total System Jitter     (TSJ):    0.071ns
    Total Input Jitter      (TIJ):    0.000ns
    Discrete Jitter          (DJ):    0.000ns
    Phase Error              (PE):    0.000ns

    Location             Delay type                Incr(ns)  Path(ns)    Netlist Resource(s)
  -------------------------------------------------------------------    -------------------
                         (clock clk rise edge)        0.000     0.000 r  
    AE23                                              0.000     0.000 r  clk (IN)
                         net (fo=0)                   0.000     0.000    clk
    AE23                 IBUF (Prop_ibuf_I_O)         0.734     0.734 r  clk_IBUF_inst/O
                         net (fo=1, routed)           2.651     3.385    clk_IBUF
    BUFGCTRL_X0Y0        BUFG (Prop_bufg_I_O)         0.093     3.478 r  u_bufg/O
                         net (fo=5747, routed)        1.618     5.096    u_soc/Core_cpu/u_ifu_subsys/u_icache/clk_buf
    SLICE_X44Y68         FDRE                                         r  u_soc/Core_cpu/u_ifu_subsys/u_icache/q_pc_q_reg[9]/C
  -------------------------------------------------------------------    -------------------
    SLICE_X44Y68         FDRE (Prop_fdre_C_Q)         0.223     5.319 r  u_soc/Core_cpu/u_ifu_subsys/u_icache/q_pc_q_reg[9]/Q
                         net (fo=148, routed)         0.574     5.893    u_soc/Core_cpu/u_ifu_subsys/g_tage.u_tage/g_tab[1].tg_p_reg_r1_0_63_0_2/ADDRA5
    SLICE_X38Y66         RAMD64E (Prop_ramd64e_RADR5_O)
                                                      0.043     5.936 r  u_soc/Core_cpu/u_ifu_subsys/g_tage.u_tage/g_tab[1].tg_p_reg_r1_0_63_0_2/RAMA/O
                         net (fo=1, routed)           0.456     6.392    u_soc/Core_cpu/u_ifu_subsys/g_tage.u_tage/g_tab[1].tg_p_reg_r1_0_63_0_2_n_0
    SLICE_X36Y67         LUT6 (Prop_lut6_I0_O)        0.043     6.435 r  u_soc/Core_cpu/u_ifu_subsys/g_tage.u_tage/ent_q[6][150]_i_61/O
                         net (fo=9, routed)           0.649     7.084    u_soc/Core_cpu/u_ifu_subsys/g_tage.u_tage/ent_q[6][150]_i_61_n_0
    SLICE_X33Y69         LUT4 (Prop_lut4_I0_O)        0.043     7.127 r  u_soc/Core_cpu/u_ifu_subsys/g_tage.u_tage/ent_q[6][150]_i_58/O
                         net (fo=2, routed)           0.547     7.673    u_soc/Core_cpu/u_ifu_subsys/g_tage.u_tage/ent_q[6][150]_i_58_n_0
    SLICE_X33Y68         LUT6 (Prop_lut6_I1_O)        0.043     7.716 r  u_soc/Core_cpu/u_ifu_subsys/g_tage.u_tage/ent_q[6][150]_i_39/O
                         net (fo=1, routed)           0.185     7.901    u_soc/Core_cpu/u_ifu_subsys/g_tage.u_tage/ent_q[6][150]_i_39_n_0
    SLICE_X32Y69         LUT6 (Prop_lut6_I5_O)        0.043     7.944 r  u_soc/Core_cpu/u_ifu_subsys/g_tage.u_tage/ent_q[6][150]_i_22/O
                         net (fo=1, routed)           0.243     8.186    u_soc/Core_cpu/u_ifu_subsys/g_tage.u_tage/ent_q[6][150]_i_22_n_0
    SLICE_X32Y68         LUT6 (Prop_lut6_I1_O)        0.043     8.229 r  u_soc/Core_cpu/u_ifu_subsys/g_tage.u_tage/ent_q[6][150]_i_8/O
                         net (fo=5, routed)           0.197     8.426    u_soc/Core_cpu/u_ifu_subsys/g_tage.u_tage/dir_pred[1]
    SLICE_X30Y68         LUT4 (Prop_lut4_I1_O)        0.043     8.469 r  u_soc/Core_cpu/u_ifu_subsys/g_tage.u_tage/q_t0_idx[1]_i_15/O
                         net (fo=3, routed)           0.267     8.737    u_soc/Core_cpu/u_ifu_subsys/u_btb/p_0_in11_in
    SLICE_X31Y68         LUT5 (Prop_lut5_I1_O)        0.043     8.780 r  u_soc/Core_cpu/u_ifu_subsys/u_btb/q_t0_idx[1]_i_9/O
                         net (fo=10, routed)          0.437     9.217    u_soc/Core_cpu/u_ifu_subsys/u_icache/u_tag_way1/u_prim/any_taken
    SLICE_X30Y69         LUT6 (Prop_lut6_I3_O)        0.043     9.260 f  u_soc/Core_cpu/u_ifu_subsys/u_icache/u_tag_way1/u_prim/cnt_q[0]_i_4/O
                         net (fo=3, routed)           0.277     9.537    u_soc/Core_cpu/u_ifu_subsys/u_ibuf/push_num[0]
    SLICE_X29Y71         LUT4 (Prop_lut4_I1_O)        0.043     9.580 f  u_soc/Core_cpu/u_ifu_subsys/u_ibuf/cnt_q[0]_i_2/O
                         net (fo=9, routed)           0.362     9.942    u_soc/Core_cpu/u_ifu_subsys/u_ibuf/cnt_q_reg[4]_1[0]
    SLICE_X24Y70         LUT3 (Prop_lut3_I1_O)        0.043     9.985 f  u_soc/Core_cpu/u_ifu_subsys/u_ibuf/ent_q[6][150]_i_13/O
                         net (fo=111, routed)         1.038    11.022    u_soc/Core_cpu/u_ifu_subsys/u_ibuf/cnt_q_reg[4]_3
    SLICE_X7Y63          LUT6 (Prop_lut6_I2_O)        0.043    11.065 r  u_soc/Core_cpu/u_ifu_subsys/u_ibuf/ent_q[6][88]_i_3/O
                         net (fo=8, routed)           0.458    11.524    u_soc/Core_cpu/u_ifu_subsys/u_ibuf/ent_q[6][88]_i_3_n_0
    SLICE_X4Y61          LUT6 (Prop_lut6_I0_O)        0.043    11.567 r  u_soc/Core_cpu/u_ifu_subsys/u_ibuf/ent_q[2][88]_i_2/O
                         net (fo=1, routed)           0.239    11.806    u_soc/Core_cpu/u_ifu_subsys/u_ibuf/ent_q[2][88]_i_2_n_0
    SLICE_X4Y61          LUT5 (Prop_lut5_I4_O)        0.043    11.849 r  u_soc/Core_cpu/u_ifu_subsys/u_ibuf/ent_q[2][88]_i_1/O
                         net (fo=1, routed)           0.000    11.849    u_soc/Core_cpu/u_ifu_subsys/u_ibuf/ent_q[2][88]_i_1_n_0
    SLICE_X4Y61          FDRE                                         r  u_soc/Core_cpu/u_ifu_subsys/u_ibuf/ent_q_reg[2][88]/D
  -------------------------------------------------------------------    -------------------

                         (clock clk rise edge)        7.000     7.000 r  
    AE23                                              0.000     7.000 r  clk (IN)
                         net (fo=0)                   0.000     7.000    clk
    AE23                 IBUF (Prop_ibuf_I_O)         0.660     7.660 r  clk_IBUF_inst/O
                         net (fo=1, routed)           2.516    10.176    clk_IBUF
    BUFGCTRL_X0Y0        BUFG (Prop_bufg_I_O)         0.083    10.259 r  u_bufg/O
                         net (fo=5747, routed)        1.557    11.816    u_soc/Core_cpu/u_ifu_subsys/u_ibuf/clk_buf
    SLICE_X4Y61          FDRE                                         r  u_soc/Core_cpu/u_ifu_subsys/u_ibuf/ent_q_reg[2][88]/C
                         clock pessimism              0.310    12.125    
                         clock uncertainty           -0.035    12.090    
    SLICE_X4Y61          FDRE (Setup_fdre_C_D)        0.034    12.124    u_soc/Core_cpu/u_ifu_subsys/u_ibuf/ent_q_reg[2][88]
  -------------------------------------------------------------------
                         required time                         12.124    
                         arrival time                         -11.849    
  -------------------------------------------------------------------
                         slack                                  0.275    

Slack (MET) :             0.293ns  (required time - arrival time)
  Source:                 u_soc/Core_cpu/u_ifu_subsys/u_icache/q_pc_q_reg[9]/C
                            (rising edge-triggered cell FDRE clocked by clk  {rise@0.000ns fall@3.500ns period=7.000ns})
  Destination:            u_soc/Core_cpu/u_ifu_subsys/u_ibuf/ent_q_reg[1][6]/D
                            (rising edge-triggered cell FDRE clocked by clk  {rise@0.000ns fall@3.500ns period=7.000ns})
  Path Group:             clk
  Path Type:              Setup (Max at Slow Process Corner)
  Requirement:            7.000ns  (clk rise@7.000ns - clk rise@0.000ns)
  Data Path Delay:        6.683ns  (logic 0.825ns (12.344%)  route 5.858ns (87.656%))
  Logic Levels:           14  (LUT3=1 LUT4=4 LUT5=2 LUT6=6 RAMD64E=1)
  Clock Path Skew:        -0.052ns (DCD - SCD + CPR)
    Destination Clock Delay (DCD):    4.735ns = ( 11.735 - 7.000 ) 
    Source Clock Delay      (SCD):    5.096ns
    Clock Pessimism Removal (CPR):    0.310ns
  Clock Uncertainty:      0.035ns  ((TSJ^2 + TIJ^2)^1/2 + DJ) / 2 + PE
    Total System Jitter     (TSJ):    0.071ns
    Total Input Jitter      (TIJ):    0.000ns
    Discrete Jitter          (DJ):    0.000ns
    Phase Error              (PE):    0.000ns

    Location             Delay type                Incr(ns)  Path(ns)    Netlist Resource(s)
  -------------------------------------------------------------------    -------------------
                         (clock clk rise edge)        0.000     0.000 r  
    AE23                                              0.000     0.000 r  clk (IN)
                         net (fo=0)                   0.000     0.000    clk
    AE23                 IBUF (Prop_ibuf_I_O)         0.734     0.734 r  clk_IBUF_inst/O
                         net (fo=1, routed)           2.651     3.385    clk_IBUF
    BUFGCTRL_X0Y0        BUFG (Prop_bufg_I_O)         0.093     3.478 r  u_bufg/O
                         net (fo=5747, routed)        1.618     5.096    u_soc/Core_cpu/u_ifu_subsys/u_icache/clk_buf
    SLICE_X44Y68         FDRE                                         r  u_soc/Core_cpu/u_ifu_subsys/u_icache/q_pc_q_reg[9]/C
  -------------------------------------------------------------------    -------------------
    SLICE_X44Y68         FDRE (Prop_fdre_C_Q)         0.223     5.319 r  u_soc/Core_cpu/u_ifu_subsys/u_icache/q_pc_q_reg[9]/Q
                         net (fo=148, routed)         0.574     5.893    u_soc/Core_cpu/u_ifu_subsys/g_tage.u_tage/g_tab[1].tg_p_reg_r1_0_63_0_2/ADDRA5
    SLICE_X38Y66         RAMD64E (Prop_ramd64e_RADR5_O)
                                                      0.043     5.936 r  u_soc/Core_cpu/u_ifu_subsys/g_tage.u_tage/g_tab[1].tg_p_reg_r1_0_63_0_2/RAMA/O
                         net (fo=1, routed)           0.456     6.392    u_soc/Core_cpu/u_ifu_subsys/g_tage.u_tage/g_tab[1].tg_p_reg_r1_0_63_0_2_n_0
    SLICE_X36Y67         LUT6 (Prop_lut6_I0_O)        0.043     6.435 r  u_soc/Core_cpu/u_ifu_subsys/g_tage.u_tage/ent_q[6][150]_i_61/O
                         net (fo=9, routed)           0.649     7.084    u_soc/Core_cpu/u_ifu_subsys/g_tage.u_tage/ent_q[6][150]_i_61_n_0
    SLICE_X33Y69         LUT4 (Prop_lut4_I0_O)        0.043     7.127 r  u_soc/Core_cpu/u_ifu_subsys/g_tage.u_tage/ent_q[6][150]_i_58/O
                         net (fo=2, routed)           0.547     7.673    u_soc/Core_cpu/u_ifu_subsys/g_tage.u_tage/ent_q[6][150]_i_58_n_0
    SLICE_X33Y68         LUT6 (Prop_lut6_I1_O)        0.043     7.716 r  u_soc/Core_cpu/u_ifu_subsys/g_tage.u_tage/ent_q[6][150]_i_39/O
                         net (fo=1, routed)           0.185     7.901    u_soc/Core_cpu/u_ifu_subsys/g_tage.u_tage/ent_q[6][150]_i_39_n_0
    SLICE_X32Y69         LUT6 (Prop_lut6_I5_O)        0.043     7.944 r  u_soc/Core_cpu/u_ifu_subsys/g_tage.u_tage/ent_q[6][150]_i_22/O
                         net (fo=1, routed)           0.243     8.186    u_soc/Core_cpu/u_ifu_subsys/g_tage.u_tage/ent_q[6][150]_i_22_n_0
    SLICE_X32Y68         LUT6 (Prop_lut6_I1_O)        0.043     8.229 r  u_soc/Core_cpu/u_ifu_subsys/g_tage.u_tage/ent_q[6][150]_i_8/O
                         net (fo=5, routed)           0.197     8.426    u_soc/Core_cpu/u_ifu_subsys/g_tage.u_tage/dir_pred[1]
    SLICE_X30Y68         LUT4 (Prop_lut4_I1_O)        0.043     8.469 r  u_soc/Core_cpu/u_ifu_subsys/g_tage.u_tage/q_t0_idx[1]_i_15/O
                         net (fo=3, routed)           0.267     8.737    u_soc/Core_cpu/u_ifu_subsys/u_btb/p_0_in11_in
    SLICE_X31Y68         LUT5 (Prop_lut5_I1_O)        0.043     8.780 r  u_soc/Core_cpu/u_ifu_subsys/u_btb/q_t0_idx[1]_i_9/O
                         net (fo=10, routed)          0.437     9.217    u_soc/Core_cpu/u_ifu_subsys/u_icache/u_tag_way1/u_prim/any_taken
    SLICE_X30Y69         LUT6 (Prop_lut6_I3_O)        0.043     9.260 r  u_soc/Core_cpu/u_ifu_subsys/u_icache/u_tag_way1/u_prim/cnt_q[0]_i_4/O
                         net (fo=3, routed)           0.277     9.537    u_soc/Core_cpu/u_ifu_subsys/u_ibuf/push_num[0]
    SLICE_X29Y71         LUT4 (Prop_lut4_I1_O)        0.043     9.580 r  u_soc/Core_cpu/u_ifu_subsys/u_ibuf/cnt_q[0]_i_2/O
                         net (fo=9, routed)           0.362     9.942    u_soc/Core_cpu/u_ifu_subsys/u_ibuf/cnt_q_reg[4]_1[0]
    SLICE_X24Y70         LUT3 (Prop_lut3_I1_O)        0.043     9.985 r  u_soc/Core_cpu/u_ifu_subsys/u_ibuf/ent_q[6][150]_i_13/O
                         net (fo=111, routed)         0.926    10.910    u_soc/Core_cpu/u_ifu_subsys/u_ibuf/cnt_q_reg[4]_3
    SLICE_X44Y74         LUT5 (Prop_lut5_I1_O)        0.043    10.953 r  u_soc/Core_cpu/u_ifu_subsys/u_ibuf/ent_q[6][6]_i_7/O
                         net (fo=8, routed)           0.496    11.449    u_soc/Core_cpu/u_ifu_subsys/u_ibuf/ent_q[6][6]_i_7_n_0
    SLICE_X46Y76         LUT6 (Prop_lut6_I0_O)        0.043    11.492 r  u_soc/Core_cpu/u_ifu_subsys/u_ibuf/ent_q[1][6]_i_2/O
                         net (fo=1, routed)           0.244    11.737    u_soc/Core_cpu/u_ifu_subsys/u_ibuf/ent_q[1][6]_i_2_n_0
    SLICE_X46Y76         LUT4 (Prop_lut4_I3_O)        0.043    11.780 r  u_soc/Core_cpu/u_ifu_subsys/u_ibuf/ent_q[1][6]_i_1/O
                         net (fo=1, routed)           0.000    11.780    u_soc/Core_cpu/u_ifu_subsys/u_ibuf/ent_q[1][6]_i_1_n_0
    SLICE_X46Y76         FDRE                                         r  u_soc/Core_cpu/u_ifu_subsys/u_ibuf/ent_q_reg[1][6]/D
  -------------------------------------------------------------------    -------------------

                         (clock clk rise edge)        7.000     7.000 r  
    AE23                                              0.000     7.000 r  clk (IN)
                         net (fo=0)                   0.000     7.000    clk
    AE23                 IBUF (Prop_ibuf_I_O)         0.660     7.660 r  clk_IBUF_inst/O
                         net (fo=1, routed)           2.516    10.176    clk_IBUF
    BUFGCTRL_X0Y0        BUFG (Prop_bufg_I_O)         0.083    10.259 r  u_bufg/O
                         net (fo=5747, routed)        1.476    11.735    u_soc/Core_cpu/u_ifu_subsys/u_ibuf/clk_buf
    SLICE_X46Y76         FDRE                                         r  u_soc/Core_cpu/u_ifu_subsys/u_ibuf/ent_q_reg[1][6]/C
                         clock pessimism              0.310    12.044    
                         clock uncertainty           -0.035    12.009    
    SLICE_X46Y76         FDRE (Setup_fdre_C_D)        0.064    12.073    u_soc/Core_cpu/u_ifu_subsys/u_ibuf/ent_q_reg[1][6]
  -------------------------------------------------------------------
                         required time                         12.073    
                         arrival time                         -11.780    
  -------------------------------------------------------------------
                         slack                                  0.293    

Slack (MET) :             0.293ns  (required time - arrival time)
  Source:                 u_soc/Core_cpu/u_ifu_subsys/u_icache/q_pc_q_reg[9]/C
                            (rising edge-triggered cell FDRE clocked by clk  {rise@0.000ns fall@3.500ns period=7.000ns})
  Destination:            u_soc/Core_cpu/u_ifu_subsys/u_ibuf/ent_q_reg[1][6]/D
                            (rising edge-triggered cell FDRE clocked by clk  {rise@0.000ns fall@3.500ns period=7.000ns})
  Path Group:             clk
  Path Type:              Setup (Max at Slow Process Corner)
  Requirement:            7.000ns  (clk rise@7.000ns - clk rise@0.000ns)
  Data Path Delay:        6.683ns  (logic 0.825ns (12.344%)  route 5.858ns (87.656%))
  Logic Levels:           14  (LUT3=1 LUT4=4 LUT5=2 LUT6=6 RAMD64E=1)
  Clock Path Skew:        -0.052ns (DCD - SCD + CPR)
    Destination Clock Delay (DCD):    4.735ns = ( 11.735 - 7.000 ) 
    Source Clock Delay      (SCD):    5.096ns
    Clock Pessimism Removal (CPR):    0.310ns
  Clock Uncertainty:      0.035ns  ((TSJ^2 + TIJ^2)^1/2 + DJ) / 2 + PE
    Total System Jitter     (TSJ):    0.071ns
    Total Input Jitter      (TIJ):    0.000ns
    Discrete Jitter          (DJ):    0.000ns
    Phase Error              (PE):    0.000ns

    Location             Delay type                Incr(ns)  Path(ns)    Netlist Resource(s)
  -------------------------------------------------------------------    -------------------
                         (clock clk rise edge)        0.000     0.000 r  
    AE23                                              0.000     0.000 r  clk (IN)
                         net (fo=0)                   0.000     0.000    clk
    AE23                 IBUF (Prop_ibuf_I_O)         0.734     0.734 r  clk_IBUF_inst/O
                         net (fo=1, routed)           2.651     3.385    clk_IBUF
    BUFGCTRL_X0Y0        BUFG (Prop_bufg_I_O)         0.093     3.478 r  u_bufg/O
                         net (fo=5747, routed)        1.618     5.096    u_soc/Core_cpu/u_ifu_subsys/u_icache/clk_buf
    SLICE_X44Y68         FDRE                                         r  u_soc/Core_cpu/u_ifu_subsys/u_icache/q_pc_q_reg[9]/C
  -------------------------------------------------------------------    -------------------
    SLICE_X44Y68         FDRE (Prop_fdre_C_Q)         0.223     5.319 r  u_soc/Core_cpu/u_ifu_subsys/u_icache/q_pc_q_reg[9]/Q
                         net (fo=148, routed)         0.574     5.893    u_soc/Core_cpu/u_ifu_subsys/g_tage.u_tage/g_tab[1].tg_p_reg_r1_0_63_0_2/ADDRA5
    SLICE_X38Y66         RAMD64E (Prop_ramd64e_RADR5_O)
                                                      0.043     5.936 f  u_soc/Core_cpu/u_ifu_subsys/g_tage.u_tage/g_tab[1].tg_p_reg_r1_0_63_0_2/RAMA/O
                         net (fo=1, routed)           0.456     6.392    u_soc/Core_cpu/u_ifu_subsys/g_tage.u_tage/g_tab[1].tg_p_reg_r1_0_63_0_2_n_0
    SLICE_X36Y67         LUT6 (Prop_lut6_I0_O)        0.043     6.435 r  u_soc/Core_cpu/u_ifu_subsys/g_tage.u_tage/ent_q[6][150]_i_61/O
                         net (fo=9, routed)           0.649     7.084    u_soc/Core_cpu/u_ifu_subsys/g_tage.u_tage/ent_q[6][150]_i_61_n_0
    SLICE_X33Y69         LUT4 (Prop_lut4_I0_O)        0.043     7.127 r  u_soc/Core_cpu/u_ifu_subsys/g_tage.u_tage/ent_q[6][150]_i_58/O
                         net (fo=2, routed)           0.547     7.673    u_soc/Core_cpu/u_ifu_subsys/g_tage.u_tage/ent_q[6][150]_i_58_n_0
    SLICE_X33Y68         LUT6 (Prop_lut6_I1_O)        0.043     7.716 r  u_soc/Core_cpu/u_ifu_subsys/g_tage.u_tage/ent_q[6][150]_i_39/O
                         net (fo=1, routed)           0.185     7.901    u_soc/Core_cpu/u_ifu_subsys/g_tage.u_tage/ent_q[6][150]_i_39_n_0
    SLICE_X32Y69         LUT6 (Prop_lut6_I5_O)        0.043     7.944 r  u_soc/Core_cpu/u_ifu_subsys/g_tage.u_tage/ent_q[6][150]_i_22/O
                         net (fo=1, routed)           0.243     8.186    u_soc/Core_cpu/u_ifu_subsys/g_tage.u_tage/ent_q[6][150]_i_22_n_0
    SLICE_X32Y68         LUT6 (Prop_lut6_I1_O)        0.043     8.229 r  u_soc/Core_cpu/u_ifu_subsys/g_tage.u_tage/ent_q[6][150]_i_8/O
                         net (fo=5, routed)           0.197     8.426    u_soc/Core_cpu/u_ifu_subsys/g_tage.u_tage/dir_pred[1]
    SLICE_X30Y68         LUT4 (Prop_lut4_I1_O)        0.043     8.469 r  u_soc/Core_cpu/u_ifu_subsys/g_tage.u_tage/q_t0_idx[1]_i_15/O
                         net (fo=3, routed)           0.267     8.737    u_soc/Core_cpu/u_ifu_subsys/u_btb/p_0_in11_in
    SLICE_X31Y68         LUT5 (Prop_lut5_I1_O)        0.043     8.780 r  u_soc/Core_cpu/u_ifu_subsys/u_btb/q_t0_idx[1]_i_9/O
                         net (fo=10, routed)          0.437     9.217    u_soc/Core_cpu/u_ifu_subsys/u_icache/u_tag_way1/u_prim/any_taken
    SLICE_X30Y69         LUT6 (Prop_lut6_I3_O)        0.043     9.260 r  u_soc/Core_cpu/u_ifu_subsys/u_icache/u_tag_way1/u_prim/cnt_q[0]_i_4/O
                         net (fo=3, routed)           0.277     9.537    u_soc/Core_cpu/u_ifu_subsys/u_ibuf/push_num[0]
    SLICE_X29Y71         LUT4 (Prop_lut4_I1_O)        0.043     9.580 r  u_soc/Core_cpu/u_ifu_subsys/u_ibuf/cnt_q[0]_i_2/O
                         net (fo=9, routed)           0.362     9.942    u_soc/Core_cpu/u_ifu_subsys/u_ibuf/cnt_q_reg[4]_1[0]
    SLICE_X24Y70         LUT3 (Prop_lut3_I1_O)        0.043     9.985 r  u_soc/Core_cpu/u_ifu_subsys/u_ibuf/ent_q[6][150]_i_13/O
                         net (fo=111, routed)         0.926    10.910    u_soc/Core_cpu/u_ifu_subsys/u_ibuf/cnt_q_reg[4]_3
    SLICE_X44Y74         LUT5 (Prop_lut5_I1_O)        0.043    10.953 r  u_soc/Core_cpu/u_ifu_subsys/u_ibuf/ent_q[6][6]_i_7/O
                         net (fo=8, routed)           0.496    11.449    u_soc/Core_cpu/u_ifu_subsys/u_ibuf/ent_q[6][6]_i_7_n_0
    SLICE_X46Y76         LUT6 (Prop_lut6_I0_O)        0.043    11.492 r  u_soc/Core_cpu/u_ifu_subsys/u_ibuf/ent_q[1][6]_i_2/O
                         net (fo=1, routed)           0.244    11.737    u_soc/Core_cpu/u_ifu_subsys/u_ibuf/ent_q[1][6]_i_2_n_0
    SLICE_X46Y76         LUT4 (Prop_lut4_I3_O)        0.043    11.780 r  u_soc/Core_cpu/u_ifu_subsys/u_ibuf/ent_q[1][6]_i_1/O
                         net (fo=1, routed)           0.000    11.780    u_soc/Core_cpu/u_ifu_subsys/u_ibuf/ent_q[1][6]_i_1_n_0
    SLICE_X46Y76         FDRE                                         r  u_soc/Core_cpu/u_ifu_subsys/u_ibuf/ent_q_reg[1][6]/D
  -------------------------------------------------------------------    -------------------

                         (clock clk rise edge)        7.000     7.000 r  
    AE23                                              0.000     7.000 r  clk (IN)
                         net (fo=0)                   0.000     7.000    clk
    AE23                 IBUF (Prop_ibuf_I_O)         0.660     7.660 r  clk_IBUF_inst/O
                         net (fo=1, routed)           2.516    10.176    clk_IBUF
    BUFGCTRL_X0Y0        BUFG (Prop_bufg_I_O)         0.083    10.259 r  u_bufg/O
                         net (fo=5747, routed)        1.476    11.735    u_soc/Core_cpu/u_ifu_subsys/u_ibuf/clk_buf
    SLICE_X46Y76         FDRE                                         r  u_soc/Core_cpu/u_ifu_subsys/u_ibuf/ent_q_reg[1][6]/C
                         clock pessimism              0.310    12.044    
                         clock uncertainty           -0.035    12.009    
    SLICE_X46Y76         FDRE (Setup_fdre_C_D)        0.064    12.073    u_soc/Core_cpu/u_ifu_subsys/u_ibuf/ent_q_reg[1][6]
  -------------------------------------------------------------------
                         required time                         12.073    
                         arrival time                         -11.780    
  -------------------------------------------------------------------
                         slack                                  0.293    

Slack (MET) :             0.293ns  (required time - arrival time)
  Source:                 u_soc/Core_cpu/u_ifu_subsys/u_icache/q_pc_q_reg[9]/C
                            (rising edge-triggered cell FDRE clocked by clk  {rise@0.000ns fall@3.500ns period=7.000ns})
  Destination:            u_soc/Core_cpu/u_ifu_subsys/u_ibuf/ent_q_reg[1][6]/D
                            (rising edge-triggered cell FDRE clocked by clk  {rise@0.000ns fall@3.500ns period=7.000ns})
  Path Group:             clk
  Path Type:              Setup (Max at Slow Process Corner)
  Requirement:            7.000ns  (clk rise@7.000ns - clk rise@0.000ns)
  Data Path Delay:        6.683ns  (logic 0.825ns (12.344%)  route 5.858ns (87.656%))
  Logic Levels:           14  (LUT3=1 LUT4=4 LUT5=2 LUT6=6 RAMD64E=1)
  Clock Path Skew:        -0.052ns (DCD - SCD + CPR)
    Destination Clock Delay (DCD):    4.735ns = ( 11.735 - 7.000 ) 
    Source Clock Delay      (SCD):    5.096ns
    Clock Pessimism Removal (CPR):    0.310ns
  Clock Uncertainty:      0.035ns  ((TSJ^2 + TIJ^2)^1/2 + DJ) / 2 + PE
    Total System Jitter     (TSJ):    0.071ns
    Total Input Jitter      (TIJ):    0.000ns
    Discrete Jitter          (DJ):    0.000ns
    Phase Error              (PE):    0.000ns

    Location             Delay type                Incr(ns)  Path(ns)    Netlist Resource(s)
  -------------------------------------------------------------------    -------------------
                         (clock clk rise edge)        0.000     0.000 r  
    AE23                                              0.000     0.000 r  clk (IN)
                         net (fo=0)                   0.000     0.000    clk
    AE23                 IBUF (Prop_ibuf_I_O)         0.734     0.734 r  clk_IBUF_inst/O
                         net (fo=1, routed)           2.651     3.385    clk_IBUF
    BUFGCTRL_X0Y0        BUFG (Prop_bufg_I_O)         0.093     3.478 r  u_bufg/O
                         net (fo=5747, routed)        1.618     5.096    u_soc/Core_cpu/u_ifu_subsys/u_icache/clk_buf
    SLICE_X44Y68         FDRE                                         r  u_soc/Core_cpu/u_ifu_subsys/u_icache/q_pc_q_reg[9]/C
  -------------------------------------------------------------------    -------------------
    SLICE_X44Y68         FDRE (Prop_fdre_C_Q)         0.223     5.319 r  u_soc/Core_cpu/u_ifu_subsys/u_icache/q_pc_q_reg[9]/Q
                         net (fo=148, routed)         0.574     5.893    u_soc/Core_cpu/u_ifu_subsys/g_tage.u_tage/g_tab[1].tg_p_reg_r1_0_63_0_2/ADDRA5
    SLICE_X38Y66         RAMD64E (Prop_ramd64e_RADR5_O)
                                                      0.043     5.936 r  u_soc/Core_cpu/u_ifu_subsys/g_tage.u_tage/g_tab[1].tg_p_reg_r1_0_63_0_2/RAMA/O
                         net (fo=1, routed)           0.456     6.392    u_soc/Core_cpu/u_ifu_subsys/g_tage.u_tage/g_tab[1].tg_p_reg_r1_0_63_0_2_n_0
    SLICE_X36Y67         LUT6 (Prop_lut6_I0_O)        0.043     6.435 f  u_soc/Core_cpu/u_ifu_subsys/g_tage.u_tage/ent_q[6][150]_i_61/O
                         net (fo=9, routed)           0.649     7.084    u_soc/Core_cpu/u_ifu_subsys/g_tage.u_tage/ent_q[6][150]_i_61_n_0
    SLICE_X33Y69         LUT4 (Prop_lut4_I0_O)        0.043     7.127 f  u_soc/Core_cpu/u_ifu_subsys/g_tage.u_tage/ent_q[6][150]_i_58/O
                         net (fo=2, routed)           0.547     7.673    u_soc/Core_cpu/u_ifu_subsys/g_tage.u_tage/ent_q[6][150]_i_58_n_0
    SLICE_X33Y68         LUT6 (Prop_lut6_I1_O)        0.043     7.716 f  u_soc/Core_cpu/u_ifu_subsys/g_tage.u_tage/ent_q[6][150]_i_39/O
                         net (fo=1, routed)           0.185     7.901    u_soc/Core_cpu/u_ifu_subsys/g_tage.u_tage/ent_q[6][150]_i_39_n_0
    SLICE_X32Y69         LUT6 (Prop_lut6_I5_O)        0.043     7.944 f  u_soc/Core_cpu/u_ifu_subsys/g_tage.u_tage/ent_q[6][150]_i_22/O
                         net (fo=1, routed)           0.243     8.186    u_soc/Core_cpu/u_ifu_subsys/g_tage.u_tage/ent_q[6][150]_i_22_n_0
    SLICE_X32Y68         LUT6 (Prop_lut6_I1_O)        0.043     8.229 r  u_soc/Core_cpu/u_ifu_subsys/g_tage.u_tage/ent_q[6][150]_i_8/O
                         net (fo=5, routed)           0.197     8.426    u_soc/Core_cpu/u_ifu_subsys/g_tage.u_tage/dir_pred[1]
    SLICE_X30Y68         LUT4 (Prop_lut4_I1_O)        0.043     8.469 r  u_soc/Core_cpu/u_ifu_subsys/g_tage.u_tage/q_t0_idx[1]_i_15/O
                         net (fo=3, routed)           0.267     8.737    u_soc/Core_cpu/u_ifu_subsys/u_btb/p_0_in11_in
    SLICE_X31Y68         LUT5 (Prop_lut5_I1_O)        0.043     8.780 r  u_soc/Core_cpu/u_ifu_subsys/u_btb/q_t0_idx[1]_i_9/O
                         net (fo=10, routed)          0.437     9.217    u_soc/Core_cpu/u_ifu_subsys/u_icache/u_tag_way1/u_prim/any_taken
    SLICE_X30Y69         LUT6 (Prop_lut6_I3_O)        0.043     9.260 r  u_soc/Core_cpu/u_ifu_subsys/u_icache/u_tag_way1/u_prim/cnt_q[0]_i_4/O
                         net (fo=3, routed)           0.277     9.537    u_soc/Core_cpu/u_ifu_subsys/u_ibuf/push_num[0]
    SLICE_X29Y71         LUT4 (Prop_lut4_I1_O)        0.043     9.580 r  u_soc/Core_cpu/u_ifu_subsys/u_ibuf/cnt_q[0]_i_2/O
                         net (fo=9, routed)           0.362     9.942    u_soc/Core_cpu/u_ifu_subsys/u_ibuf/cnt_q_reg[4]_1[0]
    SLICE_X24Y70         LUT3 (Prop_lut3_I1_O)        0.043     9.985 r  u_soc/Core_cpu/u_ifu_subsys/u_ibuf/ent_q[6][150]_i_13/O
                         net (fo=111, routed)         0.926    10.910    u_soc/Core_cpu/u_ifu_subsys/u_ibuf/cnt_q_reg[4]_3
    SLICE_X44Y74         LUT5 (Prop_lut5_I1_O)        0.043    10.953 r  u_soc/Core_cpu/u_ifu_subsys/u_ibuf/ent_q[6][6]_i_7/O
                         net (fo=8, routed)           0.496    11.449    u_soc/Core_cpu/u_ifu_subsys/u_ibuf/ent_q[6][6]_i_7_n_0
    SLICE_X46Y76         LUT6 (Prop_lut6_I0_O)        0.043    11.492 r  u_soc/Core_cpu/u_ifu_subsys/u_ibuf/ent_q[1][6]_i_2/O
                         net (fo=1, routed)           0.244    11.737    u_soc/Core_cpu/u_ifu_subsys/u_ibuf/ent_q[1][6]_i_2_n_0
    SLICE_X46Y76         LUT4 (Prop_lut4_I3_O)        0.043    11.780 r  u_soc/Core_cpu/u_ifu_subsys/u_ibuf/ent_q[1][6]_i_1/O
                         net (fo=1, routed)           0.000    11.780    u_soc/Core_cpu/u_ifu_subsys/u_ibuf/ent_q[1][6]_i_1_n_0
    SLICE_X46Y76         FDRE                                         r  u_soc/Core_cpu/u_ifu_subsys/u_ibuf/ent_q_reg[1][6]/D
  -------------------------------------------------------------------    -------------------

                         (clock clk rise edge)        7.000     7.000 r  
    AE23                                              0.000     7.000 r  clk (IN)
                         net (fo=0)                   0.000     7.000    clk
    AE23                 IBUF (Prop_ibuf_I_O)         0.660     7.660 r  clk_IBUF_inst/O
                         net (fo=1, routed)           2.516    10.176    clk_IBUF
    BUFGCTRL_X0Y0        BUFG (Prop_bufg_I_O)         0.083    10.259 r  u_bufg/O
                         net (fo=5747, routed)        1.476    11.735    u_soc/Core_cpu/u_ifu_subsys/u_ibuf/clk_buf
    SLICE_X46Y76         FDRE                                         r  u_soc/Core_cpu/u_ifu_subsys/u_ibuf/ent_q_reg[1][6]/C
                         clock pessimism              0.310    12.044    
                         clock uncertainty           -0.035    12.009    
    SLICE_X46Y76         FDRE (Setup_fdre_C_D)        0.064    12.073    u_soc/Core_cpu/u_ifu_subsys/u_ibuf/ent_q_reg[1][6]
  -------------------------------------------------------------------
                         required time                         12.073    
                         arrival time                         -11.780    
  -------------------------------------------------------------------
                         slack                                  0.293    

Slack (MET) :             0.294ns  (required time - arrival time)
  Source:                 u_soc/Core_cpu/u_ifu_subsys/u_icache/q_pc_q_reg[9]/C
                            (rising edge-triggered cell FDRE clocked by clk  {rise@0.000ns fall@3.500ns period=7.000ns})
  Destination:            u_soc/Core_cpu/u_ifu_subsys/u_ibuf/ent_q_reg[4][46]/D
                            (rising edge-triggered cell FDRE clocked by clk  {rise@0.000ns fall@3.500ns period=7.000ns})
  Path Group:             clk
  Path Type:              Setup (Max at Slow Process Corner)
  Requirement:            7.000ns  (clk rise@7.000ns - clk rise@0.000ns)
  Data Path Delay:        6.675ns  (logic 0.825ns (12.360%)  route 5.850ns (87.640%))
  Logic Levels:           14  (LUT3=1 LUT4=4 LUT5=2 LUT6=6 RAMD64E=1)
  Clock Path Skew:        -0.030ns (DCD - SCD + CPR)
    Destination Clock Delay (DCD):    4.757ns = ( 11.757 - 7.000 ) 
    Source Clock Delay      (SCD):    5.096ns
    Clock Pessimism Removal (CPR):    0.310ns
  Clock Uncertainty:      0.035ns  ((TSJ^2 + TIJ^2)^1/2 + DJ) / 2 + PE
    Total System Jitter     (TSJ):    0.071ns
    Total Input Jitter      (TIJ):    0.000ns
    Discrete Jitter          (DJ):    0.000ns
    Phase Error              (PE):    0.000ns

    Location             Delay type                Incr(ns)  Path(ns)    Netlist Resource(s)
  -------------------------------------------------------------------    -------------------
                         (clock clk rise edge)        0.000     0.000 r  
    AE23                                              0.000     0.000 r  clk (IN)
                         net (fo=0)                   0.000     0.000    clk
    AE23                 IBUF (Prop_ibuf_I_O)         0.734     0.734 r  clk_IBUF_inst/O
                         net (fo=1, routed)           2.651     3.385    clk_IBUF
    BUFGCTRL_X0Y0        BUFG (Prop_bufg_I_O)         0.093     3.478 r  u_bufg/O
                         net (fo=5747, routed)        1.618     5.096    u_soc/Core_cpu/u_ifu_subsys/u_icache/clk_buf
    SLICE_X44Y68         FDRE                                         r  u_soc/Core_cpu/u_ifu_subsys/u_icache/q_pc_q_reg[9]/C
  -------------------------------------------------------------------    -------------------
    SLICE_X44Y68         FDRE (Prop_fdre_C_Q)         0.223     5.319 r  u_soc/Core_cpu/u_ifu_subsys/u_icache/q_pc_q_reg[9]/Q
                         net (fo=148, routed)         0.574     5.893    u_soc/Core_cpu/u_ifu_subsys/g_tage.u_tage/g_tab[1].tg_p_reg_r1_0_63_0_2/ADDRA5
    SLICE_X38Y66         RAMD64E (Prop_ramd64e_RADR5_O)
                                                      0.043     5.936 r  u_soc/Core_cpu/u_ifu_subsys/g_tage.u_tage/g_tab[1].tg_p_reg_r1_0_63_0_2/RAMA/O
                         net (fo=1, routed)           0.456     6.392    u_soc/Core_cpu/u_ifu_subsys/g_tage.u_tage/g_tab[1].tg_p_reg_r1_0_63_0_2_n_0
    SLICE_X36Y67         LUT6 (Prop_lut6_I0_O)        0.043     6.435 r  u_soc/Core_cpu/u_ifu_subsys/g_tage.u_tage/ent_q[6][150]_i_61/O
                         net (fo=9, routed)           0.649     7.084    u_soc/Core_cpu/u_ifu_subsys/g_tage.u_tage/ent_q[6][150]_i_61_n_0
    SLICE_X33Y69         LUT4 (Prop_lut4_I0_O)        0.043     7.127 r  u_soc/Core_cpu/u_ifu_subsys/g_tage.u_tage/ent_q[6][150]_i_58/O
                         net (fo=2, routed)           0.547     7.673    u_soc/Core_cpu/u_ifu_subsys/g_tage.u_tage/ent_q[6][150]_i_58_n_0
    SLICE_X33Y68         LUT6 (Prop_lut6_I1_O)        0.043     7.716 r  u_soc/Core_cpu/u_ifu_subsys/g_tage.u_tage/ent_q[6][150]_i_39/O
                         net (fo=1, routed)           0.185     7.901    u_soc/Core_cpu/u_ifu_subsys/g_tage.u_tage/ent_q[6][150]_i_39_n_0
    SLICE_X32Y69         LUT6 (Prop_lut6_I5_O)        0.043     7.944 r  u_soc/Core_cpu/u_ifu_subsys/g_tage.u_tage/ent_q[6][150]_i_22/O
                         net (fo=1, routed)           0.243     8.186    u_soc/Core_cpu/u_ifu_subsys/g_tage.u_tage/ent_q[6][150]_i_22_n_0
    SLICE_X32Y68         LUT6 (Prop_lut6_I1_O)        0.043     8.229 r  u_soc/Core_cpu/u_ifu_subsys/g_tage.u_tage/ent_q[6][150]_i_8/O
                         net (fo=5, routed)           0.197     8.426    u_soc/Core_cpu/u_ifu_subsys/g_tage.u_tage/dir_pred[1]
    SLICE_X30Y68         LUT4 (Prop_lut4_I1_O)        0.043     8.469 r  u_soc/Core_cpu/u_ifu_subsys/g_tage.u_tage/q_t0_idx[1]_i_15/O
                         net (fo=3, routed)           0.267     8.737    u_soc/Core_cpu/u_ifu_subsys/u_btb/p_0_in11_in
    SLICE_X31Y68         LUT5 (Prop_lut5_I1_O)        0.043     8.780 r  u_soc/Core_cpu/u_ifu_subsys/u_btb/q_t0_idx[1]_i_9/O
                         net (fo=10, routed)          0.437     9.217    u_soc/Core_cpu/u_ifu_subsys/u_icache/u_tag_way1/u_prim/any_taken
    SLICE_X30Y69         LUT6 (Prop_lut6_I3_O)        0.043     9.260 r  u_soc/Core_cpu/u_ifu_subsys/u_icache/u_tag_way1/u_prim/cnt_q[0]_i_4/O
                         net (fo=3, routed)           0.277     9.537    u_soc/Core_cpu/u_ifu_subsys/u_ibuf/push_num[0]
    SLICE_X29Y71         LUT4 (Prop_lut4_I1_O)        0.043     9.580 r  u_soc/Core_cpu/u_ifu_subsys/u_ibuf/cnt_q[0]_i_2/O
                         net (fo=9, routed)           0.362     9.942    u_soc/Core_cpu/u_ifu_subsys/u_ibuf/cnt_q_reg[4]_1[0]
    SLICE_X24Y70         LUT3 (Prop_lut3_I1_O)        0.043     9.985 r  u_soc/Core_cpu/u_ifu_subsys/u_ibuf/ent_q[6][150]_i_13/O
                         net (fo=111, routed)         0.849    10.833    u_soc/Core_cpu/u_ifu_subsys/u_ibuf/cnt_q_reg[4]_3
    SLICE_X13Y69         LUT5 (Prop_lut5_I1_O)        0.043    10.876 r  u_soc/Core_cpu/u_ifu_subsys/u_ibuf/ent_q[6][46]_i_3/O
                         net (fo=8, routed)           0.441    11.317    u_soc/Core_cpu/u_ifu_subsys/u_ibuf/ent_q[6][46]_i_3_n_0
    SLICE_X7Y68          LUT6 (Prop_lut6_I0_O)        0.043    11.360 r  u_soc/Core_cpu/u_ifu_subsys/u_ibuf/ent_q[4][46]_i_2/O
                         net (fo=1, routed)           0.369    11.728    u_soc/Core_cpu/u_ifu_subsys/u_ibuf/ent_q[4][46]_i_2_n_0
    SLICE_X9Y68          LUT4 (Prop_lut4_I3_O)        0.043    11.771 r  u_soc/Core_cpu/u_ifu_subsys/u_ibuf/ent_q[4][46]_i_1/O
                         net (fo=1, routed)           0.000    11.771    u_soc/Core_cpu/u_ifu_subsys/u_ibuf/ent_q[4][46]_i_1_n_0
    SLICE_X9Y68          FDRE                                         r  u_soc/Core_cpu/u_ifu_subsys/u_ibuf/ent_q_reg[4][46]/D
  -------------------------------------------------------------------    -------------------

                         (clock clk rise edge)        7.000     7.000 r  
    AE23                                              0.000     7.000 r  clk (IN)
                         net (fo=0)                   0.000     7.000    clk
    AE23                 IBUF (Prop_ibuf_I_O)         0.660     7.660 r  clk_IBUF_inst/O
                         net (fo=1, routed)           2.516    10.176    clk_IBUF
    BUFGCTRL_X0Y0        BUFG (Prop_bufg_I_O)         0.083    10.259 r  u_bufg/O
                         net (fo=5747, routed)        1.498    11.757    u_soc/Core_cpu/u_ifu_subsys/u_ibuf/clk_buf
    SLICE_X9Y68          FDRE                                         r  u_soc/Core_cpu/u_ifu_subsys/u_ibuf/ent_q_reg[4][46]/C
                         clock pessimism              0.310    12.066    
                         clock uncertainty           -0.035    12.031    
    SLICE_X9Y68          FDRE (Setup_fdre_C_D)        0.034    12.065    u_soc/Core_cpu/u_ifu_subsys/u_ibuf/ent_q_reg[4][46]
  -------------------------------------------------------------------
                         required time                         12.065    
                         arrival time                         -11.771    
  -------------------------------------------------------------------
                         slack                                  0.294    

Slack (MET) :             0.294ns  (required time - arrival time)
  Source:                 u_soc/Core_cpu/u_ifu_subsys/u_icache/q_pc_q_reg[9]/C
                            (rising edge-triggered cell FDRE clocked by clk  {rise@0.000ns fall@3.500ns period=7.000ns})
  Destination:            u_soc/Core_cpu/u_ifu_subsys/u_ibuf/ent_q_reg[4][46]/D
                            (rising edge-triggered cell FDRE clocked by clk  {rise@0.000ns fall@3.500ns period=7.000ns})
  Path Group:             clk
  Path Type:              Setup (Max at Slow Process Corner)
  Requirement:            7.000ns  (clk rise@7.000ns - clk rise@0.000ns)
  Data Path Delay:        6.675ns  (logic 0.825ns (12.360%)  route 5.850ns (87.640%))
  Logic Levels:           14  (LUT3=1 LUT4=4 LUT5=2 LUT6=6 RAMD64E=1)
  Clock Path Skew:        -0.030ns (DCD - SCD + CPR)
    Destination Clock Delay (DCD):    4.757ns = ( 11.757 - 7.000 ) 
    Source Clock Delay      (SCD):    5.096ns
    Clock Pessimism Removal (CPR):    0.310ns
  Clock Uncertainty:      0.035ns  ((TSJ^2 + TIJ^2)^1/2 + DJ) / 2 + PE
    Total System Jitter     (TSJ):    0.071ns
    Total Input Jitter      (TIJ):    0.000ns
    Discrete Jitter          (DJ):    0.000ns
    Phase Error              (PE):    0.000ns

    Location             Delay type                Incr(ns)  Path(ns)    Netlist Resource(s)
  -------------------------------------------------------------------    -------------------
                         (clock clk rise edge)        0.000     0.000 r  
    AE23                                              0.000     0.000 r  clk (IN)
                         net (fo=0)                   0.000     0.000    clk
    AE23                 IBUF (Prop_ibuf_I_O)         0.734     0.734 r  clk_IBUF_inst/O
                         net (fo=1, routed)           2.651     3.385    clk_IBUF
    BUFGCTRL_X0Y0        BUFG (Prop_bufg_I_O)         0.093     3.478 r  u_bufg/O
                         net (fo=5747, routed)        1.618     5.096    u_soc/Core_cpu/u_ifu_subsys/u_icache/clk_buf
    SLICE_X44Y68         FDRE                                         r  u_soc/Core_cpu/u_ifu_subsys/u_icache/q_pc_q_reg[9]/C
  -------------------------------------------------------------------    -------------------
    SLICE_X44Y68         FDRE (Prop_fdre_C_Q)         0.223     5.319 r  u_soc/Core_cpu/u_ifu_subsys/u_icache/q_pc_q_reg[9]/Q
                         net (fo=148, routed)         0.574     5.893    u_soc/Core_cpu/u_ifu_subsys/g_tage.u_tage/g_tab[1].tg_p_reg_r1_0_63_0_2/ADDRA5
    SLICE_X38Y66         RAMD64E (Prop_ramd64e_RADR5_O)
                                                      0.043     5.936 f  u_soc/Core_cpu/u_ifu_subsys/g_tage.u_tage/g_tab[1].tg_p_reg_r1_0_63_0_2/RAMA/O
                         net (fo=1, routed)           0.456     6.392    u_soc/Core_cpu/u_ifu_subsys/g_tage.u_tage/g_tab[1].tg_p_reg_r1_0_63_0_2_n_0
    SLICE_X36Y67         LUT6 (Prop_lut6_I0_O)        0.043     6.435 r  u_soc/Core_cpu/u_ifu_subsys/g_tage.u_tage/ent_q[6][150]_i_61/O
                         net (fo=9, routed)           0.649     7.084    u_soc/Core_cpu/u_ifu_subsys/g_tage.u_tage/ent_q[6][150]_i_61_n_0
    SLICE_X33Y69         LUT4 (Prop_lut4_I0_O)        0.043     7.127 r  u_soc/Core_cpu/u_ifu_subsys/g_tage.u_tage/ent_q[6][150]_i_58/O
                         net (fo=2, routed)           0.547     7.673    u_soc/Core_cpu/u_ifu_subsys/g_tage.u_tage/ent_q[6][150]_i_58_n_0
    SLICE_X33Y68         LUT6 (Prop_lut6_I1_O)        0.043     7.716 r  u_soc/Core_cpu/u_ifu_subsys/g_tage.u_tage/ent_q[6][150]_i_39/O
                         net (fo=1, routed)           0.185     7.901    u_soc/Core_cpu/u_ifu_subsys/g_tage.u_tage/ent_q[6][150]_i_39_n_0
    SLICE_X32Y69         LUT6 (Prop_lut6_I5_O)        0.043     7.944 r  u_soc/Core_cpu/u_ifu_subsys/g_tage.u_tage/ent_q[6][150]_i_22/O
                         net (fo=1, routed)           0.243     8.186    u_soc/Core_cpu/u_ifu_subsys/g_tage.u_tage/ent_q[6][150]_i_22_n_0
    SLICE_X32Y68         LUT6 (Prop_lut6_I1_O)        0.043     8.229 r  u_soc/Core_cpu/u_ifu_subsys/g_tage.u_tage/ent_q[6][150]_i_8/O
                         net (fo=5, routed)           0.197     8.426    u_soc/Core_cpu/u_ifu_subsys/g_tage.u_tage/dir_pred[1]
    SLICE_X30Y68         LUT4 (Prop_lut4_I1_O)        0.043     8.469 r  u_soc/Core_cpu/u_ifu_subsys/g_tage.u_tage/q_t0_idx[1]_i_15/O
                         net (fo=3, routed)           0.267     8.737    u_soc/Core_cpu/u_ifu_subsys/u_btb/p_0_in11_in
    SLICE_X31Y68         LUT5 (Prop_lut5_I1_O)        0.043     8.780 r  u_soc/Core_cpu/u_ifu_subsys/u_btb/q_t0_idx[1]_i_9/O
                         net (fo=10, routed)          0.437     9.217    u_soc/Core_cpu/u_ifu_subsys/u_icache/u_tag_way1/u_prim/any_taken
    SLICE_X30Y69         LUT6 (Prop_lut6_I3_O)        0.043     9.260 r  u_soc/Core_cpu/u_ifu_subsys/u_icache/u_tag_way1/u_prim/cnt_q[0]_i_4/O
                         net (fo=3, routed)           0.277     9.537    u_soc/Core_cpu/u_ifu_subsys/u_ibuf/push_num[0]
    SLICE_X29Y71         LUT4 (Prop_lut4_I1_O)        0.043     9.580 r  u_soc/Core_cpu/u_ifu_subsys/u_ibuf/cnt_q[0]_i_2/O
                         net (fo=9, routed)           0.362     9.942    u_soc/Core_cpu/u_ifu_subsys/u_ibuf/cnt_q_reg[4]_1[0]
    SLICE_X24Y70         LUT3 (Prop_lut3_I1_O)        0.043     9.985 r  u_soc/Core_cpu/u_ifu_subsys/u_ibuf/ent_q[6][150]_i_13/O
                         net (fo=111, routed)         0.849    10.833    u_soc/Core_cpu/u_ifu_subsys/u_ibuf/cnt_q_reg[4]_3
    SLICE_X13Y69         LUT5 (Prop_lut5_I1_O)        0.043    10.876 r  u_soc/Core_cpu/u_ifu_subsys/u_ibuf/ent_q[6][46]_i_3/O
                         net (fo=8, routed)           0.441    11.317    u_soc/Core_cpu/u_ifu_subsys/u_ibuf/ent_q[6][46]_i_3_n_0
    SLICE_X7Y68          LUT6 (Prop_lut6_I0_O)        0.043    11.360 r  u_soc/Core_cpu/u_ifu_subsys/u_ibuf/ent_q[4][46]_i_2/O
                         net (fo=1, routed)           0.369    11.728    u_soc/Core_cpu/u_ifu_subsys/u_ibuf/ent_q[4][46]_i_2_n_0
    SLICE_X9Y68          LUT4 (Prop_lut4_I3_O)        0.043    11.771 r  u_soc/Core_cpu/u_ifu_subsys/u_ibuf/ent_q[4][46]_i_1/O
                         net (fo=1, routed)           0.000    11.771    u_soc/Core_cpu/u_ifu_subsys/u_ibuf/ent_q[4][46]_i_1_n_0
    SLICE_X9Y68          FDRE                                         r  u_soc/Core_cpu/u_ifu_subsys/u_ibuf/ent_q_reg[4][46]/D
  -------------------------------------------------------------------    -------------------

                         (clock clk rise edge)        7.000     7.000 r  
    AE23                                              0.000     7.000 r  clk (IN)
                         net (fo=0)                   0.000     7.000    clk
    AE23                 IBUF (Prop_ibuf_I_O)         0.660     7.660 r  clk_IBUF_inst/O
                         net (fo=1, routed)           2.516    10.176    clk_IBUF
    BUFGCTRL_X0Y0        BUFG (Prop_bufg_I_O)         0.083    10.259 r  u_bufg/O
                         net (fo=5747, routed)        1.498    11.757    u_soc/Core_cpu/u_ifu_subsys/u_ibuf/clk_buf
    SLICE_X9Y68          FDRE                                         r  u_soc/Core_cpu/u_ifu_subsys/u_ibuf/ent_q_reg[4][46]/C
                         clock pessimism              0.310    12.066    
                         clock uncertainty           -0.035    12.031    
    SLICE_X9Y68          FDRE (Setup_fdre_C_D)        0.034    12.065    u_soc/Core_cpu/u_ifu_subsys/u_ibuf/ent_q_reg[4][46]
  -------------------------------------------------------------------
                         required time                         12.065    
                         arrival time                         -11.771    
  -------------------------------------------------------------------
                         slack                                  0.294    

Slack (MET) :             0.294ns  (required time - arrival time)
  Source:                 u_soc/Core_cpu/u_ifu_subsys/u_icache/q_pc_q_reg[9]/C
                            (rising edge-triggered cell FDRE clocked by clk  {rise@0.000ns fall@3.500ns period=7.000ns})
  Destination:            u_soc/Core_cpu/u_ifu_subsys/u_ibuf/ent_q_reg[4][46]/D
                            (rising edge-triggered cell FDRE clocked by clk  {rise@0.000ns fall@3.500ns period=7.000ns})
  Path Group:             clk
  Path Type:              Setup (Max at Slow Process Corner)
  Requirement:            7.000ns  (clk rise@7.000ns - clk rise@0.000ns)
  Data Path Delay:        6.675ns  (logic 0.825ns (12.360%)  route 5.850ns (87.640%))
  Logic Levels:           14  (LUT3=1 LUT4=4 LUT5=2 LUT6=6 RAMD64E=1)
  Clock Path Skew:        -0.030ns (DCD - SCD + CPR)
    Destination Clock Delay (DCD):    4.757ns = ( 11.757 - 7.000 ) 
    Source Clock Delay      (SCD):    5.096ns
    Clock Pessimism Removal (CPR):    0.310ns
  Clock Uncertainty:      0.035ns  ((TSJ^2 + TIJ^2)^1/2 + DJ) / 2 + PE
    Total System Jitter     (TSJ):    0.071ns
    Total Input Jitter      (TIJ):    0.000ns
    Discrete Jitter          (DJ):    0.000ns
    Phase Error              (PE):    0.000ns

    Location             Delay type                Incr(ns)  Path(ns)    Netlist Resource(s)
  -------------------------------------------------------------------    -------------------
                         (clock clk rise edge)        0.000     0.000 r  
    AE23                                              0.000     0.000 r  clk (IN)
                         net (fo=0)                   0.000     0.000    clk
    AE23                 IBUF (Prop_ibuf_I_O)         0.734     0.734 r  clk_IBUF_inst/O
                         net (fo=1, routed)           2.651     3.385    clk_IBUF
    BUFGCTRL_X0Y0        BUFG (Prop_bufg_I_O)         0.093     3.478 r  u_bufg/O
                         net (fo=5747, routed)        1.618     5.096    u_soc/Core_cpu/u_ifu_subsys/u_icache/clk_buf
    SLICE_X44Y68         FDRE                                         r  u_soc/Core_cpu/u_ifu_subsys/u_icache/q_pc_q_reg[9]/C
  -------------------------------------------------------------------    -------------------
    SLICE_X44Y68         FDRE (Prop_fdre_C_Q)         0.223     5.319 r  u_soc/Core_cpu/u_ifu_subsys/u_icache/q_pc_q_reg[9]/Q
                         net (fo=148, routed)         0.574     5.893    u_soc/Core_cpu/u_ifu_subsys/g_tage.u_tage/g_tab[1].tg_p_reg_r1_0_63_0_2/ADDRA5
    SLICE_X38Y66         RAMD64E (Prop_ramd64e_RADR5_O)
                                                      0.043     5.936 r  u_soc/Core_cpu/u_ifu_subsys/g_tage.u_tage/g_tab[1].tg_p_reg_r1_0_63_0_2/RAMA/O
                         net (fo=1, routed)           0.456     6.392    u_soc/Core_cpu/u_ifu_subsys/g_tage.u_tage/g_tab[1].tg_p_reg_r1_0_63_0_2_n_0
    SLICE_X36Y67         LUT6 (Prop_lut6_I0_O)        0.043     6.435 f  u_soc/Core_cpu/u_ifu_subsys/g_tage.u_tage/ent_q[6][150]_i_61/O
                         net (fo=9, routed)           0.649     7.084    u_soc/Core_cpu/u_ifu_subsys/g_tage.u_tage/ent_q[6][150]_i_61_n_0
    SLICE_X33Y69         LUT4 (Prop_lut4_I0_O)        0.043     7.127 f  u_soc/Core_cpu/u_ifu_subsys/g_tage.u_tage/ent_q[6][150]_i_58/O
                         net (fo=2, routed)           0.547     7.673    u_soc/Core_cpu/u_ifu_subsys/g_tage.u_tage/ent_q[6][150]_i_58_n_0
    SLICE_X33Y68         LUT6 (Prop_lut6_I1_O)        0.043     7.716 f  u_soc/Core_cpu/u_ifu_subsys/g_tage.u_tage/ent_q[6][150]_i_39/O
                         net (fo=1, routed)           0.185     7.901    u_soc/Core_cpu/u_ifu_subsys/g_tage.u_tage/ent_q[6][150]_i_39_n_0
    SLICE_X32Y69         LUT6 (Prop_lut6_I5_O)        0.043     7.944 f  u_soc/Core_cpu/u_ifu_subsys/g_tage.u_tage/ent_q[6][150]_i_22/O
                         net (fo=1, routed)           0.243     8.186    u_soc/Core_cpu/u_ifu_subsys/g_tage.u_tage/ent_q[6][150]_i_22_n_0
    SLICE_X32Y68         LUT6 (Prop_lut6_I1_O)        0.043     8.229 r  u_soc/Core_cpu/u_ifu_subsys/g_tage.u_tage/ent_q[6][150]_i_8/O
                         net (fo=5, routed)           0.197     8.426    u_soc/Core_cpu/u_ifu_subsys/g_tage.u_tage/dir_pred[1]
    SLICE_X30Y68         LUT4 (Prop_lut4_I1_O)        0.043     8.469 r  u_soc/Core_cpu/u_ifu_subsys/g_tage.u_tage/q_t0_idx[1]_i_15/O
                         net (fo=3, routed)           0.267     8.737    u_soc/Core_cpu/u_ifu_subsys/u_btb/p_0_in11_in
    SLICE_X31Y68         LUT5 (Prop_lut5_I1_O)        0.043     8.780 r  u_soc/Core_cpu/u_ifu_subsys/u_btb/q_t0_idx[1]_i_9/O
                         net (fo=10, routed)          0.437     9.217    u_soc/Core_cpu/u_ifu_subsys/u_icache/u_tag_way1/u_prim/any_taken
    SLICE_X30Y69         LUT6 (Prop_lut6_I3_O)        0.043     9.260 r  u_soc/Core_cpu/u_ifu_subsys/u_icache/u_tag_way1/u_prim/cnt_q[0]_i_4/O
                         net (fo=3, routed)           0.277     9.537    u_soc/Core_cpu/u_ifu_subsys/u_ibuf/push_num[0]
    SLICE_X29Y71         LUT4 (Prop_lut4_I1_O)        0.043     9.580 r  u_soc/Core_cpu/u_ifu_subsys/u_ibuf/cnt_q[0]_i_2/O
                         net (fo=9, routed)           0.362     9.942    u_soc/Core_cpu/u_ifu_subsys/u_ibuf/cnt_q_reg[4]_1[0]
    SLICE_X24Y70         LUT3 (Prop_lut3_I1_O)        0.043     9.985 r  u_soc/Core_cpu/u_ifu_subsys/u_ibuf/ent_q[6][150]_i_13/O
                         net (fo=111, routed)         0.849    10.833    u_soc/Core_cpu/u_ifu_subsys/u_ibuf/cnt_q_reg[4]_3
    SLICE_X13Y69         LUT5 (Prop_lut5_I1_O)        0.043    10.876 r  u_soc/Core_cpu/u_ifu_subsys/u_ibuf/ent_q[6][46]_i_3/O
                         net (fo=8, routed)           0.441    11.317    u_soc/Core_cpu/u_ifu_subsys/u_ibuf/ent_q[6][46]_i_3_n_0
    SLICE_X7Y68          LUT6 (Prop_lut6_I0_O)        0.043    11.360 r  u_soc/Core_cpu/u_ifu_subsys/u_ibuf/ent_q[4][46]_i_2/O
                         net (fo=1, routed)           0.369    11.728    u_soc/Core_cpu/u_ifu_subsys/u_ibuf/ent_q[4][46]_i_2_n_0
    SLICE_X9Y68          LUT4 (Prop_lut4_I3_O)        0.043    11.771 r  u_soc/Core_cpu/u_ifu_subsys/u_ibuf/ent_q[4][46]_i_1/O
                         net (fo=1, routed)           0.000    11.771    u_soc/Core_cpu/u_ifu_subsys/u_ibuf/ent_q[4][46]_i_1_n_0
    SLICE_X9Y68          FDRE                                         r  u_soc/Core_cpu/u_ifu_subsys/u_ibuf/ent_q_reg[4][46]/D
  -------------------------------------------------------------------    -------------------

                         (clock clk rise edge)        7.000     7.000 r  
    AE23                                              0.000     7.000 r  clk (IN)
                         net (fo=0)                   0.000     7.000    clk
    AE23                 IBUF (Prop_ibuf_I_O)         0.660     7.660 r  clk_IBUF_inst/O
                         net (fo=1, routed)           2.516    10.176    clk_IBUF
    BUFGCTRL_X0Y0        BUFG (Prop_bufg_I_O)         0.083    10.259 r  u_bufg/O
                         net (fo=5747, routed)        1.498    11.757    u_soc/Core_cpu/u_ifu_subsys/u_ibuf/clk_buf
    SLICE_X9Y68          FDRE                                         r  u_soc/Core_cpu/u_ifu_subsys/u_ibuf/ent_q_reg[4][46]/C
                         clock pessimism              0.310    12.066    
                         clock uncertainty           -0.035    12.031    
    SLICE_X9Y68          FDRE (Setup_fdre_C_D)        0.034    12.065    u_soc/Core_cpu/u_ifu_subsys/u_ibuf/ent_q_reg[4][46]
  -------------------------------------------------------------------
                         required time                         12.065    
                         arrival time                         -11.771    
  -------------------------------------------------------------------
                         slack                                  0.294    

Slack (MET) :             0.328ns  (required time - arrival time)
  Source:                 u_soc/Core_cpu/u_ifu_subsys/u_icache/q_pc_q_reg[9]/C
                            (rising edge-triggered cell FDRE clocked by clk  {rise@0.000ns fall@3.500ns period=7.000ns})
  Destination:            u_soc/Core_cpu/u_ifu_subsys/u_ibuf/ent_q_reg[6][45]/D
                            (rising edge-triggered cell FDRE clocked by clk  {rise@0.000ns fall@3.500ns period=7.000ns})
  Path Group:             clk
  Path Type:              Setup (Max at Slow Process Corner)
  Requirement:            7.000ns  (clk rise@7.000ns - clk rise@0.000ns)
  Data Path Delay:        6.693ns  (logic 0.868ns (12.968%)  route 5.825ns (87.032%))
  Logic Levels:           15  (LUT3=1 LUT4=4 LUT5=2 LUT6=7 RAMD64E=1)
  Clock Path Skew:        0.023ns (DCD - SCD + CPR)
    Destination Clock Delay (DCD):    4.810ns = ( 11.810 - 7.000 ) 
    Source Clock Delay      (SCD):    5.096ns
    Clock Pessimism Removal (CPR):    0.310ns
  Clock Uncertainty:      0.035ns  ((TSJ^2 + TIJ^2)^1/2 + DJ) / 2 + PE
    Total System Jitter     (TSJ):    0.071ns
    Total Input Jitter      (TIJ):    0.000ns
    Discrete Jitter          (DJ):    0.000ns
    Phase Error              (PE):    0.000ns

    Location             Delay type                Incr(ns)  Path(ns)    Netlist Resource(s)
  -------------------------------------------------------------------    -------------------
                         (clock clk rise edge)        0.000     0.000 r  
    AE23                                              0.000     0.000 r  clk (IN)
                         net (fo=0)                   0.000     0.000    clk
    AE23                 IBUF (Prop_ibuf_I_O)         0.734     0.734 r  clk_IBUF_inst/O
                         net (fo=1, routed)           2.651     3.385    clk_IBUF
    BUFGCTRL_X0Y0        BUFG (Prop_bufg_I_O)         0.093     3.478 r  u_bufg/O
                         net (fo=5747, routed)        1.618     5.096    u_soc/Core_cpu/u_ifu_subsys/u_icache/clk_buf
    SLICE_X44Y68         FDRE                                         r  u_soc/Core_cpu/u_ifu_subsys/u_icache/q_pc_q_reg[9]/C
  -------------------------------------------------------------------    -------------------
    SLICE_X44Y68         FDRE (Prop_fdre_C_Q)         0.223     5.319 r  u_soc/Core_cpu/u_ifu_subsys/u_icache/q_pc_q_reg[9]/Q
                         net (fo=148, routed)         0.574     5.893    u_soc/Core_cpu/u_ifu_subsys/g_tage.u_tage/g_tab[1].tg_p_reg_r1_0_63_0_2/ADDRA5
    SLICE_X38Y66         RAMD64E (Prop_ramd64e_RADR5_O)
                                                      0.043     5.936 r  u_soc/Core_cpu/u_ifu_subsys/g_tage.u_tage/g_tab[1].tg_p_reg_r1_0_63_0_2/RAMA/O
                         net (fo=1, routed)           0.456     6.392    u_soc/Core_cpu/u_ifu_subsys/g_tage.u_tage/g_tab[1].tg_p_reg_r1_0_63_0_2_n_0
    SLICE_X36Y67         LUT6 (Prop_lut6_I0_O)        0.043     6.435 r  u_soc/Core_cpu/u_ifu_subsys/g_tage.u_tage/ent_q[6][150]_i_61/O
                         net (fo=9, routed)           0.649     7.084    u_soc/Core_cpu/u_ifu_subsys/g_tage.u_tage/ent_q[6][150]_i_61_n_0
    SLICE_X33Y69         LUT4 (Prop_lut4_I0_O)        0.043     7.127 r  u_soc/Core_cpu/u_ifu_subsys/g_tage.u_tage/ent_q[6][150]_i_58/O
                         net (fo=2, routed)           0.547     7.673    u_soc/Core_cpu/u_ifu_subsys/g_tage.u_tage/ent_q[6][150]_i_58_n_0
    SLICE_X33Y68         LUT6 (Prop_lut6_I1_O)        0.043     7.716 r  u_soc/Core_cpu/u_ifu_subsys/g_tage.u_tage/ent_q[6][150]_i_39/O
                         net (fo=1, routed)           0.185     7.901    u_soc/Core_cpu/u_ifu_subsys/g_tage.u_tage/ent_q[6][150]_i_39_n_0
    SLICE_X32Y69         LUT6 (Prop_lut6_I5_O)        0.043     7.944 r  u_soc/Core_cpu/u_ifu_subsys/g_tage.u_tage/ent_q[6][150]_i_22/O
                         net (fo=1, routed)           0.243     8.186    u_soc/Core_cpu/u_ifu_subsys/g_tage.u_tage/ent_q[6][150]_i_22_n_0
    SLICE_X32Y68         LUT6 (Prop_lut6_I1_O)        0.043     8.229 r  u_soc/Core_cpu/u_ifu_subsys/g_tage.u_tage/ent_q[6][150]_i_8/O
                         net (fo=5, routed)           0.197     8.426    u_soc/Core_cpu/u_ifu_subsys/g_tage.u_tage/dir_pred[1]
    SLICE_X30Y68         LUT4 (Prop_lut4_I1_O)        0.043     8.469 r  u_soc/Core_cpu/u_ifu_subsys/g_tage.u_tage/q_t0_idx[1]_i_15/O
                         net (fo=3, routed)           0.267     8.737    u_soc/Core_cpu/u_ifu_subsys/u_btb/p_0_in11_in
    SLICE_X31Y68         LUT5 (Prop_lut5_I1_O)        0.043     8.780 r  u_soc/Core_cpu/u_ifu_subsys/u_btb/q_t0_idx[1]_i_9/O
                         net (fo=10, routed)          0.337     9.117    u_soc/Core_cpu/u_ifu_subsys/u_icache/u_tag_way1/u_prim/any_taken
    SLICE_X29Y70         LUT6 (Prop_lut6_I3_O)        0.043     9.160 r  u_soc/Core_cpu/u_ifu_subsys/u_icache/u_tag_way1/u_prim/q_t0_idx[0]_i_9/O
                         net (fo=2, routed)           0.156     9.315    u_soc/Core_cpu/u_ifu_subsys/u_ibuf/push_num[1]
    SLICE_X29Y70         LUT4 (Prop_lut4_I1_O)        0.043     9.358 r  u_soc/Core_cpu/u_ifu_subsys/u_ibuf/cnt_q[4]_i_5/O
                         net (fo=18, routed)          0.369     9.728    u_soc/Core_cpu/u_ifu_subsys/u_ibuf/cnt_q_reg[4]_1[1]
    SLICE_X24Y69         LUT6 (Prop_lut6_I4_O)        0.043     9.771 r  u_soc/Core_cpu/u_ifu_subsys/u_ibuf/cnt_q[0]_i_6/O
                         net (fo=113, routed)         0.838    10.609    u_soc/Core_cpu/u_ifu_subsys/u_ibuf/cnt_q_reg[4]_2
    SLICE_X8Y69          LUT5 (Prop_lut5_I4_O)        0.043    10.652 r  u_soc/Core_cpu/u_ifu_subsys/u_ibuf/ent_q[6][45]_i_5/O
                         net (fo=9, routed)           0.464    11.116    u_soc/Core_cpu/u_ifu_subsys/u_ibuf/p_0_in__0[45]
    SLICE_X5Y71          LUT3 (Prop_lut3_I0_O)        0.043    11.159 r  u_soc/Core_cpu/u_ifu_subsys/u_ibuf/ent_q[6][45]_i_4/O
                         net (fo=1, routed)           0.313    11.472    u_soc/Core_cpu/u_ifu_subsys/u_ibuf/ent_q[198]
    SLICE_X5Y70          LUT6 (Prop_lut6_I5_O)        0.043    11.515 r  u_soc/Core_cpu/u_ifu_subsys/u_ibuf/ent_q[6][45]_i_2/O
                         net (fo=1, routed)           0.232    11.747    u_soc/Core_cpu/u_ifu_subsys/u_ibuf/ent_q[6][45]_i_2_n_0
    SLICE_X5Y70          LUT4 (Prop_lut4_I3_O)        0.043    11.790 r  u_soc/Core_cpu/u_ifu_subsys/u_ibuf/ent_q[6][45]_i_1/O
                         net (fo=1, routed)           0.000    11.790    u_soc/Core_cpu/u_ifu_subsys/u_ibuf/p_1_in[45]
    SLICE_X5Y70          FDRE                                         r  u_soc/Core_cpu/u_ifu_subsys/u_ibuf/ent_q_reg[6][45]/D
  -------------------------------------------------------------------    -------------------

                         (clock clk rise edge)        7.000     7.000 r  
    AE23                                              0.000     7.000 r  clk (IN)
                         net (fo=0)                   0.000     7.000    clk
    AE23                 IBUF (Prop_ibuf_I_O)         0.660     7.660 r  clk_IBUF_inst/O
                         net (fo=1, routed)           2.516    10.176    clk_IBUF
    BUFGCTRL_X0Y0        BUFG (Prop_bufg_I_O)         0.083    10.259 r  u_bufg/O
                         net (fo=5747, routed)        1.551    11.810    u_soc/Core_cpu/u_ifu_subsys/u_ibuf/clk_buf
    SLICE_X5Y70          FDRE                                         r  u_soc/Core_cpu/u_ifu_subsys/u_ibuf/ent_q_reg[6][45]/C
                         clock pessimism              0.310    12.119    
                         clock uncertainty           -0.035    12.084    
    SLICE_X5Y70          FDRE (Setup_fdre_C_D)        0.034    12.118    u_soc/Core_cpu/u_ifu_subsys/u_ibuf/ent_q_reg[6][45]
  -------------------------------------------------------------------
                         required time                         12.118    
                         arrival time                         -11.790    
  -------------------------------------------------------------------
                         slack                                  0.328    

Slack (MET) :             0.328ns  (required time - arrival time)
  Source:                 u_soc/Core_cpu/u_ifu_subsys/u_icache/q_pc_q_reg[9]/C
                            (rising edge-triggered cell FDRE clocked by clk  {rise@0.000ns fall@3.500ns period=7.000ns})
  Destination:            u_soc/Core_cpu/u_ifu_subsys/u_ibuf/ent_q_reg[6][45]/D
                            (rising edge-triggered cell FDRE clocked by clk  {rise@0.000ns fall@3.500ns period=7.000ns})
  Path Group:             clk
  Path Type:              Setup (Max at Slow Process Corner)
  Requirement:            7.000ns  (clk rise@7.000ns - clk rise@0.000ns)
  Data Path Delay:        6.693ns  (logic 0.868ns (12.968%)  route 5.825ns (87.032%))
  Logic Levels:           15  (LUT3=1 LUT4=4 LUT5=2 LUT6=7 RAMD64E=1)
  Clock Path Skew:        0.023ns (DCD - SCD + CPR)
    Destination Clock Delay (DCD):    4.810ns = ( 11.810 - 7.000 ) 
    Source Clock Delay      (SCD):    5.096ns
    Clock Pessimism Removal (CPR):    0.310ns
  Clock Uncertainty:      0.035ns  ((TSJ^2 + TIJ^2)^1/2 + DJ) / 2 + PE
    Total System Jitter     (TSJ):    0.071ns
    Total Input Jitter      (TIJ):    0.000ns
    Discrete Jitter          (DJ):    0.000ns
    Phase Error              (PE):    0.000ns

    Location             Delay type                Incr(ns)  Path(ns)    Netlist Resource(s)
  -------------------------------------------------------------------    -------------------
                         (clock clk rise edge)        0.000     0.000 r  
    AE23                                              0.000     0.000 r  clk (IN)
                         net (fo=0)                   0.000     0.000    clk
    AE23                 IBUF (Prop_ibuf_I_O)         0.734     0.734 r  clk_IBUF_inst/O
                         net (fo=1, routed)           2.651     3.385    clk_IBUF
    BUFGCTRL_X0Y0        BUFG (Prop_bufg_I_O)         0.093     3.478 r  u_bufg/O
                         net (fo=5747, routed)        1.618     5.096    u_soc/Core_cpu/u_ifu_subsys/u_icache/clk_buf
    SLICE_X44Y68         FDRE                                         r  u_soc/Core_cpu/u_ifu_subsys/u_icache/q_pc_q_reg[9]/C
  -------------------------------------------------------------------    -------------------
    SLICE_X44Y68         FDRE (Prop_fdre_C_Q)         0.223     5.319 r  u_soc/Core_cpu/u_ifu_subsys/u_icache/q_pc_q_reg[9]/Q
                         net (fo=148, routed)         0.574     5.893    u_soc/Core_cpu/u_ifu_subsys/g_tage.u_tage/g_tab[1].tg_p_reg_r1_0_63_0_2/ADDRA5
    SLICE_X38Y66         RAMD64E (Prop_ramd64e_RADR5_O)
                                                      0.043     5.936 f  u_soc/Core_cpu/u_ifu_subsys/g_tage.u_tage/g_tab[1].tg_p_reg_r1_0_63_0_2/RAMA/O
                         net (fo=1, routed)           0.456     6.392    u_soc/Core_cpu/u_ifu_subsys/g_tage.u_tage/g_tab[1].tg_p_reg_r1_0_63_0_2_n_0
    SLICE_X36Y67         LUT6 (Prop_lut6_I0_O)        0.043     6.435 r  u_soc/Core_cpu/u_ifu_subsys/g_tage.u_tage/ent_q[6][150]_i_61/O
                         net (fo=9, routed)           0.649     7.084    u_soc/Core_cpu/u_ifu_subsys/g_tage.u_tage/ent_q[6][150]_i_61_n_0
    SLICE_X33Y69         LUT4 (Prop_lut4_I0_O)        0.043     7.127 r  u_soc/Core_cpu/u_ifu_subsys/g_tage.u_tage/ent_q[6][150]_i_58/O
                         net (fo=2, routed)           0.547     7.673    u_soc/Core_cpu/u_ifu_subsys/g_tage.u_tage/ent_q[6][150]_i_58_n_0
    SLICE_X33Y68         LUT6 (Prop_lut6_I1_O)        0.043     7.716 r  u_soc/Core_cpu/u_ifu_subsys/g_tage.u_tage/ent_q[6][150]_i_39/O
                         net (fo=1, routed)           0.185     7.901    u_soc/Core_cpu/u_ifu_subsys/g_tage.u_tage/ent_q[6][150]_i_39_n_0
    SLICE_X32Y69         LUT6 (Prop_lut6_I5_O)        0.043     7.944 r  u_soc/Core_cpu/u_ifu_subsys/g_tage.u_tage/ent_q[6][150]_i_22/O
                         net (fo=1, routed)           0.243     8.186    u_soc/Core_cpu/u_ifu_subsys/g_tage.u_tage/ent_q[6][150]_i_22_n_0
    SLICE_X32Y68         LUT6 (Prop_lut6_I1_O)        0.043     8.229 r  u_soc/Core_cpu/u_ifu_subsys/g_tage.u_tage/ent_q[6][150]_i_8/O
                         net (fo=5, routed)           0.197     8.426    u_soc/Core_cpu/u_ifu_subsys/g_tage.u_tage/dir_pred[1]
    SLICE_X30Y68         LUT4 (Prop_lut4_I1_O)        0.043     8.469 r  u_soc/Core_cpu/u_ifu_subsys/g_tage.u_tage/q_t0_idx[1]_i_15/O
                         net (fo=3, routed)           0.267     8.737    u_soc/Core_cpu/u_ifu_subsys/u_btb/p_0_in11_in
    SLICE_X31Y68         LUT5 (Prop_lut5_I1_O)        0.043     8.780 r  u_soc/Core_cpu/u_ifu_subsys/u_btb/q_t0_idx[1]_i_9/O
                         net (fo=10, routed)          0.337     9.117    u_soc/Core_cpu/u_ifu_subsys/u_icache/u_tag_way1/u_prim/any_taken
    SLICE_X29Y70         LUT6 (Prop_lut6_I3_O)        0.043     9.160 r  u_soc/Core_cpu/u_ifu_subsys/u_icache/u_tag_way1/u_prim/q_t0_idx[0]_i_9/O
                         net (fo=2, routed)           0.156     9.315    u_soc/Core_cpu/u_ifu_subsys/u_ibuf/push_num[1]
    SLICE_X29Y70         LUT4 (Prop_lut4_I1_O)        0.043     9.358 r  u_soc/Core_cpu/u_ifu_subsys/u_ibuf/cnt_q[4]_i_5/O
                         net (fo=18, routed)          0.369     9.728    u_soc/Core_cpu/u_ifu_subsys/u_ibuf/cnt_q_reg[4]_1[1]
    SLICE_X24Y69         LUT6 (Prop_lut6_I4_O)        0.043     9.771 r  u_soc/Core_cpu/u_ifu_subsys/u_ibuf/cnt_q[0]_i_6/O
                         net (fo=113, routed)         0.838    10.609    u_soc/Core_cpu/u_ifu_subsys/u_ibuf/cnt_q_reg[4]_2
    SLICE_X8Y69          LUT5 (Prop_lut5_I4_O)        0.043    10.652 r  u_soc/Core_cpu/u_ifu_subsys/u_ibuf/ent_q[6][45]_i_5/O
                         net (fo=9, routed)           0.464    11.116    u_soc/Core_cpu/u_ifu_subsys/u_ibuf/p_0_in__0[45]
    SLICE_X5Y71          LUT3 (Prop_lut3_I0_O)        0.043    11.159 r  u_soc/Core_cpu/u_ifu_subsys/u_ibuf/ent_q[6][45]_i_4/O
                         net (fo=1, routed)           0.313    11.472    u_soc/Core_cpu/u_ifu_subsys/u_ibuf/ent_q[198]
    SLICE_X5Y70          LUT6 (Prop_lut6_I5_O)        0.043    11.515 r  u_soc/Core_cpu/u_ifu_subsys/u_ibuf/ent_q[6][45]_i_2/O
                         net (fo=1, routed)           0.232    11.747    u_soc/Core_cpu/u_ifu_subsys/u_ibuf/ent_q[6][45]_i_2_n_0
    SLICE_X5Y70          LUT4 (Prop_lut4_I3_O)        0.043    11.790 r  u_soc/Core_cpu/u_ifu_subsys/u_ibuf/ent_q[6][45]_i_1/O
                         net (fo=1, routed)           0.000    11.790    u_soc/Core_cpu/u_ifu_subsys/u_ibuf/p_1_in[45]
    SLICE_X5Y70          FDRE                                         r  u_soc/Core_cpu/u_ifu_subsys/u_ibuf/ent_q_reg[6][45]/D
  -------------------------------------------------------------------    -------------------

                         (clock clk rise edge)        7.000     7.000 r  
    AE23                                              0.000     7.000 r  clk (IN)
                         net (fo=0)                   0.000     7.000    clk
    AE23                 IBUF (Prop_ibuf_I_O)         0.660     7.660 r  clk_IBUF_inst/O
                         net (fo=1, routed)           2.516    10.176    clk_IBUF
    BUFGCTRL_X0Y0        BUFG (Prop_bufg_I_O)         0.083    10.259 r  u_bufg/O
                         net (fo=5747, routed)        1.551    11.810    u_soc/Core_cpu/u_ifu_subsys/u_ibuf/clk_buf
    SLICE_X5Y70          FDRE                                         r  u_soc/Core_cpu/u_ifu_subsys/u_ibuf/ent_q_reg[6][45]/C
                         clock pessimism              0.310    12.119    
                         clock uncertainty           -0.035    12.084    
    SLICE_X5Y70          FDRE (Setup_fdre_C_D)        0.034    12.118    u_soc/Core_cpu/u_ifu_subsys/u_ibuf/ent_q_reg[6][45]
  -------------------------------------------------------------------
                         required time                         12.118    
                         arrival time                         -11.790    
  -------------------------------------------------------------------
                         slack                                  0.328    

Slack (MET) :             0.328ns  (required time - arrival time)
  Source:                 u_soc/Core_cpu/u_ifu_subsys/u_icache/q_pc_q_reg[9]/C
                            (rising edge-triggered cell FDRE clocked by clk  {rise@0.000ns fall@3.500ns period=7.000ns})
  Destination:            u_soc/Core_cpu/u_ifu_subsys/u_ibuf/ent_q_reg[6][45]/D
                            (rising edge-triggered cell FDRE clocked by clk  {rise@0.000ns fall@3.500ns period=7.000ns})
  Path Group:             clk
  Path Type:              Setup (Max at Slow Process Corner)
  Requirement:            7.000ns  (clk rise@7.000ns - clk rise@0.000ns)
  Data Path Delay:        6.693ns  (logic 0.868ns (12.968%)  route 5.825ns (87.032%))
  Logic Levels:           15  (LUT3=1 LUT4=4 LUT5=2 LUT6=7 RAMD64E=1)
  Clock Path Skew:        0.023ns (DCD - SCD + CPR)
    Destination Clock Delay (DCD):    4.810ns = ( 11.810 - 7.000 ) 
    Source Clock Delay      (SCD):    5.096ns
    Clock Pessimism Removal (CPR):    0.310ns
  Clock Uncertainty:      0.035ns  ((TSJ^2 + TIJ^2)^1/2 + DJ) / 2 + PE
    Total System Jitter     (TSJ):    0.071ns
    Total Input Jitter      (TIJ):    0.000ns
    Discrete Jitter          (DJ):    0.000ns
    Phase Error              (PE):    0.000ns

    Location             Delay type                Incr(ns)  Path(ns)    Netlist Resource(s)
  -------------------------------------------------------------------    -------------------
                         (clock clk rise edge)        0.000     0.000 r  
    AE23                                              0.000     0.000 r  clk (IN)
                         net (fo=0)                   0.000     0.000    clk
    AE23                 IBUF (Prop_ibuf_I_O)         0.734     0.734 r  clk_IBUF_inst/O
                         net (fo=1, routed)           2.651     3.385    clk_IBUF
    BUFGCTRL_X0Y0        BUFG (Prop_bufg_I_O)         0.093     3.478 r  u_bufg/O
                         net (fo=5747, routed)        1.618     5.096    u_soc/Core_cpu/u_ifu_subsys/u_icache/clk_buf
    SLICE_X44Y68         FDRE                                         r  u_soc/Core_cpu/u_ifu_subsys/u_icache/q_pc_q_reg[9]/C
  -------------------------------------------------------------------    -------------------
    SLICE_X44Y68         FDRE (Prop_fdre_C_Q)         0.223     5.319 r  u_soc/Core_cpu/u_ifu_subsys/u_icache/q_pc_q_reg[9]/Q
                         net (fo=148, routed)         0.574     5.893    u_soc/Core_cpu/u_ifu_subsys/g_tage.u_tage/g_tab[1].tg_p_reg_r1_0_63_0_2/ADDRA5
    SLICE_X38Y66         RAMD64E (Prop_ramd64e_RADR5_O)
                                                      0.043     5.936 r  u_soc/Core_cpu/u_ifu_subsys/g_tage.u_tage/g_tab[1].tg_p_reg_r1_0_63_0_2/RAMA/O
                         net (fo=1, routed)           0.456     6.392    u_soc/Core_cpu/u_ifu_subsys/g_tage.u_tage/g_tab[1].tg_p_reg_r1_0_63_0_2_n_0
    SLICE_X36Y67         LUT6 (Prop_lut6_I0_O)        0.043     6.435 f  u_soc/Core_cpu/u_ifu_subsys/g_tage.u_tage/ent_q[6][150]_i_61/O
                         net (fo=9, routed)           0.649     7.084    u_soc/Core_cpu/u_ifu_subsys/g_tage.u_tage/ent_q[6][150]_i_61_n_0
    SLICE_X33Y69         LUT4 (Prop_lut4_I0_O)        0.043     7.127 f  u_soc/Core_cpu/u_ifu_subsys/g_tage.u_tage/ent_q[6][150]_i_58/O
                         net (fo=2, routed)           0.547     7.673    u_soc/Core_cpu/u_ifu_subsys/g_tage.u_tage/ent_q[6][150]_i_58_n_0
    SLICE_X33Y68         LUT6 (Prop_lut6_I1_O)        0.043     7.716 f  u_soc/Core_cpu/u_ifu_subsys/g_tage.u_tage/ent_q[6][150]_i_39/O
                         net (fo=1, routed)           0.185     7.901    u_soc/Core_cpu/u_ifu_subsys/g_tage.u_tage/ent_q[6][150]_i_39_n_0
    SLICE_X32Y69         LUT6 (Prop_lut6_I5_O)        0.043     7.944 f  u_soc/Core_cpu/u_ifu_subsys/g_tage.u_tage/ent_q[6][150]_i_22/O
                         net (fo=1, routed)           0.243     8.186    u_soc/Core_cpu/u_ifu_subsys/g_tage.u_tage/ent_q[6][150]_i_22_n_0
    SLICE_X32Y68         LUT6 (Prop_lut6_I1_O)        0.043     8.229 r  u_soc/Core_cpu/u_ifu_subsys/g_tage.u_tage/ent_q[6][150]_i_8/O
                         net (fo=5, routed)           0.197     8.426    u_soc/Core_cpu/u_ifu_subsys/g_tage.u_tage/dir_pred[1]
    SLICE_X30Y68         LUT4 (Prop_lut4_I1_O)        0.043     8.469 r  u_soc/Core_cpu/u_ifu_subsys/g_tage.u_tage/q_t0_idx[1]_i_15/O
                         net (fo=3, routed)           0.267     8.737    u_soc/Core_cpu/u_ifu_subsys/u_btb/p_0_in11_in
    SLICE_X31Y68         LUT5 (Prop_lut5_I1_O)        0.043     8.780 r  u_soc/Core_cpu/u_ifu_subsys/u_btb/q_t0_idx[1]_i_9/O
                         net (fo=10, routed)          0.337     9.117    u_soc/Core_cpu/u_ifu_subsys/u_icache/u_tag_way1/u_prim/any_taken
    SLICE_X29Y70         LUT6 (Prop_lut6_I3_O)        0.043     9.160 r  u_soc/Core_cpu/u_ifu_subsys/u_icache/u_tag_way1/u_prim/q_t0_idx[0]_i_9/O
                         net (fo=2, routed)           0.156     9.315    u_soc/Core_cpu/u_ifu_subsys/u_ibuf/push_num[1]
    SLICE_X29Y70         LUT4 (Prop_lut4_I1_O)        0.043     9.358 r  u_soc/Core_cpu/u_ifu_subsys/u_ibuf/cnt_q[4]_i_5/O
                         net (fo=18, routed)          0.369     9.728    u_soc/Core_cpu/u_ifu_subsys/u_ibuf/cnt_q_reg[4]_1[1]
    SLICE_X24Y69         LUT6 (Prop_lut6_I4_O)        0.043     9.771 r  u_soc/Core_cpu/u_ifu_subsys/u_ibuf/cnt_q[0]_i_6/O
                         net (fo=113, routed)         0.838    10.609    u_soc/Core_cpu/u_ifu_subsys/u_ibuf/cnt_q_reg[4]_2
    SLICE_X8Y69          LUT5 (Prop_lut5_I4_O)        0.043    10.652 r  u_soc/Core_cpu/u_ifu_subsys/u_ibuf/ent_q[6][45]_i_5/O
                         net (fo=9, routed)           0.464    11.116    u_soc/Core_cpu/u_ifu_subsys/u_ibuf/p_0_in__0[45]
    SLICE_X5Y71          LUT3 (Prop_lut3_I0_O)        0.043    11.159 r  u_soc/Core_cpu/u_ifu_subsys/u_ibuf/ent_q[6][45]_i_4/O
                         net (fo=1, routed)           0.313    11.472    u_soc/Core_cpu/u_ifu_subsys/u_ibuf/ent_q[198]
    SLICE_X5Y70          LUT6 (Prop_lut6_I5_O)        0.043    11.515 r  u_soc/Core_cpu/u_ifu_subsys/u_ibuf/ent_q[6][45]_i_2/O
                         net (fo=1, routed)           0.232    11.747    u_soc/Core_cpu/u_ifu_subsys/u_ibuf/ent_q[6][45]_i_2_n_0
    SLICE_X5Y70          LUT4 (Prop_lut4_I3_O)        0.043    11.790 r  u_soc/Core_cpu/u_ifu_subsys/u_ibuf/ent_q[6][45]_i_1/O
                         net (fo=1, routed)           0.000    11.790    u_soc/Core_cpu/u_ifu_subsys/u_ibuf/p_1_in[45]
    SLICE_X5Y70          FDRE                                         r  u_soc/Core_cpu/u_ifu_subsys/u_ibuf/ent_q_reg[6][45]/D
  -------------------------------------------------------------------    -------------------

                         (clock clk rise edge)        7.000     7.000 r  
    AE23                                              0.000     7.000 r  clk (IN)
                         net (fo=0)                   0.000     7.000    clk
    AE23                 IBUF (Prop_ibuf_I_O)         0.660     7.660 r  clk_IBUF_inst/O
                         net (fo=1, routed)           2.516    10.176    clk_IBUF
    BUFGCTRL_X0Y0        BUFG (Prop_bufg_I_O)         0.083    10.259 r  u_bufg/O
                         net (fo=5747, routed)        1.551    11.810    u_soc/Core_cpu/u_ifu_subsys/u_ibuf/clk_buf
    SLICE_X5Y70          FDRE                                         r  u_soc/Core_cpu/u_ifu_subsys/u_ibuf/ent_q_reg[6][45]/C
                         clock pessimism              0.310    12.119    
                         clock uncertainty           -0.035    12.084    
    SLICE_X5Y70          FDRE (Setup_fdre_C_D)        0.034    12.118    u_soc/Core_cpu/u_ifu_subsys/u_ibuf/ent_q_reg[6][45]
  -------------------------------------------------------------------
                         required time                         12.118    
                         arrival time                         -11.790    
  -------------------------------------------------------------------
                         slack                                  0.328    

Slack (MET) :             0.331ns  (required time - arrival time)
  Source:                 u_soc/Core_cpu/u_ifu_subsys/u_icache/q_pc_q_reg[9]/C
                            (rising edge-triggered cell FDRE clocked by clk  {rise@0.000ns fall@3.500ns period=7.000ns})
  Destination:            u_soc/Core_cpu/u_ifu_subsys/u_ibuf/ent_q_reg[5][41]/D
                            (rising edge-triggered cell FDRE clocked by clk  {rise@0.000ns fall@3.500ns period=7.000ns})
  Path Group:             clk
  Path Type:              Setup (Max at Slow Process Corner)
  Requirement:            7.000ns  (clk rise@7.000ns - clk rise@0.000ns)
  Data Path Delay:        6.675ns  (logic 0.825ns (12.359%)  route 5.850ns (87.641%))
  Logic Levels:           14  (LUT3=1 LUT4=4 LUT5=2 LUT6=6 RAMD64E=1)
  Clock Path Skew:        -0.022ns (DCD - SCD + CPR)
    Destination Clock Delay (DCD):    4.765ns = ( 11.765 - 7.000 ) 
    Source Clock Delay      (SCD):    5.096ns
    Clock Pessimism Removal (CPR):    0.310ns
  Clock Uncertainty:      0.035ns  ((TSJ^2 + TIJ^2)^1/2 + DJ) / 2 + PE
    Total System Jitter     (TSJ):    0.071ns
    Total Input Jitter      (TIJ):    0.000ns
    Discrete Jitter          (DJ):    0.000ns
    Phase Error              (PE):    0.000ns

    Location             Delay type                Incr(ns)  Path(ns)    Netlist Resource(s)
  -------------------------------------------------------------------    -------------------
                         (clock clk rise edge)        0.000     0.000 r  
    AE23                                              0.000     0.000 r  clk (IN)
                         net (fo=0)                   0.000     0.000    clk
    AE23                 IBUF (Prop_ibuf_I_O)         0.734     0.734 r  clk_IBUF_inst/O
                         net (fo=1, routed)           2.651     3.385    clk_IBUF
    BUFGCTRL_X0Y0        BUFG (Prop_bufg_I_O)         0.093     3.478 r  u_bufg/O
                         net (fo=5747, routed)        1.618     5.096    u_soc/Core_cpu/u_ifu_subsys/u_icache/clk_buf
    SLICE_X44Y68         FDRE                                         r  u_soc/Core_cpu/u_ifu_subsys/u_icache/q_pc_q_reg[9]/C
  -------------------------------------------------------------------    -------------------
    SLICE_X44Y68         FDRE (Prop_fdre_C_Q)         0.223     5.319 r  u_soc/Core_cpu/u_ifu_subsys/u_icache/q_pc_q_reg[9]/Q
                         net (fo=148, routed)         0.574     5.893    u_soc/Core_cpu/u_ifu_subsys/g_tage.u_tage/g_tab[1].tg_p_reg_r1_0_63_0_2/ADDRA5
    SLICE_X38Y66         RAMD64E (Prop_ramd64e_RADR5_O)
                                                      0.043     5.936 r  u_soc/Core_cpu/u_ifu_subsys/g_tage.u_tage/g_tab[1].tg_p_reg_r1_0_63_0_2/RAMA/O
                         net (fo=1, routed)           0.456     6.392    u_soc/Core_cpu/u_ifu_subsys/g_tage.u_tage/g_tab[1].tg_p_reg_r1_0_63_0_2_n_0
    SLICE_X36Y67         LUT6 (Prop_lut6_I0_O)        0.043     6.435 r  u_soc/Core_cpu/u_ifu_subsys/g_tage.u_tage/ent_q[6][150]_i_61/O
                         net (fo=9, routed)           0.649     7.084    u_soc/Core_cpu/u_ifu_subsys/g_tage.u_tage/ent_q[6][150]_i_61_n_0
    SLICE_X33Y69         LUT4 (Prop_lut4_I0_O)        0.043     7.127 r  u_soc/Core_cpu/u_ifu_subsys/g_tage.u_tage/ent_q[6][150]_i_58/O
                         net (fo=2, routed)           0.547     7.673    u_soc/Core_cpu/u_ifu_subsys/g_tage.u_tage/ent_q[6][150]_i_58_n_0
    SLICE_X33Y68         LUT6 (Prop_lut6_I1_O)        0.043     7.716 r  u_soc/Core_cpu/u_ifu_subsys/g_tage.u_tage/ent_q[6][150]_i_39/O
                         net (fo=1, routed)           0.185     7.901    u_soc/Core_cpu/u_ifu_subsys/g_tage.u_tage/ent_q[6][150]_i_39_n_0
    SLICE_X32Y69         LUT6 (Prop_lut6_I5_O)        0.043     7.944 r  u_soc/Core_cpu/u_ifu_subsys/g_tage.u_tage/ent_q[6][150]_i_22/O
                         net (fo=1, routed)           0.243     8.186    u_soc/Core_cpu/u_ifu_subsys/g_tage.u_tage/ent_q[6][150]_i_22_n_0
    SLICE_X32Y68         LUT6 (Prop_lut6_I1_O)        0.043     8.229 r  u_soc/Core_cpu/u_ifu_subsys/g_tage.u_tage/ent_q[6][150]_i_8/O
                         net (fo=5, routed)           0.197     8.426    u_soc/Core_cpu/u_ifu_subsys/g_tage.u_tage/dir_pred[1]
    SLICE_X30Y68         LUT4 (Prop_lut4_I1_O)        0.043     8.469 r  u_soc/Core_cpu/u_ifu_subsys/g_tage.u_tage/q_t0_idx[1]_i_15/O
                         net (fo=3, routed)           0.267     8.737    u_soc/Core_cpu/u_ifu_subsys/u_btb/p_0_in11_in
    SLICE_X31Y68         LUT5 (Prop_lut5_I1_O)        0.043     8.780 r  u_soc/Core_cpu/u_ifu_subsys/u_btb/q_t0_idx[1]_i_9/O
                         net (fo=10, routed)          0.437     9.217    u_soc/Core_cpu/u_ifu_subsys/u_icache/u_tag_way1/u_prim/any_taken
    SLICE_X30Y69         LUT6 (Prop_lut6_I3_O)        0.043     9.260 r  u_soc/Core_cpu/u_ifu_subsys/u_icache/u_tag_way1/u_prim/cnt_q[0]_i_4/O
                         net (fo=3, routed)           0.277     9.537    u_soc/Core_cpu/u_ifu_subsys/u_ibuf/push_num[0]
    SLICE_X29Y71         LUT4 (Prop_lut4_I1_O)        0.043     9.580 r  u_soc/Core_cpu/u_ifu_subsys/u_ibuf/cnt_q[0]_i_2/O
                         net (fo=9, routed)           0.362     9.942    u_soc/Core_cpu/u_ifu_subsys/u_ibuf/cnt_q_reg[4]_1[0]
    SLICE_X24Y70         LUT3 (Prop_lut3_I1_O)        0.043     9.985 r  u_soc/Core_cpu/u_ifu_subsys/u_ibuf/ent_q[6][150]_i_13/O
                         net (fo=111, routed)         1.042    11.027    u_soc/Core_cpu/u_ifu_subsys/u_ibuf/cnt_q_reg[4]_3
    SLICE_X14Y57         LUT5 (Prop_lut5_I1_O)        0.043    11.070 r  u_soc/Core_cpu/u_ifu_subsys/u_ibuf/ent_q[6][41]_i_3/O
                         net (fo=8, routed)           0.372    11.441    u_soc/Core_cpu/u_ifu_subsys/u_ibuf/ent_q[6][41]_i_3_n_0
    SLICE_X12Y57         LUT6 (Prop_lut6_I0_O)        0.043    11.484 r  u_soc/Core_cpu/u_ifu_subsys/u_ibuf/ent_q[5][41]_i_2/O
                         net (fo=1, routed)           0.244    11.729    u_soc/Core_cpu/u_ifu_subsys/u_ibuf/ent_q[5][41]_i_2_n_0
    SLICE_X12Y57         LUT4 (Prop_lut4_I3_O)        0.043    11.772 r  u_soc/Core_cpu/u_ifu_subsys/u_ibuf/ent_q[5][41]_i_1/O
                         net (fo=1, routed)           0.000    11.772    u_soc/Core_cpu/u_ifu_subsys/u_ibuf/ent_q[5][41]_i_1_n_0
    SLICE_X12Y57         FDRE                                         r  u_soc/Core_cpu/u_ifu_subsys/u_ibuf/ent_q_reg[5][41]/D
  -------------------------------------------------------------------    -------------------

                         (clock clk rise edge)        7.000     7.000 r  
    AE23                                              0.000     7.000 r  clk (IN)
                         net (fo=0)                   0.000     7.000    clk
    AE23                 IBUF (Prop_ibuf_I_O)         0.660     7.660 r  clk_IBUF_inst/O
                         net (fo=1, routed)           2.516    10.176    clk_IBUF
    BUFGCTRL_X0Y0        BUFG (Prop_bufg_I_O)         0.083    10.259 r  u_bufg/O
                         net (fo=5747, routed)        1.506    11.765    u_soc/Core_cpu/u_ifu_subsys/u_ibuf/clk_buf
    SLICE_X12Y57         FDRE                                         r  u_soc/Core_cpu/u_ifu_subsys/u_ibuf/ent_q_reg[5][41]/C
                         clock pessimism              0.310    12.074    
                         clock uncertainty           -0.035    12.039    
    SLICE_X12Y57         FDRE (Setup_fdre_C_D)        0.064    12.103    u_soc/Core_cpu/u_ifu_subsys/u_ibuf/ent_q_reg[5][41]
  -------------------------------------------------------------------
                         required time                         12.103    
                         arrival time                         -11.772    
  -------------------------------------------------------------------
                         slack                                  0.331    

Slack (MET) :             0.331ns  (required time - arrival time)
  Source:                 u_soc/Core_cpu/u_ifu_subsys/u_icache/q_pc_q_reg[9]/C
                            (rising edge-triggered cell FDRE clocked by clk  {rise@0.000ns fall@3.500ns period=7.000ns})
  Destination:            u_soc/Core_cpu/u_ifu_subsys/u_ibuf/ent_q_reg[5][41]/D
                            (rising edge-triggered cell FDRE clocked by clk  {rise@0.000ns fall@3.500ns period=7.000ns})
  Path Group:             clk
  Path Type:              Setup (Max at Slow Process Corner)
  Requirement:            7.000ns  (clk rise@7.000ns - clk rise@0.000ns)
  Data Path Delay:        6.675ns  (logic 0.825ns (12.359%)  route 5.850ns (87.641%))
  Logic Levels:           14  (LUT3=1 LUT4=4 LUT5=2 LUT6=6 RAMD64E=1)
  Clock Path Skew:        -0.022ns (DCD - SCD + CPR)
    Destination Clock Delay (DCD):    4.765ns = ( 11.765 - 7.000 ) 
    Source Clock Delay      (SCD):    5.096ns
    Clock Pessimism Removal (CPR):    0.310ns
  Clock Uncertainty:      0.035ns  ((TSJ^2 + TIJ^2)^1/2 + DJ) / 2 + PE
    Total System Jitter     (TSJ):    0.071ns
    Total Input Jitter      (TIJ):    0.000ns
    Discrete Jitter          (DJ):    0.000ns
    Phase Error              (PE):    0.000ns

    Location             Delay type                Incr(ns)  Path(ns)    Netlist Resource(s)
  -------------------------------------------------------------------    -------------------
                         (clock clk rise edge)        0.000     0.000 r  
    AE23                                              0.000     0.000 r  clk (IN)
                         net (fo=0)                   0.000     0.000    clk
    AE23                 IBUF (Prop_ibuf_I_O)         0.734     0.734 r  clk_IBUF_inst/O
                         net (fo=1, routed)           2.651     3.385    clk_IBUF
    BUFGCTRL_X0Y0        BUFG (Prop_bufg_I_O)         0.093     3.478 r  u_bufg/O
                         net (fo=5747, routed)        1.618     5.096    u_soc/Core_cpu/u_ifu_subsys/u_icache/clk_buf
    SLICE_X44Y68         FDRE                                         r  u_soc/Core_cpu/u_ifu_subsys/u_icache/q_pc_q_reg[9]/C
  -------------------------------------------------------------------    -------------------
    SLICE_X44Y68         FDRE (Prop_fdre_C_Q)         0.223     5.319 r  u_soc/Core_cpu/u_ifu_subsys/u_icache/q_pc_q_reg[9]/Q
                         net (fo=148, routed)         0.574     5.893    u_soc/Core_cpu/u_ifu_subsys/g_tage.u_tage/g_tab[1].tg_p_reg_r1_0_63_0_2/ADDRA5
    SLICE_X38Y66         RAMD64E (Prop_ramd64e_RADR5_O)
                                                      0.043     5.936 f  u_soc/Core_cpu/u_ifu_subsys/g_tage.u_tage/g_tab[1].tg_p_reg_r1_0_63_0_2/RAMA/O
                         net (fo=1, routed)           0.456     6.392    u_soc/Core_cpu/u_ifu_subsys/g_tage.u_tage/g_tab[1].tg_p_reg_r1_0_63_0_2_n_0
    SLICE_X36Y67         LUT6 (Prop_lut6_I0_O)        0.043     6.435 r  u_soc/Core_cpu/u_ifu_subsys/g_tage.u_tage/ent_q[6][150]_i_61/O
                         net (fo=9, routed)           0.649     7.084    u_soc/Core_cpu/u_ifu_subsys/g_tage.u_tage/ent_q[6][150]_i_61_n_0
    SLICE_X33Y69         LUT4 (Prop_lut4_I0_O)        0.043     7.127 r  u_soc/Core_cpu/u_ifu_subsys/g_tage.u_tage/ent_q[6][150]_i_58/O
                         net (fo=2, routed)           0.547     7.673    u_soc/Core_cpu/u_ifu_subsys/g_tage.u_tage/ent_q[6][150]_i_58_n_0
    SLICE_X33Y68         LUT6 (Prop_lut6_I1_O)        0.043     7.716 r  u_soc/Core_cpu/u_ifu_subsys/g_tage.u_tage/ent_q[6][150]_i_39/O
                         net (fo=1, routed)           0.185     7.901    u_soc/Core_cpu/u_ifu_subsys/g_tage.u_tage/ent_q[6][150]_i_39_n_0
    SLICE_X32Y69         LUT6 (Prop_lut6_I5_O)        0.043     7.944 r  u_soc/Core_cpu/u_ifu_subsys/g_tage.u_tage/ent_q[6][150]_i_22/O
                         net (fo=1, routed)           0.243     8.186    u_soc/Core_cpu/u_ifu_subsys/g_tage.u_tage/ent_q[6][150]_i_22_n_0
    SLICE_X32Y68         LUT6 (Prop_lut6_I1_O)        0.043     8.229 r  u_soc/Core_cpu/u_ifu_subsys/g_tage.u_tage/ent_q[6][150]_i_8/O
                         net (fo=5, routed)           0.197     8.426    u_soc/Core_cpu/u_ifu_subsys/g_tage.u_tage/dir_pred[1]
    SLICE_X30Y68         LUT4 (Prop_lut4_I1_O)        0.043     8.469 r  u_soc/Core_cpu/u_ifu_subsys/g_tage.u_tage/q_t0_idx[1]_i_15/O
                         net (fo=3, routed)           0.267     8.737    u_soc/Core_cpu/u_ifu_subsys/u_btb/p_0_in11_in
    SLICE_X31Y68         LUT5 (Prop_lut5_I1_O)        0.043     8.780 r  u_soc/Core_cpu/u_ifu_subsys/u_btb/q_t0_idx[1]_i_9/O
                         net (fo=10, routed)          0.437     9.217    u_soc/Core_cpu/u_ifu_subsys/u_icache/u_tag_way1/u_prim/any_taken
    SLICE_X30Y69         LUT6 (Prop_lut6_I3_O)        0.043     9.260 r  u_soc/Core_cpu/u_ifu_subsys/u_icache/u_tag_way1/u_prim/cnt_q[0]_i_4/O
                         net (fo=3, routed)           0.277     9.537    u_soc/Core_cpu/u_ifu_subsys/u_ibuf/push_num[0]
    SLICE_X29Y71         LUT4 (Prop_lut4_I1_O)        0.043     9.580 r  u_soc/Core_cpu/u_ifu_subsys/u_ibuf/cnt_q[0]_i_2/O
                         net (fo=9, routed)           0.362     9.942    u_soc/Core_cpu/u_ifu_subsys/u_ibuf/cnt_q_reg[4]_1[0]
    SLICE_X24Y70         LUT3 (Prop_lut3_I1_O)        0.043     9.985 r  u_soc/Core_cpu/u_ifu_subsys/u_ibuf/ent_q[6][150]_i_13/O
                         net (fo=111, routed)         1.042    11.027    u_soc/Core_cpu/u_ifu_subsys/u_ibuf/cnt_q_reg[4]_3
    SLICE_X14Y57         LUT5 (Prop_lut5_I1_O)        0.043    11.070 r  u_soc/Core_cpu/u_ifu_subsys/u_ibuf/ent_q[6][41]_i_3/O
                         net (fo=8, routed)           0.372    11.441    u_soc/Core_cpu/u_ifu_subsys/u_ibuf/ent_q[6][41]_i_3_n_0
    SLICE_X12Y57         LUT6 (Prop_lut6_I0_O)        0.043    11.484 r  u_soc/Core_cpu/u_ifu_subsys/u_ibuf/ent_q[5][41]_i_2/O
                         net (fo=1, routed)           0.244    11.729    u_soc/Core_cpu/u_ifu_subsys/u_ibuf/ent_q[5][41]_i_2_n_0
    SLICE_X12Y57         LUT4 (Prop_lut4_I3_O)        0.043    11.772 r  u_soc/Core_cpu/u_ifu_subsys/u_ibuf/ent_q[5][41]_i_1/O
                         net (fo=1, routed)           0.000    11.772    u_soc/Core_cpu/u_ifu_subsys/u_ibuf/ent_q[5][41]_i_1_n_0
    SLICE_X12Y57         FDRE                                         r  u_soc/Core_cpu/u_ifu_subsys/u_ibuf/ent_q_reg[5][41]/D
  -------------------------------------------------------------------    -------------------

                         (clock clk rise edge)        7.000     7.000 r  
    AE23                                              0.000     7.000 r  clk (IN)
                         net (fo=0)                   0.000     7.000    clk
    AE23                 IBUF (Prop_ibuf_I_O)         0.660     7.660 r  clk_IBUF_inst/O
                         net (fo=1, routed)           2.516    10.176    clk_IBUF
    BUFGCTRL_X0Y0        BUFG (Prop_bufg_I_O)         0.083    10.259 r  u_bufg/O
                         net (fo=5747, routed)        1.506    11.765    u_soc/Core_cpu/u_ifu_subsys/u_ibuf/clk_buf
    SLICE_X12Y57         FDRE                                         r  u_soc/Core_cpu/u_ifu_subsys/u_ibuf/ent_q_reg[5][41]/C
                         clock pessimism              0.310    12.074    
                         clock uncertainty           -0.035    12.039    
    SLICE_X12Y57         FDRE (Setup_fdre_C_D)        0.064    12.103    u_soc/Core_cpu/u_ifu_subsys/u_ibuf/ent_q_reg[5][41]
  -------------------------------------------------------------------
                         required time                         12.103    
                         arrival time                         -11.772    
  -------------------------------------------------------------------
                         slack                                  0.331    

Slack (MET) :             0.331ns  (required time - arrival time)
  Source:                 u_soc/Core_cpu/u_ifu_subsys/u_icache/q_pc_q_reg[9]/C
                            (rising edge-triggered cell FDRE clocked by clk  {rise@0.000ns fall@3.500ns period=7.000ns})
  Destination:            u_soc/Core_cpu/u_ifu_subsys/u_ibuf/ent_q_reg[5][41]/D
                            (rising edge-triggered cell FDRE clocked by clk  {rise@0.000ns fall@3.500ns period=7.000ns})
  Path Group:             clk
  Path Type:              Setup (Max at Slow Process Corner)
  Requirement:            7.000ns  (clk rise@7.000ns - clk rise@0.000ns)
  Data Path Delay:        6.675ns  (logic 0.825ns (12.359%)  route 5.850ns (87.641%))
  Logic Levels:           14  (LUT3=1 LUT4=4 LUT5=2 LUT6=6 RAMD64E=1)
  Clock Path Skew:        -0.022ns (DCD - SCD + CPR)
    Destination Clock Delay (DCD):    4.765ns = ( 11.765 - 7.000 ) 
    Source Clock Delay      (SCD):    5.096ns
    Clock Pessimism Removal (CPR):    0.310ns
  Clock Uncertainty:      0.035ns  ((TSJ^2 + TIJ^2)^1/2 + DJ) / 2 + PE
    Total System Jitter     (TSJ):    0.071ns
    Total Input Jitter      (TIJ):    0.000ns
    Discrete Jitter          (DJ):    0.000ns
    Phase Error              (PE):    0.000ns

    Location             Delay type                Incr(ns)  Path(ns)    Netlist Resource(s)
  -------------------------------------------------------------------    -------------------
                         (clock clk rise edge)        0.000     0.000 r  
    AE23                                              0.000     0.000 r  clk (IN)
                         net (fo=0)                   0.000     0.000    clk
    AE23                 IBUF (Prop_ibuf_I_O)         0.734     0.734 r  clk_IBUF_inst/O
                         net (fo=1, routed)           2.651     3.385    clk_IBUF
    BUFGCTRL_X0Y0        BUFG (Prop_bufg_I_O)         0.093     3.478 r  u_bufg/O
                         net (fo=5747, routed)        1.618     5.096    u_soc/Core_cpu/u_ifu_subsys/u_icache/clk_buf
    SLICE_X44Y68         FDRE                                         r  u_soc/Core_cpu/u_ifu_subsys/u_icache/q_pc_q_reg[9]/C
  -------------------------------------------------------------------    -------------------
    SLICE_X44Y68         FDRE (Prop_fdre_C_Q)         0.223     5.319 r  u_soc/Core_cpu/u_ifu_subsys/u_icache/q_pc_q_reg[9]/Q
                         net (fo=148, routed)         0.574     5.893    u_soc/Core_cpu/u_ifu_subsys/g_tage.u_tage/g_tab[1].tg_p_reg_r1_0_63_0_2/ADDRA5
    SLICE_X38Y66         RAMD64E (Prop_ramd64e_RADR5_O)
                                                      0.043     5.936 r  u_soc/Core_cpu/u_ifu_subsys/g_tage.u_tage/g_tab[1].tg_p_reg_r1_0_63_0_2/RAMA/O
                         net (fo=1, routed)           0.456     6.392    u_soc/Core_cpu/u_ifu_subsys/g_tage.u_tage/g_tab[1].tg_p_reg_r1_0_63_0_2_n_0
    SLICE_X36Y67         LUT6 (Prop_lut6_I0_O)        0.043     6.435 f  u_soc/Core_cpu/u_ifu_subsys/g_tage.u_tage/ent_q[6][150]_i_61/O
                         net (fo=9, routed)           0.649     7.084    u_soc/Core_cpu/u_ifu_subsys/g_tage.u_tage/ent_q[6][150]_i_61_n_0
    SLICE_X33Y69         LUT4 (Prop_lut4_I0_O)        0.043     7.127 f  u_soc/Core_cpu/u_ifu_subsys/g_tage.u_tage/ent_q[6][150]_i_58/O
                         net (fo=2, routed)           0.547     7.673    u_soc/Core_cpu/u_ifu_subsys/g_tage.u_tage/ent_q[6][150]_i_58_n_0
    SLICE_X33Y68         LUT6 (Prop_lut6_I1_O)        0.043     7.716 f  u_soc/Core_cpu/u_ifu_subsys/g_tage.u_tage/ent_q[6][150]_i_39/O
                         net (fo=1, routed)           0.185     7.901    u_soc/Core_cpu/u_ifu_subsys/g_tage.u_tage/ent_q[6][150]_i_39_n_0
    SLICE_X32Y69         LUT6 (Prop_lut6_I5_O)        0.043     7.944 f  u_soc/Core_cpu/u_ifu_subsys/g_tage.u_tage/ent_q[6][150]_i_22/O
                         net (fo=1, routed)           0.243     8.186    u_soc/Core_cpu/u_ifu_subsys/g_tage.u_tage/ent_q[6][150]_i_22_n_0
    SLICE_X32Y68         LUT6 (Prop_lut6_I1_O)        0.043     8.229 r  u_soc/Core_cpu/u_ifu_subsys/g_tage.u_tage/ent_q[6][150]_i_8/O
                         net (fo=5, routed)           0.197     8.426    u_soc/Core_cpu/u_ifu_subsys/g_tage.u_tage/dir_pred[1]
    SLICE_X30Y68         LUT4 (Prop_lut4_I1_O)        0.043     8.469 r  u_soc/Core_cpu/u_ifu_subsys/g_tage.u_tage/q_t0_idx[1]_i_15/O
                         net (fo=3, routed)           0.267     8.737    u_soc/Core_cpu/u_ifu_subsys/u_btb/p_0_in11_in
    SLICE_X31Y68         LUT5 (Prop_lut5_I1_O)        0.043     8.780 r  u_soc/Core_cpu/u_ifu_subsys/u_btb/q_t0_idx[1]_i_9/O
                         net (fo=10, routed)          0.437     9.217    u_soc/Core_cpu/u_ifu_subsys/u_icache/u_tag_way1/u_prim/any_taken
    SLICE_X30Y69         LUT6 (Prop_lut6_I3_O)        0.043     9.260 r  u_soc/Core_cpu/u_ifu_subsys/u_icache/u_tag_way1/u_prim/cnt_q[0]_i_4/O
                         net (fo=3, routed)           0.277     9.537    u_soc/Core_cpu/u_ifu_subsys/u_ibuf/push_num[0]
    SLICE_X29Y71         LUT4 (Prop_lut4_I1_O)        0.043     9.580 r  u_soc/Core_cpu/u_ifu_subsys/u_ibuf/cnt_q[0]_i_2/O
                         net (fo=9, routed)           0.362     9.942    u_soc/Core_cpu/u_ifu_subsys/u_ibuf/cnt_q_reg[4]_1[0]
    SLICE_X24Y70         LUT3 (Prop_lut3_I1_O)        0.043     9.985 r  u_soc/Core_cpu/u_ifu_subsys/u_ibuf/ent_q[6][150]_i_13/O
                         net (fo=111, routed)         1.042    11.027    u_soc/Core_cpu/u_ifu_subsys/u_ibuf/cnt_q_reg[4]_3
    SLICE_X14Y57         LUT5 (Prop_lut5_I1_O)        0.043    11.070 r  u_soc/Core_cpu/u_ifu_subsys/u_ibuf/ent_q[6][41]_i_3/O
                         net (fo=8, routed)           0.372    11.441    u_soc/Core_cpu/u_ifu_subsys/u_ibuf/ent_q[6][41]_i_3_n_0
    SLICE_X12Y57         LUT6 (Prop_lut6_I0_O)        0.043    11.484 r  u_soc/Core_cpu/u_ifu_subsys/u_ibuf/ent_q[5][41]_i_2/O
                         net (fo=1, routed)           0.244    11.729    u_soc/Core_cpu/u_ifu_subsys/u_ibuf/ent_q[5][41]_i_2_n_0
    SLICE_X12Y57         LUT4 (Prop_lut4_I3_O)        0.043    11.772 r  u_soc/Core_cpu/u_ifu_subsys/u_ibuf/ent_q[5][41]_i_1/O
                         net (fo=1, routed)           0.000    11.772    u_soc/Core_cpu/u_ifu_subsys/u_ibuf/ent_q[5][41]_i_1_n_0
    SLICE_X12Y57         FDRE                                         r  u_soc/Core_cpu/u_ifu_subsys/u_ibuf/ent_q_reg[5][41]/D
  -------------------------------------------------------------------    -------------------

                         (clock clk rise edge)        7.000     7.000 r  
    AE23                                              0.000     7.000 r  clk (IN)
                         net (fo=0)                   0.000     7.000    clk
    AE23                 IBUF (Prop_ibuf_I_O)         0.660     7.660 r  clk_IBUF_inst/O
                         net (fo=1, routed)           2.516    10.176    clk_IBUF
    BUFGCTRL_X0Y0        BUFG (Prop_bufg_I_O)         0.083    10.259 r  u_bufg/O
                         net (fo=5747, routed)        1.506    11.765    u_soc/Core_cpu/u_ifu_subsys/u_ibuf/clk_buf
    SLICE_X12Y57         FDRE                                         r  u_soc/Core_cpu/u_ifu_subsys/u_ibuf/ent_q_reg[5][41]/C
                         clock pessimism              0.310    12.074    
                         clock uncertainty           -0.035    12.039    
    SLICE_X12Y57         FDRE (Setup_fdre_C_D)        0.064    12.103    u_soc/Core_cpu/u_ifu_subsys/u_ibuf/ent_q_reg[5][41]
  -------------------------------------------------------------------
                         required time                         12.103    
                         arrival time                         -11.772    
  -------------------------------------------------------------------
                         slack                                  0.331    

Slack (MET) :             0.332ns  (required time - arrival time)
  Source:                 u_soc/Core_cpu/u_ifu_subsys/u_icache/q_pc_q_reg[9]/C
                            (rising edge-triggered cell FDRE clocked by clk  {rise@0.000ns fall@3.500ns period=7.000ns})
  Destination:            u_soc/Core_cpu/u_ifu_subsys/u_ibuf/ent_q_reg[1][41]/D
                            (rising edge-triggered cell FDRE clocked by clk  {rise@0.000ns fall@3.500ns period=7.000ns})
  Path Group:             clk
  Path Type:              Setup (Max at Slow Process Corner)
  Requirement:            7.000ns  (clk rise@7.000ns - clk rise@0.000ns)
  Data Path Delay:        6.677ns  (logic 0.825ns (12.356%)  route 5.852ns (87.644%))
  Logic Levels:           14  (LUT3=1 LUT4=4 LUT5=2 LUT6=6 RAMD64E=1)
  Clock Path Skew:        -0.022ns (DCD - SCD + CPR)
    Destination Clock Delay (DCD):    4.765ns = ( 11.765 - 7.000 ) 
    Source Clock Delay      (SCD):    5.096ns
    Clock Pessimism Removal (CPR):    0.310ns
  Clock Uncertainty:      0.035ns  ((TSJ^2 + TIJ^2)^1/2 + DJ) / 2 + PE
    Total System Jitter     (TSJ):    0.071ns
    Total Input Jitter      (TIJ):    0.000ns
    Discrete Jitter          (DJ):    0.000ns
    Phase Error              (PE):    0.000ns

    Location             Delay type                Incr(ns)  Path(ns)    Netlist Resource(s)
  -------------------------------------------------------------------    -------------------
                         (clock clk rise edge)        0.000     0.000 r  
    AE23                                              0.000     0.000 r  clk (IN)
                         net (fo=0)                   0.000     0.000    clk
    AE23                 IBUF (Prop_ibuf_I_O)         0.734     0.734 r  clk_IBUF_inst/O
                         net (fo=1, routed)           2.651     3.385    clk_IBUF
    BUFGCTRL_X0Y0        BUFG (Prop_bufg_I_O)         0.093     3.478 r  u_bufg/O
                         net (fo=5747, routed)        1.618     5.096    u_soc/Core_cpu/u_ifu_subsys/u_icache/clk_buf
    SLICE_X44Y68         FDRE                                         r  u_soc/Core_cpu/u_ifu_subsys/u_icache/q_pc_q_reg[9]/C
  -------------------------------------------------------------------    -------------------
    SLICE_X44Y68         FDRE (Prop_fdre_C_Q)         0.223     5.319 r  u_soc/Core_cpu/u_ifu_subsys/u_icache/q_pc_q_reg[9]/Q
                         net (fo=148, routed)         0.574     5.893    u_soc/Core_cpu/u_ifu_subsys/g_tage.u_tage/g_tab[1].tg_p_reg_r1_0_63_0_2/ADDRA5
    SLICE_X38Y66         RAMD64E (Prop_ramd64e_RADR5_O)
                                                      0.043     5.936 r  u_soc/Core_cpu/u_ifu_subsys/g_tage.u_tage/g_tab[1].tg_p_reg_r1_0_63_0_2/RAMA/O
                         net (fo=1, routed)           0.456     6.392    u_soc/Core_cpu/u_ifu_subsys/g_tage.u_tage/g_tab[1].tg_p_reg_r1_0_63_0_2_n_0
    SLICE_X36Y67         LUT6 (Prop_lut6_I0_O)        0.043     6.435 r  u_soc/Core_cpu/u_ifu_subsys/g_tage.u_tage/ent_q[6][150]_i_61/O
                         net (fo=9, routed)           0.649     7.084    u_soc/Core_cpu/u_ifu_subsys/g_tage.u_tage/ent_q[6][150]_i_61_n_0
    SLICE_X33Y69         LUT4 (Prop_lut4_I0_O)        0.043     7.127 r  u_soc/Core_cpu/u_ifu_subsys/g_tage.u_tage/ent_q[6][150]_i_58/O
                         net (fo=2, routed)           0.547     7.673    u_soc/Core_cpu/u_ifu_subsys/g_tage.u_tage/ent_q[6][150]_i_58_n_0
    SLICE_X33Y68         LUT6 (Prop_lut6_I1_O)        0.043     7.716 r  u_soc/Core_cpu/u_ifu_subsys/g_tage.u_tage/ent_q[6][150]_i_39/O
                         net (fo=1, routed)           0.185     7.901    u_soc/Core_cpu/u_ifu_subsys/g_tage.u_tage/ent_q[6][150]_i_39_n_0
    SLICE_X32Y69         LUT6 (Prop_lut6_I5_O)        0.043     7.944 r  u_soc/Core_cpu/u_ifu_subsys/g_tage.u_tage/ent_q[6][150]_i_22/O
                         net (fo=1, routed)           0.243     8.186    u_soc/Core_cpu/u_ifu_subsys/g_tage.u_tage/ent_q[6][150]_i_22_n_0
    SLICE_X32Y68         LUT6 (Prop_lut6_I1_O)        0.043     8.229 r  u_soc/Core_cpu/u_ifu_subsys/g_tage.u_tage/ent_q[6][150]_i_8/O
                         net (fo=5, routed)           0.197     8.426    u_soc/Core_cpu/u_ifu_subsys/g_tage.u_tage/dir_pred[1]
    SLICE_X30Y68         LUT4 (Prop_lut4_I1_O)        0.043     8.469 r  u_soc/Core_cpu/u_ifu_subsys/g_tage.u_tage/q_t0_idx[1]_i_15/O
                         net (fo=3, routed)           0.267     8.737    u_soc/Core_cpu/u_ifu_subsys/u_btb/p_0_in11_in
    SLICE_X31Y68         LUT5 (Prop_lut5_I1_O)        0.043     8.780 r  u_soc/Core_cpu/u_ifu_subsys/u_btb/q_t0_idx[1]_i_9/O
                         net (fo=10, routed)          0.437     9.217    u_soc/Core_cpu/u_ifu_subsys/u_icache/u_tag_way1/u_prim/any_taken
    SLICE_X30Y69         LUT6 (Prop_lut6_I3_O)        0.043     9.260 r  u_soc/Core_cpu/u_ifu_subsys/u_icache/u_tag_way1/u_prim/cnt_q[0]_i_4/O
                         net (fo=3, routed)           0.277     9.537    u_soc/Core_cpu/u_ifu_subsys/u_ibuf/push_num[0]
    SLICE_X29Y71         LUT4 (Prop_lut4_I1_O)        0.043     9.580 r  u_soc/Core_cpu/u_ifu_subsys/u_ibuf/cnt_q[0]_i_2/O
                         net (fo=9, routed)           0.362     9.942    u_soc/Core_cpu/u_ifu_subsys/u_ibuf/cnt_q_reg[4]_1[0]
    SLICE_X24Y70         LUT3 (Prop_lut3_I1_O)        0.043     9.985 r  u_soc/Core_cpu/u_ifu_subsys/u_ibuf/ent_q[6][150]_i_13/O
                         net (fo=111, routed)         1.042    11.027    u_soc/Core_cpu/u_ifu_subsys/u_ibuf/cnt_q_reg[4]_3
    SLICE_X14Y57         LUT5 (Prop_lut5_I1_O)        0.043    11.070 r  u_soc/Core_cpu/u_ifu_subsys/u_ibuf/ent_q[6][41]_i_3/O
                         net (fo=8, routed)           0.363    11.433    u_soc/Core_cpu/u_ifu_subsys/u_ibuf/ent_q[6][41]_i_3_n_0
    SLICE_X14Y57         LUT6 (Prop_lut6_I0_O)        0.043    11.476 r  u_soc/Core_cpu/u_ifu_subsys/u_ibuf/ent_q[1][41]_i_2/O
                         net (fo=1, routed)           0.255    11.730    u_soc/Core_cpu/u_ifu_subsys/u_ibuf/ent_q[1][41]_i_2_n_0
    SLICE_X14Y57         LUT4 (Prop_lut4_I3_O)        0.043    11.773 r  u_soc/Core_cpu/u_ifu_subsys/u_ibuf/ent_q[1][41]_i_1/O
                         net (fo=1, routed)           0.000    11.773    u_soc/Core_cpu/u_ifu_subsys/u_ibuf/ent_q[1][41]_i_1_n_0
    SLICE_X14Y57         FDRE                                         r  u_soc/Core_cpu/u_ifu_subsys/u_ibuf/ent_q_reg[1][41]/D
  -------------------------------------------------------------------    -------------------

                         (clock clk rise edge)        7.000     7.000 r  
    AE23                                              0.000     7.000 r  clk (IN)
                         net (fo=0)                   0.000     7.000    clk
    AE23                 IBUF (Prop_ibuf_I_O)         0.660     7.660 r  clk_IBUF_inst/O
                         net (fo=1, routed)           2.516    10.176    clk_IBUF
    BUFGCTRL_X0Y0        BUFG (Prop_bufg_I_O)         0.083    10.259 r  u_bufg/O
                         net (fo=5747, routed)        1.506    11.765    u_soc/Core_cpu/u_ifu_subsys/u_ibuf/clk_buf
    SLICE_X14Y57         FDRE                                         r  u_soc/Core_cpu/u_ifu_subsys/u_ibuf/ent_q_reg[1][41]/C
                         clock pessimism              0.310    12.074    
                         clock uncertainty           -0.035    12.039    
    SLICE_X14Y57         FDRE (Setup_fdre_C_D)        0.066    12.105    u_soc/Core_cpu/u_ifu_subsys/u_ibuf/ent_q_reg[1][41]
  -------------------------------------------------------------------
                         required time                         12.105    
                         arrival time                         -11.773    
  -------------------------------------------------------------------
                         slack                                  0.332    

Slack (MET) :             0.332ns  (required time - arrival time)
  Source:                 u_soc/Core_cpu/u_ifu_subsys/u_icache/q_pc_q_reg[9]/C
                            (rising edge-triggered cell FDRE clocked by clk  {rise@0.000ns fall@3.500ns period=7.000ns})
  Destination:            u_soc/Core_cpu/u_ifu_subsys/u_ibuf/ent_q_reg[1][41]/D
                            (rising edge-triggered cell FDRE clocked by clk  {rise@0.000ns fall@3.500ns period=7.000ns})
  Path Group:             clk
  Path Type:              Setup (Max at Slow Process Corner)
  Requirement:            7.000ns  (clk rise@7.000ns - clk rise@0.000ns)
  Data Path Delay:        6.677ns  (logic 0.825ns (12.356%)  route 5.852ns (87.644%))
  Logic Levels:           14  (LUT3=1 LUT4=4 LUT5=2 LUT6=6 RAMD64E=1)
  Clock Path Skew:        -0.022ns (DCD - SCD + CPR)
    Destination Clock Delay (DCD):    4.765ns = ( 11.765 - 7.000 ) 
    Source Clock Delay      (SCD):    5.096ns
    Clock Pessimism Removal (CPR):    0.310ns
  Clock Uncertainty:      0.035ns  ((TSJ^2 + TIJ^2)^1/2 + DJ) / 2 + PE
    Total System Jitter     (TSJ):    0.071ns
    Total Input Jitter      (TIJ):    0.000ns
    Discrete Jitter          (DJ):    0.000ns
    Phase Error              (PE):    0.000ns

    Location             Delay type                Incr(ns)  Path(ns)    Netlist Resource(s)
  -------------------------------------------------------------------    -------------------
                         (clock clk rise edge)        0.000     0.000 r  
    AE23                                              0.000     0.000 r  clk (IN)
                         net (fo=0)                   0.000     0.000    clk
    AE23                 IBUF (Prop_ibuf_I_O)         0.734     0.734 r  clk_IBUF_inst/O
                         net (fo=1, routed)           2.651     3.385    clk_IBUF
    BUFGCTRL_X0Y0        BUFG (Prop_bufg_I_O)         0.093     3.478 r  u_bufg/O
                         net (fo=5747, routed)        1.618     5.096    u_soc/Core_cpu/u_ifu_subsys/u_icache/clk_buf
    SLICE_X44Y68         FDRE                                         r  u_soc/Core_cpu/u_ifu_subsys/u_icache/q_pc_q_reg[9]/C
  -------------------------------------------------------------------    -------------------
    SLICE_X44Y68         FDRE (Prop_fdre_C_Q)         0.223     5.319 r  u_soc/Core_cpu/u_ifu_subsys/u_icache/q_pc_q_reg[9]/Q
                         net (fo=148, routed)         0.574     5.893    u_soc/Core_cpu/u_ifu_subsys/g_tage.u_tage/g_tab[1].tg_p_reg_r1_0_63_0_2/ADDRA5
    SLICE_X38Y66         RAMD64E (Prop_ramd64e_RADR5_O)
                                                      0.043     5.936 f  u_soc/Core_cpu/u_ifu_subsys/g_tage.u_tage/g_tab[1].tg_p_reg_r1_0_63_0_2/RAMA/O
                         net (fo=1, routed)           0.456     6.392    u_soc/Core_cpu/u_ifu_subsys/g_tage.u_tage/g_tab[1].tg_p_reg_r1_0_63_0_2_n_0
    SLICE_X36Y67         LUT6 (Prop_lut6_I0_O)        0.043     6.435 r  u_soc/Core_cpu/u_ifu_subsys/g_tage.u_tage/ent_q[6][150]_i_61/O
                         net (fo=9, routed)           0.649     7.084    u_soc/Core_cpu/u_ifu_subsys/g_tage.u_tage/ent_q[6][150]_i_61_n_0
    SLICE_X33Y69         LUT4 (Prop_lut4_I0_O)        0.043     7.127 r  u_soc/Core_cpu/u_ifu_subsys/g_tage.u_tage/ent_q[6][150]_i_58/O
                         net (fo=2, routed)           0.547     7.673    u_soc/Core_cpu/u_ifu_subsys/g_tage.u_tage/ent_q[6][150]_i_58_n_0
    SLICE_X33Y68         LUT6 (Prop_lut6_I1_O)        0.043     7.716 r  u_soc/Core_cpu/u_ifu_subsys/g_tage.u_tage/ent_q[6][150]_i_39/O
                         net (fo=1, routed)           0.185     7.901    u_soc/Core_cpu/u_ifu_subsys/g_tage.u_tage/ent_q[6][150]_i_39_n_0
    SLICE_X32Y69         LUT6 (Prop_lut6_I5_O)        0.043     7.944 r  u_soc/Core_cpu/u_ifu_subsys/g_tage.u_tage/ent_q[6][150]_i_22/O
                         net (fo=1, routed)           0.243     8.186    u_soc/Core_cpu/u_ifu_subsys/g_tage.u_tage/ent_q[6][150]_i_22_n_0
    SLICE_X32Y68         LUT6 (Prop_lut6_I1_O)        0.043     8.229 r  u_soc/Core_cpu/u_ifu_subsys/g_tage.u_tage/ent_q[6][150]_i_8/O
                         net (fo=5, routed)           0.197     8.426    u_soc/Core_cpu/u_ifu_subsys/g_tage.u_tage/dir_pred[1]
    SLICE_X30Y68         LUT4 (Prop_lut4_I1_O)        0.043     8.469 r  u_soc/Core_cpu/u_ifu_subsys/g_tage.u_tage/q_t0_idx[1]_i_15/O
                         net (fo=3, routed)           0.267     8.737    u_soc/Core_cpu/u_ifu_subsys/u_btb/p_0_in11_in
    SLICE_X31Y68         LUT5 (Prop_lut5_I1_O)        0.043     8.780 r  u_soc/Core_cpu/u_ifu_subsys/u_btb/q_t0_idx[1]_i_9/O
                         net (fo=10, routed)          0.437     9.217    u_soc/Core_cpu/u_ifu_subsys/u_icache/u_tag_way1/u_prim/any_taken
    SLICE_X30Y69         LUT6 (Prop_lut6_I3_O)        0.043     9.260 r  u_soc/Core_cpu/u_ifu_subsys/u_icache/u_tag_way1/u_prim/cnt_q[0]_i_4/O
                         net (fo=3, routed)           0.277     9.537    u_soc/Core_cpu/u_ifu_subsys/u_ibuf/push_num[0]
    SLICE_X29Y71         LUT4 (Prop_lut4_I1_O)        0.043     9.580 r  u_soc/Core_cpu/u_ifu_subsys/u_ibuf/cnt_q[0]_i_2/O
                         net (fo=9, routed)           0.362     9.942    u_soc/Core_cpu/u_ifu_subsys/u_ibuf/cnt_q_reg[4]_1[0]
    SLICE_X24Y70         LUT3 (Prop_lut3_I1_O)        0.043     9.985 r  u_soc/Core_cpu/u_ifu_subsys/u_ibuf/ent_q[6][150]_i_13/O
                         net (fo=111, routed)         1.042    11.027    u_soc/Core_cpu/u_ifu_subsys/u_ibuf/cnt_q_reg[4]_3
    SLICE_X14Y57         LUT5 (Prop_lut5_I1_O)        0.043    11.070 r  u_soc/Core_cpu/u_ifu_subsys/u_ibuf/ent_q[6][41]_i_3/O
                         net (fo=8, routed)           0.363    11.433    u_soc/Core_cpu/u_ifu_subsys/u_ibuf/ent_q[6][41]_i_3_n_0
    SLICE_X14Y57         LUT6 (Prop_lut6_I0_O)        0.043    11.476 r  u_soc/Core_cpu/u_ifu_subsys/u_ibuf/ent_q[1][41]_i_2/O
                         net (fo=1, routed)           0.255    11.730    u_soc/Core_cpu/u_ifu_subsys/u_ibuf/ent_q[1][41]_i_2_n_0
    SLICE_X14Y57         LUT4 (Prop_lut4_I3_O)        0.043    11.773 r  u_soc/Core_cpu/u_ifu_subsys/u_ibuf/ent_q[1][41]_i_1/O
                         net (fo=1, routed)           0.000    11.773    u_soc/Core_cpu/u_ifu_subsys/u_ibuf/ent_q[1][41]_i_1_n_0
    SLICE_X14Y57         FDRE                                         r  u_soc/Core_cpu/u_ifu_subsys/u_ibuf/ent_q_reg[1][41]/D
  -------------------------------------------------------------------    -------------------

                         (clock clk rise edge)        7.000     7.000 r  
    AE23                                              0.000     7.000 r  clk (IN)
                         net (fo=0)                   0.000     7.000    clk
    AE23                 IBUF (Prop_ibuf_I_O)         0.660     7.660 r  clk_IBUF_inst/O
                         net (fo=1, routed)           2.516    10.176    clk_IBUF
    BUFGCTRL_X0Y0        BUFG (Prop_bufg_I_O)         0.083    10.259 r  u_bufg/O
                         net (fo=5747, routed)        1.506    11.765    u_soc/Core_cpu/u_ifu_subsys/u_ibuf/clk_buf
    SLICE_X14Y57         FDRE                                         r  u_soc/Core_cpu/u_ifu_subsys/u_ibuf/ent_q_reg[1][41]/C
                         clock pessimism              0.310    12.074    
                         clock uncertainty           -0.035    12.039    
    SLICE_X14Y57         FDRE (Setup_fdre_C_D)        0.066    12.105    u_soc/Core_cpu/u_ifu_subsys/u_ibuf/ent_q_reg[1][41]
  -------------------------------------------------------------------
                         required time                         12.105    
                         arrival time                         -11.773    
  -------------------------------------------------------------------
                         slack                                  0.332    




