
****** Vivado v2023.2 (64-bit)
  **** SW Build 4029153 on Fri Oct 13 20:13:54 MDT 2023
  **** IP Build 4028589 on Sat Oct 14 00:45:43 MDT 2023
  **** SharedData Build 4025554 on Tue Oct 10 17:18:54 MDT 2023
    ** Copyright 1986-2022 Xilinx, Inc. All Rights Reserved.
    ** Copyright 2022-2023 Advanced Micro Devices, Inc. All Rights Reserved.

source /tmp/gs/build_fmax_gs.tcl
# set PERIOD 12.2
# set MODE   "impl"
# set BIN    ""
# if {[llength $argv] >= 1} { set PERIOD [lindex $argv 0] }
# if {[llength $argv] >= 2} { set MODE   [lindex $argv 1] }
# if {[llength $argv] >= 3} { set BIN    [lindex $argv 2] }
# set SP   [file normalize /home/st-wangjun/project/RISCV_A910/synth]
# set ROOT [file normalize /home/st-wangjun/project/RISCV_A910]
# if {$BIN eq ""} { set BIN [file join $ROOT bin coremark.bin] }
# if {![file exists $BIN]} { error "镜像不存在: $BIN" }
# puts "================================================================"
================================================================
# puts "FMAX RUN: period=$PERIOD ns  mode=$MODE"
FMAX RUN: period=5.2 ns  mode=impl
# puts "ROOT=$ROOT"
ROOT=/home/st-wangjun/project/RISCV_A910
# puts "BIN =$BIN"
BIN =/home/st-wangjun/project/RISCV_A910/bin/coremark.bin
# puts "================================================================"
================================================================
# set PROJ_NAME "fmax_${MODE}_${PERIOD}ns_gs"
# set PROJ_DIR  [file join $SP "vivado" $PROJ_NAME]
# if {[file exists $PROJ_DIR]} {
#     if {[catch {file delete -force $PROJ_DIR} err]} {
#         error "工程目录存在且删不掉 (多半有进程占着): $err"
#     }
# }
# file mkdir $PROJ_DIR
# proc gen_hex_images {bin_path hex32_path hex128_path rows} {
#     set fh [open $bin_path rb]
#     set data [read $fh]
#     close $fh
# 
#     set need [expr {$rows * 4}]
#     if {[string length $data] < $need} {
#         append data [string repeat "\x00" [expr {$need - [string length $data]}]]
#     }
# 
#     binary scan $data c* bytes
#     set nwords [expr {[string length $data] / 4}]
# 
#     set words [list]
#     for {set i 0} {$i < $nwords} {incr i} {
#         set b0 [lindex $bytes [expr {$i*4    }]]
#         set b1 [lindex $bytes [expr {$i*4 + 1}]]
#         set b2 [lindex $bytes [expr {$i*4 + 2}]]
#         set b3 [lindex $bytes [expr {$i*4 + 3}]]
#         lappend words [expr {(($b3 & 0xff) << 24) | (($b2 & 0xff) << 16) |
#                              (($b1 & 0xff) <<  8) |  ($b0 & 0xff)}]
#     }
# 
#     set f1 [open $hex32_path w]
#     foreach w $words { puts $f1 [format %08x $w] }
#     close $f1
# 
#     set f2 [open $hex128_path w]
#     for {set i 0} {$i < $nwords} {incr i 4} {
#         puts $f2 [format "%08x%08x%08x%08x" \
#                   [lindex $words [expr {$i+3}]] [lindex $words [expr {$i+2}]] \
#                   [lindex $words [expr {$i+1}]] [lindex $words [expr {$i  }]]]
#     }
#     close $f2
# 
#     puts "HEX: $hex32_path ([expr {$nwords}] 字) + $hex128_path ([expr {$nwords/4}] 块)"
# }
# set HEX_ROWS 16384
# set hex32  [file join $PROJ_DIR meminit.hex]
# set hex128 [file join $PROJ_DIR meminit128.hex]
# gen_hex_images $BIN $hex32 $hex128 $HEX_ROWS
HEX: /home/st-wangjun/project/RISCV_A910/synth/vivado/fmax_impl_5.2ns_gs/meminit.hex (16384 字) + /home/st-wangjun/project/RISCV_A910/synth/vivado/fmax_impl_5.2ns_gs/meminit128.hex (4096 块)
# create_project -force $PROJ_NAME $PROJ_DIR -part xc7k325tffg900-2
# set src_files {}
# foreach f [lsort [glob -nocomplain [file join $ROOT mySoC *.v]]] {
#     if {[file tail $f] eq "ifu_subsys.v"} { continue }
#     lappend src_files $f
# }
# foreach f [lsort [glob -nocomplain [file join $ROOT mySoC ifu2 rtl *.v]]] {
#     lappend src_files $f
# }
# lappend src_files [file join $SP top_fmax.v]
# add_files -norecurse $src_files
# set_property file_type SystemVerilog [get_files -of [get_filesets sources_1] *.v]
# set DEFS [list \
#     USE_IFU2 \
#     USE_IFU_ANY \
#     BP_GHR_W=8 \
#     REDIRECT_PIPE \
#     ICACHE_BYTES=1024 \
#     ICACHE_LINE_BYTES=16 \
#     ICACHE_LINE_16B \
#     PATHHEX=$hex32 \
#     PATH128=$hex128 \
# ]
# set_property verilog_define $DEFS [get_filesets sources_1]
# set_property include_dirs [list [file join $ROOT mySoC] [file join $ROOT vsrc]] [get_filesets sources_1]
# set_property top top_fmax [get_filesets sources_1]
# set xdc [file join $PROJ_DIR fmax_gen.xdc]
# set fh [open $xdc w]
# puts $fh "create_clock -name clk -period $PERIOD \[get_ports clk\]"
# puts $fh "set_input_delay  -clock clk 2.0 \[get_ports rst\]"
# puts $fh "set_false_path -to \[get_ports {o_dbg_pc o_dbg_value o_dbg_reg o_dbg_ena o_dbg_have}\]"
# close $fh
# add_files -fileset constrs_1 $xdc
# launch_runs synth_1 -jobs 8
WARNING: [Vivado 12-7122] Auto Incremental Compile:: No reference checkpoint was found in run synth_1. Auto-incremental flow will not be run, the standard flow will be run instead.
[Tue Sep 29 01:07:42 2026] Launched synth_1...
Run output will be captured here: /home/st-wangjun/project/RISCV_A910/synth/vivado/fmax_impl_5.2ns_gs/fmax_impl_5.2ns_gs.runs/synth_1/runme.log
# wait_on_run synth_1
[Tue Sep 29 01:07:42 2026] Waiting for synth_1 to finish...

*** Running vivado
    with args -log top_fmax.vds -m64 -product Vivado -mode batch -messageDb vivado.pb -notrace -source top_fmax.tcl


****** Vivado v2023.2 (64-bit)
  **** SW Build 4029153 on Fri Oct 13 20:13:54 MDT 2023
  **** IP Build 4028589 on Sat Oct 14 00:45:43 MDT 2023
  **** SharedData Build 4025554 on Tue Oct 10 17:18:54 MDT 2023
    ** Copyright 1986-2022 Xilinx, Inc. All Rights Reserved.
    ** Copyright 2022-2023 Advanced Micro Devices, Inc. All Rights Reserved.

source top_fmax.tcl -notrace
Command: synth_design -top top_fmax -part xc7k325tffg900-2
Starting synth_design
Attempting to get a license for feature 'Synthesis' and/or device 'xc7k325t'
INFO: [Common 17-349] Got license for feature 'Synthesis' and/or device 'xc7k325t'
INFO: [Device 21-403] Loading part xc7k325tffg900-2
INFO: [Synth 8-7079] Multithreading enabled for synth_design using a maximum of 4 processes.
INFO: [Synth 8-7078] Launching helper process for spawning children vivado processes
INFO: [Synth 8-7075] Helper process launched with PID 81674
---------------------------------------------------------------------------------
Starting RTL Elaboration : Time (s): cpu = 00:00:03 ; elapsed = 00:00:03 . Memory (MB): peak = 2208.309 ; gain = 407.820 ; free physical = 63717 ; free virtual = 943391
---------------------------------------------------------------------------------
INFO: [Synth 8-11241] undeclared symbol 'timer_int_flag', assumed default net type 'wire' [/home/st-wangjun/project/RISCV_A910/mySoC/miniRV_SoC.v:130]
WARNING: [Synth 8-8895] 'timer_int_flag' is already implicitly declared on line 130 [/home/st-wangjun/project/RISCV_A910/mySoC/miniRV_SoC.v:152]
INFO: [Synth 8-11241] undeclared symbol 'if_accept', assumed default net type 'wire' [/home/st-wangjun/project/RISCV_A910/mySoC/mycpu.v:340]
WARNING: [Synth 8-8895] 'if_accept' is already implicitly declared on line 340 [/home/st-wangjun/project/RISCV_A910/mySoC/mycpu.v:435]
WARNING: [Synth 8-11121] redeclaration of ANSI port 'q_hit' is not allowed [/home/st-wangjun/project/RISCV_A910/mySoC/ifu2/rtl/rv32ifu2_icache.v:124]
INFO: [Synth 8-6157] synthesizing module 'top_fmax' [/home/st-wangjun/project/RISCV_A910/synth/top_fmax.v:12]
INFO: [Synth 8-6157] synthesizing module 'BUFG' [/home/st-wangjun/hv/tools/Xilinx/Vivado/2023.2/scripts/rt/data/unisim_comp.v:1951]
INFO: [Synth 8-6155] done synthesizing module 'BUFG' (0#1) [/home/st-wangjun/hv/tools/Xilinx/Vivado/2023.2/scripts/rt/data/unisim_comp.v:1951]
INFO: [Synth 8-6157] synthesizing module 'miniRV_SoC' [/home/st-wangjun/project/RISCV_A910/mySoC/miniRV_SoC.v:60]
INFO: [Synth 8-6157] synthesizing module 'myCPU' [/home/st-wangjun/project/RISCV_A910/mySoC/mycpu.v:14]
INFO: [Synth 8-6157] synthesizing module 'rv32ifu2_top' [/home/st-wangjun/project/RISCV_A910/mySoC/ifu2/rtl/rv32ifu2_top.v:30]
	Parameter ICACHE_EN bound to: 1'b1 
	Parameter BP_EN bound to: 1'b1 
INFO: [Synth 8-6157] synthesizing module 'rv32ifu2_bht' [/home/st-wangjun/project/RISCV_A910/mySoC/ifu2/rtl/rv32ifu2_bht.v:24]
	Parameter ROW_AW bound to: 9 - type: integer 
	Parameter GHR_W bound to: 8 - type: integer 
	Parameter SLOTS bound to: 4 - type: integer 
INFO: [Synth 8-6155] done synthesizing module 'rv32ifu2_bht' (0#1) [/home/st-wangjun/project/RISCV_A910/mySoC/ifu2/rtl/rv32ifu2_bht.v:24]
INFO: [Synth 8-6157] synthesizing module 'rv32ifu2_icache' [/home/st-wangjun/project/RISCV_A910/mySoC/ifu2/rtl/rv32ifu2_icache.v:68]
	Parameter IC_BYTES bound to: 1024 - type: integer 
	Parameter IC_LINE bound to: 16 - type: integer 
	Parameter IC_WAYS bound to: 2 - type: integer 
	Parameter ICACHE_EN bound to: 1'b1 
INFO: [Synth 8-6157] synthesizing module 'rv32ifu2_spram' [/home/st-wangjun/project/RISCV_A910/mySoC/ifu2/rtl/rv32ifu2_spram.v:64]
	Parameter ADDR_W bound to: 5 - type: integer 
	Parameter DATA_W bound to: 24 - type: integer 
INFO: [Synth 8-6157] synthesizing module 'rv32ifu2_spram_prim' [/home/st-wangjun/project/RISCV_A910/mySoC/ifu2/rtl/rv32ifu2_spram.v:141]
	Parameter ADDR_W bound to: 5 - type: integer 
	Parameter DATA_W bound to: 24 - type: integer 
INFO: [Synth 8-6155] done synthesizing module 'rv32ifu2_spram_prim' (0#1) [/home/st-wangjun/project/RISCV_A910/mySoC/ifu2/rtl/rv32ifu2_spram.v:141]
INFO: [Synth 8-6155] done synthesizing module 'rv32ifu2_spram' (0#1) [/home/st-wangjun/project/RISCV_A910/mySoC/ifu2/rtl/rv32ifu2_spram.v:64]
INFO: [Synth 8-6157] synthesizing module 'rv32ifu2_spram__parameterized0' [/home/st-wangjun/project/RISCV_A910/mySoC/ifu2/rtl/rv32ifu2_spram.v:64]
	Parameter ADDR_W bound to: 5 - type: integer 
	Parameter DATA_W bound to: 128 - type: integer 
INFO: [Synth 8-6157] synthesizing module 'rv32ifu2_spram_prim__parameterized0' [/home/st-wangjun/project/RISCV_A910/mySoC/ifu2/rtl/rv32ifu2_spram.v:141]
	Parameter ADDR_W bound to: 5 - type: integer 
	Parameter DATA_W bound to: 128 - type: integer 
INFO: [Synth 8-6155] done synthesizing module 'rv32ifu2_spram_prim__parameterized0' (0#1) [/home/st-wangjun/project/RISCV_A910/mySoC/ifu2/rtl/rv32ifu2_spram.v:141]
INFO: [Synth 8-6155] done synthesizing module 'rv32ifu2_spram__parameterized0' (0#1) [/home/st-wangjun/project/RISCV_A910/mySoC/ifu2/rtl/rv32ifu2_spram.v:64]
INFO: [Synth 8-6155] done synthesizing module 'rv32ifu2_icache' (0#1) [/home/st-wangjun/project/RISCV_A910/mySoC/ifu2/rtl/rv32ifu2_icache.v:68]
INFO: [Synth 8-6157] synthesizing module 'rv32ifu2_refill' [/home/st-wangjun/project/RISCV_A910/mySoC/ifu2/rtl/rv32ifu2_refill.v:20]
	Parameter IC_LINE bound to: 16 - type: integer 
INFO: [Synth 8-6155] done synthesizing module 'rv32ifu2_refill' (0#1) [/home/st-wangjun/project/RISCV_A910/mySoC/ifu2/rtl/rv32ifu2_refill.v:20]
INFO: [Synth 8-6157] synthesizing module 'rv32ifu2_btb' [/home/st-wangjun/project/RISCV_A910/mySoC/ifu2/rtl/rv32ifu2_btb.v:27]
	Parameter ROW_AW bound to: 6 - type: integer 
	Parameter SLOTS bound to: 4 - type: integer 
INFO: [Synth 8-6155] done synthesizing module 'rv32ifu2_btb' (0#1) [/home/st-wangjun/project/RISCV_A910/mySoC/ifu2/rtl/rv32ifu2_btb.v:27]
INFO: [Synth 8-6157] synthesizing module 'rv32ifu2_ibuf' [/home/st-wangjun/project/RISCV_A910/mySoC/ifu2/rtl/rv32ifu2_ibuf.v:18]
	Parameter DEPTH bound to: 8 - type: integer 
	Parameter W bound to: 153 - type: integer 
INFO: [Synth 8-6155] done synthesizing module 'rv32ifu2_ibuf' (0#1) [/home/st-wangjun/project/RISCV_A910/mySoC/ifu2/rtl/rv32ifu2_ibuf.v:18]
INFO: [Synth 8-6157] synthesizing module 'rv32ifu2_ras' [/home/st-wangjun/project/RISCV_A910/mySoC/ifu2/rtl/rv32ifu2_ras.v:28]
	Parameter DEPTH bound to: 8 - type: integer 
	Parameter AW bound to: 3 - type: integer 
INFO: [Synth 8-6155] done synthesizing module 'rv32ifu2_ras' (0#1) [/home/st-wangjun/project/RISCV_A910/mySoC/ifu2/rtl/rv32ifu2_ras.v:28]
INFO: [Synth 8-6155] done synthesizing module 'rv32ifu2_top' (0#1) [/home/st-wangjun/project/RISCV_A910/mySoC/ifu2/rtl/rv32ifu2_top.v:30]
INFO: [Synth 8-6157] synthesizing module 'ifu_biu_mem' [/home/st-wangjun/project/RISCV_A910/mySoC/ifu_biu_mem.v:40]
INFO: [Synth 8-6157] synthesizing module 'sync_rom_1r1w' [/home/st-wangjun/project/RISCV_A910/mySoC/sync_mem.v:163]
	Parameter ADDR_W bound to: 12 - type: integer 
	Parameter DATA_W bound to: 128 - type: integer 
INFO: [Synth 8-6157] synthesizing module 'sync_rom_1r1w_prim' [/home/st-wangjun/project/RISCV_A910/mySoC/sync_mem.v:183]
	Parameter ADDR_W bound to: 12 - type: integer 
	Parameter DATA_W bound to: 128 - type: integer 
INFO: [Synth 8-3876] $readmem data file '/home/st-wangjun/project/RISCV_A910/synth/vivado/fmax_impl_5.2ns_gs/meminit128.hex' is read successfully [/home/st-wangjun/project/RISCV_A910/mySoC/sync_mem.v:196]
INFO: [Synth 8-6155] done synthesizing module 'sync_rom_1r1w_prim' (0#1) [/home/st-wangjun/project/RISCV_A910/mySoC/sync_mem.v:183]
INFO: [Synth 8-6155] done synthesizing module 'sync_rom_1r1w' (0#1) [/home/st-wangjun/project/RISCV_A910/mySoC/sync_mem.v:163]
INFO: [Synth 8-6155] done synthesizing module 'ifu_biu_mem' (0#1) [/home/st-wangjun/project/RISCV_A910/mySoC/ifu_biu_mem.v:40]
INFO: [Synth 8-6157] synthesizing module 'IF_ID' [/home/st-wangjun/project/RISCV_A910/mySoC/IF_ID.v:23]
INFO: [Synth 8-6155] done synthesizing module 'IF_ID' (0#1) [/home/st-wangjun/project/RISCV_A910/mySoC/IF_ID.v:23]
INFO: [Synth 8-6157] synthesizing module 'SEXT' [/home/st-wangjun/project/RISCV_A910/mySoC/SEXT.v:23]
INFO: [Synth 8-6155] done synthesizing module 'SEXT' (0#1) [/home/st-wangjun/project/RISCV_A910/mySoC/SEXT.v:23]
INFO: [Synth 8-6157] synthesizing module 'Control' [/home/st-wangjun/project/RISCV_A910/mySoC/Control.v:23]
INFO: [Synth 8-226] default block is never used [/home/st-wangjun/project/RISCV_A910/mySoC/Control.v:182]
INFO: [Synth 8-226] default block is never used [/home/st-wangjun/project/RISCV_A910/mySoC/Control.v:198]
INFO: [Synth 8-6155] done synthesizing module 'Control' (0#1) [/home/st-wangjun/project/RISCV_A910/mySoC/Control.v:23]
INFO: [Synth 8-6157] synthesizing module 'RegFile' [/home/st-wangjun/project/RISCV_A910/mySoC/RegFile.v:25]
INFO: [Synth 8-6155] done synthesizing module 'RegFile' (0#1) [/home/st-wangjun/project/RISCV_A910/mySoC/RegFile.v:25]
INFO: [Synth 8-6157] synthesizing module 'ALU_input_MUX' [/home/st-wangjun/project/RISCV_A910/mySoC/ALU_input_MUX.v:23]
INFO: [Synth 8-6155] done synthesizing module 'ALU_input_MUX' (0#1) [/home/st-wangjun/project/RISCV_A910/mySoC/ALU_input_MUX.v:23]
INFO: [Synth 8-6157] synthesizing module 'ID_EX' [/home/st-wangjun/project/RISCV_A910/mySoC/ID_EX.v:23]
INFO: [Synth 8-6155] done synthesizing module 'ID_EX' (0#1) [/home/st-wangjun/project/RISCV_A910/mySoC/ID_EX.v:23]
INFO: [Synth 8-6157] synthesizing module 'ALU' [/home/st-wangjun/project/RISCV_A910/mySoC/ALU.v:24]
INFO: [Synth 8-6155] done synthesizing module 'ALU' (0#1) [/home/st-wangjun/project/RISCV_A910/mySoC/ALU.v:24]
INFO: [Synth 8-6157] synthesizing module 'MUL_DIV' [/home/st-wangjun/project/RISCV_A910/mySoC/MUL_DIV.v:35]
	Parameter DATA_W bound to: 32 - type: integer 
	Parameter TAG_W bound to: 7 - type: integer 
INFO: [Synth 8-6157] synthesizing module 'mul_pipe' [/home/st-wangjun/project/RISCV_A910/mySoC/mul_pipe.v:35]
	Parameter TAG_W bound to: 7 - type: integer 
INFO: [Synth 8-6155] done synthesizing module 'mul_pipe' (0#1) [/home/st-wangjun/project/RISCV_A910/mySoC/mul_pipe.v:35]
INFO: [Synth 8-6157] synthesizing module 'div_pipe' [/home/st-wangjun/project/RISCV_A910/mySoC/div_pipe.v:54]
	Parameter TAG_W bound to: 7 - type: integer 
INFO: [Synth 8-6155] done synthesizing module 'div_pipe' (0#1) [/home/st-wangjun/project/RISCV_A910/mySoC/div_pipe.v:54]
INFO: [Synth 8-6155] done synthesizing module 'MUL_DIV' (0#1) [/home/st-wangjun/project/RISCV_A910/mySoC/MUL_DIV.v:35]
INFO: [Synth 8-6157] synthesizing module 'EX_wD_MUX1' [/home/st-wangjun/project/RISCV_A910/mySoC/EX_wD_MUX1.v:23]
INFO: [Synth 8-6155] done synthesizing module 'EX_wD_MUX1' (0#1) [/home/st-wangjun/project/RISCV_A910/mySoC/EX_wD_MUX1.v:23]
INFO: [Synth 8-6157] synthesizing module 'CSR' [/home/st-wangjun/project/RISCV_A910/mySoC/CSR.v:18]
INFO: [Synth 8-6155] done synthesizing module 'CSR' (0#1) [/home/st-wangjun/project/RISCV_A910/mySoC/CSR.v:18]
INFO: [Synth 8-6157] synthesizing module 'EX_MEM' [/home/st-wangjun/project/RISCV_A910/mySoC/EX_MEM.v:23]
INFO: [Synth 8-6155] done synthesizing module 'EX_MEM' (0#1) [/home/st-wangjun/project/RISCV_A910/mySoC/EX_MEM.v:23]
WARNING: [Synth 8-7071] port 'mem_csr_we' of module 'EX_MEM' is unconnected for instance 'U_EX_MEM' [/home/st-wangjun/project/RISCV_A910/mySoC/mycpu.v:971]
WARNING: [Synth 8-7023] instance 'U_EX_MEM' of module 'EX_MEM' has 38 connections declared, but only 37 given [/home/st-wangjun/project/RISCV_A910/mySoC/mycpu.v:971]
INFO: [Synth 8-6157] synthesizing module 'MEM' [/home/st-wangjun/project/RISCV_A910/mySoC/MEM.v:23]
INFO: [Synth 8-226] default block is never used [/home/st-wangjun/project/RISCV_A910/mySoC/MEM.v:47]
INFO: [Synth 8-226] default block is never used [/home/st-wangjun/project/RISCV_A910/mySoC/MEM.v:52]
INFO: [Synth 8-226] default block is never used [/home/st-wangjun/project/RISCV_A910/mySoC/MEM.v:61]
INFO: [Synth 8-226] default block is never used [/home/st-wangjun/project/RISCV_A910/mySoC/MEM.v:89]
INFO: [Synth 8-6155] done synthesizing module 'MEM' (0#1) [/home/st-wangjun/project/RISCV_A910/mySoC/MEM.v:23]
INFO: [Synth 8-6157] synthesizing module 'MEM_wD_MUX' [/home/st-wangjun/project/RISCV_A910/mySoC/MEM_wD_MUX.v:23]
INFO: [Synth 8-6155] done synthesizing module 'MEM_wD_MUX' (0#1) [/home/st-wangjun/project/RISCV_A910/mySoC/MEM_wD_MUX.v:23]
INFO: [Synth 8-6157] synthesizing module 'MEM_WB' [/home/st-wangjun/project/RISCV_A910/mySoC/MEM_WB.v:23]
INFO: [Synth 8-6155] done synthesizing module 'MEM_WB' (0#1) [/home/st-wangjun/project/RISCV_A910/mySoC/MEM_WB.v:23]
INFO: [Synth 8-6157] synthesizing module 'Hazard_Detection' [/home/st-wangjun/project/RISCV_A910/mySoC/Hazard_Detection.v:21]
INFO: [Synth 8-6155] done synthesizing module 'Hazard_Detection' (0#1) [/home/st-wangjun/project/RISCV_A910/mySoC/Hazard_Detection.v:21]
INFO: [Synth 8-6155] done synthesizing module 'myCPU' (0#1) [/home/st-wangjun/project/RISCV_A910/mySoC/mycpu.v:14]
INFO: [Synth 8-6157] synthesizing module 'perip_bridge' [/home/st-wangjun/project/RISCV_A910/mySoC/perip_bridge.v:26]
INFO: [Synth 8-6155] done synthesizing module 'perip_bridge' (0#1) [/home/st-wangjun/project/RISCV_A910/mySoC/perip_bridge.v:26]
INFO: [Synth 8-6157] synthesizing module 'sync_ram_1r1w' [/home/st-wangjun/project/RISCV_A910/mySoC/sync_mem.v:63]
	Parameter ADDR_W bound to: 14 - type: integer 
	Parameter DATA_W bound to: 32 - type: integer 
INFO: [Synth 8-6157] synthesizing module 'sync_ram_1r1w_prim' [/home/st-wangjun/project/RISCV_A910/mySoC/sync_mem.v:126]
	Parameter ADDR_W bound to: 14 - type: integer 
	Parameter DATA_W bound to: 32 - type: integer 
INFO: [Synth 8-3876] $readmem data file '/home/st-wangjun/project/RISCV_A910/synth/vivado/fmax_impl_5.2ns_gs/meminit.hex' is read successfully [/home/st-wangjun/project/RISCV_A910/mySoC/sync_mem.v:142]
INFO: [Synth 8-6155] done synthesizing module 'sync_ram_1r1w_prim' (0#1) [/home/st-wangjun/project/RISCV_A910/mySoC/sync_mem.v:126]
INFO: [Synth 8-6155] done synthesizing module 'sync_ram_1r1w' (0#1) [/home/st-wangjun/project/RISCV_A910/mySoC/sync_mem.v:63]
INFO: [Synth 8-6155] done synthesizing module 'miniRV_SoC' (0#1) [/home/st-wangjun/project/RISCV_A910/mySoC/miniRV_SoC.v:60]
INFO: [Synth 8-6155] done synthesizing module 'top_fmax' (0#1) [/home/st-wangjun/project/RISCV_A910/synth/top_fmax.v:12]
WARNING: [Synth 8-4767] Trying to implement RAM ' ' in registers. Block RAM or DRAM implementation is not possible; see log for reasons.
	1: RAM has multiple writes via different ports in same process. If RAM inferencing intended, write to one port per process. 
	2: Unable to determine number of words or word size in RAM. 
	3: No valid read/write found for RAM. 
RAM dissolved into registers
WARNING: [Synth 8-4767] Trying to implement RAM 'ent_q_reg' in registers. Block RAM or DRAM implementation is not possible; see log for reasons.
Reason is one or more of the following :
	1: RAM has multiple writes via different ports in same process. If RAM inferencing intended, write to one port per process. 
	2: Unable to determine number of words or word size in RAM. 
	3: No valid read/write found for RAM. 
RAM "ent_q_reg" dissolved into registers
WARNING: [Synth 8-6014] Unused sequential element op_r_reg was removed.  [/home/st-wangjun/project/RISCV_A910/mySoC/div_pipe.v:207]
WARNING: [Synth 8-3848] Net mem_csr_we in module/entity myCPU does not have driver. [/home/st-wangjun/project/RISCV_A910/mySoC/mycpu.v:193]
WARNING: [Synth 8-7129] Port flush_tag[6] in module MUL_DIV is either unconnected or has no load
WARNING: [Synth 8-7129] Port flush_tag[5] in module MUL_DIV is either unconnected or has no load
WARNING: [Synth 8-7129] Port flush_tag[4] in module MUL_DIV is either unconnected or has no load
WARNING: [Synth 8-7129] Port flush_tag[3] in module MUL_DIV is either unconnected or has no load
WARNING: [Synth 8-7129] Port flush_tag[2] in module MUL_DIV is either unconnected or has no load
WARNING: [Synth 8-7129] Port flush_tag[1] in module MUL_DIV is either unconnected or has no load
WARNING: [Synth 8-7129] Port flush_tag[0] in module MUL_DIV is either unconnected or has no load
WARNING: [Synth 8-7129] Port pop_num[3] in module rv32ifu2_ras is either unconnected or has no load
WARNING: [Synth 8-7129] Port rd_pc[31] in module rv32ifu2_btb is either unconnected or has no load
WARNING: [Synth 8-7129] Port rd_pc[30] in module rv32ifu2_btb is either unconnected or has no load
WARNING: [Synth 8-7129] Port rd_pc[29] in module rv32ifu2_btb is either unconnected or has no load
WARNING: [Synth 8-7129] Port rd_pc[28] in module rv32ifu2_btb is either unconnected or has no load
WARNING: [Synth 8-7129] Port rd_pc[27] in module rv32ifu2_btb is either unconnected or has no load
WARNING: [Synth 8-7129] Port rd_pc[26] in module rv32ifu2_btb is either unconnected or has no load
WARNING: [Synth 8-7129] Port rd_pc[25] in module rv32ifu2_btb is either unconnected or has no load
WARNING: [Synth 8-7129] Port rd_pc[24] in module rv32ifu2_btb is either unconnected or has no load
WARNING: [Synth 8-7129] Port rd_pc[23] in module rv32ifu2_btb is either unconnected or has no load
WARNING: [Synth 8-7129] Port rd_pc[22] in module rv32ifu2_btb is either unconnected or has no load
WARNING: [Synth 8-7129] Port rd_pc[21] in module rv32ifu2_btb is either unconnected or has no load
WARNING: [Synth 8-7129] Port rd_pc[20] in module rv32ifu2_btb is either unconnected or has no load
WARNING: [Synth 8-7129] Port rd_pc[19] in module rv32ifu2_btb is either unconnected or has no load
WARNING: [Synth 8-7129] Port rd_pc[18] in module rv32ifu2_btb is either unconnected or has no load
WARNING: [Synth 8-7129] Port rd_pc[17] in module rv32ifu2_btb is either unconnected or has no load
WARNING: [Synth 8-7129] Port rd_pc[16] in module rv32ifu2_btb is either unconnected or has no load
WARNING: [Synth 8-7129] Port rd_pc[3] in module rv32ifu2_btb is either unconnected or has no load
WARNING: [Synth 8-7129] Port rd_pc[2] in module rv32ifu2_btb is either unconnected or has no load
WARNING: [Synth 8-7129] Port rd_pc[1] in module rv32ifu2_btb is either unconnected or has no load
WARNING: [Synth 8-7129] Port rd_pc[0] in module rv32ifu2_btb is either unconnected or has no load
WARNING: [Synth 8-7129] Port upd_pc[31] in module rv32ifu2_btb is either unconnected or has no load
WARNING: [Synth 8-7129] Port upd_pc[30] in module rv32ifu2_btb is either unconnected or has no load
WARNING: [Synth 8-7129] Port upd_pc[29] in module rv32ifu2_btb is either unconnected or has no load
WARNING: [Synth 8-7129] Port upd_pc[28] in module rv32ifu2_btb is either unconnected or has no load
WARNING: [Synth 8-7129] Port upd_pc[27] in module rv32ifu2_btb is either unconnected or has no load
WARNING: [Synth 8-7129] Port upd_pc[26] in module rv32ifu2_btb is either unconnected or has no load
WARNING: [Synth 8-7129] Port upd_pc[25] in module rv32ifu2_btb is either unconnected or has no load
WARNING: [Synth 8-7129] Port upd_pc[24] in module rv32ifu2_btb is either unconnected or has no load
WARNING: [Synth 8-7129] Port upd_pc[23] in module rv32ifu2_btb is either unconnected or has no load
WARNING: [Synth 8-7129] Port upd_pc[22] in module rv32ifu2_btb is either unconnected or has no load
WARNING: [Synth 8-7129] Port upd_pc[21] in module rv32ifu2_btb is either unconnected or has no load
WARNING: [Synth 8-7129] Port upd_pc[20] in module rv32ifu2_btb is either unconnected or has no load
WARNING: [Synth 8-7129] Port upd_pc[19] in module rv32ifu2_btb is either unconnected or has no load
WARNING: [Synth 8-7129] Port upd_pc[18] in module rv32ifu2_btb is either unconnected or has no load
WARNING: [Synth 8-7129] Port upd_pc[17] in module rv32ifu2_btb is either unconnected or has no load
WARNING: [Synth 8-7129] Port upd_pc[16] in module rv32ifu2_btb is either unconnected or has no load
WARNING: [Synth 8-7129] Port upd_pc[1] in module rv32ifu2_btb is either unconnected or has no load
WARNING: [Synth 8-7129] Port upd_pc[0] in module rv32ifu2_btb is either unconnected or has no load
WARNING: [Synth 8-7129] Port upd_target[31] in module rv32ifu2_btb is either unconnected or has no load
WARNING: [Synth 8-7129] Port upd_target[30] in module rv32ifu2_btb is either unconnected or has no load
WARNING: [Synth 8-7129] Port upd_target[29] in module rv32ifu2_btb is either unconnected or has no load
WARNING: [Synth 8-7129] Port upd_target[28] in module rv32ifu2_btb is either unconnected or has no load
WARNING: [Synth 8-7129] Port upd_target[27] in module rv32ifu2_btb is either unconnected or has no load
WARNING: [Synth 8-7129] Port upd_target[26] in module rv32ifu2_btb is either unconnected or has no load
WARNING: [Synth 8-7129] Port upd_target[25] in module rv32ifu2_btb is either unconnected or has no load
WARNING: [Synth 8-7129] Port upd_target[24] in module rv32ifu2_btb is either unconnected or has no load
WARNING: [Synth 8-7129] Port upd_target[23] in module rv32ifu2_btb is either unconnected or has no load
WARNING: [Synth 8-7129] Port upd_target[22] in module rv32ifu2_btb is either unconnected or has no load
WARNING: [Synth 8-7129] Port upd_target[21] in module rv32ifu2_btb is either unconnected or has no load
WARNING: [Synth 8-7129] Port upd_target[20] in module rv32ifu2_btb is either unconnected or has no load
WARNING: [Synth 8-7129] Port upd_target[19] in module rv32ifu2_btb is either unconnected or has no load
WARNING: [Synth 8-7129] Port upd_target[18] in module rv32ifu2_btb is either unconnected or has no load
WARNING: [Synth 8-7129] Port upd_target[17] in module rv32ifu2_btb is either unconnected or has no load
WARNING: [Synth 8-7129] Port upd_target[16] in module rv32ifu2_btb is either unconnected or has no load
WARNING: [Synth 8-7129] Port upd_jal in module rv32ifu2_btb is either unconnected or has no load
WARNING: [Synth 8-7129] Port upd_jalr in module rv32ifu2_btb is either unconnected or has no load
WARNING: [Synth 8-7129] Port req_pc[3] in module rv32ifu2_refill is either unconnected or has no load
WARNING: [Synth 8-7129] Port req_pc[2] in module rv32ifu2_refill is either unconnected or has no load
WARNING: [Synth 8-7129] Port req_pc[1] in module rv32ifu2_refill is either unconnected or has no load
WARNING: [Synth 8-7129] Port req_pc[0] in module rv32ifu2_refill is either unconnected or has no load
WARNING: [Synth 8-7129] Port biu_rd_rid in module rv32ifu2_refill is either unconnected or has no load
WARNING: [Synth 8-7129] Port biu_rd_last in module rv32ifu2_refill is either unconnected or has no load
WARNING: [Synth 8-7129] Port biu_rd_resp[1] in module rv32ifu2_refill is either unconnected or has no load
WARNING: [Synth 8-7129] Port biu_rd_resp[0] in module rv32ifu2_refill is either unconnected or has no load
WARNING: [Synth 8-7129] Port refill_pc[3] in module rv32ifu2_icache is either unconnected or has no load
WARNING: [Synth 8-7129] Port refill_pc[2] in module rv32ifu2_icache is either unconnected or has no load
WARNING: [Synth 8-7129] Port refill_pc[1] in module rv32ifu2_icache is either unconnected or has no load
WARNING: [Synth 8-7129] Port refill_pc[0] in module rv32ifu2_icache is either unconnected or has no load
WARNING: [Synth 8-7129] Port rd_pc[31] in module rv32ifu2_bht is either unconnected or has no load
WARNING: [Synth 8-7129] Port rd_pc[30] in module rv32ifu2_bht is either unconnected or has no load
WARNING: [Synth 8-7129] Port rd_pc[29] in module rv32ifu2_bht is either unconnected or has no load
WARNING: [Synth 8-7129] Port rd_pc[28] in module rv32ifu2_bht is either unconnected or has no load
WARNING: [Synth 8-7129] Port rd_pc[27] in module rv32ifu2_bht is either unconnected or has no load
WARNING: [Synth 8-7129] Port rd_pc[26] in module rv32ifu2_bht is either unconnected or has no load
WARNING: [Synth 8-7129] Port rd_pc[25] in module rv32ifu2_bht is either unconnected or has no load
WARNING: [Synth 8-7129] Port rd_pc[24] in module rv32ifu2_bht is either unconnected or has no load
WARNING: [Synth 8-7129] Port rd_pc[23] in module rv32ifu2_bht is either unconnected or has no load
WARNING: [Synth 8-7129] Port rd_pc[22] in module rv32ifu2_bht is either unconnected or has no load
WARNING: [Synth 8-7129] Port rd_pc[21] in module rv32ifu2_bht is either unconnected or has no load
WARNING: [Synth 8-7129] Port rd_pc[20] in module rv32ifu2_bht is either unconnected or has no load
WARNING: [Synth 8-7129] Port rd_pc[19] in module rv32ifu2_bht is either unconnected or has no load
WARNING: [Synth 8-7129] Port rd_pc[18] in module rv32ifu2_bht is either unconnected or has no load
WARNING: [Synth 8-7129] Port rd_pc[17] in module rv32ifu2_bht is either unconnected or has no load
WARNING: [Synth 8-7129] Port rd_pc[16] in module rv32ifu2_bht is either unconnected or has no load
WARNING: [Synth 8-7129] Port rd_pc[15] in module rv32ifu2_bht is either unconnected or has no load
WARNING: [Synth 8-7129] Port rd_pc[14] in module rv32ifu2_bht is either unconnected or has no load
WARNING: [Synth 8-7129] Port rd_pc[13] in module rv32ifu2_bht is either unconnected or has no load
WARNING: [Synth 8-7129] Port rd_pc[3] in module rv32ifu2_bht is either unconnected or has no load
WARNING: [Synth 8-7129] Port rd_pc[2] in module rv32ifu2_bht is either unconnected or has no load
WARNING: [Synth 8-7129] Port rd_pc[1] in module rv32ifu2_bht is either unconnected or has no load
WARNING: [Synth 8-7129] Port rd_pc[0] in module rv32ifu2_bht is either unconnected or has no load
WARNING: [Synth 8-7129] Port upd_pc[31] in module rv32ifu2_bht is either unconnected or has no load
INFO: [Common 17-14] Message 'Synth 8-7129' appears 100 times and further instances of the messages will be disabled. Use the Tcl command set_msg_config to change the current settings.
---------------------------------------------------------------------------------
Finished RTL Elaboration : Time (s): cpu = 00:00:05 ; elapsed = 00:00:05 . Memory (MB): peak = 2356.355 ; gain = 555.867 ; free physical = 62635 ; free virtual = 942334
---------------------------------------------------------------------------------
---------------------------------------------------------------------------------
Start Handling Custom Attributes
---------------------------------------------------------------------------------
---------------------------------------------------------------------------------
Finished Handling Custom Attributes : Time (s): cpu = 00:00:05 ; elapsed = 00:00:05 . Memory (MB): peak = 2365.254 ; gain = 564.766 ; free physical = 62592 ; free virtual = 942328
---------------------------------------------------------------------------------
---------------------------------------------------------------------------------
Finished RTL Optimization Phase 1 : Time (s): cpu = 00:00:05 ; elapsed = 00:00:05 . Memory (MB): peak = 2365.254 ; gain = 564.766 ; free physical = 62592 ; free virtual = 942328
---------------------------------------------------------------------------------
Netlist sorting complete. Time (s): cpu = 00:00:00.1 ; elapsed = 00:00:00.1 . Memory (MB): peak = 2371.191 ; gain = 0.000 ; free physical = 62614 ; free virtual = 942301
INFO: [Project 1-570] Preparing netlist for logic optimization

Processing XDC Constraints
Initializing timing engine
Parsing XDC File [/home/st-wangjun/project/RISCV_A910/synth/vivado/fmax_impl_5.2ns_gs/fmax_gen.xdc]
Finished Parsing XDC File [/home/st-wangjun/project/RISCV_A910/synth/vivado/fmax_impl_5.2ns_gs/fmax_gen.xdc]
Completed Processing XDC Constraints

Netlist sorting complete. Time (s): cpu = 00:00:00 ; elapsed = 00:00:00 . Memory (MB): peak = 2548.660 ; gain = 0.000 ; free physical = 62524 ; free virtual = 942211
INFO: [Project 1-111] Unisim Transformation Summary:
No Unisim elements were transformed.

Constraint Validation Runtime : Time (s): cpu = 00:00:00.26 ; elapsed = 00:00:00.06 . Memory (MB): peak = 2548.660 ; gain = 0.000 ; free physical = 62497 ; free virtual = 942183
---------------------------------------------------------------------------------
Finished Constraint Validation : Time (s): cpu = 00:00:13 ; elapsed = 00:00:12 . Memory (MB): peak = 2548.660 ; gain = 748.172 ; free physical = 62504 ; free virtual = 942190
---------------------------------------------------------------------------------
---------------------------------------------------------------------------------
Start Loading Part and Timing Information
---------------------------------------------------------------------------------
Loading part: xc7k325tffg900-2
---------------------------------------------------------------------------------
Finished Loading Part and Timing Information : Time (s): cpu = 00:00:13 ; elapsed = 00:00:12 . Memory (MB): peak = 2548.660 ; gain = 748.172 ; free physical = 62504 ; free virtual = 942190
---------------------------------------------------------------------------------
---------------------------------------------------------------------------------
Start Applying 'set_property' XDC Constraints
---------------------------------------------------------------------------------
---------------------------------------------------------------------------------
Finished applying 'set_property' XDC Constraints : Time (s): cpu = 00:00:13 ; elapsed = 00:00:12 . Memory (MB): peak = 2548.660 ; gain = 748.172 ; free physical = 62504 ; free virtual = 942191
---------------------------------------------------------------------------------
INFO: [Synth 8-802] inferred FSM for state register 'state_q_reg' in module 'rv32ifu2_refill'
INFO: [Synth 8-802] inferred FSM for state register 'state_reg' in module 'div_pipe'
---------------------------------------------------------------------------------------------------
                   State |                     New Encoding |                Previous Encoding 
---------------------------------------------------------------------------------------------------
                  S_IDLE |                              001 |                               00
                   S_REQ |                              010 |                               01
                  S_WAIT |                              100 |                               10
---------------------------------------------------------------------------------------------------
INFO: [Synth 8-3354] encoded FSM with state register 'state_q_reg' using encoding 'one-hot' in module 'rv32ifu2_refill'
---------------------------------------------------------------------------------------------------
                   State |                     New Encoding |                Previous Encoding 
---------------------------------------------------------------------------------------------------
                 ST_IDLE |                            00001 |                              000
                 ST_PREP |                            00010 |                              001
                 ST_ITER |                            00100 |                              010
                ST_FIXUP |                            01000 |                              011
                  iSTATE |                            10000 |                              100
*
---------------------------------------------------------------------------------------------------
INFO: [Synth 8-3354] encoded FSM with state register 'state_reg' using encoding 'one-hot' in module 'div_pipe'
---------------------------------------------------------------------------------
Finished RTL Optimization Phase 2 : Time (s): cpu = 00:00:15 ; elapsed = 00:00:15 . Memory (MB): peak = 2548.660 ; gain = 748.172 ; free physical = 62421 ; free virtual = 942121
---------------------------------------------------------------------------------
---------------------------------------------------------------------------------
Start RTL Component Statistics 
---------------------------------------------------------------------------------
Detailed RTL Component Info : 
+---Adders : 
	   3 Input   64 Bit       Adders := 1     
	   3 Input   35 Bit       Adders := 3     
	   2 Input   34 Bit       Adders := 1     
	   2 Input   32 Bit       Adders := 16    
	   3 Input   32 Bit       Adders := 1     
	   2 Input   10 Bit       Adders := 1     
	   2 Input    7 Bit       Adders := 1     
	   3 Input    7 Bit       Adders := 1     
	   2 Input    6 Bit       Adders := 2     
	   4 Input    5 Bit       Adders := 1     
	   2 Input    4 Bit       Adders := 1     
	   3 Input    4 Bit       Adders := 1     
	   2 Input    3 Bit       Adders := 6     
	   3 Input    3 Bit       Adders := 3     
	   4 Input    3 Bit       Adders := 1     
	   2 Input    2 Bit       Adders := 5     
+---XORs : 
	   3 Input     64 Bit         XORs := 17    
	   2 Input     32 Bit         XORs := 1     
	   2 Input      9 Bit         XORs := 2     
	   2 Input      1 Bit         XORs := 32    
+---Registers : 
	              153 Bit    Registers := 8     
	              128 Bit    Registers := 5     
	               64 Bit    Registers := 6     
	               34 Bit    Registers := 1     
	               33 Bit    Registers := 1     
	               32 Bit    Registers := 86    
	               25 Bit    Registers := 2     
	               24 Bit    Registers := 4     
	               12 Bit    Registers := 1     
	               10 Bit    Registers := 1     
	                9 Bit    Registers := 1     
	                8 Bit    Registers := 2     
	                7 Bit    Registers := 5     
	                6 Bit    Registers := 4     
	                5 Bit    Registers := 6     
	                4 Bit    Registers := 7     
	                3 Bit    Registers := 4     
	                2 Bit    Registers := 9     
	                1 Bit    Registers := 57    
+---RAMs : 
	             512K Bit	(16384 X 32 bit)          RAMs := 1     
	               4K Bit	(512 X 8 bit)          RAMs := 1     
	               4K Bit	(32 X 128 bit)          RAMs := 2     
	               4K Bit	(64 X 64 bit)          RAMs := 1     
	              768 Bit	(32 X 24 bit)          RAMs := 2     
	              448 Bit	(64 X 7 bit)          RAMs := 1     
+---ROMs : 
	                    ROMs := 1     
+---Muxes : 
	   2 Input 1224 Bit        Muxes := 2     
	   2 Input  153 Bit        Muxes := 40    
	   2 Input  128 Bit        Muxes := 5     
	   2 Input   64 Bit        Muxes := 6     
	   4 Input   64 Bit        Muxes := 1     
	   2 Input   34 Bit        Muxes := 34    
	   2 Input   33 Bit        Muxes := 1     
	   2 Input   32 Bit        Muxes := 144   
	   4 Input   32 Bit        Muxes := 12    
	   8 Input   32 Bit        Muxes := 1     
	  17 Input   32 Bit        Muxes := 1     
	   3 Input   32 Bit        Muxes := 1     
	   2 Input   25 Bit        Muxes := 3     
	   2 Input   24 Bit        Muxes := 2     
	   4 Input   16 Bit        Muxes := 2     
	   2 Input   16 Bit        Muxes := 12    
	   2 Input   12 Bit        Muxes := 1     
	   2 Input    9 Bit        Muxes := 1     
	   2 Input    8 Bit        Muxes := 9     
	   4 Input    8 Bit        Muxes := 1     
	   2 Input    7 Bit        Muxes := 2     
	   2 Input    6 Bit        Muxes := 2     
	   2 Input    5 Bit        Muxes := 6     
	  11 Input    5 Bit        Muxes := 1     
	   7 Input    5 Bit        Muxes := 1     
	   2 Input    4 Bit        Muxes := 11    
	   8 Input    4 Bit        Muxes := 2     
	   7 Input    4 Bit        Muxes := 1     
	   6 Input    4 Bit        Muxes := 1     
	   2 Input    3 Bit        Muxes := 10    
	   5 Input    3 Bit        Muxes := 2     
	  11 Input    3 Bit        Muxes := 1     
	   6 Input    3 Bit        Muxes := 1     
	   4 Input    3 Bit        Muxes := 2     
	   8 Input    3 Bit        Muxes := 1     
	   4 Input    2 Bit        Muxes := 3     
	   2 Input    2 Bit        Muxes := 21    
	  11 Input    2 Bit        Muxes := 4     
	   3 Input    2 Bit        Muxes := 4     
	   3 Input    1 Bit        Muxes := 46    
	   2 Input    1 Bit        Muxes := 283   
	  11 Input    1 Bit        Muxes := 4     
	  16 Input    1 Bit        Muxes := 1     
	   8 Input    1 Bit        Muxes := 7     
	   5 Input    1 Bit        Muxes := 1     
---------------------------------------------------------------------------------
Finished RTL Component Statistics 
---------------------------------------------------------------------------------
---------------------------------------------------------------------------------
Start Part Resource Summary
---------------------------------------------------------------------------------
Part Resources:
DSPs: 840 (col length:140)
BRAMs: 890 (col length: RAMB18 140 RAMB36 70)
---------------------------------------------------------------------------------
Finished Part Resource Summary
---------------------------------------------------------------------------------
---------------------------------------------------------------------------------
Start Cross Boundary and Area Optimization
---------------------------------------------------------------------------------
WARNING: [Synth 8-7080] Parallel synthesis criteria is not met
INFO: [Synth 8-6851] RAM (dat_q_reg) has partial Byte Wide Write Enable pattern, however no output register found in fanout of RAM. Recommended to use supported Byte Wide Write Enable template. 
INFO: [Synth 8-6851] RAM (dat_q_reg) has partial Byte Wide Write Enable pattern, however no output register found in fanout of RAM. Recommended to use supported Byte Wide Write Enable template. 
---------------------------------------------------------------------------------
Finished Cross Boundary and Area Optimization : Time (s): cpu = 00:01:06 ; elapsed = 00:01:07 . Memory (MB): peak = 2696.699 ; gain = 896.211 ; free physical = 60589 ; free virtual = 940390
---------------------------------------------------------------------------------
---------------------------------------------------------------------------------
Start ROM, RAM, DSP, Shift Register and Retiming Reporting
---------------------------------------------------------------------------------

ROM: Preliminary Mapping Report
+------------+-------------------------------------+---------------+----------------+
|Module Name | RTL Object                          | Depth x Width | Implemented As | 
+------------+-------------------------------------+---------------+----------------+
|top_fmax    | u_ifu_biu_mem/u_rom/u_prim/rd_q_reg | 4096x128      | Block RAM      | 
+------------+-------------------------------------+---------------+----------------+


Block RAM: Preliminary Mapping Report (see note below)
+----------------------------------+-----------------------------+------------------------+---+---+------------------------+---+---+------------------+--------+--------+
|Module Name                       | RTL Object                  | PORT A (Depth x Width) | W | R | PORT B (Depth x Width) | W | R | Ports driving FF | RAMB18 | RAMB36 | 
+----------------------------------+-----------------------------+------------------------+---+---+------------------------+---+---+------------------+--------+--------+
|Core_cpui_0/u_ifu_subsys/u_icache | u_dat_way0/u_prim/mem_q_reg | 32 x 128(READ_FIRST)   | W |   | 32 x 128(WRITE_FIRST)  |   | R | Port A and B     | 0      | 2      | 
|Core_cpui_0/u_ifu_subsys/u_icache | u_dat_way1/u_prim/mem_q_reg | 32 x 128(READ_FIRST)   | W |   | 32 x 128(WRITE_FIRST)  |   | R | Port A and B     | 0      | 2      | 
|top_fmax                          | Mem_DRAM/u_prim/mem_reg     | 16 K x 32(READ_FIRST)  | W |   | 16 K x 32(WRITE_FIRST) |   | R | Port A and B     | 0      | 16     | 
+----------------------------------+-----------------------------+------------------------+---+---+------------------------+---+---+------------------+--------+--------+

Note: The table above is a preliminary report that shows the Block RAMs at the current stage of the synthesis flow. Some Block RAMs may be reimplemented as non Block RAM primitives later in the synthesis flow. Multiple instantiated Block RAMs are reported only once. 

Distributed RAM: Preliminary Mapping Report (see note below)
+------------------------------------------+-----------------------------+-----------+----------------------+----------------+
|Module Name                               | RTL Object                  | Inference | Size (Depth x Width) | Primitives     | 
+------------------------------------------+-----------------------------+-----------+----------------------+----------------+
|Core_cpui_0/u_ifu_subsys/\g_gshare.u_bht  | ctr_q_reg                   | Implied   | 512 x 8              | RAM64M x 48    | 
|Core_cpui_0/u_ifu_subsys/u_icache         | u_tag_way0/u_prim/mem_q_reg | Implied   | 32 x 24              | RAM32M x 4     | 
|Core_cpui_0/u_ifu_subsys/u_icache         | u_tag_way1/u_prim/mem_q_reg | Implied   | 32 x 24              | RAM32M x 4     | 
|Core_cpui_0/u_ifu_subsys/u_btb            | tag_q_reg                   | Implied   | 64 x 7               | RAM64M x 6     | 
|Core_cpui_0/u_ifu_subsys/u_btb            | dat_q_reg                   | Implied   | 64 x 64              | RAM64X1D x 64  | 
+------------------------------------------+-----------------------------+-----------+----------------------+----------------+

Note: The table above is a preliminary report that shows the Distributed RAMs at the current stage of the synthesis flow. Some Distributed RAMs may be reimplemented as non Distributed RAM primitives later in the synthesis flow. Multiple instantiated RAMs are reported only once.
---------------------------------------------------------------------------------
Finished ROM, RAM, DSP, Shift Register and Retiming Reporting
---------------------------------------------------------------------------------
---------------------------------------------------------------------------------
Start Applying XDC Timing Constraints
---------------------------------------------------------------------------------
---------------------------------------------------------------------------------
Finished Applying XDC Timing Constraints : Time (s): cpu = 00:01:11 ; elapsed = 00:01:11 . Memory (MB): peak = 2696.703 ; gain = 896.215 ; free physical = 60515 ; free virtual = 940319
---------------------------------------------------------------------------------
---------------------------------------------------------------------------------
Start Timing Optimization
---------------------------------------------------------------------------------
---------------------------------------------------------------------------------
Finished Timing Optimization : Time (s): cpu = 00:01:41 ; elapsed = 00:01:41 . Memory (MB): peak = 2846.699 ; gain = 1046.211 ; free physical = 59444 ; free virtual = 939250
---------------------------------------------------------------------------------
---------------------------------------------------------------------------------
Start ROM, RAM, DSP, Shift Register and Retiming Reporting
---------------------------------------------------------------------------------

Block RAM: Final Mapping Report
+----------------------------------+-----------------------------+------------------------+---+---+------------------------+---+---+------------------+--------+--------+
|Module Name                       | RTL Object                  | PORT A (Depth x Width) | W | R | PORT B (Depth x Width) | W | R | Ports driving FF | RAMB18 | RAMB36 | 
+----------------------------------+-----------------------------+------------------------+---+---+------------------------+---+---+------------------+--------+--------+
|Core_cpui_0/u_ifu_subsys/u_icache | u_dat_way0/u_prim/mem_q_reg | 32 x 128(READ_FIRST)   | W |   | 32 x 128(WRITE_FIRST)  |   | R | Port A and B     | 0      | 2      | 
|Core_cpui_0/u_ifu_subsys/u_icache | u_dat_way1/u_prim/mem_q_reg | 32 x 128(READ_FIRST)   | W |   | 32 x 128(WRITE_FIRST)  |   | R | Port A and B     | 0      | 2      | 
|top_fmax                          | Mem_DRAM/u_prim/mem_reg     | 16 K x 32(READ_FIRST)  | W |   | 16 K x 32(WRITE_FIRST) |   | R | Port A and B     | 0      | 16     | 
+----------------------------------+-----------------------------+------------------------+---+---+------------------------+---+---+------------------+--------+--------+


Distributed RAM: Final Mapping Report
+------------------------------------------+-----------------------------+-----------+----------------------+----------------+
|Module Name                               | RTL Object                  | Inference | Size (Depth x Width) | Primitives     | 
+------------------------------------------+-----------------------------+-----------+----------------------+----------------+
|Core_cpui_0/u_ifu_subsys/\g_gshare.u_bht  | ctr_q_reg                   | Implied   | 512 x 8              | RAM64M x 48    | 
|Core_cpui_0/u_ifu_subsys/u_icache         | u_tag_way0/u_prim/mem_q_reg | Implied   | 32 x 24              | RAM32M x 4     | 
|Core_cpui_0/u_ifu_subsys/u_icache         | u_tag_way1/u_prim/mem_q_reg | Implied   | 32 x 24              | RAM32M x 4     | 
|Core_cpui_0/u_ifu_subsys/u_btb            | tag_q_reg                   | Implied   | 64 x 7               | RAM64M x 6     | 
|Core_cpui_0/u_ifu_subsys/u_btb            | dat_q_reg                   | Implied   | 64 x 64              | RAM64X1D x 64  | 
+------------------------------------------+-----------------------------+-----------+----------------------+----------------+

---------------------------------------------------------------------------------
Finished ROM, RAM, DSP, Shift Register and Retiming Reporting
---------------------------------------------------------------------------------
---------------------------------------------------------------------------------
Start Technology Mapping
---------------------------------------------------------------------------------
INFO: [Synth 8-7052] The timing for the instance u_soc/Core_cpu/u_ifu_subsys/u_icache/u_dat_way0/u_prim/mem_q_reg_0 (implemented as a Block RAM) might be sub-optimal as no optional output register could be merged into the ram block. Providing additional output register may help in improving timing.
INFO: [Synth 8-7052] The timing for the instance u_soc/Core_cpu/u_ifu_subsys/u_icache/u_dat_way0/u_prim/mem_q_reg_1 (implemented as a Block RAM) might be sub-optimal as no optional output register could be merged into the ram block. Providing additional output register may help in improving timing.
INFO: [Synth 8-7052] The timing for the instance u_soc/Core_cpu/u_ifu_subsys/u_icache/u_dat_way1/u_prim/mem_q_reg_0 (implemented as a Block RAM) might be sub-optimal as no optional output register could be merged into the ram block. Providing additional output register may help in improving timing.
INFO: [Synth 8-7052] The timing for the instance u_soc/Core_cpu/u_ifu_subsys/u_icache/u_dat_way1/u_prim/mem_q_reg_1 (implemented as a Block RAM) might be sub-optimal as no optional output register could be merged into the ram block. Providing additional output register may help in improving timing.
INFO: [Synth 8-7052] The timing for the instance u_soc/Core_cpu/u_ifu_biu_mem/u_rom/u_prim/rd_q_reg_0 (implemented as a Block RAM) might be sub-optimal as no optional output register could be merged into the ram block. Providing additional output register may help in improving timing.
INFO: [Synth 8-7052] The timing for the instance u_soc/Core_cpu/u_ifu_biu_mem/u_rom/u_prim/rd_q_reg_1 (implemented as a Block RAM) might be sub-optimal as no optional output register could be merged into the ram block. Providing additional output register may help in improving timing.
INFO: [Synth 8-7052] The timing for the instance u_soc/Core_cpu/u_ifu_biu_mem/u_rom/u_prim/rd_q_reg_2 (implemented as a Block RAM) might be sub-optimal as no optional output register could be merged into the ram block. Providing additional output register may help in improving timing.
INFO: [Synth 8-7052] The timing for the instance u_soc/Core_cpu/u_ifu_biu_mem/u_rom/u_prim/rd_q_reg_3 (implemented as a Block RAM) might be sub-optimal as no optional output register could be merged into the ram block. Providing additional output register may help in improving timing.
INFO: [Synth 8-7052] The timing for the instance u_soc/Core_cpu/u_ifu_biu_mem/u_rom/u_prim/rd_q_reg_4 (implemented as a Block RAM) might be sub-optimal as no optional output register could be merged into the ram block. Providing additional output register may help in improving timing.
INFO: [Synth 8-7052] The timing for the instance u_soc/Core_cpu/u_ifu_biu_mem/u_rom/u_prim/rd_q_reg_5 (implemented as a Block RAM) might be sub-optimal as no optional output register could be merged into the ram block. Providing additional output register may help in improving timing.
INFO: [Synth 8-7052] The timing for the instance u_soc/Core_cpu/u_ifu_biu_mem/u_rom/u_prim/rd_q_reg_6 (implemented as a Block RAM) might be sub-optimal as no optional output register could be merged into the ram block. Providing additional output register may help in improving timing.
INFO: [Synth 8-7052] The timing for the instance u_soc/Core_cpu/u_ifu_biu_mem/u_rom/u_prim/rd_q_reg_7 (implemented as a Block RAM) might be sub-optimal as no optional output register could be merged into the ram block. Providing additional output register may help in improving timing.
INFO: [Synth 8-7052] The timing for the instance u_soc/Core_cpu/u_ifu_biu_mem/u_rom/u_prim/rd_q_reg_8 (implemented as a Block RAM) might be sub-optimal as no optional output register could be merged into the ram block. Providing additional output register may help in improving timing.
INFO: [Synth 8-7052] The timing for the instance u_soc/Core_cpu/u_ifu_biu_mem/u_rom/u_prim/rd_q_reg_9 (implemented as a Block RAM) might be sub-optimal as no optional output register could be merged into the ram block. Providing additional output register may help in improving timing.
INFO: [Synth 8-7052] The timing for the instance u_soc/Core_cpu/u_ifu_biu_mem/u_rom/u_prim/rd_q_reg_10 (implemented as a Block RAM) might be sub-optimal as no optional output register could be merged into the ram block. Providing additional output register may help in improving timing.
INFO: [Synth 8-7052] The timing for the instance u_soc/Core_cpu/u_ifu_biu_mem/u_rom/u_prim/rd_q_reg_11 (implemented as a Block RAM) might be sub-optimal as no optional output register could be merged into the ram block. Providing additional output register may help in improving timing.
INFO: [Synth 8-7052] The timing for the instance u_soc/Core_cpu/u_ifu_biu_mem/u_rom/u_prim/rd_q_reg_12 (implemented as a Block RAM) might be sub-optimal as no optional output register could be merged into the ram block. Providing additional output register may help in improving timing.
INFO: [Synth 8-7052] The timing for the instance u_soc/Core_cpu/u_ifu_biu_mem/u_rom/u_prim/rd_q_reg_13 (implemented as a Block RAM) might be sub-optimal as no optional output register could be merged into the ram block. Providing additional output register may help in improving timing.
INFO: [Synth 8-7052] The timing for the instance u_soc/Core_cpu/u_ifu_biu_mem/u_rom/u_prim/rd_q_reg_14 (implemented as a Block RAM) might be sub-optimal as no optional output register could be merged into the ram block. Providing additional output register may help in improving timing.
INFO: [Synth 8-7052] The timing for the instance u_soc/Mem_DRAM/u_prim/mem_reg_0 (implemented as a Block RAM) might be sub-optimal as no optional output register could be merged into the ram block. Providing additional output register may help in improving timing.
INFO: [Synth 8-7052] The timing for the instance u_soc/Mem_DRAM/u_prim/mem_reg_1 (implemented as a Block RAM) might be sub-optimal as no optional output register could be merged into the ram block. Providing additional output register may help in improving timing.
INFO: [Synth 8-7052] The timing for the instance u_soc/Mem_DRAM/u_prim/mem_reg_2 (implemented as a Block RAM) might be sub-optimal as no optional output register could be merged into the ram block. Providing additional output register may help in improving timing.
INFO: [Synth 8-7052] The timing for the instance u_soc/Mem_DRAM/u_prim/mem_reg_3 (implemented as a Block RAM) might be sub-optimal as no optional output register could be merged into the ram block. Providing additional output register may help in improving timing.
INFO: [Synth 8-7052] The timing for the instance u_soc/Mem_DRAM/u_prim/mem_reg_4 (implemented as a Block RAM) might be sub-optimal as no optional output register could be merged into the ram block. Providing additional output register may help in improving timing.
INFO: [Synth 8-7052] The timing for the instance u_soc/Mem_DRAM/u_prim/mem_reg_5 (implemented as a Block RAM) might be sub-optimal as no optional output register could be merged into the ram block. Providing additional output register may help in improving timing.
INFO: [Synth 8-7052] The timing for the instance u_soc/Mem_DRAM/u_prim/mem_reg_6 (implemented as a Block RAM) might be sub-optimal as no optional output register could be merged into the ram block. Providing additional output register may help in improving timing.
INFO: [Synth 8-7052] The timing for the instance u_soc/Mem_DRAM/u_prim/mem_reg_7 (implemented as a Block RAM) might be sub-optimal as no optional output register could be merged into the ram block. Providing additional output register may help in improving timing.
INFO: [Synth 8-7052] The timing for the instance u_soc/Mem_DRAM/u_prim/mem_reg_8 (implemented as a Block RAM) might be sub-optimal as no optional output register could be merged into the ram block. Providing additional output register may help in improving timing.
INFO: [Synth 8-7052] The timing for the instance u_soc/Mem_DRAM/u_prim/mem_reg_9 (implemented as a Block RAM) might be sub-optimal as no optional output register could be merged into the ram block. Providing additional output register may help in improving timing.
INFO: [Synth 8-7052] The timing for the instance u_soc/Mem_DRAM/u_prim/mem_reg_10 (implemented as a Block RAM) might be sub-optimal as no optional output register could be merged into the ram block. Providing additional output register may help in improving timing.
INFO: [Synth 8-7052] The timing for the instance u_soc/Mem_DRAM/u_prim/mem_reg_11 (implemented as a Block RAM) might be sub-optimal as no optional output register could be merged into the ram block. Providing additional output register may help in improving timing.
INFO: [Synth 8-7052] The timing for the instance u_soc/Mem_DRAM/u_prim/mem_reg_12 (implemented as a Block RAM) might be sub-optimal as no optional output register could be merged into the ram block. Providing additional output register may help in improving timing.
INFO: [Synth 8-7052] The timing for the instance u_soc/Mem_DRAM/u_prim/mem_reg_13 (implemented as a Block RAM) might be sub-optimal as no optional output register could be merged into the ram block. Providing additional output register may help in improving timing.
INFO: [Synth 8-7052] The timing for the instance u_soc/Mem_DRAM/u_prim/mem_reg_14 (implemented as a Block RAM) might be sub-optimal as no optional output register could be merged into the ram block. Providing additional output register may help in improving timing.
INFO: [Synth 8-7052] The timing for the instance u_soc/Mem_DRAM/u_prim/mem_reg_15 (implemented as a Block RAM) might be sub-optimal as no optional output register could be merged into the ram block. Providing additional output register may help in improving timing.
---------------------------------------------------------------------------------
Finished Technology Mapping : Time (s): cpu = 00:01:46 ; elapsed = 00:01:47 . Memory (MB): peak = 2846.703 ; gain = 1046.215 ; free physical = 59395 ; free virtual = 939200
---------------------------------------------------------------------------------
---------------------------------------------------------------------------------
Start IO Insertion
---------------------------------------------------------------------------------
---------------------------------------------------------------------------------
Start Flattening Before IO Insertion
---------------------------------------------------------------------------------
---------------------------------------------------------------------------------
Finished Flattening Before IO Insertion
---------------------------------------------------------------------------------
---------------------------------------------------------------------------------
Start Final Netlist Cleanup
---------------------------------------------------------------------------------
---------------------------------------------------------------------------------
Finished Final Netlist Cleanup
---------------------------------------------------------------------------------
---------------------------------------------------------------------------------
Finished IO Insertion : Time (s): cpu = 00:01:50 ; elapsed = 00:01:51 . Memory (MB): peak = 2846.703 ; gain = 1046.215 ; free physical = 59390 ; free virtual = 939195
---------------------------------------------------------------------------------
---------------------------------------------------------------------------------
Start Renaming Generated Instances
---------------------------------------------------------------------------------
---------------------------------------------------------------------------------
Finished Renaming Generated Instances : Time (s): cpu = 00:01:50 ; elapsed = 00:01:51 . Memory (MB): peak = 2846.703 ; gain = 1046.215 ; free physical = 59390 ; free virtual = 939195
---------------------------------------------------------------------------------
---------------------------------------------------------------------------------
Start Rebuilding User Hierarchy
---------------------------------------------------------------------------------
---------------------------------------------------------------------------------
Finished Rebuilding User Hierarchy : Time (s): cpu = 00:01:52 ; elapsed = 00:01:52 . Memory (MB): peak = 2846.703 ; gain = 1046.215 ; free physical = 59394 ; free virtual = 939198
---------------------------------------------------------------------------------
---------------------------------------------------------------------------------
Start Renaming Generated Ports
---------------------------------------------------------------------------------
---------------------------------------------------------------------------------
Finished Renaming Generated Ports : Time (s): cpu = 00:01:52 ; elapsed = 00:01:52 . Memory (MB): peak = 2846.703 ; gain = 1046.215 ; free physical = 59394 ; free virtual = 939198
---------------------------------------------------------------------------------
---------------------------------------------------------------------------------
Start Handling Custom Attributes
---------------------------------------------------------------------------------
---------------------------------------------------------------------------------
Finished Handling Custom Attributes : Time (s): cpu = 00:01:52 ; elapsed = 00:01:53 . Memory (MB): peak = 2846.703 ; gain = 1046.215 ; free physical = 59394 ; free virtual = 939198
---------------------------------------------------------------------------------
---------------------------------------------------------------------------------
Start Renaming Generated Nets
---------------------------------------------------------------------------------
---------------------------------------------------------------------------------
Finished Renaming Generated Nets : Time (s): cpu = 00:01:52 ; elapsed = 00:01:53 . Memory (MB): peak = 2846.703 ; gain = 1046.215 ; free physical = 59394 ; free virtual = 939198
---------------------------------------------------------------------------------
---------------------------------------------------------------------------------
Start Writing Synthesis Report
---------------------------------------------------------------------------------

Report BlackBoxes: 
+-+--------------+----------+
| |BlackBox name |Instances |
+-+--------------+----------+
+-+--------------+----------+

Report Cell Usage: 
+------+---------+------+
|      |Cell     |Count |
+------+---------+------+
|1     |BUFG     |     1|
|2     |CARRY4   |   270|
|3     |LUT1     |   119|
|4     |LUT2     |   663|
|5     |LUT3     |   676|
|6     |LUT4     |   756|
|7     |LUT5     |  2396|
|8     |LUT6     |  5499|
|9     |MUXF7    |   594|
|10    |MUXF8    |   128|
|11    |RAM32M   |     8|
|12    |RAM64M   |    52|
|13    |RAM64X1D |    66|
|14    |RAMB18E1 |     1|
|15    |RAMB36E1 |    34|
|46    |FDCE     |  1854|
|47    |FDPE     |    19|
|48    |FDRE     |  2496|
|49    |FDSE     |     3|
|50    |IBUF     |     2|
|51    |OBUF     |    71|
+------+---------+------+
---------------------------------------------------------------------------------
Finished Writing Synthesis Report : Time (s): cpu = 00:01:52 ; elapsed = 00:01:53 . Memory (MB): peak = 2846.703 ; gain = 1046.215 ; free physical = 59394 ; free virtual = 939198
---------------------------------------------------------------------------------
Synthesis finished with 0 errors, 0 critical warnings and 1 warnings.
Synthesis Optimization Runtime : Time (s): cpu = 00:01:48 ; elapsed = 00:01:50 . Memory (MB): peak = 2846.703 ; gain = 862.809 ; free physical = 59394 ; free virtual = 939198
Synthesis Optimization Complete : Time (s): cpu = 00:01:52 ; elapsed = 00:01:53 . Memory (MB): peak = 2846.707 ; gain = 1046.215 ; free physical = 59394 ; free virtual = 939198
INFO: [Project 1-571] Translating synthesized netlist
Netlist sorting complete. Time (s): cpu = 00:00:00.09 ; elapsed = 00:00:00.09 . Memory (MB): peak = 2846.707 ; gain = 0.000 ; free physical = 60018 ; free virtual = 939823
INFO: [Netlist 29-17] Analyzing 1153 Unisim elements for replacement
INFO: [Netlist 29-28] Unisim Transformation completed in 0 CPU seconds
INFO: [Project 1-570] Preparing netlist for logic optimization
INFO: [Opt 31-138] Pushed 0 inverter(s) to 0 load pin(s).
Netlist sorting complete. Time (s): cpu = 00:00:00 ; elapsed = 00:00:00 . Memory (MB): peak = 2907.754 ; gain = 0.000 ; free physical = 60585 ; free virtual = 940389
INFO: [Project 1-111] Unisim Transformation Summary:
  A total of 126 instances were transformed.
  RAM32M => RAM32M (RAMD32(x6), RAMS32(x2)): 8 instances
  RAM64M => RAM64M (RAMD64E(x4)): 52 instances
  RAM64X1D => RAM64X1D (RAMD64E(x2)): 66 instances

Synth Design complete | Checksum: 7e5de67b
INFO: [Common 17-83] Releasing license: Synthesis
142 Infos, 110 Warnings, 0 Critical Warnings and 0 Errors encountered.
synth_design completed successfully
synth_design: Time (s): cpu = 00:02:00 ; elapsed = 00:01:58 . Memory (MB): peak = 2907.754 ; gain = 1485.371 ; free physical = 60587 ; free virtual = 940391
INFO: [Common 17-2834] synth_design peak Physical Memory [PSS] (MB): overall = 2112.235; main = 1777.772; forked = 337.462
INFO: [Common 17-2834] synth_design peak Virtual Memory [VSS] (MB): overall = 4194.938; main = 2907.758; forked = 1348.234
Write ShapeDB Complete: Time (s): cpu = 00:00:00.03 ; elapsed = 00:00:00.01 . Memory (MB): peak = 2944.387 ; gain = 0.000 ; free physical = 60582 ; free virtual = 940388
INFO: [Common 17-1381] The checkpoint '/home/st-wangjun/project/RISCV_A910/synth/vivado/fmax_impl_5.2ns_gs/fmax_impl_5.2ns_gs.runs/synth_1/top_fmax.dcp' has been generated.
INFO: [runtcl-4] Executing : report_utilization -file top_fmax_utilization_synth.rpt -pb top_fmax_utilization_synth.pb
INFO: [Common 17-206] Exiting Vivado at Tue Sep 29 01:09:51 2026...
[Tue Sep 29 01:10:02 2026] synth_1 finished
wait_on_runs: Time (s): cpu = 00:02:12 ; elapsed = 00:02:19 . Memory (MB): peak = 1441.371 ; gain = 0.000 ; free physical = 62925 ; free virtual = 942611
# if {[get_property PROGRESS [get_runs synth_1]] ne "100%"} {
#     error "synth_1 FAILED: [get_property STATUS [get_runs synth_1]]"
# }
# if {$MODE eq "impl"} {
#     launch_runs impl_1 -to_step route_design -jobs 8
#     wait_on_run impl_1
#     if {[get_property PROGRESS [get_runs impl_1]] ne "100%"} {
#         error "impl_1 FAILED: [get_property STATUS [get_runs impl_1]]"
#     }
#     open_run impl_1
# } else {
#     open_run synth_1
# }
[Tue Sep 29 01:10:02 2026] Launched impl_1...
Run output will be captured here: /home/st-wangjun/project/RISCV_A910/synth/vivado/fmax_impl_5.2ns_gs/fmax_impl_5.2ns_gs.runs/impl_1/runme.log
[Tue Sep 29 01:10:02 2026] Waiting for impl_1 to finish...

*** Running vivado
    with args -log top_fmax.vdi -applog -m64 -product Vivado -messageDb vivado.pb -mode batch -source top_fmax.tcl -notrace


****** Vivado v2023.2 (64-bit)
  **** SW Build 4029153 on Fri Oct 13 20:13:54 MDT 2023
  **** IP Build 4028589 on Sat Oct 14 00:45:43 MDT 2023
  **** SharedData Build 4025554 on Tue Oct 10 17:18:54 MDT 2023
    ** Copyright 1986-2022 Xilinx, Inc. All Rights Reserved.
    ** Copyright 2022-2023 Advanced Micro Devices, Inc. All Rights Reserved.

source top_fmax.tcl -notrace
Command: link_design -top top_fmax -part xc7k325tffg900-2
Design is defaulting to srcset: sources_1
Design is defaulting to constrset: constrs_1
INFO: [Device 21-403] Loading part xc7k325tffg900-2
Netlist sorting complete. Time (s): cpu = 00:00:00.06 ; elapsed = 00:00:00.05 . Memory (MB): peak = 1793.066 ; gain = 0.000 ; free physical = 68395 ; free virtual = 948111
INFO: [Netlist 29-17] Analyzing 1153 Unisim elements for replacement
INFO: [Netlist 29-28] Unisim Transformation completed in 0 CPU seconds
INFO: [Project 1-479] Netlist was created with Vivado 2023.2
INFO: [Project 1-570] Preparing netlist for logic optimization
Parsing XDC File [/home/st-wangjun/project/RISCV_A910/synth/vivado/fmax_impl_5.2ns_gs/fmax_gen.xdc]
Finished Parsing XDC File [/home/st-wangjun/project/RISCV_A910/synth/vivado/fmax_impl_5.2ns_gs/fmax_gen.xdc]
INFO: [Opt 31-138] Pushed 0 inverter(s) to 0 load pin(s).
Netlist sorting complete. Time (s): cpu = 00:00:00 ; elapsed = 00:00:00 . Memory (MB): peak = 2006.836 ; gain = 0.000 ; free physical = 67353 ; free virtual = 947040
INFO: [Project 1-111] Unisim Transformation Summary:
  A total of 126 instances were transformed.
  RAM32M => RAM32M (RAMD32(x6), RAMS32(x2)): 8 instances
  RAM64M => RAM64M (RAMD64E(x4)): 52 instances
  RAM64X1D => RAM64X1D (RAMD64E(x2)): 66 instances

7 Infos, 0 Warnings, 0 Critical Warnings and 0 Errors encountered.
link_design completed successfully
link_design: Time (s): cpu = 00:00:06 ; elapsed = 00:00:06 . Memory (MB): peak = 2006.836 ; gain = 517.844 ; free physical = 67324 ; free virtual = 947010
Command: opt_design
Attempting to get a license for feature 'Implementation' and/or device 'xc7k325t'
INFO: [Common 17-349] Got license for feature 'Implementation' and/or device 'xc7k325t'
Running DRC as a precondition to command opt_design

Starting DRC Task
INFO: [DRC 23-27] Running DRC with 8 threads
INFO: [Project 1-461] DRC finished with 0 Errors
INFO: [Project 1-462] Please refer to the DRC report (report_drc) for more information.

Time (s): cpu = 00:00:01 ; elapsed = 00:00:00.57 . Memory (MB): peak = 2141.516 ; gain = 122.469 ; free physical = 67093 ; free virtual = 946808

Starting Cache Timing Information Task
INFO: [Timing 38-35] Done setting XDC timing constraints.
Ending Cache Timing Information Task | Checksum: 173930698

Time (s): cpu = 00:00:07 ; elapsed = 00:00:07 . Memory (MB): peak = 2682.559 ; gain = 541.043 ; free physical = 65035 ; free virtual = 944721

Starting Logic Optimization Task

Phase 1 Initialization

Phase 1.1 Core Generation And Design Setup
Phase 1.1 Core Generation And Design Setup | Checksum: 173930698

Time (s): cpu = 00:00:00 ; elapsed = 00:00:00 . Memory (MB): peak = 2986.395 ; gain = 0.004 ; free physical = 63566 ; free virtual = 943251

Phase 1.2 Setup Constraints And Sort Netlist
Phase 1.2 Setup Constraints And Sort Netlist | Checksum: 173930698

Time (s): cpu = 00:00:00 ; elapsed = 00:00:00.01 . Memory (MB): peak = 2986.395 ; gain = 0.004 ; free physical = 63564 ; free virtual = 943250
Phase 1 Initialization | Checksum: 173930698

Time (s): cpu = 00:00:00 ; elapsed = 00:00:00.01 . Memory (MB): peak = 2986.395 ; gain = 0.004 ; free physical = 63564 ; free virtual = 943249

Phase 2 Timer Update And Timing Data Collection

Phase 2.1 Timer Update
Phase 2.1 Timer Update | Checksum: 173930698

Time (s): cpu = 00:00:00.74 ; elapsed = 00:00:00.16 . Memory (MB): peak = 2986.395 ; gain = 0.004 ; free physical = 63486 ; free virtual = 943172

Phase 2.2 Timing Data Collection
Phase 2.2 Timing Data Collection | Checksum: 173930698

Time (s): cpu = 00:00:00.75 ; elapsed = 00:00:00.18 . Memory (MB): peak = 2986.395 ; gain = 0.004 ; free physical = 63481 ; free virtual = 943166
Phase 2 Timer Update And Timing Data Collection | Checksum: 173930698

Time (s): cpu = 00:00:00.75 ; elapsed = 00:00:00.18 . Memory (MB): peak = 2986.395 ; gain = 0.004 ; free physical = 63480 ; free virtual = 943166

Phase 3 Retarget
INFO: [Opt 31-138] Pushed 0 inverter(s) to 0 load pin(s).
INFO: [Opt 31-49] Retargeted 0 cell(s).
Phase 3 Retarget | Checksum: b23d5c67

Time (s): cpu = 00:00:00.87 ; elapsed = 00:00:00.31 . Memory (MB): peak = 2986.395 ; gain = 0.004 ; free physical = 63432 ; free virtual = 943118
Retarget | Checksum: b23d5c67
INFO: [Opt 31-389] Phase Retarget created 0 cells and removed 1 cells

Phase 4 Constant propagation
INFO: [Opt 31-138] Pushed 0 inverter(s) to 0 load pin(s).
Phase 4 Constant propagation | Checksum: 3e7a3a89

Time (s): cpu = 00:00:00.94 ; elapsed = 00:00:00.39 . Memory (MB): peak = 2986.395 ; gain = 0.004 ; free physical = 63409 ; free virtual = 943095
Constant propagation | Checksum: 3e7a3a89
INFO: [Opt 31-389] Phase Constant propagation created 0 cells and removed 0 cells

Phase 5 Sweep
Phase 5 Sweep | Checksum: 6394337d

Time (s): cpu = 00:00:01 ; elapsed = 00:00:00.49 . Memory (MB): peak = 2986.395 ; gain = 0.004 ; free physical = 63380 ; free virtual = 943065
Sweep | Checksum: 6394337d
INFO: [Opt 31-389] Phase Sweep created 37 cells and removed 0 cells

Phase 6 BUFG optimization
Phase 6 BUFG optimization | Checksum: 6394337d

Time (s): cpu = 00:00:01 ; elapsed = 00:00:00.55 . Memory (MB): peak = 3035.234 ; gain = 48.844 ; free physical = 63365 ; free virtual = 943050
BUFG optimization | Checksum: 6394337d
INFO: [Opt 31-662] Phase BUFG optimization created 0 cells of which 0 are BUFGs and removed 0 cells.

Phase 7 Shift Register Optimization
INFO: [Opt 31-1064] SRL Remap converted 0 SRLs to 0 registers and converted 0 registers of register chains to 0 SRLs
Phase 7 Shift Register Optimization | Checksum: 6394337d

Time (s): cpu = 00:00:01 ; elapsed = 00:00:00.56 . Memory (MB): peak = 3035.234 ; gain = 48.844 ; free physical = 63360 ; free virtual = 943045
Shift Register Optimization | Checksum: 6394337d
INFO: [Opt 31-389] Phase Shift Register Optimization created 0 cells and removed 0 cells

Phase 8 Post Processing Netlist
Phase 8 Post Processing Netlist | Checksum: 94e4405d

Time (s): cpu = 00:00:01 ; elapsed = 00:00:00.58 . Memory (MB): peak = 3035.234 ; gain = 48.844 ; free physical = 63356 ; free virtual = 943042
Post Processing Netlist | Checksum: 94e4405d
INFO: [Opt 31-389] Phase Post Processing Netlist created 0 cells and removed 0 cells

Phase 9 Finalization

Phase 9.1 Finalizing Design Cores and Updating Shapes
Phase 9.1 Finalizing Design Cores and Updating Shapes | Checksum: a876e1b3

Time (s): cpu = 00:00:01 ; elapsed = 00:00:00.67 . Memory (MB): peak = 3035.234 ; gain = 48.844 ; free physical = 63335 ; free virtual = 943020

Phase 9.2 Verifying Netlist Connectivity

Starting Connectivity Check Task

Time (s): cpu = 00:00:00.02 ; elapsed = 00:00:00.02 . Memory (MB): peak = 3035.234 ; gain = 0.000 ; free physical = 63326 ; free virtual = 943012
Phase 9.2 Verifying Netlist Connectivity | Checksum: a876e1b3

Time (s): cpu = 00:00:01 ; elapsed = 00:00:00.69 . Memory (MB): peak = 3035.234 ; gain = 48.844 ; free physical = 63326 ; free virtual = 943012
Phase 9 Finalization | Checksum: a876e1b3

Time (s): cpu = 00:00:01 ; elapsed = 00:00:00.7 . Memory (MB): peak = 3035.234 ; gain = 48.844 ; free physical = 63326 ; free virtual = 943012
Opt_design Change Summary
=========================


-------------------------------------------------------------------------------------------------------------------------
|  Phase                        |  #Cells created  |  #Cells Removed  |  #Constrained objects preventing optimizations  |
-------------------------------------------------------------------------------------------------------------------------
|  Retarget                     |               0  |               1  |                                              0  |
|  Constant propagation         |               0  |               0  |                                              0  |
|  Sweep                        |              37  |               0  |                                              0  |
|  BUFG optimization            |               0  |               0  |                                              0  |
|  Shift Register Optimization  |               0  |               0  |                                              0  |
|  Post Processing Netlist      |               0  |               0  |                                              0  |
-------------------------------------------------------------------------------------------------------------------------


Ending Logic Optimization Task | Checksum: a876e1b3

Time (s): cpu = 00:00:01 ; elapsed = 00:00:00.7 . Memory (MB): peak = 3035.234 ; gain = 48.844 ; free physical = 63326 ; free virtual = 943011
INFO: [Constraints 18-11670] Building netlist checker database with flags, 0x8
Done building netlist checker database: Time (s): cpu = 00:00:00 ; elapsed = 00:00:00.01 . Memory (MB): peak = 3035.234 ; gain = 0.000 ; free physical = 63324 ; free virtual = 943010

Starting Power Optimization Task
INFO: [Pwropt 34-132] Skipping clock gating for clocks with a period < 2.00 ns.
INFO: [Timing 38-35] Done setting XDC timing constraints.
Running Vector-less Activity Propagation...
INFO: [Pwropt 34-9] Applying IDT optimizations ...
INFO: [Pwropt 34-10] Applying ODC optimizations ...

Finished Running Vector-less Activity Propagation


Starting PowerOpt Patch Enables Task
INFO: [Pwropt 34-162] WRITE_MODE attribute of 0 BRAM(s) out of a total of 35 has been updated to save power. Run report_power_opt to get a complete listing of the BRAMs updated.
INFO: [Pwropt 34-201] Structural ODC has moved 0 WE to EN ports
Number of BRAM Ports augmented: 0 newly gated: 0 Total Ports: 70
Ending PowerOpt Patch Enables Task | Checksum: a876e1b3

Time (s): cpu = 00:00:00.11 ; elapsed = 00:00:00.11 . Memory (MB): peak = 3445.188 ; gain = 0.000 ; free physical = 61619 ; free virtual = 941309
Ending Power Optimization Task | Checksum: a876e1b3

Time (s): cpu = 00:00:06 ; elapsed = 00:00:03 . Memory (MB): peak = 3445.188 ; gain = 409.953 ; free physical = 61615 ; free virtual = 941305

Starting Final Cleanup Task
Ending Final Cleanup Task | Checksum: a876e1b3

Time (s): cpu = 00:00:00 ; elapsed = 00:00:00 . Memory (MB): peak = 3445.188 ; gain = 0.000 ; free physical = 61615 ; free virtual = 941305

Starting Netlist Obfuscation Task
Netlist sorting complete. Time (s): cpu = 00:00:00 ; elapsed = 00:00:00 . Memory (MB): peak = 3445.188 ; gain = 0.000 ; free physical = 61614 ; free virtual = 941305
Ending Netlist Obfuscation Task | Checksum: a876e1b3

Time (s): cpu = 00:00:00 ; elapsed = 00:00:00 . Memory (MB): peak = 3445.188 ; gain = 0.000 ; free physical = 61613 ; free virtual = 941305
INFO: [Common 17-83] Releasing license: Implementation
30 Infos, 0 Warnings, 0 Critical Warnings and 0 Errors encountered.
opt_design completed successfully
opt_design: Time (s): cpu = 00:00:18 ; elapsed = 00:00:13 . Memory (MB): peak = 3445.188 ; gain = 1438.352 ; free physical = 61612 ; free virtual = 941303
INFO: [runtcl-4] Executing : report_drc -file top_fmax_drc_opted.rpt -pb top_fmax_drc_opted.pb -rpx top_fmax_drc_opted.rpx
Command: report_drc -file top_fmax_drc_opted.rpt -pb top_fmax_drc_opted.pb -rpx top_fmax_drc_opted.rpx
INFO: [IP_Flow 19-234] Refreshing IP repositories
INFO: [IP_Flow 19-1704] No user IP repositories specified
INFO: [IP_Flow 19-2313] Loaded Vivado IP repository '/home/st-wangjun/hv/tools/Xilinx/Vivado/2023.2/data/ip'.
INFO: [DRC 23-27] Running DRC with 8 threads
INFO: [Vivado_Tcl 2-168] The results of DRC are in file /home/st-wangjun/project/RISCV_A910/synth/vivado/fmax_impl_5.2ns_gs/fmax_impl_5.2ns_gs.runs/impl_1/top_fmax_drc_opted.rpt.
report_drc completed successfully
INFO: [Timing 38-480] Writing timing data to binary archive.
Write ShapeDB Complete: Time (s): cpu = 00:00:00.05 ; elapsed = 00:00:00.02 . Memory (MB): peak = 3506.242 ; gain = 0.000 ; free physical = 61558 ; free virtual = 941288
INFO: [Common 17-1381] The checkpoint '/home/st-wangjun/project/RISCV_A910/synth/vivado/fmax_impl_5.2ns_gs/fmax_impl_5.2ns_gs.runs/impl_1/top_fmax_opt.dcp' has been generated.
Command: place_design
Attempting to get a license for feature 'Implementation' and/or device 'xc7k325t'
INFO: [Common 17-349] Got license for feature 'Implementation' and/or device 'xc7k325t'
INFO: [Common 17-83] Releasing license: Implementation
INFO: [DRC 23-27] Running DRC with 8 threads
INFO: [Vivado_Tcl 4-198] DRC finished with 0 Errors
INFO: [Vivado_Tcl 4-199] Please refer to the DRC report (report_drc) for more information.
Running DRC as a precondition to command place_design
INFO: [DRC 23-27] Running DRC with 8 threads
INFO: [Vivado_Tcl 4-198] DRC finished with 0 Errors, 21 Warnings
INFO: [Vivado_Tcl 4-199] Please refer to the DRC report (report_drc) for more information.
INFO: [Place 30-611] Multithreading enabled for place_design using a maximum of 8 CPUs

Starting Placer Task

Phase 1 Placer Initialization

Phase 1.1 Placer Initialization Netlist Sorting
Netlist sorting complete. Time (s): cpu = 00:00:00 ; elapsed = 00:00:00 . Memory (MB): peak = 3506.242 ; gain = 0.000 ; free physical = 61276 ; free virtual = 941042
Phase 1.1 Placer Initialization Netlist Sorting | Checksum: 02e6c234

Time (s): cpu = 00:00:00.01 ; elapsed = 00:00:00.01 . Memory (MB): peak = 3506.242 ; gain = 0.000 ; free physical = 61276 ; free virtual = 941042
Netlist sorting complete. Time (s): cpu = 00:00:00 ; elapsed = 00:00:00.01 . Memory (MB): peak = 3506.242 ; gain = 0.000 ; free physical = 61276 ; free virtual = 941042

Phase 1.2 IO Placement/ Clock Placement/ Build Placer Device
INFO: [Timing 38-35] Done setting XDC timing constraints.
Phase 1.2 IO Placement/ Clock Placement/ Build Placer Device | Checksum: 1425f87c4

Time (s): cpu = 00:00:02 ; elapsed = 00:00:01 . Memory (MB): peak = 3506.242 ; gain = 0.000 ; free physical = 60898 ; free virtual = 940664

Phase 1.3 Build Placer Netlist Model
Phase 1.3 Build Placer Netlist Model | Checksum: 171374c55

Time (s): cpu = 00:00:06 ; elapsed = 00:00:02 . Memory (MB): peak = 3506.242 ; gain = 0.000 ; free physical = 60685 ; free virtual = 940437

Phase 1.4 Constrain Clocks/Macros
Phase 1.4 Constrain Clocks/Macros | Checksum: 171374c55

Time (s): cpu = 00:00:06 ; elapsed = 00:00:02 . Memory (MB): peak = 3506.242 ; gain = 0.000 ; free physical = 60685 ; free virtual = 940437
Phase 1 Placer Initialization | Checksum: 171374c55

Time (s): cpu = 00:00:06 ; elapsed = 00:00:02 . Memory (MB): peak = 3506.242 ; gain = 0.000 ; free physical = 60681 ; free virtual = 940433

Phase 2 Global Placement

Phase 2.1 Floorplanning
Phase 2.1 Floorplanning | Checksum: 1f159e49c

Time (s): cpu = 00:00:08 ; elapsed = 00:00:03 . Memory (MB): peak = 3506.242 ; gain = 0.000 ; free physical = 60594 ; free virtual = 940346

Phase 2.2 Update Timing before SLR Path Opt
Phase 2.2 Update Timing before SLR Path Opt | Checksum: 24033abcc

Time (s): cpu = 00:00:09 ; elapsed = 00:00:03 . Memory (MB): peak = 3506.242 ; gain = 0.000 ; free physical = 60535 ; free virtual = 940294

Phase 2.3 Post-Processing in Floorplanning
Phase 2.3 Post-Processing in Floorplanning | Checksum: 24033abcc

Time (s): cpu = 00:00:09 ; elapsed = 00:00:03 . Memory (MB): peak = 3506.242 ; gain = 0.000 ; free physical = 60519 ; free virtual = 940281

Phase 2.4 Global Placement Core

Phase 2.4.1 UpdateTiming Before Physical Synthesis
Phase 2.4.1 UpdateTiming Before Physical Synthesis | Checksum: 1a263c602

Time (s): cpu = 00:00:33 ; elapsed = 00:00:11 . Memory (MB): peak = 3506.242 ; gain = 0.000 ; free physical = 60155 ; free virtual = 939970

Phase 2.4.2 Physical Synthesis In Placer
INFO: [Physopt 32-1035] Found 83 LUTNM shape to break, 275 LUT instances to create LUTNM shape
INFO: [Physopt 32-1044] Break lutnm for timing: one critical 18, two critical 65, total 83, new lutff created 1
INFO: [Physopt 32-1138] End 1 Pass. Optimized 189 nets or LUTs. Breaked 83 LUTs, combined 106 existing LUTs and moved 0 existing LUT
INFO: [Physopt 32-65] No nets found for high-fanout optimization.
INFO: [Physopt 32-232] Optimized 0 net. Created 0 new instance.
INFO: [Physopt 32-775] End 1 Pass. Optimized 0 net or cell. Created 0 new cell, deleted 0 existing cell and moved 0 existing cell
INFO: [Physopt 32-76] Pass 1. Identified 8 candidate nets for fanout optimization.
INFO: [Physopt 32-81] Processed net u_soc/Core_cpu/u_ifu_subsys/u_refill/Q[2]. Replicated 4 times.
INFO: [Physopt 32-81] Processed net u_soc/Core_cpu/u_ifu_subsys/u_refill/Q[0]. Replicated 3 times.
INFO: [Physopt 32-81] Processed net u_soc/Core_cpu/u_ifu_subsys/u_refill/Q[1]. Replicated 3 times.
INFO: [Physopt 32-81] Processed net u_soc/Core_cpu/U_EX_MEM/Q[6]. Replicated 5 times.
INFO: [Physopt 32-81] Processed net u_soc/Core_cpu/U_EX_MEM/Q[3]. Replicated 7 times.
INFO: [Physopt 32-81] Processed net u_soc/Core_cpu/U_EX_MEM/Q[5]. Replicated 5 times.
INFO: [Physopt 32-81] Processed net u_soc/Core_cpu/U_EX_MEM/Q[4]. Replicated 5 times.
INFO: [Physopt 32-81] Processed net u_soc/Core_cpu/U_EX_MEM/Q[2]. Replicated 7 times.
INFO: [Physopt 32-232] Optimized 8 nets. Created 39 new instances.
INFO: [Physopt 32-775] End 1 Pass. Optimized 8 nets or cells. Created 39 new cells, deleted 0 existing cell and moved 0 existing cell
Netlist sorting complete. Time (s): cpu = 00:00:00.03 ; elapsed = 00:00:00.03 . Memory (MB): peak = 3506.242 ; gain = 0.000 ; free physical = 60148 ; free virtual = 939963
INFO: [Physopt 32-46] Identified 11 candidate nets for critical-cell optimization.
INFO: [Physopt 32-571] Net u_soc/Core_cpu/u_ifu_subsys/u_refill/Q[4] was not replicated.
INFO: [Physopt 32-81] Processed net u_soc/Core_cpu/U_EX_MEM/Q[15]. Replicated 1 times.
INFO: [Physopt 32-571] Net u_soc/Core_cpu/U_EX_MEM/Q[13] was not replicated.
INFO: [Physopt 32-81] Processed net u_soc/Core_cpu/U_EX_MEM/Q[14]. Replicated 1 times.
INFO: [Physopt 32-81] Processed net u_soc/Core_cpu/U_EX_MEM/Q[12]. Replicated 1 times.
INFO: [Physopt 32-81] Processed net u_soc/Core_cpu/U_EX_MEM/Q[9]. Replicated 1 times.
INFO: [Physopt 32-81] Processed net u_soc/Core_cpu/U_EX_MEM/Q[11]. Replicated 1 times.
INFO: [Physopt 32-81] Processed net u_soc/Core_cpu/U_EX_MEM/Q[10]. Replicated 1 times.
INFO: [Physopt 32-81] Processed net u_soc/Core_cpu/U_EX_MEM/Q[8]. Replicated 1 times.
INFO: [Physopt 32-81] Processed net u_soc/Core_cpu/U_EX_MEM/Q[7]. Replicated 1 times.
INFO: [Physopt 32-232] Optimized 8 nets. Created 8 new instances.
INFO: [Physopt 32-775] End 1 Pass. Optimized 8 nets or cells. Created 8 new cells, deleted 0 existing cell and moved 0 existing cell
Netlist sorting complete. Time (s): cpu = 00:00:00.01 ; elapsed = 00:00:00 . Memory (MB): peak = 3506.242 ; gain = 0.000 ; free physical = 60142 ; free virtual = 939958
INFO: [Physopt 32-456] No candidate cells for DSP register optimization found in the design.
INFO: [Physopt 32-775] End 2 Pass. Optimized 0 net or cell. Created 0 new cell, deleted 0 existing cell and moved 0 existing cell
INFO: [Physopt 32-1123] No candidate cells found for Shift Register to Pipeline optimization
INFO: [Physopt 32-775] End 2 Pass. Optimized 0 net or cell. Created 0 new cell, deleted 0 existing cell and moved 0 existing cell
INFO: [Physopt 32-1401] No candidate cells found for Shift Register optimization.
INFO: [Physopt 32-677] No candidate cells for Shift Register optimization found in the design
INFO: [Physopt 32-775] End 1 Pass. Optimized 0 net or cell. Created 0 new cell, deleted 0 existing cell and moved 0 existing cell
INFO: [Physopt 32-526] No candidate cells for BRAM register optimization found in the design
INFO: [Physopt 32-775] End 1 Pass. Optimized 0 net or cell. Created 0 new cell, deleted 0 existing cell and moved 0 existing cell
INFO: [Physopt 32-846] No candidate cells for URAM register optimization found in the design
INFO: [Physopt 32-775] End 1 Pass. Optimized 0 net or cell. Created 0 new cell, deleted 0 existing cell and moved 0 existing cell
INFO: [Physopt 32-846] No candidate cells for URAM register optimization found in the design
INFO: [Physopt 32-775] End 1 Pass. Optimized 0 net or cell. Created 0 new cell, deleted 0 existing cell and moved 0 existing cell
INFO: [Physopt 32-949] No candidate nets found for dynamic/static region interface net replication
INFO: [Physopt 32-775] End 1 Pass. Optimized 0 net or cell. Created 0 new cell, deleted 0 existing cell and moved 0 existing cell
Netlist sorting complete. Time (s): cpu = 00:00:00 ; elapsed = 00:00:00.01 . Memory (MB): peak = 3506.242 ; gain = 0.000 ; free physical = 60145 ; free virtual = 939961

Summary of Physical Synthesis Optimizations
============================================


-----------------------------------------------------------------------------------------------------------------------------------------------------------
|  Optimization                                     |  Added Cells  |  Removed Cells  |  Optimized Cells/Nets  |  Dont Touch  |  Iterations  |  Elapsed   |
-----------------------------------------------------------------------------------------------------------------------------------------------------------
|  LUT Combining                                    |           83  |            106  |                   189  |           0  |           1  |  00:00:00  |
|  Retime                                           |            0  |              0  |                     0  |           0  |           1  |  00:00:00  |
|  Very High Fanout                                 |            0  |              0  |                     0  |           0  |           1  |  00:00:00  |
|  Fanout                                           |           39  |              0  |                     8  |           0  |           1  |  00:00:00  |
|  Critical Cell                                    |            8  |              0  |                     8  |           0  |           1  |  00:00:00  |
|  DSP Register                                     |            0  |              0  |                     0  |           0  |           1  |  00:00:00  |
|  Shift Register to Pipeline                       |            0  |              0  |                     0  |           0  |           1  |  00:00:00  |
|  Shift Register                                   |            0  |              0  |                     0  |           0  |           1  |  00:00:00  |
|  BRAM Register                                    |            0  |              0  |                     0  |           0  |           1  |  00:00:00  |
|  URAM Register                                    |            0  |              0  |                     0  |           0  |           1  |  00:00:00  |
|  Dynamic/Static Region Interface Net Replication  |            0  |              0  |                     0  |           0  |           1  |  00:00:00  |
|  Total                                            |          130  |            106  |                   205  |           0  |          11  |  00:00:01  |
-----------------------------------------------------------------------------------------------------------------------------------------------------------


Phase 2.4.2 Physical Synthesis In Placer | Checksum: 1eab85bc7

Time (s): cpu = 00:00:35 ; elapsed = 00:00:13 . Memory (MB): peak = 3506.242 ; gain = 0.000 ; free physical = 60144 ; free virtual = 939960
Phase 2.4 Global Placement Core | Checksum: 284aa0eae

Time (s): cpu = 00:00:37 ; elapsed = 00:00:13 . Memory (MB): peak = 3506.242 ; gain = 0.000 ; free physical = 60131 ; free virtual = 939947
Phase 2 Global Placement | Checksum: 284aa0eae

Time (s): cpu = 00:00:37 ; elapsed = 00:00:13 . Memory (MB): peak = 3506.242 ; gain = 0.000 ; free physical = 60130 ; free virtual = 939946

Phase 3 Detail Placement

Phase 3.1 Commit Multi Column Macros
Phase 3.1 Commit Multi Column Macros | Checksum: 1bde4d827

Time (s): cpu = 00:00:38 ; elapsed = 00:00:14 . Memory (MB): peak = 3506.242 ; gain = 0.000 ; free physical = 60126 ; free virtual = 939942

Phase 3.2 Commit Most Macros & LUTRAMs
Phase 3.2 Commit Most Macros & LUTRAMs | Checksum: 1aef0f303

Time (s): cpu = 00:00:41 ; elapsed = 00:00:15 . Memory (MB): peak = 3506.242 ; gain = 0.000 ; free physical = 60081 ; free virtual = 939897

Phase 3.3 Area Swap Optimization
Phase 3.3 Area Swap Optimization | Checksum: 1e54e4464

Time (s): cpu = 00:00:41 ; elapsed = 00:00:15 . Memory (MB): peak = 3506.242 ; gain = 0.000 ; free physical = 60028 ; free virtual = 939841

Phase 3.4 Pipeline Register Optimization
Phase 3.4 Pipeline Register Optimization | Checksum: 1e7d708ab

Time (s): cpu = 00:00:41 ; elapsed = 00:00:15 . Memory (MB): peak = 3506.242 ; gain = 0.000 ; free physical = 60025 ; free virtual = 939838

Phase 3.5 Fast Optimization
Phase 3.5 Fast Optimization | Checksum: 20820f788

Time (s): cpu = 00:00:48 ; elapsed = 00:00:19 . Memory (MB): peak = 3506.242 ; gain = 0.000 ; free physical = 59793 ; free virtual = 939556

Phase 3.6 Small Shape Detail Placement
Phase 3.6 Small Shape Detail Placement | Checksum: 1903517a8

Time (s): cpu = 00:00:51 ; elapsed = 00:00:23 . Memory (MB): peak = 3506.242 ; gain = 0.000 ; free physical = 59406 ; free virtual = 939170

Phase 3.7 Re-assign LUT pins
Phase 3.7 Re-assign LUT pins | Checksum: 1cbac44aa

Time (s): cpu = 00:00:52 ; elapsed = 00:00:23 . Memory (MB): peak = 3506.242 ; gain = 0.000 ; free physical = 59404 ; free virtual = 939167

Phase 3.8 Pipeline Register Optimization
Phase 3.8 Pipeline Register Optimization | Checksum: 1e025f822

Time (s): cpu = 00:00:52 ; elapsed = 00:00:23 . Memory (MB): peak = 3506.242 ; gain = 0.000 ; free physical = 59404 ; free virtual = 939167

Phase 3.9 Fast Optimization
Phase 3.9 Fast Optimization | Checksum: 20622dd63

Time (s): cpu = 00:01:00 ; elapsed = 00:00:29 . Memory (MB): peak = 3506.242 ; gain = 0.000 ; free physical = 59423 ; free virtual = 939163
Phase 3 Detail Placement | Checksum: 20622dd63

Time (s): cpu = 00:01:00 ; elapsed = 00:00:29 . Memory (MB): peak = 3506.242 ; gain = 0.000 ; free physical = 59422 ; free virtual = 939162

Phase 4 Post Placement Optimization and Clean-Up

Phase 4.1 Post Commit Optimization
INFO: [Timing 38-35] Done setting XDC timing constraints.

Phase 4.1.1 Post Placement Optimization
Post Placement Optimization Initialization | Checksum: e2f7a475

Phase 4.1.1.1 BUFG Insertion

Starting Physical Synthesis Task

Phase 1 Physical Synthesis Initialization
INFO: [Physopt 32-721] Multithreading enabled for phys_opt_design using a maximum of 8 CPUs
INFO: [Physopt 32-619] Estimated Timing Summary | WNS=-1.068 | TNS=-877.627 |
Phase 1 Physical Synthesis Initialization | Checksum: 95928d39

Time (s): cpu = 00:00:00.98 ; elapsed = 00:00:00.29 . Memory (MB): peak = 3506.242 ; gain = 0.000 ; free physical = 59421 ; free virtual = 939161
INFO: [Place 46-56] BUFG insertion identified 0 candidate nets. Inserted BUFG: 0, Replicated BUFG Driver: 0, Skipped due to Placement/Routing Conflicts: 0, Skipped due to Timing Degradation: 0, Skipped due to netlist editing failed: 0.
Ending Physical Synthesis Task | Checksum: 95928d39

Time (s): cpu = 00:00:01 ; elapsed = 00:00:00.4 . Memory (MB): peak = 3506.242 ; gain = 0.000 ; free physical = 59420 ; free virtual = 939160
Phase 4.1.1.1 BUFG Insertion | Checksum: e2f7a475

Time (s): cpu = 00:01:06 ; elapsed = 00:00:31 . Memory (MB): peak = 3506.242 ; gain = 0.000 ; free physical = 59419 ; free virtual = 939159

Phase 4.1.1.2 Post Placement Timing Optimization
INFO: [Place 30-746] Post Placement Timing Summary WNS=-0.678. For the most accurate timing information please run report_timing.
Phase 4.1.1.2 Post Placement Timing Optimization | Checksum: e067b0fc

Time (s): cpu = 00:01:33 ; elapsed = 00:00:54 . Memory (MB): peak = 3506.242 ; gain = 0.000 ; free physical = 66091 ; free virtual = 945938

Time (s): cpu = 00:01:33 ; elapsed = 00:00:54 . Memory (MB): peak = 3506.242 ; gain = 0.000 ; free physical = 66090 ; free virtual = 945937
Phase 4.1 Post Commit Optimization | Checksum: e067b0fc

Time (s): cpu = 00:01:33 ; elapsed = 00:00:54 . Memory (MB): peak = 3506.242 ; gain = 0.000 ; free physical = 66088 ; free virtual = 945936

Phase 4.2 Post Placement Cleanup
Phase 4.2 Post Placement Cleanup | Checksum: e067b0fc

Time (s): cpu = 00:01:33 ; elapsed = 00:00:54 . Memory (MB): peak = 3506.242 ; gain = 0.000 ; free physical = 66083 ; free virtual = 945932

Phase 4.3 Placer Reporting

Phase 4.3.1 Print Estimated Congestion
INFO: [Place 30-612] Post-Placement Estimated Congestion 
 ____________________________________________________
|           | Global Congestion | Short Congestion  |
| Direction | Region Size       | Region Size       |
|___________|___________________|___________________|
|      North|                1x1|                2x2|
|___________|___________________|___________________|
|      South|                1x1|                4x4|
|___________|___________________|___________________|
|       East|                2x2|                4x4|
|___________|___________________|___________________|
|       West|                1x1|                1x1|
|___________|___________________|___________________|

Phase 4.3.1 Print Estimated Congestion | Checksum: e067b0fc

Time (s): cpu = 00:01:33 ; elapsed = 00:00:54 . Memory (MB): peak = 3506.242 ; gain = 0.000 ; free physical = 66079 ; free virtual = 945929
Phase 4.3 Placer Reporting | Checksum: e067b0fc

Time (s): cpu = 00:01:33 ; elapsed = 00:00:54 . Memory (MB): peak = 3506.242 ; gain = 0.000 ; free physical = 66077 ; free virtual = 945927

Phase 4.4 Final Placement Cleanup
Netlist sorting complete. Time (s): cpu = 00:00:00 ; elapsed = 00:00:00 . Memory (MB): peak = 3506.242 ; gain = 0.000 ; free physical = 66077 ; free virtual = 945927

Time (s): cpu = 00:01:33 ; elapsed = 00:00:54 . Memory (MB): peak = 3506.242 ; gain = 0.000 ; free physical = 66077 ; free virtual = 945927
Phase 4 Post Placement Optimization and Clean-Up | Checksum: e11fed5b

Time (s): cpu = 00:01:33 ; elapsed = 00:00:54 . Memory (MB): peak = 3506.242 ; gain = 0.000 ; free physical = 66074 ; free virtual = 945926
Ending Placer Task | Checksum: c1dd52fa

Time (s): cpu = 00:01:33 ; elapsed = 00:00:55 . Memory (MB): peak = 3506.242 ; gain = 0.000 ; free physical = 66073 ; free virtual = 945925
99 Infos, 0 Warnings, 0 Critical Warnings and 0 Errors encountered.
place_design completed successfully
place_design: Time (s): cpu = 00:01:35 ; elapsed = 00:00:55 . Memory (MB): peak = 3506.242 ; gain = 0.000 ; free physical = 66072 ; free virtual = 945925
INFO: [runtcl-4] Executing : report_io -file top_fmax_io_placed.rpt
report_io: Time (s): cpu = 00:00:00.17 ; elapsed = 00:00:00.23 . Memory (MB): peak = 3506.242 ; gain = 0.000 ; free physical = 66064 ; free virtual = 945920
INFO: [runtcl-4] Executing : report_utilization -file top_fmax_utilization_placed.rpt -pb top_fmax_utilization_placed.pb
INFO: [runtcl-4] Executing : report_control_sets -verbose -file top_fmax_control_sets_placed.rpt
report_control_sets: Time (s): cpu = 00:00:00.06 ; elapsed = 00:00:00.11 . Memory (MB): peak = 3506.242 ; gain = 0.000 ; free physical = 66051 ; free virtual = 945910
INFO: [Timing 38-480] Writing timing data to binary archive.
Write ShapeDB Complete: Time (s): cpu = 00:00:00.09 ; elapsed = 00:00:00.02 . Memory (MB): peak = 3506.242 ; gain = 0.000 ; free physical = 66049 ; free virtual = 945909
Wrote PlaceDB: Time (s): cpu = 00:00:02 ; elapsed = 00:00:00.65 . Memory (MB): peak = 3506.242 ; gain = 0.000 ; free physical = 65892 ; free virtual = 945776
Wrote PulsedLatchDB: Time (s): cpu = 00:00:00 ; elapsed = 00:00:00 . Memory (MB): peak = 3506.242 ; gain = 0.000 ; free physical = 65892 ; free virtual = 945776
Writing XDEF routing.
Writing XDEF routing logical nets.
Writing XDEF routing special nets.
Wrote RouteStorage: Time (s): cpu = 00:00:00.03 ; elapsed = 00:00:00.03 . Memory (MB): peak = 3506.242 ; gain = 0.000 ; free physical = 65891 ; free virtual = 945775
Wrote Netlist Cache: Time (s): cpu = 00:00:00.01 ; elapsed = 00:00:00.02 . Memory (MB): peak = 3506.242 ; gain = 0.000 ; free physical = 65889 ; free virtual = 945773
Wrote Device Cache: Time (s): cpu = 00:00:00.01 ; elapsed = 00:00:00 . Memory (MB): peak = 3506.242 ; gain = 0.000 ; free physical = 65887 ; free virtual = 945772
Write Physdb Complete: Time (s): cpu = 00:00:02 ; elapsed = 00:00:00.71 . Memory (MB): peak = 3506.242 ; gain = 0.000 ; free physical = 65887 ; free virtual = 945772
INFO: [Common 17-1381] The checkpoint '/home/st-wangjun/project/RISCV_A910/synth/vivado/fmax_impl_5.2ns_gs/fmax_impl_5.2ns_gs.runs/impl_1/top_fmax_placed.dcp' has been generated.
Command: phys_opt_design
Attempting to get a license for feature 'Implementation' and/or device 'xc7k325t'
INFO: [Common 17-349] Got license for feature 'Implementation' and/or device 'xc7k325t'

Starting Initial Update Timing Task

Time (s): cpu = 00:00:03 ; elapsed = 00:00:00.84 . Memory (MB): peak = 3506.242 ; gain = 0.000 ; free physical = 65780 ; free virtual = 945689
INFO: [Vivado_Tcl 4-1435] PhysOpt_Tcl_Interface Runtime Before Starting Physical Synthesis Task | CPU: 3.48s |  WALL: 0.96s
Netlist sorting complete. Time (s): cpu = 00:00:00 ; elapsed = 00:00:00 . Memory (MB): peak = 3506.242 ; gain = 0.000 ; free physical = 65779 ; free virtual = 945689

Starting Physical Synthesis Task

Phase 1 Physical Synthesis Initialization
INFO: [Physopt 32-721] Multithreading enabled for phys_opt_design using a maximum of 8 CPUs
INFO: [Physopt 32-619] Estimated Timing Summary | WNS=-0.678 | TNS=-536.460 |
Phase 1 Physical Synthesis Initialization | Checksum: 152f29d83

Time (s): cpu = 00:00:02 ; elapsed = 00:00:00.85 . Memory (MB): peak = 3506.242 ; gain = 0.000 ; free physical = 65869 ; free virtual = 945677
INFO: [Physopt 32-619] Estimated Timing Summary | WNS=-0.678 | TNS=-536.460 |

Phase 2 DSP Register Optimization
INFO: [Physopt 32-456] No candidate cells for DSP register optimization found in the design.
INFO: [Physopt 32-775] End 2 Pass. Optimized 0 net or cell. Created 0 new cell, deleted 0 existing cell and moved 0 existing cell
Phase 2 DSP Register Optimization | Checksum: 152f29d83

Time (s): cpu = 00:00:02 ; elapsed = 00:00:00.89 . Memory (MB): peak = 3506.242 ; gain = 0.000 ; free physical = 65864 ; free virtual = 945672

Phase 3 Critical Path Optimization
INFO: [Physopt 32-619] Estimated Timing Summary | WNS=-0.678 | TNS=-536.460 |
INFO: [Physopt 32-702] Processed net u_soc/Core_cpu/U_ID_EX/ex_csr_rdata[14]. Optimizations did not improve timing on the net.
INFO: [Physopt 32-702] Processed net u_soc/Core_cpu/U_ID_EX/ex_csr_op_reg[1]_rep__0_n_0. Optimizations did not improve timing on the net.
INFO: [Physopt 32-710] Processed net u_soc/Core_cpu/U_ID_EX/ex_alu_op[3]_i_1_n_0. Critical path length was reduced through logic transformation on cell u_soc/Core_cpu/U_ID_EX/ex_alu_op[3]_i_1_comp.
INFO: [Physopt 32-735] Processed net u_soc/Core_cpu/U_ID_EX/have_inst_o_reg_0. Optimization improves timing on the net.
INFO: [Physopt 32-619] Estimated Timing Summary | WNS=-0.671 | TNS=-456.801 |
INFO: [Physopt 32-663] Processed net u_soc/Core_cpu/U_IF_ID/id_pc[21].  Re-placed instance u_soc/Core_cpu/U_IF_ID/id_pc_reg[21]
INFO: [Physopt 32-735] Processed net u_soc/Core_cpu/U_IF_ID/id_pc[21]. Optimization improves timing on the net.
INFO: [Physopt 32-619] Estimated Timing Summary | WNS=-0.670 | TNS=-457.000 |
INFO: [Physopt 32-663] Processed net u_soc/Core_cpu/U_IF_ID/id_pc4_reg[31]_0[12].  Re-placed instance u_soc/Core_cpu/U_IF_ID/id_pc4_reg[13]
INFO: [Physopt 32-735] Processed net u_soc/Core_cpu/U_IF_ID/id_pc4_reg[31]_0[12]. Optimization improves timing on the net.
INFO: [Physopt 32-619] Estimated Timing Summary | WNS=-0.670 | TNS=-457.171 |
INFO: [Physopt 32-663] Processed net u_soc/Core_cpu/U_IF_ID/id_pc4_reg[31]_0[17].  Re-placed instance u_soc/Core_cpu/U_IF_ID/id_pc4_reg[18]
INFO: [Physopt 32-735] Processed net u_soc/Core_cpu/U_IF_ID/id_pc4_reg[31]_0[17]. Optimization improves timing on the net.
INFO: [Physopt 32-619] Estimated Timing Summary | WNS=-0.670 | TNS=-457.347 |
INFO: [Physopt 32-663] Processed net u_soc/Core_cpu/U_IF_ID/id_pc4_reg[31]_0[25].  Re-placed instance u_soc/Core_cpu/U_IF_ID/id_pc4_reg[26]
INFO: [Physopt 32-735] Processed net u_soc/Core_cpu/U_IF_ID/id_pc4_reg[31]_0[25]. Optimization improves timing on the net.
INFO: [Physopt 32-619] Estimated Timing Summary | WNS=-0.670 | TNS=-457.581 |
INFO: [Physopt 32-663] Processed net u_soc/Core_cpu/U_IF_ID/id_pc4_reg[31]_0[29].  Re-placed instance u_soc/Core_cpu/U_IF_ID/id_pc4_reg[30]
INFO: [Physopt 32-735] Processed net u_soc/Core_cpu/U_IF_ID/id_pc4_reg[31]_0[29]. Optimization improves timing on the net.
INFO: [Physopt 32-619] Estimated Timing Summary | WNS=-0.669 | TNS=-457.688 |
INFO: [Physopt 32-702] Processed net u_soc/Core_cpu/u_ifu_subsys/u_ibuf/cnt_q_reg_n_0_[2]. Optimizations did not improve timing on the net.
INFO: [Physopt 32-663] Processed net u_soc/Core_cpu/u_ifu_subsys/u_ibuf/cnt_q[2]_i_3_n_0.  Re-placed instance u_soc/Core_cpu/u_ifu_subsys/u_ibuf/cnt_q[2]_i_3
INFO: [Physopt 32-735] Processed net u_soc/Core_cpu/u_ifu_subsys/u_ibuf/cnt_q[2]_i_3_n_0. Optimization improves timing on the net.
INFO: [Physopt 32-619] Estimated Timing Summary | WNS=-0.669 | TNS=-457.571 |
INFO: [Physopt 32-663] Processed net u_soc/Core_cpu/u_ifu_subsys/u_ibuf/head_q_reg[2].  Re-placed instance u_soc/Core_cpu/u_ifu_subsys/u_ibuf/head_q_reg[2]
INFO: [Physopt 32-735] Processed net u_soc/Core_cpu/u_ifu_subsys/u_ibuf/head_q_reg[2]. Optimization improves timing on the net.
INFO: [Physopt 32-619] Estimated Timing Summary | WNS=-0.668 | TNS=-457.320 |
INFO: [Physopt 32-663] Processed net u_soc/Core_cpu/U_IF_ID/id_pc[22].  Re-placed instance u_soc/Core_cpu/U_IF_ID/id_pc_reg[22]
INFO: [Physopt 32-735] Processed net u_soc/Core_cpu/U_IF_ID/id_pc[22]. Optimization improves timing on the net.
INFO: [Physopt 32-619] Estimated Timing Summary | WNS=-0.668 | TNS=-457.424 |
INFO: [Physopt 32-663] Processed net u_soc/Core_cpu/U_IF_ID/id_pc[23].  Re-placed instance u_soc/Core_cpu/U_IF_ID/id_pc_reg[23]
INFO: [Physopt 32-735] Processed net u_soc/Core_cpu/U_IF_ID/id_pc[23]. Optimization improves timing on the net.
INFO: [Physopt 32-619] Estimated Timing Summary | WNS=-0.667 | TNS=-457.546 |
INFO: [Physopt 32-663] Processed net u_soc/Core_cpu/U_IF_ID/id_pc[2].  Re-placed instance u_soc/Core_cpu/U_IF_ID/id_pc_reg[2]
INFO: [Physopt 32-735] Processed net u_soc/Core_cpu/U_IF_ID/id_pc[2]. Optimization improves timing on the net.
INFO: [Physopt 32-619] Estimated Timing Summary | WNS=-0.665 | TNS=-457.736 |
INFO: [Physopt 32-663] Processed net u_soc/Core_cpu/U_IF_ID/id_pc4_reg[31]_0[23].  Re-placed instance u_soc/Core_cpu/U_IF_ID/id_pc4_reg[24]
INFO: [Physopt 32-735] Processed net u_soc/Core_cpu/U_IF_ID/id_pc4_reg[31]_0[23]. Optimization improves timing on the net.
INFO: [Physopt 32-619] Estimated Timing Summary | WNS=-0.665 | TNS=-457.849 |
INFO: [Physopt 32-663] Processed net u_soc/Core_cpu/U_IF_ID/id_pc4_reg[31]_0[24].  Re-placed instance u_soc/Core_cpu/U_IF_ID/id_pc4_reg[25]
INFO: [Physopt 32-735] Processed net u_soc/Core_cpu/U_IF_ID/id_pc4_reg[31]_0[24]. Optimization improves timing on the net.
INFO: [Physopt 32-619] Estimated Timing Summary | WNS=-0.665 | TNS=-457.964 |
INFO: [Physopt 32-663] Processed net u_soc/Core_cpu/U_IF_ID/id_pc4_reg[31]_0[1].  Re-placed instance u_soc/Core_cpu/U_IF_ID/id_pc4_reg[2]
INFO: [Physopt 32-735] Processed net u_soc/Core_cpu/U_IF_ID/id_pc4_reg[31]_0[1]. Optimization improves timing on the net.
INFO: [Physopt 32-619] Estimated Timing Summary | WNS=-0.665 | TNS=-458.112 |
INFO: [Physopt 32-663] Processed net u_soc/Core_cpu/U_IF_ID/id_pred_npc_reg[31]_0[4].  Re-placed instance u_soc/Core_cpu/U_IF_ID/id_pred_npc_reg[4]
INFO: [Physopt 32-735] Processed net u_soc/Core_cpu/U_IF_ID/id_pred_npc_reg[31]_0[4]. Optimization improves timing on the net.
INFO: [Physopt 32-619] Estimated Timing Summary | WNS=-0.663 | TNS=-458.220 |
INFO: [Physopt 32-663] Processed net u_soc/Core_cpu/U_IF_ID/id_pred_npc_reg[31]_0[15].  Re-placed instance u_soc/Core_cpu/U_IF_ID/id_pred_npc_reg[15]
INFO: [Physopt 32-735] Processed net u_soc/Core_cpu/U_IF_ID/id_pred_npc_reg[31]_0[15]. Optimization improves timing on the net.
INFO: [Physopt 32-619] Estimated Timing Summary | WNS=-0.663 | TNS=-458.415 |
INFO: [Physopt 32-663] Processed net u_soc/Core_cpu/U_IF_ID/id_pred_npc_reg[31]_0[2].  Re-placed instance u_soc/Core_cpu/U_IF_ID/id_pred_npc_reg[2]
INFO: [Physopt 32-735] Processed net u_soc/Core_cpu/U_IF_ID/id_pred_npc_reg[31]_0[2]. Optimization improves timing on the net.
INFO: [Physopt 32-619] Estimated Timing Summary | WNS=-0.662 | TNS=-458.619 |
INFO: [Physopt 32-663] Processed net u_soc/Core_cpu/U_IF_ID/id_inst_reg[20]_rep_0.  Re-placed instance u_soc/Core_cpu/U_IF_ID/id_inst_reg[20]_rep
INFO: [Physopt 32-735] Processed net u_soc/Core_cpu/U_IF_ID/id_inst_reg[20]_rep_0. Optimization improves timing on the net.
INFO: [Physopt 32-619] Estimated Timing Summary | WNS=-0.662 | TNS=-458.732 |
INFO: [Physopt 32-663] Processed net u_soc/Core_cpu/U_IF_ID/id_inst_reg[21]_rep_0.  Re-placed instance u_soc/Core_cpu/U_IF_ID/id_inst_reg[21]_rep
INFO: [Physopt 32-735] Processed net u_soc/Core_cpu/U_IF_ID/id_inst_reg[21]_rep_0. Optimization improves timing on the net.
INFO: [Physopt 32-619] Estimated Timing Summary | WNS=-0.662 | TNS=-458.854 |
INFO: [Physopt 32-663] Processed net u_soc/Core_cpu/U_IF_ID/id_inst_reg[21]_rep__2_0.  Re-placed instance u_soc/Core_cpu/U_IF_ID/id_inst_reg[21]_rep__2
INFO: [Physopt 32-735] Processed net u_soc/Core_cpu/U_IF_ID/id_inst_reg[21]_rep__2_0. Optimization improves timing on the net.
INFO: [Physopt 32-619] Estimated Timing Summary | WNS=-0.661 | TNS=-458.962 |
INFO: [Physopt 32-619] Estimated Timing Summary | WNS=-0.661 | TNS=-458.962 |
Netlist sorting complete. Time (s): cpu = 00:00:00.01 ; elapsed = 00:00:00.01 . Memory (MB): peak = 3506.242 ; gain = 0.000 ; free physical = 66038 ; free virtual = 945657
Phase 3 Critical Path Optimization | Checksum: e3248556

Time (s): cpu = 00:00:10 ; elapsed = 00:00:04 . Memory (MB): peak = 3506.242 ; gain = 0.000 ; free physical = 66038 ; free virtual = 945657

Phase 4 Critical Path Optimization
INFO: [Physopt 32-619] Estimated Timing Summary | WNS=-0.661 | TNS=-458.962 |
INFO: [Physopt 32-663] Processed net u_soc/Core_cpu/U_IF_ID/id_pc4_reg[31]_0[18].  Re-placed instance u_soc/Core_cpu/U_IF_ID/id_pc4_reg[19]
INFO: [Physopt 32-735] Processed net u_soc/Core_cpu/U_IF_ID/id_pc4_reg[31]_0[18]. Optimization improves timing on the net.
INFO: [Physopt 32-619] Estimated Timing Summary | WNS=-0.661 | TNS=-459.073 |
INFO: [Physopt 32-663] Processed net u_soc/Core_cpu/U_IF_ID/id_pc[31].  Re-placed instance u_soc/Core_cpu/U_IF_ID/id_pc_reg[31]
INFO: [Physopt 32-735] Processed net u_soc/Core_cpu/U_IF_ID/id_pc[31]. Optimization improves timing on the net.
INFO: [Physopt 32-619] Estimated Timing Summary | WNS=-0.661 | TNS=-459.228 |
INFO: [Physopt 32-663] Processed net u_soc/Core_cpu/U_IF_ID/id_pred_npc_reg[31]_0[14].  Re-placed instance u_soc/Core_cpu/U_IF_ID/id_pred_npc_reg[14]
INFO: [Physopt 32-735] Processed net u_soc/Core_cpu/U_IF_ID/id_pred_npc_reg[31]_0[14]. Optimization improves timing on the net.
INFO: [Physopt 32-619] Estimated Timing Summary | WNS=-0.660 | TNS=-459.345 |
INFO: [Physopt 32-663] Processed net u_soc/Core_cpu/u_ifu_subsys/u_ibuf/head_q_reg[1].  Re-placed instance u_soc/Core_cpu/u_ifu_subsys/u_ibuf/head_q_reg[1]
INFO: [Physopt 32-735] Processed net u_soc/Core_cpu/u_ifu_subsys/u_ibuf/head_q_reg[1]. Optimization improves timing on the net.
INFO: [Physopt 32-619] Estimated Timing Summary | WNS=-0.660 | TNS=-459.093 |
INFO: [Physopt 32-663] Processed net u_soc/Core_cpu/U_IF_ID/Q[9].  Re-placed instance u_soc/Core_cpu/U_IF_ID/id_inst_reg[9]
INFO: [Physopt 32-735] Processed net u_soc/Core_cpu/U_IF_ID/Q[9]. Optimization improves timing on the net.
INFO: [Physopt 32-619] Estimated Timing Summary | WNS=-0.660 | TNS=-459.245 |
INFO: [Physopt 32-663] Processed net u_soc/Core_cpu/U_IF_ID/id_pc4_reg[31]_0[21].  Re-placed instance u_soc/Core_cpu/U_IF_ID/id_pc4_reg[22]
INFO: [Physopt 32-735] Processed net u_soc/Core_cpu/U_IF_ID/id_pc4_reg[31]_0[21]. Optimization improves timing on the net.
INFO: [Physopt 32-619] Estimated Timing Summary | WNS=-0.660 | TNS=-459.380 |
INFO: [Physopt 32-663] Processed net u_soc/Core_cpu/U_IF_ID/id_pc[18].  Re-placed instance u_soc/Core_cpu/U_IF_ID/id_pc_reg[18]
INFO: [Physopt 32-735] Processed net u_soc/Core_cpu/U_IF_ID/id_pc[18]. Optimization improves timing on the net.
INFO: [Physopt 32-619] Estimated Timing Summary | WNS=-0.660 | TNS=-459.525 |
INFO: [Physopt 32-663] Processed net u_soc/Core_cpu/U_IF_ID/id_pc[30].  Re-placed instance u_soc/Core_cpu/U_IF_ID/id_pc_reg[30]
INFO: [Physopt 32-735] Processed net u_soc/Core_cpu/U_IF_ID/id_pc[30]. Optimization improves timing on the net.
INFO: [Physopt 32-619] Estimated Timing Summary | WNS=-0.660 | TNS=-459.687 |
INFO: [Physopt 32-663] Processed net u_soc/Core_cpu/U_IF_ID/id_pc[7].  Re-placed instance u_soc/Core_cpu/U_IF_ID/id_pc_reg[7]
INFO: [Physopt 32-735] Processed net u_soc/Core_cpu/U_IF_ID/id_pc[7]. Optimization improves timing on the net.
INFO: [Physopt 32-619] Estimated Timing Summary | WNS=-0.660 | TNS=-459.801 |
INFO: [Physopt 32-663] Processed net u_soc/Core_cpu/U_IF_ID/id_pred_npc_reg[31]_0[16].  Re-placed instance u_soc/Core_cpu/U_IF_ID/id_pred_npc_reg[16]
INFO: [Physopt 32-735] Processed net u_soc/Core_cpu/U_IF_ID/id_pred_npc_reg[31]_0[16]. Optimization improves timing on the net.
INFO: [Physopt 32-619] Estimated Timing Summary | WNS=-0.660 | TNS=-459.942 |
INFO: [Physopt 32-663] Processed net u_soc/Core_cpu/U_IF_ID/id_pred_npc_reg[31]_0[17].  Re-placed instance u_soc/Core_cpu/U_IF_ID/id_pred_npc_reg[17]
INFO: [Physopt 32-735] Processed net u_soc/Core_cpu/U_IF_ID/id_pred_npc_reg[31]_0[17]. Optimization improves timing on the net.
INFO: [Physopt 32-619] Estimated Timing Summary | WNS=-0.660 | TNS=-460.076 |
INFO: [Physopt 32-663] Processed net u_soc/Core_cpu/U_IF_ID/id_pred_npc_reg[31]_0[31].  Re-placed instance u_soc/Core_cpu/U_IF_ID/id_pred_npc_reg[31]
INFO: [Physopt 32-735] Processed net u_soc/Core_cpu/U_IF_ID/id_pred_npc_reg[31]_0[31]. Optimization improves timing on the net.
INFO: [Physopt 32-619] Estimated Timing Summary | WNS=-0.659 | TNS=-460.210 |
INFO: [Physopt 32-663] Processed net u_soc/Core_cpu/U_IF_ID/id_bht_chk_reg[7]_0[0].  Re-placed instance u_soc/Core_cpu/U_IF_ID/id_bht_chk_reg[0]
INFO: [Physopt 32-735] Processed net u_soc/Core_cpu/U_IF_ID/id_bht_chk_reg[7]_0[0]. Optimization improves timing on the net.
INFO: [Physopt 32-619] Estimated Timing Summary | WNS=-0.659 | TNS=-460.389 |
INFO: [Physopt 32-702] Processed net u_soc/Core_cpu/U_IF_ID/id_bht_chk_reg[7]_0[1]. Optimizations did not improve timing on the net.
INFO: [Physopt 32-702] Processed net u_soc/Core_cpu/U_ID_EX/ex_csr_op_reg[1]_rep__0_n_0. Optimizations did not improve timing on the net.
INFO: [Physopt 32-702] Processed net u_soc/Core_cpu/U_ID_EX/have_inst_o_reg_0. Optimizations did not improve timing on the net.
INFO: [Physopt 32-702] Processed net u_soc/Core_cpu/U_ID_EX/mispredict0. Optimizations did not improve timing on the net.
INFO: [Physopt 32-608] Optimized 1 net.  Swapped 18 pins.
INFO: [Physopt 32-735] Processed net u_soc/Core_cpu/U_ID_EX/iu_red_vld_q_i_6_n_0. Optimization improves timing on the net.
INFO: [Physopt 32-619] Estimated Timing Summary | WNS=-0.650 | TNS=-454.949 |
INFO: [Physopt 32-702] Processed net u_soc/Core_cpu/U_ID_EX/iu_red_vld_q_i_11_n_0. Optimizations did not improve timing on the net.
INFO: [Physopt 32-608] Optimized 1 net.  Swapped 24 pins.
INFO: [Physopt 32-735] Processed net u_soc/Core_cpu/U_ID_EX/actual_npc[17]. Optimization improves timing on the net.
INFO: [Physopt 32-619] Estimated Timing Summary | WNS=-0.623 | TNS=-438.766 |
INFO: [Physopt 32-702] Processed net u_soc/Core_cpu/U_ID_EX/actual_npc[17]. Optimizations did not improve timing on the net.
INFO: [Physopt 32-702] Processed net u_soc/Core_cpu/U_ID_EX/iu_red_pc_q[31]_i_3_n_0. Optimizations did not improve timing on the net.
INFO: [Physopt 32-608] Optimized 1 net.  Swapped 17 pins.
INFO: [Physopt 32-735] Processed net u_soc/Core_cpu/U_ID_EX/ex_alu_f. Optimization improves timing on the net.
INFO: [Physopt 32-619] Estimated Timing Summary | WNS=-0.621 | TNS=-414.408 |
INFO: [Physopt 32-702] Processed net u_soc/Core_cpu/U_ID_EX/Q[18]. Optimizations did not improve timing on the net.
INFO: [Physopt 32-702] Processed net u_soc/Mem_DRAM/u_prim/mem_rd[31]. Optimizations did not improve timing on the net.
INFO: [Physopt 32-702] Processed net u_soc/Core_cpu/U_IF_ID/ex_A[18]_i_2_n_0. Optimizations did not improve timing on the net.
INFO: [Physopt 32-702] Processed net u_soc/Core_cpu/U_MEM_wD_MUX/mem_wD[18]. Optimizations did not improve timing on the net.
INFO: [Physopt 32-702] Processed net u_soc/Core_cpu/U_MEM/mem_DRAM_rdo[18]. Optimizations did not improve timing on the net.
INFO: [Physopt 32-702] Processed net u_soc/Core_cpu/U_MEM/mem_dram_sel_reg[0]. Optimizations did not improve timing on the net.
INFO: [Physopt 32-608] Optimized 1 net.  Swapped 23 pins.
INFO: [Physopt 32-735] Processed net u_soc/Core_cpu/U_MEM/i_/wb_wD[31]_i_6_n_0. Optimization improves timing on the net.
INFO: [Physopt 32-619] Estimated Timing Summary | WNS=-0.607 | TNS=-400.226 |
INFO: [Physopt 32-702] Processed net u_soc/Core_cpu/u_ifu_subsys/u_ibuf/ent_q_reg[4]_2[20]. Optimizations did not improve timing on the net.
INFO: [Physopt 32-702] Processed net u_soc/Core_cpu/u_ifu_biu_mem/u_rom/u_prim/out[20]. Optimizations did not improve timing on the net.
INFO: [Physopt 32-702] Processed net u_soc/Core_cpu/u_ifu_subsys/u_ibuf/ent_q[6][20]_i_4_n_0. Optimizations did not improve timing on the net.
INFO: [Physopt 32-608] Optimized 1 net.  Swapped 22 pins.
INFO: [Physopt 32-735] Processed net u_soc/Core_cpu/u_ifu_subsys/u_ibuf/p_0_in__0[20]. Optimization improves timing on the net.
INFO: [Physopt 32-619] Estimated Timing Summary | WNS=-0.600 | TNS=-400.169 |
INFO: [Physopt 32-702] Processed net u_soc/Core_cpu/u_ifu_subsys/u_ibuf/p_0_in__0[20]. Optimizations did not improve timing on the net.
INFO: [Physopt 32-608] Optimized 1 net.  Swapped 24 pins.
INFO: [Physopt 32-735] Processed net u_soc/Core_cpu/u_ifu_subsys/u_icache/u_tag_way0/u_prim/ib_push0[20]. Optimization improves timing on the net.
INFO: [Physopt 32-619] Estimated Timing Summary | WNS=-0.590 | TNS=-399.953 |
INFO: [Physopt 32-702] Processed net u_soc/Core_cpu/u_ifu_subsys/u_ibuf/ent_q_reg[0]_6[132]. Optimizations did not improve timing on the net.
INFO: [Physopt 32-702] Processed net u_soc/Core_cpu/u_ifu_subsys/g_gshare.u_bht/q_idx_q[3]. Optimizations did not improve timing on the net.
INFO: [Physopt 32-608] Optimized 1 net.  Swapped 24 pins.
INFO: [Physopt 32-735] Processed net u_soc/Core_cpu/u_ifu_subsys/u_ibuf/ent_q[0][132]_i_2_n_0. Optimization improves timing on the net.
INFO: [Physopt 32-619] Estimated Timing Summary | WNS=-0.586 | TNS=-399.891 |
INFO: [Physopt 32-702] Processed net u_soc/Core_cpu/u_ifu_subsys/u_ibuf/ent_q_reg[5]_1[22]. Optimizations did not improve timing on the net.
INFO: [Physopt 32-702] Processed net u_soc/Core_cpu/u_ifu_biu_mem/u_rom/u_prim/out[22]. Optimizations did not improve timing on the net.
INFO: [Physopt 32-608] Optimized 1 net.  Swapped 22 pins.
INFO: [Physopt 32-735] Processed net u_soc/Core_cpu/u_ifu_subsys/u_ibuf/ent_q[6][22]_i_3_n_0. Optimization improves timing on the net.
INFO: [Physopt 32-619] Estimated Timing Summary | WNS=-0.581 | TNS=-399.642 |
INFO: [Physopt 32-702] Processed net u_soc/Core_cpu/U_ID_EX/ex_alu_f. Optimizations did not improve timing on the net.
INFO: [Physopt 32-702] Processed net u_soc/Core_cpu/U_ID_EX/ctr_q_reg_r1_0_63_0_2_i_26_n_0. Optimizations did not improve timing on the net.
INFO: [Physopt 32-702] Processed net u_soc/Core_cpu/U_ALU/ex_B_reg[31][0]. Optimizations did not improve timing on the net.
INFO: [Physopt 32-702] Processed net u_soc/Core_cpu/U_ID_EX/ex_B_reg[11]_1[3]. Optimizations did not improve timing on the net.
INFO: [Physopt 32-608] Optimized 1 net.  Swapped 18 pins.
INFO: [Physopt 32-735] Processed net u_soc/Core_cpu/U_ID_EX/ex_A_final[11]. Optimization improves timing on the net.
INFO: [Physopt 32-619] Estimated Timing Summary | WNS=-0.576 | TNS=-397.127 |
INFO: [Physopt 32-702] Processed net u_soc/Core_cpu/U_ID_EX/ex_B_reg[11]_1[2]. Optimizations did not improve timing on the net.
INFO: [Physopt 32-663] Processed net u_soc/Core_cpu/U_ID_EX/ex_A_final[8].  Re-placed instance u_soc/Core_cpu/U_ID_EX/mem_reg_0_i_120
INFO: [Physopt 32-735] Processed net u_soc/Core_cpu/U_ID_EX/ex_A_final[8]. Optimization improves timing on the net.
INFO: [Physopt 32-619] Estimated Timing Summary | WNS=-0.573 | TNS=-392.607 |
INFO: [Physopt 32-702] Processed net u_soc/Core_cpu/u_ifu_biu_mem/u_rom/u_prim/out[84]. Optimizations did not improve timing on the net.
INFO: [Physopt 32-702] Processed net u_soc/Core_cpu/u_ifu_subsys/u_icache/u_tag_way0/u_prim/ib_push0[20]. Optimizations did not improve timing on the net.
INFO: [Physopt 32-702] Processed net u_soc/Core_cpu/u_ifu_subsys/u_icache/u_tag_way0/u_prim/id_inst[20]_i_6_n_0. Optimizations did not improve timing on the net.
INFO: [Physopt 32-663] Processed net u_soc/Core_cpu/u_ifu_subsys/u_icache/u_tag_way0/u_prim/id_inst[20]_i_10_n_0.  Re-placed instance u_soc/Core_cpu/u_ifu_subsys/u_icache/u_tag_way0/u_prim/id_inst[20]_i_10
INFO: [Physopt 32-735] Processed net u_soc/Core_cpu/u_ifu_subsys/u_icache/u_tag_way0/u_prim/id_inst[20]_i_10_n_0. Optimization improves timing on the net.
INFO: [Physopt 32-619] Estimated Timing Summary | WNS=-0.572 | TNS=-392.143 |
INFO: [Physopt 32-702] Processed net u_soc/Core_cpu/U_ID_EX/ex_B_reg[3]_rep__0_n_0. Optimizations did not improve timing on the net.
INFO: [Physopt 32-702] Processed net u_soc/Mem_DRAM/u_prim/mem_rd[3]. Optimizations did not improve timing on the net.
INFO: [Physopt 32-608] Optimized 1 net.  Swapped 20 pins.
INFO: [Physopt 32-735] Processed net u_soc/Core_cpu/U_IF_ID/B_forward[3]. Optimization improves timing on the net.
INFO: [Physopt 32-619] Estimated Timing Summary | WNS=-0.570 | TNS=-391.971 |
INFO: [Physopt 32-663] Processed net u_soc/Core_cpu/U_MEM/i_/wb_wD[30]_i_4_n_0.  Re-placed instance u_soc/Core_cpu/U_MEM/i_/wb_wD[30]_i_4
INFO: [Physopt 32-735] Processed net u_soc/Core_cpu/U_MEM/i_/wb_wD[30]_i_4_n_0. Optimization improves timing on the net.
INFO: [Physopt 32-619] Estimated Timing Summary | WNS=-0.567 | TNS=-390.226 |
INFO: [Physopt 32-702] Processed net u_soc/Core_cpu/U_ALU/ex_B_reg[30][0]. Optimizations did not improve timing on the net.
INFO: [Physopt 32-702] Processed net u_soc/Core_cpu/U_ID_EX/ex_B_reg[6]_1[1]. Optimizations did not improve timing on the net.
INFO: [Physopt 32-663] Processed net u_soc/Core_cpu/U_ID_EX/ex_A_final[3].  Re-placed instance u_soc/Core_cpu/U_ID_EX/mem_reg_0_i_142
INFO: [Physopt 32-735] Processed net u_soc/Core_cpu/U_ID_EX/ex_A_final[3]. Optimization improves timing on the net.
INFO: [Physopt 32-619] Estimated Timing Summary | WNS=-0.566 | TNS=-389.731 |
INFO: [Physopt 32-702] Processed net u_soc/Core_cpu/U_ID_EX/ex_B_reg[11]_1[1]. Optimizations did not improve timing on the net.
INFO: [Physopt 32-702] Processed net u_soc/Core_cpu/U_ID_EX/ex_A_final[5]. Optimizations did not improve timing on the net.
INFO: [Physopt 32-663] Processed net u_soc/Core_cpu/U_ID_EX/have_inst_o_reg_1.  Re-placed instance u_soc/Core_cpu/U_ID_EX/id_pc[31]_i_1
INFO: [Physopt 32-735] Processed net u_soc/Core_cpu/U_ID_EX/have_inst_o_reg_1. Optimization improves timing on the net.
INFO: [Physopt 32-619] Estimated Timing Summary | WNS=-0.564 | TNS=-386.727 |
INFO: [Physopt 32-702] Processed net u_soc/Core_cpu/U_ID_EX/Q[6]. Optimizations did not improve timing on the net.
INFO: [Physopt 32-702] Processed net u_soc/Mem_DRAM/u_prim/mem_rd[30]. Optimizations did not improve timing on the net.
INFO: [Physopt 32-663] Processed net u_soc/Core_cpu/U_IF_ID/ex_A[6]_i_2_n_0.  Re-placed instance u_soc/Core_cpu/U_IF_ID/ex_A[6]_i_2
INFO: [Physopt 32-735] Processed net u_soc/Core_cpu/U_IF_ID/ex_A[6]_i_2_n_0. Optimization improves timing on the net.
INFO: [Physopt 32-619] Estimated Timing Summary | WNS=-0.562 | TNS=-386.616 |
INFO: [Physopt 32-663] Processed net u_soc/Core_cpu/U_IF_ID/Q[17].  Re-placed instance u_soc/Core_cpu/U_IF_ID/id_inst_reg[17]
INFO: [Physopt 32-735] Processed net u_soc/Core_cpu/U_IF_ID/Q[17]. Optimization improves timing on the net.
INFO: [Physopt 32-619] Estimated Timing Summary | WNS=-0.558 | TNS=-386.585 |
INFO: [Physopt 32-663] Processed net u_soc/Core_cpu/u_ifu_subsys/u_ibuf/head_q_reg[1]_rep_n_0.  Re-placed instance u_soc/Core_cpu/u_ifu_subsys/u_ibuf/head_q_reg[1]_rep
INFO: [Physopt 32-735] Processed net u_soc/Core_cpu/u_ifu_subsys/u_ibuf/head_q_reg[1]_rep_n_0. Optimization improves timing on the net.
INFO: [Physopt 32-619] Estimated Timing Summary | WNS=-0.558 | TNS=-386.399 |
INFO: [Physopt 32-702] Processed net u_soc/Core_cpu/U_ID_EX/Q[3]. Optimizations did not improve timing on the net.
INFO: [Physopt 32-702] Processed net u_soc/Core_cpu/U_IF_ID/ex_A[3]_i_2_n_0. Optimizations did not improve timing on the net.
INFO: [Physopt 32-702] Processed net u_soc/Core_cpu/U_MEM_wD_MUX/mem_wD[3]. Optimizations did not improve timing on the net.
INFO: [Physopt 32-663] Processed net u_soc/Core_cpu/U_MEM/mem_DRAM_rdo[3].  Re-placed instance u_soc/Core_cpu/U_MEM/i_/wb_wD[3]_i_3
INFO: [Physopt 32-735] Processed net u_soc/Core_cpu/U_MEM/mem_DRAM_rdo[3]. Optimization improves timing on the net.
INFO: [Physopt 32-619] Estimated Timing Summary | WNS=-0.557 | TNS=-386.322 |
INFO: [Physopt 32-619] Estimated Timing Summary | WNS=-0.557 | TNS=-386.322 |
Netlist sorting complete. Time (s): cpu = 00:00:00 ; elapsed = 00:00:00 . Memory (MB): peak = 3506.242 ; gain = 0.000 ; free physical = 65911 ; free virtual = 945529
Phase 4 Critical Path Optimization | Checksum: 186cd45db

Time (s): cpu = 00:00:18 ; elapsed = 00:00:07 . Memory (MB): peak = 3506.242 ; gain = 0.000 ; free physical = 65911 ; free virtual = 945530
Netlist sorting complete. Time (s): cpu = 00:00:00 ; elapsed = 00:00:00.01 . Memory (MB): peak = 3506.242 ; gain = 0.000 ; free physical = 65911 ; free virtual = 945530
INFO: [Physopt 32-603] Post Physical Optimization Timing Summary | WNS=-0.557 | TNS=-386.322 |

Summary of Physical Synthesis Optimizations
============================================


-------------------------------------------------------------------------------------------------------------------------------------------------------------
|  Optimization   |  WNS Gain (ns)  |  TNS Gain (ns)  |  Added Cells  |  Removed Cells  |  Optimized Cells/Nets  |  Dont Touch  |  Iterations  |  Elapsed   |
-------------------------------------------------------------------------------------------------------------------------------------------------------------
|  DSP Register   |          0.000  |          0.000  |            0  |              0  |                     0  |           0  |           1  |  00:00:00  |
|  Critical Path  |          0.122  |        150.139  |            0  |              0  |                    52  |           0  |           2  |  00:00:06  |
|  Total          |          0.122  |        150.139  |            0  |              0  |                    52  |           0  |           3  |  00:00:06  |
-------------------------------------------------------------------------------------------------------------------------------------------------------------


Netlist sorting complete. Time (s): cpu = 00:00:00 ; elapsed = 00:00:00 . Memory (MB): peak = 3506.242 ; gain = 0.000 ; free physical = 65911 ; free virtual = 945529
Ending Physical Synthesis Task | Checksum: 15f37a301

Time (s): cpu = 00:00:18 ; elapsed = 00:00:07 . Memory (MB): peak = 3506.242 ; gain = 0.000 ; free physical = 65910 ; free virtual = 945529
INFO: [Common 17-83] Releasing license: Implementation
316 Infos, 0 Warnings, 0 Critical Warnings and 0 Errors encountered.
phys_opt_design completed successfully
phys_opt_design: Time (s): cpu = 00:00:22 ; elapsed = 00:00:08 . Memory (MB): peak = 3506.242 ; gain = 0.000 ; free physical = 65909 ; free virtual = 945528
INFO: [Timing 38-480] Writing timing data to binary archive.
Write ShapeDB Complete: Time (s): cpu = 00:00:00.07 ; elapsed = 00:00:00.01 . Memory (MB): peak = 3506.242 ; gain = 0.000 ; free physical = 65909 ; free virtual = 945529
Wrote PlaceDB: Time (s): cpu = 00:00:02 ; elapsed = 00:00:00.68 . Memory (MB): peak = 3506.242 ; gain = 0.000 ; free physical = 65891 ; free virtual = 945525
Wrote PulsedLatchDB: Time (s): cpu = 00:00:00 ; elapsed = 00:00:00 . Memory (MB): peak = 3506.242 ; gain = 0.000 ; free physical = 65891 ; free virtual = 945525
Writing XDEF routing.
Writing XDEF routing logical nets.
Writing XDEF routing special nets.
Wrote RouteStorage: Time (s): cpu = 00:00:00.02 ; elapsed = 00:00:00.02 . Memory (MB): peak = 3506.242 ; gain = 0.000 ; free physical = 65890 ; free virtual = 945524
Wrote Netlist Cache: Time (s): cpu = 00:00:00.02 ; elapsed = 00:00:00.02 . Memory (MB): peak = 3506.242 ; gain = 0.000 ; free physical = 65888 ; free virtual = 945524
Wrote Device Cache: Time (s): cpu = 00:00:00 ; elapsed = 00:00:00 . Memory (MB): peak = 3506.242 ; gain = 0.000 ; free physical = 65888 ; free virtual = 945524
Write Physdb Complete: Time (s): cpu = 00:00:02 ; elapsed = 00:00:00.73 . Memory (MB): peak = 3506.242 ; gain = 0.000 ; free physical = 65888 ; free virtual = 945524
INFO: [Common 17-1381] The checkpoint '/home/st-wangjun/project/RISCV_A910/synth/vivado/fmax_impl_5.2ns_gs/fmax_impl_5.2ns_gs.runs/impl_1/top_fmax_physopt.dcp' has been generated.
Command: route_design
Attempting to get a license for feature 'Implementation' and/or device 'xc7k325t'
INFO: [Common 17-349] Got license for feature 'Implementation' and/or device 'xc7k325t'
INFO: [DRC 23-27] Running DRC with 8 threads
INFO: [Vivado_Tcl 4-198] DRC finished with 0 Errors
INFO: [Vivado_Tcl 4-199] Please refer to the DRC report (report_drc) for more information.
Running DRC as a precondition to command route_design
INFO: [DRC 23-27] Running DRC with 8 threads
INFO: [Vivado_Tcl 4-198] DRC finished with 0 Errors
INFO: [Vivado_Tcl 4-199] Please refer to the DRC report (report_drc) for more information.


Starting Routing Task
INFO: [Route 35-254] Multithreading enabled for route_design using a maximum of 8 CPUs

Phase 1 Build RT Design
Checksum: PlaceDB: af10d6a5 ConstDB: 0 ShapeSum: 5e2299a3 RouteDB: 0
Post Restoration Checksum: NetGraph: 260b8438 | NumContArr: f8ccdda7 | Constraints: c2a8fa9d | Timing: c2a8fa9d
Phase 1 Build RT Design | Checksum: 2a42a5719

Time (s): cpu = 00:00:32 ; elapsed = 00:00:20 . Memory (MB): peak = 3653.148 ; gain = 146.906 ; free physical = 66463 ; free virtual = 946095

Phase 2 Router Initialization

Phase 2.1 Fix Topology Constraints
Phase 2.1 Fix Topology Constraints | Checksum: 2a42a5719

Time (s): cpu = 00:00:32 ; elapsed = 00:00:20 . Memory (MB): peak = 3653.148 ; gain = 146.906 ; free physical = 66462 ; free virtual = 946095

Phase 2.2 Pre Route Cleanup
Phase 2.2 Pre Route Cleanup | Checksum: 2a42a5719

Time (s): cpu = 00:00:32 ; elapsed = 00:00:20 . Memory (MB): peak = 3653.148 ; gain = 146.906 ; free physical = 66465 ; free virtual = 946098
 Number of Nodes with overlaps = 0

Phase 2.3 Update Timing
Phase 2.3 Update Timing | Checksum: 35ba150fe

Time (s): cpu = 00:00:39 ; elapsed = 00:00:23 . Memory (MB): peak = 3738.883 ; gain = 232.641 ; free physical = 66320 ; free virtual = 945953
INFO: [Route 35-416] Intermediate Timing Summary | WNS=-0.588 | TNS=-112.324| WHS=-0.270 | THS=-166.983|


Router Utilization Summary
  Global Vertical Routing Utilization    = 0 %
  Global Horizontal Routing Utilization  = 0 %
  Routable Net Status*
  *Does not include unroutable nets such as driverless and loadless.
  Run report_route_status for detailed report.
  Number of Failed Nets               = 12439
    (Failed Nets is the sum of unrouted and partially routed nets)
  Number of Unrouted Nets             = 12439
  Number of Partially Routed Nets     = 0
  Number of Node Overlaps             = 0

Phase 2 Router Initialization | Checksum: 2f420a23c

Time (s): cpu = 00:00:43 ; elapsed = 00:00:24 . Memory (MB): peak = 3748.133 ; gain = 241.891 ; free physical = 66299 ; free virtual = 945932

Phase 3 Initial Routing

Phase 3.1 Global Routing
Phase 3.1 Global Routing | Checksum: 2f420a23c

Time (s): cpu = 00:00:43 ; elapsed = 00:00:24 . Memory (MB): peak = 3748.133 ; gain = 241.891 ; free physical = 66299 ; free virtual = 945932

Phase 3.2 Initial Net Routing
Phase 3.2 Initial Net Routing | Checksum: 3619d35ae

Time (s): cpu = 00:00:55 ; elapsed = 00:00:27 . Memory (MB): peak = 3781.133 ; gain = 274.891 ; free physical = 66052 ; free virtual = 945703
Phase 3 Initial Routing | Checksum: 3619d35ae

Time (s): cpu = 00:00:55 ; elapsed = 00:00:27 . Memory (MB): peak = 3781.133 ; gain = 274.891 ; free physical = 66048 ; free virtual = 945699
INFO: [Route 35-580] Design has 340 pins with tight setup and hold constraints.

The top 5 pins with tight setup and hold constraints:

+====================+===================+=======================================================+
| Launch Setup Clock | Launch Hold Clock | Pin                                                   |
+====================+===================+=======================================================+
| clk                | clk               | u_soc/Core_cpu/U_ID_EX/ex_A_reg[11]/D                 |
| clk                | clk               | u_soc/Core_cpu/u_ifu_subsys/u_ibuf/ent_q_reg[0][22]/D |
| clk                | clk               | u_soc/Core_cpu/u_ifu_subsys/u_ibuf/cnt_q_reg[3]/D     |
| clk                | clk               | u_soc/Core_cpu/u_ifu_subsys/u_ibuf/cnt_q_reg[4]/D     |
| clk                | clk               | u_soc/Core_cpu/u_ifu_subsys/u_ibuf/ent_q_reg[1][18]/D |
+--------------------+-------------------+-------------------------------------------------------+

File with complete list of pins: tight_setup_hold_pins.txt


Phase 4 Rip-up And Reroute

Phase 4.1 Global Iteration 0
 Number of Nodes with overlaps = 4463
 Number of Nodes with overlaps = 864
 Number of Nodes with overlaps = 235
 Number of Nodes with overlaps = 70
 Number of Nodes with overlaps = 28
 Number of Nodes with overlaps = 16
 Number of Nodes with overlaps = 7
 Number of Nodes with overlaps = 3
 Number of Nodes with overlaps = 1
 Number of Nodes with overlaps = 0
INFO: [Route 35-416] Intermediate Timing Summary | WNS=-1.369 | TNS=-1137.386| WHS=N/A    | THS=N/A    |

Phase 4.1 Global Iteration 0 | Checksum: 220f394d5

Time (s): cpu = 00:01:27 ; elapsed = 00:00:51 . Memory (MB): peak = 3781.133 ; gain = 274.891 ; free physical = 66422 ; free virtual = 946089

Phase 4.2 Global Iteration 1
 Number of Nodes with overlaps = 260
 Number of Nodes with overlaps = 109
 Number of Nodes with overlaps = 42
 Number of Nodes with overlaps = 17
 Number of Nodes with overlaps = 3
 Number of Nodes with overlaps = 1
 Number of Nodes with overlaps = 0
INFO: [Route 35-416] Intermediate Timing Summary | WNS=-1.044 | TNS=-984.811| WHS=N/A    | THS=N/A    |

Phase 4.2 Global Iteration 1 | Checksum: 29d13148b

Time (s): cpu = 00:01:35 ; elapsed = 00:00:56 . Memory (MB): peak = 3781.133 ; gain = 274.891 ; free physical = 65855 ; free virtual = 945522

Phase 4.3 Global Iteration 2
 Number of Nodes with overlaps = 506
 Number of Nodes with overlaps = 146
 Number of Nodes with overlaps = 124
 Number of Nodes with overlaps = 54
 Number of Nodes with overlaps = 38
 Number of Nodes with overlaps = 32
 Number of Nodes with overlaps = 9
 Number of Nodes with overlaps = 4
 Number of Nodes with overlaps = 8
 Number of Nodes with overlaps = 1
 Number of Nodes with overlaps = 1
 Number of Nodes with overlaps = 2
 Number of Nodes with overlaps = 2
 Number of Nodes with overlaps = 1
 Number of Nodes with overlaps = 0
INFO: [Route 35-416] Intermediate Timing Summary | WNS=-0.920 | TNS=-730.827| WHS=N/A    | THS=N/A    |

Phase 4.3 Global Iteration 2 | Checksum: 2878df2ac

Time (s): cpu = 00:01:51 ; elapsed = 00:01:06 . Memory (MB): peak = 3781.133 ; gain = 274.891 ; free physical = 67598 ; free virtual = 947270

Phase 4.4 Global Iteration 3
 Number of Nodes with overlaps = 299
 Number of Nodes with overlaps = 240
 Number of Nodes with overlaps = 147
 Number of Nodes with overlaps = 107
 Number of Nodes with overlaps = 75
 Number of Nodes with overlaps = 61
 Number of Nodes with overlaps = 30
 Number of Nodes with overlaps = 19
 Number of Nodes with overlaps = 11
 Number of Nodes with overlaps = 9
 Number of Nodes with overlaps = 7
 Number of Nodes with overlaps = 5
 Number of Nodes with overlaps = 3
 Number of Nodes with overlaps = 5
 Number of Nodes with overlaps = 2
 Number of Nodes with overlaps = 2
 Number of Nodes with overlaps = 3
 Number of Nodes with overlaps = 1
 Number of Nodes with overlaps = 0
INFO: [Route 35-416] Intermediate Timing Summary | WNS=-0.902 | TNS=-613.942| WHS=N/A    | THS=N/A    |

Phase 4.4 Global Iteration 3 | Checksum: 26cc77b87

Time (s): cpu = 00:02:11 ; elapsed = 00:01:17 . Memory (MB): peak = 3781.133 ; gain = 274.891 ; free physical = 68391 ; free virtual = 948108
Phase 4 Rip-up And Reroute | Checksum: 26cc77b87

Time (s): cpu = 00:02:11 ; elapsed = 00:01:17 . Memory (MB): peak = 3781.133 ; gain = 274.891 ; free physical = 68391 ; free virtual = 948108

Phase 5 Delay and Skew Optimization

Phase 5.1 Delay CleanUp

Phase 5.1.1 Update Timing
Phase 5.1.1 Update Timing | Checksum: 2c0360872

Time (s): cpu = 00:02:12 ; elapsed = 00:01:18 . Memory (MB): peak = 3781.133 ; gain = 274.891 ; free physical = 68400 ; free virtual = 948106
INFO: [Route 35-416] Intermediate Timing Summary | WNS=-0.810 | TNS=-503.732| WHS=N/A    | THS=N/A    |

 Number of Nodes with overlaps = 0
Phase 5.1 Delay CleanUp | Checksum: 270b9ff03

Time (s): cpu = 00:02:13 ; elapsed = 00:01:18 . Memory (MB): peak = 3781.133 ; gain = 274.891 ; free physical = 68398 ; free virtual = 948098

Phase 5.2 Clock Skew Optimization
Phase 5.2 Clock Skew Optimization | Checksum: 270b9ff03

Time (s): cpu = 00:02:13 ; elapsed = 00:01:18 . Memory (MB): peak = 3781.133 ; gain = 274.891 ; free physical = 68398 ; free virtual = 948098
Phase 5 Delay and Skew Optimization | Checksum: 270b9ff03

Time (s): cpu = 00:02:13 ; elapsed = 00:01:18 . Memory (MB): peak = 3781.133 ; gain = 274.891 ; free physical = 68398 ; free virtual = 948098

Phase 6 Post Hold Fix

Phase 6.1 Hold Fix Iter

Phase 6.1.1 Update Timing
Phase 6.1.1 Update Timing | Checksum: 225c99a53

Time (s): cpu = 00:02:15 ; elapsed = 00:01:19 . Memory (MB): peak = 3781.133 ; gain = 274.891 ; free physical = 68415 ; free virtual = 948115
INFO: [Route 35-416] Intermediate Timing Summary | WNS=-0.768 | TNS=-464.513| WHS=-1.012 | THS=-3.610 |

Phase 6.1 Hold Fix Iter | Checksum: 269eb1dfb

Time (s): cpu = 00:02:15 ; elapsed = 00:01:19 . Memory (MB): peak = 3781.133 ; gain = 274.891 ; free physical = 68412 ; free virtual = 948112

Phase 6.2 Non Free Resource Hold Fix Iter
Phase 6.2 Non Free Resource Hold Fix Iter | Checksum: 22e5d9710

Time (s): cpu = 00:02:15 ; elapsed = 00:01:19 . Memory (MB): peak = 3781.133 ; gain = 274.891 ; free physical = 68411 ; free virtual = 948111
Phase 6 Post Hold Fix | Checksum: 22e5d9710

Time (s): cpu = 00:02:15 ; elapsed = 00:01:19 . Memory (MB): peak = 3781.133 ; gain = 274.891 ; free physical = 68411 ; free virtual = 948111

Phase 7 Route finalize

Router Utilization Summary
  Global Vertical Routing Utilization    = 1.39898 %
  Global Horizontal Routing Utilization  = 2.05875 %
  Routable Net Status*
  *Does not include unroutable nets such as driverless and loadless.
  Run report_route_status for detailed report.
  Number of Failed Nets               = 0
    (Failed Nets is the sum of unrouted and partially routed nets)
  Number of Unrouted Nets             = 0
  Number of Partially Routed Nets     = 0
  Number of Node Overlaps             = 0


--GLOBAL Congestion:
Utilization threshold used for congestion level computation: 0.85
Congestion Report
North Dir 1x1 Area, Max Cong = 78.3784%, No Congested Regions.
South Dir 1x1 Area, Max Cong = 73.8739%, No Congested Regions.
East Dir 1x1 Area, Max Cong = 89.7059%, Congestion bounded by tiles (Lower Left Tile -> Upper Right Tile):
   INT_R_X27Y51 -> INT_R_X27Y51
   INT_L_X28Y51 -> INT_L_X28Y51
   INT_L_X28Y50 -> INT_L_X28Y50
   INT_R_X21Y26 -> INT_R_X21Y26
   INT_L_X22Y26 -> INT_L_X22Y26
West Dir 1x1 Area, Max Cong = 92.6471%, Congestion bounded by tiles (Lower Left Tile -> Upper Right Tile):
   INT_L_X20Y57 -> INT_L_X20Y57
   INT_L_X28Y52 -> INT_L_X28Y52
   INT_R_X29Y51 -> INT_R_X29Y51
   INT_R_X19Y50 -> INT_R_X19Y50
   INT_R_X31Y50 -> INT_R_X31Y50

------------------------------
Reporting congestion hotspots
------------------------------
Direction: North
----------------
Congested clusters found at Level 0
Effective congestion level: 0 Aspect Ratio: 1 Sparse Ratio: 0
Direction: South
----------------
Congested clusters found at Level 0
Effective congestion level: 0 Aspect Ratio: 1 Sparse Ratio: 0
Direction: East
----------------
Congested clusters found at Level 0
Effective congestion level: 1 Aspect Ratio: 1 Sparse Ratio: 1
Direction: West
----------------
Congested clusters found at Level 0
Effective congestion level: 1 Aspect Ratio: 0.5 Sparse Ratio: 0.5

Phase 7 Route finalize | Checksum: 22e5d9710

Time (s): cpu = 00:02:15 ; elapsed = 00:01:19 . Memory (MB): peak = 3781.133 ; gain = 274.891 ; free physical = 68411 ; free virtual = 948111

Phase 8 Verifying routed nets

 Verification completed successfully
Phase 8 Verifying routed nets | Checksum: 22e5d9710

Time (s): cpu = 00:02:15 ; elapsed = 00:01:19 . Memory (MB): peak = 3781.133 ; gain = 274.891 ; free physical = 68411 ; free virtual = 948111

Phase 9 Depositing Routes
Phase 9 Depositing Routes | Checksum: 2d74ff9f1

Time (s): cpu = 00:02:17 ; elapsed = 00:01:20 . Memory (MB): peak = 3781.133 ; gain = 274.891 ; free physical = 70337 ; free virtual = 950037

Phase 10 Post Router Timing

Phase 10.1 Update Timing
Phase 10.1 Update Timing | Checksum: 31abd7dff

Time (s): cpu = 00:02:18 ; elapsed = 00:01:20 . Memory (MB): peak = 3781.133 ; gain = 274.891 ; free physical = 70711 ; free virtual = 950411
INFO: [Route 35-57] Estimated Timing Summary | WNS=-0.768 | TNS=-464.513| WHS=0.077  | THS=0.000  |

WARNING: [Route 35-328] Router estimated timing not met.
Resolution: For a complete and accurate timing signoff, report_timing_summary must be run after route_design. Alternatively, route_design can be run with the -timing_summary option to enable a complete timing signoff at the end of route_design.
Phase 10 Post Router Timing | Checksum: 31abd7dff

Time (s): cpu = 00:02:18 ; elapsed = 00:01:20 . Memory (MB): peak = 3781.133 ; gain = 274.891 ; free physical = 70712 ; free virtual = 950412
INFO: [Route 35-16] Router Completed Successfully

Phase 11 Post-Route Event Processing
Phase 11 Post-Route Event Processing | Checksum: 1ce725df8

Time (s): cpu = 00:02:18 ; elapsed = 00:01:21 . Memory (MB): peak = 3781.133 ; gain = 274.891 ; free physical = 70707 ; free virtual = 950407
Ending Routing Task | Checksum: 1ce725df8

Time (s): cpu = 00:02:19 ; elapsed = 00:01:21 . Memory (MB): peak = 3781.133 ; gain = 274.891 ; free physical = 70701 ; free virtual = 950400

Routing Is Done.
INFO: [Common 17-83] Releasing license: Implementation
337 Infos, 1 Warnings, 0 Critical Warnings and 0 Errors encountered.
route_design completed successfully
route_design: Time (s): cpu = 00:02:21 ; elapsed = 00:01:22 . Memory (MB): peak = 3800.121 ; gain = 293.879 ; free physical = 70700 ; free virtual = 950400
INFO: [runtcl-4] Executing : report_drc -file top_fmax_drc_routed.rpt -pb top_fmax_drc_routed.pb -rpx top_fmax_drc_routed.rpx
Command: report_drc -file top_fmax_drc_routed.rpt -pb top_fmax_drc_routed.pb -rpx top_fmax_drc_routed.rpx
INFO: [IP_Flow 19-1839] IP Catalog is up to date.
INFO: [DRC 23-27] Running DRC with 8 threads
INFO: [Vivado_Tcl 2-168] The results of DRC are in file /home/st-wangjun/project/RISCV_A910/synth/vivado/fmax_impl_5.2ns_gs/fmax_impl_5.2ns_gs.runs/impl_1/top_fmax_drc_routed.rpt.
report_drc completed successfully
INFO: [runtcl-4] Executing : report_methodology -file top_fmax_methodology_drc_routed.rpt -pb top_fmax_methodology_drc_routed.pb -rpx top_fmax_methodology_drc_routed.rpx
Command: report_methodology -file top_fmax_methodology_drc_routed.rpt -pb top_fmax_methodology_drc_routed.pb -rpx top_fmax_methodology_drc_routed.rpx
INFO: [Timing 38-35] Done setting XDC timing constraints.
INFO: [DRC 23-133] Running Methodology with 8 threads
INFO: [Vivado_Tcl 2-1520] The results of Report Methodology are in file /home/st-wangjun/project/RISCV_A910/synth/vivado/fmax_impl_5.2ns_gs/fmax_impl_5.2ns_gs.runs/impl_1/top_fmax_methodology_drc_routed.rpt.
report_methodology completed successfully
INFO: [runtcl-4] Executing : report_power -file top_fmax_power_routed.rpt -pb top_fmax_power_summary_routed.pb -rpx top_fmax_power_routed.rpx
Command: report_power -file top_fmax_power_routed.rpt -pb top_fmax_power_summary_routed.pb -rpx top_fmax_power_routed.rpx
INFO: [Timing 38-35] Done setting XDC timing constraints.
Running Vector-less Activity Propagation...

Finished Running Vector-less Activity Propagation
347 Infos, 1 Warnings, 0 Critical Warnings and 0 Errors encountered.
report_power completed successfully
INFO: [runtcl-4] Executing : report_route_status -file top_fmax_route_status.rpt -pb top_fmax_route_status.pb
INFO: [runtcl-4] Executing : report_timing_summary -max_paths 10 -report_unconstrained -file top_fmax_timing_summary_routed.rpt -pb top_fmax_timing_summary_routed.pb -rpx top_fmax_timing_summary_routed.rpx -warn_on_violation 
INFO: [Timing 38-91] UpdateTimingParams: Speed grade: -2, Delay Type: min_max.
INFO: [Timing 38-191] Multithreading enabled for timing update using a maximum of 8 CPUs
CRITICAL WARNING: [Timing 38-282] The design failed to meet the timing requirements. Please see the timing summary report for details on the timing violations.
INFO: [runtcl-4] Executing : report_incremental_reuse -file top_fmax_incremental_reuse_routed.rpt
INFO: [Vivado_Tcl 4-1062] Incremental flow is disabled. No incremental reuse Info to report.
INFO: [runtcl-4] Executing : report_clock_utilization -file top_fmax_clock_utilization_routed.rpt
INFO: [runtcl-4] Executing : report_bus_skew -warn_on_violation -file top_fmax_bus_skew_routed.rpt -pb top_fmax_bus_skew_routed.pb -rpx top_fmax_bus_skew_routed.rpx
INFO: [Timing 38-91] UpdateTimingParams: Speed grade: -2, Delay Type: min_max.
INFO: [Timing 38-191] Multithreading enabled for timing update using a maximum of 8 CPUs
INFO: [Timing 38-480] Writing timing data to binary archive.
Write ShapeDB Complete: Time (s): cpu = 00:00:00.09 ; elapsed = 00:00:00.02 . Memory (MB): peak = 3946.531 ; gain = 0.000 ; free physical = 74086 ; free virtual = 953792
Wrote PlaceDB: Time (s): cpu = 00:00:02 ; elapsed = 00:00:00.67 . Memory (MB): peak = 3946.531 ; gain = 0.000 ; free physical = 74059 ; free virtual = 953781
Wrote PulsedLatchDB: Time (s): cpu = 00:00:00 ; elapsed = 00:00:00 . Memory (MB): peak = 3946.531 ; gain = 0.000 ; free physical = 74059 ; free virtual = 953781
Writing XDEF routing.
Writing XDEF routing logical nets.
Writing XDEF routing special nets.
Wrote RouteStorage: Time (s): cpu = 00:00:00.14 ; elapsed = 00:00:00.14 . Memory (MB): peak = 3946.531 ; gain = 0.000 ; free physical = 74012 ; free virtual = 953737
Wrote Netlist Cache: Time (s): cpu = 00:00:00.01 ; elapsed = 00:00:00.01 . Memory (MB): peak = 3946.531 ; gain = 0.000 ; free physical = 74009 ; free virtual = 953735
Wrote Device Cache: Time (s): cpu = 00:00:00.01 ; elapsed = 00:00:00.01 . Memory (MB): peak = 3946.531 ; gain = 0.000 ; free physical = 74007 ; free virtual = 953733
Write Physdb Complete: Time (s): cpu = 00:00:02 ; elapsed = 00:00:00.84 . Memory (MB): peak = 3946.531 ; gain = 0.000 ; free physical = 74007 ; free virtual = 953733
INFO: [Common 17-1381] The checkpoint '/home/st-wangjun/project/RISCV_A910/synth/vivado/fmax_impl_5.2ns_gs/fmax_impl_5.2ns_gs.runs/impl_1/top_fmax_routed.dcp' has been generated.
INFO: [Common 17-206] Exiting Vivado at Tue Sep 29 01:13:11 2026...
[Tue Sep 29 01:13:21 2026] impl_1 finished
wait_on_runs: Time (s): cpu = 00:00:01 ; elapsed = 00:03:19 . Memory (MB): peak = 1441.371 ; gain = 0.000 ; free physical = 74749 ; free virtual = 954466
INFO: [Device 21-403] Loading part xc7k325tffg900-2
Netlist sorting complete. Time (s): cpu = 00:00:00.06 ; elapsed = 00:00:00.05 . Memory (MB): peak = 1812.082 ; gain = 0.000 ; free physical = 74195 ; free virtual = 953920
INFO: [Netlist 29-17] Analyzing 1153 Unisim elements for replacement
INFO: [Netlist 29-28] Unisim Transformation completed in 0 CPU seconds
INFO: [Project 1-479] Netlist was created with Vivado 2023.2
INFO: [Project 1-570] Preparing netlist for logic optimization
Read ShapeDB Complete: Time (s): cpu = 00:00:00.01 ; elapsed = 00:00:00.01 . Memory (MB): peak = 1904.645 ; gain = 3.004 ; free physical = 74105 ; free virtual = 953854
INFO: [Timing 38-478] Restoring timing data from binary archive.
INFO: [Timing 38-479] Binary timing data restore complete.
INFO: [Project 1-856] Restoring constraints from binary archive.
INFO: [Project 1-853] Binary constraint restore complete.
INFO: [Designutils 20-5722] Start Reading Physical Databases.
Reading placement.
Read Netlist Cache: Time (s): cpu = 00:00:00.02 ; elapsed = 00:00:00.02 . Memory (MB): peak = 2604.051 ; gain = 0.000 ; free physical = 75068 ; free virtual = 954801
Reading placer database...
Read Device Cache: Time (s): cpu = 00:00:00.01 ; elapsed = 00:00:00.01 . Memory (MB): peak = 2604.051 ; gain = 0.000 ; free physical = 75066 ; free virtual = 954799
Read PlaceDB: Time (s): cpu = 00:00:00.53 ; elapsed = 00:00:00.54 . Memory (MB): peak = 2604.051 ; gain = 0.000 ; free physical = 75044 ; free virtual = 954777
Read PulsedLatchDB: Time (s): cpu = 00:00:00 ; elapsed = 00:00:00 . Memory (MB): peak = 2604.051 ; gain = 0.000 ; free physical = 75044 ; free virtual = 954777
Reading routing.
Read RouteStorage: Time (s): cpu = 00:00:00.24 ; elapsed = 00:00:00.26 . Memory (MB): peak = 2604.051 ; gain = 0.000 ; free physical = 75037 ; free virtual = 954770
Read Physdb Files: Time (s): cpu = 00:00:00.8 ; elapsed = 00:00:00.83 . Memory (MB): peak = 2604.051 ; gain = 0.004 ; free physical = 75037 ; free virtual = 954770
Restored from archive | CPU: 0.860000 secs | Memory: 19.865395 MB |
Finished XDEF File Restore: Time (s): cpu = 00:00:00.83 ; elapsed = 00:00:00.86 . Memory (MB): peak = 2604.051 ; gain = 7.938 ; free physical = 75037 ; free virtual = 954770
Netlist sorting complete. Time (s): cpu = 00:00:00 ; elapsed = 00:00:00 . Memory (MB): peak = 2604.051 ; gain = 0.000 ; free physical = 75036 ; free virtual = 954769
INFO: [Project 1-111] Unisim Transformation Summary:
  A total of 126 instances were transformed.
  RAM32M => RAM32M (RAMD32(x6), RAMS32(x2)): 8 instances
  RAM64M => RAM64M (RAMD64E(x4)): 52 instances
  RAM64X1D => RAM64X1D (RAMD64E(x2)): 66 instances

open_run: Time (s): cpu = 00:00:13 ; elapsed = 00:00:13 . Memory (MB): peak = 2604.051 ; gain = 1162.680 ; free physical = 75035 ; free virtual = 954768
# report_timing_summary -delay_type max -max_paths 20 -file [file join $PROJ_DIR timing_summary.rpt]
INFO: [Timing 38-91] UpdateTimingParams: Speed grade: -2, Delay Type: max.
INFO: [Timing 38-191] Multithreading enabled for timing update using a maximum of 8 CPUs
# report_utilization -file [file join $PROJ_DIR utilization.rpt]
# report_timing -delay_type max -max_paths 500 -file [file join $PROJ_DIR timing_paths500.rpt]
INFO: [Timing 38-91] UpdateTimingParams: Speed grade: -2, Delay Type: max.
INFO: [Timing 38-191] Multithreading enabled for timing update using a maximum of 8 CPUs
INFO: [Timing 38-78] ReportTimingParams: -max_paths 500 -nworst 1 -delay_type max -sort_by slack.
# report_timing -delay_type max -max_paths 200 -nworst 8 -file [file join $PROJ_DIR timing_paths_f1.rpt]
INFO: [Timing 38-91] UpdateTimingParams: Speed grade: -2, Delay Type: max.
INFO: [Timing 38-191] Multithreading enabled for timing update using a maximum of 8 CPUs
INFO: [Timing 38-78] ReportTimingParams: -max_paths 200 -nworst 8 -delay_type max -sort_by slack.
# if {[catch {
#     set f1_src [get_pins -hier -filter {NAME =~ "*u_icache/q_pc_q_reg*/C"}]
#     if {[llength $f1_src] > 0} {
#         report_timing -delay_type max -from $f1_src -max_paths 20 -nworst 3 \
#             -file [file join $PROJ_DIR timing_from_qpc.rpt]
#         puts "F1 report: [llength $f1_src] 个 q_pc_q 起点"
#     } else {
#         puts "F1 report: 找不到 u_icache/q_pc_q_reg, 跳过"
#     }
# } err]} { puts "F1 report skipped: $err" }
INFO: [Timing 38-91] UpdateTimingParams: Speed grade: -2, Delay Type: max.
INFO: [Timing 38-191] Multithreading enabled for timing update using a maximum of 8 CPUs
INFO: [Timing 38-78] ReportTimingParams: -from_pins  -max_paths 20 -nworst 3 -delay_type max -sort_by slack.
F1 report: 26 个 q_pc_q 起点
# set wns  [get_property SLACK [get_timing_paths -delay_type max -max_paths 1]]
# set fmax [expr {1000.0 / ($PERIOD - $wns)}]
# puts "================================================================"
================================================================
# puts "TIMING PATHS (top 8):"
TIMING PATHS (top 8):
# set i 0
# foreach p [get_timing_paths -delay_type max -max_paths 8] {
#     incr i
#     puts [format "  %d) %8.3f ns  %s -> %s" \
#         $i [get_property SLACK $p] \
#         [get_property STARTPOINT_PIN $p] [get_property ENDPOINT_PIN $p]]
# }
  1)   -0.767 ns  u_soc/Core_cpu/U_ID_EX/ex_csr_op_reg[1]_rep__0/C -> u_soc/Core_cpu/U_IF_ID/id_pred_npc_reg[2]/D
  2)   -0.759 ns  u_soc/Core_cpu/U_ID_EX/ex_csr_op_reg[1]_rep__0/C -> u_soc/Core_cpu/U_IF_ID/id_pred_npc_reg[4]/D
  3)   -0.759 ns  u_soc/Core_cpu/U_ID_EX/ex_csr_op_reg[1]_rep__0/C -> u_soc/Core_cpu/U_ID_EX/ex_csr_rdata_reg[12]/D
  4)   -0.756 ns  u_soc/Core_cpu/U_ID_EX/ex_csr_op_reg[1]_rep__0/C -> u_soc/Core_cpu/U_IF_ID/id_pred_npc_reg[15]/D
  5)   -0.742 ns  u_soc/Core_cpu/U_ID_EX/ex_csr_op_reg[1]_rep__0/C -> u_soc/Core_cpu/U_IF_ID/id_inst_reg[26]/D
  6)   -0.741 ns  u_soc/Core_cpu/U_ID_EX/ex_csr_op_reg[1]_rep__0/C -> u_soc/Core_cpu/U_IF_ID/id_pc4_reg[26]/D
  7)   -0.729 ns  u_soc/Core_cpu/U_ID_EX/ex_csr_op_reg[1]_rep__0/C -> u_soc/Core_cpu/U_IF_ID/id_pc4_reg[30]/D
  8)   -0.713 ns  u_soc/Core_cpu/U_ID_EX/ex_csr_op_reg[1]_rep__0/C -> u_soc/Core_cpu/U_IF_ID/id_bht_chk_reg[4]/CE
# set ncrit 0
# foreach p [get_timing_paths -delay_type max -max_paths 200 -slack_lesser_than 0] { incr ncrit }
# puts "VIOLATING PATHS (slack<0, up to 200): $ncrit"
VIOLATING PATHS (slack<0, up to 200): 200
# set non_ex ""
# foreach p [get_timing_paths -delay_type max -max_paths 300 -nworst 8] {
#     if {[string match "*ex_csr_addr*" [get_property STARTPOINT_PIN $p]]} { continue }
#     set non_ex $p
#     break
# }
# if {$non_ex ne ""} {
#     puts [format "WORST_NON_EX slack=%.3fns  %s -> %s" \
#         [get_property SLACK $non_ex] \
#         [get_property STARTPOINT_PIN $non_ex] [get_property ENDPOINT_PIN $non_ex]]
# } else {
#     puts "WORST_NON_EX 没有非 ex_csr_addr 起点的路径 (前 300 个终点全是它)"
# }
WORST_NON_EX slack=-0.767ns  u_soc/Core_cpu/U_ID_EX/ex_csr_op_reg[1]_rep__0/C -> u_soc/Core_cpu/U_IF_ID/id_pred_npc_reg[2]/D
# puts [format "FMAX_SUMMARY period=%s mode=%s wns=%.4f fmax_mhz=%.2f" \
#       $PERIOD $MODE $wns $fmax]
FMAX_SUMMARY period=5.2 mode=impl wns=-0.7670 fmax_mhz=167.59
# puts "================================================================"
================================================================
INFO: [Common 17-206] Exiting Vivado at Tue Sep 29 01:13:38 2026...
