Copyright 1986-2022 Xilinx, Inc. All Rights Reserved. Copyright 2022-2023 Advanced Micro Devices, Inc. All Rights Reserved.
---------------------------------------------------------------------------------------------------------------------------------------------------------------
| Tool Version : Vivado v.2023.2 (lin64) Build 4029153 Fri Oct 13 20:13:54 MDT 2023
| Date         : Mon Sep 28 23:14:16 2026
| Host         : edaserver08 running 64-bit NAME="Red Hat Enterprise Linux Server"
| Command      : report_timing_summary -delay_type max -max_paths 20 -file /home/st-wangjun/project/RISCV_A910/synth/vivado/fmax_impl_6.7ns/timing_summary.rpt
| Design       : top_fmax
| Device       : 7k325t-ffg900
| Speed File   : -2  PRODUCTION 1.12 2017-02-17
| Design State : Routed
---------------------------------------------------------------------------------------------------------------------------------------------------------------

Timing Summary Report

------------------------------------------------------------------------------------------------
| Timer Settings
| --------------
------------------------------------------------------------------------------------------------

  Enable Multi Corner Analysis               :  Yes
  Enable Pessimism Removal                   :  Yes
  Pessimism Removal Resolution               :  Nearest Common Node
  Enable Input Delay Default Clock           :  No
  Enable Preset / Clear Arcs                 :  No
  Disable Flight Delays                      :  No
  Ignore I/O Paths                           :  No
  Timing Early Launch at Borrowing Latches   :  No
  Borrow Time for Max Delay Exceptions       :  Yes
  Merge Timing Exceptions                    :  Yes
  Inter-SLR Compensation                     :  Conservative

  Corner  Analyze    Analyze    
  Name    Max Paths  Min Paths  
  ------  ---------  ---------  
  Slow    Yes        Yes        
  Fast    Yes        Yes        


------------------------------------------------------------------------------------------------
| Report Methodology
| ------------------
------------------------------------------------------------------------------------------------

Rule    Severity  Description                               Violations  
------  --------  ----------------------------------------  ----------  
XDCH-2  Warning   Same min and max delay values on IO port  1           

Note: This report is based on the most recent report_methodology run and may not be up-to-date. Run report_methodology on the current design for the latest report.



check_timing report

Table of Contents
-----------------
1. checking no_clock (0)
2. checking constant_clock (0)
3. checking pulse_width_clock (0)
4. checking unconstrained_internal_endpoints (0)
5. checking no_input_delay (0)
6. checking no_output_delay (71)
7. checking multiple_clock (0)
8. checking generated_clocks (0)
9. checking loops (0)
10. checking partial_input_delay (0)
11. checking partial_output_delay (0)
12. checking latch_loops (0)

1. checking no_clock (0)
------------------------
 There are 0 register/latch pins with no clock.


2. checking constant_clock (0)
------------------------------
 There are 0 register/latch pins with constant_clock.


3. checking pulse_width_clock (0)
---------------------------------
 There are 0 register/latch pins which need pulse_width check


4. checking unconstrained_internal_endpoints (0)
------------------------------------------------
 There are 0 pins that are not constrained for maximum delay.

 There are 0 pins that are not constrained for maximum delay due to constant clock.


5. checking no_input_delay (0)
------------------------------
 There are 0 input ports with no input delay specified.

 There are 0 input ports with no input delay but user has a false path constraint.


6. checking no_output_delay (71)
--------------------------------
 There are 0 ports with no output delay specified.

 There are 71 ports with no output delay but user has a false path constraint (MEDIUM)

 There are 0 ports with no output delay but with a timing clock defined on it or propagating through it


7. checking multiple_clock (0)
------------------------------
 There are 0 register/latch pins with multiple clocks.


8. checking generated_clocks (0)
--------------------------------
 There are 0 generated clocks that are not connected to a clock source.


9. checking loops (0)
---------------------
 There are 0 combinational loops in the design.


10. checking partial_input_delay (0)
------------------------------------
 There are 0 input ports with partial input delay specified.


11. checking partial_output_delay (0)
-------------------------------------
 There are 0 ports with partial output delay specified.


12. checking latch_loops (0)
----------------------------
 There are 0 combinational latch loops in the design through latch input



------------------------------------------------------------------------------------------------
| Design Timing Summary
| ---------------------
------------------------------------------------------------------------------------------------

    WNS(ns)      TNS(ns)  TNS Failing Endpoints  TNS Total Endpoints     WPWS(ns)     TPWS(ns)  TPWS Failing Endpoints  TPWS Total Endpoints  
    -------      -------  ---------------------  -------------------     --------     --------  ----------------------  --------------------  
     -0.413      -42.234                    385                20304        2.582        0.000                       0                  5757  


Timing constraints are not met.


------------------------------------------------------------------------------------------------
| Clock Summary
| -------------
------------------------------------------------------------------------------------------------

Clock  Waveform(ns)         Period(ns)      Frequency(MHz)
-----  ------------         ----------      --------------
clk    {0.000 3.350}        6.700           149.254         


------------------------------------------------------------------------------------------------
| Intra Clock Table
| -----------------
------------------------------------------------------------------------------------------------

Clock             WNS(ns)      TNS(ns)  TNS Failing Endpoints  TNS Total Endpoints     WPWS(ns)     TPWS(ns)  TPWS Failing Endpoints  TPWS Total Endpoints  
-----             -------      -------  ---------------------  -------------------     --------     --------  ----------------------  --------------------  
clk                -0.413      -42.234                    385                18385        2.582        0.000                       0                  5757  


------------------------------------------------------------------------------------------------
| Inter Clock Table
| -----------------
------------------------------------------------------------------------------------------------

From Clock    To Clock          WNS(ns)      TNS(ns)  TNS Failing Endpoints  TNS Total Endpoints  
----------    --------          -------      -------  ---------------------  -------------------  


------------------------------------------------------------------------------------------------
| Other Path Groups Table
| -----------------------
------------------------------------------------------------------------------------------------

Path Group         From Clock         To Clock               WNS(ns)      TNS(ns)  TNS Failing Endpoints  TNS Total Endpoints  
----------         ----------         --------               -------      -------  ---------------------  -------------------  
**async_default**  clk                clk                      1.881        0.000                      0                 1919  


------------------------------------------------------------------------------------------------
| Timing Details
| --------------
------------------------------------------------------------------------------------------------


---------------------------------------------------------------------------------------------------
From Clock:  clk
  To Clock:  clk

Setup :          385  Failing Endpoints,  Worst Slack       -0.413ns,  Total Violation      -42.234ns
Hold  :           NA  Failing Endpoints,  Worst Slack           NA  ,  Total Violation           NA
PW    :            0  Failing Endpoints,  Worst Slack        2.582ns,  Total Violation        0.000ns
---------------------------------------------------------------------------------------------------


Max Delay Paths
--------------------------------------------------------------------------------------
Slack (VIOLATED) :        -0.413ns  (required time - arrival time)
  Source:                 u_soc/Core_cpu/u_ifu_subsys/g_tage.u_tage/q_row_idx_reg[1][0]/C
                            (rising edge-triggered cell FDRE clocked by clk  {rise@0.000ns fall@3.350ns period=6.700ns})
  Destination:            u_soc/Core_cpu/u_ifu_subsys/u_icache/u_dat_way0/u_prim/mem_q_reg_0/ADDRARDADDR[10]
                            (rising edge-triggered cell RAMB36E1 clocked by clk  {rise@0.000ns fall@3.350ns period=6.700ns})
  Path Group:             clk
  Path Type:              Setup (Max at Slow Process Corner)
  Requirement:            6.700ns  (clk rise@6.700ns - clk rise@0.000ns)
  Data Path Delay:        6.590ns  (logic 0.782ns (11.866%)  route 5.808ns (88.134%))
  Logic Levels:           13  (LUT3=2 LUT5=2 LUT6=8 RAMD64E=1)
  Clock Path Skew:        -0.071ns (DCD - SCD + CPR)
    Destination Clock Delay (DCD):    4.707ns = ( 11.407 - 6.700 ) 
    Source Clock Delay      (SCD):    5.088ns
    Clock Pessimism Removal (CPR):    0.310ns
  Clock Uncertainty:      0.035ns  ((TSJ^2 + TIJ^2)^1/2 + DJ) / 2 + PE
    Total System Jitter     (TSJ):    0.071ns
    Total Input Jitter      (TIJ):    0.000ns
    Discrete Jitter          (DJ):    0.000ns
    Phase Error              (PE):    0.000ns

    Location             Delay type                Incr(ns)  Path(ns)    Netlist Resource(s)
  -------------------------------------------------------------------    -------------------
                         (clock clk rise edge)        0.000     0.000 r  
    AE23                                              0.000     0.000 r  clk (IN)
                         net (fo=0)                   0.000     0.000    clk
    AE23                 IBUF (Prop_ibuf_I_O)         0.734     0.734 r  clk_IBUF_inst/O
                         net (fo=1, routed)           2.651     3.385    clk_IBUF
    BUFGCTRL_X0Y0        BUFG (Prop_bufg_I_O)         0.093     3.478 r  u_bufg/O
                         net (fo=5756, routed)        1.610     5.088    u_soc/Core_cpu/u_ifu_subsys/g_tage.u_tage/clk_buf
    SLICE_X43Y75         FDRE                                         r  u_soc/Core_cpu/u_ifu_subsys/g_tage.u_tage/q_row_idx_reg[1][0]/C
  -------------------------------------------------------------------    -------------------
    SLICE_X43Y75         FDRE (Prop_fdre_C_Q)         0.223     5.311 r  u_soc/Core_cpu/u_ifu_subsys/g_tage.u_tage/q_row_idx_reg[1][0]/Q
                         net (fo=62, routed)          0.682     5.993    u_soc/Core_cpu/u_ifu_subsys/g_tage.u_tage/g_tab[0].tg_p_reg_r1_0_63_0_2/ADDRB0
    SLICE_X42Y79         RAMD64E (Prop_ramd64e_RADR0_O)
                                                      0.043     6.036 r  u_soc/Core_cpu/u_ifu_subsys/g_tage.u_tage/g_tab[0].tg_p_reg_r1_0_63_0_2/RAMB/O
                         net (fo=1, routed)           0.348     6.385    u_soc/Core_cpu/u_ifu_subsys/g_tage.u_tage/g_tab[0].tg_p_reg_r1_0_63_0_2_n_1
    SLICE_X43Y79         LUT6 (Prop_lut6_I1_O)        0.043     6.428 f  u_soc/Core_cpu/u_ifu_subsys/g_tage.u_tage/ent_q[6][150]_i_43/O
                         net (fo=7, routed)           0.470     6.898    u_soc/Core_cpu/u_ifu_subsys/g_tage.u_tage/ent_q[6][150]_i_43_n_0
    SLICE_X45Y73         LUT3 (Prop_lut3_I2_O)        0.043     6.941 f  u_soc/Core_cpu/u_ifu_subsys/g_tage.u_tage/id_bht_chk[22]_i_35/O
                         net (fo=8, routed)           0.386     7.326    u_soc/Core_cpu/u_ifu_subsys/g_tage.u_tage/id_bht_chk[22]_i_35_n_0
    SLICE_X45Y71         LUT6 (Prop_lut6_I0_O)        0.043     7.369 r  u_soc/Core_cpu/u_ifu_subsys/g_tage.u_tage/id_bht_chk[22]_i_27/O
                         net (fo=2, routed)           0.362     7.732    u_soc/Core_cpu/u_ifu_subsys/g_tage.u_tage/id_bht_chk[22]_i_27_n_0
    SLICE_X40Y72         LUT6 (Prop_lut6_I1_O)        0.043     7.775 r  u_soc/Core_cpu/u_ifu_subsys/g_tage.u_tage/id_bht_chk[22]_i_14/O
                         net (fo=1, routed)           0.347     8.121    u_soc/Core_cpu/u_ifu_subsys/g_tage.u_tage/id_bht_chk[22]_i_14_n_0
    SLICE_X40Y71         LUT6 (Prop_lut6_I2_O)        0.043     8.164 r  u_soc/Core_cpu/u_ifu_subsys/g_tage.u_tage/id_bht_chk[22]_i_5/O
                         net (fo=3, routed)           0.206     8.370    u_soc/Core_cpu/u_ifu_subsys/u_btb/dir_pred[0]
    SLICE_X36Y71         LUT6 (Prop_lut6_I3_O)        0.043     8.413 r  u_soc/Core_cpu/u_ifu_subsys/u_btb/q_t0_idx[1]_i_11/O
                         net (fo=22, routed)          0.491     8.905    u_soc/Core_cpu/u_ifu_subsys/u_btb/btb_t0
    SLICE_X34Y68         LUT5 (Prop_lut5_I2_O)        0.043     8.948 r  u_soc/Core_cpu/u_ifu_subsys/u_btb/q_t0_idx[1]_i_9/O
                         net (fo=10, routed)          0.377     9.325    u_soc/Core_cpu/u_ifu_subsys/u_icache/u_tag_way1/u_prim/any_taken
    SLICE_X34Y67         LUT6 (Prop_lut6_I5_O)        0.043     9.368 r  u_soc/Core_cpu/u_ifu_subsys/u_icache/u_tag_way1/u_prim/cnt_q[4]_i_6/O
                         net (fo=8, routed)           0.351     9.719    u_soc/Core_cpu/u_ifu_subsys/u_ibuf/push_num[2]
    SLICE_X33Y69         LUT3 (Prop_lut3_I1_O)        0.043     9.762 r  u_soc/Core_cpu/u_ifu_subsys/u_ibuf/cnt_q[4]_i_4/O
                         net (fo=110, routed)         0.339    10.101    u_soc/Core_cpu/u_ifu_subsys/u_btb/q_row_idx[1][2]_i_6
    SLICE_X34Y72         LUT6 (Prop_lut6_I5_O)        0.043    10.144 r  u_soc/Core_cpu/u_ifu_subsys/u_btb/q_t0_idx[1]_i_8/O
                         net (fo=1, routed)           0.251    10.395    u_soc/Core_cpu/u_ifu_subsys/u_btb/q_t0_idx[1]_i_8_n_0
    SLICE_X34Y72         LUT5 (Prop_lut5_I1_O)        0.043    10.438 r  u_soc/Core_cpu/u_ifu_subsys/u_btb/q_t0_idx[1]_i_3/O
                         net (fo=40, routed)          0.452    10.889    u_soc/Core_cpu/u_ifu_subsys/u_btb/reached_taken
    SLICE_X32Y74         LUT6 (Prop_lut6_I1_O)        0.043    10.932 r  u_soc/Core_cpu/u_ifu_subsys/u_btb/q_row_idx[0][4]_i_1/O
                         net (fo=57, routed)          0.746    11.679    u_soc/Core_cpu/u_ifu_subsys/u_icache/u_dat_way0/u_prim/next_pc[4]
    RAMB36_X2Y15         RAMB36E1                                     r  u_soc/Core_cpu/u_ifu_subsys/u_icache/u_dat_way0/u_prim/mem_q_reg_0/ADDRARDADDR[10]
  -------------------------------------------------------------------    -------------------

                         (clock clk rise edge)        6.700     6.700 r  
    AE23                                              0.000     6.700 r  clk (IN)
                         net (fo=0)                   0.000     6.700    clk
    AE23                 IBUF (Prop_ibuf_I_O)         0.660     7.360 r  clk_IBUF_inst/O
                         net (fo=1, routed)           2.516     9.876    clk_IBUF
    BUFGCTRL_X0Y0        BUFG (Prop_bufg_I_O)         0.083     9.959 r  u_bufg/O
                         net (fo=5756, routed)        1.449    11.407    u_soc/Core_cpu/u_ifu_subsys/u_icache/u_dat_way0/u_prim/clk_buf
    RAMB36_X2Y15         RAMB36E1                                     r  u_soc/Core_cpu/u_ifu_subsys/u_icache/u_dat_way0/u_prim/mem_q_reg_0/CLKARDCLK
                         clock pessimism              0.310    11.717    
                         clock uncertainty           -0.035    11.682    
    RAMB36_X2Y15         RAMB36E1 (Setup_ramb36e1_CLKARDCLK_ADDRARDADDR[10])
                                                     -0.416    11.266    u_soc/Core_cpu/u_ifu_subsys/u_icache/u_dat_way0/u_prim/mem_q_reg_0
  -------------------------------------------------------------------
                         required time                         11.266    
                         arrival time                         -11.679    
  -------------------------------------------------------------------
                         slack                                 -0.413    

Slack (VIOLATED) :        -0.382ns  (required time - arrival time)
  Source:                 u_soc/Core_cpu/u_ifu_subsys/g_tage.u_tage/q_row_idx_reg[1][0]/C
                            (rising edge-triggered cell FDRE clocked by clk  {rise@0.000ns fall@3.350ns period=6.700ns})
  Destination:            u_soc/Core_cpu/u_ifu_subsys/u_icache/u_dat_way0/u_prim/mem_q_reg_0/ADDRARDADDR[6]
                            (rising edge-triggered cell RAMB36E1 clocked by clk  {rise@0.000ns fall@3.350ns period=6.700ns})
  Path Group:             clk
  Path Type:              Setup (Max at Slow Process Corner)
  Requirement:            6.700ns  (clk rise@6.700ns - clk rise@0.000ns)
  Data Path Delay:        6.559ns  (logic 0.782ns (11.922%)  route 5.777ns (88.078%))
  Logic Levels:           13  (LUT3=2 LUT5=2 LUT6=8 RAMD64E=1)
  Clock Path Skew:        -0.071ns (DCD - SCD + CPR)
    Destination Clock Delay (DCD):    4.707ns = ( 11.407 - 6.700 ) 
    Source Clock Delay      (SCD):    5.088ns
    Clock Pessimism Removal (CPR):    0.310ns
  Clock Uncertainty:      0.035ns  ((TSJ^2 + TIJ^2)^1/2 + DJ) / 2 + PE
    Total System Jitter     (TSJ):    0.071ns
    Total Input Jitter      (TIJ):    0.000ns
    Discrete Jitter          (DJ):    0.000ns
    Phase Error              (PE):    0.000ns

    Location             Delay type                Incr(ns)  Path(ns)    Netlist Resource(s)
  -------------------------------------------------------------------    -------------------
                         (clock clk rise edge)        0.000     0.000 r  
    AE23                                              0.000     0.000 r  clk (IN)
                         net (fo=0)                   0.000     0.000    clk
    AE23                 IBUF (Prop_ibuf_I_O)         0.734     0.734 r  clk_IBUF_inst/O
                         net (fo=1, routed)           2.651     3.385    clk_IBUF
    BUFGCTRL_X0Y0        BUFG (Prop_bufg_I_O)         0.093     3.478 r  u_bufg/O
                         net (fo=5756, routed)        1.610     5.088    u_soc/Core_cpu/u_ifu_subsys/g_tage.u_tage/clk_buf
    SLICE_X43Y75         FDRE                                         r  u_soc/Core_cpu/u_ifu_subsys/g_tage.u_tage/q_row_idx_reg[1][0]/C
  -------------------------------------------------------------------    -------------------
    SLICE_X43Y75         FDRE (Prop_fdre_C_Q)         0.223     5.311 r  u_soc/Core_cpu/u_ifu_subsys/g_tage.u_tage/q_row_idx_reg[1][0]/Q
                         net (fo=62, routed)          0.682     5.993    u_soc/Core_cpu/u_ifu_subsys/g_tage.u_tage/g_tab[0].tg_p_reg_r1_0_63_0_2/ADDRB0
    SLICE_X42Y79         RAMD64E (Prop_ramd64e_RADR0_O)
                                                      0.043     6.036 r  u_soc/Core_cpu/u_ifu_subsys/g_tage.u_tage/g_tab[0].tg_p_reg_r1_0_63_0_2/RAMB/O
                         net (fo=1, routed)           0.348     6.385    u_soc/Core_cpu/u_ifu_subsys/g_tage.u_tage/g_tab[0].tg_p_reg_r1_0_63_0_2_n_1
    SLICE_X43Y79         LUT6 (Prop_lut6_I1_O)        0.043     6.428 f  u_soc/Core_cpu/u_ifu_subsys/g_tage.u_tage/ent_q[6][150]_i_43/O
                         net (fo=7, routed)           0.470     6.898    u_soc/Core_cpu/u_ifu_subsys/g_tage.u_tage/ent_q[6][150]_i_43_n_0
    SLICE_X45Y73         LUT3 (Prop_lut3_I2_O)        0.043     6.941 f  u_soc/Core_cpu/u_ifu_subsys/g_tage.u_tage/id_bht_chk[22]_i_35/O
                         net (fo=8, routed)           0.386     7.326    u_soc/Core_cpu/u_ifu_subsys/g_tage.u_tage/id_bht_chk[22]_i_35_n_0
    SLICE_X45Y71         LUT6 (Prop_lut6_I0_O)        0.043     7.369 r  u_soc/Core_cpu/u_ifu_subsys/g_tage.u_tage/id_bht_chk[22]_i_27/O
                         net (fo=2, routed)           0.362     7.732    u_soc/Core_cpu/u_ifu_subsys/g_tage.u_tage/id_bht_chk[22]_i_27_n_0
    SLICE_X40Y72         LUT6 (Prop_lut6_I1_O)        0.043     7.775 r  u_soc/Core_cpu/u_ifu_subsys/g_tage.u_tage/id_bht_chk[22]_i_14/O
                         net (fo=1, routed)           0.347     8.121    u_soc/Core_cpu/u_ifu_subsys/g_tage.u_tage/id_bht_chk[22]_i_14_n_0
    SLICE_X40Y71         LUT6 (Prop_lut6_I2_O)        0.043     8.164 r  u_soc/Core_cpu/u_ifu_subsys/g_tage.u_tage/id_bht_chk[22]_i_5/O
                         net (fo=3, routed)           0.206     8.370    u_soc/Core_cpu/u_ifu_subsys/u_btb/dir_pred[0]
    SLICE_X36Y71         LUT6 (Prop_lut6_I3_O)        0.043     8.413 r  u_soc/Core_cpu/u_ifu_subsys/u_btb/q_t0_idx[1]_i_11/O
                         net (fo=22, routed)          0.491     8.905    u_soc/Core_cpu/u_ifu_subsys/u_btb/btb_t0
    SLICE_X34Y68         LUT5 (Prop_lut5_I2_O)        0.043     8.948 r  u_soc/Core_cpu/u_ifu_subsys/u_btb/q_t0_idx[1]_i_9/O
                         net (fo=10, routed)          0.377     9.325    u_soc/Core_cpu/u_ifu_subsys/u_icache/u_tag_way1/u_prim/any_taken
    SLICE_X34Y67         LUT6 (Prop_lut6_I5_O)        0.043     9.368 r  u_soc/Core_cpu/u_ifu_subsys/u_icache/u_tag_way1/u_prim/cnt_q[4]_i_6/O
                         net (fo=8, routed)           0.351     9.719    u_soc/Core_cpu/u_ifu_subsys/u_ibuf/push_num[2]
    SLICE_X33Y69         LUT3 (Prop_lut3_I1_O)        0.043     9.762 r  u_soc/Core_cpu/u_ifu_subsys/u_ibuf/cnt_q[4]_i_4/O
                         net (fo=110, routed)         0.339    10.101    u_soc/Core_cpu/u_ifu_subsys/u_btb/q_row_idx[1][2]_i_6
    SLICE_X34Y72         LUT6 (Prop_lut6_I5_O)        0.043    10.144 r  u_soc/Core_cpu/u_ifu_subsys/u_btb/q_t0_idx[1]_i_8/O
                         net (fo=1, routed)           0.251    10.395    u_soc/Core_cpu/u_ifu_subsys/u_btb/q_t0_idx[1]_i_8_n_0
    SLICE_X34Y72         LUT5 (Prop_lut5_I1_O)        0.043    10.438 r  u_soc/Core_cpu/u_ifu_subsys/u_btb/q_t0_idx[1]_i_3/O
                         net (fo=40, routed)          0.355    10.793    u_soc/Core_cpu/u_ifu_subsys/u_btb/reached_taken
    SLICE_X34Y73         LUT6 (Prop_lut6_I1_O)        0.043    10.836 r  u_soc/Core_cpu/u_ifu_subsys/u_btb/q_t0_idx[0]_i_1/O
                         net (fo=59, routed)          0.812    11.648    u_soc/Core_cpu/u_ifu_subsys/u_icache/u_dat_way0/u_prim/next_pc[0]
    RAMB36_X2Y15         RAMB36E1                                     r  u_soc/Core_cpu/u_ifu_subsys/u_icache/u_dat_way0/u_prim/mem_q_reg_0/ADDRARDADDR[6]
  -------------------------------------------------------------------    -------------------

                         (clock clk rise edge)        6.700     6.700 r  
    AE23                                              0.000     6.700 r  clk (IN)
                         net (fo=0)                   0.000     6.700    clk
    AE23                 IBUF (Prop_ibuf_I_O)         0.660     7.360 r  clk_IBUF_inst/O
                         net (fo=1, routed)           2.516     9.876    clk_IBUF
    BUFGCTRL_X0Y0        BUFG (Prop_bufg_I_O)         0.083     9.959 r  u_bufg/O
                         net (fo=5756, routed)        1.449    11.407    u_soc/Core_cpu/u_ifu_subsys/u_icache/u_dat_way0/u_prim/clk_buf
    RAMB36_X2Y15         RAMB36E1                                     r  u_soc/Core_cpu/u_ifu_subsys/u_icache/u_dat_way0/u_prim/mem_q_reg_0/CLKARDCLK
                         clock pessimism              0.310    11.717    
                         clock uncertainty           -0.035    11.682    
    RAMB36_X2Y15         RAMB36E1 (Setup_ramb36e1_CLKARDCLK_ADDRARDADDR[6])
                                                     -0.416    11.266    u_soc/Core_cpu/u_ifu_subsys/u_icache/u_dat_way0/u_prim/mem_q_reg_0
  -------------------------------------------------------------------
                         required time                         11.266    
                         arrival time                         -11.648    
  -------------------------------------------------------------------
                         slack                                 -0.382    

Slack (VIOLATED) :        -0.378ns  (required time - arrival time)
  Source:                 u_soc/Core_cpu/u_ifu_subsys/g_tage.u_tage/q_row_idx_reg[1][0]/C
                            (rising edge-triggered cell FDRE clocked by clk  {rise@0.000ns fall@3.350ns period=6.700ns})
  Destination:            u_soc/Core_cpu/u_ifu_subsys/u_icache/u_dat_way0/u_prim/mem_q_reg_1/ADDRARDADDR[9]
                            (rising edge-triggered cell RAMB36E1 clocked by clk  {rise@0.000ns fall@3.350ns period=6.700ns})
  Path Group:             clk
  Path Type:              Setup (Max at Slow Process Corner)
  Requirement:            6.700ns  (clk rise@6.700ns - clk rise@0.000ns)
  Data Path Delay:        6.634ns  (logic 0.782ns (11.788%)  route 5.852ns (88.212%))
  Logic Levels:           13  (LUT3=2 LUT5=2 LUT6=8 RAMD64E=1)
  Clock Path Skew:        0.008ns (DCD - SCD + CPR)
    Destination Clock Delay (DCD):    4.786ns = ( 11.486 - 6.700 ) 
    Source Clock Delay      (SCD):    5.088ns
    Clock Pessimism Removal (CPR):    0.310ns
  Clock Uncertainty:      0.035ns  ((TSJ^2 + TIJ^2)^1/2 + DJ) / 2 + PE
    Total System Jitter     (TSJ):    0.071ns
    Total Input Jitter      (TIJ):    0.000ns
    Discrete Jitter          (DJ):    0.000ns
    Phase Error              (PE):    0.000ns

    Location             Delay type                Incr(ns)  Path(ns)    Netlist Resource(s)
  -------------------------------------------------------------------    -------------------
                         (clock clk rise edge)        0.000     0.000 r  
    AE23                                              0.000     0.000 r  clk (IN)
                         net (fo=0)                   0.000     0.000    clk
    AE23                 IBUF (Prop_ibuf_I_O)         0.734     0.734 r  clk_IBUF_inst/O
                         net (fo=1, routed)           2.651     3.385    clk_IBUF
    BUFGCTRL_X0Y0        BUFG (Prop_bufg_I_O)         0.093     3.478 r  u_bufg/O
                         net (fo=5756, routed)        1.610     5.088    u_soc/Core_cpu/u_ifu_subsys/g_tage.u_tage/clk_buf
    SLICE_X43Y75         FDRE                                         r  u_soc/Core_cpu/u_ifu_subsys/g_tage.u_tage/q_row_idx_reg[1][0]/C
  -------------------------------------------------------------------    -------------------
    SLICE_X43Y75         FDRE (Prop_fdre_C_Q)         0.223     5.311 r  u_soc/Core_cpu/u_ifu_subsys/g_tage.u_tage/q_row_idx_reg[1][0]/Q
                         net (fo=62, routed)          0.682     5.993    u_soc/Core_cpu/u_ifu_subsys/g_tage.u_tage/g_tab[0].tg_p_reg_r1_0_63_0_2/ADDRB0
    SLICE_X42Y79         RAMD64E (Prop_ramd64e_RADR0_O)
                                                      0.043     6.036 r  u_soc/Core_cpu/u_ifu_subsys/g_tage.u_tage/g_tab[0].tg_p_reg_r1_0_63_0_2/RAMB/O
                         net (fo=1, routed)           0.348     6.385    u_soc/Core_cpu/u_ifu_subsys/g_tage.u_tage/g_tab[0].tg_p_reg_r1_0_63_0_2_n_1
    SLICE_X43Y79         LUT6 (Prop_lut6_I1_O)        0.043     6.428 f  u_soc/Core_cpu/u_ifu_subsys/g_tage.u_tage/ent_q[6][150]_i_43/O
                         net (fo=7, routed)           0.470     6.898    u_soc/Core_cpu/u_ifu_subsys/g_tage.u_tage/ent_q[6][150]_i_43_n_0
    SLICE_X45Y73         LUT3 (Prop_lut3_I2_O)        0.043     6.941 f  u_soc/Core_cpu/u_ifu_subsys/g_tage.u_tage/id_bht_chk[22]_i_35/O
                         net (fo=8, routed)           0.386     7.326    u_soc/Core_cpu/u_ifu_subsys/g_tage.u_tage/id_bht_chk[22]_i_35_n_0
    SLICE_X45Y71         LUT6 (Prop_lut6_I0_O)        0.043     7.369 r  u_soc/Core_cpu/u_ifu_subsys/g_tage.u_tage/id_bht_chk[22]_i_27/O
                         net (fo=2, routed)           0.362     7.732    u_soc/Core_cpu/u_ifu_subsys/g_tage.u_tage/id_bht_chk[22]_i_27_n_0
    SLICE_X40Y72         LUT6 (Prop_lut6_I1_O)        0.043     7.775 r  u_soc/Core_cpu/u_ifu_subsys/g_tage.u_tage/id_bht_chk[22]_i_14/O
                         net (fo=1, routed)           0.347     8.121    u_soc/Core_cpu/u_ifu_subsys/g_tage.u_tage/id_bht_chk[22]_i_14_n_0
    SLICE_X40Y71         LUT6 (Prop_lut6_I2_O)        0.043     8.164 r  u_soc/Core_cpu/u_ifu_subsys/g_tage.u_tage/id_bht_chk[22]_i_5/O
                         net (fo=3, routed)           0.206     8.370    u_soc/Core_cpu/u_ifu_subsys/u_btb/dir_pred[0]
    SLICE_X36Y71         LUT6 (Prop_lut6_I3_O)        0.043     8.413 r  u_soc/Core_cpu/u_ifu_subsys/u_btb/q_t0_idx[1]_i_11/O
                         net (fo=22, routed)          0.491     8.905    u_soc/Core_cpu/u_ifu_subsys/u_btb/btb_t0
    SLICE_X34Y68         LUT5 (Prop_lut5_I2_O)        0.043     8.948 r  u_soc/Core_cpu/u_ifu_subsys/u_btb/q_t0_idx[1]_i_9/O
                         net (fo=10, routed)          0.377     9.325    u_soc/Core_cpu/u_ifu_subsys/u_icache/u_tag_way1/u_prim/any_taken
    SLICE_X34Y67         LUT6 (Prop_lut6_I5_O)        0.043     9.368 r  u_soc/Core_cpu/u_ifu_subsys/u_icache/u_tag_way1/u_prim/cnt_q[4]_i_6/O
                         net (fo=8, routed)           0.351     9.719    u_soc/Core_cpu/u_ifu_subsys/u_ibuf/push_num[2]
    SLICE_X33Y69         LUT3 (Prop_lut3_I1_O)        0.043     9.762 r  u_soc/Core_cpu/u_ifu_subsys/u_ibuf/cnt_q[4]_i_4/O
                         net (fo=110, routed)         0.339    10.101    u_soc/Core_cpu/u_ifu_subsys/u_btb/q_row_idx[1][2]_i_6
    SLICE_X34Y72         LUT6 (Prop_lut6_I5_O)        0.043    10.144 r  u_soc/Core_cpu/u_ifu_subsys/u_btb/q_t0_idx[1]_i_8/O
                         net (fo=1, routed)           0.251    10.395    u_soc/Core_cpu/u_ifu_subsys/u_btb/q_t0_idx[1]_i_8_n_0
    SLICE_X34Y72         LUT5 (Prop_lut5_I1_O)        0.043    10.438 r  u_soc/Core_cpu/u_ifu_subsys/u_btb/q_t0_idx[1]_i_3/O
                         net (fo=40, routed)          0.465    10.903    u_soc/Core_cpu/u_ifu_subsys/u_btb/reached_taken
    SLICE_X36Y73         LUT6 (Prop_lut6_I1_O)        0.043    10.946 r  u_soc/Core_cpu/u_ifu_subsys/u_btb/q_row_idx[0][3]_i_1/O
                         net (fo=57, routed)          0.777    11.723    u_soc/Core_cpu/u_ifu_subsys/u_icache/u_dat_way0/u_prim/next_pc[3]
    RAMB36_X1Y16         RAMB36E1                                     r  u_soc/Core_cpu/u_ifu_subsys/u_icache/u_dat_way0/u_prim/mem_q_reg_1/ADDRARDADDR[9]
  -------------------------------------------------------------------    -------------------

                         (clock clk rise edge)        6.700     6.700 r  
    AE23                                              0.000     6.700 r  clk (IN)
                         net (fo=0)                   0.000     6.700    clk
    AE23                 IBUF (Prop_ibuf_I_O)         0.660     7.360 r  clk_IBUF_inst/O
                         net (fo=1, routed)           2.516     9.876    clk_IBUF
    BUFGCTRL_X0Y0        BUFG (Prop_bufg_I_O)         0.083     9.959 r  u_bufg/O
                         net (fo=5756, routed)        1.528    11.486    u_soc/Core_cpu/u_ifu_subsys/u_icache/u_dat_way0/u_prim/clk_buf
    RAMB36_X1Y16         RAMB36E1                                     r  u_soc/Core_cpu/u_ifu_subsys/u_icache/u_dat_way0/u_prim/mem_q_reg_1/CLKARDCLK
                         clock pessimism              0.310    11.796    
                         clock uncertainty           -0.035    11.761    
    RAMB36_X1Y16         RAMB36E1 (Setup_ramb36e1_CLKARDCLK_ADDRARDADDR[9])
                                                     -0.416    11.345    u_soc/Core_cpu/u_ifu_subsys/u_icache/u_dat_way0/u_prim/mem_q_reg_1
  -------------------------------------------------------------------
                         required time                         11.345    
                         arrival time                         -11.723    
  -------------------------------------------------------------------
                         slack                                 -0.378    

Slack (VIOLATED) :        -0.372ns  (required time - arrival time)
  Source:                 u_soc/Core_cpu/u_ifu_subsys/g_tage.u_tage/q_row_idx_reg[1][0]/C
                            (rising edge-triggered cell FDRE clocked by clk  {rise@0.000ns fall@3.350ns period=6.700ns})
  Destination:            u_soc/Core_cpu/u_ifu_subsys/u_icache/u_dat_way1/u_prim/mem_q_reg_0/ADDRARDADDR[10]
                            (rising edge-triggered cell RAMB36E1 clocked by clk  {rise@0.000ns fall@3.350ns period=6.700ns})
  Path Group:             clk
  Path Type:              Setup (Max at Slow Process Corner)
  Requirement:            6.700ns  (clk rise@6.700ns - clk rise@0.000ns)
  Data Path Delay:        6.547ns  (logic 0.782ns (11.944%)  route 5.765ns (88.056%))
  Logic Levels:           13  (LUT3=2 LUT5=2 LUT6=8 RAMD64E=1)
  Clock Path Skew:        -0.073ns (DCD - SCD + CPR)
    Destination Clock Delay (DCD):    4.705ns = ( 11.405 - 6.700 ) 
    Source Clock Delay      (SCD):    5.088ns
    Clock Pessimism Removal (CPR):    0.310ns
  Clock Uncertainty:      0.035ns  ((TSJ^2 + TIJ^2)^1/2 + DJ) / 2 + PE
    Total System Jitter     (TSJ):    0.071ns
    Total Input Jitter      (TIJ):    0.000ns
    Discrete Jitter          (DJ):    0.000ns
    Phase Error              (PE):    0.000ns

    Location             Delay type                Incr(ns)  Path(ns)    Netlist Resource(s)
  -------------------------------------------------------------------    -------------------
                         (clock clk rise edge)        0.000     0.000 r  
    AE23                                              0.000     0.000 r  clk (IN)
                         net (fo=0)                   0.000     0.000    clk
    AE23                 IBUF (Prop_ibuf_I_O)         0.734     0.734 r  clk_IBUF_inst/O
                         net (fo=1, routed)           2.651     3.385    clk_IBUF
    BUFGCTRL_X0Y0        BUFG (Prop_bufg_I_O)         0.093     3.478 r  u_bufg/O
                         net (fo=5756, routed)        1.610     5.088    u_soc/Core_cpu/u_ifu_subsys/g_tage.u_tage/clk_buf
    SLICE_X43Y75         FDRE                                         r  u_soc/Core_cpu/u_ifu_subsys/g_tage.u_tage/q_row_idx_reg[1][0]/C
  -------------------------------------------------------------------    -------------------
    SLICE_X43Y75         FDRE (Prop_fdre_C_Q)         0.223     5.311 r  u_soc/Core_cpu/u_ifu_subsys/g_tage.u_tage/q_row_idx_reg[1][0]/Q
                         net (fo=62, routed)          0.682     5.993    u_soc/Core_cpu/u_ifu_subsys/g_tage.u_tage/g_tab[0].tg_p_reg_r1_0_63_0_2/ADDRB0
    SLICE_X42Y79         RAMD64E (Prop_ramd64e_RADR0_O)
                                                      0.043     6.036 r  u_soc/Core_cpu/u_ifu_subsys/g_tage.u_tage/g_tab[0].tg_p_reg_r1_0_63_0_2/RAMB/O
                         net (fo=1, routed)           0.348     6.385    u_soc/Core_cpu/u_ifu_subsys/g_tage.u_tage/g_tab[0].tg_p_reg_r1_0_63_0_2_n_1
    SLICE_X43Y79         LUT6 (Prop_lut6_I1_O)        0.043     6.428 f  u_soc/Core_cpu/u_ifu_subsys/g_tage.u_tage/ent_q[6][150]_i_43/O
                         net (fo=7, routed)           0.470     6.898    u_soc/Core_cpu/u_ifu_subsys/g_tage.u_tage/ent_q[6][150]_i_43_n_0
    SLICE_X45Y73         LUT3 (Prop_lut3_I2_O)        0.043     6.941 f  u_soc/Core_cpu/u_ifu_subsys/g_tage.u_tage/id_bht_chk[22]_i_35/O
                         net (fo=8, routed)           0.386     7.326    u_soc/Core_cpu/u_ifu_subsys/g_tage.u_tage/id_bht_chk[22]_i_35_n_0
    SLICE_X45Y71         LUT6 (Prop_lut6_I0_O)        0.043     7.369 r  u_soc/Core_cpu/u_ifu_subsys/g_tage.u_tage/id_bht_chk[22]_i_27/O
                         net (fo=2, routed)           0.362     7.732    u_soc/Core_cpu/u_ifu_subsys/g_tage.u_tage/id_bht_chk[22]_i_27_n_0
    SLICE_X40Y72         LUT6 (Prop_lut6_I1_O)        0.043     7.775 r  u_soc/Core_cpu/u_ifu_subsys/g_tage.u_tage/id_bht_chk[22]_i_14/O
                         net (fo=1, routed)           0.347     8.121    u_soc/Core_cpu/u_ifu_subsys/g_tage.u_tage/id_bht_chk[22]_i_14_n_0
    SLICE_X40Y71         LUT6 (Prop_lut6_I2_O)        0.043     8.164 r  u_soc/Core_cpu/u_ifu_subsys/g_tage.u_tage/id_bht_chk[22]_i_5/O
                         net (fo=3, routed)           0.206     8.370    u_soc/Core_cpu/u_ifu_subsys/u_btb/dir_pred[0]
    SLICE_X36Y71         LUT6 (Prop_lut6_I3_O)        0.043     8.413 r  u_soc/Core_cpu/u_ifu_subsys/u_btb/q_t0_idx[1]_i_11/O
                         net (fo=22, routed)          0.491     8.905    u_soc/Core_cpu/u_ifu_subsys/u_btb/btb_t0
    SLICE_X34Y68         LUT5 (Prop_lut5_I2_O)        0.043     8.948 r  u_soc/Core_cpu/u_ifu_subsys/u_btb/q_t0_idx[1]_i_9/O
                         net (fo=10, routed)          0.377     9.325    u_soc/Core_cpu/u_ifu_subsys/u_icache/u_tag_way1/u_prim/any_taken
    SLICE_X34Y67         LUT6 (Prop_lut6_I5_O)        0.043     9.368 r  u_soc/Core_cpu/u_ifu_subsys/u_icache/u_tag_way1/u_prim/cnt_q[4]_i_6/O
                         net (fo=8, routed)           0.351     9.719    u_soc/Core_cpu/u_ifu_subsys/u_ibuf/push_num[2]
    SLICE_X33Y69         LUT3 (Prop_lut3_I1_O)        0.043     9.762 r  u_soc/Core_cpu/u_ifu_subsys/u_ibuf/cnt_q[4]_i_4/O
                         net (fo=110, routed)         0.339    10.101    u_soc/Core_cpu/u_ifu_subsys/u_btb/q_row_idx[1][2]_i_6
    SLICE_X34Y72         LUT6 (Prop_lut6_I5_O)        0.043    10.144 r  u_soc/Core_cpu/u_ifu_subsys/u_btb/q_t0_idx[1]_i_8/O
                         net (fo=1, routed)           0.251    10.395    u_soc/Core_cpu/u_ifu_subsys/u_btb/q_t0_idx[1]_i_8_n_0
    SLICE_X34Y72         LUT5 (Prop_lut5_I1_O)        0.043    10.438 r  u_soc/Core_cpu/u_ifu_subsys/u_btb/q_t0_idx[1]_i_3/O
                         net (fo=40, routed)          0.452    10.889    u_soc/Core_cpu/u_ifu_subsys/u_btb/reached_taken
    SLICE_X32Y74         LUT6 (Prop_lut6_I1_O)        0.043    10.932 r  u_soc/Core_cpu/u_ifu_subsys/u_btb/q_row_idx[0][4]_i_1/O
                         net (fo=57, routed)          0.703    11.636    u_soc/Core_cpu/u_ifu_subsys/u_icache/u_dat_way1/u_prim/next_pc[4]
    RAMB36_X2Y14         RAMB36E1                                     r  u_soc/Core_cpu/u_ifu_subsys/u_icache/u_dat_way1/u_prim/mem_q_reg_0/ADDRARDADDR[10]
  -------------------------------------------------------------------    -------------------

                         (clock clk rise edge)        6.700     6.700 r  
    AE23                                              0.000     6.700 r  clk (IN)
                         net (fo=0)                   0.000     6.700    clk
    AE23                 IBUF (Prop_ibuf_I_O)         0.660     7.360 r  clk_IBUF_inst/O
                         net (fo=1, routed)           2.516     9.876    clk_IBUF
    BUFGCTRL_X0Y0        BUFG (Prop_bufg_I_O)         0.083     9.959 r  u_bufg/O
                         net (fo=5756, routed)        1.447    11.405    u_soc/Core_cpu/u_ifu_subsys/u_icache/u_dat_way1/u_prim/clk_buf
    RAMB36_X2Y14         RAMB36E1                                     r  u_soc/Core_cpu/u_ifu_subsys/u_icache/u_dat_way1/u_prim/mem_q_reg_0/CLKARDCLK
                         clock pessimism              0.310    11.715    
                         clock uncertainty           -0.035    11.680    
    RAMB36_X2Y14         RAMB36E1 (Setup_ramb36e1_CLKARDCLK_ADDRARDADDR[10])
                                                     -0.416    11.264    u_soc/Core_cpu/u_ifu_subsys/u_icache/u_dat_way1/u_prim/mem_q_reg_0
  -------------------------------------------------------------------
                         required time                         11.264    
                         arrival time                         -11.636    
  -------------------------------------------------------------------
                         slack                                 -0.372    

Slack (VIOLATED) :        -0.365ns  (required time - arrival time)
  Source:                 u_soc/Core_cpu/u_ifu_subsys/g_tage.u_tage/q_row_idx_reg[1][0]/C
                            (rising edge-triggered cell FDRE clocked by clk  {rise@0.000ns fall@3.350ns period=6.700ns})
  Destination:            u_soc/Core_cpu/u_ifu_subsys/u_icache/u_dat_way1/u_prim/mem_q_reg_0/ADDRARDADDR[9]
                            (rising edge-triggered cell RAMB36E1 clocked by clk  {rise@0.000ns fall@3.350ns period=6.700ns})
  Path Group:             clk
  Path Type:              Setup (Max at Slow Process Corner)
  Requirement:            6.700ns  (clk rise@6.700ns - clk rise@0.000ns)
  Data Path Delay:        6.540ns  (logic 0.782ns (11.957%)  route 5.758ns (88.043%))
  Logic Levels:           13  (LUT3=2 LUT5=2 LUT6=8 RAMD64E=1)
  Clock Path Skew:        -0.073ns (DCD - SCD + CPR)
    Destination Clock Delay (DCD):    4.705ns = ( 11.405 - 6.700 ) 
    Source Clock Delay      (SCD):    5.088ns
    Clock Pessimism Removal (CPR):    0.310ns
  Clock Uncertainty:      0.035ns  ((TSJ^2 + TIJ^2)^1/2 + DJ) / 2 + PE
    Total System Jitter     (TSJ):    0.071ns
    Total Input Jitter      (TIJ):    0.000ns
    Discrete Jitter          (DJ):    0.000ns
    Phase Error              (PE):    0.000ns

    Location             Delay type                Incr(ns)  Path(ns)    Netlist Resource(s)
  -------------------------------------------------------------------    -------------------
                         (clock clk rise edge)        0.000     0.000 r  
    AE23                                              0.000     0.000 r  clk (IN)
                         net (fo=0)                   0.000     0.000    clk
    AE23                 IBUF (Prop_ibuf_I_O)         0.734     0.734 r  clk_IBUF_inst/O
                         net (fo=1, routed)           2.651     3.385    clk_IBUF
    BUFGCTRL_X0Y0        BUFG (Prop_bufg_I_O)         0.093     3.478 r  u_bufg/O
                         net (fo=5756, routed)        1.610     5.088    u_soc/Core_cpu/u_ifu_subsys/g_tage.u_tage/clk_buf
    SLICE_X43Y75         FDRE                                         r  u_soc/Core_cpu/u_ifu_subsys/g_tage.u_tage/q_row_idx_reg[1][0]/C
  -------------------------------------------------------------------    -------------------
    SLICE_X43Y75         FDRE (Prop_fdre_C_Q)         0.223     5.311 r  u_soc/Core_cpu/u_ifu_subsys/g_tage.u_tage/q_row_idx_reg[1][0]/Q
                         net (fo=62, routed)          0.682     5.993    u_soc/Core_cpu/u_ifu_subsys/g_tage.u_tage/g_tab[0].tg_p_reg_r1_0_63_0_2/ADDRB0
    SLICE_X42Y79         RAMD64E (Prop_ramd64e_RADR0_O)
                                                      0.043     6.036 r  u_soc/Core_cpu/u_ifu_subsys/g_tage.u_tage/g_tab[0].tg_p_reg_r1_0_63_0_2/RAMB/O
                         net (fo=1, routed)           0.348     6.385    u_soc/Core_cpu/u_ifu_subsys/g_tage.u_tage/g_tab[0].tg_p_reg_r1_0_63_0_2_n_1
    SLICE_X43Y79         LUT6 (Prop_lut6_I1_O)        0.043     6.428 f  u_soc/Core_cpu/u_ifu_subsys/g_tage.u_tage/ent_q[6][150]_i_43/O
                         net (fo=7, routed)           0.470     6.898    u_soc/Core_cpu/u_ifu_subsys/g_tage.u_tage/ent_q[6][150]_i_43_n_0
    SLICE_X45Y73         LUT3 (Prop_lut3_I2_O)        0.043     6.941 f  u_soc/Core_cpu/u_ifu_subsys/g_tage.u_tage/id_bht_chk[22]_i_35/O
                         net (fo=8, routed)           0.386     7.326    u_soc/Core_cpu/u_ifu_subsys/g_tage.u_tage/id_bht_chk[22]_i_35_n_0
    SLICE_X45Y71         LUT6 (Prop_lut6_I0_O)        0.043     7.369 r  u_soc/Core_cpu/u_ifu_subsys/g_tage.u_tage/id_bht_chk[22]_i_27/O
                         net (fo=2, routed)           0.362     7.732    u_soc/Core_cpu/u_ifu_subsys/g_tage.u_tage/id_bht_chk[22]_i_27_n_0
    SLICE_X40Y72         LUT6 (Prop_lut6_I1_O)        0.043     7.775 r  u_soc/Core_cpu/u_ifu_subsys/g_tage.u_tage/id_bht_chk[22]_i_14/O
                         net (fo=1, routed)           0.347     8.121    u_soc/Core_cpu/u_ifu_subsys/g_tage.u_tage/id_bht_chk[22]_i_14_n_0
    SLICE_X40Y71         LUT6 (Prop_lut6_I2_O)        0.043     8.164 r  u_soc/Core_cpu/u_ifu_subsys/g_tage.u_tage/id_bht_chk[22]_i_5/O
                         net (fo=3, routed)           0.206     8.370    u_soc/Core_cpu/u_ifu_subsys/u_btb/dir_pred[0]
    SLICE_X36Y71         LUT6 (Prop_lut6_I3_O)        0.043     8.413 r  u_soc/Core_cpu/u_ifu_subsys/u_btb/q_t0_idx[1]_i_11/O
                         net (fo=22, routed)          0.491     8.905    u_soc/Core_cpu/u_ifu_subsys/u_btb/btb_t0
    SLICE_X34Y68         LUT5 (Prop_lut5_I2_O)        0.043     8.948 r  u_soc/Core_cpu/u_ifu_subsys/u_btb/q_t0_idx[1]_i_9/O
                         net (fo=10, routed)          0.377     9.325    u_soc/Core_cpu/u_ifu_subsys/u_icache/u_tag_way1/u_prim/any_taken
    SLICE_X34Y67         LUT6 (Prop_lut6_I5_O)        0.043     9.368 r  u_soc/Core_cpu/u_ifu_subsys/u_icache/u_tag_way1/u_prim/cnt_q[4]_i_6/O
                         net (fo=8, routed)           0.351     9.719    u_soc/Core_cpu/u_ifu_subsys/u_ibuf/push_num[2]
    SLICE_X33Y69         LUT3 (Prop_lut3_I1_O)        0.043     9.762 r  u_soc/Core_cpu/u_ifu_subsys/u_ibuf/cnt_q[4]_i_4/O
                         net (fo=110, routed)         0.339    10.101    u_soc/Core_cpu/u_ifu_subsys/u_btb/q_row_idx[1][2]_i_6
    SLICE_X34Y72         LUT6 (Prop_lut6_I5_O)        0.043    10.144 r  u_soc/Core_cpu/u_ifu_subsys/u_btb/q_t0_idx[1]_i_8/O
                         net (fo=1, routed)           0.251    10.395    u_soc/Core_cpu/u_ifu_subsys/u_btb/q_t0_idx[1]_i_8_n_0
    SLICE_X34Y72         LUT5 (Prop_lut5_I1_O)        0.043    10.438 r  u_soc/Core_cpu/u_ifu_subsys/u_btb/q_t0_idx[1]_i_3/O
                         net (fo=40, routed)          0.465    10.903    u_soc/Core_cpu/u_ifu_subsys/u_btb/reached_taken
    SLICE_X36Y73         LUT6 (Prop_lut6_I1_O)        0.043    10.946 r  u_soc/Core_cpu/u_ifu_subsys/u_btb/q_row_idx[0][3]_i_1/O
                         net (fo=57, routed)          0.683    11.629    u_soc/Core_cpu/u_ifu_subsys/u_icache/u_dat_way1/u_prim/next_pc[3]
    RAMB36_X2Y14         RAMB36E1                                     r  u_soc/Core_cpu/u_ifu_subsys/u_icache/u_dat_way1/u_prim/mem_q_reg_0/ADDRARDADDR[9]
  -------------------------------------------------------------------    -------------------

                         (clock clk rise edge)        6.700     6.700 r  
    AE23                                              0.000     6.700 r  clk (IN)
                         net (fo=0)                   0.000     6.700    clk
    AE23                 IBUF (Prop_ibuf_I_O)         0.660     7.360 r  clk_IBUF_inst/O
                         net (fo=1, routed)           2.516     9.876    clk_IBUF
    BUFGCTRL_X0Y0        BUFG (Prop_bufg_I_O)         0.083     9.959 r  u_bufg/O
                         net (fo=5756, routed)        1.447    11.405    u_soc/Core_cpu/u_ifu_subsys/u_icache/u_dat_way1/u_prim/clk_buf
    RAMB36_X2Y14         RAMB36E1                                     r  u_soc/Core_cpu/u_ifu_subsys/u_icache/u_dat_way1/u_prim/mem_q_reg_0/CLKARDCLK
                         clock pessimism              0.310    11.715    
                         clock uncertainty           -0.035    11.680    
    RAMB36_X2Y14         RAMB36E1 (Setup_ramb36e1_CLKARDCLK_ADDRARDADDR[9])
                                                     -0.416    11.264    u_soc/Core_cpu/u_ifu_subsys/u_icache/u_dat_way1/u_prim/mem_q_reg_0
  -------------------------------------------------------------------
                         required time                         11.264    
                         arrival time                         -11.629    
  -------------------------------------------------------------------
                         slack                                 -0.365    

Slack (VIOLATED) :        -0.347ns  (required time - arrival time)
  Source:                 u_soc/Core_cpu/u_ifu_subsys/g_tage.u_tage/q_row_idx_reg[1][0]/C
                            (rising edge-triggered cell FDRE clocked by clk  {rise@0.000ns fall@3.350ns period=6.700ns})
  Destination:            u_soc/Core_cpu/u_ifu_subsys/u_icache/u_dat_way0/u_prim/mem_q_reg_0/ADDRARDADDR[8]
                            (rising edge-triggered cell RAMB36E1 clocked by clk  {rise@0.000ns fall@3.350ns period=6.700ns})
  Path Group:             clk
  Path Type:              Setup (Max at Slow Process Corner)
  Requirement:            6.700ns  (clk rise@6.700ns - clk rise@0.000ns)
  Data Path Delay:        6.525ns  (logic 1.178ns (18.055%)  route 5.347ns (81.945%))
  Logic Levels:           14  (CARRY4=2 LUT2=1 LUT3=2 LUT5=1 LUT6=7 RAMD64E=1)
  Clock Path Skew:        -0.071ns (DCD - SCD + CPR)
    Destination Clock Delay (DCD):    4.707ns = ( 11.407 - 6.700 ) 
    Source Clock Delay      (SCD):    5.088ns
    Clock Pessimism Removal (CPR):    0.310ns
  Clock Uncertainty:      0.035ns  ((TSJ^2 + TIJ^2)^1/2 + DJ) / 2 + PE
    Total System Jitter     (TSJ):    0.071ns
    Total Input Jitter      (TIJ):    0.000ns
    Discrete Jitter          (DJ):    0.000ns
    Phase Error              (PE):    0.000ns

    Location             Delay type                Incr(ns)  Path(ns)    Netlist Resource(s)
  -------------------------------------------------------------------    -------------------
                         (clock clk rise edge)        0.000     0.000 r  
    AE23                                              0.000     0.000 r  clk (IN)
                         net (fo=0)                   0.000     0.000    clk
    AE23                 IBUF (Prop_ibuf_I_O)         0.734     0.734 r  clk_IBUF_inst/O
                         net (fo=1, routed)           2.651     3.385    clk_IBUF
    BUFGCTRL_X0Y0        BUFG (Prop_bufg_I_O)         0.093     3.478 r  u_bufg/O
                         net (fo=5756, routed)        1.610     5.088    u_soc/Core_cpu/u_ifu_subsys/g_tage.u_tage/clk_buf
    SLICE_X43Y75         FDRE                                         r  u_soc/Core_cpu/u_ifu_subsys/g_tage.u_tage/q_row_idx_reg[1][0]/C
  -------------------------------------------------------------------    -------------------
    SLICE_X43Y75         FDRE (Prop_fdre_C_Q)         0.223     5.311 r  u_soc/Core_cpu/u_ifu_subsys/g_tage.u_tage/q_row_idx_reg[1][0]/Q
                         net (fo=62, routed)          0.682     5.993    u_soc/Core_cpu/u_ifu_subsys/g_tage.u_tage/g_tab[0].tg_p_reg_r1_0_63_0_2/ADDRB0
    SLICE_X42Y79         RAMD64E (Prop_ramd64e_RADR0_O)
                                                      0.043     6.036 r  u_soc/Core_cpu/u_ifu_subsys/g_tage.u_tage/g_tab[0].tg_p_reg_r1_0_63_0_2/RAMB/O
                         net (fo=1, routed)           0.348     6.385    u_soc/Core_cpu/u_ifu_subsys/g_tage.u_tage/g_tab[0].tg_p_reg_r1_0_63_0_2_n_1
    SLICE_X43Y79         LUT6 (Prop_lut6_I1_O)        0.043     6.428 f  u_soc/Core_cpu/u_ifu_subsys/g_tage.u_tage/ent_q[6][150]_i_43/O
                         net (fo=7, routed)           0.470     6.898    u_soc/Core_cpu/u_ifu_subsys/g_tage.u_tage/ent_q[6][150]_i_43_n_0
    SLICE_X45Y73         LUT3 (Prop_lut3_I2_O)        0.043     6.941 f  u_soc/Core_cpu/u_ifu_subsys/g_tage.u_tage/id_bht_chk[22]_i_35/O
                         net (fo=8, routed)           0.386     7.326    u_soc/Core_cpu/u_ifu_subsys/g_tage.u_tage/id_bht_chk[22]_i_35_n_0
    SLICE_X45Y71         LUT6 (Prop_lut6_I0_O)        0.043     7.369 r  u_soc/Core_cpu/u_ifu_subsys/g_tage.u_tage/id_bht_chk[22]_i_27/O
                         net (fo=2, routed)           0.362     7.732    u_soc/Core_cpu/u_ifu_subsys/g_tage.u_tage/id_bht_chk[22]_i_27_n_0
    SLICE_X40Y72         LUT6 (Prop_lut6_I1_O)        0.043     7.775 r  u_soc/Core_cpu/u_ifu_subsys/g_tage.u_tage/id_bht_chk[22]_i_14/O
                         net (fo=1, routed)           0.347     8.121    u_soc/Core_cpu/u_ifu_subsys/g_tage.u_tage/id_bht_chk[22]_i_14_n_0
    SLICE_X40Y71         LUT6 (Prop_lut6_I2_O)        0.043     8.164 r  u_soc/Core_cpu/u_ifu_subsys/g_tage.u_tage/id_bht_chk[22]_i_5/O
                         net (fo=3, routed)           0.206     8.370    u_soc/Core_cpu/u_ifu_subsys/u_btb/dir_pred[0]
    SLICE_X36Y71         LUT6 (Prop_lut6_I3_O)        0.043     8.413 r  u_soc/Core_cpu/u_ifu_subsys/u_btb/q_t0_idx[1]_i_11/O
                         net (fo=22, routed)          0.491     8.905    u_soc/Core_cpu/u_ifu_subsys/u_btb/btb_t0
    SLICE_X34Y68         LUT5 (Prop_lut5_I2_O)        0.043     8.948 r  u_soc/Core_cpu/u_ifu_subsys/u_btb/q_t0_idx[1]_i_9/O
                         net (fo=10, routed)          0.377     9.325    u_soc/Core_cpu/u_ifu_subsys/u_icache/u_tag_way1/u_prim/any_taken
    SLICE_X34Y67         LUT6 (Prop_lut6_I5_O)        0.043     9.368 r  u_soc/Core_cpu/u_ifu_subsys/u_icache/u_tag_way1/u_prim/cnt_q[4]_i_6/O
                         net (fo=8, routed)           0.351     9.719    u_soc/Core_cpu/u_ifu_subsys/u_ibuf/push_num[2]
    SLICE_X33Y69         LUT3 (Prop_lut3_I1_O)        0.043     9.762 r  u_soc/Core_cpu/u_ifu_subsys/u_ibuf/cnt_q[4]_i_4/O
                         net (fo=110, routed)         0.411    10.173    u_soc/Core_cpu/u_ifu_subsys/u_icache/u_tag_way0/u_prim/q_t0_idx_reg[0]_i_2_0
    SLICE_X33Y72         LUT2 (Prop_lut2_I1_O)        0.043    10.216 r  u_soc/Core_cpu/u_ifu_subsys/u_icache/u_tag_way0/u_prim/q_t0_idx[0]_i_5/O
                         net (fo=1, routed)           0.000    10.216    u_soc/Core_cpu/u_ifu_subsys/u_icache/u_tag_way0/u_prim/q_t0_idx[0]_i_5_n_0
    SLICE_X33Y72         CARRY4 (Prop_carry4_S[3]_CO[3])
                                                      0.193    10.409 r  u_soc/Core_cpu/u_ifu_subsys/u_icache/u_tag_way0/u_prim/q_t0_idx_reg[0]_i_2/CO[3]
                         net (fo=1, routed)           0.000    10.409    u_soc/Core_cpu/u_ifu_subsys/u_icache/u_tag_way0_n_131
    SLICE_X33Y73         CARRY4 (Prop_carry4_CI_O[1])
                                                      0.166    10.575 r  u_soc/Core_cpu/u_ifu_subsys/u_icache/q_t0_idx_reg[1]_i_2/O[1]
                         net (fo=2, routed)           0.187    10.762    u_soc/Core_cpu/u_ifu_subsys/u_btb/mem_q_reg_1[4]
    SLICE_X34Y73         LUT6 (Prop_lut6_I0_O)        0.123    10.885 r  u_soc/Core_cpu/u_ifu_subsys/u_btb/q_row_idx[0][2]_i_1/O
                         net (fo=58, routed)          0.728    11.613    u_soc/Core_cpu/u_ifu_subsys/u_icache/u_dat_way0/u_prim/next_pc[2]
    RAMB36_X2Y15         RAMB36E1                                     r  u_soc/Core_cpu/u_ifu_subsys/u_icache/u_dat_way0/u_prim/mem_q_reg_0/ADDRARDADDR[8]
  -------------------------------------------------------------------    -------------------

                         (clock clk rise edge)        6.700     6.700 r  
    AE23                                              0.000     6.700 r  clk (IN)
                         net (fo=0)                   0.000     6.700    clk
    AE23                 IBUF (Prop_ibuf_I_O)         0.660     7.360 r  clk_IBUF_inst/O
                         net (fo=1, routed)           2.516     9.876    clk_IBUF
    BUFGCTRL_X0Y0        BUFG (Prop_bufg_I_O)         0.083     9.959 r  u_bufg/O
                         net (fo=5756, routed)        1.449    11.407    u_soc/Core_cpu/u_ifu_subsys/u_icache/u_dat_way0/u_prim/clk_buf
    RAMB36_X2Y15         RAMB36E1                                     r  u_soc/Core_cpu/u_ifu_subsys/u_icache/u_dat_way0/u_prim/mem_q_reg_0/CLKARDCLK
                         clock pessimism              0.310    11.717    
                         clock uncertainty           -0.035    11.682    
    RAMB36_X2Y15         RAMB36E1 (Setup_ramb36e1_CLKARDCLK_ADDRARDADDR[8])
                                                     -0.416    11.266    u_soc/Core_cpu/u_ifu_subsys/u_icache/u_dat_way0/u_prim/mem_q_reg_0
  -------------------------------------------------------------------
                         required time                         11.266    
                         arrival time                         -11.613    
  -------------------------------------------------------------------
                         slack                                 -0.347    

Slack (VIOLATED) :        -0.332ns  (required time - arrival time)
  Source:                 u_soc/Core_cpu/u_ifu_subsys/g_tage.u_tage/q_row_idx_reg[1][0]/C
                            (rising edge-triggered cell FDRE clocked by clk  {rise@0.000ns fall@3.350ns period=6.700ns})
  Destination:            u_soc/Core_cpu/u_ifu_subsys/u_icache/u_dat_way0/u_prim/mem_q_reg_0/ADDRARDADDR[9]
                            (rising edge-triggered cell RAMB36E1 clocked by clk  {rise@0.000ns fall@3.350ns period=6.700ns})
  Path Group:             clk
  Path Type:              Setup (Max at Slow Process Corner)
  Requirement:            6.700ns  (clk rise@6.700ns - clk rise@0.000ns)
  Data Path Delay:        6.509ns  (logic 0.782ns (12.014%)  route 5.727ns (87.986%))
  Logic Levels:           13  (LUT3=2 LUT5=2 LUT6=8 RAMD64E=1)
  Clock Path Skew:        -0.071ns (DCD - SCD + CPR)
    Destination Clock Delay (DCD):    4.707ns = ( 11.407 - 6.700 ) 
    Source Clock Delay      (SCD):    5.088ns
    Clock Pessimism Removal (CPR):    0.310ns
  Clock Uncertainty:      0.035ns  ((TSJ^2 + TIJ^2)^1/2 + DJ) / 2 + PE
    Total System Jitter     (TSJ):    0.071ns
    Total Input Jitter      (TIJ):    0.000ns
    Discrete Jitter          (DJ):    0.000ns
    Phase Error              (PE):    0.000ns

    Location             Delay type                Incr(ns)  Path(ns)    Netlist Resource(s)
  -------------------------------------------------------------------    -------------------
                         (clock clk rise edge)        0.000     0.000 r  
    AE23                                              0.000     0.000 r  clk (IN)
                         net (fo=0)                   0.000     0.000    clk
    AE23                 IBUF (Prop_ibuf_I_O)         0.734     0.734 r  clk_IBUF_inst/O
                         net (fo=1, routed)           2.651     3.385    clk_IBUF
    BUFGCTRL_X0Y0        BUFG (Prop_bufg_I_O)         0.093     3.478 r  u_bufg/O
                         net (fo=5756, routed)        1.610     5.088    u_soc/Core_cpu/u_ifu_subsys/g_tage.u_tage/clk_buf
    SLICE_X43Y75         FDRE                                         r  u_soc/Core_cpu/u_ifu_subsys/g_tage.u_tage/q_row_idx_reg[1][0]/C
  -------------------------------------------------------------------    -------------------
    SLICE_X43Y75         FDRE (Prop_fdre_C_Q)         0.223     5.311 r  u_soc/Core_cpu/u_ifu_subsys/g_tage.u_tage/q_row_idx_reg[1][0]/Q
                         net (fo=62, routed)          0.682     5.993    u_soc/Core_cpu/u_ifu_subsys/g_tage.u_tage/g_tab[0].tg_p_reg_r1_0_63_0_2/ADDRB0
    SLICE_X42Y79         RAMD64E (Prop_ramd64e_RADR0_O)
                                                      0.043     6.036 r  u_soc/Core_cpu/u_ifu_subsys/g_tage.u_tage/g_tab[0].tg_p_reg_r1_0_63_0_2/RAMB/O
                         net (fo=1, routed)           0.348     6.385    u_soc/Core_cpu/u_ifu_subsys/g_tage.u_tage/g_tab[0].tg_p_reg_r1_0_63_0_2_n_1
    SLICE_X43Y79         LUT6 (Prop_lut6_I1_O)        0.043     6.428 f  u_soc/Core_cpu/u_ifu_subsys/g_tage.u_tage/ent_q[6][150]_i_43/O
                         net (fo=7, routed)           0.470     6.898    u_soc/Core_cpu/u_ifu_subsys/g_tage.u_tage/ent_q[6][150]_i_43_n_0
    SLICE_X45Y73         LUT3 (Prop_lut3_I2_O)        0.043     6.941 f  u_soc/Core_cpu/u_ifu_subsys/g_tage.u_tage/id_bht_chk[22]_i_35/O
                         net (fo=8, routed)           0.386     7.326    u_soc/Core_cpu/u_ifu_subsys/g_tage.u_tage/id_bht_chk[22]_i_35_n_0
    SLICE_X45Y71         LUT6 (Prop_lut6_I0_O)        0.043     7.369 r  u_soc/Core_cpu/u_ifu_subsys/g_tage.u_tage/id_bht_chk[22]_i_27/O
                         net (fo=2, routed)           0.362     7.732    u_soc/Core_cpu/u_ifu_subsys/g_tage.u_tage/id_bht_chk[22]_i_27_n_0
    SLICE_X40Y72         LUT6 (Prop_lut6_I1_O)        0.043     7.775 r  u_soc/Core_cpu/u_ifu_subsys/g_tage.u_tage/id_bht_chk[22]_i_14/O
                         net (fo=1, routed)           0.347     8.121    u_soc/Core_cpu/u_ifu_subsys/g_tage.u_tage/id_bht_chk[22]_i_14_n_0
    SLICE_X40Y71         LUT6 (Prop_lut6_I2_O)        0.043     8.164 r  u_soc/Core_cpu/u_ifu_subsys/g_tage.u_tage/id_bht_chk[22]_i_5/O
                         net (fo=3, routed)           0.206     8.370    u_soc/Core_cpu/u_ifu_subsys/u_btb/dir_pred[0]
    SLICE_X36Y71         LUT6 (Prop_lut6_I3_O)        0.043     8.413 r  u_soc/Core_cpu/u_ifu_subsys/u_btb/q_t0_idx[1]_i_11/O
                         net (fo=22, routed)          0.491     8.905    u_soc/Core_cpu/u_ifu_subsys/u_btb/btb_t0
    SLICE_X34Y68         LUT5 (Prop_lut5_I2_O)        0.043     8.948 r  u_soc/Core_cpu/u_ifu_subsys/u_btb/q_t0_idx[1]_i_9/O
                         net (fo=10, routed)          0.377     9.325    u_soc/Core_cpu/u_ifu_subsys/u_icache/u_tag_way1/u_prim/any_taken
    SLICE_X34Y67         LUT6 (Prop_lut6_I5_O)        0.043     9.368 r  u_soc/Core_cpu/u_ifu_subsys/u_icache/u_tag_way1/u_prim/cnt_q[4]_i_6/O
                         net (fo=8, routed)           0.351     9.719    u_soc/Core_cpu/u_ifu_subsys/u_ibuf/push_num[2]
    SLICE_X33Y69         LUT3 (Prop_lut3_I1_O)        0.043     9.762 r  u_soc/Core_cpu/u_ifu_subsys/u_ibuf/cnt_q[4]_i_4/O
                         net (fo=110, routed)         0.339    10.101    u_soc/Core_cpu/u_ifu_subsys/u_btb/q_row_idx[1][2]_i_6
    SLICE_X34Y72         LUT6 (Prop_lut6_I5_O)        0.043    10.144 r  u_soc/Core_cpu/u_ifu_subsys/u_btb/q_t0_idx[1]_i_8/O
                         net (fo=1, routed)           0.251    10.395    u_soc/Core_cpu/u_ifu_subsys/u_btb/q_t0_idx[1]_i_8_n_0
    SLICE_X34Y72         LUT5 (Prop_lut5_I1_O)        0.043    10.438 r  u_soc/Core_cpu/u_ifu_subsys/u_btb/q_t0_idx[1]_i_3/O
                         net (fo=40, routed)          0.465    10.903    u_soc/Core_cpu/u_ifu_subsys/u_btb/reached_taken
    SLICE_X36Y73         LUT6 (Prop_lut6_I1_O)        0.043    10.946 r  u_soc/Core_cpu/u_ifu_subsys/u_btb/q_row_idx[0][3]_i_1/O
                         net (fo=57, routed)          0.652    11.598    u_soc/Core_cpu/u_ifu_subsys/u_icache/u_dat_way0/u_prim/next_pc[3]
    RAMB36_X2Y15         RAMB36E1                                     r  u_soc/Core_cpu/u_ifu_subsys/u_icache/u_dat_way0/u_prim/mem_q_reg_0/ADDRARDADDR[9]
  -------------------------------------------------------------------    -------------------

                         (clock clk rise edge)        6.700     6.700 r  
    AE23                                              0.000     6.700 r  clk (IN)
                         net (fo=0)                   0.000     6.700    clk
    AE23                 IBUF (Prop_ibuf_I_O)         0.660     7.360 r  clk_IBUF_inst/O
                         net (fo=1, routed)           2.516     9.876    clk_IBUF
    BUFGCTRL_X0Y0        BUFG (Prop_bufg_I_O)         0.083     9.959 r  u_bufg/O
                         net (fo=5756, routed)        1.449    11.407    u_soc/Core_cpu/u_ifu_subsys/u_icache/u_dat_way0/u_prim/clk_buf
    RAMB36_X2Y15         RAMB36E1                                     r  u_soc/Core_cpu/u_ifu_subsys/u_icache/u_dat_way0/u_prim/mem_q_reg_0/CLKARDCLK
                         clock pessimism              0.310    11.717    
                         clock uncertainty           -0.035    11.682    
    RAMB36_X2Y15         RAMB36E1 (Setup_ramb36e1_CLKARDCLK_ADDRARDADDR[9])
                                                     -0.416    11.266    u_soc/Core_cpu/u_ifu_subsys/u_icache/u_dat_way0/u_prim/mem_q_reg_0
  -------------------------------------------------------------------
                         required time                         11.266    
                         arrival time                         -11.598    
  -------------------------------------------------------------------
                         slack                                 -0.332    

Slack (VIOLATED) :        -0.326ns  (required time - arrival time)
  Source:                 u_soc/Core_cpu/u_ifu_subsys/g_tage.u_tage/q_row_idx_reg[1][0]/C
                            (rising edge-triggered cell FDRE clocked by clk  {rise@0.000ns fall@3.350ns period=6.700ns})
  Destination:            u_soc/Core_cpu/u_ifu_subsys/u_icache/u_dat_way1/u_prim/mem_q_reg_0/ADDRARDADDR[8]
                            (rising edge-triggered cell RAMB36E1 clocked by clk  {rise@0.000ns fall@3.350ns period=6.700ns})
  Path Group:             clk
  Path Type:              Setup (Max at Slow Process Corner)
  Requirement:            6.700ns  (clk rise@6.700ns - clk rise@0.000ns)
  Data Path Delay:        6.501ns  (logic 1.178ns (18.121%)  route 5.323ns (81.879%))
  Logic Levels:           14  (CARRY4=2 LUT2=1 LUT3=2 LUT5=1 LUT6=7 RAMD64E=1)
  Clock Path Skew:        -0.073ns (DCD - SCD + CPR)
    Destination Clock Delay (DCD):    4.705ns = ( 11.405 - 6.700 ) 
    Source Clock Delay      (SCD):    5.088ns
    Clock Pessimism Removal (CPR):    0.310ns
  Clock Uncertainty:      0.035ns  ((TSJ^2 + TIJ^2)^1/2 + DJ) / 2 + PE
    Total System Jitter     (TSJ):    0.071ns
    Total Input Jitter      (TIJ):    0.000ns
    Discrete Jitter          (DJ):    0.000ns
    Phase Error              (PE):    0.000ns

    Location             Delay type                Incr(ns)  Path(ns)    Netlist Resource(s)
  -------------------------------------------------------------------    -------------------
                         (clock clk rise edge)        0.000     0.000 r  
    AE23                                              0.000     0.000 r  clk (IN)
                         net (fo=0)                   0.000     0.000    clk
    AE23                 IBUF (Prop_ibuf_I_O)         0.734     0.734 r  clk_IBUF_inst/O
                         net (fo=1, routed)           2.651     3.385    clk_IBUF
    BUFGCTRL_X0Y0        BUFG (Prop_bufg_I_O)         0.093     3.478 r  u_bufg/O
                         net (fo=5756, routed)        1.610     5.088    u_soc/Core_cpu/u_ifu_subsys/g_tage.u_tage/clk_buf
    SLICE_X43Y75         FDRE                                         r  u_soc/Core_cpu/u_ifu_subsys/g_tage.u_tage/q_row_idx_reg[1][0]/C
  -------------------------------------------------------------------    -------------------
    SLICE_X43Y75         FDRE (Prop_fdre_C_Q)         0.223     5.311 r  u_soc/Core_cpu/u_ifu_subsys/g_tage.u_tage/q_row_idx_reg[1][0]/Q
                         net (fo=62, routed)          0.682     5.993    u_soc/Core_cpu/u_ifu_subsys/g_tage.u_tage/g_tab[0].tg_p_reg_r1_0_63_0_2/ADDRB0
    SLICE_X42Y79         RAMD64E (Prop_ramd64e_RADR0_O)
                                                      0.043     6.036 r  u_soc/Core_cpu/u_ifu_subsys/g_tage.u_tage/g_tab[0].tg_p_reg_r1_0_63_0_2/RAMB/O
                         net (fo=1, routed)           0.348     6.385    u_soc/Core_cpu/u_ifu_subsys/g_tage.u_tage/g_tab[0].tg_p_reg_r1_0_63_0_2_n_1
    SLICE_X43Y79         LUT6 (Prop_lut6_I1_O)        0.043     6.428 f  u_soc/Core_cpu/u_ifu_subsys/g_tage.u_tage/ent_q[6][150]_i_43/O
                         net (fo=7, routed)           0.470     6.898    u_soc/Core_cpu/u_ifu_subsys/g_tage.u_tage/ent_q[6][150]_i_43_n_0
    SLICE_X45Y73         LUT3 (Prop_lut3_I2_O)        0.043     6.941 f  u_soc/Core_cpu/u_ifu_subsys/g_tage.u_tage/id_bht_chk[22]_i_35/O
                         net (fo=8, routed)           0.386     7.326    u_soc/Core_cpu/u_ifu_subsys/g_tage.u_tage/id_bht_chk[22]_i_35_n_0
    SLICE_X45Y71         LUT6 (Prop_lut6_I0_O)        0.043     7.369 r  u_soc/Core_cpu/u_ifu_subsys/g_tage.u_tage/id_bht_chk[22]_i_27/O
                         net (fo=2, routed)           0.362     7.732    u_soc/Core_cpu/u_ifu_subsys/g_tage.u_tage/id_bht_chk[22]_i_27_n_0
    SLICE_X40Y72         LUT6 (Prop_lut6_I1_O)        0.043     7.775 r  u_soc/Core_cpu/u_ifu_subsys/g_tage.u_tage/id_bht_chk[22]_i_14/O
                         net (fo=1, routed)           0.347     8.121    u_soc/Core_cpu/u_ifu_subsys/g_tage.u_tage/id_bht_chk[22]_i_14_n_0
    SLICE_X40Y71         LUT6 (Prop_lut6_I2_O)        0.043     8.164 r  u_soc/Core_cpu/u_ifu_subsys/g_tage.u_tage/id_bht_chk[22]_i_5/O
                         net (fo=3, routed)           0.206     8.370    u_soc/Core_cpu/u_ifu_subsys/u_btb/dir_pred[0]
    SLICE_X36Y71         LUT6 (Prop_lut6_I3_O)        0.043     8.413 r  u_soc/Core_cpu/u_ifu_subsys/u_btb/q_t0_idx[1]_i_11/O
                         net (fo=22, routed)          0.491     8.905    u_soc/Core_cpu/u_ifu_subsys/u_btb/btb_t0
    SLICE_X34Y68         LUT5 (Prop_lut5_I2_O)        0.043     8.948 r  u_soc/Core_cpu/u_ifu_subsys/u_btb/q_t0_idx[1]_i_9/O
                         net (fo=10, routed)          0.377     9.325    u_soc/Core_cpu/u_ifu_subsys/u_icache/u_tag_way1/u_prim/any_taken
    SLICE_X34Y67         LUT6 (Prop_lut6_I5_O)        0.043     9.368 r  u_soc/Core_cpu/u_ifu_subsys/u_icache/u_tag_way1/u_prim/cnt_q[4]_i_6/O
                         net (fo=8, routed)           0.351     9.719    u_soc/Core_cpu/u_ifu_subsys/u_ibuf/push_num[2]
    SLICE_X33Y69         LUT3 (Prop_lut3_I1_O)        0.043     9.762 r  u_soc/Core_cpu/u_ifu_subsys/u_ibuf/cnt_q[4]_i_4/O
                         net (fo=110, routed)         0.411    10.173    u_soc/Core_cpu/u_ifu_subsys/u_icache/u_tag_way0/u_prim/q_t0_idx_reg[0]_i_2_0
    SLICE_X33Y72         LUT2 (Prop_lut2_I1_O)        0.043    10.216 r  u_soc/Core_cpu/u_ifu_subsys/u_icache/u_tag_way0/u_prim/q_t0_idx[0]_i_5/O
                         net (fo=1, routed)           0.000    10.216    u_soc/Core_cpu/u_ifu_subsys/u_icache/u_tag_way0/u_prim/q_t0_idx[0]_i_5_n_0
    SLICE_X33Y72         CARRY4 (Prop_carry4_S[3]_CO[3])
                                                      0.193    10.409 r  u_soc/Core_cpu/u_ifu_subsys/u_icache/u_tag_way0/u_prim/q_t0_idx_reg[0]_i_2/CO[3]
                         net (fo=1, routed)           0.000    10.409    u_soc/Core_cpu/u_ifu_subsys/u_icache/u_tag_way0_n_131
    SLICE_X33Y73         CARRY4 (Prop_carry4_CI_O[1])
                                                      0.166    10.575 r  u_soc/Core_cpu/u_ifu_subsys/u_icache/q_t0_idx_reg[1]_i_2/O[1]
                         net (fo=2, routed)           0.187    10.762    u_soc/Core_cpu/u_ifu_subsys/u_btb/mem_q_reg_1[4]
    SLICE_X34Y73         LUT6 (Prop_lut6_I0_O)        0.123    10.885 r  u_soc/Core_cpu/u_ifu_subsys/u_btb/q_row_idx[0][2]_i_1/O
                         net (fo=58, routed)          0.705    11.589    u_soc/Core_cpu/u_ifu_subsys/u_icache/u_dat_way1/u_prim/next_pc[2]
    RAMB36_X2Y14         RAMB36E1                                     r  u_soc/Core_cpu/u_ifu_subsys/u_icache/u_dat_way1/u_prim/mem_q_reg_0/ADDRARDADDR[8]
  -------------------------------------------------------------------    -------------------

                         (clock clk rise edge)        6.700     6.700 r  
    AE23                                              0.000     6.700 r  clk (IN)
                         net (fo=0)                   0.000     6.700    clk
    AE23                 IBUF (Prop_ibuf_I_O)         0.660     7.360 r  clk_IBUF_inst/O
                         net (fo=1, routed)           2.516     9.876    clk_IBUF
    BUFGCTRL_X0Y0        BUFG (Prop_bufg_I_O)         0.083     9.959 r  u_bufg/O
                         net (fo=5756, routed)        1.447    11.405    u_soc/Core_cpu/u_ifu_subsys/u_icache/u_dat_way1/u_prim/clk_buf
    RAMB36_X2Y14         RAMB36E1                                     r  u_soc/Core_cpu/u_ifu_subsys/u_icache/u_dat_way1/u_prim/mem_q_reg_0/CLKARDCLK
                         clock pessimism              0.310    11.715    
                         clock uncertainty           -0.035    11.680    
    RAMB36_X2Y14         RAMB36E1 (Setup_ramb36e1_CLKARDCLK_ADDRARDADDR[8])
                                                     -0.416    11.264    u_soc/Core_cpu/u_ifu_subsys/u_icache/u_dat_way1/u_prim/mem_q_reg_0
  -------------------------------------------------------------------
                         required time                         11.264    
                         arrival time                         -11.589    
  -------------------------------------------------------------------
                         slack                                 -0.326    

Slack (VIOLATED) :        -0.323ns  (required time - arrival time)
  Source:                 u_soc/Core_cpu/u_ifu_subsys/g_tage.u_tage/q_row_idx_reg[1][0]/C
                            (rising edge-triggered cell FDRE clocked by clk  {rise@0.000ns fall@3.350ns period=6.700ns})
  Destination:            u_soc/Core_cpu/u_ifu_subsys/u_icache/u_dat_way0/u_prim/mem_q_reg_1/ADDRARDADDR[10]
                            (rising edge-triggered cell RAMB36E1 clocked by clk  {rise@0.000ns fall@3.350ns period=6.700ns})
  Path Group:             clk
  Path Type:              Setup (Max at Slow Process Corner)
  Requirement:            6.700ns  (clk rise@6.700ns - clk rise@0.000ns)
  Data Path Delay:        6.579ns  (logic 0.782ns (11.887%)  route 5.797ns (88.113%))
  Logic Levels:           13  (LUT3=2 LUT5=2 LUT6=8 RAMD64E=1)
  Clock Path Skew:        0.008ns (DCD - SCD + CPR)
    Destination Clock Delay (DCD):    4.786ns = ( 11.486 - 6.700 ) 
    Source Clock Delay      (SCD):    5.088ns
    Clock Pessimism Removal (CPR):    0.310ns
  Clock Uncertainty:      0.035ns  ((TSJ^2 + TIJ^2)^1/2 + DJ) / 2 + PE
    Total System Jitter     (TSJ):    0.071ns
    Total Input Jitter      (TIJ):    0.000ns
    Discrete Jitter          (DJ):    0.000ns
    Phase Error              (PE):    0.000ns

    Location             Delay type                Incr(ns)  Path(ns)    Netlist Resource(s)
  -------------------------------------------------------------------    -------------------
                         (clock clk rise edge)        0.000     0.000 r  
    AE23                                              0.000     0.000 r  clk (IN)
                         net (fo=0)                   0.000     0.000    clk
    AE23                 IBUF (Prop_ibuf_I_O)         0.734     0.734 r  clk_IBUF_inst/O
                         net (fo=1, routed)           2.651     3.385    clk_IBUF
    BUFGCTRL_X0Y0        BUFG (Prop_bufg_I_O)         0.093     3.478 r  u_bufg/O
                         net (fo=5756, routed)        1.610     5.088    u_soc/Core_cpu/u_ifu_subsys/g_tage.u_tage/clk_buf
    SLICE_X43Y75         FDRE                                         r  u_soc/Core_cpu/u_ifu_subsys/g_tage.u_tage/q_row_idx_reg[1][0]/C
  -------------------------------------------------------------------    -------------------
    SLICE_X43Y75         FDRE (Prop_fdre_C_Q)         0.223     5.311 r  u_soc/Core_cpu/u_ifu_subsys/g_tage.u_tage/q_row_idx_reg[1][0]/Q
                         net (fo=62, routed)          0.682     5.993    u_soc/Core_cpu/u_ifu_subsys/g_tage.u_tage/g_tab[0].tg_p_reg_r1_0_63_0_2/ADDRB0
    SLICE_X42Y79         RAMD64E (Prop_ramd64e_RADR0_O)
                                                      0.043     6.036 r  u_soc/Core_cpu/u_ifu_subsys/g_tage.u_tage/g_tab[0].tg_p_reg_r1_0_63_0_2/RAMB/O
                         net (fo=1, routed)           0.348     6.385    u_soc/Core_cpu/u_ifu_subsys/g_tage.u_tage/g_tab[0].tg_p_reg_r1_0_63_0_2_n_1
    SLICE_X43Y79         LUT6 (Prop_lut6_I1_O)        0.043     6.428 f  u_soc/Core_cpu/u_ifu_subsys/g_tage.u_tage/ent_q[6][150]_i_43/O
                         net (fo=7, routed)           0.470     6.898    u_soc/Core_cpu/u_ifu_subsys/g_tage.u_tage/ent_q[6][150]_i_43_n_0
    SLICE_X45Y73         LUT3 (Prop_lut3_I2_O)        0.043     6.941 f  u_soc/Core_cpu/u_ifu_subsys/g_tage.u_tage/id_bht_chk[22]_i_35/O
                         net (fo=8, routed)           0.386     7.326    u_soc/Core_cpu/u_ifu_subsys/g_tage.u_tage/id_bht_chk[22]_i_35_n_0
    SLICE_X45Y71         LUT6 (Prop_lut6_I0_O)        0.043     7.369 r  u_soc/Core_cpu/u_ifu_subsys/g_tage.u_tage/id_bht_chk[22]_i_27/O
                         net (fo=2, routed)           0.362     7.732    u_soc/Core_cpu/u_ifu_subsys/g_tage.u_tage/id_bht_chk[22]_i_27_n_0
    SLICE_X40Y72         LUT6 (Prop_lut6_I1_O)        0.043     7.775 r  u_soc/Core_cpu/u_ifu_subsys/g_tage.u_tage/id_bht_chk[22]_i_14/O
                         net (fo=1, routed)           0.347     8.121    u_soc/Core_cpu/u_ifu_subsys/g_tage.u_tage/id_bht_chk[22]_i_14_n_0
    SLICE_X40Y71         LUT6 (Prop_lut6_I2_O)        0.043     8.164 r  u_soc/Core_cpu/u_ifu_subsys/g_tage.u_tage/id_bht_chk[22]_i_5/O
                         net (fo=3, routed)           0.206     8.370    u_soc/Core_cpu/u_ifu_subsys/u_btb/dir_pred[0]
    SLICE_X36Y71         LUT6 (Prop_lut6_I3_O)        0.043     8.413 r  u_soc/Core_cpu/u_ifu_subsys/u_btb/q_t0_idx[1]_i_11/O
                         net (fo=22, routed)          0.491     8.905    u_soc/Core_cpu/u_ifu_subsys/u_btb/btb_t0
    SLICE_X34Y68         LUT5 (Prop_lut5_I2_O)        0.043     8.948 r  u_soc/Core_cpu/u_ifu_subsys/u_btb/q_t0_idx[1]_i_9/O
                         net (fo=10, routed)          0.377     9.325    u_soc/Core_cpu/u_ifu_subsys/u_icache/u_tag_way1/u_prim/any_taken
    SLICE_X34Y67         LUT6 (Prop_lut6_I5_O)        0.043     9.368 r  u_soc/Core_cpu/u_ifu_subsys/u_icache/u_tag_way1/u_prim/cnt_q[4]_i_6/O
                         net (fo=8, routed)           0.351     9.719    u_soc/Core_cpu/u_ifu_subsys/u_ibuf/push_num[2]
    SLICE_X33Y69         LUT3 (Prop_lut3_I1_O)        0.043     9.762 r  u_soc/Core_cpu/u_ifu_subsys/u_ibuf/cnt_q[4]_i_4/O
                         net (fo=110, routed)         0.339    10.101    u_soc/Core_cpu/u_ifu_subsys/u_btb/q_row_idx[1][2]_i_6
    SLICE_X34Y72         LUT6 (Prop_lut6_I5_O)        0.043    10.144 r  u_soc/Core_cpu/u_ifu_subsys/u_btb/q_t0_idx[1]_i_8/O
                         net (fo=1, routed)           0.251    10.395    u_soc/Core_cpu/u_ifu_subsys/u_btb/q_t0_idx[1]_i_8_n_0
    SLICE_X34Y72         LUT5 (Prop_lut5_I1_O)        0.043    10.438 r  u_soc/Core_cpu/u_ifu_subsys/u_btb/q_t0_idx[1]_i_3/O
                         net (fo=40, routed)          0.452    10.889    u_soc/Core_cpu/u_ifu_subsys/u_btb/reached_taken
    SLICE_X32Y74         LUT6 (Prop_lut6_I1_O)        0.043    10.932 r  u_soc/Core_cpu/u_ifu_subsys/u_btb/q_row_idx[0][4]_i_1/O
                         net (fo=57, routed)          0.735    11.667    u_soc/Core_cpu/u_ifu_subsys/u_icache/u_dat_way0/u_prim/next_pc[4]
    RAMB36_X1Y16         RAMB36E1                                     r  u_soc/Core_cpu/u_ifu_subsys/u_icache/u_dat_way0/u_prim/mem_q_reg_1/ADDRARDADDR[10]
  -------------------------------------------------------------------    -------------------

                         (clock clk rise edge)        6.700     6.700 r  
    AE23                                              0.000     6.700 r  clk (IN)
                         net (fo=0)                   0.000     6.700    clk
    AE23                 IBUF (Prop_ibuf_I_O)         0.660     7.360 r  clk_IBUF_inst/O
                         net (fo=1, routed)           2.516     9.876    clk_IBUF
    BUFGCTRL_X0Y0        BUFG (Prop_bufg_I_O)         0.083     9.959 r  u_bufg/O
                         net (fo=5756, routed)        1.528    11.486    u_soc/Core_cpu/u_ifu_subsys/u_icache/u_dat_way0/u_prim/clk_buf
    RAMB36_X1Y16         RAMB36E1                                     r  u_soc/Core_cpu/u_ifu_subsys/u_icache/u_dat_way0/u_prim/mem_q_reg_1/CLKARDCLK
                         clock pessimism              0.310    11.796    
                         clock uncertainty           -0.035    11.761    
    RAMB36_X1Y16         RAMB36E1 (Setup_ramb36e1_CLKARDCLK_ADDRARDADDR[10])
                                                     -0.416    11.345    u_soc/Core_cpu/u_ifu_subsys/u_icache/u_dat_way0/u_prim/mem_q_reg_1
  -------------------------------------------------------------------
                         required time                         11.345    
                         arrival time                         -11.667    
  -------------------------------------------------------------------
                         slack                                 -0.323    

Slack (VIOLATED) :        -0.322ns  (required time - arrival time)
  Source:                 u_soc/Core_cpu/u_ifu_subsys/g_tage.u_tage/q_row_idx_reg[1][0]/C
                            (rising edge-triggered cell FDRE clocked by clk  {rise@0.000ns fall@3.350ns period=6.700ns})
  Destination:            u_soc/Core_cpu/u_ifu_subsys/u_icache/u_dat_way0/u_prim/mem_q_reg_0/ADDRARDADDR[7]
                            (rising edge-triggered cell RAMB36E1 clocked by clk  {rise@0.000ns fall@3.350ns period=6.700ns})
  Path Group:             clk
  Path Type:              Setup (Max at Slow Process Corner)
  Requirement:            6.700ns  (clk rise@6.700ns - clk rise@0.000ns)
  Data Path Delay:        6.500ns  (logic 0.782ns (12.032%)  route 5.718ns (87.968%))
  Logic Levels:           13  (LUT3=2 LUT5=2 LUT6=8 RAMD64E=1)
  Clock Path Skew:        -0.071ns (DCD - SCD + CPR)
    Destination Clock Delay (DCD):    4.707ns = ( 11.407 - 6.700 ) 
    Source Clock Delay      (SCD):    5.088ns
    Clock Pessimism Removal (CPR):    0.310ns
  Clock Uncertainty:      0.035ns  ((TSJ^2 + TIJ^2)^1/2 + DJ) / 2 + PE
    Total System Jitter     (TSJ):    0.071ns
    Total Input Jitter      (TIJ):    0.000ns
    Discrete Jitter          (DJ):    0.000ns
    Phase Error              (PE):    0.000ns

    Location             Delay type                Incr(ns)  Path(ns)    Netlist Resource(s)
  -------------------------------------------------------------------    -------------------
                         (clock clk rise edge)        0.000     0.000 r  
    AE23                                              0.000     0.000 r  clk (IN)
                         net (fo=0)                   0.000     0.000    clk
    AE23                 IBUF (Prop_ibuf_I_O)         0.734     0.734 r  clk_IBUF_inst/O
                         net (fo=1, routed)           2.651     3.385    clk_IBUF
    BUFGCTRL_X0Y0        BUFG (Prop_bufg_I_O)         0.093     3.478 r  u_bufg/O
                         net (fo=5756, routed)        1.610     5.088    u_soc/Core_cpu/u_ifu_subsys/g_tage.u_tage/clk_buf
    SLICE_X43Y75         FDRE                                         r  u_soc/Core_cpu/u_ifu_subsys/g_tage.u_tage/q_row_idx_reg[1][0]/C
  -------------------------------------------------------------------    -------------------
    SLICE_X43Y75         FDRE (Prop_fdre_C_Q)         0.223     5.311 r  u_soc/Core_cpu/u_ifu_subsys/g_tage.u_tage/q_row_idx_reg[1][0]/Q
                         net (fo=62, routed)          0.682     5.993    u_soc/Core_cpu/u_ifu_subsys/g_tage.u_tage/g_tab[0].tg_p_reg_r1_0_63_0_2/ADDRB0
    SLICE_X42Y79         RAMD64E (Prop_ramd64e_RADR0_O)
                                                      0.043     6.036 r  u_soc/Core_cpu/u_ifu_subsys/g_tage.u_tage/g_tab[0].tg_p_reg_r1_0_63_0_2/RAMB/O
                         net (fo=1, routed)           0.348     6.385    u_soc/Core_cpu/u_ifu_subsys/g_tage.u_tage/g_tab[0].tg_p_reg_r1_0_63_0_2_n_1
    SLICE_X43Y79         LUT6 (Prop_lut6_I1_O)        0.043     6.428 f  u_soc/Core_cpu/u_ifu_subsys/g_tage.u_tage/ent_q[6][150]_i_43/O
                         net (fo=7, routed)           0.470     6.898    u_soc/Core_cpu/u_ifu_subsys/g_tage.u_tage/ent_q[6][150]_i_43_n_0
    SLICE_X45Y73         LUT3 (Prop_lut3_I2_O)        0.043     6.941 f  u_soc/Core_cpu/u_ifu_subsys/g_tage.u_tage/id_bht_chk[22]_i_35/O
                         net (fo=8, routed)           0.386     7.326    u_soc/Core_cpu/u_ifu_subsys/g_tage.u_tage/id_bht_chk[22]_i_35_n_0
    SLICE_X45Y71         LUT6 (Prop_lut6_I0_O)        0.043     7.369 r  u_soc/Core_cpu/u_ifu_subsys/g_tage.u_tage/id_bht_chk[22]_i_27/O
                         net (fo=2, routed)           0.362     7.732    u_soc/Core_cpu/u_ifu_subsys/g_tage.u_tage/id_bht_chk[22]_i_27_n_0
    SLICE_X40Y72         LUT6 (Prop_lut6_I1_O)        0.043     7.775 r  u_soc/Core_cpu/u_ifu_subsys/g_tage.u_tage/id_bht_chk[22]_i_14/O
                         net (fo=1, routed)           0.347     8.121    u_soc/Core_cpu/u_ifu_subsys/g_tage.u_tage/id_bht_chk[22]_i_14_n_0
    SLICE_X40Y71         LUT6 (Prop_lut6_I2_O)        0.043     8.164 r  u_soc/Core_cpu/u_ifu_subsys/g_tage.u_tage/id_bht_chk[22]_i_5/O
                         net (fo=3, routed)           0.206     8.370    u_soc/Core_cpu/u_ifu_subsys/u_btb/dir_pred[0]
    SLICE_X36Y71         LUT6 (Prop_lut6_I3_O)        0.043     8.413 r  u_soc/Core_cpu/u_ifu_subsys/u_btb/q_t0_idx[1]_i_11/O
                         net (fo=22, routed)          0.491     8.905    u_soc/Core_cpu/u_ifu_subsys/u_btb/btb_t0
    SLICE_X34Y68         LUT5 (Prop_lut5_I2_O)        0.043     8.948 r  u_soc/Core_cpu/u_ifu_subsys/u_btb/q_t0_idx[1]_i_9/O
                         net (fo=10, routed)          0.377     9.325    u_soc/Core_cpu/u_ifu_subsys/u_icache/u_tag_way1/u_prim/any_taken
    SLICE_X34Y67         LUT6 (Prop_lut6_I5_O)        0.043     9.368 r  u_soc/Core_cpu/u_ifu_subsys/u_icache/u_tag_way1/u_prim/cnt_q[4]_i_6/O
                         net (fo=8, routed)           0.351     9.719    u_soc/Core_cpu/u_ifu_subsys/u_ibuf/push_num[2]
    SLICE_X33Y69         LUT3 (Prop_lut3_I1_O)        0.043     9.762 r  u_soc/Core_cpu/u_ifu_subsys/u_ibuf/cnt_q[4]_i_4/O
                         net (fo=110, routed)         0.339    10.101    u_soc/Core_cpu/u_ifu_subsys/u_btb/q_row_idx[1][2]_i_6
    SLICE_X34Y72         LUT6 (Prop_lut6_I5_O)        0.043    10.144 r  u_soc/Core_cpu/u_ifu_subsys/u_btb/q_t0_idx[1]_i_8/O
                         net (fo=1, routed)           0.251    10.395    u_soc/Core_cpu/u_ifu_subsys/u_btb/q_t0_idx[1]_i_8_n_0
    SLICE_X34Y72         LUT5 (Prop_lut5_I1_O)        0.043    10.438 r  u_soc/Core_cpu/u_ifu_subsys/u_btb/q_t0_idx[1]_i_3/O
                         net (fo=40, routed)          0.371    10.809    u_soc/Core_cpu/u_ifu_subsys/u_btb/reached_taken
    SLICE_X35Y74         LUT6 (Prop_lut6_I1_O)        0.043    10.852 r  u_soc/Core_cpu/u_ifu_subsys/u_btb/q_t0_idx[1]_i_1/O
                         net (fo=59, routed)          0.736    11.588    u_soc/Core_cpu/u_ifu_subsys/u_icache/u_dat_way0/u_prim/next_pc[1]
    RAMB36_X2Y15         RAMB36E1                                     r  u_soc/Core_cpu/u_ifu_subsys/u_icache/u_dat_way0/u_prim/mem_q_reg_0/ADDRARDADDR[7]
  -------------------------------------------------------------------    -------------------

                         (clock clk rise edge)        6.700     6.700 r  
    AE23                                              0.000     6.700 r  clk (IN)
                         net (fo=0)                   0.000     6.700    clk
    AE23                 IBUF (Prop_ibuf_I_O)         0.660     7.360 r  clk_IBUF_inst/O
                         net (fo=1, routed)           2.516     9.876    clk_IBUF
    BUFGCTRL_X0Y0        BUFG (Prop_bufg_I_O)         0.083     9.959 r  u_bufg/O
                         net (fo=5756, routed)        1.449    11.407    u_soc/Core_cpu/u_ifu_subsys/u_icache/u_dat_way0/u_prim/clk_buf
    RAMB36_X2Y15         RAMB36E1                                     r  u_soc/Core_cpu/u_ifu_subsys/u_icache/u_dat_way0/u_prim/mem_q_reg_0/CLKARDCLK
                         clock pessimism              0.310    11.717    
                         clock uncertainty           -0.035    11.682    
    RAMB36_X2Y15         RAMB36E1 (Setup_ramb36e1_CLKARDCLK_ADDRARDADDR[7])
                                                     -0.416    11.266    u_soc/Core_cpu/u_ifu_subsys/u_icache/u_dat_way0/u_prim/mem_q_reg_0
  -------------------------------------------------------------------
                         required time                         11.266    
                         arrival time                         -11.588    
  -------------------------------------------------------------------
                         slack                                 -0.322    

Slack (VIOLATED) :        -0.319ns  (required time - arrival time)
  Source:                 u_soc/Core_cpu/u_ifu_subsys/g_tage.u_tage/q_row_idx_reg[1][0]/C
                            (rising edge-triggered cell FDRE clocked by clk  {rise@0.000ns fall@3.350ns period=6.700ns})
  Destination:            u_soc/Core_cpu/u_ifu_subsys/u_ibuf/ent_q_reg[1][51]/D
                            (rising edge-triggered cell FDRE clocked by clk  {rise@0.000ns fall@3.350ns period=6.700ns})
  Path Group:             clk
  Path Type:              Setup (Max at Slow Process Corner)
  Requirement:            6.700ns  (clk rise@6.700ns - clk rise@0.000ns)
  Data Path Delay:        7.054ns  (logic 0.825ns (11.695%)  route 6.229ns (88.305%))
  Logic Levels:           14  (LUT3=2 LUT4=2 LUT5=2 LUT6=7 RAMD64E=1)
  Clock Path Skew:        0.036ns (DCD - SCD + CPR)
    Destination Clock Delay (DCD):    4.815ns = ( 11.515 - 6.700 ) 
    Source Clock Delay      (SCD):    5.088ns
    Clock Pessimism Removal (CPR):    0.310ns
  Clock Uncertainty:      0.035ns  ((TSJ^2 + TIJ^2)^1/2 + DJ) / 2 + PE
    Total System Jitter     (TSJ):    0.071ns
    Total Input Jitter      (TIJ):    0.000ns
    Discrete Jitter          (DJ):    0.000ns
    Phase Error              (PE):    0.000ns

    Location             Delay type                Incr(ns)  Path(ns)    Netlist Resource(s)
  -------------------------------------------------------------------    -------------------
                         (clock clk rise edge)        0.000     0.000 r  
    AE23                                              0.000     0.000 r  clk (IN)
                         net (fo=0)                   0.000     0.000    clk
    AE23                 IBUF (Prop_ibuf_I_O)         0.734     0.734 r  clk_IBUF_inst/O
                         net (fo=1, routed)           2.651     3.385    clk_IBUF
    BUFGCTRL_X0Y0        BUFG (Prop_bufg_I_O)         0.093     3.478 r  u_bufg/O
                         net (fo=5756, routed)        1.610     5.088    u_soc/Core_cpu/u_ifu_subsys/g_tage.u_tage/clk_buf
    SLICE_X43Y75         FDRE                                         r  u_soc/Core_cpu/u_ifu_subsys/g_tage.u_tage/q_row_idx_reg[1][0]/C
  -------------------------------------------------------------------    -------------------
    SLICE_X43Y75         FDRE (Prop_fdre_C_Q)         0.223     5.311 r  u_soc/Core_cpu/u_ifu_subsys/g_tage.u_tage/q_row_idx_reg[1][0]/Q
                         net (fo=62, routed)          0.682     5.993    u_soc/Core_cpu/u_ifu_subsys/g_tage.u_tage/g_tab[0].tg_p_reg_r1_0_63_0_2/ADDRB0
    SLICE_X42Y79         RAMD64E (Prop_ramd64e_RADR0_O)
                                                      0.043     6.036 r  u_soc/Core_cpu/u_ifu_subsys/g_tage.u_tage/g_tab[0].tg_p_reg_r1_0_63_0_2/RAMB/O
                         net (fo=1, routed)           0.348     6.385    u_soc/Core_cpu/u_ifu_subsys/g_tage.u_tage/g_tab[0].tg_p_reg_r1_0_63_0_2_n_1
    SLICE_X43Y79         LUT6 (Prop_lut6_I1_O)        0.043     6.428 f  u_soc/Core_cpu/u_ifu_subsys/g_tage.u_tage/ent_q[6][150]_i_43/O
                         net (fo=7, routed)           0.470     6.898    u_soc/Core_cpu/u_ifu_subsys/g_tage.u_tage/ent_q[6][150]_i_43_n_0
    SLICE_X45Y73         LUT3 (Prop_lut3_I2_O)        0.043     6.941 f  u_soc/Core_cpu/u_ifu_subsys/g_tage.u_tage/id_bht_chk[22]_i_35/O
                         net (fo=8, routed)           0.386     7.326    u_soc/Core_cpu/u_ifu_subsys/g_tage.u_tage/id_bht_chk[22]_i_35_n_0
    SLICE_X45Y71         LUT6 (Prop_lut6_I0_O)        0.043     7.369 r  u_soc/Core_cpu/u_ifu_subsys/g_tage.u_tage/id_bht_chk[22]_i_27/O
                         net (fo=2, routed)           0.362     7.732    u_soc/Core_cpu/u_ifu_subsys/g_tage.u_tage/id_bht_chk[22]_i_27_n_0
    SLICE_X40Y72         LUT6 (Prop_lut6_I1_O)        0.043     7.775 r  u_soc/Core_cpu/u_ifu_subsys/g_tage.u_tage/id_bht_chk[22]_i_14/O
                         net (fo=1, routed)           0.347     8.121    u_soc/Core_cpu/u_ifu_subsys/g_tage.u_tage/id_bht_chk[22]_i_14_n_0
    SLICE_X40Y71         LUT6 (Prop_lut6_I2_O)        0.043     8.164 r  u_soc/Core_cpu/u_ifu_subsys/g_tage.u_tage/id_bht_chk[22]_i_5/O
                         net (fo=3, routed)           0.206     8.370    u_soc/Core_cpu/u_ifu_subsys/u_btb/dir_pred[0]
    SLICE_X36Y71         LUT6 (Prop_lut6_I3_O)        0.043     8.413 r  u_soc/Core_cpu/u_ifu_subsys/u_btb/q_t0_idx[1]_i_11/O
                         net (fo=22, routed)          0.491     8.905    u_soc/Core_cpu/u_ifu_subsys/u_btb/btb_t0
    SLICE_X34Y68         LUT5 (Prop_lut5_I2_O)        0.043     8.948 r  u_soc/Core_cpu/u_ifu_subsys/u_btb/q_t0_idx[1]_i_9/O
                         net (fo=10, routed)          0.435     9.382    u_soc/Core_cpu/u_ifu_subsys/u_icache/u_tag_way1/u_prim/any_taken
    SLICE_X33Y70         LUT6 (Prop_lut6_I3_O)        0.043     9.425 r  u_soc/Core_cpu/u_ifu_subsys/u_icache/u_tag_way1/u_prim/cnt_q[2]_i_6/O
                         net (fo=4, routed)           0.270     9.695    u_soc/Core_cpu/u_ifu_subsys/u_ibuf/push_num[0]
    SLICE_X33Y71         LUT4 (Prop_lut4_I1_O)        0.043     9.738 r  u_soc/Core_cpu/u_ifu_subsys/u_ibuf/cnt_q[0]_i_2/O
                         net (fo=8, routed)           0.489    10.227    u_soc/Core_cpu/u_ifu_subsys/u_ibuf/cnt_q_reg[4]_1[0]
    SLICE_X27Y66         LUT3 (Prop_lut3_I1_O)        0.043    10.270 r  u_soc/Core_cpu/u_ifu_subsys/u_ibuf/ent_q[6][150]_i_13/O
                         net (fo=111, routed)         0.949    11.219    u_soc/Core_cpu/u_ifu_subsys/u_ibuf/cnt_q_reg[4]_3
    SLICE_X10Y67         LUT5 (Prop_lut5_I1_O)        0.043    11.262 r  u_soc/Core_cpu/u_ifu_subsys/u_ibuf/ent_q[6][51]_i_3/O
                         net (fo=8, routed)           0.608    11.870    u_soc/Core_cpu/u_ifu_subsys/u_ibuf/ent_q[6][51]_i_3_n_0
    SLICE_X6Y64          LUT6 (Prop_lut6_I0_O)        0.043    11.913 r  u_soc/Core_cpu/u_ifu_subsys/u_ibuf/ent_q[1][51]_i_2/O
                         net (fo=1, routed)           0.187    12.099    u_soc/Core_cpu/u_ifu_subsys/u_ibuf/ent_q[1][51]_i_2_n_0
    SLICE_X4Y64          LUT4 (Prop_lut4_I3_O)        0.043    12.142 r  u_soc/Core_cpu/u_ifu_subsys/u_ibuf/ent_q[1][51]_i_1/O
                         net (fo=1, routed)           0.000    12.142    u_soc/Core_cpu/u_ifu_subsys/u_ibuf/ent_q[1][51]_i_1_n_0
    SLICE_X4Y64          FDRE                                         r  u_soc/Core_cpu/u_ifu_subsys/u_ibuf/ent_q_reg[1][51]/D
  -------------------------------------------------------------------    -------------------

                         (clock clk rise edge)        6.700     6.700 r  
    AE23                                              0.000     6.700 r  clk (IN)
                         net (fo=0)                   0.000     6.700    clk
    AE23                 IBUF (Prop_ibuf_I_O)         0.660     7.360 r  clk_IBUF_inst/O
                         net (fo=1, routed)           2.516     9.876    clk_IBUF
    BUFGCTRL_X0Y0        BUFG (Prop_bufg_I_O)         0.083     9.959 r  u_bufg/O
                         net (fo=5756, routed)        1.556    11.515    u_soc/Core_cpu/u_ifu_subsys/u_ibuf/clk_buf
    SLICE_X4Y64          FDRE                                         r  u_soc/Core_cpu/u_ifu_subsys/u_ibuf/ent_q_reg[1][51]/C
                         clock pessimism              0.310    11.824    
                         clock uncertainty           -0.035    11.789    
    SLICE_X4Y64          FDRE (Setup_fdre_C_D)        0.034    11.823    u_soc/Core_cpu/u_ifu_subsys/u_ibuf/ent_q_reg[1][51]
  -------------------------------------------------------------------
                         required time                         11.823    
                         arrival time                         -12.142    
  -------------------------------------------------------------------
                         slack                                 -0.319    

Slack (VIOLATED) :        -0.318ns  (required time - arrival time)
  Source:                 u_soc/Core_cpu/u_ifu_subsys/g_tage.u_tage/q_row_idx_reg[1][0]/C
                            (rising edge-triggered cell FDRE clocked by clk  {rise@0.000ns fall@3.350ns period=6.700ns})
  Destination:            u_soc/Core_cpu/u_ifu_subsys/u_ibuf/ent_q_reg[3][59]/D
                            (rising edge-triggered cell FDRE clocked by clk  {rise@0.000ns fall@3.350ns period=6.700ns})
  Path Group:             clk
  Path Type:              Setup (Max at Slow Process Corner)
  Requirement:            6.700ns  (clk rise@6.700ns - clk rise@0.000ns)
  Data Path Delay:        7.032ns  (logic 0.825ns (11.732%)  route 6.207ns (88.268%))
  Logic Levels:           14  (LUT3=2 LUT4=2 LUT5=2 LUT6=7 RAMD64E=1)
  Clock Path Skew:        -0.016ns (DCD - SCD + CPR)
    Destination Clock Delay (DCD):    4.763ns = ( 11.463 - 6.700 ) 
    Source Clock Delay      (SCD):    5.088ns
    Clock Pessimism Removal (CPR):    0.310ns
  Clock Uncertainty:      0.035ns  ((TSJ^2 + TIJ^2)^1/2 + DJ) / 2 + PE
    Total System Jitter     (TSJ):    0.071ns
    Total Input Jitter      (TIJ):    0.000ns
    Discrete Jitter          (DJ):    0.000ns
    Phase Error              (PE):    0.000ns

    Location             Delay type                Incr(ns)  Path(ns)    Netlist Resource(s)
  -------------------------------------------------------------------    -------------------
                         (clock clk rise edge)        0.000     0.000 r  
    AE23                                              0.000     0.000 r  clk (IN)
                         net (fo=0)                   0.000     0.000    clk
    AE23                 IBUF (Prop_ibuf_I_O)         0.734     0.734 r  clk_IBUF_inst/O
                         net (fo=1, routed)           2.651     3.385    clk_IBUF
    BUFGCTRL_X0Y0        BUFG (Prop_bufg_I_O)         0.093     3.478 r  u_bufg/O
                         net (fo=5756, routed)        1.610     5.088    u_soc/Core_cpu/u_ifu_subsys/g_tage.u_tage/clk_buf
    SLICE_X43Y75         FDRE                                         r  u_soc/Core_cpu/u_ifu_subsys/g_tage.u_tage/q_row_idx_reg[1][0]/C
  -------------------------------------------------------------------    -------------------
    SLICE_X43Y75         FDRE (Prop_fdre_C_Q)         0.223     5.311 r  u_soc/Core_cpu/u_ifu_subsys/g_tage.u_tage/q_row_idx_reg[1][0]/Q
                         net (fo=62, routed)          0.682     5.993    u_soc/Core_cpu/u_ifu_subsys/g_tage.u_tage/g_tab[0].tg_p_reg_r1_0_63_0_2/ADDRB0
    SLICE_X42Y79         RAMD64E (Prop_ramd64e_RADR0_O)
                                                      0.043     6.036 r  u_soc/Core_cpu/u_ifu_subsys/g_tage.u_tage/g_tab[0].tg_p_reg_r1_0_63_0_2/RAMB/O
                         net (fo=1, routed)           0.348     6.385    u_soc/Core_cpu/u_ifu_subsys/g_tage.u_tage/g_tab[0].tg_p_reg_r1_0_63_0_2_n_1
    SLICE_X43Y79         LUT6 (Prop_lut6_I1_O)        0.043     6.428 f  u_soc/Core_cpu/u_ifu_subsys/g_tage.u_tage/ent_q[6][150]_i_43/O
                         net (fo=7, routed)           0.470     6.898    u_soc/Core_cpu/u_ifu_subsys/g_tage.u_tage/ent_q[6][150]_i_43_n_0
    SLICE_X45Y73         LUT3 (Prop_lut3_I2_O)        0.043     6.941 f  u_soc/Core_cpu/u_ifu_subsys/g_tage.u_tage/id_bht_chk[22]_i_35/O
                         net (fo=8, routed)           0.386     7.326    u_soc/Core_cpu/u_ifu_subsys/g_tage.u_tage/id_bht_chk[22]_i_35_n_0
    SLICE_X45Y71         LUT6 (Prop_lut6_I0_O)        0.043     7.369 r  u_soc/Core_cpu/u_ifu_subsys/g_tage.u_tage/id_bht_chk[22]_i_27/O
                         net (fo=2, routed)           0.362     7.732    u_soc/Core_cpu/u_ifu_subsys/g_tage.u_tage/id_bht_chk[22]_i_27_n_0
    SLICE_X40Y72         LUT6 (Prop_lut6_I1_O)        0.043     7.775 r  u_soc/Core_cpu/u_ifu_subsys/g_tage.u_tage/id_bht_chk[22]_i_14/O
                         net (fo=1, routed)           0.347     8.121    u_soc/Core_cpu/u_ifu_subsys/g_tage.u_tage/id_bht_chk[22]_i_14_n_0
    SLICE_X40Y71         LUT6 (Prop_lut6_I2_O)        0.043     8.164 r  u_soc/Core_cpu/u_ifu_subsys/g_tage.u_tage/id_bht_chk[22]_i_5/O
                         net (fo=3, routed)           0.206     8.370    u_soc/Core_cpu/u_ifu_subsys/u_btb/dir_pred[0]
    SLICE_X36Y71         LUT6 (Prop_lut6_I3_O)        0.043     8.413 r  u_soc/Core_cpu/u_ifu_subsys/u_btb/q_t0_idx[1]_i_11/O
                         net (fo=22, routed)          0.491     8.905    u_soc/Core_cpu/u_ifu_subsys/u_btb/btb_t0
    SLICE_X34Y68         LUT5 (Prop_lut5_I2_O)        0.043     8.948 r  u_soc/Core_cpu/u_ifu_subsys/u_btb/q_t0_idx[1]_i_9/O
                         net (fo=10, routed)          0.435     9.382    u_soc/Core_cpu/u_ifu_subsys/u_icache/u_tag_way1/u_prim/any_taken
    SLICE_X33Y70         LUT6 (Prop_lut6_I3_O)        0.043     9.425 r  u_soc/Core_cpu/u_ifu_subsys/u_icache/u_tag_way1/u_prim/cnt_q[2]_i_6/O
                         net (fo=4, routed)           0.270     9.695    u_soc/Core_cpu/u_ifu_subsys/u_ibuf/push_num[0]
    SLICE_X33Y71         LUT4 (Prop_lut4_I1_O)        0.043     9.738 r  u_soc/Core_cpu/u_ifu_subsys/u_ibuf/cnt_q[0]_i_2/O
                         net (fo=8, routed)           0.489    10.227    u_soc/Core_cpu/u_ifu_subsys/u_ibuf/cnt_q_reg[4]_1[0]
    SLICE_X27Y66         LUT3 (Prop_lut3_I1_O)        0.043    10.270 r  u_soc/Core_cpu/u_ifu_subsys/u_ibuf/ent_q[6][150]_i_13/O
                         net (fo=111, routed)         0.991    11.261    u_soc/Core_cpu/u_ifu_subsys/u_ibuf/cnt_q_reg[4]_3
    SLICE_X7Y65          LUT5 (Prop_lut5_I1_O)        0.043    11.304 r  u_soc/Core_cpu/u_ifu_subsys/u_ibuf/ent_q[6][59]_i_3/O
                         net (fo=8, routed)           0.542    11.846    u_soc/Core_cpu/u_ifu_subsys/u_ibuf/ent_q[6][59]_i_3_n_0
    SLICE_X8Y61          LUT6 (Prop_lut6_I0_O)        0.043    11.889 r  u_soc/Core_cpu/u_ifu_subsys/u_ibuf/ent_q[3][59]_i_2/O
                         net (fo=1, routed)           0.189    12.077    u_soc/Core_cpu/u_ifu_subsys/u_ibuf/ent_q[3][59]_i_2_n_0
    SLICE_X8Y60          LUT4 (Prop_lut4_I3_O)        0.043    12.120 r  u_soc/Core_cpu/u_ifu_subsys/u_ibuf/ent_q[3][59]_i_1/O
                         net (fo=1, routed)           0.000    12.120    u_soc/Core_cpu/u_ifu_subsys/u_ibuf/ent_q[3][59]_i_1_n_0
    SLICE_X8Y60          FDRE                                         r  u_soc/Core_cpu/u_ifu_subsys/u_ibuf/ent_q_reg[3][59]/D
  -------------------------------------------------------------------    -------------------

                         (clock clk rise edge)        6.700     6.700 r  
    AE23                                              0.000     6.700 r  clk (IN)
                         net (fo=0)                   0.000     6.700    clk
    AE23                 IBUF (Prop_ibuf_I_O)         0.660     7.360 r  clk_IBUF_inst/O
                         net (fo=1, routed)           2.516     9.876    clk_IBUF
    BUFGCTRL_X0Y0        BUFG (Prop_bufg_I_O)         0.083     9.959 r  u_bufg/O
                         net (fo=5756, routed)        1.504    11.463    u_soc/Core_cpu/u_ifu_subsys/u_ibuf/clk_buf
    SLICE_X8Y60          FDRE                                         r  u_soc/Core_cpu/u_ifu_subsys/u_ibuf/ent_q_reg[3][59]/C
                         clock pessimism              0.310    11.772    
                         clock uncertainty           -0.035    11.737    
    SLICE_X8Y60          FDRE (Setup_fdre_C_D)        0.065    11.802    u_soc/Core_cpu/u_ifu_subsys/u_ibuf/ent_q_reg[3][59]
  -------------------------------------------------------------------
                         required time                         11.802    
                         arrival time                         -12.120    
  -------------------------------------------------------------------
                         slack                                 -0.318    

Slack (VIOLATED) :        -0.296ns  (required time - arrival time)
  Source:                 u_soc/Core_cpu/u_ifu_subsys/g_tage.u_tage/q_row_idx_reg[1][0]/C
                            (rising edge-triggered cell FDRE clocked by clk  {rise@0.000ns fall@3.350ns period=6.700ns})
  Destination:            u_soc/Core_cpu/u_ifu_subsys/u_icache/u_dat_way0/u_prim/mem_q_reg_1/ADDRARDADDR[6]
                            (rising edge-triggered cell RAMB36E1 clocked by clk  {rise@0.000ns fall@3.350ns period=6.700ns})
  Path Group:             clk
  Path Type:              Setup (Max at Slow Process Corner)
  Requirement:            6.700ns  (clk rise@6.700ns - clk rise@0.000ns)
  Data Path Delay:        6.553ns  (logic 0.782ns (11.934%)  route 5.771ns (88.066%))
  Logic Levels:           13  (LUT3=2 LUT5=2 LUT6=8 RAMD64E=1)
  Clock Path Skew:        0.008ns (DCD - SCD + CPR)
    Destination Clock Delay (DCD):    4.786ns = ( 11.486 - 6.700 ) 
    Source Clock Delay      (SCD):    5.088ns
    Clock Pessimism Removal (CPR):    0.310ns
  Clock Uncertainty:      0.035ns  ((TSJ^2 + TIJ^2)^1/2 + DJ) / 2 + PE
    Total System Jitter     (TSJ):    0.071ns
    Total Input Jitter      (TIJ):    0.000ns
    Discrete Jitter          (DJ):    0.000ns
    Phase Error              (PE):    0.000ns

    Location             Delay type                Incr(ns)  Path(ns)    Netlist Resource(s)
  -------------------------------------------------------------------    -------------------
                         (clock clk rise edge)        0.000     0.000 r  
    AE23                                              0.000     0.000 r  clk (IN)
                         net (fo=0)                   0.000     0.000    clk
    AE23                 IBUF (Prop_ibuf_I_O)         0.734     0.734 r  clk_IBUF_inst/O
                         net (fo=1, routed)           2.651     3.385    clk_IBUF
    BUFGCTRL_X0Y0        BUFG (Prop_bufg_I_O)         0.093     3.478 r  u_bufg/O
                         net (fo=5756, routed)        1.610     5.088    u_soc/Core_cpu/u_ifu_subsys/g_tage.u_tage/clk_buf
    SLICE_X43Y75         FDRE                                         r  u_soc/Core_cpu/u_ifu_subsys/g_tage.u_tage/q_row_idx_reg[1][0]/C
  -------------------------------------------------------------------    -------------------
    SLICE_X43Y75         FDRE (Prop_fdre_C_Q)         0.223     5.311 r  u_soc/Core_cpu/u_ifu_subsys/g_tage.u_tage/q_row_idx_reg[1][0]/Q
                         net (fo=62, routed)          0.682     5.993    u_soc/Core_cpu/u_ifu_subsys/g_tage.u_tage/g_tab[0].tg_p_reg_r1_0_63_0_2/ADDRB0
    SLICE_X42Y79         RAMD64E (Prop_ramd64e_RADR0_O)
                                                      0.043     6.036 r  u_soc/Core_cpu/u_ifu_subsys/g_tage.u_tage/g_tab[0].tg_p_reg_r1_0_63_0_2/RAMB/O
                         net (fo=1, routed)           0.348     6.385    u_soc/Core_cpu/u_ifu_subsys/g_tage.u_tage/g_tab[0].tg_p_reg_r1_0_63_0_2_n_1
    SLICE_X43Y79         LUT6 (Prop_lut6_I1_O)        0.043     6.428 f  u_soc/Core_cpu/u_ifu_subsys/g_tage.u_tage/ent_q[6][150]_i_43/O
                         net (fo=7, routed)           0.470     6.898    u_soc/Core_cpu/u_ifu_subsys/g_tage.u_tage/ent_q[6][150]_i_43_n_0
    SLICE_X45Y73         LUT3 (Prop_lut3_I2_O)        0.043     6.941 f  u_soc/Core_cpu/u_ifu_subsys/g_tage.u_tage/id_bht_chk[22]_i_35/O
                         net (fo=8, routed)           0.386     7.326    u_soc/Core_cpu/u_ifu_subsys/g_tage.u_tage/id_bht_chk[22]_i_35_n_0
    SLICE_X45Y71         LUT6 (Prop_lut6_I0_O)        0.043     7.369 r  u_soc/Core_cpu/u_ifu_subsys/g_tage.u_tage/id_bht_chk[22]_i_27/O
                         net (fo=2, routed)           0.362     7.732    u_soc/Core_cpu/u_ifu_subsys/g_tage.u_tage/id_bht_chk[22]_i_27_n_0
    SLICE_X40Y72         LUT6 (Prop_lut6_I1_O)        0.043     7.775 r  u_soc/Core_cpu/u_ifu_subsys/g_tage.u_tage/id_bht_chk[22]_i_14/O
                         net (fo=1, routed)           0.347     8.121    u_soc/Core_cpu/u_ifu_subsys/g_tage.u_tage/id_bht_chk[22]_i_14_n_0
    SLICE_X40Y71         LUT6 (Prop_lut6_I2_O)        0.043     8.164 r  u_soc/Core_cpu/u_ifu_subsys/g_tage.u_tage/id_bht_chk[22]_i_5/O
                         net (fo=3, routed)           0.206     8.370    u_soc/Core_cpu/u_ifu_subsys/u_btb/dir_pred[0]
    SLICE_X36Y71         LUT6 (Prop_lut6_I3_O)        0.043     8.413 r  u_soc/Core_cpu/u_ifu_subsys/u_btb/q_t0_idx[1]_i_11/O
                         net (fo=22, routed)          0.491     8.905    u_soc/Core_cpu/u_ifu_subsys/u_btb/btb_t0
    SLICE_X34Y68         LUT5 (Prop_lut5_I2_O)        0.043     8.948 r  u_soc/Core_cpu/u_ifu_subsys/u_btb/q_t0_idx[1]_i_9/O
                         net (fo=10, routed)          0.377     9.325    u_soc/Core_cpu/u_ifu_subsys/u_icache/u_tag_way1/u_prim/any_taken
    SLICE_X34Y67         LUT6 (Prop_lut6_I5_O)        0.043     9.368 r  u_soc/Core_cpu/u_ifu_subsys/u_icache/u_tag_way1/u_prim/cnt_q[4]_i_6/O
                         net (fo=8, routed)           0.351     9.719    u_soc/Core_cpu/u_ifu_subsys/u_ibuf/push_num[2]
    SLICE_X33Y69         LUT3 (Prop_lut3_I1_O)        0.043     9.762 r  u_soc/Core_cpu/u_ifu_subsys/u_ibuf/cnt_q[4]_i_4/O
                         net (fo=110, routed)         0.339    10.101    u_soc/Core_cpu/u_ifu_subsys/u_btb/q_row_idx[1][2]_i_6
    SLICE_X34Y72         LUT6 (Prop_lut6_I5_O)        0.043    10.144 r  u_soc/Core_cpu/u_ifu_subsys/u_btb/q_t0_idx[1]_i_8/O
                         net (fo=1, routed)           0.251    10.395    u_soc/Core_cpu/u_ifu_subsys/u_btb/q_t0_idx[1]_i_8_n_0
    SLICE_X34Y72         LUT5 (Prop_lut5_I1_O)        0.043    10.438 r  u_soc/Core_cpu/u_ifu_subsys/u_btb/q_t0_idx[1]_i_3/O
                         net (fo=40, routed)          0.355    10.793    u_soc/Core_cpu/u_ifu_subsys/u_btb/reached_taken
    SLICE_X34Y73         LUT6 (Prop_lut6_I1_O)        0.043    10.836 r  u_soc/Core_cpu/u_ifu_subsys/u_btb/q_t0_idx[0]_i_1/O
                         net (fo=59, routed)          0.805    11.641    u_soc/Core_cpu/u_ifu_subsys/u_icache/u_dat_way0/u_prim/next_pc[0]
    RAMB36_X1Y16         RAMB36E1                                     r  u_soc/Core_cpu/u_ifu_subsys/u_icache/u_dat_way0/u_prim/mem_q_reg_1/ADDRARDADDR[6]
  -------------------------------------------------------------------    -------------------

                         (clock clk rise edge)        6.700     6.700 r  
    AE23                                              0.000     6.700 r  clk (IN)
                         net (fo=0)                   0.000     6.700    clk
    AE23                 IBUF (Prop_ibuf_I_O)         0.660     7.360 r  clk_IBUF_inst/O
                         net (fo=1, routed)           2.516     9.876    clk_IBUF
    BUFGCTRL_X0Y0        BUFG (Prop_bufg_I_O)         0.083     9.959 r  u_bufg/O
                         net (fo=5756, routed)        1.528    11.486    u_soc/Core_cpu/u_ifu_subsys/u_icache/u_dat_way0/u_prim/clk_buf
    RAMB36_X1Y16         RAMB36E1                                     r  u_soc/Core_cpu/u_ifu_subsys/u_icache/u_dat_way0/u_prim/mem_q_reg_1/CLKARDCLK
                         clock pessimism              0.310    11.796    
                         clock uncertainty           -0.035    11.761    
    RAMB36_X1Y16         RAMB36E1 (Setup_ramb36e1_CLKARDCLK_ADDRARDADDR[6])
                                                     -0.416    11.345    u_soc/Core_cpu/u_ifu_subsys/u_icache/u_dat_way0/u_prim/mem_q_reg_1
  -------------------------------------------------------------------
                         required time                         11.345    
                         arrival time                         -11.641    
  -------------------------------------------------------------------
                         slack                                 -0.296    

Slack (VIOLATED) :        -0.294ns  (required time - arrival time)
  Source:                 u_soc/Core_cpu/u_ifu_subsys/g_tage.u_tage/q_row_idx_reg[1][0]/C
                            (rising edge-triggered cell FDRE clocked by clk  {rise@0.000ns fall@3.350ns period=6.700ns})
  Destination:            u_soc/Core_cpu/u_ifu_subsys/u_ibuf/ent_q_reg[5][59]/D
                            (rising edge-triggered cell FDRE clocked by clk  {rise@0.000ns fall@3.350ns period=6.700ns})
  Path Group:             clk
  Path Type:              Setup (Max at Slow Process Corner)
  Requirement:            6.700ns  (clk rise@6.700ns - clk rise@0.000ns)
  Data Path Delay:        7.010ns  (logic 0.825ns (11.770%)  route 6.185ns (88.230%))
  Logic Levels:           14  (LUT3=2 LUT4=2 LUT5=2 LUT6=7 RAMD64E=1)
  Clock Path Skew:        -0.014ns (DCD - SCD + CPR)
    Destination Clock Delay (DCD):    4.765ns = ( 11.465 - 6.700 ) 
    Source Clock Delay      (SCD):    5.088ns
    Clock Pessimism Removal (CPR):    0.310ns
  Clock Uncertainty:      0.035ns  ((TSJ^2 + TIJ^2)^1/2 + DJ) / 2 + PE
    Total System Jitter     (TSJ):    0.071ns
    Total Input Jitter      (TIJ):    0.000ns
    Discrete Jitter          (DJ):    0.000ns
    Phase Error              (PE):    0.000ns

    Location             Delay type                Incr(ns)  Path(ns)    Netlist Resource(s)
  -------------------------------------------------------------------    -------------------
                         (clock clk rise edge)        0.000     0.000 r  
    AE23                                              0.000     0.000 r  clk (IN)
                         net (fo=0)                   0.000     0.000    clk
    AE23                 IBUF (Prop_ibuf_I_O)         0.734     0.734 r  clk_IBUF_inst/O
                         net (fo=1, routed)           2.651     3.385    clk_IBUF
    BUFGCTRL_X0Y0        BUFG (Prop_bufg_I_O)         0.093     3.478 r  u_bufg/O
                         net (fo=5756, routed)        1.610     5.088    u_soc/Core_cpu/u_ifu_subsys/g_tage.u_tage/clk_buf
    SLICE_X43Y75         FDRE                                         r  u_soc/Core_cpu/u_ifu_subsys/g_tage.u_tage/q_row_idx_reg[1][0]/C
  -------------------------------------------------------------------    -------------------
    SLICE_X43Y75         FDRE (Prop_fdre_C_Q)         0.223     5.311 r  u_soc/Core_cpu/u_ifu_subsys/g_tage.u_tage/q_row_idx_reg[1][0]/Q
                         net (fo=62, routed)          0.682     5.993    u_soc/Core_cpu/u_ifu_subsys/g_tage.u_tage/g_tab[0].tg_p_reg_r1_0_63_0_2/ADDRB0
    SLICE_X42Y79         RAMD64E (Prop_ramd64e_RADR0_O)
                                                      0.043     6.036 r  u_soc/Core_cpu/u_ifu_subsys/g_tage.u_tage/g_tab[0].tg_p_reg_r1_0_63_0_2/RAMB/O
                         net (fo=1, routed)           0.348     6.385    u_soc/Core_cpu/u_ifu_subsys/g_tage.u_tage/g_tab[0].tg_p_reg_r1_0_63_0_2_n_1
    SLICE_X43Y79         LUT6 (Prop_lut6_I1_O)        0.043     6.428 f  u_soc/Core_cpu/u_ifu_subsys/g_tage.u_tage/ent_q[6][150]_i_43/O
                         net (fo=7, routed)           0.470     6.898    u_soc/Core_cpu/u_ifu_subsys/g_tage.u_tage/ent_q[6][150]_i_43_n_0
    SLICE_X45Y73         LUT3 (Prop_lut3_I2_O)        0.043     6.941 f  u_soc/Core_cpu/u_ifu_subsys/g_tage.u_tage/id_bht_chk[22]_i_35/O
                         net (fo=8, routed)           0.386     7.326    u_soc/Core_cpu/u_ifu_subsys/g_tage.u_tage/id_bht_chk[22]_i_35_n_0
    SLICE_X45Y71         LUT6 (Prop_lut6_I0_O)        0.043     7.369 r  u_soc/Core_cpu/u_ifu_subsys/g_tage.u_tage/id_bht_chk[22]_i_27/O
                         net (fo=2, routed)           0.362     7.732    u_soc/Core_cpu/u_ifu_subsys/g_tage.u_tage/id_bht_chk[22]_i_27_n_0
    SLICE_X40Y72         LUT6 (Prop_lut6_I1_O)        0.043     7.775 r  u_soc/Core_cpu/u_ifu_subsys/g_tage.u_tage/id_bht_chk[22]_i_14/O
                         net (fo=1, routed)           0.347     8.121    u_soc/Core_cpu/u_ifu_subsys/g_tage.u_tage/id_bht_chk[22]_i_14_n_0
    SLICE_X40Y71         LUT6 (Prop_lut6_I2_O)        0.043     8.164 r  u_soc/Core_cpu/u_ifu_subsys/g_tage.u_tage/id_bht_chk[22]_i_5/O
                         net (fo=3, routed)           0.206     8.370    u_soc/Core_cpu/u_ifu_subsys/u_btb/dir_pred[0]
    SLICE_X36Y71         LUT6 (Prop_lut6_I3_O)        0.043     8.413 r  u_soc/Core_cpu/u_ifu_subsys/u_btb/q_t0_idx[1]_i_11/O
                         net (fo=22, routed)          0.491     8.905    u_soc/Core_cpu/u_ifu_subsys/u_btb/btb_t0
    SLICE_X34Y68         LUT5 (Prop_lut5_I2_O)        0.043     8.948 r  u_soc/Core_cpu/u_ifu_subsys/u_btb/q_t0_idx[1]_i_9/O
                         net (fo=10, routed)          0.435     9.382    u_soc/Core_cpu/u_ifu_subsys/u_icache/u_tag_way1/u_prim/any_taken
    SLICE_X33Y70         LUT6 (Prop_lut6_I3_O)        0.043     9.425 r  u_soc/Core_cpu/u_ifu_subsys/u_icache/u_tag_way1/u_prim/cnt_q[2]_i_6/O
                         net (fo=4, routed)           0.270     9.695    u_soc/Core_cpu/u_ifu_subsys/u_ibuf/push_num[0]
    SLICE_X33Y71         LUT4 (Prop_lut4_I1_O)        0.043     9.738 r  u_soc/Core_cpu/u_ifu_subsys/u_ibuf/cnt_q[0]_i_2/O
                         net (fo=8, routed)           0.489    10.227    u_soc/Core_cpu/u_ifu_subsys/u_ibuf/cnt_q_reg[4]_1[0]
    SLICE_X27Y66         LUT3 (Prop_lut3_I1_O)        0.043    10.270 r  u_soc/Core_cpu/u_ifu_subsys/u_ibuf/ent_q[6][150]_i_13/O
                         net (fo=111, routed)         0.991    11.261    u_soc/Core_cpu/u_ifu_subsys/u_ibuf/cnt_q_reg[4]_3
    SLICE_X7Y65          LUT5 (Prop_lut5_I1_O)        0.043    11.304 r  u_soc/Core_cpu/u_ifu_subsys/u_ibuf/ent_q[6][59]_i_3/O
                         net (fo=8, routed)           0.602    11.906    u_soc/Core_cpu/u_ifu_subsys/u_ibuf/ent_q[6][59]_i_3_n_0
    SLICE_X10Y57         LUT6 (Prop_lut6_I0_O)        0.043    11.949 r  u_soc/Core_cpu/u_ifu_subsys/u_ibuf/ent_q[5][59]_i_2/O
                         net (fo=1, routed)           0.106    12.055    u_soc/Core_cpu/u_ifu_subsys/u_ibuf/ent_q[5][59]_i_2_n_0
    SLICE_X10Y57         LUT4 (Prop_lut4_I3_O)        0.043    12.098 r  u_soc/Core_cpu/u_ifu_subsys/u_ibuf/ent_q[5][59]_i_1/O
                         net (fo=1, routed)           0.000    12.098    u_soc/Core_cpu/u_ifu_subsys/u_ibuf/ent_q[5][59]_i_1_n_0
    SLICE_X10Y57         FDRE                                         r  u_soc/Core_cpu/u_ifu_subsys/u_ibuf/ent_q_reg[5][59]/D
  -------------------------------------------------------------------    -------------------

                         (clock clk rise edge)        6.700     6.700 r  
    AE23                                              0.000     6.700 r  clk (IN)
                         net (fo=0)                   0.000     6.700    clk
    AE23                 IBUF (Prop_ibuf_I_O)         0.660     7.360 r  clk_IBUF_inst/O
                         net (fo=1, routed)           2.516     9.876    clk_IBUF
    BUFGCTRL_X0Y0        BUFG (Prop_bufg_I_O)         0.083     9.959 r  u_bufg/O
                         net (fo=5756, routed)        1.506    11.465    u_soc/Core_cpu/u_ifu_subsys/u_ibuf/clk_buf
    SLICE_X10Y57         FDRE                                         r  u_soc/Core_cpu/u_ifu_subsys/u_ibuf/ent_q_reg[5][59]/C
                         clock pessimism              0.310    11.774    
                         clock uncertainty           -0.035    11.739    
    SLICE_X10Y57         FDRE (Setup_fdre_C_D)        0.065    11.804    u_soc/Core_cpu/u_ifu_subsys/u_ibuf/ent_q_reg[5][59]
  -------------------------------------------------------------------
                         required time                         11.804    
                         arrival time                         -12.098    
  -------------------------------------------------------------------
                         slack                                 -0.294    

Slack (VIOLATED) :        -0.285ns  (required time - arrival time)
  Source:                 u_soc/Core_cpu/u_ifu_subsys/g_tage.u_tage/q_row_idx_reg[1][0]/C
                            (rising edge-triggered cell FDRE clocked by clk  {rise@0.000ns fall@3.350ns period=6.700ns})
  Destination:            u_soc/Core_cpu/u_ifu_subsys/u_ibuf/ent_q_reg[3][47]/D
                            (rising edge-triggered cell FDRE clocked by clk  {rise@0.000ns fall@3.350ns period=6.700ns})
  Path Group:             clk
  Path Type:              Setup (Max at Slow Process Corner)
  Requirement:            6.700ns  (clk rise@6.700ns - clk rise@0.000ns)
  Data Path Delay:        7.017ns  (logic 0.825ns (11.757%)  route 6.192ns (88.243%))
  Logic Levels:           14  (LUT3=2 LUT4=2 LUT5=2 LUT6=7 RAMD64E=1)
  Clock Path Skew:        0.034ns (DCD - SCD + CPR)
    Destination Clock Delay (DCD):    4.813ns = ( 11.513 - 6.700 ) 
    Source Clock Delay      (SCD):    5.088ns
    Clock Pessimism Removal (CPR):    0.310ns
  Clock Uncertainty:      0.035ns  ((TSJ^2 + TIJ^2)^1/2 + DJ) / 2 + PE
    Total System Jitter     (TSJ):    0.071ns
    Total Input Jitter      (TIJ):    0.000ns
    Discrete Jitter          (DJ):    0.000ns
    Phase Error              (PE):    0.000ns

    Location             Delay type                Incr(ns)  Path(ns)    Netlist Resource(s)
  -------------------------------------------------------------------    -------------------
                         (clock clk rise edge)        0.000     0.000 r  
    AE23                                              0.000     0.000 r  clk (IN)
                         net (fo=0)                   0.000     0.000    clk
    AE23                 IBUF (Prop_ibuf_I_O)         0.734     0.734 r  clk_IBUF_inst/O
                         net (fo=1, routed)           2.651     3.385    clk_IBUF
    BUFGCTRL_X0Y0        BUFG (Prop_bufg_I_O)         0.093     3.478 r  u_bufg/O
                         net (fo=5756, routed)        1.610     5.088    u_soc/Core_cpu/u_ifu_subsys/g_tage.u_tage/clk_buf
    SLICE_X43Y75         FDRE                                         r  u_soc/Core_cpu/u_ifu_subsys/g_tage.u_tage/q_row_idx_reg[1][0]/C
  -------------------------------------------------------------------    -------------------
    SLICE_X43Y75         FDRE (Prop_fdre_C_Q)         0.223     5.311 r  u_soc/Core_cpu/u_ifu_subsys/g_tage.u_tage/q_row_idx_reg[1][0]/Q
                         net (fo=62, routed)          0.682     5.993    u_soc/Core_cpu/u_ifu_subsys/g_tage.u_tage/g_tab[0].tg_p_reg_r1_0_63_0_2/ADDRB0
    SLICE_X42Y79         RAMD64E (Prop_ramd64e_RADR0_O)
                                                      0.043     6.036 r  u_soc/Core_cpu/u_ifu_subsys/g_tage.u_tage/g_tab[0].tg_p_reg_r1_0_63_0_2/RAMB/O
                         net (fo=1, routed)           0.348     6.385    u_soc/Core_cpu/u_ifu_subsys/g_tage.u_tage/g_tab[0].tg_p_reg_r1_0_63_0_2_n_1
    SLICE_X43Y79         LUT6 (Prop_lut6_I1_O)        0.043     6.428 f  u_soc/Core_cpu/u_ifu_subsys/g_tage.u_tage/ent_q[6][150]_i_43/O
                         net (fo=7, routed)           0.470     6.898    u_soc/Core_cpu/u_ifu_subsys/g_tage.u_tage/ent_q[6][150]_i_43_n_0
    SLICE_X45Y73         LUT3 (Prop_lut3_I2_O)        0.043     6.941 f  u_soc/Core_cpu/u_ifu_subsys/g_tage.u_tage/id_bht_chk[22]_i_35/O
                         net (fo=8, routed)           0.386     7.326    u_soc/Core_cpu/u_ifu_subsys/g_tage.u_tage/id_bht_chk[22]_i_35_n_0
    SLICE_X45Y71         LUT6 (Prop_lut6_I0_O)        0.043     7.369 r  u_soc/Core_cpu/u_ifu_subsys/g_tage.u_tage/id_bht_chk[22]_i_27/O
                         net (fo=2, routed)           0.362     7.732    u_soc/Core_cpu/u_ifu_subsys/g_tage.u_tage/id_bht_chk[22]_i_27_n_0
    SLICE_X40Y72         LUT6 (Prop_lut6_I1_O)        0.043     7.775 r  u_soc/Core_cpu/u_ifu_subsys/g_tage.u_tage/id_bht_chk[22]_i_14/O
                         net (fo=1, routed)           0.347     8.121    u_soc/Core_cpu/u_ifu_subsys/g_tage.u_tage/id_bht_chk[22]_i_14_n_0
    SLICE_X40Y71         LUT6 (Prop_lut6_I2_O)        0.043     8.164 r  u_soc/Core_cpu/u_ifu_subsys/g_tage.u_tage/id_bht_chk[22]_i_5/O
                         net (fo=3, routed)           0.206     8.370    u_soc/Core_cpu/u_ifu_subsys/u_btb/dir_pred[0]
    SLICE_X36Y71         LUT6 (Prop_lut6_I3_O)        0.043     8.413 r  u_soc/Core_cpu/u_ifu_subsys/u_btb/q_t0_idx[1]_i_11/O
                         net (fo=22, routed)          0.491     8.905    u_soc/Core_cpu/u_ifu_subsys/u_btb/btb_t0
    SLICE_X34Y68         LUT5 (Prop_lut5_I2_O)        0.043     8.948 r  u_soc/Core_cpu/u_ifu_subsys/u_btb/q_t0_idx[1]_i_9/O
                         net (fo=10, routed)          0.435     9.382    u_soc/Core_cpu/u_ifu_subsys/u_icache/u_tag_way1/u_prim/any_taken
    SLICE_X33Y70         LUT6 (Prop_lut6_I3_O)        0.043     9.425 r  u_soc/Core_cpu/u_ifu_subsys/u_icache/u_tag_way1/u_prim/cnt_q[2]_i_6/O
                         net (fo=4, routed)           0.270     9.695    u_soc/Core_cpu/u_ifu_subsys/u_ibuf/push_num[0]
    SLICE_X33Y71         LUT4 (Prop_lut4_I1_O)        0.043     9.738 r  u_soc/Core_cpu/u_ifu_subsys/u_ibuf/cnt_q[0]_i_2/O
                         net (fo=8, routed)           0.489    10.227    u_soc/Core_cpu/u_ifu_subsys/u_ibuf/cnt_q_reg[4]_1[0]
    SLICE_X27Y66         LUT3 (Prop_lut3_I1_O)        0.043    10.270 r  u_soc/Core_cpu/u_ifu_subsys/u_ibuf/ent_q[6][150]_i_13/O
                         net (fo=111, routed)         0.971    11.241    u_soc/Core_cpu/u_ifu_subsys/u_ibuf/cnt_q_reg[4]_3
    SLICE_X5Y67          LUT5 (Prop_lut5_I1_O)        0.043    11.284 r  u_soc/Core_cpu/u_ifu_subsys/u_ibuf/ent_q[6][47]_i_3/O
                         net (fo=8, routed)           0.390    11.674    u_soc/Core_cpu/u_ifu_subsys/u_ibuf/ent_q[6][47]_i_3_n_0
    SLICE_X0Y67          LUT6 (Prop_lut6_I0_O)        0.043    11.717 r  u_soc/Core_cpu/u_ifu_subsys/u_ibuf/ent_q[3][47]_i_2/O
                         net (fo=1, routed)           0.345    12.063    u_soc/Core_cpu/u_ifu_subsys/u_ibuf/ent_q[3][47]_i_2_n_0
    SLICE_X1Y67          LUT4 (Prop_lut4_I3_O)        0.043    12.106 r  u_soc/Core_cpu/u_ifu_subsys/u_ibuf/ent_q[3][47]_i_1/O
                         net (fo=1, routed)           0.000    12.106    u_soc/Core_cpu/u_ifu_subsys/u_ibuf/ent_q[3][47]_i_1_n_0
    SLICE_X1Y67          FDRE                                         r  u_soc/Core_cpu/u_ifu_subsys/u_ibuf/ent_q_reg[3][47]/D
  -------------------------------------------------------------------    -------------------

                         (clock clk rise edge)        6.700     6.700 r  
    AE23                                              0.000     6.700 r  clk (IN)
                         net (fo=0)                   0.000     6.700    clk
    AE23                 IBUF (Prop_ibuf_I_O)         0.660     7.360 r  clk_IBUF_inst/O
                         net (fo=1, routed)           2.516     9.876    clk_IBUF
    BUFGCTRL_X0Y0        BUFG (Prop_bufg_I_O)         0.083     9.959 r  u_bufg/O
                         net (fo=5756, routed)        1.554    11.513    u_soc/Core_cpu/u_ifu_subsys/u_ibuf/clk_buf
    SLICE_X1Y67          FDRE                                         r  u_soc/Core_cpu/u_ifu_subsys/u_ibuf/ent_q_reg[3][47]/C
                         clock pessimism              0.310    11.822    
                         clock uncertainty           -0.035    11.787    
    SLICE_X1Y67          FDRE (Setup_fdre_C_D)        0.034    11.821    u_soc/Core_cpu/u_ifu_subsys/u_ibuf/ent_q_reg[3][47]
  -------------------------------------------------------------------
                         required time                         11.821    
                         arrival time                         -12.106    
  -------------------------------------------------------------------
                         slack                                 -0.285    

Slack (VIOLATED) :        -0.283ns  (required time - arrival time)
  Source:                 u_soc/Core_cpu/u_ifu_subsys/g_tage.u_tage/q_row_idx_reg[1][0]/C
                            (rising edge-triggered cell FDRE clocked by clk  {rise@0.000ns fall@3.350ns period=6.700ns})
  Destination:            u_soc/Core_cpu/u_ifu_subsys/u_icache/u_dat_way1/u_prim/mem_q_reg_0/ADDRARDADDR[7]
                            (rising edge-triggered cell RAMB36E1 clocked by clk  {rise@0.000ns fall@3.350ns period=6.700ns})
  Path Group:             clk
  Path Type:              Setup (Max at Slow Process Corner)
  Requirement:            6.700ns  (clk rise@6.700ns - clk rise@0.000ns)
  Data Path Delay:        6.458ns  (logic 0.782ns (12.109%)  route 5.676ns (87.891%))
  Logic Levels:           13  (LUT3=2 LUT5=2 LUT6=8 RAMD64E=1)
  Clock Path Skew:        -0.073ns (DCD - SCD + CPR)
    Destination Clock Delay (DCD):    4.705ns = ( 11.405 - 6.700 ) 
    Source Clock Delay      (SCD):    5.088ns
    Clock Pessimism Removal (CPR):    0.310ns
  Clock Uncertainty:      0.035ns  ((TSJ^2 + TIJ^2)^1/2 + DJ) / 2 + PE
    Total System Jitter     (TSJ):    0.071ns
    Total Input Jitter      (TIJ):    0.000ns
    Discrete Jitter          (DJ):    0.000ns
    Phase Error              (PE):    0.000ns

    Location             Delay type                Incr(ns)  Path(ns)    Netlist Resource(s)
  -------------------------------------------------------------------    -------------------
                         (clock clk rise edge)        0.000     0.000 r  
    AE23                                              0.000     0.000 r  clk (IN)
                         net (fo=0)                   0.000     0.000    clk
    AE23                 IBUF (Prop_ibuf_I_O)         0.734     0.734 r  clk_IBUF_inst/O
                         net (fo=1, routed)           2.651     3.385    clk_IBUF
    BUFGCTRL_X0Y0        BUFG (Prop_bufg_I_O)         0.093     3.478 r  u_bufg/O
                         net (fo=5756, routed)        1.610     5.088    u_soc/Core_cpu/u_ifu_subsys/g_tage.u_tage/clk_buf
    SLICE_X43Y75         FDRE                                         r  u_soc/Core_cpu/u_ifu_subsys/g_tage.u_tage/q_row_idx_reg[1][0]/C
  -------------------------------------------------------------------    -------------------
    SLICE_X43Y75         FDRE (Prop_fdre_C_Q)         0.223     5.311 r  u_soc/Core_cpu/u_ifu_subsys/g_tage.u_tage/q_row_idx_reg[1][0]/Q
                         net (fo=62, routed)          0.682     5.993    u_soc/Core_cpu/u_ifu_subsys/g_tage.u_tage/g_tab[0].tg_p_reg_r1_0_63_0_2/ADDRB0
    SLICE_X42Y79         RAMD64E (Prop_ramd64e_RADR0_O)
                                                      0.043     6.036 r  u_soc/Core_cpu/u_ifu_subsys/g_tage.u_tage/g_tab[0].tg_p_reg_r1_0_63_0_2/RAMB/O
                         net (fo=1, routed)           0.348     6.385    u_soc/Core_cpu/u_ifu_subsys/g_tage.u_tage/g_tab[0].tg_p_reg_r1_0_63_0_2_n_1
    SLICE_X43Y79         LUT6 (Prop_lut6_I1_O)        0.043     6.428 f  u_soc/Core_cpu/u_ifu_subsys/g_tage.u_tage/ent_q[6][150]_i_43/O
                         net (fo=7, routed)           0.470     6.898    u_soc/Core_cpu/u_ifu_subsys/g_tage.u_tage/ent_q[6][150]_i_43_n_0
    SLICE_X45Y73         LUT3 (Prop_lut3_I2_O)        0.043     6.941 f  u_soc/Core_cpu/u_ifu_subsys/g_tage.u_tage/id_bht_chk[22]_i_35/O
                         net (fo=8, routed)           0.386     7.326    u_soc/Core_cpu/u_ifu_subsys/g_tage.u_tage/id_bht_chk[22]_i_35_n_0
    SLICE_X45Y71         LUT6 (Prop_lut6_I0_O)        0.043     7.369 r  u_soc/Core_cpu/u_ifu_subsys/g_tage.u_tage/id_bht_chk[22]_i_27/O
                         net (fo=2, routed)           0.362     7.732    u_soc/Core_cpu/u_ifu_subsys/g_tage.u_tage/id_bht_chk[22]_i_27_n_0
    SLICE_X40Y72         LUT6 (Prop_lut6_I1_O)        0.043     7.775 r  u_soc/Core_cpu/u_ifu_subsys/g_tage.u_tage/id_bht_chk[22]_i_14/O
                         net (fo=1, routed)           0.347     8.121    u_soc/Core_cpu/u_ifu_subsys/g_tage.u_tage/id_bht_chk[22]_i_14_n_0
    SLICE_X40Y71         LUT6 (Prop_lut6_I2_O)        0.043     8.164 r  u_soc/Core_cpu/u_ifu_subsys/g_tage.u_tage/id_bht_chk[22]_i_5/O
                         net (fo=3, routed)           0.206     8.370    u_soc/Core_cpu/u_ifu_subsys/u_btb/dir_pred[0]
    SLICE_X36Y71         LUT6 (Prop_lut6_I3_O)        0.043     8.413 r  u_soc/Core_cpu/u_ifu_subsys/u_btb/q_t0_idx[1]_i_11/O
                         net (fo=22, routed)          0.491     8.905    u_soc/Core_cpu/u_ifu_subsys/u_btb/btb_t0
    SLICE_X34Y68         LUT5 (Prop_lut5_I2_O)        0.043     8.948 r  u_soc/Core_cpu/u_ifu_subsys/u_btb/q_t0_idx[1]_i_9/O
                         net (fo=10, routed)          0.377     9.325    u_soc/Core_cpu/u_ifu_subsys/u_icache/u_tag_way1/u_prim/any_taken
    SLICE_X34Y67         LUT6 (Prop_lut6_I5_O)        0.043     9.368 r  u_soc/Core_cpu/u_ifu_subsys/u_icache/u_tag_way1/u_prim/cnt_q[4]_i_6/O
                         net (fo=8, routed)           0.351     9.719    u_soc/Core_cpu/u_ifu_subsys/u_ibuf/push_num[2]
    SLICE_X33Y69         LUT3 (Prop_lut3_I1_O)        0.043     9.762 r  u_soc/Core_cpu/u_ifu_subsys/u_ibuf/cnt_q[4]_i_4/O
                         net (fo=110, routed)         0.339    10.101    u_soc/Core_cpu/u_ifu_subsys/u_btb/q_row_idx[1][2]_i_6
    SLICE_X34Y72         LUT6 (Prop_lut6_I5_O)        0.043    10.144 r  u_soc/Core_cpu/u_ifu_subsys/u_btb/q_t0_idx[1]_i_8/O
                         net (fo=1, routed)           0.251    10.395    u_soc/Core_cpu/u_ifu_subsys/u_btb/q_t0_idx[1]_i_8_n_0
    SLICE_X34Y72         LUT5 (Prop_lut5_I1_O)        0.043    10.438 r  u_soc/Core_cpu/u_ifu_subsys/u_btb/q_t0_idx[1]_i_3/O
                         net (fo=40, routed)          0.371    10.809    u_soc/Core_cpu/u_ifu_subsys/u_btb/reached_taken
    SLICE_X35Y74         LUT6 (Prop_lut6_I1_O)        0.043    10.852 r  u_soc/Core_cpu/u_ifu_subsys/u_btb/q_t0_idx[1]_i_1/O
                         net (fo=59, routed)          0.695    11.546    u_soc/Core_cpu/u_ifu_subsys/u_icache/u_dat_way1/u_prim/next_pc[1]
    RAMB36_X2Y14         RAMB36E1                                     r  u_soc/Core_cpu/u_ifu_subsys/u_icache/u_dat_way1/u_prim/mem_q_reg_0/ADDRARDADDR[7]
  -------------------------------------------------------------------    -------------------

                         (clock clk rise edge)        6.700     6.700 r  
    AE23                                              0.000     6.700 r  clk (IN)
                         net (fo=0)                   0.000     6.700    clk
    AE23                 IBUF (Prop_ibuf_I_O)         0.660     7.360 r  clk_IBUF_inst/O
                         net (fo=1, routed)           2.516     9.876    clk_IBUF
    BUFGCTRL_X0Y0        BUFG (Prop_bufg_I_O)         0.083     9.959 r  u_bufg/O
                         net (fo=5756, routed)        1.447    11.405    u_soc/Core_cpu/u_ifu_subsys/u_icache/u_dat_way1/u_prim/clk_buf
    RAMB36_X2Y14         RAMB36E1                                     r  u_soc/Core_cpu/u_ifu_subsys/u_icache/u_dat_way1/u_prim/mem_q_reg_0/CLKARDCLK
                         clock pessimism              0.310    11.715    
                         clock uncertainty           -0.035    11.680    
    RAMB36_X2Y14         RAMB36E1 (Setup_ramb36e1_CLKARDCLK_ADDRARDADDR[7])
                                                     -0.416    11.264    u_soc/Core_cpu/u_ifu_subsys/u_icache/u_dat_way1/u_prim/mem_q_reg_0
  -------------------------------------------------------------------
                         required time                         11.264    
                         arrival time                         -11.546    
  -------------------------------------------------------------------
                         slack                                 -0.283    

Slack (VIOLATED) :        -0.279ns  (required time - arrival time)
  Source:                 u_soc/Core_cpu/u_ifu_subsys/g_tage.u_tage/q_row_idx_reg[1][0]/C
                            (rising edge-triggered cell FDRE clocked by clk  {rise@0.000ns fall@3.350ns period=6.700ns})
  Destination:            u_soc/Core_cpu/u_ifu_subsys/u_ibuf/ent_q_reg[7][59]/D
                            (rising edge-triggered cell FDRE clocked by clk  {rise@0.000ns fall@3.350ns period=6.700ns})
  Path Group:             clk
  Path Type:              Setup (Max at Slow Process Corner)
  Requirement:            6.700ns  (clk rise@6.700ns - clk rise@0.000ns)
  Data Path Delay:        6.994ns  (logic 0.825ns (11.796%)  route 6.169ns (88.204%))
  Logic Levels:           14  (LUT3=2 LUT4=2 LUT5=2 LUT6=7 RAMD64E=1)
  Clock Path Skew:        -0.014ns (DCD - SCD + CPR)
    Destination Clock Delay (DCD):    4.765ns = ( 11.465 - 6.700 ) 
    Source Clock Delay      (SCD):    5.088ns
    Clock Pessimism Removal (CPR):    0.310ns
  Clock Uncertainty:      0.035ns  ((TSJ^2 + TIJ^2)^1/2 + DJ) / 2 + PE
    Total System Jitter     (TSJ):    0.071ns
    Total Input Jitter      (TIJ):    0.000ns
    Discrete Jitter          (DJ):    0.000ns
    Phase Error              (PE):    0.000ns

    Location             Delay type                Incr(ns)  Path(ns)    Netlist Resource(s)
  -------------------------------------------------------------------    -------------------
                         (clock clk rise edge)        0.000     0.000 r  
    AE23                                              0.000     0.000 r  clk (IN)
                         net (fo=0)                   0.000     0.000    clk
    AE23                 IBUF (Prop_ibuf_I_O)         0.734     0.734 r  clk_IBUF_inst/O
                         net (fo=1, routed)           2.651     3.385    clk_IBUF
    BUFGCTRL_X0Y0        BUFG (Prop_bufg_I_O)         0.093     3.478 r  u_bufg/O
                         net (fo=5756, routed)        1.610     5.088    u_soc/Core_cpu/u_ifu_subsys/g_tage.u_tage/clk_buf
    SLICE_X43Y75         FDRE                                         r  u_soc/Core_cpu/u_ifu_subsys/g_tage.u_tage/q_row_idx_reg[1][0]/C
  -------------------------------------------------------------------    -------------------
    SLICE_X43Y75         FDRE (Prop_fdre_C_Q)         0.223     5.311 r  u_soc/Core_cpu/u_ifu_subsys/g_tage.u_tage/q_row_idx_reg[1][0]/Q
                         net (fo=62, routed)          0.682     5.993    u_soc/Core_cpu/u_ifu_subsys/g_tage.u_tage/g_tab[0].tg_p_reg_r1_0_63_0_2/ADDRB0
    SLICE_X42Y79         RAMD64E (Prop_ramd64e_RADR0_O)
                                                      0.043     6.036 r  u_soc/Core_cpu/u_ifu_subsys/g_tage.u_tage/g_tab[0].tg_p_reg_r1_0_63_0_2/RAMB/O
                         net (fo=1, routed)           0.348     6.385    u_soc/Core_cpu/u_ifu_subsys/g_tage.u_tage/g_tab[0].tg_p_reg_r1_0_63_0_2_n_1
    SLICE_X43Y79         LUT6 (Prop_lut6_I1_O)        0.043     6.428 f  u_soc/Core_cpu/u_ifu_subsys/g_tage.u_tage/ent_q[6][150]_i_43/O
                         net (fo=7, routed)           0.470     6.898    u_soc/Core_cpu/u_ifu_subsys/g_tage.u_tage/ent_q[6][150]_i_43_n_0
    SLICE_X45Y73         LUT3 (Prop_lut3_I2_O)        0.043     6.941 f  u_soc/Core_cpu/u_ifu_subsys/g_tage.u_tage/id_bht_chk[22]_i_35/O
                         net (fo=8, routed)           0.386     7.326    u_soc/Core_cpu/u_ifu_subsys/g_tage.u_tage/id_bht_chk[22]_i_35_n_0
    SLICE_X45Y71         LUT6 (Prop_lut6_I0_O)        0.043     7.369 r  u_soc/Core_cpu/u_ifu_subsys/g_tage.u_tage/id_bht_chk[22]_i_27/O
                         net (fo=2, routed)           0.362     7.732    u_soc/Core_cpu/u_ifu_subsys/g_tage.u_tage/id_bht_chk[22]_i_27_n_0
    SLICE_X40Y72         LUT6 (Prop_lut6_I1_O)        0.043     7.775 r  u_soc/Core_cpu/u_ifu_subsys/g_tage.u_tage/id_bht_chk[22]_i_14/O
                         net (fo=1, routed)           0.347     8.121    u_soc/Core_cpu/u_ifu_subsys/g_tage.u_tage/id_bht_chk[22]_i_14_n_0
    SLICE_X40Y71         LUT6 (Prop_lut6_I2_O)        0.043     8.164 r  u_soc/Core_cpu/u_ifu_subsys/g_tage.u_tage/id_bht_chk[22]_i_5/O
                         net (fo=3, routed)           0.206     8.370    u_soc/Core_cpu/u_ifu_subsys/u_btb/dir_pred[0]
    SLICE_X36Y71         LUT6 (Prop_lut6_I3_O)        0.043     8.413 r  u_soc/Core_cpu/u_ifu_subsys/u_btb/q_t0_idx[1]_i_11/O
                         net (fo=22, routed)          0.491     8.905    u_soc/Core_cpu/u_ifu_subsys/u_btb/btb_t0
    SLICE_X34Y68         LUT5 (Prop_lut5_I2_O)        0.043     8.948 r  u_soc/Core_cpu/u_ifu_subsys/u_btb/q_t0_idx[1]_i_9/O
                         net (fo=10, routed)          0.435     9.382    u_soc/Core_cpu/u_ifu_subsys/u_icache/u_tag_way1/u_prim/any_taken
    SLICE_X33Y70         LUT6 (Prop_lut6_I3_O)        0.043     9.425 r  u_soc/Core_cpu/u_ifu_subsys/u_icache/u_tag_way1/u_prim/cnt_q[2]_i_6/O
                         net (fo=4, routed)           0.270     9.695    u_soc/Core_cpu/u_ifu_subsys/u_ibuf/push_num[0]
    SLICE_X33Y71         LUT4 (Prop_lut4_I1_O)        0.043     9.738 r  u_soc/Core_cpu/u_ifu_subsys/u_ibuf/cnt_q[0]_i_2/O
                         net (fo=8, routed)           0.489    10.227    u_soc/Core_cpu/u_ifu_subsys/u_ibuf/cnt_q_reg[4]_1[0]
    SLICE_X27Y66         LUT3 (Prop_lut3_I1_O)        0.043    10.270 r  u_soc/Core_cpu/u_ifu_subsys/u_ibuf/ent_q[6][150]_i_13/O
                         net (fo=111, routed)         0.991    11.261    u_soc/Core_cpu/u_ifu_subsys/u_ibuf/cnt_q_reg[4]_3
    SLICE_X7Y65          LUT5 (Prop_lut5_I1_O)        0.043    11.304 r  u_soc/Core_cpu/u_ifu_subsys/u_ibuf/ent_q[6][59]_i_3/O
                         net (fo=8, routed)           0.584    11.889    u_soc/Core_cpu/u_ifu_subsys/u_ibuf/ent_q[6][59]_i_3_n_0
    SLICE_X10Y56         LUT6 (Prop_lut6_I0_O)        0.043    11.932 r  u_soc/Core_cpu/u_ifu_subsys/u_ibuf/ent_q[7][59]_i_2/O
                         net (fo=1, routed)           0.108    12.039    u_soc/Core_cpu/u_ifu_subsys/u_ibuf/ent_q[7][59]_i_2_n_0
    SLICE_X10Y56         LUT4 (Prop_lut4_I3_O)        0.043    12.082 r  u_soc/Core_cpu/u_ifu_subsys/u_ibuf/ent_q[7][59]_i_1/O
                         net (fo=1, routed)           0.000    12.082    u_soc/Core_cpu/u_ifu_subsys/u_ibuf/ent_q[7][59]_i_1_n_0
    SLICE_X10Y56         FDRE                                         r  u_soc/Core_cpu/u_ifu_subsys/u_ibuf/ent_q_reg[7][59]/D
  -------------------------------------------------------------------    -------------------

                         (clock clk rise edge)        6.700     6.700 r  
    AE23                                              0.000     6.700 r  clk (IN)
                         net (fo=0)                   0.000     6.700    clk
    AE23                 IBUF (Prop_ibuf_I_O)         0.660     7.360 r  clk_IBUF_inst/O
                         net (fo=1, routed)           2.516     9.876    clk_IBUF
    BUFGCTRL_X0Y0        BUFG (Prop_bufg_I_O)         0.083     9.959 r  u_bufg/O
                         net (fo=5756, routed)        1.506    11.465    u_soc/Core_cpu/u_ifu_subsys/u_ibuf/clk_buf
    SLICE_X10Y56         FDRE                                         r  u_soc/Core_cpu/u_ifu_subsys/u_ibuf/ent_q_reg[7][59]/C
                         clock pessimism              0.310    11.774    
                         clock uncertainty           -0.035    11.739    
    SLICE_X10Y56         FDRE (Setup_fdre_C_D)        0.064    11.803    u_soc/Core_cpu/u_ifu_subsys/u_ibuf/ent_q_reg[7][59]
  -------------------------------------------------------------------
                         required time                         11.803    
                         arrival time                         -12.082    
  -------------------------------------------------------------------
                         slack                                 -0.279    

Slack (VIOLATED) :        -0.275ns  (required time - arrival time)
  Source:                 u_soc/Core_cpu/u_ifu_subsys/g_tage.u_tage/q_row_idx_reg[1][0]/C
                            (rising edge-triggered cell FDRE clocked by clk  {rise@0.000ns fall@3.350ns period=6.700ns})
  Destination:            u_soc/Core_cpu/u_ifu_subsys/u_ibuf/ent_q_reg[4][50]/D
                            (rising edge-triggered cell FDRE clocked by clk  {rise@0.000ns fall@3.350ns period=6.700ns})
  Path Group:             clk
  Path Type:              Setup (Max at Slow Process Corner)
  Requirement:            6.700ns  (clk rise@6.700ns - clk rise@0.000ns)
  Data Path Delay:        7.004ns  (logic 0.868ns (12.393%)  route 6.136ns (87.607%))
  Logic Levels:           15  (LUT3=2 LUT4=2 LUT5=2 LUT6=8 RAMD64E=1)
  Clock Path Skew:        0.032ns (DCD - SCD + CPR)
    Destination Clock Delay (DCD):    4.811ns = ( 11.511 - 6.700 ) 
    Source Clock Delay      (SCD):    5.088ns
    Clock Pessimism Removal (CPR):    0.310ns
  Clock Uncertainty:      0.035ns  ((TSJ^2 + TIJ^2)^1/2 + DJ) / 2 + PE
    Total System Jitter     (TSJ):    0.071ns
    Total Input Jitter      (TIJ):    0.000ns
    Discrete Jitter          (DJ):    0.000ns
    Phase Error              (PE):    0.000ns

    Location             Delay type                Incr(ns)  Path(ns)    Netlist Resource(s)
  -------------------------------------------------------------------    -------------------
                         (clock clk rise edge)        0.000     0.000 r  
    AE23                                              0.000     0.000 r  clk (IN)
                         net (fo=0)                   0.000     0.000    clk
    AE23                 IBUF (Prop_ibuf_I_O)         0.734     0.734 r  clk_IBUF_inst/O
                         net (fo=1, routed)           2.651     3.385    clk_IBUF
    BUFGCTRL_X0Y0        BUFG (Prop_bufg_I_O)         0.093     3.478 r  u_bufg/O
                         net (fo=5756, routed)        1.610     5.088    u_soc/Core_cpu/u_ifu_subsys/g_tage.u_tage/clk_buf
    SLICE_X43Y75         FDRE                                         r  u_soc/Core_cpu/u_ifu_subsys/g_tage.u_tage/q_row_idx_reg[1][0]/C
  -------------------------------------------------------------------    -------------------
    SLICE_X43Y75         FDRE (Prop_fdre_C_Q)         0.223     5.311 r  u_soc/Core_cpu/u_ifu_subsys/g_tage.u_tage/q_row_idx_reg[1][0]/Q
                         net (fo=62, routed)          0.682     5.993    u_soc/Core_cpu/u_ifu_subsys/g_tage.u_tage/g_tab[0].tg_p_reg_r1_0_63_0_2/ADDRB0
    SLICE_X42Y79         RAMD64E (Prop_ramd64e_RADR0_O)
                                                      0.043     6.036 r  u_soc/Core_cpu/u_ifu_subsys/g_tage.u_tage/g_tab[0].tg_p_reg_r1_0_63_0_2/RAMB/O
                         net (fo=1, routed)           0.348     6.385    u_soc/Core_cpu/u_ifu_subsys/g_tage.u_tage/g_tab[0].tg_p_reg_r1_0_63_0_2_n_1
    SLICE_X43Y79         LUT6 (Prop_lut6_I1_O)        0.043     6.428 f  u_soc/Core_cpu/u_ifu_subsys/g_tage.u_tage/ent_q[6][150]_i_43/O
                         net (fo=7, routed)           0.470     6.898    u_soc/Core_cpu/u_ifu_subsys/g_tage.u_tage/ent_q[6][150]_i_43_n_0
    SLICE_X45Y73         LUT3 (Prop_lut3_I2_O)        0.043     6.941 f  u_soc/Core_cpu/u_ifu_subsys/g_tage.u_tage/id_bht_chk[22]_i_35/O
                         net (fo=8, routed)           0.386     7.326    u_soc/Core_cpu/u_ifu_subsys/g_tage.u_tage/id_bht_chk[22]_i_35_n_0
    SLICE_X45Y71         LUT6 (Prop_lut6_I0_O)        0.043     7.369 r  u_soc/Core_cpu/u_ifu_subsys/g_tage.u_tage/id_bht_chk[22]_i_27/O
                         net (fo=2, routed)           0.362     7.732    u_soc/Core_cpu/u_ifu_subsys/g_tage.u_tage/id_bht_chk[22]_i_27_n_0
    SLICE_X40Y72         LUT6 (Prop_lut6_I1_O)        0.043     7.775 r  u_soc/Core_cpu/u_ifu_subsys/g_tage.u_tage/id_bht_chk[22]_i_14/O
                         net (fo=1, routed)           0.347     8.121    u_soc/Core_cpu/u_ifu_subsys/g_tage.u_tage/id_bht_chk[22]_i_14_n_0
    SLICE_X40Y71         LUT6 (Prop_lut6_I2_O)        0.043     8.164 f  u_soc/Core_cpu/u_ifu_subsys/g_tage.u_tage/id_bht_chk[22]_i_5/O
                         net (fo=3, routed)           0.206     8.370    u_soc/Core_cpu/u_ifu_subsys/u_btb/dir_pred[0]
    SLICE_X36Y71         LUT6 (Prop_lut6_I3_O)        0.043     8.413 f  u_soc/Core_cpu/u_ifu_subsys/u_btb/q_t0_idx[1]_i_11/O
                         net (fo=22, routed)          0.496     8.910    u_soc/Core_cpu/u_ifu_subsys/u_btb/btb_t0
    SLICE_X34Y68         LUT3 (Prop_lut3_I2_O)        0.043     8.953 r  u_soc/Core_cpu/u_ifu_subsys/u_btb/id_pred_npc[31]_i_5/O
                         net (fo=5, routed)           0.361     9.314    u_soc/Core_cpu/u_ifu_subsys/u_icache/u_tag_way1/u_prim/taken_slot[0]
    SLICE_X34Y68         LUT6 (Prop_lut6_I1_O)        0.043     9.357 r  u_soc/Core_cpu/u_ifu_subsys/u_icache/u_tag_way1/u_prim/q_t0_idx[0]_i_9/O
                         net (fo=2, routed)           0.235     9.592    u_soc/Core_cpu/u_ifu_subsys/u_ibuf/push_num[1]
    SLICE_X33Y68         LUT4 (Prop_lut4_I1_O)        0.043     9.635 r  u_soc/Core_cpu/u_ifu_subsys/u_ibuf/cnt_q[4]_i_5/O
                         net (fo=18, routed)          0.302     9.937    u_soc/Core_cpu/u_ifu_subsys/u_ibuf/cnt_q_reg[4]_1[1]
    SLICE_X32Y68         LUT6 (Prop_lut6_I4_O)        0.043     9.980 r  u_soc/Core_cpu/u_ifu_subsys/u_ibuf/id_have_inst_i_2/O
                         net (fo=114, routed)         0.994    10.974    u_soc/Core_cpu/u_ifu_subsys/u_ibuf/cnt_q_reg[4]_2
    SLICE_X6Y68          LUT5 (Prop_lut5_I4_O)        0.043    11.017 r  u_soc/Core_cpu/u_ifu_subsys/u_ibuf/ent_q[6][50]_i_5/O
                         net (fo=9, routed)           0.326    11.343    u_soc/Core_cpu/u_ifu_subsys/u_ibuf/p_0_in__0[50]
    SLICE_X5Y68          LUT5 (Prop_lut5_I2_O)        0.043    11.386 r  u_soc/Core_cpu/u_ifu_subsys/u_ibuf/ent_q[6][50]_i_3/O
                         net (fo=8, routed)           0.291    11.677    u_soc/Core_cpu/u_ifu_subsys/u_ibuf/ent_q[6][50]_i_3_n_0
    SLICE_X4Y68          LUT6 (Prop_lut6_I0_O)        0.043    11.720 r  u_soc/Core_cpu/u_ifu_subsys/u_ibuf/ent_q[4][50]_i_2/O
                         net (fo=1, routed)           0.329    12.050    u_soc/Core_cpu/u_ifu_subsys/u_ibuf/ent_q[4][50]_i_2_n_0
    SLICE_X4Y68          LUT4 (Prop_lut4_I3_O)        0.043    12.093 r  u_soc/Core_cpu/u_ifu_subsys/u_ibuf/ent_q[4][50]_i_1/O
                         net (fo=1, routed)           0.000    12.093    u_soc/Core_cpu/u_ifu_subsys/u_ibuf/ent_q[4][50]_i_1_n_0
    SLICE_X4Y68          FDRE                                         r  u_soc/Core_cpu/u_ifu_subsys/u_ibuf/ent_q_reg[4][50]/D
  -------------------------------------------------------------------    -------------------

                         (clock clk rise edge)        6.700     6.700 r  
    AE23                                              0.000     6.700 r  clk (IN)
                         net (fo=0)                   0.000     6.700    clk
    AE23                 IBUF (Prop_ibuf_I_O)         0.660     7.360 r  clk_IBUF_inst/O
                         net (fo=1, routed)           2.516     9.876    clk_IBUF
    BUFGCTRL_X0Y0        BUFG (Prop_bufg_I_O)         0.083     9.959 r  u_bufg/O
                         net (fo=5756, routed)        1.552    11.511    u_soc/Core_cpu/u_ifu_subsys/u_ibuf/clk_buf
    SLICE_X4Y68          FDRE                                         r  u_soc/Core_cpu/u_ifu_subsys/u_ibuf/ent_q_reg[4][50]/C
                         clock pessimism              0.310    11.820    
                         clock uncertainty           -0.035    11.785    
    SLICE_X4Y68          FDRE (Setup_fdre_C_D)        0.033    11.818    u_soc/Core_cpu/u_ifu_subsys/u_ibuf/ent_q_reg[4][50]
  -------------------------------------------------------------------
                         required time                         11.818    
                         arrival time                         -12.093    
  -------------------------------------------------------------------
                         slack                                 -0.275    

Slack (VIOLATED) :        -0.272ns  (required time - arrival time)
  Source:                 u_soc/Core_cpu/u_ifu_subsys/g_tage.u_tage/q_row_idx_reg[1][0]/C
                            (rising edge-triggered cell FDRE clocked by clk  {rise@0.000ns fall@3.350ns period=6.700ns})
  Destination:            u_soc/Core_cpu/u_ifu_subsys/u_ibuf/ent_q_reg[7][87]/D
                            (rising edge-triggered cell FDRE clocked by clk  {rise@0.000ns fall@3.350ns period=6.700ns})
  Path Group:             clk
  Path Type:              Setup (Max at Slow Process Corner)
  Requirement:            6.700ns  (clk rise@6.700ns - clk rise@0.000ns)
  Data Path Delay:        7.009ns  (logic 0.825ns (11.771%)  route 6.184ns (88.229%))
  Logic Levels:           14  (LUT3=2 LUT4=1 LUT5=2 LUT6=8 RAMD64E=1)
  Clock Path Skew:        0.039ns (DCD - SCD + CPR)
    Destination Clock Delay (DCD):    4.818ns = ( 11.518 - 6.700 ) 
    Source Clock Delay      (SCD):    5.088ns
    Clock Pessimism Removal (CPR):    0.310ns
  Clock Uncertainty:      0.035ns  ((TSJ^2 + TIJ^2)^1/2 + DJ) / 2 + PE
    Total System Jitter     (TSJ):    0.071ns
    Total Input Jitter      (TIJ):    0.000ns
    Discrete Jitter          (DJ):    0.000ns
    Phase Error              (PE):    0.000ns

    Location             Delay type                Incr(ns)  Path(ns)    Netlist Resource(s)
  -------------------------------------------------------------------    -------------------
                         (clock clk rise edge)        0.000     0.000 r  
    AE23                                              0.000     0.000 r  clk (IN)
                         net (fo=0)                   0.000     0.000    clk
    AE23                 IBUF (Prop_ibuf_I_O)         0.734     0.734 r  clk_IBUF_inst/O
                         net (fo=1, routed)           2.651     3.385    clk_IBUF
    BUFGCTRL_X0Y0        BUFG (Prop_bufg_I_O)         0.093     3.478 r  u_bufg/O
                         net (fo=5756, routed)        1.610     5.088    u_soc/Core_cpu/u_ifu_subsys/g_tage.u_tage/clk_buf
    SLICE_X43Y75         FDRE                                         r  u_soc/Core_cpu/u_ifu_subsys/g_tage.u_tage/q_row_idx_reg[1][0]/C
  -------------------------------------------------------------------    -------------------
    SLICE_X43Y75         FDRE (Prop_fdre_C_Q)         0.223     5.311 r  u_soc/Core_cpu/u_ifu_subsys/g_tage.u_tage/q_row_idx_reg[1][0]/Q
                         net (fo=62, routed)          0.682     5.993    u_soc/Core_cpu/u_ifu_subsys/g_tage.u_tage/g_tab[0].tg_p_reg_r1_0_63_0_2/ADDRB0
    SLICE_X42Y79         RAMD64E (Prop_ramd64e_RADR0_O)
                                                      0.043     6.036 r  u_soc/Core_cpu/u_ifu_subsys/g_tage.u_tage/g_tab[0].tg_p_reg_r1_0_63_0_2/RAMB/O
                         net (fo=1, routed)           0.348     6.385    u_soc/Core_cpu/u_ifu_subsys/g_tage.u_tage/g_tab[0].tg_p_reg_r1_0_63_0_2_n_1
    SLICE_X43Y79         LUT6 (Prop_lut6_I1_O)        0.043     6.428 f  u_soc/Core_cpu/u_ifu_subsys/g_tage.u_tage/ent_q[6][150]_i_43/O
                         net (fo=7, routed)           0.470     6.898    u_soc/Core_cpu/u_ifu_subsys/g_tage.u_tage/ent_q[6][150]_i_43_n_0
    SLICE_X45Y73         LUT3 (Prop_lut3_I2_O)        0.043     6.941 f  u_soc/Core_cpu/u_ifu_subsys/g_tage.u_tage/id_bht_chk[22]_i_35/O
                         net (fo=8, routed)           0.386     7.326    u_soc/Core_cpu/u_ifu_subsys/g_tage.u_tage/id_bht_chk[22]_i_35_n_0
    SLICE_X45Y71         LUT6 (Prop_lut6_I0_O)        0.043     7.369 r  u_soc/Core_cpu/u_ifu_subsys/g_tage.u_tage/id_bht_chk[22]_i_27/O
                         net (fo=2, routed)           0.362     7.732    u_soc/Core_cpu/u_ifu_subsys/g_tage.u_tage/id_bht_chk[22]_i_27_n_0
    SLICE_X40Y72         LUT6 (Prop_lut6_I1_O)        0.043     7.775 r  u_soc/Core_cpu/u_ifu_subsys/g_tage.u_tage/id_bht_chk[22]_i_14/O
                         net (fo=1, routed)           0.347     8.121    u_soc/Core_cpu/u_ifu_subsys/g_tage.u_tage/id_bht_chk[22]_i_14_n_0
    SLICE_X40Y71         LUT6 (Prop_lut6_I2_O)        0.043     8.164 r  u_soc/Core_cpu/u_ifu_subsys/g_tage.u_tage/id_bht_chk[22]_i_5/O
                         net (fo=3, routed)           0.206     8.370    u_soc/Core_cpu/u_ifu_subsys/u_btb/dir_pred[0]
    SLICE_X36Y71         LUT6 (Prop_lut6_I3_O)        0.043     8.413 r  u_soc/Core_cpu/u_ifu_subsys/u_btb/q_t0_idx[1]_i_11/O
                         net (fo=22, routed)          0.491     8.905    u_soc/Core_cpu/u_ifu_subsys/u_btb/btb_t0
    SLICE_X34Y68         LUT5 (Prop_lut5_I2_O)        0.043     8.948 r  u_soc/Core_cpu/u_ifu_subsys/u_btb/q_t0_idx[1]_i_9/O
                         net (fo=10, routed)          0.435     9.382    u_soc/Core_cpu/u_ifu_subsys/u_icache/u_tag_way1/u_prim/any_taken
    SLICE_X33Y70         LUT6 (Prop_lut6_I3_O)        0.043     9.425 r  u_soc/Core_cpu/u_ifu_subsys/u_icache/u_tag_way1/u_prim/cnt_q[2]_i_6/O
                         net (fo=4, routed)           0.270     9.695    u_soc/Core_cpu/u_ifu_subsys/u_ibuf/push_num[0]
    SLICE_X33Y71         LUT4 (Prop_lut4_I1_O)        0.043     9.738 r  u_soc/Core_cpu/u_ifu_subsys/u_ibuf/cnt_q[0]_i_2/O
                         net (fo=8, routed)           0.489    10.227    u_soc/Core_cpu/u_ifu_subsys/u_ibuf/cnt_q_reg[4]_1[0]
    SLICE_X27Y66         LUT3 (Prop_lut3_I1_O)        0.043    10.270 r  u_soc/Core_cpu/u_ifu_subsys/u_ibuf/ent_q[6][150]_i_13/O
                         net (fo=111, routed)         0.954    11.224    u_soc/Core_cpu/u_ifu_subsys/u_ibuf/cnt_q_reg[4]_3
    SLICE_X9Y58          LUT6 (Prop_lut6_I2_O)        0.043    11.267 r  u_soc/Core_cpu/u_ifu_subsys/u_ibuf/ent_q[6][87]_i_3/O
                         net (fo=8, routed)           0.512    11.779    u_soc/Core_cpu/u_ifu_subsys/u_ibuf/ent_q[6][87]_i_3_n_0
    SLICE_X5Y58          LUT6 (Prop_lut6_I0_O)        0.043    11.822 r  u_soc/Core_cpu/u_ifu_subsys/u_ibuf/ent_q[7][87]_i_2/O
                         net (fo=1, routed)           0.232    12.054    u_soc/Core_cpu/u_ifu_subsys/u_ibuf/ent_q[7][87]_i_2_n_0
    SLICE_X5Y58          LUT5 (Prop_lut5_I4_O)        0.043    12.097 r  u_soc/Core_cpu/u_ifu_subsys/u_ibuf/ent_q[7][87]_i_1/O
                         net (fo=1, routed)           0.000    12.097    u_soc/Core_cpu/u_ifu_subsys/u_ibuf/ent_q[7][87]_i_1_n_0
    SLICE_X5Y58          FDRE                                         r  u_soc/Core_cpu/u_ifu_subsys/u_ibuf/ent_q_reg[7][87]/D
  -------------------------------------------------------------------    -------------------

                         (clock clk rise edge)        6.700     6.700 r  
    AE23                                              0.000     6.700 r  clk (IN)
                         net (fo=0)                   0.000     6.700    clk
    AE23                 IBUF (Prop_ibuf_I_O)         0.660     7.360 r  clk_IBUF_inst/O
                         net (fo=1, routed)           2.516     9.876    clk_IBUF
    BUFGCTRL_X0Y0        BUFG (Prop_bufg_I_O)         0.083     9.959 r  u_bufg/O
                         net (fo=5756, routed)        1.559    11.518    u_soc/Core_cpu/u_ifu_subsys/u_ibuf/clk_buf
    SLICE_X5Y58          FDRE                                         r  u_soc/Core_cpu/u_ifu_subsys/u_ibuf/ent_q_reg[7][87]/C
                         clock pessimism              0.310    11.827    
                         clock uncertainty           -0.035    11.792    
    SLICE_X5Y58          FDRE (Setup_fdre_C_D)        0.033    11.825    u_soc/Core_cpu/u_ifu_subsys/u_ibuf/ent_q_reg[7][87]
  -------------------------------------------------------------------
                         required time                         11.825    
                         arrival time                         -12.097    
  -------------------------------------------------------------------
                         slack                                 -0.272    

Slack (VIOLATED) :        -0.269ns  (required time - arrival time)
  Source:                 u_soc/Core_cpu/u_ifu_subsys/g_tage.u_tage/q_row_idx_reg[1][0]/C
                            (rising edge-triggered cell FDRE clocked by clk  {rise@0.000ns fall@3.350ns period=6.700ns})
  Destination:            u_soc/Core_cpu/u_ifu_subsys/u_ibuf/ent_q_reg[7][37]/D
                            (rising edge-triggered cell FDRE clocked by clk  {rise@0.000ns fall@3.350ns period=6.700ns})
  Path Group:             clk
  Path Type:              Setup (Max at Slow Process Corner)
  Requirement:            6.700ns  (clk rise@6.700ns - clk rise@0.000ns)
  Data Path Delay:        6.955ns  (logic 0.825ns (11.863%)  route 6.130ns (88.137%))
  Logic Levels:           14  (LUT3=2 LUT4=2 LUT5=2 LUT6=7 RAMD64E=1)
  Clock Path Skew:        -0.013ns (DCD - SCD + CPR)
    Destination Clock Delay (DCD):    4.766ns = ( 11.466 - 6.700 ) 
    Source Clock Delay      (SCD):    5.088ns
    Clock Pessimism Removal (CPR):    0.310ns
  Clock Uncertainty:      0.035ns  ((TSJ^2 + TIJ^2)^1/2 + DJ) / 2 + PE
    Total System Jitter     (TSJ):    0.071ns
    Total Input Jitter      (TIJ):    0.000ns
    Discrete Jitter          (DJ):    0.000ns
    Phase Error              (PE):    0.000ns

    Location             Delay type                Incr(ns)  Path(ns)    Netlist Resource(s)
  -------------------------------------------------------------------    -------------------
                         (clock clk rise edge)        0.000     0.000 r  
    AE23                                              0.000     0.000 r  clk (IN)
                         net (fo=0)                   0.000     0.000    clk
    AE23                 IBUF (Prop_ibuf_I_O)         0.734     0.734 r  clk_IBUF_inst/O
                         net (fo=1, routed)           2.651     3.385    clk_IBUF
    BUFGCTRL_X0Y0        BUFG (Prop_bufg_I_O)         0.093     3.478 r  u_bufg/O
                         net (fo=5756, routed)        1.610     5.088    u_soc/Core_cpu/u_ifu_subsys/g_tage.u_tage/clk_buf
    SLICE_X43Y75         FDRE                                         r  u_soc/Core_cpu/u_ifu_subsys/g_tage.u_tage/q_row_idx_reg[1][0]/C
  -------------------------------------------------------------------    -------------------
    SLICE_X43Y75         FDRE (Prop_fdre_C_Q)         0.223     5.311 r  u_soc/Core_cpu/u_ifu_subsys/g_tage.u_tage/q_row_idx_reg[1][0]/Q
                         net (fo=62, routed)          0.682     5.993    u_soc/Core_cpu/u_ifu_subsys/g_tage.u_tage/g_tab[0].tg_p_reg_r1_0_63_0_2/ADDRB0
    SLICE_X42Y79         RAMD64E (Prop_ramd64e_RADR0_O)
                                                      0.043     6.036 r  u_soc/Core_cpu/u_ifu_subsys/g_tage.u_tage/g_tab[0].tg_p_reg_r1_0_63_0_2/RAMB/O
                         net (fo=1, routed)           0.348     6.385    u_soc/Core_cpu/u_ifu_subsys/g_tage.u_tage/g_tab[0].tg_p_reg_r1_0_63_0_2_n_1
    SLICE_X43Y79         LUT6 (Prop_lut6_I1_O)        0.043     6.428 f  u_soc/Core_cpu/u_ifu_subsys/g_tage.u_tage/ent_q[6][150]_i_43/O
                         net (fo=7, routed)           0.470     6.898    u_soc/Core_cpu/u_ifu_subsys/g_tage.u_tage/ent_q[6][150]_i_43_n_0
    SLICE_X45Y73         LUT3 (Prop_lut3_I2_O)        0.043     6.941 f  u_soc/Core_cpu/u_ifu_subsys/g_tage.u_tage/id_bht_chk[22]_i_35/O
                         net (fo=8, routed)           0.386     7.326    u_soc/Core_cpu/u_ifu_subsys/g_tage.u_tage/id_bht_chk[22]_i_35_n_0
    SLICE_X45Y71         LUT6 (Prop_lut6_I0_O)        0.043     7.369 r  u_soc/Core_cpu/u_ifu_subsys/g_tage.u_tage/id_bht_chk[22]_i_27/O
                         net (fo=2, routed)           0.362     7.732    u_soc/Core_cpu/u_ifu_subsys/g_tage.u_tage/id_bht_chk[22]_i_27_n_0
    SLICE_X40Y72         LUT6 (Prop_lut6_I1_O)        0.043     7.775 r  u_soc/Core_cpu/u_ifu_subsys/g_tage.u_tage/id_bht_chk[22]_i_14/O
                         net (fo=1, routed)           0.347     8.121    u_soc/Core_cpu/u_ifu_subsys/g_tage.u_tage/id_bht_chk[22]_i_14_n_0
    SLICE_X40Y71         LUT6 (Prop_lut6_I2_O)        0.043     8.164 r  u_soc/Core_cpu/u_ifu_subsys/g_tage.u_tage/id_bht_chk[22]_i_5/O
                         net (fo=3, routed)           0.206     8.370    u_soc/Core_cpu/u_ifu_subsys/u_btb/dir_pred[0]
    SLICE_X36Y71         LUT6 (Prop_lut6_I3_O)        0.043     8.413 r  u_soc/Core_cpu/u_ifu_subsys/u_btb/q_t0_idx[1]_i_11/O
                         net (fo=22, routed)          0.491     8.905    u_soc/Core_cpu/u_ifu_subsys/u_btb/btb_t0
    SLICE_X34Y68         LUT5 (Prop_lut5_I2_O)        0.043     8.948 r  u_soc/Core_cpu/u_ifu_subsys/u_btb/q_t0_idx[1]_i_9/O
                         net (fo=10, routed)          0.435     9.382    u_soc/Core_cpu/u_ifu_subsys/u_icache/u_tag_way1/u_prim/any_taken
    SLICE_X33Y70         LUT6 (Prop_lut6_I3_O)        0.043     9.425 r  u_soc/Core_cpu/u_ifu_subsys/u_icache/u_tag_way1/u_prim/cnt_q[2]_i_6/O
                         net (fo=4, routed)           0.270     9.695    u_soc/Core_cpu/u_ifu_subsys/u_ibuf/push_num[0]
    SLICE_X33Y71         LUT4 (Prop_lut4_I1_O)        0.043     9.738 r  u_soc/Core_cpu/u_ifu_subsys/u_ibuf/cnt_q[0]_i_2/O
                         net (fo=8, routed)           0.489    10.227    u_soc/Core_cpu/u_ifu_subsys/u_ibuf/cnt_q_reg[4]_1[0]
    SLICE_X27Y66         LUT3 (Prop_lut3_I1_O)        0.043    10.270 r  u_soc/Core_cpu/u_ifu_subsys/u_ibuf/ent_q[6][150]_i_13/O
                         net (fo=111, routed)         0.929    11.199    u_soc/Core_cpu/u_ifu_subsys/u_ibuf/cnt_q_reg[4]_3
    SLICE_X12Y54         LUT5 (Prop_lut5_I1_O)        0.043    11.242 r  u_soc/Core_cpu/u_ifu_subsys/u_ibuf/ent_q[6][37]_i_3/O
                         net (fo=8, routed)           0.451    11.692    u_soc/Core_cpu/u_ifu_subsys/u_ibuf/ent_q[6][37]_i_3_n_0
    SLICE_X14Y50         LUT6 (Prop_lut6_I0_O)        0.043    11.735 r  u_soc/Core_cpu/u_ifu_subsys/u_ibuf/ent_q[7][37]_i_2/O
                         net (fo=1, routed)           0.265    12.000    u_soc/Core_cpu/u_ifu_subsys/u_ibuf/ent_q[7][37]_i_2_n_0
    SLICE_X13Y50         LUT4 (Prop_lut4_I3_O)        0.043    12.043 r  u_soc/Core_cpu/u_ifu_subsys/u_ibuf/ent_q[7][37]_i_1/O
                         net (fo=1, routed)           0.000    12.043    u_soc/Core_cpu/u_ifu_subsys/u_ibuf/ent_q[7][37]_i_1_n_0
    SLICE_X13Y50         FDRE                                         r  u_soc/Core_cpu/u_ifu_subsys/u_ibuf/ent_q_reg[7][37]/D
  -------------------------------------------------------------------    -------------------

                         (clock clk rise edge)        6.700     6.700 r  
    AE23                                              0.000     6.700 r  clk (IN)
                         net (fo=0)                   0.000     6.700    clk
    AE23                 IBUF (Prop_ibuf_I_O)         0.660     7.360 r  clk_IBUF_inst/O
                         net (fo=1, routed)           2.516     9.876    clk_IBUF
    BUFGCTRL_X0Y0        BUFG (Prop_bufg_I_O)         0.083     9.959 r  u_bufg/O
                         net (fo=5756, routed)        1.507    11.466    u_soc/Core_cpu/u_ifu_subsys/u_ibuf/clk_buf
    SLICE_X13Y50         FDRE                                         r  u_soc/Core_cpu/u_ifu_subsys/u_ibuf/ent_q_reg[7][37]/C
                         clock pessimism              0.310    11.775    
                         clock uncertainty           -0.035    11.740    
    SLICE_X13Y50         FDRE (Setup_fdre_C_D)        0.034    11.774    u_soc/Core_cpu/u_ifu_subsys/u_ibuf/ent_q_reg[7][37]
  -------------------------------------------------------------------
                         required time                         11.774    
                         arrival time                         -12.043    
  -------------------------------------------------------------------
                         slack                                 -0.269    





Pulse Width Checks
--------------------------------------------------------------------------------------
Clock Name:         clk
Waveform(ns):       { 0.000 3.350 }
Period(ns):         6.700
Sources:            { clk }

Check Type        Corner  Lib Pin             Reference Pin  Required(ns)  Actual(ns)  Slack(ns)  Location      Pin
Min Period        n/a     RAMB36E1/CLKARDCLK  n/a            2.095         6.700       4.605      RAMB36_X2Y15  u_soc/Core_cpu/u_ifu_subsys/u_icache/u_dat_way0/u_prim/mem_q_reg_0/CLKARDCLK
Min Period        n/a     RAMB36E1/CLKBWRCLK  n/a            2.095         6.700       4.605      RAMB36_X2Y15  u_soc/Core_cpu/u_ifu_subsys/u_icache/u_dat_way0/u_prim/mem_q_reg_0/CLKBWRCLK
Min Period        n/a     RAMB36E1/CLKARDCLK  n/a            2.095         6.700       4.605      RAMB36_X1Y16  u_soc/Core_cpu/u_ifu_subsys/u_icache/u_dat_way0/u_prim/mem_q_reg_1/CLKARDCLK
Min Period        n/a     RAMB36E1/CLKBWRCLK  n/a            2.095         6.700       4.605      RAMB36_X1Y16  u_soc/Core_cpu/u_ifu_subsys/u_icache/u_dat_way0/u_prim/mem_q_reg_1/CLKBWRCLK
Min Period        n/a     RAMB36E1/CLKARDCLK  n/a            2.095         6.700       4.605      RAMB36_X2Y14  u_soc/Core_cpu/u_ifu_subsys/u_icache/u_dat_way1/u_prim/mem_q_reg_0/CLKARDCLK
Min Period        n/a     RAMB36E1/CLKBWRCLK  n/a            2.095         6.700       4.605      RAMB36_X2Y14  u_soc/Core_cpu/u_ifu_subsys/u_icache/u_dat_way1/u_prim/mem_q_reg_0/CLKBWRCLK
Min Period        n/a     RAMB36E1/CLKARDCLK  n/a            2.095         6.700       4.605      RAMB36_X1Y14  u_soc/Core_cpu/u_ifu_subsys/u_icache/u_dat_way1/u_prim/mem_q_reg_1/CLKARDCLK
Min Period        n/a     RAMB36E1/CLKBWRCLK  n/a            2.095         6.700       4.605      RAMB36_X1Y14  u_soc/Core_cpu/u_ifu_subsys/u_icache/u_dat_way1/u_prim/mem_q_reg_1/CLKBWRCLK
Min Period        n/a     RAMB36E1/CLKARDCLK  n/a            2.095         6.700       4.605      RAMB36_X1Y17  u_soc/Mem_DRAM/u_prim/mem_reg_0/CLKARDCLK
Min Period        n/a     RAMB36E1/CLKARDCLK  n/a            2.095         6.700       4.605      RAMB36_X2Y18  u_soc/Mem_DRAM/u_prim/mem_reg_1/CLKARDCLK
Min Period        n/a     RAMB36E1/CLKARDCLK  n/a            2.095         6.700       4.605      RAMB36_X1Y20  u_soc/Mem_DRAM/u_prim/mem_reg_10/CLKARDCLK
Min Period        n/a     RAMB36E1/CLKARDCLK  n/a            2.095         6.700       4.605      RAMB36_X0Y18  u_soc/Mem_DRAM/u_prim/mem_reg_11/CLKARDCLK
Min Period        n/a     RAMB36E1/CLKARDCLK  n/a            2.095         6.700       4.605      RAMB36_X0Y14  u_soc/Mem_DRAM/u_prim/mem_reg_12/CLKARDCLK
Min Period        n/a     RAMB36E1/CLKARDCLK  n/a            2.095         6.700       4.605      RAMB36_X1Y21  u_soc/Mem_DRAM/u_prim/mem_reg_13/CLKARDCLK
Min Period        n/a     RAMB36E1/CLKARDCLK  n/a            2.095         6.700       4.605      RAMB36_X0Y22  u_soc/Mem_DRAM/u_prim/mem_reg_14/CLKARDCLK
Min Period        n/a     RAMB36E1/CLKARDCLK  n/a            2.095         6.700       4.605      RAMB36_X0Y17  u_soc/Mem_DRAM/u_prim/mem_reg_15/CLKARDCLK
Min Period        n/a     RAMB36E1/CLKARDCLK  n/a            2.095         6.700       4.605      RAMB36_X0Y16  u_soc/Mem_DRAM/u_prim/mem_reg_2/CLKARDCLK
Min Period        n/a     RAMB36E1/CLKARDCLK  n/a            2.095         6.700       4.605      RAMB36_X0Y19  u_soc/Mem_DRAM/u_prim/mem_reg_3/CLKARDCLK
Min Period        n/a     RAMB36E1/CLKARDCLK  n/a            2.095         6.700       4.605      RAMB36_X1Y19  u_soc/Mem_DRAM/u_prim/mem_reg_4/CLKARDCLK
Min Period        n/a     RAMB36E1/CLKARDCLK  n/a            2.095         6.700       4.605      RAMB36_X0Y20  u_soc/Mem_DRAM/u_prim/mem_reg_5/CLKARDCLK
Low Pulse Width   Slow    RAMD64E/CLK         n/a            0.768         3.350       2.582      SLICE_X46Y78  u_soc/Core_cpu/u_ifu_subsys/g_tage.u_tage/g_tab[0].pv_p_reg_r1_0_63_0_2/RAMA/CLK
Low Pulse Width   Fast    RAMD64E/CLK         n/a            0.768         3.350       2.582      SLICE_X46Y78  u_soc/Core_cpu/u_ifu_subsys/g_tage.u_tage/g_tab[0].pv_p_reg_r1_0_63_0_2/RAMA/CLK
Low Pulse Width   Slow    RAMD64E/CLK         n/a            0.768         3.350       2.582      SLICE_X46Y78  u_soc/Core_cpu/u_ifu_subsys/g_tage.u_tage/g_tab[0].pv_p_reg_r1_0_63_0_2/RAMB/CLK
Low Pulse Width   Fast    RAMD64E/CLK         n/a            0.768         3.350       2.582      SLICE_X46Y78  u_soc/Core_cpu/u_ifu_subsys/g_tage.u_tage/g_tab[0].pv_p_reg_r1_0_63_0_2/RAMB/CLK
Low Pulse Width   Slow    RAMD64E/CLK         n/a            0.768         3.350       2.582      SLICE_X46Y78  u_soc/Core_cpu/u_ifu_subsys/g_tage.u_tage/g_tab[0].pv_p_reg_r1_0_63_0_2/RAMC/CLK
Low Pulse Width   Fast    RAMD64E/CLK         n/a            0.768         3.350       2.582      SLICE_X46Y78  u_soc/Core_cpu/u_ifu_subsys/g_tage.u_tage/g_tab[0].pv_p_reg_r1_0_63_0_2/RAMC/CLK
Low Pulse Width   Slow    RAMD64E/CLK         n/a            0.768         3.350       2.582      SLICE_X46Y78  u_soc/Core_cpu/u_ifu_subsys/g_tage.u_tage/g_tab[0].pv_p_reg_r1_0_63_0_2/RAMD/CLK
Low Pulse Width   Fast    RAMD64E/CLK         n/a            0.768         3.350       2.582      SLICE_X46Y78  u_soc/Core_cpu/u_ifu_subsys/g_tage.u_tage/g_tab[0].pv_p_reg_r1_0_63_0_2/RAMD/CLK
Low Pulse Width   Slow    RAMD64E/CLK         n/a            0.768         3.350       2.582      SLICE_X42Y82  u_soc/Core_cpu/u_ifu_subsys/g_tage.u_tage/g_tab[0].pv_p_reg_r1_0_63_12_14/RAMA/CLK
Low Pulse Width   Fast    RAMD64E/CLK         n/a            0.768         3.350       2.582      SLICE_X42Y82  u_soc/Core_cpu/u_ifu_subsys/g_tage.u_tage/g_tab[0].pv_p_reg_r1_0_63_12_14/RAMA/CLK
Low Pulse Width   Slow    RAMD64E/CLK         n/a            0.768         3.350       2.582      SLICE_X42Y82  u_soc/Core_cpu/u_ifu_subsys/g_tage.u_tage/g_tab[0].pv_p_reg_r1_0_63_12_14/RAMB/CLK
Low Pulse Width   Fast    RAMD64E/CLK         n/a            0.768         3.350       2.582      SLICE_X42Y82  u_soc/Core_cpu/u_ifu_subsys/g_tage.u_tage/g_tab[0].pv_p_reg_r1_0_63_12_14/RAMB/CLK
Low Pulse Width   Slow    RAMD64E/CLK         n/a            0.768         3.350       2.582      SLICE_X42Y82  u_soc/Core_cpu/u_ifu_subsys/g_tage.u_tage/g_tab[0].pv_p_reg_r1_0_63_12_14/RAMC/CLK
Low Pulse Width   Fast    RAMD64E/CLK         n/a            0.768         3.350       2.582      SLICE_X42Y82  u_soc/Core_cpu/u_ifu_subsys/g_tage.u_tage/g_tab[0].pv_p_reg_r1_0_63_12_14/RAMC/CLK
Low Pulse Width   Slow    RAMD64E/CLK         n/a            0.768         3.350       2.582      SLICE_X42Y82  u_soc/Core_cpu/u_ifu_subsys/g_tage.u_tage/g_tab[0].pv_p_reg_r1_0_63_12_14/RAMD/CLK
Low Pulse Width   Fast    RAMD64E/CLK         n/a            0.768         3.350       2.582      SLICE_X42Y82  u_soc/Core_cpu/u_ifu_subsys/g_tage.u_tage/g_tab[0].pv_p_reg_r1_0_63_12_14/RAMD/CLK
Low Pulse Width   Slow    RAMD64E/CLK         n/a            0.768         3.350       2.582      SLICE_X42Y80  u_soc/Core_cpu/u_ifu_subsys/g_tage.u_tage/g_tab[0].pv_p_reg_r1_0_63_15_17/RAMA/CLK
Low Pulse Width   Fast    RAMD64E/CLK         n/a            0.768         3.350       2.582      SLICE_X42Y80  u_soc/Core_cpu/u_ifu_subsys/g_tage.u_tage/g_tab[0].pv_p_reg_r1_0_63_15_17/RAMA/CLK
Low Pulse Width   Slow    RAMD64E/CLK         n/a            0.768         3.350       2.582      SLICE_X42Y80  u_soc/Core_cpu/u_ifu_subsys/g_tage.u_tage/g_tab[0].pv_p_reg_r1_0_63_15_17/RAMB/CLK
Low Pulse Width   Fast    RAMD64E/CLK         n/a            0.768         3.350       2.582      SLICE_X42Y80  u_soc/Core_cpu/u_ifu_subsys/g_tage.u_tage/g_tab[0].pv_p_reg_r1_0_63_15_17/RAMB/CLK
High Pulse Width  Slow    RAMD64E/CLK         n/a            0.768         3.350       2.582      SLICE_X46Y78  u_soc/Core_cpu/u_ifu_subsys/g_tage.u_tage/g_tab[0].pv_p_reg_r1_0_63_0_2/RAMA/CLK
High Pulse Width  Fast    RAMD64E/CLK         n/a            0.768         3.350       2.582      SLICE_X46Y78  u_soc/Core_cpu/u_ifu_subsys/g_tage.u_tage/g_tab[0].pv_p_reg_r1_0_63_0_2/RAMA/CLK
High Pulse Width  Slow    RAMD64E/CLK         n/a            0.768         3.350       2.582      SLICE_X46Y78  u_soc/Core_cpu/u_ifu_subsys/g_tage.u_tage/g_tab[0].pv_p_reg_r1_0_63_0_2/RAMB/CLK
High Pulse Width  Fast    RAMD64E/CLK         n/a            0.768         3.350       2.582      SLICE_X46Y78  u_soc/Core_cpu/u_ifu_subsys/g_tage.u_tage/g_tab[0].pv_p_reg_r1_0_63_0_2/RAMB/CLK
High Pulse Width  Slow    RAMD64E/CLK         n/a            0.768         3.350       2.582      SLICE_X46Y78  u_soc/Core_cpu/u_ifu_subsys/g_tage.u_tage/g_tab[0].pv_p_reg_r1_0_63_0_2/RAMC/CLK
High Pulse Width  Fast    RAMD64E/CLK         n/a            0.768         3.350       2.582      SLICE_X46Y78  u_soc/Core_cpu/u_ifu_subsys/g_tage.u_tage/g_tab[0].pv_p_reg_r1_0_63_0_2/RAMC/CLK
High Pulse Width  Slow    RAMD64E/CLK         n/a            0.768         3.350       2.582      SLICE_X46Y78  u_soc/Core_cpu/u_ifu_subsys/g_tage.u_tage/g_tab[0].pv_p_reg_r1_0_63_0_2/RAMD/CLK
High Pulse Width  Fast    RAMD64E/CLK         n/a            0.768         3.350       2.582      SLICE_X46Y78  u_soc/Core_cpu/u_ifu_subsys/g_tage.u_tage/g_tab[0].pv_p_reg_r1_0_63_0_2/RAMD/CLK
High Pulse Width  Slow    RAMD64E/CLK         n/a            0.768         3.350       2.582      SLICE_X42Y82  u_soc/Core_cpu/u_ifu_subsys/g_tage.u_tage/g_tab[0].pv_p_reg_r1_0_63_12_14/RAMA/CLK
High Pulse Width  Fast    RAMD64E/CLK         n/a            0.768         3.350       2.582      SLICE_X42Y82  u_soc/Core_cpu/u_ifu_subsys/g_tage.u_tage/g_tab[0].pv_p_reg_r1_0_63_12_14/RAMA/CLK
High Pulse Width  Slow    RAMD64E/CLK         n/a            0.768         3.350       2.582      SLICE_X42Y82  u_soc/Core_cpu/u_ifu_subsys/g_tage.u_tage/g_tab[0].pv_p_reg_r1_0_63_12_14/RAMB/CLK
High Pulse Width  Fast    RAMD64E/CLK         n/a            0.768         3.350       2.582      SLICE_X42Y82  u_soc/Core_cpu/u_ifu_subsys/g_tage.u_tage/g_tab[0].pv_p_reg_r1_0_63_12_14/RAMB/CLK
High Pulse Width  Slow    RAMD64E/CLK         n/a            0.768         3.350       2.582      SLICE_X42Y82  u_soc/Core_cpu/u_ifu_subsys/g_tage.u_tage/g_tab[0].pv_p_reg_r1_0_63_12_14/RAMC/CLK
High Pulse Width  Fast    RAMD64E/CLK         n/a            0.768         3.350       2.582      SLICE_X42Y82  u_soc/Core_cpu/u_ifu_subsys/g_tage.u_tage/g_tab[0].pv_p_reg_r1_0_63_12_14/RAMC/CLK
High Pulse Width  Slow    RAMD64E/CLK         n/a            0.768         3.350       2.582      SLICE_X42Y82  u_soc/Core_cpu/u_ifu_subsys/g_tage.u_tage/g_tab[0].pv_p_reg_r1_0_63_12_14/RAMD/CLK
High Pulse Width  Fast    RAMD64E/CLK         n/a            0.768         3.350       2.582      SLICE_X42Y82  u_soc/Core_cpu/u_ifu_subsys/g_tage.u_tage/g_tab[0].pv_p_reg_r1_0_63_12_14/RAMD/CLK
High Pulse Width  Slow    RAMD64E/CLK         n/a            0.768         3.350       2.582      SLICE_X42Y80  u_soc/Core_cpu/u_ifu_subsys/g_tage.u_tage/g_tab[0].pv_p_reg_r1_0_63_15_17/RAMA/CLK
High Pulse Width  Fast    RAMD64E/CLK         n/a            0.768         3.350       2.582      SLICE_X42Y80  u_soc/Core_cpu/u_ifu_subsys/g_tage.u_tage/g_tab[0].pv_p_reg_r1_0_63_15_17/RAMA/CLK
High Pulse Width  Slow    RAMD64E/CLK         n/a            0.768         3.350       2.582      SLICE_X42Y80  u_soc/Core_cpu/u_ifu_subsys/g_tage.u_tage/g_tab[0].pv_p_reg_r1_0_63_15_17/RAMB/CLK
High Pulse Width  Fast    RAMD64E/CLK         n/a            0.768         3.350       2.582      SLICE_X42Y80  u_soc/Core_cpu/u_ifu_subsys/g_tage.u_tage/g_tab[0].pv_p_reg_r1_0_63_15_17/RAMB/CLK



---------------------------------------------------------------------------------------------------
Path Group:  **async_default**
From Clock:  clk
  To Clock:  clk

Setup :            0  Failing Endpoints,  Worst Slack        1.881ns,  Total Violation        0.000ns
Hold  :           NA  Failing Endpoints,  Worst Slack           NA  ,  Total Violation           NA
---------------------------------------------------------------------------------------------------


Max Delay Paths
--------------------------------------------------------------------------------------
Slack (MET) :             1.881ns  (required time - arrival time)
  Source:                 u_soc/rst_cpu_reg_rep__4/C
                            (rising edge-triggered cell FDPE clocked by clk  {rise@0.000ns fall@3.350ns period=6.700ns})
  Destination:            u_soc/Core_cpu/U_MEM_WB/wb_wD_reg[8]/CLR
                            (recovery check against rising-edge clock clk  {rise@0.000ns fall@3.350ns period=6.700ns})
  Path Group:             **async_default**
  Path Type:              Recovery (Max at Slow Process Corner)
  Requirement:            6.700ns  (clk rise@6.700ns - clk rise@0.000ns)
  Data Path Delay:        4.610ns  (logic 0.223ns (4.837%)  route 4.387ns (95.163%))
  Logic Levels:           0  
  Clock Path Skew:        0.039ns (DCD - SCD + CPR)
    Destination Clock Delay (DCD):    4.757ns = ( 11.457 - 6.700 ) 
    Source Clock Delay      (SCD):    5.027ns
    Clock Pessimism Removal (CPR):    0.310ns
  Clock Uncertainty:      0.035ns  ((TSJ^2 + TIJ^2)^1/2 + DJ) / 2 + PE
    Total System Jitter     (TSJ):    0.071ns
    Total Input Jitter      (TIJ):    0.000ns
    Discrete Jitter          (DJ):    0.000ns
    Phase Error              (PE):    0.000ns

    Location             Delay type                Incr(ns)  Path(ns)    Netlist Resource(s)
  -------------------------------------------------------------------    -------------------
                         (clock clk rise edge)        0.000     0.000 r  
    AE23                                              0.000     0.000 r  clk (IN)
                         net (fo=0)                   0.000     0.000    clk
    AE23                 IBUF (Prop_ibuf_I_O)         0.734     0.734 r  clk_IBUF_inst/O
                         net (fo=1, routed)           2.651     3.385    clk_IBUF
    BUFGCTRL_X0Y0        BUFG (Prop_bufg_I_O)         0.093     3.478 r  u_bufg/O
                         net (fo=5756, routed)        1.549     5.027    u_soc/clk_buf
    SLICE_X72Y71         FDPE                                         r  u_soc/rst_cpu_reg_rep__4/C
  -------------------------------------------------------------------    -------------------
    SLICE_X72Y71         FDPE (Prop_fdpe_C_Q)         0.223     5.250 f  u_soc/rst_cpu_reg_rep__4/Q
                         net (fo=216, routed)         4.387     9.638    u_soc/Core_cpu/U_MEM_WB/pc_o_reg[0]_0[0]
    SLICE_X28Y91         FDCE                                         f  u_soc/Core_cpu/U_MEM_WB/wb_wD_reg[8]/CLR
  -------------------------------------------------------------------    -------------------

                         (clock clk rise edge)        6.700     6.700 r  
    AE23                                              0.000     6.700 r  clk (IN)
                         net (fo=0)                   0.000     6.700    clk
    AE23                 IBUF (Prop_ibuf_I_O)         0.660     7.360 r  clk_IBUF_inst/O
                         net (fo=1, routed)           2.516     9.876    clk_IBUF
    BUFGCTRL_X0Y0        BUFG (Prop_bufg_I_O)         0.083     9.959 r  u_bufg/O
                         net (fo=5756, routed)        1.498    11.457    u_soc/Core_cpu/U_MEM_WB/clk_buf
    SLICE_X28Y91         FDCE                                         r  u_soc/Core_cpu/U_MEM_WB/wb_wD_reg[8]/C
                         clock pessimism              0.310    11.766    
                         clock uncertainty           -0.035    11.731    
    SLICE_X28Y91         FDCE (Recov_fdce_C_CLR)     -0.212    11.519    u_soc/Core_cpu/U_MEM_WB/wb_wD_reg[8]
  -------------------------------------------------------------------
                         required time                         11.519    
                         arrival time                          -9.638    
  -------------------------------------------------------------------
                         slack                                  1.881    

Slack (MET) :             2.226ns  (required time - arrival time)
  Source:                 rst
                            (input port clocked by clk  {rise@0.000ns fall@3.350ns period=6.700ns})
  Destination:            u_soc/rst_cpu_reg_rep__11/PRE
                            (recovery check against rising-edge clock clk  {rise@0.000ns fall@3.350ns period=6.700ns})
  Path Group:             **async_default**
  Path Type:              Recovery (Max at Slow Process Corner)
  Requirement:            6.700ns  (clk rise@6.700ns - clk rise@0.000ns)
  Data Path Delay:        6.949ns  (logic 0.693ns (9.975%)  route 6.256ns (90.025%))
  Logic Levels:           1  (IBUF=1)
  Input Delay:            2.000ns
  Clock Path Skew:        4.688ns (DCD - SCD + CPR)
    Destination Clock Delay (DCD):    4.688ns = ( 11.388 - 6.700 ) 
    Source Clock Delay      (SCD):    0.000ns
    Clock Pessimism Removal (CPR):    0.000ns
  Clock Uncertainty:      0.035ns  ((TSJ^2 + TIJ^2)^1/2 + DJ) / 2 + PE
    Total System Jitter     (TSJ):    0.071ns
    Total Input Jitter      (TIJ):    0.000ns
    Discrete Jitter          (DJ):    0.000ns
    Phase Error              (PE):    0.000ns

    Location             Delay type                Incr(ns)  Path(ns)    Netlist Resource(s)
  -------------------------------------------------------------------    -------------------
                         (clock clk rise edge)        0.000     0.000 r  
                         input delay                  2.000     2.000    
    AC20                                              0.000     2.000 f  rst (IN)
                         net (fo=0)                   0.000     2.000    rst
    AC20                 IBUF (Prop_ibuf_I_O)         0.693     2.693 f  rst_IBUF_inst/O
                         net (fo=241, routed)         6.256     8.949    u_soc/rst_IBUF
    SLICE_X72Y99         FDPE                                         f  u_soc/rst_cpu_reg_rep__11/PRE
  -------------------------------------------------------------------    -------------------

                         (clock clk rise edge)        6.700     6.700 r  
    AE23                                              0.000     6.700 r  clk (IN)
                         net (fo=0)                   0.000     6.700    clk
    AE23                 IBUF (Prop_ibuf_I_O)         0.660     7.360 r  clk_IBUF_inst/O
                         net (fo=1, routed)           2.516     9.876    clk_IBUF
    BUFGCTRL_X0Y0        BUFG (Prop_bufg_I_O)         0.083     9.959 r  u_bufg/O
                         net (fo=5756, routed)        1.429    11.388    u_soc/clk_buf
    SLICE_X72Y99         FDPE                                         r  u_soc/rst_cpu_reg_rep__11/C
                         clock pessimism              0.000    11.388    
                         clock uncertainty           -0.035    11.352    
    SLICE_X72Y99         FDPE (Recov_fdpe_C_PRE)     -0.178    11.174    u_soc/rst_cpu_reg_rep__11
  -------------------------------------------------------------------
                         required time                         11.174    
                         arrival time                          -8.949    
  -------------------------------------------------------------------
                         slack                                  2.226    

Slack (MET) :             2.260ns  (required time - arrival time)
  Source:                 rst
                            (input port clocked by clk  {rise@0.000ns fall@3.350ns period=6.700ns})
  Destination:            u_soc/rst_cpu_reg_rep__14/PRE
                            (recovery check against rising-edge clock clk  {rise@0.000ns fall@3.350ns period=6.700ns})
  Path Group:             **async_default**
  Path Type:              Recovery (Max at Slow Process Corner)
  Requirement:            6.700ns  (clk rise@6.700ns - clk rise@0.000ns)
  Data Path Delay:        6.903ns  (logic 0.693ns (10.042%)  route 6.209ns (89.958%))
  Logic Levels:           1  (IBUF=1)
  Input Delay:            2.000ns
  Clock Path Skew:        4.676ns (DCD - SCD + CPR)
    Destination Clock Delay (DCD):    4.676ns = ( 11.376 - 6.700 ) 
    Source Clock Delay      (SCD):    0.000ns
    Clock Pessimism Removal (CPR):    0.000ns
  Clock Uncertainty:      0.035ns  ((TSJ^2 + TIJ^2)^1/2 + DJ) / 2 + PE
    Total System Jitter     (TSJ):    0.071ns
    Total Input Jitter      (TIJ):    0.000ns
    Discrete Jitter          (DJ):    0.000ns
    Phase Error              (PE):    0.000ns

    Location             Delay type                Incr(ns)  Path(ns)    Netlist Resource(s)
  -------------------------------------------------------------------    -------------------
                         (clock clk rise edge)        0.000     0.000 r  
                         input delay                  2.000     2.000    
    AC20                                              0.000     2.000 f  rst (IN)
                         net (fo=0)                   0.000     2.000    rst
    AC20                 IBUF (Prop_ibuf_I_O)         0.693     2.693 f  rst_IBUF_inst/O
                         net (fo=241, routed)         6.209     8.903    u_soc/rst_IBUF
    SLICE_X72Y71         FDPE                                         f  u_soc/rst_cpu_reg_rep__14/PRE
  -------------------------------------------------------------------    -------------------

                         (clock clk rise edge)        6.700     6.700 r  
    AE23                                              0.000     6.700 r  clk (IN)
                         net (fo=0)                   0.000     6.700    clk
    AE23                 IBUF (Prop_ibuf_I_O)         0.660     7.360 r  clk_IBUF_inst/O
                         net (fo=1, routed)           2.516     9.876    clk_IBUF
    BUFGCTRL_X0Y0        BUFG (Prop_bufg_I_O)         0.083     9.959 r  u_bufg/O
                         net (fo=5756, routed)        1.417    11.376    u_soc/clk_buf
    SLICE_X72Y71         FDPE                                         r  u_soc/rst_cpu_reg_rep__14/C
                         clock pessimism              0.000    11.376    
                         clock uncertainty           -0.035    11.340    
    SLICE_X72Y71         FDPE (Recov_fdpe_C_PRE)     -0.178    11.162    u_soc/rst_cpu_reg_rep__14
  -------------------------------------------------------------------
                         required time                         11.162    
                         arrival time                          -8.903    
  -------------------------------------------------------------------
                         slack                                  2.260    

Slack (MET) :             2.260ns  (required time - arrival time)
  Source:                 rst
                            (input port clocked by clk  {rise@0.000ns fall@3.350ns period=6.700ns})
  Destination:            u_soc/rst_cpu_reg_rep__4/PRE
                            (recovery check against rising-edge clock clk  {rise@0.000ns fall@3.350ns period=6.700ns})
  Path Group:             **async_default**
  Path Type:              Recovery (Max at Slow Process Corner)
  Requirement:            6.700ns  (clk rise@6.700ns - clk rise@0.000ns)
  Data Path Delay:        6.903ns  (logic 0.693ns (10.042%)  route 6.209ns (89.958%))
  Logic Levels:           1  (IBUF=1)
  Input Delay:            2.000ns
  Clock Path Skew:        4.676ns (DCD - SCD + CPR)
    Destination Clock Delay (DCD):    4.676ns = ( 11.376 - 6.700 ) 
    Source Clock Delay      (SCD):    0.000ns
    Clock Pessimism Removal (CPR):    0.000ns
  Clock Uncertainty:      0.035ns  ((TSJ^2 + TIJ^2)^1/2 + DJ) / 2 + PE
    Total System Jitter     (TSJ):    0.071ns
    Total Input Jitter      (TIJ):    0.000ns
    Discrete Jitter          (DJ):    0.000ns
    Phase Error              (PE):    0.000ns

    Location             Delay type                Incr(ns)  Path(ns)    Netlist Resource(s)
  -------------------------------------------------------------------    -------------------
                         (clock clk rise edge)        0.000     0.000 r  
                         input delay                  2.000     2.000    
    AC20                                              0.000     2.000 f  rst (IN)
                         net (fo=0)                   0.000     2.000    rst
    AC20                 IBUF (Prop_ibuf_I_O)         0.693     2.693 f  rst_IBUF_inst/O
                         net (fo=241, routed)         6.209     8.903    u_soc/rst_IBUF
    SLICE_X72Y71         FDPE                                         f  u_soc/rst_cpu_reg_rep__4/PRE
  -------------------------------------------------------------------    -------------------

                         (clock clk rise edge)        6.700     6.700 r  
    AE23                                              0.000     6.700 r  clk (IN)
                         net (fo=0)                   0.000     6.700    clk
    AE23                 IBUF (Prop_ibuf_I_O)         0.660     7.360 r  clk_IBUF_inst/O
                         net (fo=1, routed)           2.516     9.876    clk_IBUF
    BUFGCTRL_X0Y0        BUFG (Prop_bufg_I_O)         0.083     9.959 r  u_bufg/O
                         net (fo=5756, routed)        1.417    11.376    u_soc/clk_buf
    SLICE_X72Y71         FDPE                                         r  u_soc/rst_cpu_reg_rep__4/C
                         clock pessimism              0.000    11.376    
                         clock uncertainty           -0.035    11.340    
    SLICE_X72Y71         FDPE (Recov_fdpe_C_PRE)     -0.178    11.162    u_soc/rst_cpu_reg_rep__4
  -------------------------------------------------------------------
                         required time                         11.162    
                         arrival time                          -8.903    
  -------------------------------------------------------------------
                         slack                                  2.260    

Slack (MET) :             2.303ns  (required time - arrival time)
  Source:                 rst
                            (input port clocked by clk  {rise@0.000ns fall@3.350ns period=6.700ns})
  Destination:            u_soc/rst_cpu_reg_rep__12/PRE
                            (recovery check against rising-edge clock clk  {rise@0.000ns fall@3.350ns period=6.700ns})
  Path Group:             **async_default**
  Path Type:              Recovery (Max at Slow Process Corner)
  Requirement:            6.700ns  (clk rise@6.700ns - clk rise@0.000ns)
  Data Path Delay:        6.702ns  (logic 0.693ns (10.342%)  route 6.009ns (89.658%))
  Logic Levels:           1  (IBUF=1)
  Input Delay:            2.000ns
  Clock Path Skew:        4.519ns (DCD - SCD + CPR)
    Destination Clock Delay (DCD):    4.519ns = ( 11.219 - 6.700 ) 
    Source Clock Delay      (SCD):    0.000ns
    Clock Pessimism Removal (CPR):    0.000ns
  Clock Uncertainty:      0.035ns  ((TSJ^2 + TIJ^2)^1/2 + DJ) / 2 + PE
    Total System Jitter     (TSJ):    0.071ns
    Total Input Jitter      (TIJ):    0.000ns
    Discrete Jitter          (DJ):    0.000ns
    Phase Error              (PE):    0.000ns

    Location             Delay type                Incr(ns)  Path(ns)    Netlist Resource(s)
  -------------------------------------------------------------------    -------------------
                         (clock clk rise edge)        0.000     0.000 r  
                         input delay                  2.000     2.000    
    AC20                                              0.000     2.000 f  rst (IN)
                         net (fo=0)                   0.000     2.000    rst
    AC20                 IBUF (Prop_ibuf_I_O)         0.693     2.693 f  rst_IBUF_inst/O
                         net (fo=241, routed)         6.009     8.702    u_soc/rst_IBUF
    SLICE_X60Y107        FDPE                                         f  u_soc/rst_cpu_reg_rep__12/PRE
  -------------------------------------------------------------------    -------------------

                         (clock clk rise edge)        6.700     6.700 r  
    AE23                                              0.000     6.700 r  clk (IN)
                         net (fo=0)                   0.000     6.700    clk
    AE23                 IBUF (Prop_ibuf_I_O)         0.660     7.360 r  clk_IBUF_inst/O
                         net (fo=1, routed)           2.516     9.876    clk_IBUF
    BUFGCTRL_X0Y0        BUFG (Prop_bufg_I_O)         0.083     9.959 r  u_bufg/O
                         net (fo=5756, routed)        1.260    11.219    u_soc/clk_buf
    SLICE_X60Y107        FDPE                                         r  u_soc/rst_cpu_reg_rep__12/C
                         clock pessimism              0.000    11.219    
                         clock uncertainty           -0.035    11.183    
    SLICE_X60Y107        FDPE (Recov_fdpe_C_PRE)     -0.178    11.005    u_soc/rst_cpu_reg_rep__12
  -------------------------------------------------------------------
                         required time                         11.005    
                         arrival time                          -8.702    
  -------------------------------------------------------------------
                         slack                                  2.303    

Slack (MET) :             2.424ns  (required time - arrival time)
  Source:                 u_soc/rst_cpu_reg_rep__4/C
                            (rising edge-triggered cell FDPE clocked by clk  {rise@0.000ns fall@3.350ns period=6.700ns})
  Destination:            u_soc/Core_cpu/U_MEM_WB/wb_wD_reg[17]/CLR
                            (recovery check against rising-edge clock clk  {rise@0.000ns fall@3.350ns period=6.700ns})
  Path Group:             **async_default**
  Path Type:              Recovery (Max at Slow Process Corner)
  Requirement:            6.700ns  (clk rise@6.700ns - clk rise@0.000ns)
  Data Path Delay:        4.060ns  (logic 0.223ns (5.493%)  route 3.837ns (94.507%))
  Logic Levels:           0  
  Clock Path Skew:        0.031ns (DCD - SCD + CPR)
    Destination Clock Delay (DCD):    4.749ns = ( 11.449 - 6.700 ) 
    Source Clock Delay      (SCD):    5.027ns
    Clock Pessimism Removal (CPR):    0.310ns
  Clock Uncertainty:      0.035ns  ((TSJ^2 + TIJ^2)^1/2 + DJ) / 2 + PE
    Total System Jitter     (TSJ):    0.071ns
    Total Input Jitter      (TIJ):    0.000ns
    Discrete Jitter          (DJ):    0.000ns
    Phase Error              (PE):    0.000ns

    Location             Delay type                Incr(ns)  Path(ns)    Netlist Resource(s)
  -------------------------------------------------------------------    -------------------
                         (clock clk rise edge)        0.000     0.000 r  
    AE23                                              0.000     0.000 r  clk (IN)
                         net (fo=0)                   0.000     0.000    clk
    AE23                 IBUF (Prop_ibuf_I_O)         0.734     0.734 r  clk_IBUF_inst/O
                         net (fo=1, routed)           2.651     3.385    clk_IBUF
    BUFGCTRL_X0Y0        BUFG (Prop_bufg_I_O)         0.093     3.478 r  u_bufg/O
                         net (fo=5756, routed)        1.549     5.027    u_soc/clk_buf
    SLICE_X72Y71         FDPE                                         r  u_soc/rst_cpu_reg_rep__4/C
  -------------------------------------------------------------------    -------------------
    SLICE_X72Y71         FDPE (Prop_fdpe_C_Q)         0.223     5.250 f  u_soc/rst_cpu_reg_rep__4/Q
                         net (fo=216, routed)         3.837     9.087    u_soc/Core_cpu/U_MEM_WB/pc_o_reg[0]_0[0]
    SLICE_X43Y90         FDCE                                         f  u_soc/Core_cpu/U_MEM_WB/wb_wD_reg[17]/CLR
  -------------------------------------------------------------------    -------------------

                         (clock clk rise edge)        6.700     6.700 r  
    AE23                                              0.000     6.700 r  clk (IN)
                         net (fo=0)                   0.000     6.700    clk
    AE23                 IBUF (Prop_ibuf_I_O)         0.660     7.360 r  clk_IBUF_inst/O
                         net (fo=1, routed)           2.516     9.876    clk_IBUF
    BUFGCTRL_X0Y0        BUFG (Prop_bufg_I_O)         0.083     9.959 r  u_bufg/O
                         net (fo=5756, routed)        1.490    11.449    u_soc/Core_cpu/U_MEM_WB/clk_buf
    SLICE_X43Y90         FDCE                                         r  u_soc/Core_cpu/U_MEM_WB/wb_wD_reg[17]/C
                         clock pessimism              0.310    11.758    
                         clock uncertainty           -0.035    11.723    
    SLICE_X43Y90         FDCE (Recov_fdce_C_CLR)     -0.212    11.511    u_soc/Core_cpu/U_MEM_WB/wb_wD_reg[17]
  -------------------------------------------------------------------
                         required time                         11.511    
                         arrival time                          -9.087    
  -------------------------------------------------------------------
                         slack                                  2.424    

Slack (MET) :             2.424ns  (required time - arrival time)
  Source:                 u_soc/rst_cpu_reg_rep__4/C
                            (rising edge-triggered cell FDPE clocked by clk  {rise@0.000ns fall@3.350ns period=6.700ns})
  Destination:            u_soc/Core_cpu/U_MEM_WB/wb_wD_reg[18]/CLR
                            (recovery check against rising-edge clock clk  {rise@0.000ns fall@3.350ns period=6.700ns})
  Path Group:             **async_default**
  Path Type:              Recovery (Max at Slow Process Corner)
  Requirement:            6.700ns  (clk rise@6.700ns - clk rise@0.000ns)
  Data Path Delay:        4.060ns  (logic 0.223ns (5.493%)  route 3.837ns (94.507%))
  Logic Levels:           0  
  Clock Path Skew:        0.031ns (DCD - SCD + CPR)
    Destination Clock Delay (DCD):    4.749ns = ( 11.449 - 6.700 ) 
    Source Clock Delay      (SCD):    5.027ns
    Clock Pessimism Removal (CPR):    0.310ns
  Clock Uncertainty:      0.035ns  ((TSJ^2 + TIJ^2)^1/2 + DJ) / 2 + PE
    Total System Jitter     (TSJ):    0.071ns
    Total Input Jitter      (TIJ):    0.000ns
    Discrete Jitter          (DJ):    0.000ns
    Phase Error              (PE):    0.000ns

    Location             Delay type                Incr(ns)  Path(ns)    Netlist Resource(s)
  -------------------------------------------------------------------    -------------------
                         (clock clk rise edge)        0.000     0.000 r  
    AE23                                              0.000     0.000 r  clk (IN)
                         net (fo=0)                   0.000     0.000    clk
    AE23                 IBUF (Prop_ibuf_I_O)         0.734     0.734 r  clk_IBUF_inst/O
                         net (fo=1, routed)           2.651     3.385    clk_IBUF
    BUFGCTRL_X0Y0        BUFG (Prop_bufg_I_O)         0.093     3.478 r  u_bufg/O
                         net (fo=5756, routed)        1.549     5.027    u_soc/clk_buf
    SLICE_X72Y71         FDPE                                         r  u_soc/rst_cpu_reg_rep__4/C
  -------------------------------------------------------------------    -------------------
    SLICE_X72Y71         FDPE (Prop_fdpe_C_Q)         0.223     5.250 f  u_soc/rst_cpu_reg_rep__4/Q
                         net (fo=216, routed)         3.837     9.087    u_soc/Core_cpu/U_MEM_WB/pc_o_reg[0]_0[0]
    SLICE_X43Y90         FDCE                                         f  u_soc/Core_cpu/U_MEM_WB/wb_wD_reg[18]/CLR
  -------------------------------------------------------------------    -------------------

                         (clock clk rise edge)        6.700     6.700 r  
    AE23                                              0.000     6.700 r  clk (IN)
                         net (fo=0)                   0.000     6.700    clk
    AE23                 IBUF (Prop_ibuf_I_O)         0.660     7.360 r  clk_IBUF_inst/O
                         net (fo=1, routed)           2.516     9.876    clk_IBUF
    BUFGCTRL_X0Y0        BUFG (Prop_bufg_I_O)         0.083     9.959 r  u_bufg/O
                         net (fo=5756, routed)        1.490    11.449    u_soc/Core_cpu/U_MEM_WB/clk_buf
    SLICE_X43Y90         FDCE                                         r  u_soc/Core_cpu/U_MEM_WB/wb_wD_reg[18]/C
                         clock pessimism              0.310    11.758    
                         clock uncertainty           -0.035    11.723    
    SLICE_X43Y90         FDCE (Recov_fdce_C_CLR)     -0.212    11.511    u_soc/Core_cpu/U_MEM_WB/wb_wD_reg[18]
  -------------------------------------------------------------------
                         required time                         11.511    
                         arrival time                          -9.087    
  -------------------------------------------------------------------
                         slack                                  2.424    

Slack (MET) :             2.424ns  (required time - arrival time)
  Source:                 u_soc/rst_cpu_reg_rep__4/C
                            (rising edge-triggered cell FDPE clocked by clk  {rise@0.000ns fall@3.350ns period=6.700ns})
  Destination:            u_soc/Core_cpu/U_MEM_WB/wb_wD_reg[6]/CLR
                            (recovery check against rising-edge clock clk  {rise@0.000ns fall@3.350ns period=6.700ns})
  Path Group:             **async_default**
  Path Type:              Recovery (Max at Slow Process Corner)
  Requirement:            6.700ns  (clk rise@6.700ns - clk rise@0.000ns)
  Data Path Delay:        4.060ns  (logic 0.223ns (5.493%)  route 3.837ns (94.507%))
  Logic Levels:           0  
  Clock Path Skew:        0.031ns (DCD - SCD + CPR)
    Destination Clock Delay (DCD):    4.749ns = ( 11.449 - 6.700 ) 
    Source Clock Delay      (SCD):    5.027ns
    Clock Pessimism Removal (CPR):    0.310ns
  Clock Uncertainty:      0.035ns  ((TSJ^2 + TIJ^2)^1/2 + DJ) / 2 + PE
    Total System Jitter     (TSJ):    0.071ns
    Total Input Jitter      (TIJ):    0.000ns
    Discrete Jitter          (DJ):    0.000ns
    Phase Error              (PE):    0.000ns

    Location             Delay type                Incr(ns)  Path(ns)    Netlist Resource(s)
  -------------------------------------------------------------------    -------------------
                         (clock clk rise edge)        0.000     0.000 r  
    AE23                                              0.000     0.000 r  clk (IN)
                         net (fo=0)                   0.000     0.000    clk
    AE23                 IBUF (Prop_ibuf_I_O)         0.734     0.734 r  clk_IBUF_inst/O
                         net (fo=1, routed)           2.651     3.385    clk_IBUF
    BUFGCTRL_X0Y0        BUFG (Prop_bufg_I_O)         0.093     3.478 r  u_bufg/O
                         net (fo=5756, routed)        1.549     5.027    u_soc/clk_buf
    SLICE_X72Y71         FDPE                                         r  u_soc/rst_cpu_reg_rep__4/C
  -------------------------------------------------------------------    -------------------
    SLICE_X72Y71         FDPE (Prop_fdpe_C_Q)         0.223     5.250 f  u_soc/rst_cpu_reg_rep__4/Q
                         net (fo=216, routed)         3.837     9.087    u_soc/Core_cpu/U_MEM_WB/pc_o_reg[0]_0[0]
    SLICE_X43Y90         FDCE                                         f  u_soc/Core_cpu/U_MEM_WB/wb_wD_reg[6]/CLR
  -------------------------------------------------------------------    -------------------

                         (clock clk rise edge)        6.700     6.700 r  
    AE23                                              0.000     6.700 r  clk (IN)
                         net (fo=0)                   0.000     6.700    clk
    AE23                 IBUF (Prop_ibuf_I_O)         0.660     7.360 r  clk_IBUF_inst/O
                         net (fo=1, routed)           2.516     9.876    clk_IBUF
    BUFGCTRL_X0Y0        BUFG (Prop_bufg_I_O)         0.083     9.959 r  u_bufg/O
                         net (fo=5756, routed)        1.490    11.449    u_soc/Core_cpu/U_MEM_WB/clk_buf
    SLICE_X43Y90         FDCE                                         r  u_soc/Core_cpu/U_MEM_WB/wb_wD_reg[6]/C
                         clock pessimism              0.310    11.758    
                         clock uncertainty           -0.035    11.723    
    SLICE_X43Y90         FDCE (Recov_fdce_C_CLR)     -0.212    11.511    u_soc/Core_cpu/U_MEM_WB/wb_wD_reg[6]
  -------------------------------------------------------------------
                         required time                         11.511    
                         arrival time                          -9.087    
  -------------------------------------------------------------------
                         slack                                  2.424    

Slack (MET) :             2.522ns  (required time - arrival time)
  Source:                 u_soc/rst_cpu_reg_rep__4/C
                            (rising edge-triggered cell FDPE clocked by clk  {rise@0.000ns fall@3.350ns period=6.700ns})
  Destination:            u_soc/Core_cpu/U_MEM_WB/wb_wD_reg[19]/CLR
                            (recovery check against rising-edge clock clk  {rise@0.000ns fall@3.350ns period=6.700ns})
  Path Group:             **async_default**
  Path Type:              Recovery (Max at Slow Process Corner)
  Requirement:            6.700ns  (clk rise@6.700ns - clk rise@0.000ns)
  Data Path Delay:        3.965ns  (logic 0.223ns (5.625%)  route 3.742ns (94.375%))
  Logic Levels:           0  
  Clock Path Skew:        0.034ns (DCD - SCD + CPR)
    Destination Clock Delay (DCD):    4.752ns = ( 11.452 - 6.700 ) 
    Source Clock Delay      (SCD):    5.027ns
    Clock Pessimism Removal (CPR):    0.310ns
  Clock Uncertainty:      0.035ns  ((TSJ^2 + TIJ^2)^1/2 + DJ) / 2 + PE
    Total System Jitter     (TSJ):    0.071ns
    Total Input Jitter      (TIJ):    0.000ns
    Discrete Jitter          (DJ):    0.000ns
    Phase Error              (PE):    0.000ns

    Location             Delay type                Incr(ns)  Path(ns)    Netlist Resource(s)
  -------------------------------------------------------------------    -------------------
                         (clock clk rise edge)        0.000     0.000 r  
    AE23                                              0.000     0.000 r  clk (IN)
                         net (fo=0)                   0.000     0.000    clk
    AE23                 IBUF (Prop_ibuf_I_O)         0.734     0.734 r  clk_IBUF_inst/O
                         net (fo=1, routed)           2.651     3.385    clk_IBUF
    BUFGCTRL_X0Y0        BUFG (Prop_bufg_I_O)         0.093     3.478 r  u_bufg/O
                         net (fo=5756, routed)        1.549     5.027    u_soc/clk_buf
    SLICE_X72Y71         FDPE                                         r  u_soc/rst_cpu_reg_rep__4/C
  -------------------------------------------------------------------    -------------------
    SLICE_X72Y71         FDPE (Prop_fdpe_C_Q)         0.223     5.250 f  u_soc/rst_cpu_reg_rep__4/Q
                         net (fo=216, routed)         3.742     8.992    u_soc/Core_cpu/U_MEM_WB/pc_o_reg[0]_0[0]
    SLICE_X41Y92         FDCE                                         f  u_soc/Core_cpu/U_MEM_WB/wb_wD_reg[19]/CLR
  -------------------------------------------------------------------    -------------------

                         (clock clk rise edge)        6.700     6.700 r  
    AE23                                              0.000     6.700 r  clk (IN)
                         net (fo=0)                   0.000     6.700    clk
    AE23                 IBUF (Prop_ibuf_I_O)         0.660     7.360 r  clk_IBUF_inst/O
                         net (fo=1, routed)           2.516     9.876    clk_IBUF
    BUFGCTRL_X0Y0        BUFG (Prop_bufg_I_O)         0.083     9.959 r  u_bufg/O
                         net (fo=5756, routed)        1.493    11.452    u_soc/Core_cpu/U_MEM_WB/clk_buf
    SLICE_X41Y92         FDCE                                         r  u_soc/Core_cpu/U_MEM_WB/wb_wD_reg[19]/C
                         clock pessimism              0.310    11.761    
                         clock uncertainty           -0.035    11.726    
    SLICE_X41Y92         FDCE (Recov_fdce_C_CLR)     -0.212    11.514    u_soc/Core_cpu/U_MEM_WB/wb_wD_reg[19]
  -------------------------------------------------------------------
                         required time                         11.514    
                         arrival time                          -8.992    
  -------------------------------------------------------------------
                         slack                                  2.522    

Slack (MET) :             2.522ns  (required time - arrival time)
  Source:                 u_soc/rst_cpu_reg_rep__4/C
                            (rising edge-triggered cell FDPE clocked by clk  {rise@0.000ns fall@3.350ns period=6.700ns})
  Destination:            u_soc/Core_cpu/U_MEM_WB/wb_wD_reg[20]/CLR
                            (recovery check against rising-edge clock clk  {rise@0.000ns fall@3.350ns period=6.700ns})
  Path Group:             **async_default**
  Path Type:              Recovery (Max at Slow Process Corner)
  Requirement:            6.700ns  (clk rise@6.700ns - clk rise@0.000ns)
  Data Path Delay:        3.965ns  (logic 0.223ns (5.625%)  route 3.742ns (94.375%))
  Logic Levels:           0  
  Clock Path Skew:        0.034ns (DCD - SCD + CPR)
    Destination Clock Delay (DCD):    4.752ns = ( 11.452 - 6.700 ) 
    Source Clock Delay      (SCD):    5.027ns
    Clock Pessimism Removal (CPR):    0.310ns
  Clock Uncertainty:      0.035ns  ((TSJ^2 + TIJ^2)^1/2 + DJ) / 2 + PE
    Total System Jitter     (TSJ):    0.071ns
    Total Input Jitter      (TIJ):    0.000ns
    Discrete Jitter          (DJ):    0.000ns
    Phase Error              (PE):    0.000ns

    Location             Delay type                Incr(ns)  Path(ns)    Netlist Resource(s)
  -------------------------------------------------------------------    -------------------
                         (clock clk rise edge)        0.000     0.000 r  
    AE23                                              0.000     0.000 r  clk (IN)
                         net (fo=0)                   0.000     0.000    clk
    AE23                 IBUF (Prop_ibuf_I_O)         0.734     0.734 r  clk_IBUF_inst/O
                         net (fo=1, routed)           2.651     3.385    clk_IBUF
    BUFGCTRL_X0Y0        BUFG (Prop_bufg_I_O)         0.093     3.478 r  u_bufg/O
                         net (fo=5756, routed)        1.549     5.027    u_soc/clk_buf
    SLICE_X72Y71         FDPE                                         r  u_soc/rst_cpu_reg_rep__4/C
  -------------------------------------------------------------------    -------------------
    SLICE_X72Y71         FDPE (Prop_fdpe_C_Q)         0.223     5.250 f  u_soc/rst_cpu_reg_rep__4/Q
                         net (fo=216, routed)         3.742     8.992    u_soc/Core_cpu/U_MEM_WB/pc_o_reg[0]_0[0]
    SLICE_X41Y92         FDCE                                         f  u_soc/Core_cpu/U_MEM_WB/wb_wD_reg[20]/CLR
  -------------------------------------------------------------------    -------------------

                         (clock clk rise edge)        6.700     6.700 r  
    AE23                                              0.000     6.700 r  clk (IN)
                         net (fo=0)                   0.000     6.700    clk
    AE23                 IBUF (Prop_ibuf_I_O)         0.660     7.360 r  clk_IBUF_inst/O
                         net (fo=1, routed)           2.516     9.876    clk_IBUF
    BUFGCTRL_X0Y0        BUFG (Prop_bufg_I_O)         0.083     9.959 r  u_bufg/O
                         net (fo=5756, routed)        1.493    11.452    u_soc/Core_cpu/U_MEM_WB/clk_buf
    SLICE_X41Y92         FDCE                                         r  u_soc/Core_cpu/U_MEM_WB/wb_wD_reg[20]/C
                         clock pessimism              0.310    11.761    
                         clock uncertainty           -0.035    11.726    
    SLICE_X41Y92         FDCE (Recov_fdce_C_CLR)     -0.212    11.514    u_soc/Core_cpu/U_MEM_WB/wb_wD_reg[20]
  -------------------------------------------------------------------
                         required time                         11.514    
                         arrival time                          -8.992    
  -------------------------------------------------------------------
                         slack                                  2.522    

Slack (MET) :             2.610ns  (required time - arrival time)
  Source:                 rst
                            (input port clocked by clk  {rise@0.000ns fall@3.350ns period=6.700ns})
  Destination:            u_soc/rst_cpu_reg_rep__13/PRE
                            (recovery check against rising-edge clock clk  {rise@0.000ns fall@3.350ns period=6.700ns})
  Path Group:             **async_default**
  Path Type:              Recovery (Max at Slow Process Corner)
  Requirement:            6.700ns  (clk rise@6.700ns - clk rise@0.000ns)
  Data Path Delay:        6.388ns  (logic 0.693ns (10.852%)  route 5.694ns (89.148%))
  Logic Levels:           1  (IBUF=1)
  Input Delay:            2.000ns
  Clock Path Skew:        4.520ns (DCD - SCD + CPR)
    Destination Clock Delay (DCD):    4.520ns = ( 11.220 - 6.700 ) 
    Source Clock Delay      (SCD):    0.000ns
    Clock Pessimism Removal (CPR):    0.000ns
  Clock Uncertainty:      0.035ns  ((TSJ^2 + TIJ^2)^1/2 + DJ) / 2 + PE
    Total System Jitter     (TSJ):    0.071ns
    Total Input Jitter      (TIJ):    0.000ns
    Discrete Jitter          (DJ):    0.000ns
    Phase Error              (PE):    0.000ns

    Location             Delay type                Incr(ns)  Path(ns)    Netlist Resource(s)
  -------------------------------------------------------------------    -------------------
                         (clock clk rise edge)        0.000     0.000 r  
                         input delay                  2.000     2.000    
    AC20                                              0.000     2.000 f  rst (IN)
                         net (fo=0)                   0.000     2.000    rst
    AC20                 IBUF (Prop_ibuf_I_O)         0.693     2.693 f  rst_IBUF_inst/O
                         net (fo=241, routed)         5.694     8.388    u_soc/rst_IBUF
    SLICE_X58Y103        FDPE                                         f  u_soc/rst_cpu_reg_rep__13/PRE
  -------------------------------------------------------------------    -------------------

                         (clock clk rise edge)        6.700     6.700 r  
    AE23                                              0.000     6.700 r  clk (IN)
                         net (fo=0)                   0.000     6.700    clk
    AE23                 IBUF (Prop_ibuf_I_O)         0.660     7.360 r  clk_IBUF_inst/O
                         net (fo=1, routed)           2.516     9.876    clk_IBUF
    BUFGCTRL_X0Y0        BUFG (Prop_bufg_I_O)         0.083     9.959 r  u_bufg/O
                         net (fo=5756, routed)        1.261    11.220    u_soc/clk_buf
    SLICE_X58Y103        FDPE                                         r  u_soc/rst_cpu_reg_rep__13/C
                         clock pessimism              0.000    11.220    
                         clock uncertainty           -0.035    11.184    
    SLICE_X58Y103        FDPE (Recov_fdpe_C_PRE)     -0.187    10.997    u_soc/rst_cpu_reg_rep__13
  -------------------------------------------------------------------
                         required time                         10.997    
                         arrival time                          -8.388    
  -------------------------------------------------------------------
                         slack                                  2.610    

Slack (MET) :             2.644ns  (required time - arrival time)
  Source:                 rst
                            (input port clocked by clk  {rise@0.000ns fall@3.350ns period=6.700ns})
  Destination:            u_soc/rst_cpu_reg_rep__1/PRE
                            (recovery check against rising-edge clock clk  {rise@0.000ns fall@3.350ns period=6.700ns})
  Path Group:             **async_default**
  Path Type:              Recovery (Max at Fast Process Corner)
  Requirement:            6.700ns  (clk rise@6.700ns - clk rise@0.000ns)
  Data Path Delay:        3.949ns  (logic 0.283ns (7.171%)  route 3.666ns (92.829%))
  Logic Levels:           1  (IBUF=1)
  Input Delay:            2.000ns
  Clock Path Skew:        2.023ns (DCD - SCD + CPR)
    Destination Clock Delay (DCD):    2.023ns = ( 8.723 - 6.700 ) 
    Source Clock Delay      (SCD):    0.000ns
    Clock Pessimism Removal (CPR):    0.000ns
  Clock Uncertainty:      0.035ns  ((TSJ^2 + TIJ^2)^1/2 + DJ) / 2 + PE
    Total System Jitter     (TSJ):    0.071ns
    Total Input Jitter      (TIJ):    0.000ns
    Discrete Jitter          (DJ):    0.000ns
    Phase Error              (PE):    0.000ns

    Location             Delay type                Incr(ns)  Path(ns)    Netlist Resource(s)
  -------------------------------------------------------------------    -------------------
                         (clock clk rise edge)        0.000     0.000 r  
                         input delay                  2.000     2.000    
    AC20                                              0.000     2.000 f  rst (IN)
                         net (fo=0)                   0.000     2.000    rst
    AC20                 IBUF (Prop_ibuf_I_O)         0.283     2.283 f  rst_IBUF_inst/O
                         net (fo=241, routed)         3.666     5.949    u_soc/rst_IBUF
    SLICE_X68Y87         FDPE                                         f  u_soc/rst_cpu_reg_rep__1/PRE
  -------------------------------------------------------------------    -------------------

                         (clock clk rise edge)        6.700     6.700 r  
    AE23                                              0.000     6.700 r  clk (IN)
                         net (fo=0)                   0.000     6.700    clk
    AE23                 IBUF (Prop_ibuf_I_O)         0.077     6.777 r  clk_IBUF_inst/O
                         net (fo=1, routed)           1.278     8.055    clk_IBUF
    BUFGCTRL_X0Y0        BUFG (Prop_bufg_I_O)         0.026     8.081 r  u_bufg/O
                         net (fo=5756, routed)        0.642     8.723    u_soc/clk_buf
    SLICE_X68Y87         FDPE                                         r  u_soc/rst_cpu_reg_rep__1/C
                         clock pessimism              0.000     8.723    
                         clock uncertainty           -0.035     8.687    
    SLICE_X68Y87         FDPE (Recov_fdpe_C_PRE)     -0.095     8.592    u_soc/rst_cpu_reg_rep__1
  -------------------------------------------------------------------
                         required time                          8.592    
                         arrival time                          -5.949    
  -------------------------------------------------------------------
                         slack                                  2.644    

Slack (MET) :             2.644ns  (required time - arrival time)
  Source:                 rst
                            (input port clocked by clk  {rise@0.000ns fall@3.350ns period=6.700ns})
  Destination:            u_soc/rst_cpu_reg_rep__5/PRE
                            (recovery check against rising-edge clock clk  {rise@0.000ns fall@3.350ns period=6.700ns})
  Path Group:             **async_default**
  Path Type:              Recovery (Max at Fast Process Corner)
  Requirement:            6.700ns  (clk rise@6.700ns - clk rise@0.000ns)
  Data Path Delay:        3.949ns  (logic 0.283ns (7.171%)  route 3.666ns (92.829%))
  Logic Levels:           1  (IBUF=1)
  Input Delay:            2.000ns
  Clock Path Skew:        2.023ns (DCD - SCD + CPR)
    Destination Clock Delay (DCD):    2.023ns = ( 8.723 - 6.700 ) 
    Source Clock Delay      (SCD):    0.000ns
    Clock Pessimism Removal (CPR):    0.000ns
  Clock Uncertainty:      0.035ns  ((TSJ^2 + TIJ^2)^1/2 + DJ) / 2 + PE
    Total System Jitter     (TSJ):    0.071ns
    Total Input Jitter      (TIJ):    0.000ns
    Discrete Jitter          (DJ):    0.000ns
    Phase Error              (PE):    0.000ns

    Location             Delay type                Incr(ns)  Path(ns)    Netlist Resource(s)
  -------------------------------------------------------------------    -------------------
                         (clock clk rise edge)        0.000     0.000 r  
                         input delay                  2.000     2.000    
    AC20                                              0.000     2.000 f  rst (IN)
                         net (fo=0)                   0.000     2.000    rst
    AC20                 IBUF (Prop_ibuf_I_O)         0.283     2.283 f  rst_IBUF_inst/O
                         net (fo=241, routed)         3.666     5.949    u_soc/rst_IBUF
    SLICE_X68Y87         FDPE                                         f  u_soc/rst_cpu_reg_rep__5/PRE
  -------------------------------------------------------------------    -------------------

                         (clock clk rise edge)        6.700     6.700 r  
    AE23                                              0.000     6.700 r  clk (IN)
                         net (fo=0)                   0.000     6.700    clk
    AE23                 IBUF (Prop_ibuf_I_O)         0.077     6.777 r  clk_IBUF_inst/O
                         net (fo=1, routed)           1.278     8.055    clk_IBUF
    BUFGCTRL_X0Y0        BUFG (Prop_bufg_I_O)         0.026     8.081 r  u_bufg/O
                         net (fo=5756, routed)        0.642     8.723    u_soc/clk_buf
    SLICE_X68Y87         FDPE                                         r  u_soc/rst_cpu_reg_rep__5/C
                         clock pessimism              0.000     8.723    
                         clock uncertainty           -0.035     8.687    
    SLICE_X68Y87         FDPE (Recov_fdpe_C_PRE)     -0.095     8.592    u_soc/rst_cpu_reg_rep__5
  -------------------------------------------------------------------
                         required time                          8.592    
                         arrival time                          -5.949    
  -------------------------------------------------------------------
                         slack                                  2.644    

Slack (MET) :             2.652ns  (required time - arrival time)
  Source:                 u_soc/rst_cpu_reg_rep__4/C
                            (rising edge-triggered cell FDPE clocked by clk  {rise@0.000ns fall@3.350ns period=6.700ns})
  Destination:            u_soc/Core_cpu/U_MEM_WB/wb_wD_reg[21]/CLR
                            (recovery check against rising-edge clock clk  {rise@0.000ns fall@3.350ns period=6.700ns})
  Path Group:             **async_default**
  Path Type:              Recovery (Max at Slow Process Corner)
  Requirement:            6.700ns  (clk rise@6.700ns - clk rise@0.000ns)
  Data Path Delay:        3.835ns  (logic 0.223ns (5.815%)  route 3.612ns (94.185%))
  Logic Levels:           0  
  Clock Path Skew:        0.034ns (DCD - SCD + CPR)
    Destination Clock Delay (DCD):    4.752ns = ( 11.452 - 6.700 ) 
    Source Clock Delay      (SCD):    5.027ns
    Clock Pessimism Removal (CPR):    0.310ns
  Clock Uncertainty:      0.035ns  ((TSJ^2 + TIJ^2)^1/2 + DJ) / 2 + PE
    Total System Jitter     (TSJ):    0.071ns
    Total Input Jitter      (TIJ):    0.000ns
    Discrete Jitter          (DJ):    0.000ns
    Phase Error              (PE):    0.000ns

    Location             Delay type                Incr(ns)  Path(ns)    Netlist Resource(s)
  -------------------------------------------------------------------    -------------------
                         (clock clk rise edge)        0.000     0.000 r  
    AE23                                              0.000     0.000 r  clk (IN)
                         net (fo=0)                   0.000     0.000    clk
    AE23                 IBUF (Prop_ibuf_I_O)         0.734     0.734 r  clk_IBUF_inst/O
                         net (fo=1, routed)           2.651     3.385    clk_IBUF
    BUFGCTRL_X0Y0        BUFG (Prop_bufg_I_O)         0.093     3.478 r  u_bufg/O
                         net (fo=5756, routed)        1.549     5.027    u_soc/clk_buf
    SLICE_X72Y71         FDPE                                         r  u_soc/rst_cpu_reg_rep__4/C
  -------------------------------------------------------------------    -------------------
    SLICE_X72Y71         FDPE (Prop_fdpe_C_Q)         0.223     5.250 f  u_soc/rst_cpu_reg_rep__4/Q
                         net (fo=216, routed)         3.612     8.862    u_soc/Core_cpu/U_MEM_WB/pc_o_reg[0]_0[0]
    SLICE_X41Y93         FDCE                                         f  u_soc/Core_cpu/U_MEM_WB/wb_wD_reg[21]/CLR
  -------------------------------------------------------------------    -------------------

                         (clock clk rise edge)        6.700     6.700 r  
    AE23                                              0.000     6.700 r  clk (IN)
                         net (fo=0)                   0.000     6.700    clk
    AE23                 IBUF (Prop_ibuf_I_O)         0.660     7.360 r  clk_IBUF_inst/O
                         net (fo=1, routed)           2.516     9.876    clk_IBUF
    BUFGCTRL_X0Y0        BUFG (Prop_bufg_I_O)         0.083     9.959 r  u_bufg/O
                         net (fo=5756, routed)        1.493    11.452    u_soc/Core_cpu/U_MEM_WB/clk_buf
    SLICE_X41Y93         FDCE                                         r  u_soc/Core_cpu/U_MEM_WB/wb_wD_reg[21]/C
                         clock pessimism              0.310    11.761    
                         clock uncertainty           -0.035    11.726    
    SLICE_X41Y93         FDCE (Recov_fdce_C_CLR)     -0.212    11.514    u_soc/Core_cpu/U_MEM_WB/wb_wD_reg[21]
  -------------------------------------------------------------------
                         required time                         11.514    
                         arrival time                          -8.862    
  -------------------------------------------------------------------
                         slack                                  2.652    

Slack (MET) :             2.652ns  (required time - arrival time)
  Source:                 u_soc/rst_cpu_reg_rep__4/C
                            (rising edge-triggered cell FDPE clocked by clk  {rise@0.000ns fall@3.350ns period=6.700ns})
  Destination:            u_soc/Core_cpu/U_MEM_WB/wb_wD_reg[22]/CLR
                            (recovery check against rising-edge clock clk  {rise@0.000ns fall@3.350ns period=6.700ns})
  Path Group:             **async_default**
  Path Type:              Recovery (Max at Slow Process Corner)
  Requirement:            6.700ns  (clk rise@6.700ns - clk rise@0.000ns)
  Data Path Delay:        3.835ns  (logic 0.223ns (5.815%)  route 3.612ns (94.185%))
  Logic Levels:           0  
  Clock Path Skew:        0.034ns (DCD - SCD + CPR)
    Destination Clock Delay (DCD):    4.752ns = ( 11.452 - 6.700 ) 
    Source Clock Delay      (SCD):    5.027ns
    Clock Pessimism Removal (CPR):    0.310ns
  Clock Uncertainty:      0.035ns  ((TSJ^2 + TIJ^2)^1/2 + DJ) / 2 + PE
    Total System Jitter     (TSJ):    0.071ns
    Total Input Jitter      (TIJ):    0.000ns
    Discrete Jitter          (DJ):    0.000ns
    Phase Error              (PE):    0.000ns

    Location             Delay type                Incr(ns)  Path(ns)    Netlist Resource(s)
  -------------------------------------------------------------------    -------------------
                         (clock clk rise edge)        0.000     0.000 r  
    AE23                                              0.000     0.000 r  clk (IN)
                         net (fo=0)                   0.000     0.000    clk
    AE23                 IBUF (Prop_ibuf_I_O)         0.734     0.734 r  clk_IBUF_inst/O
                         net (fo=1, routed)           2.651     3.385    clk_IBUF
    BUFGCTRL_X0Y0        BUFG (Prop_bufg_I_O)         0.093     3.478 r  u_bufg/O
                         net (fo=5756, routed)        1.549     5.027    u_soc/clk_buf
    SLICE_X72Y71         FDPE                                         r  u_soc/rst_cpu_reg_rep__4/C
  -------------------------------------------------------------------    -------------------
    SLICE_X72Y71         FDPE (Prop_fdpe_C_Q)         0.223     5.250 f  u_soc/rst_cpu_reg_rep__4/Q
                         net (fo=216, routed)         3.612     8.862    u_soc/Core_cpu/U_MEM_WB/pc_o_reg[0]_0[0]
    SLICE_X41Y93         FDCE                                         f  u_soc/Core_cpu/U_MEM_WB/wb_wD_reg[22]/CLR
  -------------------------------------------------------------------    -------------------

                         (clock clk rise edge)        6.700     6.700 r  
    AE23                                              0.000     6.700 r  clk (IN)
                         net (fo=0)                   0.000     6.700    clk
    AE23                 IBUF (Prop_ibuf_I_O)         0.660     7.360 r  clk_IBUF_inst/O
                         net (fo=1, routed)           2.516     9.876    clk_IBUF
    BUFGCTRL_X0Y0        BUFG (Prop_bufg_I_O)         0.083     9.959 r  u_bufg/O
                         net (fo=5756, routed)        1.493    11.452    u_soc/Core_cpu/U_MEM_WB/clk_buf
    SLICE_X41Y93         FDCE                                         r  u_soc/Core_cpu/U_MEM_WB/wb_wD_reg[22]/C
                         clock pessimism              0.310    11.761    
                         clock uncertainty           -0.035    11.726    
    SLICE_X41Y93         FDCE (Recov_fdce_C_CLR)     -0.212    11.514    u_soc/Core_cpu/U_MEM_WB/wb_wD_reg[22]
  -------------------------------------------------------------------
                         required time                         11.514    
                         arrival time                          -8.862    
  -------------------------------------------------------------------
                         slack                                  2.652    

Slack (MET) :             2.685ns  (required time - arrival time)
  Source:                 u_soc/rst_cpu_reg_rep__4/C
                            (rising edge-triggered cell FDPE clocked by clk  {rise@0.000ns fall@3.350ns period=6.700ns})
  Destination:            u_soc/Core_cpu/U_MEM_WB/wb_wD_reg[27]/CLR
                            (recovery check against rising-edge clock clk  {rise@0.000ns fall@3.350ns period=6.700ns})
  Path Group:             **async_default**
  Path Type:              Recovery (Max at Slow Process Corner)
  Requirement:            6.700ns  (clk rise@6.700ns - clk rise@0.000ns)
  Data Path Delay:        3.824ns  (logic 0.223ns (5.832%)  route 3.601ns (94.168%))
  Logic Levels:           0  
  Clock Path Skew:        0.031ns (DCD - SCD + CPR)
    Destination Clock Delay (DCD):    4.749ns = ( 11.449 - 6.700 ) 
    Source Clock Delay      (SCD):    5.027ns
    Clock Pessimism Removal (CPR):    0.310ns
  Clock Uncertainty:      0.035ns  ((TSJ^2 + TIJ^2)^1/2 + DJ) / 2 + PE
    Total System Jitter     (TSJ):    0.071ns
    Total Input Jitter      (TIJ):    0.000ns
    Discrete Jitter          (DJ):    0.000ns
    Phase Error              (PE):    0.000ns

    Location             Delay type                Incr(ns)  Path(ns)    Netlist Resource(s)
  -------------------------------------------------------------------    -------------------
                         (clock clk rise edge)        0.000     0.000 r  
    AE23                                              0.000     0.000 r  clk (IN)
                         net (fo=0)                   0.000     0.000    clk
    AE23                 IBUF (Prop_ibuf_I_O)         0.734     0.734 r  clk_IBUF_inst/O
                         net (fo=1, routed)           2.651     3.385    clk_IBUF
    BUFGCTRL_X0Y0        BUFG (Prop_bufg_I_O)         0.093     3.478 r  u_bufg/O
                         net (fo=5756, routed)        1.549     5.027    u_soc/clk_buf
    SLICE_X72Y71         FDPE                                         r  u_soc/rst_cpu_reg_rep__4/C
  -------------------------------------------------------------------    -------------------
    SLICE_X72Y71         FDPE (Prop_fdpe_C_Q)         0.223     5.250 f  u_soc/rst_cpu_reg_rep__4/Q
                         net (fo=216, routed)         3.601     8.851    u_soc/Core_cpu/U_MEM_WB/pc_o_reg[0]_0[0]
    SLICE_X42Y91         FDCE                                         f  u_soc/Core_cpu/U_MEM_WB/wb_wD_reg[27]/CLR
  -------------------------------------------------------------------    -------------------

                         (clock clk rise edge)        6.700     6.700 r  
    AE23                                              0.000     6.700 r  clk (IN)
                         net (fo=0)                   0.000     6.700    clk
    AE23                 IBUF (Prop_ibuf_I_O)         0.660     7.360 r  clk_IBUF_inst/O
                         net (fo=1, routed)           2.516     9.876    clk_IBUF
    BUFGCTRL_X0Y0        BUFG (Prop_bufg_I_O)         0.083     9.959 r  u_bufg/O
                         net (fo=5756, routed)        1.490    11.449    u_soc/Core_cpu/U_MEM_WB/clk_buf
    SLICE_X42Y91         FDCE                                         r  u_soc/Core_cpu/U_MEM_WB/wb_wD_reg[27]/C
                         clock pessimism              0.310    11.758    
                         clock uncertainty           -0.035    11.723    
    SLICE_X42Y91         FDCE (Recov_fdce_C_CLR)     -0.187    11.536    u_soc/Core_cpu/U_MEM_WB/wb_wD_reg[27]
  -------------------------------------------------------------------
                         required time                         11.536    
                         arrival time                          -8.851    
  -------------------------------------------------------------------
                         slack                                  2.685    

Slack (MET) :             2.685ns  (required time - arrival time)
  Source:                 u_soc/rst_cpu_reg_rep__4/C
                            (rising edge-triggered cell FDPE clocked by clk  {rise@0.000ns fall@3.350ns period=6.700ns})
  Destination:            u_soc/Core_cpu/U_MEM_WB/wb_wD_reg[29]/CLR
                            (recovery check against rising-edge clock clk  {rise@0.000ns fall@3.350ns period=6.700ns})
  Path Group:             **async_default**
  Path Type:              Recovery (Max at Slow Process Corner)
  Requirement:            6.700ns  (clk rise@6.700ns - clk rise@0.000ns)
  Data Path Delay:        3.824ns  (logic 0.223ns (5.831%)  route 3.601ns (94.169%))
  Logic Levels:           0  
  Clock Path Skew:        0.032ns (DCD - SCD + CPR)
    Destination Clock Delay (DCD):    4.750ns = ( 11.450 - 6.700 ) 
    Source Clock Delay      (SCD):    5.027ns
    Clock Pessimism Removal (CPR):    0.310ns
  Clock Uncertainty:      0.035ns  ((TSJ^2 + TIJ^2)^1/2 + DJ) / 2 + PE
    Total System Jitter     (TSJ):    0.071ns
    Total Input Jitter      (TIJ):    0.000ns
    Discrete Jitter          (DJ):    0.000ns
    Phase Error              (PE):    0.000ns

    Location             Delay type                Incr(ns)  Path(ns)    Netlist Resource(s)
  -------------------------------------------------------------------    -------------------
                         (clock clk rise edge)        0.000     0.000 r  
    AE23                                              0.000     0.000 r  clk (IN)
                         net (fo=0)                   0.000     0.000    clk
    AE23                 IBUF (Prop_ibuf_I_O)         0.734     0.734 r  clk_IBUF_inst/O
                         net (fo=1, routed)           2.651     3.385    clk_IBUF
    BUFGCTRL_X0Y0        BUFG (Prop_bufg_I_O)         0.093     3.478 r  u_bufg/O
                         net (fo=5756, routed)        1.549     5.027    u_soc/clk_buf
    SLICE_X72Y71         FDPE                                         r  u_soc/rst_cpu_reg_rep__4/C
  -------------------------------------------------------------------    -------------------
    SLICE_X72Y71         FDPE (Prop_fdpe_C_Q)         0.223     5.250 f  u_soc/rst_cpu_reg_rep__4/Q
                         net (fo=216, routed)         3.601     8.852    u_soc/Core_cpu/U_MEM_WB/pc_o_reg[0]_0[0]
    SLICE_X42Y92         FDCE                                         f  u_soc/Core_cpu/U_MEM_WB/wb_wD_reg[29]/CLR
  -------------------------------------------------------------------    -------------------

                         (clock clk rise edge)        6.700     6.700 r  
    AE23                                              0.000     6.700 r  clk (IN)
                         net (fo=0)                   0.000     6.700    clk
    AE23                 IBUF (Prop_ibuf_I_O)         0.660     7.360 r  clk_IBUF_inst/O
                         net (fo=1, routed)           2.516     9.876    clk_IBUF
    BUFGCTRL_X0Y0        BUFG (Prop_bufg_I_O)         0.083     9.959 r  u_bufg/O
                         net (fo=5756, routed)        1.491    11.450    u_soc/Core_cpu/U_MEM_WB/clk_buf
    SLICE_X42Y92         FDCE                                         r  u_soc/Core_cpu/U_MEM_WB/wb_wD_reg[29]/C
                         clock pessimism              0.310    11.759    
                         clock uncertainty           -0.035    11.724    
    SLICE_X42Y92         FDCE (Recov_fdce_C_CLR)     -0.187    11.537    u_soc/Core_cpu/U_MEM_WB/wb_wD_reg[29]
  -------------------------------------------------------------------
                         required time                         11.537    
                         arrival time                          -8.852    
  -------------------------------------------------------------------
                         slack                                  2.685    

Slack (MET) :             2.707ns  (required time - arrival time)
  Source:                 u_soc/rst_cpu_reg_rep__4/C
                            (rising edge-triggered cell FDPE clocked by clk  {rise@0.000ns fall@3.350ns period=6.700ns})
  Destination:            u_soc/Core_cpu/U_MEM_WB/pc_o_reg[0]_lopt_replica/CLR
                            (recovery check against rising-edge clock clk  {rise@0.000ns fall@3.350ns period=6.700ns})
  Path Group:             **async_default**
  Path Type:              Recovery (Max at Slow Process Corner)
  Requirement:            6.700ns  (clk rise@6.700ns - clk rise@0.000ns)
  Data Path Delay:        3.775ns  (logic 0.223ns (5.907%)  route 3.552ns (94.093%))
  Logic Levels:           0  
  Clock Path Skew:        0.029ns (DCD - SCD + CPR)
    Destination Clock Delay (DCD):    4.747ns = ( 11.447 - 6.700 ) 
    Source Clock Delay      (SCD):    5.027ns
    Clock Pessimism Removal (CPR):    0.310ns
  Clock Uncertainty:      0.035ns  ((TSJ^2 + TIJ^2)^1/2 + DJ) / 2 + PE
    Total System Jitter     (TSJ):    0.071ns
    Total Input Jitter      (TIJ):    0.000ns
    Discrete Jitter          (DJ):    0.000ns
    Phase Error              (PE):    0.000ns

    Location             Delay type                Incr(ns)  Path(ns)    Netlist Resource(s)
  -------------------------------------------------------------------    -------------------
                         (clock clk rise edge)        0.000     0.000 r  
    AE23                                              0.000     0.000 r  clk (IN)
                         net (fo=0)                   0.000     0.000    clk
    AE23                 IBUF (Prop_ibuf_I_O)         0.734     0.734 r  clk_IBUF_inst/O
                         net (fo=1, routed)           2.651     3.385    clk_IBUF
    BUFGCTRL_X0Y0        BUFG (Prop_bufg_I_O)         0.093     3.478 r  u_bufg/O
                         net (fo=5756, routed)        1.549     5.027    u_soc/clk_buf
    SLICE_X72Y71         FDPE                                         r  u_soc/rst_cpu_reg_rep__4/C
  -------------------------------------------------------------------    -------------------
    SLICE_X72Y71         FDPE (Prop_fdpe_C_Q)         0.223     5.250 f  u_soc/rst_cpu_reg_rep__4/Q
                         net (fo=216, routed)         3.552     8.803    u_soc/Core_cpu/U_MEM_WB/pc_o_reg[0]_0[0]
    SLICE_X43Y87         FDCE                                         f  u_soc/Core_cpu/U_MEM_WB/pc_o_reg[0]_lopt_replica/CLR
  -------------------------------------------------------------------    -------------------

                         (clock clk rise edge)        6.700     6.700 r  
    AE23                                              0.000     6.700 r  clk (IN)
                         net (fo=0)                   0.000     6.700    clk
    AE23                 IBUF (Prop_ibuf_I_O)         0.660     7.360 r  clk_IBUF_inst/O
                         net (fo=1, routed)           2.516     9.876    clk_IBUF
    BUFGCTRL_X0Y0        BUFG (Prop_bufg_I_O)         0.083     9.959 r  u_bufg/O
                         net (fo=5756, routed)        1.488    11.447    u_soc/Core_cpu/U_MEM_WB/clk_buf
    SLICE_X43Y87         FDCE                                         r  u_soc/Core_cpu/U_MEM_WB/pc_o_reg[0]_lopt_replica/C
                         clock pessimism              0.310    11.756    
                         clock uncertainty           -0.035    11.721    
    SLICE_X43Y87         FDCE (Recov_fdce_C_CLR)     -0.212    11.509    u_soc/Core_cpu/U_MEM_WB/pc_o_reg[0]_lopt_replica
  -------------------------------------------------------------------
                         required time                         11.509    
                         arrival time                          -8.803    
  -------------------------------------------------------------------
                         slack                                  2.707    

Slack (MET) :             2.717ns  (required time - arrival time)
  Source:                 u_soc/rst_cpu_reg_rep__4/C
                            (rising edge-triggered cell FDPE clocked by clk  {rise@0.000ns fall@3.350ns period=6.700ns})
  Destination:            u_soc/Core_cpu/U_MEM_WB/wb_wD_reg[4]/CLR
                            (recovery check against rising-edge clock clk  {rise@0.000ns fall@3.350ns period=6.700ns})
  Path Group:             **async_default**
  Path Type:              Recovery (Max at Slow Process Corner)
  Requirement:            6.700ns  (clk rise@6.700ns - clk rise@0.000ns)
  Data Path Delay:        3.770ns  (logic 0.223ns (5.916%)  route 3.547ns (94.084%))
  Logic Levels:           0  
  Clock Path Skew:        0.034ns (DCD - SCD + CPR)
    Destination Clock Delay (DCD):    4.752ns = ( 11.452 - 6.700 ) 
    Source Clock Delay      (SCD):    5.027ns
    Clock Pessimism Removal (CPR):    0.310ns
  Clock Uncertainty:      0.035ns  ((TSJ^2 + TIJ^2)^1/2 + DJ) / 2 + PE
    Total System Jitter     (TSJ):    0.071ns
    Total Input Jitter      (TIJ):    0.000ns
    Discrete Jitter          (DJ):    0.000ns
    Phase Error              (PE):    0.000ns

    Location             Delay type                Incr(ns)  Path(ns)    Netlist Resource(s)
  -------------------------------------------------------------------    -------------------
                         (clock clk rise edge)        0.000     0.000 r  
    AE23                                              0.000     0.000 r  clk (IN)
                         net (fo=0)                   0.000     0.000    clk
    AE23                 IBUF (Prop_ibuf_I_O)         0.734     0.734 r  clk_IBUF_inst/O
                         net (fo=1, routed)           2.651     3.385    clk_IBUF
    BUFGCTRL_X0Y0        BUFG (Prop_bufg_I_O)         0.093     3.478 r  u_bufg/O
                         net (fo=5756, routed)        1.549     5.027    u_soc/clk_buf
    SLICE_X72Y71         FDPE                                         r  u_soc/rst_cpu_reg_rep__4/C
  -------------------------------------------------------------------    -------------------
    SLICE_X72Y71         FDPE (Prop_fdpe_C_Q)         0.223     5.250 f  u_soc/rst_cpu_reg_rep__4/Q
                         net (fo=216, routed)         3.547     8.797    u_soc/Core_cpu/U_MEM_WB/pc_o_reg[0]_0[0]
    SLICE_X33Y84         FDCE                                         f  u_soc/Core_cpu/U_MEM_WB/wb_wD_reg[4]/CLR
  -------------------------------------------------------------------    -------------------

                         (clock clk rise edge)        6.700     6.700 r  
    AE23                                              0.000     6.700 r  clk (IN)
                         net (fo=0)                   0.000     6.700    clk
    AE23                 IBUF (Prop_ibuf_I_O)         0.660     7.360 r  clk_IBUF_inst/O
                         net (fo=1, routed)           2.516     9.876    clk_IBUF
    BUFGCTRL_X0Y0        BUFG (Prop_bufg_I_O)         0.083     9.959 r  u_bufg/O
                         net (fo=5756, routed)        1.493    11.452    u_soc/Core_cpu/U_MEM_WB/clk_buf
    SLICE_X33Y84         FDCE                                         r  u_soc/Core_cpu/U_MEM_WB/wb_wD_reg[4]/C
                         clock pessimism              0.310    11.761    
                         clock uncertainty           -0.035    11.726    
    SLICE_X33Y84         FDCE (Recov_fdce_C_CLR)     -0.212    11.514    u_soc/Core_cpu/U_MEM_WB/wb_wD_reg[4]
  -------------------------------------------------------------------
                         required time                         11.514    
                         arrival time                          -8.797    
  -------------------------------------------------------------------
                         slack                                  2.717    

Slack (MET) :             2.717ns  (required time - arrival time)
  Source:                 u_soc/rst_cpu_reg_rep__4/C
                            (rising edge-triggered cell FDPE clocked by clk  {rise@0.000ns fall@3.350ns period=6.700ns})
  Destination:            u_soc/Core_cpu/U_MEM_WB/wb_wD_reg[5]/CLR
                            (recovery check against rising-edge clock clk  {rise@0.000ns fall@3.350ns period=6.700ns})
  Path Group:             **async_default**
  Path Type:              Recovery (Max at Slow Process Corner)
  Requirement:            6.700ns  (clk rise@6.700ns - clk rise@0.000ns)
  Data Path Delay:        3.770ns  (logic 0.223ns (5.916%)  route 3.547ns (94.084%))
  Logic Levels:           0  
  Clock Path Skew:        0.034ns (DCD - SCD + CPR)
    Destination Clock Delay (DCD):    4.752ns = ( 11.452 - 6.700 ) 
    Source Clock Delay      (SCD):    5.027ns
    Clock Pessimism Removal (CPR):    0.310ns
  Clock Uncertainty:      0.035ns  ((TSJ^2 + TIJ^2)^1/2 + DJ) / 2 + PE
    Total System Jitter     (TSJ):    0.071ns
    Total Input Jitter      (TIJ):    0.000ns
    Discrete Jitter          (DJ):    0.000ns
    Phase Error              (PE):    0.000ns

    Location             Delay type                Incr(ns)  Path(ns)    Netlist Resource(s)
  -------------------------------------------------------------------    -------------------
                         (clock clk rise edge)        0.000     0.000 r  
    AE23                                              0.000     0.000 r  clk (IN)
                         net (fo=0)                   0.000     0.000    clk
    AE23                 IBUF (Prop_ibuf_I_O)         0.734     0.734 r  clk_IBUF_inst/O
                         net (fo=1, routed)           2.651     3.385    clk_IBUF
    BUFGCTRL_X0Y0        BUFG (Prop_bufg_I_O)         0.093     3.478 r  u_bufg/O
                         net (fo=5756, routed)        1.549     5.027    u_soc/clk_buf
    SLICE_X72Y71         FDPE                                         r  u_soc/rst_cpu_reg_rep__4/C
  -------------------------------------------------------------------    -------------------
    SLICE_X72Y71         FDPE (Prop_fdpe_C_Q)         0.223     5.250 f  u_soc/rst_cpu_reg_rep__4/Q
                         net (fo=216, routed)         3.547     8.797    u_soc/Core_cpu/U_MEM_WB/pc_o_reg[0]_0[0]
    SLICE_X33Y84         FDCE                                         f  u_soc/Core_cpu/U_MEM_WB/wb_wD_reg[5]/CLR
  -------------------------------------------------------------------    -------------------

                         (clock clk rise edge)        6.700     6.700 r  
    AE23                                              0.000     6.700 r  clk (IN)
                         net (fo=0)                   0.000     6.700    clk
    AE23                 IBUF (Prop_ibuf_I_O)         0.660     7.360 r  clk_IBUF_inst/O
                         net (fo=1, routed)           2.516     9.876    clk_IBUF
    BUFGCTRL_X0Y0        BUFG (Prop_bufg_I_O)         0.083     9.959 r  u_bufg/O
                         net (fo=5756, routed)        1.493    11.452    u_soc/Core_cpu/U_MEM_WB/clk_buf
    SLICE_X33Y84         FDCE                                         r  u_soc/Core_cpu/U_MEM_WB/wb_wD_reg[5]/C
                         clock pessimism              0.310    11.761    
                         clock uncertainty           -0.035    11.726    
    SLICE_X33Y84         FDCE (Recov_fdce_C_CLR)     -0.212    11.514    u_soc/Core_cpu/U_MEM_WB/wb_wD_reg[5]
  -------------------------------------------------------------------
                         required time                         11.514    
                         arrival time                          -8.797    
  -------------------------------------------------------------------
                         slack                                  2.717    





