Copyright 1986-2022 Xilinx, Inc. All Rights Reserved. Copyright 2022-2023 Advanced Micro Devices, Inc. All Rights Reserved.
-------------------------------------------------------------------------------------------------------------------------------------------------------------------------------------------------------------------------------------
| Tool Version : Vivado v.2023.2 (lin64) Build 4029153 Fri Oct 13 20:13:54 MDT 2023
| Date         : Mon Sep 28 23:06:41 2026
| Host         : edaserver08 running 64-bit NAME="Red Hat Enterprise Linux Server"
| Command      : report_timing -delay_type max -from [get_pins -hier -filter {NAME =~ "*u_icache/q_pc_q_reg*/C"}] -max_paths 20 -nworst 3 -file /home/st-wangjun/project/RISCV_A910/synth/vivado/fmax_impl_5.5ns/timing_from_qpc.rpt
| Design       : top_fmax
| Device       : 7k325t-ffg900
| Speed File   : -2  PRODUCTION 1.12 2017-02-17
| Design State : Routed
-------------------------------------------------------------------------------------------------------------------------------------------------------------------------------------------------------------------------------------

Timing Report

Slack (VIOLATED) :        -1.418ns  (required time - arrival time)
  Source:                 u_soc/Core_cpu/u_ifu_subsys/u_icache/q_pc_q_reg[9]/C
                            (rising edge-triggered cell FDRE clocked by clk  {rise@0.000ns fall@2.750ns period=5.500ns})
  Destination:            u_soc/Core_cpu/u_ifu_subsys/u_ibuf/ent_q_reg[0][29]/D
                            (rising edge-triggered cell FDRE clocked by clk  {rise@0.000ns fall@2.750ns period=5.500ns})
  Path Group:             clk
  Path Type:              Setup (Max at Slow Process Corner)
  Requirement:            5.500ns  (clk rise@5.500ns - clk rise@0.000ns)
  Data Path Delay:        6.837ns  (logic 0.825ns (12.067%)  route 6.012ns (87.933%))
  Logic Levels:           14  (LUT3=1 LUT4=1 LUT5=2 LUT6=9 RAMD64E=1)
  Clock Path Skew:        -0.110ns (DCD - SCD + CPR)
    Destination Clock Delay (DCD):    4.687ns = ( 10.187 - 5.500 ) 
    Source Clock Delay      (SCD):    5.106ns
    Clock Pessimism Removal (CPR):    0.310ns
  Clock Uncertainty:      0.035ns  ((TSJ^2 + TIJ^2)^1/2 + DJ) / 2 + PE
    Total System Jitter     (TSJ):    0.071ns
    Total Input Jitter      (TIJ):    0.000ns
    Discrete Jitter          (DJ):    0.000ns
    Phase Error              (PE):    0.000ns

    Location             Delay type                Incr(ns)  Path(ns)    Netlist Resource(s)
  -------------------------------------------------------------------    -------------------
                         (clock clk rise edge)        0.000     0.000 r  
    AE23                                              0.000     0.000 r  clk (IN)
                         net (fo=0)                   0.000     0.000    clk
    AE23                 IBUF (Prop_ibuf_I_O)         0.734     0.734 r  clk_IBUF_inst/O
                         net (fo=1, routed)           2.651     3.385    clk_IBUF
    BUFGCTRL_X0Y0        BUFG (Prop_bufg_I_O)         0.093     3.478 r  u_bufg/O
                         net (fo=5785, routed)        1.628     5.106    u_soc/Core_cpu/u_ifu_subsys/u_icache/clk_buf
    SLICE_X37Y62         FDRE                                         r  u_soc/Core_cpu/u_ifu_subsys/u_icache/q_pc_q_reg[9]/C
  -------------------------------------------------------------------    -------------------
    SLICE_X37Y62         FDRE (Prop_fdre_C_Q)         0.223     5.329 r  u_soc/Core_cpu/u_ifu_subsys/u_icache/q_pc_q_reg[9]/Q
                         net (fo=148, routed)         0.491     5.821    u_soc/Core_cpu/u_ifu_subsys/g_tage.u_tage/g_tab[0].tg_p_reg_r1_0_63_3_5/ADDRA5
    SLICE_X38Y63         RAMD64E (Prop_ramd64e_RADR5_O)
                                                      0.043     5.864 r  u_soc/Core_cpu/u_ifu_subsys/g_tage.u_tage/g_tab[0].tg_p_reg_r1_0_63_3_5/RAMA/O
                         net (fo=1, routed)           0.456     6.320    u_soc/Core_cpu/u_ifu_subsys/u_btb/p_1_in4_in[0]
    SLICE_X37Y62         LUT6 (Prop_lut6_I1_O)        0.043     6.363 r  u_soc/Core_cpu/u_ifu_subsys/u_btb/ent_q[6][150]_i_42/O
                         net (fo=7, routed)           0.363     6.727    u_soc/Core_cpu/u_ifu_subsys/g_tage.u_tage/id_bht_chk[22]_i_4_0
    SLICE_X34Y61         LUT3 (Prop_lut3_I1_O)        0.043     6.770 r  u_soc/Core_cpu/u_ifu_subsys/g_tage.u_tage/id_bht_chk[22]_i_35/O
                         net (fo=8, routed)           0.498     7.267    u_soc/Core_cpu/u_ifu_subsys/g_tage.u_tage/id_bht_chk[22]_i_35_n_0
    SLICE_X35Y61         LUT6 (Prop_lut6_I1_O)        0.043     7.310 r  u_soc/Core_cpu/u_ifu_subsys/g_tage.u_tage/id_bht_chk[22]_i_17/O
                         net (fo=1, routed)           0.364     7.674    u_soc/Core_cpu/u_ifu_subsys/g_tage.u_tage/id_bht_chk[22]_i_17_n_0
    SLICE_X39Y61         LUT6 (Prop_lut6_I3_O)        0.043     7.717 r  u_soc/Core_cpu/u_ifu_subsys/g_tage.u_tage/id_bht_chk[22]_i_8/O
                         net (fo=1, routed)           0.350     8.067    u_soc/Core_cpu/u_ifu_subsys/g_tage.u_tage/id_bht_chk[22]_i_8_n_0
    SLICE_X39Y62         LUT6 (Prop_lut6_I0_O)        0.043     8.110 r  u_soc/Core_cpu/u_ifu_subsys/g_tage.u_tage/id_bht_chk[22]_i_4/O
                         net (fo=5, routed)           0.685     8.794    u_soc/Core_cpu/u_ifu_subsys/u_btb/q_t0_idx[1]_i_10_2
    SLICE_X41Y58         LUT6 (Prop_lut6_I3_O)        0.043     8.837 r  u_soc/Core_cpu/u_ifu_subsys/u_btb/cnt_q[0]_i_7_comp_1/O
                         net (fo=9, routed)           0.440     9.278    u_soc/Core_cpu/u_ifu_subsys/u_btb/taken_slot[0]
    SLICE_X40Y57         LUT6 (Prop_lut6_I1_O)        0.043     9.321 r  u_soc/Core_cpu/u_ifu_subsys/u_btb/q_t0_idx[0]_i_9/O
                         net (fo=9, routed)           0.185     9.506    u_soc/Core_cpu/u_ifu_subsys/u_ibuf/push_num[1]
    SLICE_X40Y57         LUT4 (Prop_lut4_I1_O)        0.043     9.549 r  u_soc/Core_cpu/u_ifu_subsys/u_ibuf/cnt_q[4]_i_5/O
                         net (fo=11, routed)          0.211     9.760    u_soc/Core_cpu/u_ifu_subsys/u_ibuf/ib_push_acc[1]
    SLICE_X41Y56         LUT6 (Prop_lut6_I5_O)        0.043     9.803 r  u_soc/Core_cpu/u_ifu_subsys/u_ibuf/id_have_inst_i_2/O
                         net (fo=117, routed)         0.828    10.631    u_soc/Core_cpu/u_ifu_subsys/u_ibuf/cnt_q_reg[4]_1
    SLICE_X62Y56         LUT5 (Prop_lut5_I4_O)        0.043    10.674 r  u_soc/Core_cpu/u_ifu_subsys/u_ibuf/ent_q[6][29]_i_14/O
                         net (fo=9, routed)           0.403    11.077    u_soc/Core_cpu/u_ifu_subsys/u_ibuf/p_0_in__0[29]
    SLICE_X67Y55         LUT5 (Prop_lut5_I2_O)        0.043    11.120 r  u_soc/Core_cpu/u_ifu_subsys/u_ibuf/ent_q[6][29]_i_7/O
                         net (fo=8, routed)           0.370    11.491    u_soc/Core_cpu/u_ifu_subsys/u_ibuf/ent_q[6][29]_i_7_n_0
    SLICE_X74Y55         LUT6 (Prop_lut6_I0_O)        0.043    11.534 r  u_soc/Core_cpu/u_ifu_subsys/u_ibuf/ent_q[0][29]_i_2/O
                         net (fo=1, routed)           0.367    11.900    u_soc/Core_cpu/u_ifu_subsys/u_ibuf/ent_q[0][29]_i_2_n_0
    SLICE_X74Y55         LUT6 (Prop_lut6_I5_O)        0.043    11.943 r  u_soc/Core_cpu/u_ifu_subsys/u_ibuf/ent_q[0][29]_i_1/O
                         net (fo=1, routed)           0.000    11.943    u_soc/Core_cpu/u_ifu_subsys/u_ibuf/ent_q[0][29]_i_1_n_0
    SLICE_X74Y55         FDRE                                         r  u_soc/Core_cpu/u_ifu_subsys/u_ibuf/ent_q_reg[0][29]/D
  -------------------------------------------------------------------    -------------------

                         (clock clk rise edge)        5.500     5.500 r  
    AE23                                              0.000     5.500 r  clk (IN)
                         net (fo=0)                   0.000     5.500    clk
    AE23                 IBUF (Prop_ibuf_I_O)         0.660     6.160 r  clk_IBUF_inst/O
                         net (fo=1, routed)           2.516     8.676    clk_IBUF
    BUFGCTRL_X0Y0        BUFG (Prop_bufg_I_O)         0.083     8.759 r  u_bufg/O
                         net (fo=5785, routed)        1.428    10.187    u_soc/Core_cpu/u_ifu_subsys/u_ibuf/clk_buf
    SLICE_X74Y55         FDRE                                         r  u_soc/Core_cpu/u_ifu_subsys/u_ibuf/ent_q_reg[0][29]/C
                         clock pessimism              0.310    10.496    
                         clock uncertainty           -0.035    10.461    
    SLICE_X74Y55         FDRE (Setup_fdre_C_D)        0.064    10.525    u_soc/Core_cpu/u_ifu_subsys/u_ibuf/ent_q_reg[0][29]
  -------------------------------------------------------------------
                         required time                         10.525    
                         arrival time                         -11.943    
  -------------------------------------------------------------------
                         slack                                 -1.418    

Slack (VIOLATED) :        -1.418ns  (required time - arrival time)
  Source:                 u_soc/Core_cpu/u_ifu_subsys/u_icache/q_pc_q_reg[9]/C
                            (rising edge-triggered cell FDRE clocked by clk  {rise@0.000ns fall@2.750ns period=5.500ns})
  Destination:            u_soc/Core_cpu/u_ifu_subsys/u_ibuf/ent_q_reg[0][29]/D
                            (rising edge-triggered cell FDRE clocked by clk  {rise@0.000ns fall@2.750ns period=5.500ns})
  Path Group:             clk
  Path Type:              Setup (Max at Slow Process Corner)
  Requirement:            5.500ns  (clk rise@5.500ns - clk rise@0.000ns)
  Data Path Delay:        6.837ns  (logic 0.825ns (12.067%)  route 6.012ns (87.933%))
  Logic Levels:           14  (LUT3=1 LUT4=1 LUT5=2 LUT6=9 RAMD64E=1)
  Clock Path Skew:        -0.110ns (DCD - SCD + CPR)
    Destination Clock Delay (DCD):    4.687ns = ( 10.187 - 5.500 ) 
    Source Clock Delay      (SCD):    5.106ns
    Clock Pessimism Removal (CPR):    0.310ns
  Clock Uncertainty:      0.035ns  ((TSJ^2 + TIJ^2)^1/2 + DJ) / 2 + PE
    Total System Jitter     (TSJ):    0.071ns
    Total Input Jitter      (TIJ):    0.000ns
    Discrete Jitter          (DJ):    0.000ns
    Phase Error              (PE):    0.000ns

    Location             Delay type                Incr(ns)  Path(ns)    Netlist Resource(s)
  -------------------------------------------------------------------    -------------------
                         (clock clk rise edge)        0.000     0.000 r  
    AE23                                              0.000     0.000 r  clk (IN)
                         net (fo=0)                   0.000     0.000    clk
    AE23                 IBUF (Prop_ibuf_I_O)         0.734     0.734 r  clk_IBUF_inst/O
                         net (fo=1, routed)           2.651     3.385    clk_IBUF
    BUFGCTRL_X0Y0        BUFG (Prop_bufg_I_O)         0.093     3.478 r  u_bufg/O
                         net (fo=5785, routed)        1.628     5.106    u_soc/Core_cpu/u_ifu_subsys/u_icache/clk_buf
    SLICE_X37Y62         FDRE                                         r  u_soc/Core_cpu/u_ifu_subsys/u_icache/q_pc_q_reg[9]/C
  -------------------------------------------------------------------    -------------------
    SLICE_X37Y62         FDRE (Prop_fdre_C_Q)         0.223     5.329 r  u_soc/Core_cpu/u_ifu_subsys/u_icache/q_pc_q_reg[9]/Q
                         net (fo=148, routed)         0.491     5.821    u_soc/Core_cpu/u_ifu_subsys/g_tage.u_tage/g_tab[0].tg_p_reg_r1_0_63_3_5/ADDRA5
    SLICE_X38Y63         RAMD64E (Prop_ramd64e_RADR5_O)
                                                      0.043     5.864 f  u_soc/Core_cpu/u_ifu_subsys/g_tage.u_tage/g_tab[0].tg_p_reg_r1_0_63_3_5/RAMA/O
                         net (fo=1, routed)           0.456     6.320    u_soc/Core_cpu/u_ifu_subsys/u_btb/p_1_in4_in[0]
    SLICE_X37Y62         LUT6 (Prop_lut6_I1_O)        0.043     6.363 r  u_soc/Core_cpu/u_ifu_subsys/u_btb/ent_q[6][150]_i_42/O
                         net (fo=7, routed)           0.363     6.727    u_soc/Core_cpu/u_ifu_subsys/g_tage.u_tage/id_bht_chk[22]_i_4_0
    SLICE_X34Y61         LUT3 (Prop_lut3_I1_O)        0.043     6.770 r  u_soc/Core_cpu/u_ifu_subsys/g_tage.u_tage/id_bht_chk[22]_i_35/O
                         net (fo=8, routed)           0.498     7.267    u_soc/Core_cpu/u_ifu_subsys/g_tage.u_tage/id_bht_chk[22]_i_35_n_0
    SLICE_X35Y61         LUT6 (Prop_lut6_I1_O)        0.043     7.310 r  u_soc/Core_cpu/u_ifu_subsys/g_tage.u_tage/id_bht_chk[22]_i_17/O
                         net (fo=1, routed)           0.364     7.674    u_soc/Core_cpu/u_ifu_subsys/g_tage.u_tage/id_bht_chk[22]_i_17_n_0
    SLICE_X39Y61         LUT6 (Prop_lut6_I3_O)        0.043     7.717 r  u_soc/Core_cpu/u_ifu_subsys/g_tage.u_tage/id_bht_chk[22]_i_8/O
                         net (fo=1, routed)           0.350     8.067    u_soc/Core_cpu/u_ifu_subsys/g_tage.u_tage/id_bht_chk[22]_i_8_n_0
    SLICE_X39Y62         LUT6 (Prop_lut6_I0_O)        0.043     8.110 r  u_soc/Core_cpu/u_ifu_subsys/g_tage.u_tage/id_bht_chk[22]_i_4/O
                         net (fo=5, routed)           0.685     8.794    u_soc/Core_cpu/u_ifu_subsys/u_btb/q_t0_idx[1]_i_10_2
    SLICE_X41Y58         LUT6 (Prop_lut6_I3_O)        0.043     8.837 r  u_soc/Core_cpu/u_ifu_subsys/u_btb/cnt_q[0]_i_7_comp_1/O
                         net (fo=9, routed)           0.440     9.278    u_soc/Core_cpu/u_ifu_subsys/u_btb/taken_slot[0]
    SLICE_X40Y57         LUT6 (Prop_lut6_I1_O)        0.043     9.321 r  u_soc/Core_cpu/u_ifu_subsys/u_btb/q_t0_idx[0]_i_9/O
                         net (fo=9, routed)           0.185     9.506    u_soc/Core_cpu/u_ifu_subsys/u_ibuf/push_num[1]
    SLICE_X40Y57         LUT4 (Prop_lut4_I1_O)        0.043     9.549 r  u_soc/Core_cpu/u_ifu_subsys/u_ibuf/cnt_q[4]_i_5/O
                         net (fo=11, routed)          0.211     9.760    u_soc/Core_cpu/u_ifu_subsys/u_ibuf/ib_push_acc[1]
    SLICE_X41Y56         LUT6 (Prop_lut6_I5_O)        0.043     9.803 r  u_soc/Core_cpu/u_ifu_subsys/u_ibuf/id_have_inst_i_2/O
                         net (fo=117, routed)         0.828    10.631    u_soc/Core_cpu/u_ifu_subsys/u_ibuf/cnt_q_reg[4]_1
    SLICE_X62Y56         LUT5 (Prop_lut5_I4_O)        0.043    10.674 r  u_soc/Core_cpu/u_ifu_subsys/u_ibuf/ent_q[6][29]_i_14/O
                         net (fo=9, routed)           0.403    11.077    u_soc/Core_cpu/u_ifu_subsys/u_ibuf/p_0_in__0[29]
    SLICE_X67Y55         LUT5 (Prop_lut5_I2_O)        0.043    11.120 r  u_soc/Core_cpu/u_ifu_subsys/u_ibuf/ent_q[6][29]_i_7/O
                         net (fo=8, routed)           0.370    11.491    u_soc/Core_cpu/u_ifu_subsys/u_ibuf/ent_q[6][29]_i_7_n_0
    SLICE_X74Y55         LUT6 (Prop_lut6_I0_O)        0.043    11.534 r  u_soc/Core_cpu/u_ifu_subsys/u_ibuf/ent_q[0][29]_i_2/O
                         net (fo=1, routed)           0.367    11.900    u_soc/Core_cpu/u_ifu_subsys/u_ibuf/ent_q[0][29]_i_2_n_0
    SLICE_X74Y55         LUT6 (Prop_lut6_I5_O)        0.043    11.943 r  u_soc/Core_cpu/u_ifu_subsys/u_ibuf/ent_q[0][29]_i_1/O
                         net (fo=1, routed)           0.000    11.943    u_soc/Core_cpu/u_ifu_subsys/u_ibuf/ent_q[0][29]_i_1_n_0
    SLICE_X74Y55         FDRE                                         r  u_soc/Core_cpu/u_ifu_subsys/u_ibuf/ent_q_reg[0][29]/D
  -------------------------------------------------------------------    -------------------

                         (clock clk rise edge)        5.500     5.500 r  
    AE23                                              0.000     5.500 r  clk (IN)
                         net (fo=0)                   0.000     5.500    clk
    AE23                 IBUF (Prop_ibuf_I_O)         0.660     6.160 r  clk_IBUF_inst/O
                         net (fo=1, routed)           2.516     8.676    clk_IBUF
    BUFGCTRL_X0Y0        BUFG (Prop_bufg_I_O)         0.083     8.759 r  u_bufg/O
                         net (fo=5785, routed)        1.428    10.187    u_soc/Core_cpu/u_ifu_subsys/u_ibuf/clk_buf
    SLICE_X74Y55         FDRE                                         r  u_soc/Core_cpu/u_ifu_subsys/u_ibuf/ent_q_reg[0][29]/C
                         clock pessimism              0.310    10.496    
                         clock uncertainty           -0.035    10.461    
    SLICE_X74Y55         FDRE (Setup_fdre_C_D)        0.064    10.525    u_soc/Core_cpu/u_ifu_subsys/u_ibuf/ent_q_reg[0][29]
  -------------------------------------------------------------------
                         required time                         10.525    
                         arrival time                         -11.943    
  -------------------------------------------------------------------
                         slack                                 -1.418    

Slack (VIOLATED) :        -1.418ns  (required time - arrival time)
  Source:                 u_soc/Core_cpu/u_ifu_subsys/u_icache/q_pc_q_reg[9]/C
                            (rising edge-triggered cell FDRE clocked by clk  {rise@0.000ns fall@2.750ns period=5.500ns})
  Destination:            u_soc/Core_cpu/u_ifu_subsys/u_ibuf/ent_q_reg[0][29]/D
                            (rising edge-triggered cell FDRE clocked by clk  {rise@0.000ns fall@2.750ns period=5.500ns})
  Path Group:             clk
  Path Type:              Setup (Max at Slow Process Corner)
  Requirement:            5.500ns  (clk rise@5.500ns - clk rise@0.000ns)
  Data Path Delay:        6.837ns  (logic 0.825ns (12.067%)  route 6.012ns (87.933%))
  Logic Levels:           14  (LUT3=1 LUT4=1 LUT5=2 LUT6=9 RAMD64E=1)
  Clock Path Skew:        -0.110ns (DCD - SCD + CPR)
    Destination Clock Delay (DCD):    4.687ns = ( 10.187 - 5.500 ) 
    Source Clock Delay      (SCD):    5.106ns
    Clock Pessimism Removal (CPR):    0.310ns
  Clock Uncertainty:      0.035ns  ((TSJ^2 + TIJ^2)^1/2 + DJ) / 2 + PE
    Total System Jitter     (TSJ):    0.071ns
    Total Input Jitter      (TIJ):    0.000ns
    Discrete Jitter          (DJ):    0.000ns
    Phase Error              (PE):    0.000ns

    Location             Delay type                Incr(ns)  Path(ns)    Netlist Resource(s)
  -------------------------------------------------------------------    -------------------
                         (clock clk rise edge)        0.000     0.000 r  
    AE23                                              0.000     0.000 r  clk (IN)
                         net (fo=0)                   0.000     0.000    clk
    AE23                 IBUF (Prop_ibuf_I_O)         0.734     0.734 r  clk_IBUF_inst/O
                         net (fo=1, routed)           2.651     3.385    clk_IBUF
    BUFGCTRL_X0Y0        BUFG (Prop_bufg_I_O)         0.093     3.478 r  u_bufg/O
                         net (fo=5785, routed)        1.628     5.106    u_soc/Core_cpu/u_ifu_subsys/u_icache/clk_buf
    SLICE_X37Y62         FDRE                                         r  u_soc/Core_cpu/u_ifu_subsys/u_icache/q_pc_q_reg[9]/C
  -------------------------------------------------------------------    -------------------
    SLICE_X37Y62         FDRE (Prop_fdre_C_Q)         0.223     5.329 r  u_soc/Core_cpu/u_ifu_subsys/u_icache/q_pc_q_reg[9]/Q
                         net (fo=148, routed)         0.491     5.821    u_soc/Core_cpu/u_ifu_subsys/g_tage.u_tage/g_tab[0].tg_p_reg_r1_0_63_3_5/ADDRA5
    SLICE_X38Y63         RAMD64E (Prop_ramd64e_RADR5_O)
                                                      0.043     5.864 r  u_soc/Core_cpu/u_ifu_subsys/g_tage.u_tage/g_tab[0].tg_p_reg_r1_0_63_3_5/RAMA/O
                         net (fo=1, routed)           0.456     6.320    u_soc/Core_cpu/u_ifu_subsys/u_btb/p_1_in4_in[0]
    SLICE_X37Y62         LUT6 (Prop_lut6_I1_O)        0.043     6.363 r  u_soc/Core_cpu/u_ifu_subsys/u_btb/ent_q[6][150]_i_42/O
                         net (fo=7, routed)           0.363     6.727    u_soc/Core_cpu/u_ifu_subsys/g_tage.u_tage/id_bht_chk[22]_i_4_0
    SLICE_X34Y61         LUT3 (Prop_lut3_I1_O)        0.043     6.770 r  u_soc/Core_cpu/u_ifu_subsys/g_tage.u_tage/id_bht_chk[22]_i_35/O
                         net (fo=8, routed)           0.498     7.267    u_soc/Core_cpu/u_ifu_subsys/g_tage.u_tage/id_bht_chk[22]_i_35_n_0
    SLICE_X35Y61         LUT6 (Prop_lut6_I1_O)        0.043     7.310 r  u_soc/Core_cpu/u_ifu_subsys/g_tage.u_tage/id_bht_chk[22]_i_17/O
                         net (fo=1, routed)           0.364     7.674    u_soc/Core_cpu/u_ifu_subsys/g_tage.u_tage/id_bht_chk[22]_i_17_n_0
    SLICE_X39Y61         LUT6 (Prop_lut6_I3_O)        0.043     7.717 r  u_soc/Core_cpu/u_ifu_subsys/g_tage.u_tage/id_bht_chk[22]_i_8/O
                         net (fo=1, routed)           0.350     8.067    u_soc/Core_cpu/u_ifu_subsys/g_tage.u_tage/id_bht_chk[22]_i_8_n_0
    SLICE_X39Y62         LUT6 (Prop_lut6_I0_O)        0.043     8.110 r  u_soc/Core_cpu/u_ifu_subsys/g_tage.u_tage/id_bht_chk[22]_i_4/O
                         net (fo=5, routed)           0.685     8.794    u_soc/Core_cpu/u_ifu_subsys/u_btb/q_t0_idx[1]_i_10_2
    SLICE_X41Y58         LUT6 (Prop_lut6_I3_O)        0.043     8.837 r  u_soc/Core_cpu/u_ifu_subsys/u_btb/cnt_q[0]_i_7_comp_1/O
                         net (fo=9, routed)           0.440     9.278    u_soc/Core_cpu/u_ifu_subsys/u_btb/taken_slot[0]
    SLICE_X40Y57         LUT6 (Prop_lut6_I1_O)        0.043     9.321 f  u_soc/Core_cpu/u_ifu_subsys/u_btb/q_t0_idx[0]_i_9/O
                         net (fo=9, routed)           0.185     9.506    u_soc/Core_cpu/u_ifu_subsys/u_ibuf/push_num[1]
    SLICE_X40Y57         LUT4 (Prop_lut4_I1_O)        0.043     9.549 f  u_soc/Core_cpu/u_ifu_subsys/u_ibuf/cnt_q[4]_i_5/O
                         net (fo=11, routed)          0.211     9.760    u_soc/Core_cpu/u_ifu_subsys/u_ibuf/ib_push_acc[1]
    SLICE_X41Y56         LUT6 (Prop_lut6_I5_O)        0.043     9.803 f  u_soc/Core_cpu/u_ifu_subsys/u_ibuf/id_have_inst_i_2/O
                         net (fo=117, routed)         0.828    10.631    u_soc/Core_cpu/u_ifu_subsys/u_ibuf/cnt_q_reg[4]_1
    SLICE_X62Y56         LUT5 (Prop_lut5_I4_O)        0.043    10.674 r  u_soc/Core_cpu/u_ifu_subsys/u_ibuf/ent_q[6][29]_i_14/O
                         net (fo=9, routed)           0.403    11.077    u_soc/Core_cpu/u_ifu_subsys/u_ibuf/p_0_in__0[29]
    SLICE_X67Y55         LUT5 (Prop_lut5_I2_O)        0.043    11.120 r  u_soc/Core_cpu/u_ifu_subsys/u_ibuf/ent_q[6][29]_i_7/O
                         net (fo=8, routed)           0.370    11.491    u_soc/Core_cpu/u_ifu_subsys/u_ibuf/ent_q[6][29]_i_7_n_0
    SLICE_X74Y55         LUT6 (Prop_lut6_I0_O)        0.043    11.534 r  u_soc/Core_cpu/u_ifu_subsys/u_ibuf/ent_q[0][29]_i_2/O
                         net (fo=1, routed)           0.367    11.900    u_soc/Core_cpu/u_ifu_subsys/u_ibuf/ent_q[0][29]_i_2_n_0
    SLICE_X74Y55         LUT6 (Prop_lut6_I5_O)        0.043    11.943 r  u_soc/Core_cpu/u_ifu_subsys/u_ibuf/ent_q[0][29]_i_1/O
                         net (fo=1, routed)           0.000    11.943    u_soc/Core_cpu/u_ifu_subsys/u_ibuf/ent_q[0][29]_i_1_n_0
    SLICE_X74Y55         FDRE                                         r  u_soc/Core_cpu/u_ifu_subsys/u_ibuf/ent_q_reg[0][29]/D
  -------------------------------------------------------------------    -------------------

                         (clock clk rise edge)        5.500     5.500 r  
    AE23                                              0.000     5.500 r  clk (IN)
                         net (fo=0)                   0.000     5.500    clk
    AE23                 IBUF (Prop_ibuf_I_O)         0.660     6.160 r  clk_IBUF_inst/O
                         net (fo=1, routed)           2.516     8.676    clk_IBUF
    BUFGCTRL_X0Y0        BUFG (Prop_bufg_I_O)         0.083     8.759 r  u_bufg/O
                         net (fo=5785, routed)        1.428    10.187    u_soc/Core_cpu/u_ifu_subsys/u_ibuf/clk_buf
    SLICE_X74Y55         FDRE                                         r  u_soc/Core_cpu/u_ifu_subsys/u_ibuf/ent_q_reg[0][29]/C
                         clock pessimism              0.310    10.496    
                         clock uncertainty           -0.035    10.461    
    SLICE_X74Y55         FDRE (Setup_fdre_C_D)        0.064    10.525    u_soc/Core_cpu/u_ifu_subsys/u_ibuf/ent_q_reg[0][29]
  -------------------------------------------------------------------
                         required time                         10.525    
                         arrival time                         -11.943    
  -------------------------------------------------------------------
                         slack                                 -1.418    

Slack (VIOLATED) :        -1.391ns  (required time - arrival time)
  Source:                 u_soc/Core_cpu/u_ifu_subsys/u_icache/q_pc_q_reg[9]/C
                            (rising edge-triggered cell FDRE clocked by clk  {rise@0.000ns fall@2.750ns period=5.500ns})
  Destination:            u_soc/Core_cpu/u_ifu_subsys/u_ibuf/ent_q_reg[2][29]/D
                            (rising edge-triggered cell FDRE clocked by clk  {rise@0.000ns fall@2.750ns period=5.500ns})
  Path Group:             clk
  Path Type:              Setup (Max at Slow Process Corner)
  Requirement:            5.500ns  (clk rise@5.500ns - clk rise@0.000ns)
  Data Path Delay:        6.780ns  (logic 0.825ns (12.168%)  route 5.955ns (87.832%))
  Logic Levels:           14  (LUT3=1 LUT4=1 LUT5=2 LUT6=9 RAMD64E=1)
  Clock Path Skew:        -0.109ns (DCD - SCD + CPR)
    Destination Clock Delay (DCD):    4.688ns = ( 10.188 - 5.500 ) 
    Source Clock Delay      (SCD):    5.106ns
    Clock Pessimism Removal (CPR):    0.310ns
  Clock Uncertainty:      0.035ns  ((TSJ^2 + TIJ^2)^1/2 + DJ) / 2 + PE
    Total System Jitter     (TSJ):    0.071ns
    Total Input Jitter      (TIJ):    0.000ns
    Discrete Jitter          (DJ):    0.000ns
    Phase Error              (PE):    0.000ns

    Location             Delay type                Incr(ns)  Path(ns)    Netlist Resource(s)
  -------------------------------------------------------------------    -------------------
                         (clock clk rise edge)        0.000     0.000 r  
    AE23                                              0.000     0.000 r  clk (IN)
                         net (fo=0)                   0.000     0.000    clk
    AE23                 IBUF (Prop_ibuf_I_O)         0.734     0.734 r  clk_IBUF_inst/O
                         net (fo=1, routed)           2.651     3.385    clk_IBUF
    BUFGCTRL_X0Y0        BUFG (Prop_bufg_I_O)         0.093     3.478 r  u_bufg/O
                         net (fo=5785, routed)        1.628     5.106    u_soc/Core_cpu/u_ifu_subsys/u_icache/clk_buf
    SLICE_X37Y62         FDRE                                         r  u_soc/Core_cpu/u_ifu_subsys/u_icache/q_pc_q_reg[9]/C
  -------------------------------------------------------------------    -------------------
    SLICE_X37Y62         FDRE (Prop_fdre_C_Q)         0.223     5.329 r  u_soc/Core_cpu/u_ifu_subsys/u_icache/q_pc_q_reg[9]/Q
                         net (fo=148, routed)         0.491     5.821    u_soc/Core_cpu/u_ifu_subsys/g_tage.u_tage/g_tab[0].tg_p_reg_r1_0_63_3_5/ADDRA5
    SLICE_X38Y63         RAMD64E (Prop_ramd64e_RADR5_O)
                                                      0.043     5.864 r  u_soc/Core_cpu/u_ifu_subsys/g_tage.u_tage/g_tab[0].tg_p_reg_r1_0_63_3_5/RAMA/O
                         net (fo=1, routed)           0.456     6.320    u_soc/Core_cpu/u_ifu_subsys/u_btb/p_1_in4_in[0]
    SLICE_X37Y62         LUT6 (Prop_lut6_I1_O)        0.043     6.363 r  u_soc/Core_cpu/u_ifu_subsys/u_btb/ent_q[6][150]_i_42/O
                         net (fo=7, routed)           0.363     6.727    u_soc/Core_cpu/u_ifu_subsys/g_tage.u_tage/id_bht_chk[22]_i_4_0
    SLICE_X34Y61         LUT3 (Prop_lut3_I1_O)        0.043     6.770 r  u_soc/Core_cpu/u_ifu_subsys/g_tage.u_tage/id_bht_chk[22]_i_35/O
                         net (fo=8, routed)           0.498     7.267    u_soc/Core_cpu/u_ifu_subsys/g_tage.u_tage/id_bht_chk[22]_i_35_n_0
    SLICE_X35Y61         LUT6 (Prop_lut6_I1_O)        0.043     7.310 r  u_soc/Core_cpu/u_ifu_subsys/g_tage.u_tage/id_bht_chk[22]_i_17/O
                         net (fo=1, routed)           0.364     7.674    u_soc/Core_cpu/u_ifu_subsys/g_tage.u_tage/id_bht_chk[22]_i_17_n_0
    SLICE_X39Y61         LUT6 (Prop_lut6_I3_O)        0.043     7.717 r  u_soc/Core_cpu/u_ifu_subsys/g_tage.u_tage/id_bht_chk[22]_i_8/O
                         net (fo=1, routed)           0.350     8.067    u_soc/Core_cpu/u_ifu_subsys/g_tage.u_tage/id_bht_chk[22]_i_8_n_0
    SLICE_X39Y62         LUT6 (Prop_lut6_I0_O)        0.043     8.110 r  u_soc/Core_cpu/u_ifu_subsys/g_tage.u_tage/id_bht_chk[22]_i_4/O
                         net (fo=5, routed)           0.685     8.794    u_soc/Core_cpu/u_ifu_subsys/u_btb/q_t0_idx[1]_i_10_2
    SLICE_X41Y58         LUT6 (Prop_lut6_I3_O)        0.043     8.837 r  u_soc/Core_cpu/u_ifu_subsys/u_btb/cnt_q[0]_i_7_comp_1/O
                         net (fo=9, routed)           0.440     9.278    u_soc/Core_cpu/u_ifu_subsys/u_btb/taken_slot[0]
    SLICE_X40Y57         LUT6 (Prop_lut6_I1_O)        0.043     9.321 r  u_soc/Core_cpu/u_ifu_subsys/u_btb/q_t0_idx[0]_i_9/O
                         net (fo=9, routed)           0.185     9.506    u_soc/Core_cpu/u_ifu_subsys/u_ibuf/push_num[1]
    SLICE_X40Y57         LUT4 (Prop_lut4_I1_O)        0.043     9.549 r  u_soc/Core_cpu/u_ifu_subsys/u_ibuf/cnt_q[4]_i_5/O
                         net (fo=11, routed)          0.211     9.760    u_soc/Core_cpu/u_ifu_subsys/u_ibuf/ib_push_acc[1]
    SLICE_X41Y56         LUT6 (Prop_lut6_I5_O)        0.043     9.803 r  u_soc/Core_cpu/u_ifu_subsys/u_ibuf/id_have_inst_i_2/O
                         net (fo=117, routed)         0.828    10.631    u_soc/Core_cpu/u_ifu_subsys/u_ibuf/cnt_q_reg[4]_1
    SLICE_X62Y56         LUT5 (Prop_lut5_I4_O)        0.043    10.674 r  u_soc/Core_cpu/u_ifu_subsys/u_ibuf/ent_q[6][29]_i_14/O
                         net (fo=9, routed)           0.403    11.077    u_soc/Core_cpu/u_ifu_subsys/u_ibuf/p_0_in__0[29]
    SLICE_X67Y55         LUT5 (Prop_lut5_I2_O)        0.043    11.120 r  u_soc/Core_cpu/u_ifu_subsys/u_ibuf/ent_q[6][29]_i_7/O
                         net (fo=8, routed)           0.469    11.590    u_soc/Core_cpu/u_ifu_subsys/u_ibuf/ent_q[6][29]_i_7_n_0
    SLICE_X68Y54         LUT6 (Prop_lut6_I0_O)        0.043    11.633 r  u_soc/Core_cpu/u_ifu_subsys/u_ibuf/ent_q[2][29]_i_2/O
                         net (fo=1, routed)           0.211    11.844    u_soc/Core_cpu/u_ifu_subsys/u_ibuf/ent_q[2][29]_i_2_n_0
    SLICE_X69Y54         LUT6 (Prop_lut6_I5_O)        0.043    11.887 r  u_soc/Core_cpu/u_ifu_subsys/u_ibuf/ent_q[2][29]_i_1/O
                         net (fo=1, routed)           0.000    11.887    u_soc/Core_cpu/u_ifu_subsys/u_ibuf/ent_q[2][29]_i_1_n_0
    SLICE_X69Y54         FDRE                                         r  u_soc/Core_cpu/u_ifu_subsys/u_ibuf/ent_q_reg[2][29]/D
  -------------------------------------------------------------------    -------------------

                         (clock clk rise edge)        5.500     5.500 r  
    AE23                                              0.000     5.500 r  clk (IN)
                         net (fo=0)                   0.000     5.500    clk
    AE23                 IBUF (Prop_ibuf_I_O)         0.660     6.160 r  clk_IBUF_inst/O
                         net (fo=1, routed)           2.516     8.676    clk_IBUF
    BUFGCTRL_X0Y0        BUFG (Prop_bufg_I_O)         0.083     8.759 r  u_bufg/O
                         net (fo=5785, routed)        1.429    10.188    u_soc/Core_cpu/u_ifu_subsys/u_ibuf/clk_buf
    SLICE_X69Y54         FDRE                                         r  u_soc/Core_cpu/u_ifu_subsys/u_ibuf/ent_q_reg[2][29]/C
                         clock pessimism              0.310    10.497    
                         clock uncertainty           -0.035    10.462    
    SLICE_X69Y54         FDRE (Setup_fdre_C_D)        0.034    10.496    u_soc/Core_cpu/u_ifu_subsys/u_ibuf/ent_q_reg[2][29]
  -------------------------------------------------------------------
                         required time                         10.496    
                         arrival time                         -11.887    
  -------------------------------------------------------------------
                         slack                                 -1.391    

Slack (VIOLATED) :        -1.391ns  (required time - arrival time)
  Source:                 u_soc/Core_cpu/u_ifu_subsys/u_icache/q_pc_q_reg[9]/C
                            (rising edge-triggered cell FDRE clocked by clk  {rise@0.000ns fall@2.750ns period=5.500ns})
  Destination:            u_soc/Core_cpu/u_ifu_subsys/u_ibuf/ent_q_reg[2][29]/D
                            (rising edge-triggered cell FDRE clocked by clk  {rise@0.000ns fall@2.750ns period=5.500ns})
  Path Group:             clk
  Path Type:              Setup (Max at Slow Process Corner)
  Requirement:            5.500ns  (clk rise@5.500ns - clk rise@0.000ns)
  Data Path Delay:        6.780ns  (logic 0.825ns (12.168%)  route 5.955ns (87.832%))
  Logic Levels:           14  (LUT3=1 LUT4=1 LUT5=2 LUT6=9 RAMD64E=1)
  Clock Path Skew:        -0.109ns (DCD - SCD + CPR)
    Destination Clock Delay (DCD):    4.688ns = ( 10.188 - 5.500 ) 
    Source Clock Delay      (SCD):    5.106ns
    Clock Pessimism Removal (CPR):    0.310ns
  Clock Uncertainty:      0.035ns  ((TSJ^2 + TIJ^2)^1/2 + DJ) / 2 + PE
    Total System Jitter     (TSJ):    0.071ns
    Total Input Jitter      (TIJ):    0.000ns
    Discrete Jitter          (DJ):    0.000ns
    Phase Error              (PE):    0.000ns

    Location             Delay type                Incr(ns)  Path(ns)    Netlist Resource(s)
  -------------------------------------------------------------------    -------------------
                         (clock clk rise edge)        0.000     0.000 r  
    AE23                                              0.000     0.000 r  clk (IN)
                         net (fo=0)                   0.000     0.000    clk
    AE23                 IBUF (Prop_ibuf_I_O)         0.734     0.734 r  clk_IBUF_inst/O
                         net (fo=1, routed)           2.651     3.385    clk_IBUF
    BUFGCTRL_X0Y0        BUFG (Prop_bufg_I_O)         0.093     3.478 r  u_bufg/O
                         net (fo=5785, routed)        1.628     5.106    u_soc/Core_cpu/u_ifu_subsys/u_icache/clk_buf
    SLICE_X37Y62         FDRE                                         r  u_soc/Core_cpu/u_ifu_subsys/u_icache/q_pc_q_reg[9]/C
  -------------------------------------------------------------------    -------------------
    SLICE_X37Y62         FDRE (Prop_fdre_C_Q)         0.223     5.329 r  u_soc/Core_cpu/u_ifu_subsys/u_icache/q_pc_q_reg[9]/Q
                         net (fo=148, routed)         0.491     5.821    u_soc/Core_cpu/u_ifu_subsys/g_tage.u_tage/g_tab[0].tg_p_reg_r1_0_63_3_5/ADDRA5
    SLICE_X38Y63         RAMD64E (Prop_ramd64e_RADR5_O)
                                                      0.043     5.864 f  u_soc/Core_cpu/u_ifu_subsys/g_tage.u_tage/g_tab[0].tg_p_reg_r1_0_63_3_5/RAMA/O
                         net (fo=1, routed)           0.456     6.320    u_soc/Core_cpu/u_ifu_subsys/u_btb/p_1_in4_in[0]
    SLICE_X37Y62         LUT6 (Prop_lut6_I1_O)        0.043     6.363 r  u_soc/Core_cpu/u_ifu_subsys/u_btb/ent_q[6][150]_i_42/O
                         net (fo=7, routed)           0.363     6.727    u_soc/Core_cpu/u_ifu_subsys/g_tage.u_tage/id_bht_chk[22]_i_4_0
    SLICE_X34Y61         LUT3 (Prop_lut3_I1_O)        0.043     6.770 r  u_soc/Core_cpu/u_ifu_subsys/g_tage.u_tage/id_bht_chk[22]_i_35/O
                         net (fo=8, routed)           0.498     7.267    u_soc/Core_cpu/u_ifu_subsys/g_tage.u_tage/id_bht_chk[22]_i_35_n_0
    SLICE_X35Y61         LUT6 (Prop_lut6_I1_O)        0.043     7.310 r  u_soc/Core_cpu/u_ifu_subsys/g_tage.u_tage/id_bht_chk[22]_i_17/O
                         net (fo=1, routed)           0.364     7.674    u_soc/Core_cpu/u_ifu_subsys/g_tage.u_tage/id_bht_chk[22]_i_17_n_0
    SLICE_X39Y61         LUT6 (Prop_lut6_I3_O)        0.043     7.717 r  u_soc/Core_cpu/u_ifu_subsys/g_tage.u_tage/id_bht_chk[22]_i_8/O
                         net (fo=1, routed)           0.350     8.067    u_soc/Core_cpu/u_ifu_subsys/g_tage.u_tage/id_bht_chk[22]_i_8_n_0
    SLICE_X39Y62         LUT6 (Prop_lut6_I0_O)        0.043     8.110 r  u_soc/Core_cpu/u_ifu_subsys/g_tage.u_tage/id_bht_chk[22]_i_4/O
                         net (fo=5, routed)           0.685     8.794    u_soc/Core_cpu/u_ifu_subsys/u_btb/q_t0_idx[1]_i_10_2
    SLICE_X41Y58         LUT6 (Prop_lut6_I3_O)        0.043     8.837 r  u_soc/Core_cpu/u_ifu_subsys/u_btb/cnt_q[0]_i_7_comp_1/O
                         net (fo=9, routed)           0.440     9.278    u_soc/Core_cpu/u_ifu_subsys/u_btb/taken_slot[0]
    SLICE_X40Y57         LUT6 (Prop_lut6_I1_O)        0.043     9.321 r  u_soc/Core_cpu/u_ifu_subsys/u_btb/q_t0_idx[0]_i_9/O
                         net (fo=9, routed)           0.185     9.506    u_soc/Core_cpu/u_ifu_subsys/u_ibuf/push_num[1]
    SLICE_X40Y57         LUT4 (Prop_lut4_I1_O)        0.043     9.549 r  u_soc/Core_cpu/u_ifu_subsys/u_ibuf/cnt_q[4]_i_5/O
                         net (fo=11, routed)          0.211     9.760    u_soc/Core_cpu/u_ifu_subsys/u_ibuf/ib_push_acc[1]
    SLICE_X41Y56         LUT6 (Prop_lut6_I5_O)        0.043     9.803 r  u_soc/Core_cpu/u_ifu_subsys/u_ibuf/id_have_inst_i_2/O
                         net (fo=117, routed)         0.828    10.631    u_soc/Core_cpu/u_ifu_subsys/u_ibuf/cnt_q_reg[4]_1
    SLICE_X62Y56         LUT5 (Prop_lut5_I4_O)        0.043    10.674 r  u_soc/Core_cpu/u_ifu_subsys/u_ibuf/ent_q[6][29]_i_14/O
                         net (fo=9, routed)           0.403    11.077    u_soc/Core_cpu/u_ifu_subsys/u_ibuf/p_0_in__0[29]
    SLICE_X67Y55         LUT5 (Prop_lut5_I2_O)        0.043    11.120 r  u_soc/Core_cpu/u_ifu_subsys/u_ibuf/ent_q[6][29]_i_7/O
                         net (fo=8, routed)           0.469    11.590    u_soc/Core_cpu/u_ifu_subsys/u_ibuf/ent_q[6][29]_i_7_n_0
    SLICE_X68Y54         LUT6 (Prop_lut6_I0_O)        0.043    11.633 r  u_soc/Core_cpu/u_ifu_subsys/u_ibuf/ent_q[2][29]_i_2/O
                         net (fo=1, routed)           0.211    11.844    u_soc/Core_cpu/u_ifu_subsys/u_ibuf/ent_q[2][29]_i_2_n_0
    SLICE_X69Y54         LUT6 (Prop_lut6_I5_O)        0.043    11.887 r  u_soc/Core_cpu/u_ifu_subsys/u_ibuf/ent_q[2][29]_i_1/O
                         net (fo=1, routed)           0.000    11.887    u_soc/Core_cpu/u_ifu_subsys/u_ibuf/ent_q[2][29]_i_1_n_0
    SLICE_X69Y54         FDRE                                         r  u_soc/Core_cpu/u_ifu_subsys/u_ibuf/ent_q_reg[2][29]/D
  -------------------------------------------------------------------    -------------------

                         (clock clk rise edge)        5.500     5.500 r  
    AE23                                              0.000     5.500 r  clk (IN)
                         net (fo=0)                   0.000     5.500    clk
    AE23                 IBUF (Prop_ibuf_I_O)         0.660     6.160 r  clk_IBUF_inst/O
                         net (fo=1, routed)           2.516     8.676    clk_IBUF
    BUFGCTRL_X0Y0        BUFG (Prop_bufg_I_O)         0.083     8.759 r  u_bufg/O
                         net (fo=5785, routed)        1.429    10.188    u_soc/Core_cpu/u_ifu_subsys/u_ibuf/clk_buf
    SLICE_X69Y54         FDRE                                         r  u_soc/Core_cpu/u_ifu_subsys/u_ibuf/ent_q_reg[2][29]/C
                         clock pessimism              0.310    10.497    
                         clock uncertainty           -0.035    10.462    
    SLICE_X69Y54         FDRE (Setup_fdre_C_D)        0.034    10.496    u_soc/Core_cpu/u_ifu_subsys/u_ibuf/ent_q_reg[2][29]
  -------------------------------------------------------------------
                         required time                         10.496    
                         arrival time                         -11.887    
  -------------------------------------------------------------------
                         slack                                 -1.391    

Slack (VIOLATED) :        -1.391ns  (required time - arrival time)
  Source:                 u_soc/Core_cpu/u_ifu_subsys/u_icache/q_pc_q_reg[9]/C
                            (rising edge-triggered cell FDRE clocked by clk  {rise@0.000ns fall@2.750ns period=5.500ns})
  Destination:            u_soc/Core_cpu/u_ifu_subsys/u_ibuf/ent_q_reg[2][29]/D
                            (rising edge-triggered cell FDRE clocked by clk  {rise@0.000ns fall@2.750ns period=5.500ns})
  Path Group:             clk
  Path Type:              Setup (Max at Slow Process Corner)
  Requirement:            5.500ns  (clk rise@5.500ns - clk rise@0.000ns)
  Data Path Delay:        6.780ns  (logic 0.825ns (12.168%)  route 5.955ns (87.832%))
  Logic Levels:           14  (LUT3=1 LUT4=1 LUT5=2 LUT6=9 RAMD64E=1)
  Clock Path Skew:        -0.109ns (DCD - SCD + CPR)
    Destination Clock Delay (DCD):    4.688ns = ( 10.188 - 5.500 ) 
    Source Clock Delay      (SCD):    5.106ns
    Clock Pessimism Removal (CPR):    0.310ns
  Clock Uncertainty:      0.035ns  ((TSJ^2 + TIJ^2)^1/2 + DJ) / 2 + PE
    Total System Jitter     (TSJ):    0.071ns
    Total Input Jitter      (TIJ):    0.000ns
    Discrete Jitter          (DJ):    0.000ns
    Phase Error              (PE):    0.000ns

    Location             Delay type                Incr(ns)  Path(ns)    Netlist Resource(s)
  -------------------------------------------------------------------    -------------------
                         (clock clk rise edge)        0.000     0.000 r  
    AE23                                              0.000     0.000 r  clk (IN)
                         net (fo=0)                   0.000     0.000    clk
    AE23                 IBUF (Prop_ibuf_I_O)         0.734     0.734 r  clk_IBUF_inst/O
                         net (fo=1, routed)           2.651     3.385    clk_IBUF
    BUFGCTRL_X0Y0        BUFG (Prop_bufg_I_O)         0.093     3.478 r  u_bufg/O
                         net (fo=5785, routed)        1.628     5.106    u_soc/Core_cpu/u_ifu_subsys/u_icache/clk_buf
    SLICE_X37Y62         FDRE                                         r  u_soc/Core_cpu/u_ifu_subsys/u_icache/q_pc_q_reg[9]/C
  -------------------------------------------------------------------    -------------------
    SLICE_X37Y62         FDRE (Prop_fdre_C_Q)         0.223     5.329 r  u_soc/Core_cpu/u_ifu_subsys/u_icache/q_pc_q_reg[9]/Q
                         net (fo=148, routed)         0.491     5.821    u_soc/Core_cpu/u_ifu_subsys/g_tage.u_tage/g_tab[0].tg_p_reg_r1_0_63_3_5/ADDRA5
    SLICE_X38Y63         RAMD64E (Prop_ramd64e_RADR5_O)
                                                      0.043     5.864 r  u_soc/Core_cpu/u_ifu_subsys/g_tage.u_tage/g_tab[0].tg_p_reg_r1_0_63_3_5/RAMA/O
                         net (fo=1, routed)           0.456     6.320    u_soc/Core_cpu/u_ifu_subsys/u_btb/p_1_in4_in[0]
    SLICE_X37Y62         LUT6 (Prop_lut6_I1_O)        0.043     6.363 r  u_soc/Core_cpu/u_ifu_subsys/u_btb/ent_q[6][150]_i_42/O
                         net (fo=7, routed)           0.363     6.727    u_soc/Core_cpu/u_ifu_subsys/g_tage.u_tage/id_bht_chk[22]_i_4_0
    SLICE_X34Y61         LUT3 (Prop_lut3_I1_O)        0.043     6.770 r  u_soc/Core_cpu/u_ifu_subsys/g_tage.u_tage/id_bht_chk[22]_i_35/O
                         net (fo=8, routed)           0.498     7.267    u_soc/Core_cpu/u_ifu_subsys/g_tage.u_tage/id_bht_chk[22]_i_35_n_0
    SLICE_X35Y61         LUT6 (Prop_lut6_I1_O)        0.043     7.310 r  u_soc/Core_cpu/u_ifu_subsys/g_tage.u_tage/id_bht_chk[22]_i_17/O
                         net (fo=1, routed)           0.364     7.674    u_soc/Core_cpu/u_ifu_subsys/g_tage.u_tage/id_bht_chk[22]_i_17_n_0
    SLICE_X39Y61         LUT6 (Prop_lut6_I3_O)        0.043     7.717 r  u_soc/Core_cpu/u_ifu_subsys/g_tage.u_tage/id_bht_chk[22]_i_8/O
                         net (fo=1, routed)           0.350     8.067    u_soc/Core_cpu/u_ifu_subsys/g_tage.u_tage/id_bht_chk[22]_i_8_n_0
    SLICE_X39Y62         LUT6 (Prop_lut6_I0_O)        0.043     8.110 r  u_soc/Core_cpu/u_ifu_subsys/g_tage.u_tage/id_bht_chk[22]_i_4/O
                         net (fo=5, routed)           0.685     8.794    u_soc/Core_cpu/u_ifu_subsys/u_btb/q_t0_idx[1]_i_10_2
    SLICE_X41Y58         LUT6 (Prop_lut6_I3_O)        0.043     8.837 r  u_soc/Core_cpu/u_ifu_subsys/u_btb/cnt_q[0]_i_7_comp_1/O
                         net (fo=9, routed)           0.440     9.278    u_soc/Core_cpu/u_ifu_subsys/u_btb/taken_slot[0]
    SLICE_X40Y57         LUT6 (Prop_lut6_I1_O)        0.043     9.321 f  u_soc/Core_cpu/u_ifu_subsys/u_btb/q_t0_idx[0]_i_9/O
                         net (fo=9, routed)           0.185     9.506    u_soc/Core_cpu/u_ifu_subsys/u_ibuf/push_num[1]
    SLICE_X40Y57         LUT4 (Prop_lut4_I1_O)        0.043     9.549 f  u_soc/Core_cpu/u_ifu_subsys/u_ibuf/cnt_q[4]_i_5/O
                         net (fo=11, routed)          0.211     9.760    u_soc/Core_cpu/u_ifu_subsys/u_ibuf/ib_push_acc[1]
    SLICE_X41Y56         LUT6 (Prop_lut6_I5_O)        0.043     9.803 f  u_soc/Core_cpu/u_ifu_subsys/u_ibuf/id_have_inst_i_2/O
                         net (fo=117, routed)         0.828    10.631    u_soc/Core_cpu/u_ifu_subsys/u_ibuf/cnt_q_reg[4]_1
    SLICE_X62Y56         LUT5 (Prop_lut5_I4_O)        0.043    10.674 r  u_soc/Core_cpu/u_ifu_subsys/u_ibuf/ent_q[6][29]_i_14/O
                         net (fo=9, routed)           0.403    11.077    u_soc/Core_cpu/u_ifu_subsys/u_ibuf/p_0_in__0[29]
    SLICE_X67Y55         LUT5 (Prop_lut5_I2_O)        0.043    11.120 r  u_soc/Core_cpu/u_ifu_subsys/u_ibuf/ent_q[6][29]_i_7/O
                         net (fo=8, routed)           0.469    11.590    u_soc/Core_cpu/u_ifu_subsys/u_ibuf/ent_q[6][29]_i_7_n_0
    SLICE_X68Y54         LUT6 (Prop_lut6_I0_O)        0.043    11.633 r  u_soc/Core_cpu/u_ifu_subsys/u_ibuf/ent_q[2][29]_i_2/O
                         net (fo=1, routed)           0.211    11.844    u_soc/Core_cpu/u_ifu_subsys/u_ibuf/ent_q[2][29]_i_2_n_0
    SLICE_X69Y54         LUT6 (Prop_lut6_I5_O)        0.043    11.887 r  u_soc/Core_cpu/u_ifu_subsys/u_ibuf/ent_q[2][29]_i_1/O
                         net (fo=1, routed)           0.000    11.887    u_soc/Core_cpu/u_ifu_subsys/u_ibuf/ent_q[2][29]_i_1_n_0
    SLICE_X69Y54         FDRE                                         r  u_soc/Core_cpu/u_ifu_subsys/u_ibuf/ent_q_reg[2][29]/D
  -------------------------------------------------------------------    -------------------

                         (clock clk rise edge)        5.500     5.500 r  
    AE23                                              0.000     5.500 r  clk (IN)
                         net (fo=0)                   0.000     5.500    clk
    AE23                 IBUF (Prop_ibuf_I_O)         0.660     6.160 r  clk_IBUF_inst/O
                         net (fo=1, routed)           2.516     8.676    clk_IBUF
    BUFGCTRL_X0Y0        BUFG (Prop_bufg_I_O)         0.083     8.759 r  u_bufg/O
                         net (fo=5785, routed)        1.429    10.188    u_soc/Core_cpu/u_ifu_subsys/u_ibuf/clk_buf
    SLICE_X69Y54         FDRE                                         r  u_soc/Core_cpu/u_ifu_subsys/u_ibuf/ent_q_reg[2][29]/C
                         clock pessimism              0.310    10.497    
                         clock uncertainty           -0.035    10.462    
    SLICE_X69Y54         FDRE (Setup_fdre_C_D)        0.034    10.496    u_soc/Core_cpu/u_ifu_subsys/u_ibuf/ent_q_reg[2][29]
  -------------------------------------------------------------------
                         required time                         10.496    
                         arrival time                         -11.887    
  -------------------------------------------------------------------
                         slack                                 -1.391    

Slack (VIOLATED) :        -1.385ns  (required time - arrival time)
  Source:                 u_soc/Core_cpu/u_ifu_subsys/u_icache/q_pc_q_reg[9]/C
                            (rising edge-triggered cell FDRE clocked by clk  {rise@0.000ns fall@2.750ns period=5.500ns})
  Destination:            u_soc/Core_cpu/u_ifu_subsys/g_tage.u_tage/q_row_idx_reg[1][0]/D
                            (rising edge-triggered cell FDRE clocked by clk  {rise@0.000ns fall@2.750ns period=5.500ns})
  Path Group:             clk
  Path Type:              Setup (Max at Slow Process Corner)
  Requirement:            5.500ns  (clk rise@5.500ns - clk rise@0.000ns)
  Data Path Delay:        6.783ns  (logic 0.782ns (11.529%)  route 6.001ns (88.471%))
  Logic Levels:           13  (LUT3=1 LUT4=3 LUT6=8 RAMD64E=1)
  Clock Path Skew:        -0.048ns (DCD - SCD + CPR)
    Destination Clock Delay (DCD):    4.749ns = ( 10.249 - 5.500 ) 
    Source Clock Delay      (SCD):    5.106ns
    Clock Pessimism Removal (CPR):    0.310ns
  Clock Uncertainty:      0.035ns  ((TSJ^2 + TIJ^2)^1/2 + DJ) / 2 + PE
    Total System Jitter     (TSJ):    0.071ns
    Total Input Jitter      (TIJ):    0.000ns
    Discrete Jitter          (DJ):    0.000ns
    Phase Error              (PE):    0.000ns

    Location             Delay type                Incr(ns)  Path(ns)    Netlist Resource(s)
  -------------------------------------------------------------------    -------------------
                         (clock clk rise edge)        0.000     0.000 r  
    AE23                                              0.000     0.000 r  clk (IN)
                         net (fo=0)                   0.000     0.000    clk
    AE23                 IBUF (Prop_ibuf_I_O)         0.734     0.734 r  clk_IBUF_inst/O
                         net (fo=1, routed)           2.651     3.385    clk_IBUF
    BUFGCTRL_X0Y0        BUFG (Prop_bufg_I_O)         0.093     3.478 r  u_bufg/O
                         net (fo=5785, routed)        1.628     5.106    u_soc/Core_cpu/u_ifu_subsys/u_icache/clk_buf
    SLICE_X37Y62         FDRE                                         r  u_soc/Core_cpu/u_ifu_subsys/u_icache/q_pc_q_reg[9]/C
  -------------------------------------------------------------------    -------------------
    SLICE_X37Y62         FDRE (Prop_fdre_C_Q)         0.223     5.329 r  u_soc/Core_cpu/u_ifu_subsys/u_icache/q_pc_q_reg[9]/Q
                         net (fo=148, routed)         0.491     5.821    u_soc/Core_cpu/u_ifu_subsys/g_tage.u_tage/g_tab[0].tg_p_reg_r1_0_63_3_5/ADDRA5
    SLICE_X38Y63         RAMD64E (Prop_ramd64e_RADR5_O)
                                                      0.043     5.864 r  u_soc/Core_cpu/u_ifu_subsys/g_tage.u_tage/g_tab[0].tg_p_reg_r1_0_63_3_5/RAMA/O
                         net (fo=1, routed)           0.456     6.320    u_soc/Core_cpu/u_ifu_subsys/u_btb/p_1_in4_in[0]
    SLICE_X37Y62         LUT6 (Prop_lut6_I1_O)        0.043     6.363 r  u_soc/Core_cpu/u_ifu_subsys/u_btb/ent_q[6][150]_i_42/O
                         net (fo=7, routed)           0.363     6.727    u_soc/Core_cpu/u_ifu_subsys/g_tage.u_tage/id_bht_chk[22]_i_4_0
    SLICE_X34Y61         LUT3 (Prop_lut3_I1_O)        0.043     6.770 r  u_soc/Core_cpu/u_ifu_subsys/g_tage.u_tage/id_bht_chk[22]_i_35/O
                         net (fo=8, routed)           0.498     7.267    u_soc/Core_cpu/u_ifu_subsys/g_tage.u_tage/id_bht_chk[22]_i_35_n_0
    SLICE_X35Y61         LUT6 (Prop_lut6_I1_O)        0.043     7.310 r  u_soc/Core_cpu/u_ifu_subsys/g_tage.u_tage/id_bht_chk[22]_i_17/O
                         net (fo=1, routed)           0.364     7.674    u_soc/Core_cpu/u_ifu_subsys/g_tage.u_tage/id_bht_chk[22]_i_17_n_0
    SLICE_X39Y61         LUT6 (Prop_lut6_I3_O)        0.043     7.717 r  u_soc/Core_cpu/u_ifu_subsys/g_tage.u_tage/id_bht_chk[22]_i_8/O
                         net (fo=1, routed)           0.350     8.067    u_soc/Core_cpu/u_ifu_subsys/g_tage.u_tage/id_bht_chk[22]_i_8_n_0
    SLICE_X39Y62         LUT6 (Prop_lut6_I0_O)        0.043     8.110 r  u_soc/Core_cpu/u_ifu_subsys/g_tage.u_tage/id_bht_chk[22]_i_4/O
                         net (fo=5, routed)           0.685     8.794    u_soc/Core_cpu/u_ifu_subsys/u_btb/q_t0_idx[1]_i_10_2
    SLICE_X41Y58         LUT6 (Prop_lut6_I3_O)        0.043     8.837 r  u_soc/Core_cpu/u_ifu_subsys/u_btb/cnt_q[0]_i_7_comp_1/O
                         net (fo=9, routed)           0.440     9.278    u_soc/Core_cpu/u_ifu_subsys/u_btb/taken_slot[0]
    SLICE_X40Y57         LUT6 (Prop_lut6_I1_O)        0.043     9.321 r  u_soc/Core_cpu/u_ifu_subsys/u_btb/q_t0_idx[0]_i_9/O
                         net (fo=9, routed)           0.185     9.506    u_soc/Core_cpu/u_ifu_subsys/u_ibuf/push_num[1]
    SLICE_X40Y57         LUT4 (Prop_lut4_I1_O)        0.043     9.549 r  u_soc/Core_cpu/u_ifu_subsys/u_ibuf/cnt_q[4]_i_5/O
                         net (fo=11, routed)          0.364     9.912    u_soc/Core_cpu/u_ifu_subsys/u_ibuf/ib_push_acc[1]
    SLICE_X39Y58         LUT6 (Prop_lut6_I3_O)        0.043     9.955 r  u_soc/Core_cpu/u_ifu_subsys/u_ibuf/q_row_idx[1][2]_i_7/O
                         net (fo=12, routed)          0.565    10.521    u_soc/Core_cpu/u_ifu_subsys/u_ibuf/p_2_in
    SLICE_X34Y59         LUT4 (Prop_lut4_I0_O)        0.043    10.564 f  u_soc/Core_cpu/u_ifu_subsys/u_ibuf/ghr_q[13]_i_3/O
                         net (fo=15, routed)          0.449    11.013    u_soc/Core_cpu/u_ifu_subsys/u_ibuf/ghr_cnt_return[0]
    SLICE_X35Y58         LUT4 (Prop_lut4_I3_O)        0.043    11.056 r  u_soc/Core_cpu/u_ifu_subsys/u_ibuf/q_row_idx[1][0]_i_3/O
                         net (fo=2, routed)           0.590    11.645    u_soc/Core_cpu/u_ifu_subsys/g_tage.u_tage/ghr_q_reg[0]
    SLICE_X39Y63         LUT6 (Prop_lut6_I3_O)        0.043    11.688 r  u_soc/Core_cpu/u_ifu_subsys/g_tage.u_tage/q_row_idx[1][0]_i_1/O
                         net (fo=1, routed)           0.201    11.889    u_soc/Core_cpu/u_ifu_subsys/g_tage.u_tage/row_index_w0_return[0]
    SLICE_X39Y61         FDRE                                         r  u_soc/Core_cpu/u_ifu_subsys/g_tage.u_tage/q_row_idx_reg[1][0]/D
  -------------------------------------------------------------------    -------------------

                         (clock clk rise edge)        5.500     5.500 r  
    AE23                                              0.000     5.500 r  clk (IN)
                         net (fo=0)                   0.000     5.500    clk
    AE23                 IBUF (Prop_ibuf_I_O)         0.660     6.160 r  clk_IBUF_inst/O
                         net (fo=1, routed)           2.516     8.676    clk_IBUF
    BUFGCTRL_X0Y0        BUFG (Prop_bufg_I_O)         0.083     8.759 r  u_bufg/O
                         net (fo=5785, routed)        1.490    10.249    u_soc/Core_cpu/u_ifu_subsys/g_tage.u_tage/clk_buf
    SLICE_X39Y61         FDRE                                         r  u_soc/Core_cpu/u_ifu_subsys/g_tage.u_tage/q_row_idx_reg[1][0]/C
                         clock pessimism              0.310    10.558    
                         clock uncertainty           -0.035    10.523    
    SLICE_X39Y61         FDRE (Setup_fdre_C_D)       -0.019    10.504    u_soc/Core_cpu/u_ifu_subsys/g_tage.u_tage/q_row_idx_reg[1][0]
  -------------------------------------------------------------------
                         required time                         10.504    
                         arrival time                         -11.889    
  -------------------------------------------------------------------
                         slack                                 -1.385    

Slack (VIOLATED) :        -1.385ns  (required time - arrival time)
  Source:                 u_soc/Core_cpu/u_ifu_subsys/u_icache/q_pc_q_reg[9]/C
                            (rising edge-triggered cell FDRE clocked by clk  {rise@0.000ns fall@2.750ns period=5.500ns})
  Destination:            u_soc/Core_cpu/u_ifu_subsys/g_tage.u_tage/q_row_idx_reg[1][0]/D
                            (rising edge-triggered cell FDRE clocked by clk  {rise@0.000ns fall@2.750ns period=5.500ns})
  Path Group:             clk
  Path Type:              Setup (Max at Slow Process Corner)
  Requirement:            5.500ns  (clk rise@5.500ns - clk rise@0.000ns)
  Data Path Delay:        6.783ns  (logic 0.782ns (11.529%)  route 6.001ns (88.471%))
  Logic Levels:           13  (LUT3=1 LUT4=3 LUT6=8 RAMD64E=1)
  Clock Path Skew:        -0.048ns (DCD - SCD + CPR)
    Destination Clock Delay (DCD):    4.749ns = ( 10.249 - 5.500 ) 
    Source Clock Delay      (SCD):    5.106ns
    Clock Pessimism Removal (CPR):    0.310ns
  Clock Uncertainty:      0.035ns  ((TSJ^2 + TIJ^2)^1/2 + DJ) / 2 + PE
    Total System Jitter     (TSJ):    0.071ns
    Total Input Jitter      (TIJ):    0.000ns
    Discrete Jitter          (DJ):    0.000ns
    Phase Error              (PE):    0.000ns

    Location             Delay type                Incr(ns)  Path(ns)    Netlist Resource(s)
  -------------------------------------------------------------------    -------------------
                         (clock clk rise edge)        0.000     0.000 r  
    AE23                                              0.000     0.000 r  clk (IN)
                         net (fo=0)                   0.000     0.000    clk
    AE23                 IBUF (Prop_ibuf_I_O)         0.734     0.734 r  clk_IBUF_inst/O
                         net (fo=1, routed)           2.651     3.385    clk_IBUF
    BUFGCTRL_X0Y0        BUFG (Prop_bufg_I_O)         0.093     3.478 r  u_bufg/O
                         net (fo=5785, routed)        1.628     5.106    u_soc/Core_cpu/u_ifu_subsys/u_icache/clk_buf
    SLICE_X37Y62         FDRE                                         r  u_soc/Core_cpu/u_ifu_subsys/u_icache/q_pc_q_reg[9]/C
  -------------------------------------------------------------------    -------------------
    SLICE_X37Y62         FDRE (Prop_fdre_C_Q)         0.223     5.329 f  u_soc/Core_cpu/u_ifu_subsys/u_icache/q_pc_q_reg[9]/Q
                         net (fo=148, routed)         0.491     5.821    u_soc/Core_cpu/u_ifu_subsys/g_tage.u_tage/g_tab[0].tg_p_reg_r1_0_63_3_5/ADDRA5
    SLICE_X38Y63         RAMD64E (Prop_ramd64e_RADR5_O)
                                                      0.043     5.864 r  u_soc/Core_cpu/u_ifu_subsys/g_tage.u_tage/g_tab[0].tg_p_reg_r1_0_63_3_5/RAMA/O
                         net (fo=1, routed)           0.456     6.320    u_soc/Core_cpu/u_ifu_subsys/u_btb/p_1_in4_in[0]
    SLICE_X37Y62         LUT6 (Prop_lut6_I1_O)        0.043     6.363 r  u_soc/Core_cpu/u_ifu_subsys/u_btb/ent_q[6][150]_i_42/O
                         net (fo=7, routed)           0.363     6.727    u_soc/Core_cpu/u_ifu_subsys/g_tage.u_tage/id_bht_chk[22]_i_4_0
    SLICE_X34Y61         LUT3 (Prop_lut3_I1_O)        0.043     6.770 r  u_soc/Core_cpu/u_ifu_subsys/g_tage.u_tage/id_bht_chk[22]_i_35/O
                         net (fo=8, routed)           0.498     7.267    u_soc/Core_cpu/u_ifu_subsys/g_tage.u_tage/id_bht_chk[22]_i_35_n_0
    SLICE_X35Y61         LUT6 (Prop_lut6_I1_O)        0.043     7.310 r  u_soc/Core_cpu/u_ifu_subsys/g_tage.u_tage/id_bht_chk[22]_i_17/O
                         net (fo=1, routed)           0.364     7.674    u_soc/Core_cpu/u_ifu_subsys/g_tage.u_tage/id_bht_chk[22]_i_17_n_0
    SLICE_X39Y61         LUT6 (Prop_lut6_I3_O)        0.043     7.717 r  u_soc/Core_cpu/u_ifu_subsys/g_tage.u_tage/id_bht_chk[22]_i_8/O
                         net (fo=1, routed)           0.350     8.067    u_soc/Core_cpu/u_ifu_subsys/g_tage.u_tage/id_bht_chk[22]_i_8_n_0
    SLICE_X39Y62         LUT6 (Prop_lut6_I0_O)        0.043     8.110 r  u_soc/Core_cpu/u_ifu_subsys/g_tage.u_tage/id_bht_chk[22]_i_4/O
                         net (fo=5, routed)           0.685     8.794    u_soc/Core_cpu/u_ifu_subsys/u_btb/q_t0_idx[1]_i_10_2
    SLICE_X41Y58         LUT6 (Prop_lut6_I3_O)        0.043     8.837 r  u_soc/Core_cpu/u_ifu_subsys/u_btb/cnt_q[0]_i_7_comp_1/O
                         net (fo=9, routed)           0.440     9.278    u_soc/Core_cpu/u_ifu_subsys/u_btb/taken_slot[0]
    SLICE_X40Y57         LUT6 (Prop_lut6_I1_O)        0.043     9.321 r  u_soc/Core_cpu/u_ifu_subsys/u_btb/q_t0_idx[0]_i_9/O
                         net (fo=9, routed)           0.185     9.506    u_soc/Core_cpu/u_ifu_subsys/u_ibuf/push_num[1]
    SLICE_X40Y57         LUT4 (Prop_lut4_I1_O)        0.043     9.549 r  u_soc/Core_cpu/u_ifu_subsys/u_ibuf/cnt_q[4]_i_5/O
                         net (fo=11, routed)          0.364     9.912    u_soc/Core_cpu/u_ifu_subsys/u_ibuf/ib_push_acc[1]
    SLICE_X39Y58         LUT6 (Prop_lut6_I3_O)        0.043     9.955 r  u_soc/Core_cpu/u_ifu_subsys/u_ibuf/q_row_idx[1][2]_i_7/O
                         net (fo=12, routed)          0.565    10.521    u_soc/Core_cpu/u_ifu_subsys/u_ibuf/p_2_in
    SLICE_X34Y59         LUT4 (Prop_lut4_I0_O)        0.043    10.564 f  u_soc/Core_cpu/u_ifu_subsys/u_ibuf/ghr_q[13]_i_3/O
                         net (fo=15, routed)          0.449    11.013    u_soc/Core_cpu/u_ifu_subsys/u_ibuf/ghr_cnt_return[0]
    SLICE_X35Y58         LUT4 (Prop_lut4_I3_O)        0.043    11.056 r  u_soc/Core_cpu/u_ifu_subsys/u_ibuf/q_row_idx[1][0]_i_3/O
                         net (fo=2, routed)           0.590    11.645    u_soc/Core_cpu/u_ifu_subsys/g_tage.u_tage/ghr_q_reg[0]
    SLICE_X39Y63         LUT6 (Prop_lut6_I3_O)        0.043    11.688 r  u_soc/Core_cpu/u_ifu_subsys/g_tage.u_tage/q_row_idx[1][0]_i_1/O
                         net (fo=1, routed)           0.201    11.889    u_soc/Core_cpu/u_ifu_subsys/g_tage.u_tage/row_index_w0_return[0]
    SLICE_X39Y61         FDRE                                         r  u_soc/Core_cpu/u_ifu_subsys/g_tage.u_tage/q_row_idx_reg[1][0]/D
  -------------------------------------------------------------------    -------------------

                         (clock clk rise edge)        5.500     5.500 r  
    AE23                                              0.000     5.500 r  clk (IN)
                         net (fo=0)                   0.000     5.500    clk
    AE23                 IBUF (Prop_ibuf_I_O)         0.660     6.160 r  clk_IBUF_inst/O
                         net (fo=1, routed)           2.516     8.676    clk_IBUF
    BUFGCTRL_X0Y0        BUFG (Prop_bufg_I_O)         0.083     8.759 r  u_bufg/O
                         net (fo=5785, routed)        1.490    10.249    u_soc/Core_cpu/u_ifu_subsys/g_tage.u_tage/clk_buf
    SLICE_X39Y61         FDRE                                         r  u_soc/Core_cpu/u_ifu_subsys/g_tage.u_tage/q_row_idx_reg[1][0]/C
                         clock pessimism              0.310    10.558    
                         clock uncertainty           -0.035    10.523    
    SLICE_X39Y61         FDRE (Setup_fdre_C_D)       -0.019    10.504    u_soc/Core_cpu/u_ifu_subsys/g_tage.u_tage/q_row_idx_reg[1][0]
  -------------------------------------------------------------------
                         required time                         10.504    
                         arrival time                         -11.889    
  -------------------------------------------------------------------
                         slack                                 -1.385    

Slack (VIOLATED) :        -1.385ns  (required time - arrival time)
  Source:                 u_soc/Core_cpu/u_ifu_subsys/u_icache/q_pc_q_reg[9]/C
                            (rising edge-triggered cell FDRE clocked by clk  {rise@0.000ns fall@2.750ns period=5.500ns})
  Destination:            u_soc/Core_cpu/u_ifu_subsys/g_tage.u_tage/q_row_idx_reg[1][0]/D
                            (rising edge-triggered cell FDRE clocked by clk  {rise@0.000ns fall@2.750ns period=5.500ns})
  Path Group:             clk
  Path Type:              Setup (Max at Slow Process Corner)
  Requirement:            5.500ns  (clk rise@5.500ns - clk rise@0.000ns)
  Data Path Delay:        6.783ns  (logic 0.782ns (11.529%)  route 6.001ns (88.471%))
  Logic Levels:           13  (LUT3=1 LUT4=3 LUT6=8 RAMD64E=1)
  Clock Path Skew:        -0.048ns (DCD - SCD + CPR)
    Destination Clock Delay (DCD):    4.749ns = ( 10.249 - 5.500 ) 
    Source Clock Delay      (SCD):    5.106ns
    Clock Pessimism Removal (CPR):    0.310ns
  Clock Uncertainty:      0.035ns  ((TSJ^2 + TIJ^2)^1/2 + DJ) / 2 + PE
    Total System Jitter     (TSJ):    0.071ns
    Total Input Jitter      (TIJ):    0.000ns
    Discrete Jitter          (DJ):    0.000ns
    Phase Error              (PE):    0.000ns

    Location             Delay type                Incr(ns)  Path(ns)    Netlist Resource(s)
  -------------------------------------------------------------------    -------------------
                         (clock clk rise edge)        0.000     0.000 r  
    AE23                                              0.000     0.000 r  clk (IN)
                         net (fo=0)                   0.000     0.000    clk
    AE23                 IBUF (Prop_ibuf_I_O)         0.734     0.734 r  clk_IBUF_inst/O
                         net (fo=1, routed)           2.651     3.385    clk_IBUF
    BUFGCTRL_X0Y0        BUFG (Prop_bufg_I_O)         0.093     3.478 r  u_bufg/O
                         net (fo=5785, routed)        1.628     5.106    u_soc/Core_cpu/u_ifu_subsys/u_icache/clk_buf
    SLICE_X37Y62         FDRE                                         r  u_soc/Core_cpu/u_ifu_subsys/u_icache/q_pc_q_reg[9]/C
  -------------------------------------------------------------------    -------------------
    SLICE_X37Y62         FDRE (Prop_fdre_C_Q)         0.223     5.329 r  u_soc/Core_cpu/u_ifu_subsys/u_icache/q_pc_q_reg[9]/Q
                         net (fo=148, routed)         0.491     5.821    u_soc/Core_cpu/u_ifu_subsys/g_tage.u_tage/g_tab[0].tg_p_reg_r1_0_63_3_5/ADDRA5
    SLICE_X38Y63         RAMD64E (Prop_ramd64e_RADR5_O)
                                                      0.043     5.864 f  u_soc/Core_cpu/u_ifu_subsys/g_tage.u_tage/g_tab[0].tg_p_reg_r1_0_63_3_5/RAMA/O
                         net (fo=1, routed)           0.456     6.320    u_soc/Core_cpu/u_ifu_subsys/u_btb/p_1_in4_in[0]
    SLICE_X37Y62         LUT6 (Prop_lut6_I1_O)        0.043     6.363 r  u_soc/Core_cpu/u_ifu_subsys/u_btb/ent_q[6][150]_i_42/O
                         net (fo=7, routed)           0.363     6.727    u_soc/Core_cpu/u_ifu_subsys/g_tage.u_tage/id_bht_chk[22]_i_4_0
    SLICE_X34Y61         LUT3 (Prop_lut3_I1_O)        0.043     6.770 r  u_soc/Core_cpu/u_ifu_subsys/g_tage.u_tage/id_bht_chk[22]_i_35/O
                         net (fo=8, routed)           0.498     7.267    u_soc/Core_cpu/u_ifu_subsys/g_tage.u_tage/id_bht_chk[22]_i_35_n_0
    SLICE_X35Y61         LUT6 (Prop_lut6_I1_O)        0.043     7.310 r  u_soc/Core_cpu/u_ifu_subsys/g_tage.u_tage/id_bht_chk[22]_i_17/O
                         net (fo=1, routed)           0.364     7.674    u_soc/Core_cpu/u_ifu_subsys/g_tage.u_tage/id_bht_chk[22]_i_17_n_0
    SLICE_X39Y61         LUT6 (Prop_lut6_I3_O)        0.043     7.717 r  u_soc/Core_cpu/u_ifu_subsys/g_tage.u_tage/id_bht_chk[22]_i_8/O
                         net (fo=1, routed)           0.350     8.067    u_soc/Core_cpu/u_ifu_subsys/g_tage.u_tage/id_bht_chk[22]_i_8_n_0
    SLICE_X39Y62         LUT6 (Prop_lut6_I0_O)        0.043     8.110 r  u_soc/Core_cpu/u_ifu_subsys/g_tage.u_tage/id_bht_chk[22]_i_4/O
                         net (fo=5, routed)           0.685     8.794    u_soc/Core_cpu/u_ifu_subsys/u_btb/q_t0_idx[1]_i_10_2
    SLICE_X41Y58         LUT6 (Prop_lut6_I3_O)        0.043     8.837 r  u_soc/Core_cpu/u_ifu_subsys/u_btb/cnt_q[0]_i_7_comp_1/O
                         net (fo=9, routed)           0.440     9.278    u_soc/Core_cpu/u_ifu_subsys/u_btb/taken_slot[0]
    SLICE_X40Y57         LUT6 (Prop_lut6_I1_O)        0.043     9.321 r  u_soc/Core_cpu/u_ifu_subsys/u_btb/q_t0_idx[0]_i_9/O
                         net (fo=9, routed)           0.185     9.506    u_soc/Core_cpu/u_ifu_subsys/u_ibuf/push_num[1]
    SLICE_X40Y57         LUT4 (Prop_lut4_I1_O)        0.043     9.549 r  u_soc/Core_cpu/u_ifu_subsys/u_ibuf/cnt_q[4]_i_5/O
                         net (fo=11, routed)          0.364     9.912    u_soc/Core_cpu/u_ifu_subsys/u_ibuf/ib_push_acc[1]
    SLICE_X39Y58         LUT6 (Prop_lut6_I3_O)        0.043     9.955 r  u_soc/Core_cpu/u_ifu_subsys/u_ibuf/q_row_idx[1][2]_i_7/O
                         net (fo=12, routed)          0.565    10.521    u_soc/Core_cpu/u_ifu_subsys/u_ibuf/p_2_in
    SLICE_X34Y59         LUT4 (Prop_lut4_I0_O)        0.043    10.564 f  u_soc/Core_cpu/u_ifu_subsys/u_ibuf/ghr_q[13]_i_3/O
                         net (fo=15, routed)          0.449    11.013    u_soc/Core_cpu/u_ifu_subsys/u_ibuf/ghr_cnt_return[0]
    SLICE_X35Y58         LUT4 (Prop_lut4_I3_O)        0.043    11.056 r  u_soc/Core_cpu/u_ifu_subsys/u_ibuf/q_row_idx[1][0]_i_3/O
                         net (fo=2, routed)           0.590    11.645    u_soc/Core_cpu/u_ifu_subsys/g_tage.u_tage/ghr_q_reg[0]
    SLICE_X39Y63         LUT6 (Prop_lut6_I3_O)        0.043    11.688 r  u_soc/Core_cpu/u_ifu_subsys/g_tage.u_tage/q_row_idx[1][0]_i_1/O
                         net (fo=1, routed)           0.201    11.889    u_soc/Core_cpu/u_ifu_subsys/g_tage.u_tage/row_index_w0_return[0]
    SLICE_X39Y61         FDRE                                         r  u_soc/Core_cpu/u_ifu_subsys/g_tage.u_tage/q_row_idx_reg[1][0]/D
  -------------------------------------------------------------------    -------------------

                         (clock clk rise edge)        5.500     5.500 r  
    AE23                                              0.000     5.500 r  clk (IN)
                         net (fo=0)                   0.000     5.500    clk
    AE23                 IBUF (Prop_ibuf_I_O)         0.660     6.160 r  clk_IBUF_inst/O
                         net (fo=1, routed)           2.516     8.676    clk_IBUF
    BUFGCTRL_X0Y0        BUFG (Prop_bufg_I_O)         0.083     8.759 r  u_bufg/O
                         net (fo=5785, routed)        1.490    10.249    u_soc/Core_cpu/u_ifu_subsys/g_tage.u_tage/clk_buf
    SLICE_X39Y61         FDRE                                         r  u_soc/Core_cpu/u_ifu_subsys/g_tage.u_tage/q_row_idx_reg[1][0]/C
                         clock pessimism              0.310    10.558    
                         clock uncertainty           -0.035    10.523    
    SLICE_X39Y61         FDRE (Setup_fdre_C_D)       -0.019    10.504    u_soc/Core_cpu/u_ifu_subsys/g_tage.u_tage/q_row_idx_reg[1][0]
  -------------------------------------------------------------------
                         required time                         10.504    
                         arrival time                         -11.889    
  -------------------------------------------------------------------
                         slack                                 -1.385    

Slack (VIOLATED) :        -1.385ns  (required time - arrival time)
  Source:                 u_soc/Core_cpu/u_ifu_subsys/u_icache/q_pc_q_reg[9]/C
                            (rising edge-triggered cell FDRE clocked by clk  {rise@0.000ns fall@2.750ns period=5.500ns})
  Destination:            u_soc/Core_cpu/u_ifu_subsys/u_ibuf/ent_q_reg[0][34]/D
                            (rising edge-triggered cell FDRE clocked by clk  {rise@0.000ns fall@2.750ns period=5.500ns})
  Path Group:             clk
  Path Type:              Setup (Max at Slow Process Corner)
  Requirement:            5.500ns  (clk rise@5.500ns - clk rise@0.000ns)
  Data Path Delay:        6.773ns  (logic 0.825ns (12.180%)  route 5.948ns (87.820%))
  Logic Levels:           14  (LUT3=1 LUT4=1 LUT5=2 LUT6=9 RAMD64E=1)
  Clock Path Skew:        -0.109ns (DCD - SCD + CPR)
    Destination Clock Delay (DCD):    4.688ns = ( 10.188 - 5.500 ) 
    Source Clock Delay      (SCD):    5.106ns
    Clock Pessimism Removal (CPR):    0.310ns
  Clock Uncertainty:      0.035ns  ((TSJ^2 + TIJ^2)^1/2 + DJ) / 2 + PE
    Total System Jitter     (TSJ):    0.071ns
    Total Input Jitter      (TIJ):    0.000ns
    Discrete Jitter          (DJ):    0.000ns
    Phase Error              (PE):    0.000ns

    Location             Delay type                Incr(ns)  Path(ns)    Netlist Resource(s)
  -------------------------------------------------------------------    -------------------
                         (clock clk rise edge)        0.000     0.000 r  
    AE23                                              0.000     0.000 r  clk (IN)
                         net (fo=0)                   0.000     0.000    clk
    AE23                 IBUF (Prop_ibuf_I_O)         0.734     0.734 r  clk_IBUF_inst/O
                         net (fo=1, routed)           2.651     3.385    clk_IBUF
    BUFGCTRL_X0Y0        BUFG (Prop_bufg_I_O)         0.093     3.478 r  u_bufg/O
                         net (fo=5785, routed)        1.628     5.106    u_soc/Core_cpu/u_ifu_subsys/u_icache/clk_buf
    SLICE_X37Y62         FDRE                                         r  u_soc/Core_cpu/u_ifu_subsys/u_icache/q_pc_q_reg[9]/C
  -------------------------------------------------------------------    -------------------
    SLICE_X37Y62         FDRE (Prop_fdre_C_Q)         0.223     5.329 r  u_soc/Core_cpu/u_ifu_subsys/u_icache/q_pc_q_reg[9]/Q
                         net (fo=148, routed)         0.491     5.821    u_soc/Core_cpu/u_ifu_subsys/g_tage.u_tage/g_tab[0].tg_p_reg_r1_0_63_3_5/ADDRA5
    SLICE_X38Y63         RAMD64E (Prop_ramd64e_RADR5_O)
                                                      0.043     5.864 r  u_soc/Core_cpu/u_ifu_subsys/g_tage.u_tage/g_tab[0].tg_p_reg_r1_0_63_3_5/RAMA/O
                         net (fo=1, routed)           0.456     6.320    u_soc/Core_cpu/u_ifu_subsys/u_btb/p_1_in4_in[0]
    SLICE_X37Y62         LUT6 (Prop_lut6_I1_O)        0.043     6.363 r  u_soc/Core_cpu/u_ifu_subsys/u_btb/ent_q[6][150]_i_42/O
                         net (fo=7, routed)           0.363     6.727    u_soc/Core_cpu/u_ifu_subsys/g_tage.u_tage/id_bht_chk[22]_i_4_0
    SLICE_X34Y61         LUT3 (Prop_lut3_I1_O)        0.043     6.770 r  u_soc/Core_cpu/u_ifu_subsys/g_tage.u_tage/id_bht_chk[22]_i_35/O
                         net (fo=8, routed)           0.498     7.267    u_soc/Core_cpu/u_ifu_subsys/g_tage.u_tage/id_bht_chk[22]_i_35_n_0
    SLICE_X35Y61         LUT6 (Prop_lut6_I1_O)        0.043     7.310 r  u_soc/Core_cpu/u_ifu_subsys/g_tage.u_tage/id_bht_chk[22]_i_17/O
                         net (fo=1, routed)           0.364     7.674    u_soc/Core_cpu/u_ifu_subsys/g_tage.u_tage/id_bht_chk[22]_i_17_n_0
    SLICE_X39Y61         LUT6 (Prop_lut6_I3_O)        0.043     7.717 r  u_soc/Core_cpu/u_ifu_subsys/g_tage.u_tage/id_bht_chk[22]_i_8/O
                         net (fo=1, routed)           0.350     8.067    u_soc/Core_cpu/u_ifu_subsys/g_tage.u_tage/id_bht_chk[22]_i_8_n_0
    SLICE_X39Y62         LUT6 (Prop_lut6_I0_O)        0.043     8.110 r  u_soc/Core_cpu/u_ifu_subsys/g_tage.u_tage/id_bht_chk[22]_i_4/O
                         net (fo=5, routed)           0.685     8.794    u_soc/Core_cpu/u_ifu_subsys/u_btb/q_t0_idx[1]_i_10_2
    SLICE_X41Y58         LUT6 (Prop_lut6_I3_O)        0.043     8.837 r  u_soc/Core_cpu/u_ifu_subsys/u_btb/cnt_q[0]_i_7_comp_1/O
                         net (fo=9, routed)           0.440     9.278    u_soc/Core_cpu/u_ifu_subsys/u_btb/taken_slot[0]
    SLICE_X40Y57         LUT6 (Prop_lut6_I1_O)        0.043     9.321 r  u_soc/Core_cpu/u_ifu_subsys/u_btb/q_t0_idx[0]_i_9/O
                         net (fo=9, routed)           0.185     9.506    u_soc/Core_cpu/u_ifu_subsys/u_ibuf/push_num[1]
    SLICE_X40Y57         LUT4 (Prop_lut4_I1_O)        0.043     9.549 r  u_soc/Core_cpu/u_ifu_subsys/u_ibuf/cnt_q[4]_i_5/O
                         net (fo=11, routed)          0.211     9.760    u_soc/Core_cpu/u_ifu_subsys/u_ibuf/ib_push_acc[1]
    SLICE_X41Y56         LUT6 (Prop_lut6_I5_O)        0.043     9.803 r  u_soc/Core_cpu/u_ifu_subsys/u_ibuf/id_have_inst_i_2/O
                         net (fo=117, routed)         0.691    10.493    u_soc/Core_cpu/u_ifu_subsys/u_ibuf/cnt_q_reg[4]_1
    SLICE_X53Y50         LUT5 (Prop_lut5_I4_O)        0.043    10.536 r  u_soc/Core_cpu/u_ifu_subsys/u_ibuf/ent_q[6][34]_i_5/O
                         net (fo=9, routed)           0.463    10.999    u_soc/Core_cpu/u_ifu_subsys/u_ibuf/p_0_in__0[34]
    SLICE_X60Y49         LUT5 (Prop_lut5_I2_O)        0.043    11.042 r  u_soc/Core_cpu/u_ifu_subsys/u_ibuf/ent_q[6][34]_i_3/O
                         net (fo=6, routed)           0.603    11.645    u_soc/Core_cpu/u_ifu_subsys/u_ibuf/ent_q[6][34]_i_3_n_0
    SLICE_X73Y50         LUT6 (Prop_lut6_I0_O)        0.043    11.688 r  u_soc/Core_cpu/u_ifu_subsys/u_ibuf/ent_q[0][34]_i_2/O
                         net (fo=1, routed)           0.149    11.837    u_soc/Core_cpu/u_ifu_subsys/u_ibuf/ent_q[0][34]_i_2_n_0
    SLICE_X73Y50         LUT6 (Prop_lut6_I5_O)        0.043    11.880 r  u_soc/Core_cpu/u_ifu_subsys/u_ibuf/ent_q[0][34]_i_1/O
                         net (fo=1, routed)           0.000    11.880    u_soc/Core_cpu/u_ifu_subsys/u_ibuf/ent_q[0][34]_i_1_n_0
    SLICE_X73Y50         FDRE                                         r  u_soc/Core_cpu/u_ifu_subsys/u_ibuf/ent_q_reg[0][34]/D
  -------------------------------------------------------------------    -------------------

                         (clock clk rise edge)        5.500     5.500 r  
    AE23                                              0.000     5.500 r  clk (IN)
                         net (fo=0)                   0.000     5.500    clk
    AE23                 IBUF (Prop_ibuf_I_O)         0.660     6.160 r  clk_IBUF_inst/O
                         net (fo=1, routed)           2.516     8.676    clk_IBUF
    BUFGCTRL_X0Y0        BUFG (Prop_bufg_I_O)         0.083     8.759 r  u_bufg/O
                         net (fo=5785, routed)        1.429    10.188    u_soc/Core_cpu/u_ifu_subsys/u_ibuf/clk_buf
    SLICE_X73Y50         FDRE                                         r  u_soc/Core_cpu/u_ifu_subsys/u_ibuf/ent_q_reg[0][34]/C
                         clock pessimism              0.310    10.497    
                         clock uncertainty           -0.035    10.462    
    SLICE_X73Y50         FDRE (Setup_fdre_C_D)        0.033    10.495    u_soc/Core_cpu/u_ifu_subsys/u_ibuf/ent_q_reg[0][34]
  -------------------------------------------------------------------
                         required time                         10.495    
                         arrival time                         -11.880    
  -------------------------------------------------------------------
                         slack                                 -1.385    

Slack (VIOLATED) :        -1.385ns  (required time - arrival time)
  Source:                 u_soc/Core_cpu/u_ifu_subsys/u_icache/q_pc_q_reg[9]/C
                            (rising edge-triggered cell FDRE clocked by clk  {rise@0.000ns fall@2.750ns period=5.500ns})
  Destination:            u_soc/Core_cpu/u_ifu_subsys/u_ibuf/ent_q_reg[0][34]/D
                            (rising edge-triggered cell FDRE clocked by clk  {rise@0.000ns fall@2.750ns period=5.500ns})
  Path Group:             clk
  Path Type:              Setup (Max at Slow Process Corner)
  Requirement:            5.500ns  (clk rise@5.500ns - clk rise@0.000ns)
  Data Path Delay:        6.773ns  (logic 0.825ns (12.180%)  route 5.948ns (87.820%))
  Logic Levels:           14  (LUT3=1 LUT4=1 LUT5=2 LUT6=9 RAMD64E=1)
  Clock Path Skew:        -0.109ns (DCD - SCD + CPR)
    Destination Clock Delay (DCD):    4.688ns = ( 10.188 - 5.500 ) 
    Source Clock Delay      (SCD):    5.106ns
    Clock Pessimism Removal (CPR):    0.310ns
  Clock Uncertainty:      0.035ns  ((TSJ^2 + TIJ^2)^1/2 + DJ) / 2 + PE
    Total System Jitter     (TSJ):    0.071ns
    Total Input Jitter      (TIJ):    0.000ns
    Discrete Jitter          (DJ):    0.000ns
    Phase Error              (PE):    0.000ns

    Location             Delay type                Incr(ns)  Path(ns)    Netlist Resource(s)
  -------------------------------------------------------------------    -------------------
                         (clock clk rise edge)        0.000     0.000 r  
    AE23                                              0.000     0.000 r  clk (IN)
                         net (fo=0)                   0.000     0.000    clk
    AE23                 IBUF (Prop_ibuf_I_O)         0.734     0.734 r  clk_IBUF_inst/O
                         net (fo=1, routed)           2.651     3.385    clk_IBUF
    BUFGCTRL_X0Y0        BUFG (Prop_bufg_I_O)         0.093     3.478 r  u_bufg/O
                         net (fo=5785, routed)        1.628     5.106    u_soc/Core_cpu/u_ifu_subsys/u_icache/clk_buf
    SLICE_X37Y62         FDRE                                         r  u_soc/Core_cpu/u_ifu_subsys/u_icache/q_pc_q_reg[9]/C
  -------------------------------------------------------------------    -------------------
    SLICE_X37Y62         FDRE (Prop_fdre_C_Q)         0.223     5.329 r  u_soc/Core_cpu/u_ifu_subsys/u_icache/q_pc_q_reg[9]/Q
                         net (fo=148, routed)         0.491     5.821    u_soc/Core_cpu/u_ifu_subsys/g_tage.u_tage/g_tab[0].tg_p_reg_r1_0_63_3_5/ADDRA5
    SLICE_X38Y63         RAMD64E (Prop_ramd64e_RADR5_O)
                                                      0.043     5.864 f  u_soc/Core_cpu/u_ifu_subsys/g_tage.u_tage/g_tab[0].tg_p_reg_r1_0_63_3_5/RAMA/O
                         net (fo=1, routed)           0.456     6.320    u_soc/Core_cpu/u_ifu_subsys/u_btb/p_1_in4_in[0]
    SLICE_X37Y62         LUT6 (Prop_lut6_I1_O)        0.043     6.363 r  u_soc/Core_cpu/u_ifu_subsys/u_btb/ent_q[6][150]_i_42/O
                         net (fo=7, routed)           0.363     6.727    u_soc/Core_cpu/u_ifu_subsys/g_tage.u_tage/id_bht_chk[22]_i_4_0
    SLICE_X34Y61         LUT3 (Prop_lut3_I1_O)        0.043     6.770 r  u_soc/Core_cpu/u_ifu_subsys/g_tage.u_tage/id_bht_chk[22]_i_35/O
                         net (fo=8, routed)           0.498     7.267    u_soc/Core_cpu/u_ifu_subsys/g_tage.u_tage/id_bht_chk[22]_i_35_n_0
    SLICE_X35Y61         LUT6 (Prop_lut6_I1_O)        0.043     7.310 r  u_soc/Core_cpu/u_ifu_subsys/g_tage.u_tage/id_bht_chk[22]_i_17/O
                         net (fo=1, routed)           0.364     7.674    u_soc/Core_cpu/u_ifu_subsys/g_tage.u_tage/id_bht_chk[22]_i_17_n_0
    SLICE_X39Y61         LUT6 (Prop_lut6_I3_O)        0.043     7.717 r  u_soc/Core_cpu/u_ifu_subsys/g_tage.u_tage/id_bht_chk[22]_i_8/O
                         net (fo=1, routed)           0.350     8.067    u_soc/Core_cpu/u_ifu_subsys/g_tage.u_tage/id_bht_chk[22]_i_8_n_0
    SLICE_X39Y62         LUT6 (Prop_lut6_I0_O)        0.043     8.110 r  u_soc/Core_cpu/u_ifu_subsys/g_tage.u_tage/id_bht_chk[22]_i_4/O
                         net (fo=5, routed)           0.685     8.794    u_soc/Core_cpu/u_ifu_subsys/u_btb/q_t0_idx[1]_i_10_2
    SLICE_X41Y58         LUT6 (Prop_lut6_I3_O)        0.043     8.837 r  u_soc/Core_cpu/u_ifu_subsys/u_btb/cnt_q[0]_i_7_comp_1/O
                         net (fo=9, routed)           0.440     9.278    u_soc/Core_cpu/u_ifu_subsys/u_btb/taken_slot[0]
    SLICE_X40Y57         LUT6 (Prop_lut6_I1_O)        0.043     9.321 r  u_soc/Core_cpu/u_ifu_subsys/u_btb/q_t0_idx[0]_i_9/O
                         net (fo=9, routed)           0.185     9.506    u_soc/Core_cpu/u_ifu_subsys/u_ibuf/push_num[1]
    SLICE_X40Y57         LUT4 (Prop_lut4_I1_O)        0.043     9.549 r  u_soc/Core_cpu/u_ifu_subsys/u_ibuf/cnt_q[4]_i_5/O
                         net (fo=11, routed)          0.211     9.760    u_soc/Core_cpu/u_ifu_subsys/u_ibuf/ib_push_acc[1]
    SLICE_X41Y56         LUT6 (Prop_lut6_I5_O)        0.043     9.803 r  u_soc/Core_cpu/u_ifu_subsys/u_ibuf/id_have_inst_i_2/O
                         net (fo=117, routed)         0.691    10.493    u_soc/Core_cpu/u_ifu_subsys/u_ibuf/cnt_q_reg[4]_1
    SLICE_X53Y50         LUT5 (Prop_lut5_I4_O)        0.043    10.536 r  u_soc/Core_cpu/u_ifu_subsys/u_ibuf/ent_q[6][34]_i_5/O
                         net (fo=9, routed)           0.463    10.999    u_soc/Core_cpu/u_ifu_subsys/u_ibuf/p_0_in__0[34]
    SLICE_X60Y49         LUT5 (Prop_lut5_I2_O)        0.043    11.042 r  u_soc/Core_cpu/u_ifu_subsys/u_ibuf/ent_q[6][34]_i_3/O
                         net (fo=6, routed)           0.603    11.645    u_soc/Core_cpu/u_ifu_subsys/u_ibuf/ent_q[6][34]_i_3_n_0
    SLICE_X73Y50         LUT6 (Prop_lut6_I0_O)        0.043    11.688 r  u_soc/Core_cpu/u_ifu_subsys/u_ibuf/ent_q[0][34]_i_2/O
                         net (fo=1, routed)           0.149    11.837    u_soc/Core_cpu/u_ifu_subsys/u_ibuf/ent_q[0][34]_i_2_n_0
    SLICE_X73Y50         LUT6 (Prop_lut6_I5_O)        0.043    11.880 r  u_soc/Core_cpu/u_ifu_subsys/u_ibuf/ent_q[0][34]_i_1/O
                         net (fo=1, routed)           0.000    11.880    u_soc/Core_cpu/u_ifu_subsys/u_ibuf/ent_q[0][34]_i_1_n_0
    SLICE_X73Y50         FDRE                                         r  u_soc/Core_cpu/u_ifu_subsys/u_ibuf/ent_q_reg[0][34]/D
  -------------------------------------------------------------------    -------------------

                         (clock clk rise edge)        5.500     5.500 r  
    AE23                                              0.000     5.500 r  clk (IN)
                         net (fo=0)                   0.000     5.500    clk
    AE23                 IBUF (Prop_ibuf_I_O)         0.660     6.160 r  clk_IBUF_inst/O
                         net (fo=1, routed)           2.516     8.676    clk_IBUF
    BUFGCTRL_X0Y0        BUFG (Prop_bufg_I_O)         0.083     8.759 r  u_bufg/O
                         net (fo=5785, routed)        1.429    10.188    u_soc/Core_cpu/u_ifu_subsys/u_ibuf/clk_buf
    SLICE_X73Y50         FDRE                                         r  u_soc/Core_cpu/u_ifu_subsys/u_ibuf/ent_q_reg[0][34]/C
                         clock pessimism              0.310    10.497    
                         clock uncertainty           -0.035    10.462    
    SLICE_X73Y50         FDRE (Setup_fdre_C_D)        0.033    10.495    u_soc/Core_cpu/u_ifu_subsys/u_ibuf/ent_q_reg[0][34]
  -------------------------------------------------------------------
                         required time                         10.495    
                         arrival time                         -11.880    
  -------------------------------------------------------------------
                         slack                                 -1.385    

Slack (VIOLATED) :        -1.385ns  (required time - arrival time)
  Source:                 u_soc/Core_cpu/u_ifu_subsys/u_icache/q_pc_q_reg[9]/C
                            (rising edge-triggered cell FDRE clocked by clk  {rise@0.000ns fall@2.750ns period=5.500ns})
  Destination:            u_soc/Core_cpu/u_ifu_subsys/u_ibuf/ent_q_reg[0][34]/D
                            (rising edge-triggered cell FDRE clocked by clk  {rise@0.000ns fall@2.750ns period=5.500ns})
  Path Group:             clk
  Path Type:              Setup (Max at Slow Process Corner)
  Requirement:            5.500ns  (clk rise@5.500ns - clk rise@0.000ns)
  Data Path Delay:        6.773ns  (logic 0.825ns (12.180%)  route 5.948ns (87.820%))
  Logic Levels:           14  (LUT3=1 LUT4=1 LUT5=2 LUT6=9 RAMD64E=1)
  Clock Path Skew:        -0.109ns (DCD - SCD + CPR)
    Destination Clock Delay (DCD):    4.688ns = ( 10.188 - 5.500 ) 
    Source Clock Delay      (SCD):    5.106ns
    Clock Pessimism Removal (CPR):    0.310ns
  Clock Uncertainty:      0.035ns  ((TSJ^2 + TIJ^2)^1/2 + DJ) / 2 + PE
    Total System Jitter     (TSJ):    0.071ns
    Total Input Jitter      (TIJ):    0.000ns
    Discrete Jitter          (DJ):    0.000ns
    Phase Error              (PE):    0.000ns

    Location             Delay type                Incr(ns)  Path(ns)    Netlist Resource(s)
  -------------------------------------------------------------------    -------------------
                         (clock clk rise edge)        0.000     0.000 r  
    AE23                                              0.000     0.000 r  clk (IN)
                         net (fo=0)                   0.000     0.000    clk
    AE23                 IBUF (Prop_ibuf_I_O)         0.734     0.734 r  clk_IBUF_inst/O
                         net (fo=1, routed)           2.651     3.385    clk_IBUF
    BUFGCTRL_X0Y0        BUFG (Prop_bufg_I_O)         0.093     3.478 r  u_bufg/O
                         net (fo=5785, routed)        1.628     5.106    u_soc/Core_cpu/u_ifu_subsys/u_icache/clk_buf
    SLICE_X37Y62         FDRE                                         r  u_soc/Core_cpu/u_ifu_subsys/u_icache/q_pc_q_reg[9]/C
  -------------------------------------------------------------------    -------------------
    SLICE_X37Y62         FDRE (Prop_fdre_C_Q)         0.223     5.329 r  u_soc/Core_cpu/u_ifu_subsys/u_icache/q_pc_q_reg[9]/Q
                         net (fo=148, routed)         0.491     5.821    u_soc/Core_cpu/u_ifu_subsys/g_tage.u_tage/g_tab[0].tg_p_reg_r1_0_63_3_5/ADDRA5
    SLICE_X38Y63         RAMD64E (Prop_ramd64e_RADR5_O)
                                                      0.043     5.864 r  u_soc/Core_cpu/u_ifu_subsys/g_tage.u_tage/g_tab[0].tg_p_reg_r1_0_63_3_5/RAMA/O
                         net (fo=1, routed)           0.456     6.320    u_soc/Core_cpu/u_ifu_subsys/u_btb/p_1_in4_in[0]
    SLICE_X37Y62         LUT6 (Prop_lut6_I1_O)        0.043     6.363 r  u_soc/Core_cpu/u_ifu_subsys/u_btb/ent_q[6][150]_i_42/O
                         net (fo=7, routed)           0.363     6.727    u_soc/Core_cpu/u_ifu_subsys/g_tage.u_tage/id_bht_chk[22]_i_4_0
    SLICE_X34Y61         LUT3 (Prop_lut3_I1_O)        0.043     6.770 r  u_soc/Core_cpu/u_ifu_subsys/g_tage.u_tage/id_bht_chk[22]_i_35/O
                         net (fo=8, routed)           0.498     7.267    u_soc/Core_cpu/u_ifu_subsys/g_tage.u_tage/id_bht_chk[22]_i_35_n_0
    SLICE_X35Y61         LUT6 (Prop_lut6_I1_O)        0.043     7.310 r  u_soc/Core_cpu/u_ifu_subsys/g_tage.u_tage/id_bht_chk[22]_i_17/O
                         net (fo=1, routed)           0.364     7.674    u_soc/Core_cpu/u_ifu_subsys/g_tage.u_tage/id_bht_chk[22]_i_17_n_0
    SLICE_X39Y61         LUT6 (Prop_lut6_I3_O)        0.043     7.717 r  u_soc/Core_cpu/u_ifu_subsys/g_tage.u_tage/id_bht_chk[22]_i_8/O
                         net (fo=1, routed)           0.350     8.067    u_soc/Core_cpu/u_ifu_subsys/g_tage.u_tage/id_bht_chk[22]_i_8_n_0
    SLICE_X39Y62         LUT6 (Prop_lut6_I0_O)        0.043     8.110 r  u_soc/Core_cpu/u_ifu_subsys/g_tage.u_tage/id_bht_chk[22]_i_4/O
                         net (fo=5, routed)           0.685     8.794    u_soc/Core_cpu/u_ifu_subsys/u_btb/q_t0_idx[1]_i_10_2
    SLICE_X41Y58         LUT6 (Prop_lut6_I3_O)        0.043     8.837 r  u_soc/Core_cpu/u_ifu_subsys/u_btb/cnt_q[0]_i_7_comp_1/O
                         net (fo=9, routed)           0.440     9.278    u_soc/Core_cpu/u_ifu_subsys/u_btb/taken_slot[0]
    SLICE_X40Y57         LUT6 (Prop_lut6_I1_O)        0.043     9.321 f  u_soc/Core_cpu/u_ifu_subsys/u_btb/q_t0_idx[0]_i_9/O
                         net (fo=9, routed)           0.185     9.506    u_soc/Core_cpu/u_ifu_subsys/u_ibuf/push_num[1]
    SLICE_X40Y57         LUT4 (Prop_lut4_I1_O)        0.043     9.549 f  u_soc/Core_cpu/u_ifu_subsys/u_ibuf/cnt_q[4]_i_5/O
                         net (fo=11, routed)          0.211     9.760    u_soc/Core_cpu/u_ifu_subsys/u_ibuf/ib_push_acc[1]
    SLICE_X41Y56         LUT6 (Prop_lut6_I5_O)        0.043     9.803 f  u_soc/Core_cpu/u_ifu_subsys/u_ibuf/id_have_inst_i_2/O
                         net (fo=117, routed)         0.691    10.493    u_soc/Core_cpu/u_ifu_subsys/u_ibuf/cnt_q_reg[4]_1
    SLICE_X53Y50         LUT5 (Prop_lut5_I4_O)        0.043    10.536 r  u_soc/Core_cpu/u_ifu_subsys/u_ibuf/ent_q[6][34]_i_5/O
                         net (fo=9, routed)           0.463    10.999    u_soc/Core_cpu/u_ifu_subsys/u_ibuf/p_0_in__0[34]
    SLICE_X60Y49         LUT5 (Prop_lut5_I2_O)        0.043    11.042 r  u_soc/Core_cpu/u_ifu_subsys/u_ibuf/ent_q[6][34]_i_3/O
                         net (fo=6, routed)           0.603    11.645    u_soc/Core_cpu/u_ifu_subsys/u_ibuf/ent_q[6][34]_i_3_n_0
    SLICE_X73Y50         LUT6 (Prop_lut6_I0_O)        0.043    11.688 r  u_soc/Core_cpu/u_ifu_subsys/u_ibuf/ent_q[0][34]_i_2/O
                         net (fo=1, routed)           0.149    11.837    u_soc/Core_cpu/u_ifu_subsys/u_ibuf/ent_q[0][34]_i_2_n_0
    SLICE_X73Y50         LUT6 (Prop_lut6_I5_O)        0.043    11.880 r  u_soc/Core_cpu/u_ifu_subsys/u_ibuf/ent_q[0][34]_i_1/O
                         net (fo=1, routed)           0.000    11.880    u_soc/Core_cpu/u_ifu_subsys/u_ibuf/ent_q[0][34]_i_1_n_0
    SLICE_X73Y50         FDRE                                         r  u_soc/Core_cpu/u_ifu_subsys/u_ibuf/ent_q_reg[0][34]/D
  -------------------------------------------------------------------    -------------------

                         (clock clk rise edge)        5.500     5.500 r  
    AE23                                              0.000     5.500 r  clk (IN)
                         net (fo=0)                   0.000     5.500    clk
    AE23                 IBUF (Prop_ibuf_I_O)         0.660     6.160 r  clk_IBUF_inst/O
                         net (fo=1, routed)           2.516     8.676    clk_IBUF
    BUFGCTRL_X0Y0        BUFG (Prop_bufg_I_O)         0.083     8.759 r  u_bufg/O
                         net (fo=5785, routed)        1.429    10.188    u_soc/Core_cpu/u_ifu_subsys/u_ibuf/clk_buf
    SLICE_X73Y50         FDRE                                         r  u_soc/Core_cpu/u_ifu_subsys/u_ibuf/ent_q_reg[0][34]/C
                         clock pessimism              0.310    10.497    
                         clock uncertainty           -0.035    10.462    
    SLICE_X73Y50         FDRE (Setup_fdre_C_D)        0.033    10.495    u_soc/Core_cpu/u_ifu_subsys/u_ibuf/ent_q_reg[0][34]
  -------------------------------------------------------------------
                         required time                         10.495    
                         arrival time                         -11.880    
  -------------------------------------------------------------------
                         slack                                 -1.385    

Slack (VIOLATED) :        -1.382ns  (required time - arrival time)
  Source:                 u_soc/Core_cpu/u_ifu_subsys/u_icache/q_pc_q_reg[9]/C
                            (rising edge-triggered cell FDRE clocked by clk  {rise@0.000ns fall@2.750ns period=5.500ns})
  Destination:            u_soc/Core_cpu/u_ifu_subsys/u_ibuf/ent_q_reg[3][2]/D
                            (rising edge-triggered cell FDRE clocked by clk  {rise@0.000ns fall@2.750ns period=5.500ns})
  Path Group:             clk
  Path Type:              Setup (Max at Slow Process Corner)
  Requirement:            5.500ns  (clk rise@5.500ns - clk rise@0.000ns)
  Data Path Delay:        6.799ns  (logic 0.825ns (12.134%)  route 5.974ns (87.866%))
  Logic Levels:           14  (LUT3=1 LUT4=1 LUT5=2 LUT6=9 RAMD64E=1)
  Clock Path Skew:        -0.111ns (DCD - SCD + CPR)
    Destination Clock Delay (DCD):    4.686ns = ( 10.186 - 5.500 ) 
    Source Clock Delay      (SCD):    5.106ns
    Clock Pessimism Removal (CPR):    0.310ns
  Clock Uncertainty:      0.035ns  ((TSJ^2 + TIJ^2)^1/2 + DJ) / 2 + PE
    Total System Jitter     (TSJ):    0.071ns
    Total Input Jitter      (TIJ):    0.000ns
    Discrete Jitter          (DJ):    0.000ns
    Phase Error              (PE):    0.000ns

    Location             Delay type                Incr(ns)  Path(ns)    Netlist Resource(s)
  -------------------------------------------------------------------    -------------------
                         (clock clk rise edge)        0.000     0.000 r  
    AE23                                              0.000     0.000 r  clk (IN)
                         net (fo=0)                   0.000     0.000    clk
    AE23                 IBUF (Prop_ibuf_I_O)         0.734     0.734 r  clk_IBUF_inst/O
                         net (fo=1, routed)           2.651     3.385    clk_IBUF
    BUFGCTRL_X0Y0        BUFG (Prop_bufg_I_O)         0.093     3.478 r  u_bufg/O
                         net (fo=5785, routed)        1.628     5.106    u_soc/Core_cpu/u_ifu_subsys/u_icache/clk_buf
    SLICE_X37Y62         FDRE                                         r  u_soc/Core_cpu/u_ifu_subsys/u_icache/q_pc_q_reg[9]/C
  -------------------------------------------------------------------    -------------------
    SLICE_X37Y62         FDRE (Prop_fdre_C_Q)         0.223     5.329 r  u_soc/Core_cpu/u_ifu_subsys/u_icache/q_pc_q_reg[9]/Q
                         net (fo=148, routed)         0.491     5.821    u_soc/Core_cpu/u_ifu_subsys/g_tage.u_tage/g_tab[0].tg_p_reg_r1_0_63_3_5/ADDRA5
    SLICE_X38Y63         RAMD64E (Prop_ramd64e_RADR5_O)
                                                      0.043     5.864 r  u_soc/Core_cpu/u_ifu_subsys/g_tage.u_tage/g_tab[0].tg_p_reg_r1_0_63_3_5/RAMA/O
                         net (fo=1, routed)           0.456     6.320    u_soc/Core_cpu/u_ifu_subsys/u_btb/p_1_in4_in[0]
    SLICE_X37Y62         LUT6 (Prop_lut6_I1_O)        0.043     6.363 r  u_soc/Core_cpu/u_ifu_subsys/u_btb/ent_q[6][150]_i_42/O
                         net (fo=7, routed)           0.363     6.727    u_soc/Core_cpu/u_ifu_subsys/g_tage.u_tage/id_bht_chk[22]_i_4_0
    SLICE_X34Y61         LUT3 (Prop_lut3_I1_O)        0.043     6.770 r  u_soc/Core_cpu/u_ifu_subsys/g_tage.u_tage/id_bht_chk[22]_i_35/O
                         net (fo=8, routed)           0.498     7.267    u_soc/Core_cpu/u_ifu_subsys/g_tage.u_tage/id_bht_chk[22]_i_35_n_0
    SLICE_X35Y61         LUT6 (Prop_lut6_I1_O)        0.043     7.310 r  u_soc/Core_cpu/u_ifu_subsys/g_tage.u_tage/id_bht_chk[22]_i_17/O
                         net (fo=1, routed)           0.364     7.674    u_soc/Core_cpu/u_ifu_subsys/g_tage.u_tage/id_bht_chk[22]_i_17_n_0
    SLICE_X39Y61         LUT6 (Prop_lut6_I3_O)        0.043     7.717 r  u_soc/Core_cpu/u_ifu_subsys/g_tage.u_tage/id_bht_chk[22]_i_8/O
                         net (fo=1, routed)           0.350     8.067    u_soc/Core_cpu/u_ifu_subsys/g_tage.u_tage/id_bht_chk[22]_i_8_n_0
    SLICE_X39Y62         LUT6 (Prop_lut6_I0_O)        0.043     8.110 r  u_soc/Core_cpu/u_ifu_subsys/g_tage.u_tage/id_bht_chk[22]_i_4/O
                         net (fo=5, routed)           0.685     8.794    u_soc/Core_cpu/u_ifu_subsys/u_btb/q_t0_idx[1]_i_10_2
    SLICE_X41Y58         LUT6 (Prop_lut6_I3_O)        0.043     8.837 r  u_soc/Core_cpu/u_ifu_subsys/u_btb/cnt_q[0]_i_7_comp_1/O
                         net (fo=9, routed)           0.440     9.278    u_soc/Core_cpu/u_ifu_subsys/u_btb/taken_slot[0]
    SLICE_X40Y57         LUT6 (Prop_lut6_I1_O)        0.043     9.321 r  u_soc/Core_cpu/u_ifu_subsys/u_btb/q_t0_idx[0]_i_9/O
                         net (fo=9, routed)           0.185     9.506    u_soc/Core_cpu/u_ifu_subsys/u_ibuf/push_num[1]
    SLICE_X40Y57         LUT4 (Prop_lut4_I1_O)        0.043     9.549 r  u_soc/Core_cpu/u_ifu_subsys/u_ibuf/cnt_q[4]_i_5/O
                         net (fo=11, routed)          0.211     9.760    u_soc/Core_cpu/u_ifu_subsys/u_ibuf/ib_push_acc[1]
    SLICE_X41Y56         LUT6 (Prop_lut6_I5_O)        0.043     9.803 r  u_soc/Core_cpu/u_ifu_subsys/u_ibuf/id_have_inst_i_2/O
                         net (fo=117, routed)         0.860    10.663    u_soc/Core_cpu/u_ifu_subsys/u_ibuf/cnt_q_reg[4]_1
    SLICE_X57Y60         LUT5 (Prop_lut5_I4_O)        0.043    10.706 r  u_soc/Core_cpu/u_ifu_subsys/u_ibuf/ent_q[6][2]_i_14/O
                         net (fo=9, routed)           0.376    11.082    u_soc/Core_cpu/u_ifu_subsys/u_ibuf/p_0_in__0[2]
    SLICE_X58Y60         LUT5 (Prop_lut5_I2_O)        0.043    11.125 r  u_soc/Core_cpu/u_ifu_subsys/u_ibuf/ent_q[6][2]_i_7/O
                         net (fo=8, routed)           0.450    11.575    u_soc/Core_cpu/u_ifu_subsys/u_ibuf/ent_q[6][2]_i_7_n_0
    SLICE_X56Y62         LUT6 (Prop_lut6_I0_O)        0.043    11.618 r  u_soc/Core_cpu/u_ifu_subsys/u_ibuf/ent_q[3][2]_i_2/O
                         net (fo=1, routed)           0.244    11.863    u_soc/Core_cpu/u_ifu_subsys/u_ibuf/ent_q[3][2]_i_2_n_0
    SLICE_X56Y62         LUT6 (Prop_lut6_I5_O)        0.043    11.906 r  u_soc/Core_cpu/u_ifu_subsys/u_ibuf/ent_q[3][2]_i_1/O
                         net (fo=1, routed)           0.000    11.906    u_soc/Core_cpu/u_ifu_subsys/u_ibuf/ent_q[3][2]_i_1_n_0
    SLICE_X56Y62         FDRE                                         r  u_soc/Core_cpu/u_ifu_subsys/u_ibuf/ent_q_reg[3][2]/D
  -------------------------------------------------------------------    -------------------

                         (clock clk rise edge)        5.500     5.500 r  
    AE23                                              0.000     5.500 r  clk (IN)
                         net (fo=0)                   0.000     5.500    clk
    AE23                 IBUF (Prop_ibuf_I_O)         0.660     6.160 r  clk_IBUF_inst/O
                         net (fo=1, routed)           2.516     8.676    clk_IBUF
    BUFGCTRL_X0Y0        BUFG (Prop_bufg_I_O)         0.083     8.759 r  u_bufg/O
                         net (fo=5785, routed)        1.427    10.186    u_soc/Core_cpu/u_ifu_subsys/u_ibuf/clk_buf
    SLICE_X56Y62         FDRE                                         r  u_soc/Core_cpu/u_ifu_subsys/u_ibuf/ent_q_reg[3][2]/C
                         clock pessimism              0.310    10.495    
                         clock uncertainty           -0.035    10.460    
    SLICE_X56Y62         FDRE (Setup_fdre_C_D)        0.064    10.524    u_soc/Core_cpu/u_ifu_subsys/u_ibuf/ent_q_reg[3][2]
  -------------------------------------------------------------------
                         required time                         10.524    
                         arrival time                         -11.906    
  -------------------------------------------------------------------
                         slack                                 -1.382    

Slack (VIOLATED) :        -1.382ns  (required time - arrival time)
  Source:                 u_soc/Core_cpu/u_ifu_subsys/u_icache/q_pc_q_reg[9]/C
                            (rising edge-triggered cell FDRE clocked by clk  {rise@0.000ns fall@2.750ns period=5.500ns})
  Destination:            u_soc/Core_cpu/u_ifu_subsys/u_ibuf/ent_q_reg[3][2]/D
                            (rising edge-triggered cell FDRE clocked by clk  {rise@0.000ns fall@2.750ns period=5.500ns})
  Path Group:             clk
  Path Type:              Setup (Max at Slow Process Corner)
  Requirement:            5.500ns  (clk rise@5.500ns - clk rise@0.000ns)
  Data Path Delay:        6.799ns  (logic 0.825ns (12.134%)  route 5.974ns (87.866%))
  Logic Levels:           14  (LUT3=1 LUT4=1 LUT5=2 LUT6=9 RAMD64E=1)
  Clock Path Skew:        -0.111ns (DCD - SCD + CPR)
    Destination Clock Delay (DCD):    4.686ns = ( 10.186 - 5.500 ) 
    Source Clock Delay      (SCD):    5.106ns
    Clock Pessimism Removal (CPR):    0.310ns
  Clock Uncertainty:      0.035ns  ((TSJ^2 + TIJ^2)^1/2 + DJ) / 2 + PE
    Total System Jitter     (TSJ):    0.071ns
    Total Input Jitter      (TIJ):    0.000ns
    Discrete Jitter          (DJ):    0.000ns
    Phase Error              (PE):    0.000ns

    Location             Delay type                Incr(ns)  Path(ns)    Netlist Resource(s)
  -------------------------------------------------------------------    -------------------
                         (clock clk rise edge)        0.000     0.000 r  
    AE23                                              0.000     0.000 r  clk (IN)
                         net (fo=0)                   0.000     0.000    clk
    AE23                 IBUF (Prop_ibuf_I_O)         0.734     0.734 r  clk_IBUF_inst/O
                         net (fo=1, routed)           2.651     3.385    clk_IBUF
    BUFGCTRL_X0Y0        BUFG (Prop_bufg_I_O)         0.093     3.478 r  u_bufg/O
                         net (fo=5785, routed)        1.628     5.106    u_soc/Core_cpu/u_ifu_subsys/u_icache/clk_buf
    SLICE_X37Y62         FDRE                                         r  u_soc/Core_cpu/u_ifu_subsys/u_icache/q_pc_q_reg[9]/C
  -------------------------------------------------------------------    -------------------
    SLICE_X37Y62         FDRE (Prop_fdre_C_Q)         0.223     5.329 r  u_soc/Core_cpu/u_ifu_subsys/u_icache/q_pc_q_reg[9]/Q
                         net (fo=148, routed)         0.491     5.821    u_soc/Core_cpu/u_ifu_subsys/g_tage.u_tage/g_tab[0].tg_p_reg_r1_0_63_3_5/ADDRA5
    SLICE_X38Y63         RAMD64E (Prop_ramd64e_RADR5_O)
                                                      0.043     5.864 f  u_soc/Core_cpu/u_ifu_subsys/g_tage.u_tage/g_tab[0].tg_p_reg_r1_0_63_3_5/RAMA/O
                         net (fo=1, routed)           0.456     6.320    u_soc/Core_cpu/u_ifu_subsys/u_btb/p_1_in4_in[0]
    SLICE_X37Y62         LUT6 (Prop_lut6_I1_O)        0.043     6.363 r  u_soc/Core_cpu/u_ifu_subsys/u_btb/ent_q[6][150]_i_42/O
                         net (fo=7, routed)           0.363     6.727    u_soc/Core_cpu/u_ifu_subsys/g_tage.u_tage/id_bht_chk[22]_i_4_0
    SLICE_X34Y61         LUT3 (Prop_lut3_I1_O)        0.043     6.770 r  u_soc/Core_cpu/u_ifu_subsys/g_tage.u_tage/id_bht_chk[22]_i_35/O
                         net (fo=8, routed)           0.498     7.267    u_soc/Core_cpu/u_ifu_subsys/g_tage.u_tage/id_bht_chk[22]_i_35_n_0
    SLICE_X35Y61         LUT6 (Prop_lut6_I1_O)        0.043     7.310 r  u_soc/Core_cpu/u_ifu_subsys/g_tage.u_tage/id_bht_chk[22]_i_17/O
                         net (fo=1, routed)           0.364     7.674    u_soc/Core_cpu/u_ifu_subsys/g_tage.u_tage/id_bht_chk[22]_i_17_n_0
    SLICE_X39Y61         LUT6 (Prop_lut6_I3_O)        0.043     7.717 r  u_soc/Core_cpu/u_ifu_subsys/g_tage.u_tage/id_bht_chk[22]_i_8/O
                         net (fo=1, routed)           0.350     8.067    u_soc/Core_cpu/u_ifu_subsys/g_tage.u_tage/id_bht_chk[22]_i_8_n_0
    SLICE_X39Y62         LUT6 (Prop_lut6_I0_O)        0.043     8.110 r  u_soc/Core_cpu/u_ifu_subsys/g_tage.u_tage/id_bht_chk[22]_i_4/O
                         net (fo=5, routed)           0.685     8.794    u_soc/Core_cpu/u_ifu_subsys/u_btb/q_t0_idx[1]_i_10_2
    SLICE_X41Y58         LUT6 (Prop_lut6_I3_O)        0.043     8.837 r  u_soc/Core_cpu/u_ifu_subsys/u_btb/cnt_q[0]_i_7_comp_1/O
                         net (fo=9, routed)           0.440     9.278    u_soc/Core_cpu/u_ifu_subsys/u_btb/taken_slot[0]
    SLICE_X40Y57         LUT6 (Prop_lut6_I1_O)        0.043     9.321 r  u_soc/Core_cpu/u_ifu_subsys/u_btb/q_t0_idx[0]_i_9/O
                         net (fo=9, routed)           0.185     9.506    u_soc/Core_cpu/u_ifu_subsys/u_ibuf/push_num[1]
    SLICE_X40Y57         LUT4 (Prop_lut4_I1_O)        0.043     9.549 r  u_soc/Core_cpu/u_ifu_subsys/u_ibuf/cnt_q[4]_i_5/O
                         net (fo=11, routed)          0.211     9.760    u_soc/Core_cpu/u_ifu_subsys/u_ibuf/ib_push_acc[1]
    SLICE_X41Y56         LUT6 (Prop_lut6_I5_O)        0.043     9.803 r  u_soc/Core_cpu/u_ifu_subsys/u_ibuf/id_have_inst_i_2/O
                         net (fo=117, routed)         0.860    10.663    u_soc/Core_cpu/u_ifu_subsys/u_ibuf/cnt_q_reg[4]_1
    SLICE_X57Y60         LUT5 (Prop_lut5_I4_O)        0.043    10.706 r  u_soc/Core_cpu/u_ifu_subsys/u_ibuf/ent_q[6][2]_i_14/O
                         net (fo=9, routed)           0.376    11.082    u_soc/Core_cpu/u_ifu_subsys/u_ibuf/p_0_in__0[2]
    SLICE_X58Y60         LUT5 (Prop_lut5_I2_O)        0.043    11.125 r  u_soc/Core_cpu/u_ifu_subsys/u_ibuf/ent_q[6][2]_i_7/O
                         net (fo=8, routed)           0.450    11.575    u_soc/Core_cpu/u_ifu_subsys/u_ibuf/ent_q[6][2]_i_7_n_0
    SLICE_X56Y62         LUT6 (Prop_lut6_I0_O)        0.043    11.618 r  u_soc/Core_cpu/u_ifu_subsys/u_ibuf/ent_q[3][2]_i_2/O
                         net (fo=1, routed)           0.244    11.863    u_soc/Core_cpu/u_ifu_subsys/u_ibuf/ent_q[3][2]_i_2_n_0
    SLICE_X56Y62         LUT6 (Prop_lut6_I5_O)        0.043    11.906 r  u_soc/Core_cpu/u_ifu_subsys/u_ibuf/ent_q[3][2]_i_1/O
                         net (fo=1, routed)           0.000    11.906    u_soc/Core_cpu/u_ifu_subsys/u_ibuf/ent_q[3][2]_i_1_n_0
    SLICE_X56Y62         FDRE                                         r  u_soc/Core_cpu/u_ifu_subsys/u_ibuf/ent_q_reg[3][2]/D
  -------------------------------------------------------------------    -------------------

                         (clock clk rise edge)        5.500     5.500 r  
    AE23                                              0.000     5.500 r  clk (IN)
                         net (fo=0)                   0.000     5.500    clk
    AE23                 IBUF (Prop_ibuf_I_O)         0.660     6.160 r  clk_IBUF_inst/O
                         net (fo=1, routed)           2.516     8.676    clk_IBUF
    BUFGCTRL_X0Y0        BUFG (Prop_bufg_I_O)         0.083     8.759 r  u_bufg/O
                         net (fo=5785, routed)        1.427    10.186    u_soc/Core_cpu/u_ifu_subsys/u_ibuf/clk_buf
    SLICE_X56Y62         FDRE                                         r  u_soc/Core_cpu/u_ifu_subsys/u_ibuf/ent_q_reg[3][2]/C
                         clock pessimism              0.310    10.495    
                         clock uncertainty           -0.035    10.460    
    SLICE_X56Y62         FDRE (Setup_fdre_C_D)        0.064    10.524    u_soc/Core_cpu/u_ifu_subsys/u_ibuf/ent_q_reg[3][2]
  -------------------------------------------------------------------
                         required time                         10.524    
                         arrival time                         -11.906    
  -------------------------------------------------------------------
                         slack                                 -1.382    

Slack (VIOLATED) :        -1.382ns  (required time - arrival time)
  Source:                 u_soc/Core_cpu/u_ifu_subsys/u_icache/q_pc_q_reg[9]/C
                            (rising edge-triggered cell FDRE clocked by clk  {rise@0.000ns fall@2.750ns period=5.500ns})
  Destination:            u_soc/Core_cpu/u_ifu_subsys/u_ibuf/ent_q_reg[3][2]/D
                            (rising edge-triggered cell FDRE clocked by clk  {rise@0.000ns fall@2.750ns period=5.500ns})
  Path Group:             clk
  Path Type:              Setup (Max at Slow Process Corner)
  Requirement:            5.500ns  (clk rise@5.500ns - clk rise@0.000ns)
  Data Path Delay:        6.799ns  (logic 0.825ns (12.134%)  route 5.974ns (87.866%))
  Logic Levels:           14  (LUT3=1 LUT4=1 LUT5=2 LUT6=9 RAMD64E=1)
  Clock Path Skew:        -0.111ns (DCD - SCD + CPR)
    Destination Clock Delay (DCD):    4.686ns = ( 10.186 - 5.500 ) 
    Source Clock Delay      (SCD):    5.106ns
    Clock Pessimism Removal (CPR):    0.310ns
  Clock Uncertainty:      0.035ns  ((TSJ^2 + TIJ^2)^1/2 + DJ) / 2 + PE
    Total System Jitter     (TSJ):    0.071ns
    Total Input Jitter      (TIJ):    0.000ns
    Discrete Jitter          (DJ):    0.000ns
    Phase Error              (PE):    0.000ns

    Location             Delay type                Incr(ns)  Path(ns)    Netlist Resource(s)
  -------------------------------------------------------------------    -------------------
                         (clock clk rise edge)        0.000     0.000 r  
    AE23                                              0.000     0.000 r  clk (IN)
                         net (fo=0)                   0.000     0.000    clk
    AE23                 IBUF (Prop_ibuf_I_O)         0.734     0.734 r  clk_IBUF_inst/O
                         net (fo=1, routed)           2.651     3.385    clk_IBUF
    BUFGCTRL_X0Y0        BUFG (Prop_bufg_I_O)         0.093     3.478 r  u_bufg/O
                         net (fo=5785, routed)        1.628     5.106    u_soc/Core_cpu/u_ifu_subsys/u_icache/clk_buf
    SLICE_X37Y62         FDRE                                         r  u_soc/Core_cpu/u_ifu_subsys/u_icache/q_pc_q_reg[9]/C
  -------------------------------------------------------------------    -------------------
    SLICE_X37Y62         FDRE (Prop_fdre_C_Q)         0.223     5.329 r  u_soc/Core_cpu/u_ifu_subsys/u_icache/q_pc_q_reg[9]/Q
                         net (fo=148, routed)         0.491     5.821    u_soc/Core_cpu/u_ifu_subsys/g_tage.u_tage/g_tab[0].tg_p_reg_r1_0_63_3_5/ADDRA5
    SLICE_X38Y63         RAMD64E (Prop_ramd64e_RADR5_O)
                                                      0.043     5.864 r  u_soc/Core_cpu/u_ifu_subsys/g_tage.u_tage/g_tab[0].tg_p_reg_r1_0_63_3_5/RAMA/O
                         net (fo=1, routed)           0.456     6.320    u_soc/Core_cpu/u_ifu_subsys/u_btb/p_1_in4_in[0]
    SLICE_X37Y62         LUT6 (Prop_lut6_I1_O)        0.043     6.363 r  u_soc/Core_cpu/u_ifu_subsys/u_btb/ent_q[6][150]_i_42/O
                         net (fo=7, routed)           0.363     6.727    u_soc/Core_cpu/u_ifu_subsys/g_tage.u_tage/id_bht_chk[22]_i_4_0
    SLICE_X34Y61         LUT3 (Prop_lut3_I1_O)        0.043     6.770 r  u_soc/Core_cpu/u_ifu_subsys/g_tage.u_tage/id_bht_chk[22]_i_35/O
                         net (fo=8, routed)           0.498     7.267    u_soc/Core_cpu/u_ifu_subsys/g_tage.u_tage/id_bht_chk[22]_i_35_n_0
    SLICE_X35Y61         LUT6 (Prop_lut6_I1_O)        0.043     7.310 r  u_soc/Core_cpu/u_ifu_subsys/g_tage.u_tage/id_bht_chk[22]_i_17/O
                         net (fo=1, routed)           0.364     7.674    u_soc/Core_cpu/u_ifu_subsys/g_tage.u_tage/id_bht_chk[22]_i_17_n_0
    SLICE_X39Y61         LUT6 (Prop_lut6_I3_O)        0.043     7.717 r  u_soc/Core_cpu/u_ifu_subsys/g_tage.u_tage/id_bht_chk[22]_i_8/O
                         net (fo=1, routed)           0.350     8.067    u_soc/Core_cpu/u_ifu_subsys/g_tage.u_tage/id_bht_chk[22]_i_8_n_0
    SLICE_X39Y62         LUT6 (Prop_lut6_I0_O)        0.043     8.110 r  u_soc/Core_cpu/u_ifu_subsys/g_tage.u_tage/id_bht_chk[22]_i_4/O
                         net (fo=5, routed)           0.685     8.794    u_soc/Core_cpu/u_ifu_subsys/u_btb/q_t0_idx[1]_i_10_2
    SLICE_X41Y58         LUT6 (Prop_lut6_I3_O)        0.043     8.837 r  u_soc/Core_cpu/u_ifu_subsys/u_btb/cnt_q[0]_i_7_comp_1/O
                         net (fo=9, routed)           0.440     9.278    u_soc/Core_cpu/u_ifu_subsys/u_btb/taken_slot[0]
    SLICE_X40Y57         LUT6 (Prop_lut6_I1_O)        0.043     9.321 f  u_soc/Core_cpu/u_ifu_subsys/u_btb/q_t0_idx[0]_i_9/O
                         net (fo=9, routed)           0.185     9.506    u_soc/Core_cpu/u_ifu_subsys/u_ibuf/push_num[1]
    SLICE_X40Y57         LUT4 (Prop_lut4_I1_O)        0.043     9.549 f  u_soc/Core_cpu/u_ifu_subsys/u_ibuf/cnt_q[4]_i_5/O
                         net (fo=11, routed)          0.211     9.760    u_soc/Core_cpu/u_ifu_subsys/u_ibuf/ib_push_acc[1]
    SLICE_X41Y56         LUT6 (Prop_lut6_I5_O)        0.043     9.803 f  u_soc/Core_cpu/u_ifu_subsys/u_ibuf/id_have_inst_i_2/O
                         net (fo=117, routed)         0.860    10.663    u_soc/Core_cpu/u_ifu_subsys/u_ibuf/cnt_q_reg[4]_1
    SLICE_X57Y60         LUT5 (Prop_lut5_I4_O)        0.043    10.706 r  u_soc/Core_cpu/u_ifu_subsys/u_ibuf/ent_q[6][2]_i_14/O
                         net (fo=9, routed)           0.376    11.082    u_soc/Core_cpu/u_ifu_subsys/u_ibuf/p_0_in__0[2]
    SLICE_X58Y60         LUT5 (Prop_lut5_I2_O)        0.043    11.125 r  u_soc/Core_cpu/u_ifu_subsys/u_ibuf/ent_q[6][2]_i_7/O
                         net (fo=8, routed)           0.450    11.575    u_soc/Core_cpu/u_ifu_subsys/u_ibuf/ent_q[6][2]_i_7_n_0
    SLICE_X56Y62         LUT6 (Prop_lut6_I0_O)        0.043    11.618 r  u_soc/Core_cpu/u_ifu_subsys/u_ibuf/ent_q[3][2]_i_2/O
                         net (fo=1, routed)           0.244    11.863    u_soc/Core_cpu/u_ifu_subsys/u_ibuf/ent_q[3][2]_i_2_n_0
    SLICE_X56Y62         LUT6 (Prop_lut6_I5_O)        0.043    11.906 r  u_soc/Core_cpu/u_ifu_subsys/u_ibuf/ent_q[3][2]_i_1/O
                         net (fo=1, routed)           0.000    11.906    u_soc/Core_cpu/u_ifu_subsys/u_ibuf/ent_q[3][2]_i_1_n_0
    SLICE_X56Y62         FDRE                                         r  u_soc/Core_cpu/u_ifu_subsys/u_ibuf/ent_q_reg[3][2]/D
  -------------------------------------------------------------------    -------------------

                         (clock clk rise edge)        5.500     5.500 r  
    AE23                                              0.000     5.500 r  clk (IN)
                         net (fo=0)                   0.000     5.500    clk
    AE23                 IBUF (Prop_ibuf_I_O)         0.660     6.160 r  clk_IBUF_inst/O
                         net (fo=1, routed)           2.516     8.676    clk_IBUF
    BUFGCTRL_X0Y0        BUFG (Prop_bufg_I_O)         0.083     8.759 r  u_bufg/O
                         net (fo=5785, routed)        1.427    10.186    u_soc/Core_cpu/u_ifu_subsys/u_ibuf/clk_buf
    SLICE_X56Y62         FDRE                                         r  u_soc/Core_cpu/u_ifu_subsys/u_ibuf/ent_q_reg[3][2]/C
                         clock pessimism              0.310    10.495    
                         clock uncertainty           -0.035    10.460    
    SLICE_X56Y62         FDRE (Setup_fdre_C_D)        0.064    10.524    u_soc/Core_cpu/u_ifu_subsys/u_ibuf/ent_q_reg[3][2]
  -------------------------------------------------------------------
                         required time                         10.524    
                         arrival time                         -11.906    
  -------------------------------------------------------------------
                         slack                                 -1.382    

Slack (VIOLATED) :        -1.373ns  (required time - arrival time)
  Source:                 u_soc/Core_cpu/u_ifu_subsys/u_icache/q_pc_q_reg[9]/C
                            (rising edge-triggered cell FDRE clocked by clk  {rise@0.000ns fall@2.750ns period=5.500ns})
  Destination:            u_soc/Core_cpu/u_ifu_subsys/u_ibuf/ent_q_reg[6][29]/D
                            (rising edge-triggered cell FDRE clocked by clk  {rise@0.000ns fall@2.750ns period=5.500ns})
  Path Group:             clk
  Path Type:              Setup (Max at Slow Process Corner)
  Requirement:            5.500ns  (clk rise@5.500ns - clk rise@0.000ns)
  Data Path Delay:        6.763ns  (logic 0.825ns (12.199%)  route 5.938ns (87.801%))
  Logic Levels:           14  (LUT3=1 LUT4=1 LUT5=2 LUT6=9 RAMD64E=1)
  Clock Path Skew:        -0.109ns (DCD - SCD + CPR)
    Destination Clock Delay (DCD):    4.688ns = ( 10.188 - 5.500 ) 
    Source Clock Delay      (SCD):    5.106ns
    Clock Pessimism Removal (CPR):    0.310ns
  Clock Uncertainty:      0.035ns  ((TSJ^2 + TIJ^2)^1/2 + DJ) / 2 + PE
    Total System Jitter     (TSJ):    0.071ns
    Total Input Jitter      (TIJ):    0.000ns
    Discrete Jitter          (DJ):    0.000ns
    Phase Error              (PE):    0.000ns

    Location             Delay type                Incr(ns)  Path(ns)    Netlist Resource(s)
  -------------------------------------------------------------------    -------------------
                         (clock clk rise edge)        0.000     0.000 r  
    AE23                                              0.000     0.000 r  clk (IN)
                         net (fo=0)                   0.000     0.000    clk
    AE23                 IBUF (Prop_ibuf_I_O)         0.734     0.734 r  clk_IBUF_inst/O
                         net (fo=1, routed)           2.651     3.385    clk_IBUF
    BUFGCTRL_X0Y0        BUFG (Prop_bufg_I_O)         0.093     3.478 r  u_bufg/O
                         net (fo=5785, routed)        1.628     5.106    u_soc/Core_cpu/u_ifu_subsys/u_icache/clk_buf
    SLICE_X37Y62         FDRE                                         r  u_soc/Core_cpu/u_ifu_subsys/u_icache/q_pc_q_reg[9]/C
  -------------------------------------------------------------------    -------------------
    SLICE_X37Y62         FDRE (Prop_fdre_C_Q)         0.223     5.329 r  u_soc/Core_cpu/u_ifu_subsys/u_icache/q_pc_q_reg[9]/Q
                         net (fo=148, routed)         0.491     5.821    u_soc/Core_cpu/u_ifu_subsys/g_tage.u_tage/g_tab[0].tg_p_reg_r1_0_63_3_5/ADDRA5
    SLICE_X38Y63         RAMD64E (Prop_ramd64e_RADR5_O)
                                                      0.043     5.864 r  u_soc/Core_cpu/u_ifu_subsys/g_tage.u_tage/g_tab[0].tg_p_reg_r1_0_63_3_5/RAMA/O
                         net (fo=1, routed)           0.456     6.320    u_soc/Core_cpu/u_ifu_subsys/u_btb/p_1_in4_in[0]
    SLICE_X37Y62         LUT6 (Prop_lut6_I1_O)        0.043     6.363 r  u_soc/Core_cpu/u_ifu_subsys/u_btb/ent_q[6][150]_i_42/O
                         net (fo=7, routed)           0.363     6.727    u_soc/Core_cpu/u_ifu_subsys/g_tage.u_tage/id_bht_chk[22]_i_4_0
    SLICE_X34Y61         LUT3 (Prop_lut3_I1_O)        0.043     6.770 r  u_soc/Core_cpu/u_ifu_subsys/g_tage.u_tage/id_bht_chk[22]_i_35/O
                         net (fo=8, routed)           0.498     7.267    u_soc/Core_cpu/u_ifu_subsys/g_tage.u_tage/id_bht_chk[22]_i_35_n_0
    SLICE_X35Y61         LUT6 (Prop_lut6_I1_O)        0.043     7.310 r  u_soc/Core_cpu/u_ifu_subsys/g_tage.u_tage/id_bht_chk[22]_i_17/O
                         net (fo=1, routed)           0.364     7.674    u_soc/Core_cpu/u_ifu_subsys/g_tage.u_tage/id_bht_chk[22]_i_17_n_0
    SLICE_X39Y61         LUT6 (Prop_lut6_I3_O)        0.043     7.717 r  u_soc/Core_cpu/u_ifu_subsys/g_tage.u_tage/id_bht_chk[22]_i_8/O
                         net (fo=1, routed)           0.350     8.067    u_soc/Core_cpu/u_ifu_subsys/g_tage.u_tage/id_bht_chk[22]_i_8_n_0
    SLICE_X39Y62         LUT6 (Prop_lut6_I0_O)        0.043     8.110 r  u_soc/Core_cpu/u_ifu_subsys/g_tage.u_tage/id_bht_chk[22]_i_4/O
                         net (fo=5, routed)           0.685     8.794    u_soc/Core_cpu/u_ifu_subsys/u_btb/q_t0_idx[1]_i_10_2
    SLICE_X41Y58         LUT6 (Prop_lut6_I3_O)        0.043     8.837 r  u_soc/Core_cpu/u_ifu_subsys/u_btb/cnt_q[0]_i_7_comp_1/O
                         net (fo=9, routed)           0.440     9.278    u_soc/Core_cpu/u_ifu_subsys/u_btb/taken_slot[0]
    SLICE_X40Y57         LUT6 (Prop_lut6_I1_O)        0.043     9.321 r  u_soc/Core_cpu/u_ifu_subsys/u_btb/q_t0_idx[0]_i_9/O
                         net (fo=9, routed)           0.185     9.506    u_soc/Core_cpu/u_ifu_subsys/u_ibuf/push_num[1]
    SLICE_X40Y57         LUT4 (Prop_lut4_I1_O)        0.043     9.549 r  u_soc/Core_cpu/u_ifu_subsys/u_ibuf/cnt_q[4]_i_5/O
                         net (fo=11, routed)          0.211     9.760    u_soc/Core_cpu/u_ifu_subsys/u_ibuf/ib_push_acc[1]
    SLICE_X41Y56         LUT6 (Prop_lut6_I5_O)        0.043     9.803 r  u_soc/Core_cpu/u_ifu_subsys/u_ibuf/id_have_inst_i_2/O
                         net (fo=117, routed)         0.828    10.631    u_soc/Core_cpu/u_ifu_subsys/u_ibuf/cnt_q_reg[4]_1
    SLICE_X62Y56         LUT5 (Prop_lut5_I4_O)        0.043    10.674 r  u_soc/Core_cpu/u_ifu_subsys/u_ibuf/ent_q[6][29]_i_14/O
                         net (fo=9, routed)           0.403    11.077    u_soc/Core_cpu/u_ifu_subsys/u_ibuf/p_0_in__0[29]
    SLICE_X67Y55         LUT5 (Prop_lut5_I2_O)        0.043    11.120 r  u_soc/Core_cpu/u_ifu_subsys/u_ibuf/ent_q[6][29]_i_7/O
                         net (fo=8, routed)           0.558    11.679    u_soc/Core_cpu/u_ifu_subsys/u_ibuf/ent_q[6][29]_i_7_n_0
    SLICE_X72Y53         LUT6 (Prop_lut6_I0_O)        0.043    11.722 r  u_soc/Core_cpu/u_ifu_subsys/u_ibuf/ent_q[6][29]_i_3/O
                         net (fo=1, routed)           0.105    11.827    u_soc/Core_cpu/u_ifu_subsys/u_ibuf/ent_q[6][29]_i_3_n_0
    SLICE_X72Y53         LUT6 (Prop_lut6_I5_O)        0.043    11.870 r  u_soc/Core_cpu/u_ifu_subsys/u_ibuf/ent_q[6][29]_i_1/O
                         net (fo=1, routed)           0.000    11.870    u_soc/Core_cpu/u_ifu_subsys/u_ibuf/p_1_in[29]
    SLICE_X72Y53         FDRE                                         r  u_soc/Core_cpu/u_ifu_subsys/u_ibuf/ent_q_reg[6][29]/D
  -------------------------------------------------------------------    -------------------

                         (clock clk rise edge)        5.500     5.500 r  
    AE23                                              0.000     5.500 r  clk (IN)
                         net (fo=0)                   0.000     5.500    clk
    AE23                 IBUF (Prop_ibuf_I_O)         0.660     6.160 r  clk_IBUF_inst/O
                         net (fo=1, routed)           2.516     8.676    clk_IBUF
    BUFGCTRL_X0Y0        BUFG (Prop_bufg_I_O)         0.083     8.759 r  u_bufg/O
                         net (fo=5785, routed)        1.429    10.188    u_soc/Core_cpu/u_ifu_subsys/u_ibuf/clk_buf
    SLICE_X72Y53         FDRE                                         r  u_soc/Core_cpu/u_ifu_subsys/u_ibuf/ent_q_reg[6][29]/C
                         clock pessimism              0.310    10.497    
                         clock uncertainty           -0.035    10.462    
    SLICE_X72Y53         FDRE (Setup_fdre_C_D)        0.034    10.496    u_soc/Core_cpu/u_ifu_subsys/u_ibuf/ent_q_reg[6][29]
  -------------------------------------------------------------------
                         required time                         10.496    
                         arrival time                         -11.870    
  -------------------------------------------------------------------
                         slack                                 -1.373    

Slack (VIOLATED) :        -1.373ns  (required time - arrival time)
  Source:                 u_soc/Core_cpu/u_ifu_subsys/u_icache/q_pc_q_reg[9]/C
                            (rising edge-triggered cell FDRE clocked by clk  {rise@0.000ns fall@2.750ns period=5.500ns})
  Destination:            u_soc/Core_cpu/u_ifu_subsys/u_ibuf/ent_q_reg[6][29]/D
                            (rising edge-triggered cell FDRE clocked by clk  {rise@0.000ns fall@2.750ns period=5.500ns})
  Path Group:             clk
  Path Type:              Setup (Max at Slow Process Corner)
  Requirement:            5.500ns  (clk rise@5.500ns - clk rise@0.000ns)
  Data Path Delay:        6.763ns  (logic 0.825ns (12.199%)  route 5.938ns (87.801%))
  Logic Levels:           14  (LUT3=1 LUT4=1 LUT5=2 LUT6=9 RAMD64E=1)
  Clock Path Skew:        -0.109ns (DCD - SCD + CPR)
    Destination Clock Delay (DCD):    4.688ns = ( 10.188 - 5.500 ) 
    Source Clock Delay      (SCD):    5.106ns
    Clock Pessimism Removal (CPR):    0.310ns
  Clock Uncertainty:      0.035ns  ((TSJ^2 + TIJ^2)^1/2 + DJ) / 2 + PE
    Total System Jitter     (TSJ):    0.071ns
    Total Input Jitter      (TIJ):    0.000ns
    Discrete Jitter          (DJ):    0.000ns
    Phase Error              (PE):    0.000ns

    Location             Delay type                Incr(ns)  Path(ns)    Netlist Resource(s)
  -------------------------------------------------------------------    -------------------
                         (clock clk rise edge)        0.000     0.000 r  
    AE23                                              0.000     0.000 r  clk (IN)
                         net (fo=0)                   0.000     0.000    clk
    AE23                 IBUF (Prop_ibuf_I_O)         0.734     0.734 r  clk_IBUF_inst/O
                         net (fo=1, routed)           2.651     3.385    clk_IBUF
    BUFGCTRL_X0Y0        BUFG (Prop_bufg_I_O)         0.093     3.478 r  u_bufg/O
                         net (fo=5785, routed)        1.628     5.106    u_soc/Core_cpu/u_ifu_subsys/u_icache/clk_buf
    SLICE_X37Y62         FDRE                                         r  u_soc/Core_cpu/u_ifu_subsys/u_icache/q_pc_q_reg[9]/C
  -------------------------------------------------------------------    -------------------
    SLICE_X37Y62         FDRE (Prop_fdre_C_Q)         0.223     5.329 r  u_soc/Core_cpu/u_ifu_subsys/u_icache/q_pc_q_reg[9]/Q
                         net (fo=148, routed)         0.491     5.821    u_soc/Core_cpu/u_ifu_subsys/g_tage.u_tage/g_tab[0].tg_p_reg_r1_0_63_3_5/ADDRA5
    SLICE_X38Y63         RAMD64E (Prop_ramd64e_RADR5_O)
                                                      0.043     5.864 f  u_soc/Core_cpu/u_ifu_subsys/g_tage.u_tage/g_tab[0].tg_p_reg_r1_0_63_3_5/RAMA/O
                         net (fo=1, routed)           0.456     6.320    u_soc/Core_cpu/u_ifu_subsys/u_btb/p_1_in4_in[0]
    SLICE_X37Y62         LUT6 (Prop_lut6_I1_O)        0.043     6.363 r  u_soc/Core_cpu/u_ifu_subsys/u_btb/ent_q[6][150]_i_42/O
                         net (fo=7, routed)           0.363     6.727    u_soc/Core_cpu/u_ifu_subsys/g_tage.u_tage/id_bht_chk[22]_i_4_0
    SLICE_X34Y61         LUT3 (Prop_lut3_I1_O)        0.043     6.770 r  u_soc/Core_cpu/u_ifu_subsys/g_tage.u_tage/id_bht_chk[22]_i_35/O
                         net (fo=8, routed)           0.498     7.267    u_soc/Core_cpu/u_ifu_subsys/g_tage.u_tage/id_bht_chk[22]_i_35_n_0
    SLICE_X35Y61         LUT6 (Prop_lut6_I1_O)        0.043     7.310 r  u_soc/Core_cpu/u_ifu_subsys/g_tage.u_tage/id_bht_chk[22]_i_17/O
                         net (fo=1, routed)           0.364     7.674    u_soc/Core_cpu/u_ifu_subsys/g_tage.u_tage/id_bht_chk[22]_i_17_n_0
    SLICE_X39Y61         LUT6 (Prop_lut6_I3_O)        0.043     7.717 r  u_soc/Core_cpu/u_ifu_subsys/g_tage.u_tage/id_bht_chk[22]_i_8/O
                         net (fo=1, routed)           0.350     8.067    u_soc/Core_cpu/u_ifu_subsys/g_tage.u_tage/id_bht_chk[22]_i_8_n_0
    SLICE_X39Y62         LUT6 (Prop_lut6_I0_O)        0.043     8.110 r  u_soc/Core_cpu/u_ifu_subsys/g_tage.u_tage/id_bht_chk[22]_i_4/O
                         net (fo=5, routed)           0.685     8.794    u_soc/Core_cpu/u_ifu_subsys/u_btb/q_t0_idx[1]_i_10_2
    SLICE_X41Y58         LUT6 (Prop_lut6_I3_O)        0.043     8.837 r  u_soc/Core_cpu/u_ifu_subsys/u_btb/cnt_q[0]_i_7_comp_1/O
                         net (fo=9, routed)           0.440     9.278    u_soc/Core_cpu/u_ifu_subsys/u_btb/taken_slot[0]
    SLICE_X40Y57         LUT6 (Prop_lut6_I1_O)        0.043     9.321 r  u_soc/Core_cpu/u_ifu_subsys/u_btb/q_t0_idx[0]_i_9/O
                         net (fo=9, routed)           0.185     9.506    u_soc/Core_cpu/u_ifu_subsys/u_ibuf/push_num[1]
    SLICE_X40Y57         LUT4 (Prop_lut4_I1_O)        0.043     9.549 r  u_soc/Core_cpu/u_ifu_subsys/u_ibuf/cnt_q[4]_i_5/O
                         net (fo=11, routed)          0.211     9.760    u_soc/Core_cpu/u_ifu_subsys/u_ibuf/ib_push_acc[1]
    SLICE_X41Y56         LUT6 (Prop_lut6_I5_O)        0.043     9.803 r  u_soc/Core_cpu/u_ifu_subsys/u_ibuf/id_have_inst_i_2/O
                         net (fo=117, routed)         0.828    10.631    u_soc/Core_cpu/u_ifu_subsys/u_ibuf/cnt_q_reg[4]_1
    SLICE_X62Y56         LUT5 (Prop_lut5_I4_O)        0.043    10.674 r  u_soc/Core_cpu/u_ifu_subsys/u_ibuf/ent_q[6][29]_i_14/O
                         net (fo=9, routed)           0.403    11.077    u_soc/Core_cpu/u_ifu_subsys/u_ibuf/p_0_in__0[29]
    SLICE_X67Y55         LUT5 (Prop_lut5_I2_O)        0.043    11.120 r  u_soc/Core_cpu/u_ifu_subsys/u_ibuf/ent_q[6][29]_i_7/O
                         net (fo=8, routed)           0.558    11.679    u_soc/Core_cpu/u_ifu_subsys/u_ibuf/ent_q[6][29]_i_7_n_0
    SLICE_X72Y53         LUT6 (Prop_lut6_I0_O)        0.043    11.722 r  u_soc/Core_cpu/u_ifu_subsys/u_ibuf/ent_q[6][29]_i_3/O
                         net (fo=1, routed)           0.105    11.827    u_soc/Core_cpu/u_ifu_subsys/u_ibuf/ent_q[6][29]_i_3_n_0
    SLICE_X72Y53         LUT6 (Prop_lut6_I5_O)        0.043    11.870 r  u_soc/Core_cpu/u_ifu_subsys/u_ibuf/ent_q[6][29]_i_1/O
                         net (fo=1, routed)           0.000    11.870    u_soc/Core_cpu/u_ifu_subsys/u_ibuf/p_1_in[29]
    SLICE_X72Y53         FDRE                                         r  u_soc/Core_cpu/u_ifu_subsys/u_ibuf/ent_q_reg[6][29]/D
  -------------------------------------------------------------------    -------------------

                         (clock clk rise edge)        5.500     5.500 r  
    AE23                                              0.000     5.500 r  clk (IN)
                         net (fo=0)                   0.000     5.500    clk
    AE23                 IBUF (Prop_ibuf_I_O)         0.660     6.160 r  clk_IBUF_inst/O
                         net (fo=1, routed)           2.516     8.676    clk_IBUF
    BUFGCTRL_X0Y0        BUFG (Prop_bufg_I_O)         0.083     8.759 r  u_bufg/O
                         net (fo=5785, routed)        1.429    10.188    u_soc/Core_cpu/u_ifu_subsys/u_ibuf/clk_buf
    SLICE_X72Y53         FDRE                                         r  u_soc/Core_cpu/u_ifu_subsys/u_ibuf/ent_q_reg[6][29]/C
                         clock pessimism              0.310    10.497    
                         clock uncertainty           -0.035    10.462    
    SLICE_X72Y53         FDRE (Setup_fdre_C_D)        0.034    10.496    u_soc/Core_cpu/u_ifu_subsys/u_ibuf/ent_q_reg[6][29]
  -------------------------------------------------------------------
                         required time                         10.496    
                         arrival time                         -11.870    
  -------------------------------------------------------------------
                         slack                                 -1.373    

Slack (VIOLATED) :        -1.373ns  (required time - arrival time)
  Source:                 u_soc/Core_cpu/u_ifu_subsys/u_icache/q_pc_q_reg[9]/C
                            (rising edge-triggered cell FDRE clocked by clk  {rise@0.000ns fall@2.750ns period=5.500ns})
  Destination:            u_soc/Core_cpu/u_ifu_subsys/u_ibuf/ent_q_reg[6][29]/D
                            (rising edge-triggered cell FDRE clocked by clk  {rise@0.000ns fall@2.750ns period=5.500ns})
  Path Group:             clk
  Path Type:              Setup (Max at Slow Process Corner)
  Requirement:            5.500ns  (clk rise@5.500ns - clk rise@0.000ns)
  Data Path Delay:        6.763ns  (logic 0.825ns (12.199%)  route 5.938ns (87.801%))
  Logic Levels:           14  (LUT3=1 LUT4=1 LUT5=2 LUT6=9 RAMD64E=1)
  Clock Path Skew:        -0.109ns (DCD - SCD + CPR)
    Destination Clock Delay (DCD):    4.688ns = ( 10.188 - 5.500 ) 
    Source Clock Delay      (SCD):    5.106ns
    Clock Pessimism Removal (CPR):    0.310ns
  Clock Uncertainty:      0.035ns  ((TSJ^2 + TIJ^2)^1/2 + DJ) / 2 + PE
    Total System Jitter     (TSJ):    0.071ns
    Total Input Jitter      (TIJ):    0.000ns
    Discrete Jitter          (DJ):    0.000ns
    Phase Error              (PE):    0.000ns

    Location             Delay type                Incr(ns)  Path(ns)    Netlist Resource(s)
  -------------------------------------------------------------------    -------------------
                         (clock clk rise edge)        0.000     0.000 r  
    AE23                                              0.000     0.000 r  clk (IN)
                         net (fo=0)                   0.000     0.000    clk
    AE23                 IBUF (Prop_ibuf_I_O)         0.734     0.734 r  clk_IBUF_inst/O
                         net (fo=1, routed)           2.651     3.385    clk_IBUF
    BUFGCTRL_X0Y0        BUFG (Prop_bufg_I_O)         0.093     3.478 r  u_bufg/O
                         net (fo=5785, routed)        1.628     5.106    u_soc/Core_cpu/u_ifu_subsys/u_icache/clk_buf
    SLICE_X37Y62         FDRE                                         r  u_soc/Core_cpu/u_ifu_subsys/u_icache/q_pc_q_reg[9]/C
  -------------------------------------------------------------------    -------------------
    SLICE_X37Y62         FDRE (Prop_fdre_C_Q)         0.223     5.329 r  u_soc/Core_cpu/u_ifu_subsys/u_icache/q_pc_q_reg[9]/Q
                         net (fo=148, routed)         0.491     5.821    u_soc/Core_cpu/u_ifu_subsys/g_tage.u_tage/g_tab[0].tg_p_reg_r1_0_63_3_5/ADDRA5
    SLICE_X38Y63         RAMD64E (Prop_ramd64e_RADR5_O)
                                                      0.043     5.864 r  u_soc/Core_cpu/u_ifu_subsys/g_tage.u_tage/g_tab[0].tg_p_reg_r1_0_63_3_5/RAMA/O
                         net (fo=1, routed)           0.456     6.320    u_soc/Core_cpu/u_ifu_subsys/u_btb/p_1_in4_in[0]
    SLICE_X37Y62         LUT6 (Prop_lut6_I1_O)        0.043     6.363 r  u_soc/Core_cpu/u_ifu_subsys/u_btb/ent_q[6][150]_i_42/O
                         net (fo=7, routed)           0.363     6.727    u_soc/Core_cpu/u_ifu_subsys/g_tage.u_tage/id_bht_chk[22]_i_4_0
    SLICE_X34Y61         LUT3 (Prop_lut3_I1_O)        0.043     6.770 r  u_soc/Core_cpu/u_ifu_subsys/g_tage.u_tage/id_bht_chk[22]_i_35/O
                         net (fo=8, routed)           0.498     7.267    u_soc/Core_cpu/u_ifu_subsys/g_tage.u_tage/id_bht_chk[22]_i_35_n_0
    SLICE_X35Y61         LUT6 (Prop_lut6_I1_O)        0.043     7.310 r  u_soc/Core_cpu/u_ifu_subsys/g_tage.u_tage/id_bht_chk[22]_i_17/O
                         net (fo=1, routed)           0.364     7.674    u_soc/Core_cpu/u_ifu_subsys/g_tage.u_tage/id_bht_chk[22]_i_17_n_0
    SLICE_X39Y61         LUT6 (Prop_lut6_I3_O)        0.043     7.717 r  u_soc/Core_cpu/u_ifu_subsys/g_tage.u_tage/id_bht_chk[22]_i_8/O
                         net (fo=1, routed)           0.350     8.067    u_soc/Core_cpu/u_ifu_subsys/g_tage.u_tage/id_bht_chk[22]_i_8_n_0
    SLICE_X39Y62         LUT6 (Prop_lut6_I0_O)        0.043     8.110 r  u_soc/Core_cpu/u_ifu_subsys/g_tage.u_tage/id_bht_chk[22]_i_4/O
                         net (fo=5, routed)           0.685     8.794    u_soc/Core_cpu/u_ifu_subsys/u_btb/q_t0_idx[1]_i_10_2
    SLICE_X41Y58         LUT6 (Prop_lut6_I3_O)        0.043     8.837 r  u_soc/Core_cpu/u_ifu_subsys/u_btb/cnt_q[0]_i_7_comp_1/O
                         net (fo=9, routed)           0.440     9.278    u_soc/Core_cpu/u_ifu_subsys/u_btb/taken_slot[0]
    SLICE_X40Y57         LUT6 (Prop_lut6_I1_O)        0.043     9.321 f  u_soc/Core_cpu/u_ifu_subsys/u_btb/q_t0_idx[0]_i_9/O
                         net (fo=9, routed)           0.185     9.506    u_soc/Core_cpu/u_ifu_subsys/u_ibuf/push_num[1]
    SLICE_X40Y57         LUT4 (Prop_lut4_I1_O)        0.043     9.549 f  u_soc/Core_cpu/u_ifu_subsys/u_ibuf/cnt_q[4]_i_5/O
                         net (fo=11, routed)          0.211     9.760    u_soc/Core_cpu/u_ifu_subsys/u_ibuf/ib_push_acc[1]
    SLICE_X41Y56         LUT6 (Prop_lut6_I5_O)        0.043     9.803 f  u_soc/Core_cpu/u_ifu_subsys/u_ibuf/id_have_inst_i_2/O
                         net (fo=117, routed)         0.828    10.631    u_soc/Core_cpu/u_ifu_subsys/u_ibuf/cnt_q_reg[4]_1
    SLICE_X62Y56         LUT5 (Prop_lut5_I4_O)        0.043    10.674 r  u_soc/Core_cpu/u_ifu_subsys/u_ibuf/ent_q[6][29]_i_14/O
                         net (fo=9, routed)           0.403    11.077    u_soc/Core_cpu/u_ifu_subsys/u_ibuf/p_0_in__0[29]
    SLICE_X67Y55         LUT5 (Prop_lut5_I2_O)        0.043    11.120 r  u_soc/Core_cpu/u_ifu_subsys/u_ibuf/ent_q[6][29]_i_7/O
                         net (fo=8, routed)           0.558    11.679    u_soc/Core_cpu/u_ifu_subsys/u_ibuf/ent_q[6][29]_i_7_n_0
    SLICE_X72Y53         LUT6 (Prop_lut6_I0_O)        0.043    11.722 r  u_soc/Core_cpu/u_ifu_subsys/u_ibuf/ent_q[6][29]_i_3/O
                         net (fo=1, routed)           0.105    11.827    u_soc/Core_cpu/u_ifu_subsys/u_ibuf/ent_q[6][29]_i_3_n_0
    SLICE_X72Y53         LUT6 (Prop_lut6_I5_O)        0.043    11.870 r  u_soc/Core_cpu/u_ifu_subsys/u_ibuf/ent_q[6][29]_i_1/O
                         net (fo=1, routed)           0.000    11.870    u_soc/Core_cpu/u_ifu_subsys/u_ibuf/p_1_in[29]
    SLICE_X72Y53         FDRE                                         r  u_soc/Core_cpu/u_ifu_subsys/u_ibuf/ent_q_reg[6][29]/D
  -------------------------------------------------------------------    -------------------

                         (clock clk rise edge)        5.500     5.500 r  
    AE23                                              0.000     5.500 r  clk (IN)
                         net (fo=0)                   0.000     5.500    clk
    AE23                 IBUF (Prop_ibuf_I_O)         0.660     6.160 r  clk_IBUF_inst/O
                         net (fo=1, routed)           2.516     8.676    clk_IBUF
    BUFGCTRL_X0Y0        BUFG (Prop_bufg_I_O)         0.083     8.759 r  u_bufg/O
                         net (fo=5785, routed)        1.429    10.188    u_soc/Core_cpu/u_ifu_subsys/u_ibuf/clk_buf
    SLICE_X72Y53         FDRE                                         r  u_soc/Core_cpu/u_ifu_subsys/u_ibuf/ent_q_reg[6][29]/C
                         clock pessimism              0.310    10.497    
                         clock uncertainty           -0.035    10.462    
    SLICE_X72Y53         FDRE (Setup_fdre_C_D)        0.034    10.496    u_soc/Core_cpu/u_ifu_subsys/u_ibuf/ent_q_reg[6][29]
  -------------------------------------------------------------------
                         required time                         10.496    
                         arrival time                         -11.870    
  -------------------------------------------------------------------
                         slack                                 -1.373    

Slack (VIOLATED) :        -1.348ns  (required time - arrival time)
  Source:                 u_soc/Core_cpu/u_ifu_subsys/u_icache/q_pc_q_reg[9]/C
                            (rising edge-triggered cell FDRE clocked by clk  {rise@0.000ns fall@2.750ns period=5.500ns})
  Destination:            u_soc/Core_cpu/u_ifu_subsys/u_ibuf/ent_q_reg[2][2]/D
                            (rising edge-triggered cell FDRE clocked by clk  {rise@0.000ns fall@2.750ns period=5.500ns})
  Path Group:             clk
  Path Type:              Setup (Max at Slow Process Corner)
  Requirement:            5.500ns  (clk rise@5.500ns - clk rise@0.000ns)
  Data Path Delay:        6.734ns  (logic 0.825ns (12.251%)  route 5.909ns (87.749%))
  Logic Levels:           14  (LUT3=1 LUT4=1 LUT5=2 LUT6=9 RAMD64E=1)
  Clock Path Skew:        -0.112ns (DCD - SCD + CPR)
    Destination Clock Delay (DCD):    4.685ns = ( 10.185 - 5.500 ) 
    Source Clock Delay      (SCD):    5.106ns
    Clock Pessimism Removal (CPR):    0.310ns
  Clock Uncertainty:      0.035ns  ((TSJ^2 + TIJ^2)^1/2 + DJ) / 2 + PE
    Total System Jitter     (TSJ):    0.071ns
    Total Input Jitter      (TIJ):    0.000ns
    Discrete Jitter          (DJ):    0.000ns
    Phase Error              (PE):    0.000ns

    Location             Delay type                Incr(ns)  Path(ns)    Netlist Resource(s)
  -------------------------------------------------------------------    -------------------
                         (clock clk rise edge)        0.000     0.000 r  
    AE23                                              0.000     0.000 r  clk (IN)
                         net (fo=0)                   0.000     0.000    clk
    AE23                 IBUF (Prop_ibuf_I_O)         0.734     0.734 r  clk_IBUF_inst/O
                         net (fo=1, routed)           2.651     3.385    clk_IBUF
    BUFGCTRL_X0Y0        BUFG (Prop_bufg_I_O)         0.093     3.478 r  u_bufg/O
                         net (fo=5785, routed)        1.628     5.106    u_soc/Core_cpu/u_ifu_subsys/u_icache/clk_buf
    SLICE_X37Y62         FDRE                                         r  u_soc/Core_cpu/u_ifu_subsys/u_icache/q_pc_q_reg[9]/C
  -------------------------------------------------------------------    -------------------
    SLICE_X37Y62         FDRE (Prop_fdre_C_Q)         0.223     5.329 r  u_soc/Core_cpu/u_ifu_subsys/u_icache/q_pc_q_reg[9]/Q
                         net (fo=148, routed)         0.491     5.821    u_soc/Core_cpu/u_ifu_subsys/g_tage.u_tage/g_tab[0].tg_p_reg_r1_0_63_3_5/ADDRA5
    SLICE_X38Y63         RAMD64E (Prop_ramd64e_RADR5_O)
                                                      0.043     5.864 r  u_soc/Core_cpu/u_ifu_subsys/g_tage.u_tage/g_tab[0].tg_p_reg_r1_0_63_3_5/RAMA/O
                         net (fo=1, routed)           0.456     6.320    u_soc/Core_cpu/u_ifu_subsys/u_btb/p_1_in4_in[0]
    SLICE_X37Y62         LUT6 (Prop_lut6_I1_O)        0.043     6.363 r  u_soc/Core_cpu/u_ifu_subsys/u_btb/ent_q[6][150]_i_42/O
                         net (fo=7, routed)           0.363     6.727    u_soc/Core_cpu/u_ifu_subsys/g_tage.u_tage/id_bht_chk[22]_i_4_0
    SLICE_X34Y61         LUT3 (Prop_lut3_I1_O)        0.043     6.770 r  u_soc/Core_cpu/u_ifu_subsys/g_tage.u_tage/id_bht_chk[22]_i_35/O
                         net (fo=8, routed)           0.498     7.267    u_soc/Core_cpu/u_ifu_subsys/g_tage.u_tage/id_bht_chk[22]_i_35_n_0
    SLICE_X35Y61         LUT6 (Prop_lut6_I1_O)        0.043     7.310 r  u_soc/Core_cpu/u_ifu_subsys/g_tage.u_tage/id_bht_chk[22]_i_17/O
                         net (fo=1, routed)           0.364     7.674    u_soc/Core_cpu/u_ifu_subsys/g_tage.u_tage/id_bht_chk[22]_i_17_n_0
    SLICE_X39Y61         LUT6 (Prop_lut6_I3_O)        0.043     7.717 r  u_soc/Core_cpu/u_ifu_subsys/g_tage.u_tage/id_bht_chk[22]_i_8/O
                         net (fo=1, routed)           0.350     8.067    u_soc/Core_cpu/u_ifu_subsys/g_tage.u_tage/id_bht_chk[22]_i_8_n_0
    SLICE_X39Y62         LUT6 (Prop_lut6_I0_O)        0.043     8.110 r  u_soc/Core_cpu/u_ifu_subsys/g_tage.u_tage/id_bht_chk[22]_i_4/O
                         net (fo=5, routed)           0.685     8.794    u_soc/Core_cpu/u_ifu_subsys/u_btb/q_t0_idx[1]_i_10_2
    SLICE_X41Y58         LUT6 (Prop_lut6_I3_O)        0.043     8.837 r  u_soc/Core_cpu/u_ifu_subsys/u_btb/cnt_q[0]_i_7_comp_1/O
                         net (fo=9, routed)           0.440     9.278    u_soc/Core_cpu/u_ifu_subsys/u_btb/taken_slot[0]
    SLICE_X40Y57         LUT6 (Prop_lut6_I1_O)        0.043     9.321 r  u_soc/Core_cpu/u_ifu_subsys/u_btb/q_t0_idx[0]_i_9/O
                         net (fo=9, routed)           0.185     9.506    u_soc/Core_cpu/u_ifu_subsys/u_ibuf/push_num[1]
    SLICE_X40Y57         LUT4 (Prop_lut4_I1_O)        0.043     9.549 r  u_soc/Core_cpu/u_ifu_subsys/u_ibuf/cnt_q[4]_i_5/O
                         net (fo=11, routed)          0.211     9.760    u_soc/Core_cpu/u_ifu_subsys/u_ibuf/ib_push_acc[1]
    SLICE_X41Y56         LUT6 (Prop_lut6_I5_O)        0.043     9.803 r  u_soc/Core_cpu/u_ifu_subsys/u_ibuf/id_have_inst_i_2/O
                         net (fo=117, routed)         0.860    10.663    u_soc/Core_cpu/u_ifu_subsys/u_ibuf/cnt_q_reg[4]_1
    SLICE_X57Y60         LUT5 (Prop_lut5_I4_O)        0.043    10.706 r  u_soc/Core_cpu/u_ifu_subsys/u_ibuf/ent_q[6][2]_i_14/O
                         net (fo=9, routed)           0.376    11.082    u_soc/Core_cpu/u_ifu_subsys/u_ibuf/p_0_in__0[2]
    SLICE_X58Y60         LUT5 (Prop_lut5_I2_O)        0.043    11.125 r  u_soc/Core_cpu/u_ifu_subsys/u_ibuf/ent_q[6][2]_i_7/O
                         net (fo=8, routed)           0.398    11.523    u_soc/Core_cpu/u_ifu_subsys/u_ibuf/ent_q[6][2]_i_7_n_0
    SLICE_X59Y63         LUT6 (Prop_lut6_I0_O)        0.043    11.566 r  u_soc/Core_cpu/u_ifu_subsys/u_ibuf/ent_q[2][2]_i_2/O
                         net (fo=1, routed)           0.232    11.798    u_soc/Core_cpu/u_ifu_subsys/u_ibuf/ent_q[2][2]_i_2_n_0
    SLICE_X59Y64         LUT6 (Prop_lut6_I5_O)        0.043    11.841 r  u_soc/Core_cpu/u_ifu_subsys/u_ibuf/ent_q[2][2]_i_1/O
                         net (fo=1, routed)           0.000    11.841    u_soc/Core_cpu/u_ifu_subsys/u_ibuf/ent_q[2][2]_i_1_n_0
    SLICE_X59Y64         FDRE                                         r  u_soc/Core_cpu/u_ifu_subsys/u_ibuf/ent_q_reg[2][2]/D
  -------------------------------------------------------------------    -------------------

                         (clock clk rise edge)        5.500     5.500 r  
    AE23                                              0.000     5.500 r  clk (IN)
                         net (fo=0)                   0.000     5.500    clk
    AE23                 IBUF (Prop_ibuf_I_O)         0.660     6.160 r  clk_IBUF_inst/O
                         net (fo=1, routed)           2.516     8.676    clk_IBUF
    BUFGCTRL_X0Y0        BUFG (Prop_bufg_I_O)         0.083     8.759 r  u_bufg/O
                         net (fo=5785, routed)        1.426    10.185    u_soc/Core_cpu/u_ifu_subsys/u_ibuf/clk_buf
    SLICE_X59Y64         FDRE                                         r  u_soc/Core_cpu/u_ifu_subsys/u_ibuf/ent_q_reg[2][2]/C
                         clock pessimism              0.310    10.494    
                         clock uncertainty           -0.035    10.459    
    SLICE_X59Y64         FDRE (Setup_fdre_C_D)        0.034    10.493    u_soc/Core_cpu/u_ifu_subsys/u_ibuf/ent_q_reg[2][2]
  -------------------------------------------------------------------
                         required time                         10.493    
                         arrival time                         -11.841    
  -------------------------------------------------------------------
                         slack                                 -1.348    

Slack (VIOLATED) :        -1.348ns  (required time - arrival time)
  Source:                 u_soc/Core_cpu/u_ifu_subsys/u_icache/q_pc_q_reg[9]/C
                            (rising edge-triggered cell FDRE clocked by clk  {rise@0.000ns fall@2.750ns period=5.500ns})
  Destination:            u_soc/Core_cpu/u_ifu_subsys/u_ibuf/ent_q_reg[2][2]/D
                            (rising edge-triggered cell FDRE clocked by clk  {rise@0.000ns fall@2.750ns period=5.500ns})
  Path Group:             clk
  Path Type:              Setup (Max at Slow Process Corner)
  Requirement:            5.500ns  (clk rise@5.500ns - clk rise@0.000ns)
  Data Path Delay:        6.734ns  (logic 0.825ns (12.251%)  route 5.909ns (87.749%))
  Logic Levels:           14  (LUT3=1 LUT4=1 LUT5=2 LUT6=9 RAMD64E=1)
  Clock Path Skew:        -0.112ns (DCD - SCD + CPR)
    Destination Clock Delay (DCD):    4.685ns = ( 10.185 - 5.500 ) 
    Source Clock Delay      (SCD):    5.106ns
    Clock Pessimism Removal (CPR):    0.310ns
  Clock Uncertainty:      0.035ns  ((TSJ^2 + TIJ^2)^1/2 + DJ) / 2 + PE
    Total System Jitter     (TSJ):    0.071ns
    Total Input Jitter      (TIJ):    0.000ns
    Discrete Jitter          (DJ):    0.000ns
    Phase Error              (PE):    0.000ns

    Location             Delay type                Incr(ns)  Path(ns)    Netlist Resource(s)
  -------------------------------------------------------------------    -------------------
                         (clock clk rise edge)        0.000     0.000 r  
    AE23                                              0.000     0.000 r  clk (IN)
                         net (fo=0)                   0.000     0.000    clk
    AE23                 IBUF (Prop_ibuf_I_O)         0.734     0.734 r  clk_IBUF_inst/O
                         net (fo=1, routed)           2.651     3.385    clk_IBUF
    BUFGCTRL_X0Y0        BUFG (Prop_bufg_I_O)         0.093     3.478 r  u_bufg/O
                         net (fo=5785, routed)        1.628     5.106    u_soc/Core_cpu/u_ifu_subsys/u_icache/clk_buf
    SLICE_X37Y62         FDRE                                         r  u_soc/Core_cpu/u_ifu_subsys/u_icache/q_pc_q_reg[9]/C
  -------------------------------------------------------------------    -------------------
    SLICE_X37Y62         FDRE (Prop_fdre_C_Q)         0.223     5.329 r  u_soc/Core_cpu/u_ifu_subsys/u_icache/q_pc_q_reg[9]/Q
                         net (fo=148, routed)         0.491     5.821    u_soc/Core_cpu/u_ifu_subsys/g_tage.u_tage/g_tab[0].tg_p_reg_r1_0_63_3_5/ADDRA5
    SLICE_X38Y63         RAMD64E (Prop_ramd64e_RADR5_O)
                                                      0.043     5.864 f  u_soc/Core_cpu/u_ifu_subsys/g_tage.u_tage/g_tab[0].tg_p_reg_r1_0_63_3_5/RAMA/O
                         net (fo=1, routed)           0.456     6.320    u_soc/Core_cpu/u_ifu_subsys/u_btb/p_1_in4_in[0]
    SLICE_X37Y62         LUT6 (Prop_lut6_I1_O)        0.043     6.363 r  u_soc/Core_cpu/u_ifu_subsys/u_btb/ent_q[6][150]_i_42/O
                         net (fo=7, routed)           0.363     6.727    u_soc/Core_cpu/u_ifu_subsys/g_tage.u_tage/id_bht_chk[22]_i_4_0
    SLICE_X34Y61         LUT3 (Prop_lut3_I1_O)        0.043     6.770 r  u_soc/Core_cpu/u_ifu_subsys/g_tage.u_tage/id_bht_chk[22]_i_35/O
                         net (fo=8, routed)           0.498     7.267    u_soc/Core_cpu/u_ifu_subsys/g_tage.u_tage/id_bht_chk[22]_i_35_n_0
    SLICE_X35Y61         LUT6 (Prop_lut6_I1_O)        0.043     7.310 r  u_soc/Core_cpu/u_ifu_subsys/g_tage.u_tage/id_bht_chk[22]_i_17/O
                         net (fo=1, routed)           0.364     7.674    u_soc/Core_cpu/u_ifu_subsys/g_tage.u_tage/id_bht_chk[22]_i_17_n_0
    SLICE_X39Y61         LUT6 (Prop_lut6_I3_O)        0.043     7.717 r  u_soc/Core_cpu/u_ifu_subsys/g_tage.u_tage/id_bht_chk[22]_i_8/O
                         net (fo=1, routed)           0.350     8.067    u_soc/Core_cpu/u_ifu_subsys/g_tage.u_tage/id_bht_chk[22]_i_8_n_0
    SLICE_X39Y62         LUT6 (Prop_lut6_I0_O)        0.043     8.110 r  u_soc/Core_cpu/u_ifu_subsys/g_tage.u_tage/id_bht_chk[22]_i_4/O
                         net (fo=5, routed)           0.685     8.794    u_soc/Core_cpu/u_ifu_subsys/u_btb/q_t0_idx[1]_i_10_2
    SLICE_X41Y58         LUT6 (Prop_lut6_I3_O)        0.043     8.837 r  u_soc/Core_cpu/u_ifu_subsys/u_btb/cnt_q[0]_i_7_comp_1/O
                         net (fo=9, routed)           0.440     9.278    u_soc/Core_cpu/u_ifu_subsys/u_btb/taken_slot[0]
    SLICE_X40Y57         LUT6 (Prop_lut6_I1_O)        0.043     9.321 r  u_soc/Core_cpu/u_ifu_subsys/u_btb/q_t0_idx[0]_i_9/O
                         net (fo=9, routed)           0.185     9.506    u_soc/Core_cpu/u_ifu_subsys/u_ibuf/push_num[1]
    SLICE_X40Y57         LUT4 (Prop_lut4_I1_O)        0.043     9.549 r  u_soc/Core_cpu/u_ifu_subsys/u_ibuf/cnt_q[4]_i_5/O
                         net (fo=11, routed)          0.211     9.760    u_soc/Core_cpu/u_ifu_subsys/u_ibuf/ib_push_acc[1]
    SLICE_X41Y56         LUT6 (Prop_lut6_I5_O)        0.043     9.803 r  u_soc/Core_cpu/u_ifu_subsys/u_ibuf/id_have_inst_i_2/O
                         net (fo=117, routed)         0.860    10.663    u_soc/Core_cpu/u_ifu_subsys/u_ibuf/cnt_q_reg[4]_1
    SLICE_X57Y60         LUT5 (Prop_lut5_I4_O)        0.043    10.706 r  u_soc/Core_cpu/u_ifu_subsys/u_ibuf/ent_q[6][2]_i_14/O
                         net (fo=9, routed)           0.376    11.082    u_soc/Core_cpu/u_ifu_subsys/u_ibuf/p_0_in__0[2]
    SLICE_X58Y60         LUT5 (Prop_lut5_I2_O)        0.043    11.125 r  u_soc/Core_cpu/u_ifu_subsys/u_ibuf/ent_q[6][2]_i_7/O
                         net (fo=8, routed)           0.398    11.523    u_soc/Core_cpu/u_ifu_subsys/u_ibuf/ent_q[6][2]_i_7_n_0
    SLICE_X59Y63         LUT6 (Prop_lut6_I0_O)        0.043    11.566 r  u_soc/Core_cpu/u_ifu_subsys/u_ibuf/ent_q[2][2]_i_2/O
                         net (fo=1, routed)           0.232    11.798    u_soc/Core_cpu/u_ifu_subsys/u_ibuf/ent_q[2][2]_i_2_n_0
    SLICE_X59Y64         LUT6 (Prop_lut6_I5_O)        0.043    11.841 r  u_soc/Core_cpu/u_ifu_subsys/u_ibuf/ent_q[2][2]_i_1/O
                         net (fo=1, routed)           0.000    11.841    u_soc/Core_cpu/u_ifu_subsys/u_ibuf/ent_q[2][2]_i_1_n_0
    SLICE_X59Y64         FDRE                                         r  u_soc/Core_cpu/u_ifu_subsys/u_ibuf/ent_q_reg[2][2]/D
  -------------------------------------------------------------------    -------------------

                         (clock clk rise edge)        5.500     5.500 r  
    AE23                                              0.000     5.500 r  clk (IN)
                         net (fo=0)                   0.000     5.500    clk
    AE23                 IBUF (Prop_ibuf_I_O)         0.660     6.160 r  clk_IBUF_inst/O
                         net (fo=1, routed)           2.516     8.676    clk_IBUF
    BUFGCTRL_X0Y0        BUFG (Prop_bufg_I_O)         0.083     8.759 r  u_bufg/O
                         net (fo=5785, routed)        1.426    10.185    u_soc/Core_cpu/u_ifu_subsys/u_ibuf/clk_buf
    SLICE_X59Y64         FDRE                                         r  u_soc/Core_cpu/u_ifu_subsys/u_ibuf/ent_q_reg[2][2]/C
                         clock pessimism              0.310    10.494    
                         clock uncertainty           -0.035    10.459    
    SLICE_X59Y64         FDRE (Setup_fdre_C_D)        0.034    10.493    u_soc/Core_cpu/u_ifu_subsys/u_ibuf/ent_q_reg[2][2]
  -------------------------------------------------------------------
                         required time                         10.493    
                         arrival time                         -11.841    
  -------------------------------------------------------------------
                         slack                                 -1.348    




