Copyright 1986-2022 Xilinx, Inc. All Rights Reserved. Copyright 2022-2023 Advanced Micro Devices, Inc. All Rights Reserved.
-------------------------------------------------------------------------------------------------------------------------------------------------------------------------------------------------------------------------------------
| Tool Version : Vivado v.2023.2 (lin64) Build 4029153 Fri Oct 13 20:13:54 MDT 2023
| Date         : Mon Sep 28 23:05:38 2026
| Host         : edaserver08 running 64-bit NAME="Red Hat Enterprise Linux Server"
| Command      : report_timing -delay_type max -from [get_pins -hier -filter {NAME =~ "*u_icache/q_pc_q_reg*/C"}] -max_paths 20 -nworst 3 -file /home/st-wangjun/project/RISCV_A910/synth/vivado/fmax_impl_7.5ns/timing_from_qpc.rpt
| Design       : top_fmax
| Device       : 7k325t-ffg900
| Speed File   : -2  PRODUCTION 1.12 2017-02-17
| Design State : Routed
-------------------------------------------------------------------------------------------------------------------------------------------------------------------------------------------------------------------------------------

Timing Report

Slack (MET) :             0.530ns  (required time - arrival time)
  Source:                 u_soc/Core_cpu/u_ifu_subsys/u_icache/q_pc_q_reg[9]/C
                            (rising edge-triggered cell FDRE clocked by clk  {rise@0.000ns fall@3.750ns period=7.500ns})
  Destination:            u_soc/Core_cpu/u_ifu_subsys/u_ibuf/ent_q_reg[3][66]/D
                            (rising edge-triggered cell FDRE clocked by clk  {rise@0.000ns fall@3.750ns period=7.500ns})
  Path Group:             clk
  Path Type:              Setup (Max at Slow Process Corner)
  Requirement:            7.500ns  (clk rise@7.500ns - clk rise@0.000ns)
  Data Path Delay:        6.858ns  (logic 0.868ns (12.656%)  route 5.990ns (87.344%))
  Logic Levels:           15  (LUT3=3 LUT4=1 LUT5=3 LUT6=7 RAMD64E=1)
  Clock Path Skew:        -0.110ns (DCD - SCD + CPR)
    Destination Clock Delay (DCD):    4.856ns = ( 12.356 - 7.500 ) 
    Source Clock Delay      (SCD):    5.277ns
    Clock Pessimism Removal (CPR):    0.312ns
  Clock Uncertainty:      0.035ns  ((TSJ^2 + TIJ^2)^1/2 + DJ) / 2 + PE
    Total System Jitter     (TSJ):    0.071ns
    Total Input Jitter      (TIJ):    0.000ns
    Discrete Jitter          (DJ):    0.000ns
    Phase Error              (PE):    0.000ns

    Location             Delay type                Incr(ns)  Path(ns)    Netlist Resource(s)
  -------------------------------------------------------------------    -------------------
                         (clock clk rise edge)        0.000     0.000 r  
    AE23                                              0.000     0.000 r  clk (IN)
                         net (fo=0)                   0.000     0.000    clk
    AE23                 IBUF (Prop_ibuf_I_O)         0.734     0.734 r  clk_IBUF_inst/O
                         net (fo=1, routed)           2.651     3.385    clk_IBUF
    BUFGCTRL_X0Y0        BUFG (Prop_bufg_I_O)         0.093     3.478 r  u_bufg/O
                         net (fo=5748, routed)        1.799     5.277    u_soc/Core_cpu/u_ifu_subsys/u_icache/clk_buf
    SLICE_X26Y30         FDRE                                         r  u_soc/Core_cpu/u_ifu_subsys/u_icache/q_pc_q_reg[9]/C
  -------------------------------------------------------------------    -------------------
    SLICE_X26Y30         FDRE (Prop_fdre_C_Q)         0.223     5.500 r  u_soc/Core_cpu/u_ifu_subsys/u_icache/q_pc_q_reg[9]/Q
                         net (fo=148, routed)         0.479     5.980    u_soc/Core_cpu/u_ifu_subsys/g_tage.u_tage/g_tab[1].tg_p_reg_r1_0_63_0_2/ADDRA5
    SLICE_X22Y32         RAMD64E (Prop_ramd64e_RADR5_O)
                                                      0.043     6.023 r  u_soc/Core_cpu/u_ifu_subsys/g_tage.u_tage/g_tab[1].tg_p_reg_r1_0_63_0_2/RAMA/O
                         net (fo=1, routed)           0.360     6.383    u_soc/Core_cpu/u_ifu_subsys/g_tage.u_tage/g_tab[1].tg_p_reg_r1_0_63_0_2_n_0
    SLICE_X23Y33         LUT6 (Prop_lut6_I0_O)        0.043     6.426 r  u_soc/Core_cpu/u_ifu_subsys/g_tage.u_tage/ent_q[6][150]_i_68/O
                         net (fo=8, routed)           0.367     6.793    u_soc/Core_cpu/u_ifu_subsys/g_tage.u_tage/ent_q[6][150]_i_68_n_0
    SLICE_X23Y34         LUT3 (Prop_lut3_I2_O)        0.043     6.836 r  u_soc/Core_cpu/u_ifu_subsys/g_tage.u_tage/id_bht_chk[22]_i_33/O
                         net (fo=14, routed)          0.718     7.554    u_soc/Core_cpu/u_ifu_subsys/g_tage.u_tage/id_bht_chk[22]_i_33_n_0
    SLICE_X25Y36         LUT6 (Prop_lut6_I2_O)        0.043     7.597 r  u_soc/Core_cpu/u_ifu_subsys/g_tage.u_tage/ent_q[6][150]_i_48/O
                         net (fo=2, routed)           0.324     7.922    u_soc/Core_cpu/u_ifu_subsys/g_tage.u_tage/ent_q[6][150]_i_48_n_0
    SLICE_X26Y36         LUT6 (Prop_lut6_I2_O)        0.043     7.965 r  u_soc/Core_cpu/u_ifu_subsys/g_tage.u_tage/ent_q[6][150]_i_26/O
                         net (fo=1, routed)           0.360     8.325    u_soc/Core_cpu/u_ifu_subsys/g_tage.u_tage/ent_q[6][150]_i_26_n_0
    SLICE_X26Y36         LUT6 (Prop_lut6_I1_O)        0.043     8.368 f  u_soc/Core_cpu/u_ifu_subsys/g_tage.u_tage/ent_q[6][150]_i_12/O
                         net (fo=5, routed)           0.208     8.575    u_soc/Core_cpu/u_ifu_subsys/u_btb/q_t0_idx[1]_i_10_3
    SLICE_X28Y36         LUT6 (Prop_lut6_I3_O)        0.043     8.618 f  u_soc/Core_cpu/u_ifu_subsys/u_btb/q_t0_idx[1]_i_17/O
                         net (fo=21, routed)          0.348     8.966    u_soc/Core_cpu/u_ifu_subsys/u_btb/btb_t2
    SLICE_X29Y35         LUT3 (Prop_lut3_I0_O)        0.043     9.009 r  u_soc/Core_cpu/u_ifu_subsys/u_btb/id_pred_npc[31]_i_5/O
                         net (fo=5, routed)           0.370     9.379    u_soc/Core_cpu/u_ifu_subsys/u_icache/u_tag_way1/u_prim/taken_slot[0]
    SLICE_X28Y35         LUT6 (Prop_lut6_I1_O)        0.043     9.422 r  u_soc/Core_cpu/u_ifu_subsys/u_icache/u_tag_way1/u_prim/cnt_q[0]_i_4/O
                         net (fo=2, routed)           0.257     9.679    u_soc/Core_cpu/u_ifu_subsys/u_ibuf/push_num[0]
    SLICE_X28Y36         LUT4 (Prop_lut4_I1_O)        0.043     9.722 r  u_soc/Core_cpu/u_ifu_subsys/u_ibuf/cnt_q[0]_i_2/O
                         net (fo=10, routed)          0.439    10.161    u_soc/Core_cpu/u_ifu_subsys/u_ibuf/ib_push_acc[0]
    SLICE_X29Y39         LUT3 (Prop_lut3_I1_O)        0.043    10.204 r  u_soc/Core_cpu/u_ifu_subsys/u_ibuf/cnt_q[0]_i_6/O
                         net (fo=113, routed)         0.799    11.003    u_soc/Core_cpu/u_ifu_subsys/u_btb/ent_q[6][79]_i_6
    SLICE_X49Y38         LUT5 (Prop_lut5_I4_O)        0.043    11.046 r  u_soc/Core_cpu/u_ifu_subsys/u_btb/ent_q[6][66]_i_7/O
                         net (fo=9, routed)           0.441    11.487    u_soc/Core_cpu/u_ifu_subsys/u_ibuf/ent_q_reg[1][79]_0[0]
    SLICE_X53Y37         LUT5 (Prop_lut5_I0_O)        0.043    11.530 r  u_soc/Core_cpu/u_ifu_subsys/u_ibuf/ent_q[6][66]_i_5/O
                         net (fo=1, routed)           0.150    11.680    u_soc/Core_cpu/u_ifu_subsys/u_btb/ent_q_reg[0][66]_0
    SLICE_X53Y37         LUT5 (Prop_lut5_I4_O)        0.043    11.723 r  u_soc/Core_cpu/u_ifu_subsys/u_btb/ent_q[6][66]_i_3/O
                         net (fo=8, routed)           0.370    12.093    u_soc/Core_cpu/u_ifu_subsys/u_ibuf/ent_q_reg[0][66]_0
    SLICE_X55Y37         LUT6 (Prop_lut6_I3_O)        0.043    12.136 r  u_soc/Core_cpu/u_ifu_subsys/u_ibuf/ent_q[3][66]_i_1/O
                         net (fo=1, routed)           0.000    12.136    u_soc/Core_cpu/u_ifu_subsys/u_ibuf/ent_q[3][66]_i_1_n_0
    SLICE_X55Y37         FDRE                                         r  u_soc/Core_cpu/u_ifu_subsys/u_ibuf/ent_q_reg[3][66]/D
  -------------------------------------------------------------------    -------------------

                         (clock clk rise edge)        7.500     7.500 r  
    AE23                                              0.000     7.500 r  clk (IN)
                         net (fo=0)                   0.000     7.500    clk
    AE23                 IBUF (Prop_ibuf_I_O)         0.660     8.160 r  clk_IBUF_inst/O
                         net (fo=1, routed)           2.516    10.676    clk_IBUF
    BUFGCTRL_X0Y0        BUFG (Prop_bufg_I_O)         0.083    10.759 r  u_bufg/O
                         net (fo=5748, routed)        1.597    12.356    u_soc/Core_cpu/u_ifu_subsys/u_ibuf/clk_buf
    SLICE_X55Y37         FDRE                                         r  u_soc/Core_cpu/u_ifu_subsys/u_ibuf/ent_q_reg[3][66]/C
                         clock pessimism              0.312    12.667    
                         clock uncertainty           -0.035    12.632    
    SLICE_X55Y37         FDRE (Setup_fdre_C_D)        0.034    12.666    u_soc/Core_cpu/u_ifu_subsys/u_ibuf/ent_q_reg[3][66]
  -------------------------------------------------------------------
                         required time                         12.666    
                         arrival time                         -12.136    
  -------------------------------------------------------------------
                         slack                                  0.530    

Slack (MET) :             0.530ns  (required time - arrival time)
  Source:                 u_soc/Core_cpu/u_ifu_subsys/u_icache/q_pc_q_reg[9]/C
                            (rising edge-triggered cell FDRE clocked by clk  {rise@0.000ns fall@3.750ns period=7.500ns})
  Destination:            u_soc/Core_cpu/u_ifu_subsys/u_ibuf/ent_q_reg[3][66]/D
                            (rising edge-triggered cell FDRE clocked by clk  {rise@0.000ns fall@3.750ns period=7.500ns})
  Path Group:             clk
  Path Type:              Setup (Max at Slow Process Corner)
  Requirement:            7.500ns  (clk rise@7.500ns - clk rise@0.000ns)
  Data Path Delay:        6.858ns  (logic 0.868ns (12.656%)  route 5.990ns (87.344%))
  Logic Levels:           15  (LUT3=3 LUT4=1 LUT5=3 LUT6=7 RAMD64E=1)
  Clock Path Skew:        -0.110ns (DCD - SCD + CPR)
    Destination Clock Delay (DCD):    4.856ns = ( 12.356 - 7.500 ) 
    Source Clock Delay      (SCD):    5.277ns
    Clock Pessimism Removal (CPR):    0.312ns
  Clock Uncertainty:      0.035ns  ((TSJ^2 + TIJ^2)^1/2 + DJ) / 2 + PE
    Total System Jitter     (TSJ):    0.071ns
    Total Input Jitter      (TIJ):    0.000ns
    Discrete Jitter          (DJ):    0.000ns
    Phase Error              (PE):    0.000ns

    Location             Delay type                Incr(ns)  Path(ns)    Netlist Resource(s)
  -------------------------------------------------------------------    -------------------
                         (clock clk rise edge)        0.000     0.000 r  
    AE23                                              0.000     0.000 r  clk (IN)
                         net (fo=0)                   0.000     0.000    clk
    AE23                 IBUF (Prop_ibuf_I_O)         0.734     0.734 r  clk_IBUF_inst/O
                         net (fo=1, routed)           2.651     3.385    clk_IBUF
    BUFGCTRL_X0Y0        BUFG (Prop_bufg_I_O)         0.093     3.478 r  u_bufg/O
                         net (fo=5748, routed)        1.799     5.277    u_soc/Core_cpu/u_ifu_subsys/u_icache/clk_buf
    SLICE_X26Y30         FDRE                                         r  u_soc/Core_cpu/u_ifu_subsys/u_icache/q_pc_q_reg[9]/C
  -------------------------------------------------------------------    -------------------
    SLICE_X26Y30         FDRE (Prop_fdre_C_Q)         0.223     5.500 r  u_soc/Core_cpu/u_ifu_subsys/u_icache/q_pc_q_reg[9]/Q
                         net (fo=148, routed)         0.479     5.980    u_soc/Core_cpu/u_ifu_subsys/g_tage.u_tage/g_tab[1].tg_p_reg_r1_0_63_0_2/ADDRA5
    SLICE_X22Y32         RAMD64E (Prop_ramd64e_RADR5_O)
                                                      0.043     6.023 r  u_soc/Core_cpu/u_ifu_subsys/g_tage.u_tage/g_tab[1].tg_p_reg_r1_0_63_0_2/RAMA/O
                         net (fo=1, routed)           0.360     6.383    u_soc/Core_cpu/u_ifu_subsys/g_tage.u_tage/g_tab[1].tg_p_reg_r1_0_63_0_2_n_0
    SLICE_X23Y33         LUT6 (Prop_lut6_I0_O)        0.043     6.426 f  u_soc/Core_cpu/u_ifu_subsys/g_tage.u_tage/ent_q[6][150]_i_68/O
                         net (fo=8, routed)           0.367     6.793    u_soc/Core_cpu/u_ifu_subsys/g_tage.u_tage/ent_q[6][150]_i_68_n_0
    SLICE_X23Y34         LUT3 (Prop_lut3_I2_O)        0.043     6.836 f  u_soc/Core_cpu/u_ifu_subsys/g_tage.u_tage/id_bht_chk[22]_i_33/O
                         net (fo=14, routed)          0.718     7.554    u_soc/Core_cpu/u_ifu_subsys/g_tage.u_tage/id_bht_chk[22]_i_33_n_0
    SLICE_X25Y36         LUT6 (Prop_lut6_I2_O)        0.043     7.597 f  u_soc/Core_cpu/u_ifu_subsys/g_tage.u_tage/ent_q[6][150]_i_48/O
                         net (fo=2, routed)           0.324     7.922    u_soc/Core_cpu/u_ifu_subsys/g_tage.u_tage/ent_q[6][150]_i_48_n_0
    SLICE_X26Y36         LUT6 (Prop_lut6_I2_O)        0.043     7.965 r  u_soc/Core_cpu/u_ifu_subsys/g_tage.u_tage/ent_q[6][150]_i_26/O
                         net (fo=1, routed)           0.360     8.325    u_soc/Core_cpu/u_ifu_subsys/g_tage.u_tage/ent_q[6][150]_i_26_n_0
    SLICE_X26Y36         LUT6 (Prop_lut6_I1_O)        0.043     8.368 f  u_soc/Core_cpu/u_ifu_subsys/g_tage.u_tage/ent_q[6][150]_i_12/O
                         net (fo=5, routed)           0.208     8.575    u_soc/Core_cpu/u_ifu_subsys/u_btb/q_t0_idx[1]_i_10_3
    SLICE_X28Y36         LUT6 (Prop_lut6_I3_O)        0.043     8.618 f  u_soc/Core_cpu/u_ifu_subsys/u_btb/q_t0_idx[1]_i_17/O
                         net (fo=21, routed)          0.348     8.966    u_soc/Core_cpu/u_ifu_subsys/u_btb/btb_t2
    SLICE_X29Y35         LUT3 (Prop_lut3_I0_O)        0.043     9.009 r  u_soc/Core_cpu/u_ifu_subsys/u_btb/id_pred_npc[31]_i_5/O
                         net (fo=5, routed)           0.370     9.379    u_soc/Core_cpu/u_ifu_subsys/u_icache/u_tag_way1/u_prim/taken_slot[0]
    SLICE_X28Y35         LUT6 (Prop_lut6_I1_O)        0.043     9.422 r  u_soc/Core_cpu/u_ifu_subsys/u_icache/u_tag_way1/u_prim/cnt_q[0]_i_4/O
                         net (fo=2, routed)           0.257     9.679    u_soc/Core_cpu/u_ifu_subsys/u_ibuf/push_num[0]
    SLICE_X28Y36         LUT4 (Prop_lut4_I1_O)        0.043     9.722 r  u_soc/Core_cpu/u_ifu_subsys/u_ibuf/cnt_q[0]_i_2/O
                         net (fo=10, routed)          0.439    10.161    u_soc/Core_cpu/u_ifu_subsys/u_ibuf/ib_push_acc[0]
    SLICE_X29Y39         LUT3 (Prop_lut3_I1_O)        0.043    10.204 r  u_soc/Core_cpu/u_ifu_subsys/u_ibuf/cnt_q[0]_i_6/O
                         net (fo=113, routed)         0.799    11.003    u_soc/Core_cpu/u_ifu_subsys/u_btb/ent_q[6][79]_i_6
    SLICE_X49Y38         LUT5 (Prop_lut5_I4_O)        0.043    11.046 r  u_soc/Core_cpu/u_ifu_subsys/u_btb/ent_q[6][66]_i_7/O
                         net (fo=9, routed)           0.441    11.487    u_soc/Core_cpu/u_ifu_subsys/u_ibuf/ent_q_reg[1][79]_0[0]
    SLICE_X53Y37         LUT5 (Prop_lut5_I0_O)        0.043    11.530 r  u_soc/Core_cpu/u_ifu_subsys/u_ibuf/ent_q[6][66]_i_5/O
                         net (fo=1, routed)           0.150    11.680    u_soc/Core_cpu/u_ifu_subsys/u_btb/ent_q_reg[0][66]_0
    SLICE_X53Y37         LUT5 (Prop_lut5_I4_O)        0.043    11.723 r  u_soc/Core_cpu/u_ifu_subsys/u_btb/ent_q[6][66]_i_3/O
                         net (fo=8, routed)           0.370    12.093    u_soc/Core_cpu/u_ifu_subsys/u_ibuf/ent_q_reg[0][66]_0
    SLICE_X55Y37         LUT6 (Prop_lut6_I3_O)        0.043    12.136 r  u_soc/Core_cpu/u_ifu_subsys/u_ibuf/ent_q[3][66]_i_1/O
                         net (fo=1, routed)           0.000    12.136    u_soc/Core_cpu/u_ifu_subsys/u_ibuf/ent_q[3][66]_i_1_n_0
    SLICE_X55Y37         FDRE                                         r  u_soc/Core_cpu/u_ifu_subsys/u_ibuf/ent_q_reg[3][66]/D
  -------------------------------------------------------------------    -------------------

                         (clock clk rise edge)        7.500     7.500 r  
    AE23                                              0.000     7.500 r  clk (IN)
                         net (fo=0)                   0.000     7.500    clk
    AE23                 IBUF (Prop_ibuf_I_O)         0.660     8.160 r  clk_IBUF_inst/O
                         net (fo=1, routed)           2.516    10.676    clk_IBUF
    BUFGCTRL_X0Y0        BUFG (Prop_bufg_I_O)         0.083    10.759 r  u_bufg/O
                         net (fo=5748, routed)        1.597    12.356    u_soc/Core_cpu/u_ifu_subsys/u_ibuf/clk_buf
    SLICE_X55Y37         FDRE                                         r  u_soc/Core_cpu/u_ifu_subsys/u_ibuf/ent_q_reg[3][66]/C
                         clock pessimism              0.312    12.667    
                         clock uncertainty           -0.035    12.632    
    SLICE_X55Y37         FDRE (Setup_fdre_C_D)        0.034    12.666    u_soc/Core_cpu/u_ifu_subsys/u_ibuf/ent_q_reg[3][66]
  -------------------------------------------------------------------
                         required time                         12.666    
                         arrival time                         -12.136    
  -------------------------------------------------------------------
                         slack                                  0.530    

Slack (MET) :             0.530ns  (required time - arrival time)
  Source:                 u_soc/Core_cpu/u_ifu_subsys/u_icache/q_pc_q_reg[9]/C
                            (rising edge-triggered cell FDRE clocked by clk  {rise@0.000ns fall@3.750ns period=7.500ns})
  Destination:            u_soc/Core_cpu/u_ifu_subsys/u_ibuf/ent_q_reg[3][66]/D
                            (rising edge-triggered cell FDRE clocked by clk  {rise@0.000ns fall@3.750ns period=7.500ns})
  Path Group:             clk
  Path Type:              Setup (Max at Slow Process Corner)
  Requirement:            7.500ns  (clk rise@7.500ns - clk rise@0.000ns)
  Data Path Delay:        6.858ns  (logic 0.868ns (12.656%)  route 5.990ns (87.344%))
  Logic Levels:           15  (LUT3=3 LUT4=1 LUT5=3 LUT6=7 RAMD64E=1)
  Clock Path Skew:        -0.110ns (DCD - SCD + CPR)
    Destination Clock Delay (DCD):    4.856ns = ( 12.356 - 7.500 ) 
    Source Clock Delay      (SCD):    5.277ns
    Clock Pessimism Removal (CPR):    0.312ns
  Clock Uncertainty:      0.035ns  ((TSJ^2 + TIJ^2)^1/2 + DJ) / 2 + PE
    Total System Jitter     (TSJ):    0.071ns
    Total Input Jitter      (TIJ):    0.000ns
    Discrete Jitter          (DJ):    0.000ns
    Phase Error              (PE):    0.000ns

    Location             Delay type                Incr(ns)  Path(ns)    Netlist Resource(s)
  -------------------------------------------------------------------    -------------------
                         (clock clk rise edge)        0.000     0.000 r  
    AE23                                              0.000     0.000 r  clk (IN)
                         net (fo=0)                   0.000     0.000    clk
    AE23                 IBUF (Prop_ibuf_I_O)         0.734     0.734 r  clk_IBUF_inst/O
                         net (fo=1, routed)           2.651     3.385    clk_IBUF
    BUFGCTRL_X0Y0        BUFG (Prop_bufg_I_O)         0.093     3.478 r  u_bufg/O
                         net (fo=5748, routed)        1.799     5.277    u_soc/Core_cpu/u_ifu_subsys/u_icache/clk_buf
    SLICE_X26Y30         FDRE                                         r  u_soc/Core_cpu/u_ifu_subsys/u_icache/q_pc_q_reg[9]/C
  -------------------------------------------------------------------    -------------------
    SLICE_X26Y30         FDRE (Prop_fdre_C_Q)         0.223     5.500 r  u_soc/Core_cpu/u_ifu_subsys/u_icache/q_pc_q_reg[9]/Q
                         net (fo=148, routed)         0.479     5.980    u_soc/Core_cpu/u_ifu_subsys/g_tage.u_tage/g_tab[1].tg_p_reg_r1_0_63_0_2/ADDRA5
    SLICE_X22Y32         RAMD64E (Prop_ramd64e_RADR5_O)
                                                      0.043     6.023 r  u_soc/Core_cpu/u_ifu_subsys/g_tage.u_tage/g_tab[1].tg_p_reg_r1_0_63_0_2/RAMA/O
                         net (fo=1, routed)           0.360     6.383    u_soc/Core_cpu/u_ifu_subsys/g_tage.u_tage/g_tab[1].tg_p_reg_r1_0_63_0_2_n_0
    SLICE_X23Y33         LUT6 (Prop_lut6_I0_O)        0.043     6.426 r  u_soc/Core_cpu/u_ifu_subsys/g_tage.u_tage/ent_q[6][150]_i_68/O
                         net (fo=8, routed)           0.367     6.793    u_soc/Core_cpu/u_ifu_subsys/g_tage.u_tage/ent_q[6][150]_i_68_n_0
    SLICE_X23Y34         LUT3 (Prop_lut3_I2_O)        0.043     6.836 r  u_soc/Core_cpu/u_ifu_subsys/g_tage.u_tage/id_bht_chk[22]_i_33/O
                         net (fo=14, routed)          0.718     7.554    u_soc/Core_cpu/u_ifu_subsys/g_tage.u_tage/id_bht_chk[22]_i_33_n_0
    SLICE_X25Y36         LUT6 (Prop_lut6_I2_O)        0.043     7.597 r  u_soc/Core_cpu/u_ifu_subsys/g_tage.u_tage/ent_q[6][150]_i_48/O
                         net (fo=2, routed)           0.324     7.922    u_soc/Core_cpu/u_ifu_subsys/g_tage.u_tage/ent_q[6][150]_i_48_n_0
    SLICE_X26Y36         LUT6 (Prop_lut6_I2_O)        0.043     7.965 f  u_soc/Core_cpu/u_ifu_subsys/g_tage.u_tage/ent_q[6][150]_i_26/O
                         net (fo=1, routed)           0.360     8.325    u_soc/Core_cpu/u_ifu_subsys/g_tage.u_tage/ent_q[6][150]_i_26_n_0
    SLICE_X26Y36         LUT6 (Prop_lut6_I1_O)        0.043     8.368 f  u_soc/Core_cpu/u_ifu_subsys/g_tage.u_tage/ent_q[6][150]_i_12/O
                         net (fo=5, routed)           0.208     8.575    u_soc/Core_cpu/u_ifu_subsys/u_btb/q_t0_idx[1]_i_10_3
    SLICE_X28Y36         LUT6 (Prop_lut6_I3_O)        0.043     8.618 f  u_soc/Core_cpu/u_ifu_subsys/u_btb/q_t0_idx[1]_i_17/O
                         net (fo=21, routed)          0.348     8.966    u_soc/Core_cpu/u_ifu_subsys/u_btb/btb_t2
    SLICE_X29Y35         LUT3 (Prop_lut3_I0_O)        0.043     9.009 r  u_soc/Core_cpu/u_ifu_subsys/u_btb/id_pred_npc[31]_i_5/O
                         net (fo=5, routed)           0.370     9.379    u_soc/Core_cpu/u_ifu_subsys/u_icache/u_tag_way1/u_prim/taken_slot[0]
    SLICE_X28Y35         LUT6 (Prop_lut6_I1_O)        0.043     9.422 r  u_soc/Core_cpu/u_ifu_subsys/u_icache/u_tag_way1/u_prim/cnt_q[0]_i_4/O
                         net (fo=2, routed)           0.257     9.679    u_soc/Core_cpu/u_ifu_subsys/u_ibuf/push_num[0]
    SLICE_X28Y36         LUT4 (Prop_lut4_I1_O)        0.043     9.722 r  u_soc/Core_cpu/u_ifu_subsys/u_ibuf/cnt_q[0]_i_2/O
                         net (fo=10, routed)          0.439    10.161    u_soc/Core_cpu/u_ifu_subsys/u_ibuf/ib_push_acc[0]
    SLICE_X29Y39         LUT3 (Prop_lut3_I1_O)        0.043    10.204 r  u_soc/Core_cpu/u_ifu_subsys/u_ibuf/cnt_q[0]_i_6/O
                         net (fo=113, routed)         0.799    11.003    u_soc/Core_cpu/u_ifu_subsys/u_btb/ent_q[6][79]_i_6
    SLICE_X49Y38         LUT5 (Prop_lut5_I4_O)        0.043    11.046 r  u_soc/Core_cpu/u_ifu_subsys/u_btb/ent_q[6][66]_i_7/O
                         net (fo=9, routed)           0.441    11.487    u_soc/Core_cpu/u_ifu_subsys/u_ibuf/ent_q_reg[1][79]_0[0]
    SLICE_X53Y37         LUT5 (Prop_lut5_I0_O)        0.043    11.530 r  u_soc/Core_cpu/u_ifu_subsys/u_ibuf/ent_q[6][66]_i_5/O
                         net (fo=1, routed)           0.150    11.680    u_soc/Core_cpu/u_ifu_subsys/u_btb/ent_q_reg[0][66]_0
    SLICE_X53Y37         LUT5 (Prop_lut5_I4_O)        0.043    11.723 r  u_soc/Core_cpu/u_ifu_subsys/u_btb/ent_q[6][66]_i_3/O
                         net (fo=8, routed)           0.370    12.093    u_soc/Core_cpu/u_ifu_subsys/u_ibuf/ent_q_reg[0][66]_0
    SLICE_X55Y37         LUT6 (Prop_lut6_I3_O)        0.043    12.136 r  u_soc/Core_cpu/u_ifu_subsys/u_ibuf/ent_q[3][66]_i_1/O
                         net (fo=1, routed)           0.000    12.136    u_soc/Core_cpu/u_ifu_subsys/u_ibuf/ent_q[3][66]_i_1_n_0
    SLICE_X55Y37         FDRE                                         r  u_soc/Core_cpu/u_ifu_subsys/u_ibuf/ent_q_reg[3][66]/D
  -------------------------------------------------------------------    -------------------

                         (clock clk rise edge)        7.500     7.500 r  
    AE23                                              0.000     7.500 r  clk (IN)
                         net (fo=0)                   0.000     7.500    clk
    AE23                 IBUF (Prop_ibuf_I_O)         0.660     8.160 r  clk_IBUF_inst/O
                         net (fo=1, routed)           2.516    10.676    clk_IBUF
    BUFGCTRL_X0Y0        BUFG (Prop_bufg_I_O)         0.083    10.759 r  u_bufg/O
                         net (fo=5748, routed)        1.597    12.356    u_soc/Core_cpu/u_ifu_subsys/u_ibuf/clk_buf
    SLICE_X55Y37         FDRE                                         r  u_soc/Core_cpu/u_ifu_subsys/u_ibuf/ent_q_reg[3][66]/C
                         clock pessimism              0.312    12.667    
                         clock uncertainty           -0.035    12.632    
    SLICE_X55Y37         FDRE (Setup_fdre_C_D)        0.034    12.666    u_soc/Core_cpu/u_ifu_subsys/u_ibuf/ent_q_reg[3][66]
  -------------------------------------------------------------------
                         required time                         12.666    
                         arrival time                         -12.136    
  -------------------------------------------------------------------
                         slack                                  0.530    

Slack (MET) :             0.537ns  (required time - arrival time)
  Source:                 u_soc/Core_cpu/u_ifu_subsys/u_icache/q_pc_q_reg[9]/C
                            (rising edge-triggered cell FDRE clocked by clk  {rise@0.000ns fall@3.750ns period=7.500ns})
  Destination:            u_soc/Core_cpu/u_ifu_subsys/u_ibuf/ent_q_reg[0][129]/D
                            (rising edge-triggered cell FDRE clocked by clk  {rise@0.000ns fall@3.750ns period=7.500ns})
  Path Group:             clk
  Path Type:              Setup (Max at Slow Process Corner)
  Requirement:            7.500ns  (clk rise@7.500ns - clk rise@0.000ns)
  Data Path Delay:        6.719ns  (logic 0.868ns (12.919%)  route 5.851ns (87.081%))
  Logic Levels:           15  (LUT3=3 LUT4=2 LUT5=2 LUT6=7 RAMD64E=1)
  Clock Path Skew:        -0.275ns (DCD - SCD + CPR)
    Destination Clock Delay (DCD):    4.766ns = ( 12.266 - 7.500 ) 
    Source Clock Delay      (SCD):    5.277ns
    Clock Pessimism Removal (CPR):    0.237ns
  Clock Uncertainty:      0.035ns  ((TSJ^2 + TIJ^2)^1/2 + DJ) / 2 + PE
    Total System Jitter     (TSJ):    0.071ns
    Total Input Jitter      (TIJ):    0.000ns
    Discrete Jitter          (DJ):    0.000ns
    Phase Error              (PE):    0.000ns

    Location             Delay type                Incr(ns)  Path(ns)    Netlist Resource(s)
  -------------------------------------------------------------------    -------------------
                         (clock clk rise edge)        0.000     0.000 r  
    AE23                                              0.000     0.000 r  clk (IN)
                         net (fo=0)                   0.000     0.000    clk
    AE23                 IBUF (Prop_ibuf_I_O)         0.734     0.734 r  clk_IBUF_inst/O
                         net (fo=1, routed)           2.651     3.385    clk_IBUF
    BUFGCTRL_X0Y0        BUFG (Prop_bufg_I_O)         0.093     3.478 r  u_bufg/O
                         net (fo=5748, routed)        1.799     5.277    u_soc/Core_cpu/u_ifu_subsys/u_icache/clk_buf
    SLICE_X26Y30         FDRE                                         r  u_soc/Core_cpu/u_ifu_subsys/u_icache/q_pc_q_reg[9]/C
  -------------------------------------------------------------------    -------------------
    SLICE_X26Y30         FDRE (Prop_fdre_C_Q)         0.223     5.500 r  u_soc/Core_cpu/u_ifu_subsys/u_icache/q_pc_q_reg[9]/Q
                         net (fo=148, routed)         0.479     5.980    u_soc/Core_cpu/u_ifu_subsys/g_tage.u_tage/g_tab[1].tg_p_reg_r1_0_63_0_2/ADDRA5
    SLICE_X22Y32         RAMD64E (Prop_ramd64e_RADR5_O)
                                                      0.043     6.023 r  u_soc/Core_cpu/u_ifu_subsys/g_tage.u_tage/g_tab[1].tg_p_reg_r1_0_63_0_2/RAMA/O
                         net (fo=1, routed)           0.360     6.383    u_soc/Core_cpu/u_ifu_subsys/g_tage.u_tage/g_tab[1].tg_p_reg_r1_0_63_0_2_n_0
    SLICE_X23Y33         LUT6 (Prop_lut6_I0_O)        0.043     6.426 r  u_soc/Core_cpu/u_ifu_subsys/g_tage.u_tage/ent_q[6][150]_i_68/O
                         net (fo=8, routed)           0.367     6.793    u_soc/Core_cpu/u_ifu_subsys/g_tage.u_tage/ent_q[6][150]_i_68_n_0
    SLICE_X23Y34         LUT3 (Prop_lut3_I2_O)        0.043     6.836 r  u_soc/Core_cpu/u_ifu_subsys/g_tage.u_tage/id_bht_chk[22]_i_33/O
                         net (fo=14, routed)          0.718     7.554    u_soc/Core_cpu/u_ifu_subsys/g_tage.u_tage/id_bht_chk[22]_i_33_n_0
    SLICE_X25Y36         LUT6 (Prop_lut6_I2_O)        0.043     7.597 r  u_soc/Core_cpu/u_ifu_subsys/g_tage.u_tage/ent_q[6][150]_i_48/O
                         net (fo=2, routed)           0.324     7.922    u_soc/Core_cpu/u_ifu_subsys/g_tage.u_tage/ent_q[6][150]_i_48_n_0
    SLICE_X26Y36         LUT6 (Prop_lut6_I2_O)        0.043     7.965 r  u_soc/Core_cpu/u_ifu_subsys/g_tage.u_tage/ent_q[6][150]_i_26/O
                         net (fo=1, routed)           0.360     8.325    u_soc/Core_cpu/u_ifu_subsys/g_tage.u_tage/ent_q[6][150]_i_26_n_0
    SLICE_X26Y36         LUT6 (Prop_lut6_I1_O)        0.043     8.368 f  u_soc/Core_cpu/u_ifu_subsys/g_tage.u_tage/ent_q[6][150]_i_12/O
                         net (fo=5, routed)           0.208     8.575    u_soc/Core_cpu/u_ifu_subsys/u_btb/q_t0_idx[1]_i_10_3
    SLICE_X28Y36         LUT6 (Prop_lut6_I3_O)        0.043     8.618 f  u_soc/Core_cpu/u_ifu_subsys/u_btb/q_t0_idx[1]_i_17/O
                         net (fo=21, routed)          0.348     8.966    u_soc/Core_cpu/u_ifu_subsys/u_btb/btb_t2
    SLICE_X29Y35         LUT3 (Prop_lut3_I0_O)        0.043     9.009 r  u_soc/Core_cpu/u_ifu_subsys/u_btb/id_pred_npc[31]_i_5/O
                         net (fo=5, routed)           0.370     9.379    u_soc/Core_cpu/u_ifu_subsys/u_icache/u_tag_way1/u_prim/taken_slot[0]
    SLICE_X28Y35         LUT6 (Prop_lut6_I1_O)        0.043     9.422 r  u_soc/Core_cpu/u_ifu_subsys/u_icache/u_tag_way1/u_prim/cnt_q[0]_i_4/O
                         net (fo=2, routed)           0.257     9.679    u_soc/Core_cpu/u_ifu_subsys/u_ibuf/push_num[0]
    SLICE_X28Y36         LUT4 (Prop_lut4_I1_O)        0.043     9.722 r  u_soc/Core_cpu/u_ifu_subsys/u_ibuf/cnt_q[0]_i_2/O
                         net (fo=10, routed)          0.439    10.161    u_soc/Core_cpu/u_ifu_subsys/u_ibuf/ib_push_acc[0]
    SLICE_X29Y39         LUT3 (Prop_lut3_I1_O)        0.043    10.204 r  u_soc/Core_cpu/u_ifu_subsys/u_ibuf/cnt_q[0]_i_6/O
                         net (fo=113, routed)         0.557    10.761    u_soc/Core_cpu/u_ifu_subsys/u_ibuf/cnt_q_reg[4]_0
    SLICE_X23Y43         LUT5 (Prop_lut5_I4_O)        0.043    10.804 r  u_soc/Core_cpu/u_ifu_subsys/u_ibuf/ent_q[6][129]_i_5/O
                         net (fo=9, routed)           0.462    11.266    u_soc/Core_cpu/u_ifu_subsys/u_ibuf/p_0_in__0[129]
    SLICE_X19Y49         LUT5 (Prop_lut5_I2_O)        0.043    11.309 r  u_soc/Core_cpu/u_ifu_subsys/u_ibuf/ent_q[6][129]_i_3/O
                         net (fo=8, routed)           0.400    11.708    u_soc/Core_cpu/u_ifu_subsys/u_ibuf/ent_q[6][129]_i_3_n_0
    SLICE_X17Y50         LUT6 (Prop_lut6_I0_O)        0.043    11.751 r  u_soc/Core_cpu/u_ifu_subsys/u_ibuf/ent_q[0][129]_i_2/O
                         net (fo=1, routed)           0.202    11.953    u_soc/Core_cpu/u_ifu_subsys/u_ibuf/ent_q[0][129]_i_2_n_0
    SLICE_X12Y50         LUT4 (Prop_lut4_I3_O)        0.043    11.996 r  u_soc/Core_cpu/u_ifu_subsys/u_ibuf/ent_q[0][129]_i_1/O
                         net (fo=1, routed)           0.000    11.996    u_soc/Core_cpu/u_ifu_subsys/u_ibuf/ent_q[0][129]_i_1_n_0
    SLICE_X12Y50         FDRE                                         r  u_soc/Core_cpu/u_ifu_subsys/u_ibuf/ent_q_reg[0][129]/D
  -------------------------------------------------------------------    -------------------

                         (clock clk rise edge)        7.500     7.500 r  
    AE23                                              0.000     7.500 r  clk (IN)
                         net (fo=0)                   0.000     7.500    clk
    AE23                 IBUF (Prop_ibuf_I_O)         0.660     8.160 r  clk_IBUF_inst/O
                         net (fo=1, routed)           2.516    10.676    clk_IBUF
    BUFGCTRL_X0Y0        BUFG (Prop_bufg_I_O)         0.083    10.759 r  u_bufg/O
                         net (fo=5748, routed)        1.507    12.266    u_soc/Core_cpu/u_ifu_subsys/u_ibuf/clk_buf
    SLICE_X12Y50         FDRE                                         r  u_soc/Core_cpu/u_ifu_subsys/u_ibuf/ent_q_reg[0][129]/C
                         clock pessimism              0.237    12.502    
                         clock uncertainty           -0.035    12.467    
    SLICE_X12Y50         FDRE (Setup_fdre_C_D)        0.066    12.533    u_soc/Core_cpu/u_ifu_subsys/u_ibuf/ent_q_reg[0][129]
  -------------------------------------------------------------------
                         required time                         12.533    
                         arrival time                         -11.996    
  -------------------------------------------------------------------
                         slack                                  0.537    

Slack (MET) :             0.537ns  (required time - arrival time)
  Source:                 u_soc/Core_cpu/u_ifu_subsys/u_icache/q_pc_q_reg[9]/C
                            (rising edge-triggered cell FDRE clocked by clk  {rise@0.000ns fall@3.750ns period=7.500ns})
  Destination:            u_soc/Core_cpu/u_ifu_subsys/u_ibuf/ent_q_reg[0][129]/D
                            (rising edge-triggered cell FDRE clocked by clk  {rise@0.000ns fall@3.750ns period=7.500ns})
  Path Group:             clk
  Path Type:              Setup (Max at Slow Process Corner)
  Requirement:            7.500ns  (clk rise@7.500ns - clk rise@0.000ns)
  Data Path Delay:        6.719ns  (logic 0.868ns (12.919%)  route 5.851ns (87.081%))
  Logic Levels:           15  (LUT3=3 LUT4=2 LUT5=2 LUT6=7 RAMD64E=1)
  Clock Path Skew:        -0.275ns (DCD - SCD + CPR)
    Destination Clock Delay (DCD):    4.766ns = ( 12.266 - 7.500 ) 
    Source Clock Delay      (SCD):    5.277ns
    Clock Pessimism Removal (CPR):    0.237ns
  Clock Uncertainty:      0.035ns  ((TSJ^2 + TIJ^2)^1/2 + DJ) / 2 + PE
    Total System Jitter     (TSJ):    0.071ns
    Total Input Jitter      (TIJ):    0.000ns
    Discrete Jitter          (DJ):    0.000ns
    Phase Error              (PE):    0.000ns

    Location             Delay type                Incr(ns)  Path(ns)    Netlist Resource(s)
  -------------------------------------------------------------------    -------------------
                         (clock clk rise edge)        0.000     0.000 r  
    AE23                                              0.000     0.000 r  clk (IN)
                         net (fo=0)                   0.000     0.000    clk
    AE23                 IBUF (Prop_ibuf_I_O)         0.734     0.734 r  clk_IBUF_inst/O
                         net (fo=1, routed)           2.651     3.385    clk_IBUF
    BUFGCTRL_X0Y0        BUFG (Prop_bufg_I_O)         0.093     3.478 r  u_bufg/O
                         net (fo=5748, routed)        1.799     5.277    u_soc/Core_cpu/u_ifu_subsys/u_icache/clk_buf
    SLICE_X26Y30         FDRE                                         r  u_soc/Core_cpu/u_ifu_subsys/u_icache/q_pc_q_reg[9]/C
  -------------------------------------------------------------------    -------------------
    SLICE_X26Y30         FDRE (Prop_fdre_C_Q)         0.223     5.500 r  u_soc/Core_cpu/u_ifu_subsys/u_icache/q_pc_q_reg[9]/Q
                         net (fo=148, routed)         0.479     5.980    u_soc/Core_cpu/u_ifu_subsys/g_tage.u_tage/g_tab[1].tg_p_reg_r1_0_63_0_2/ADDRA5
    SLICE_X22Y32         RAMD64E (Prop_ramd64e_RADR5_O)
                                                      0.043     6.023 r  u_soc/Core_cpu/u_ifu_subsys/g_tage.u_tage/g_tab[1].tg_p_reg_r1_0_63_0_2/RAMA/O
                         net (fo=1, routed)           0.360     6.383    u_soc/Core_cpu/u_ifu_subsys/g_tage.u_tage/g_tab[1].tg_p_reg_r1_0_63_0_2_n_0
    SLICE_X23Y33         LUT6 (Prop_lut6_I0_O)        0.043     6.426 f  u_soc/Core_cpu/u_ifu_subsys/g_tage.u_tage/ent_q[6][150]_i_68/O
                         net (fo=8, routed)           0.367     6.793    u_soc/Core_cpu/u_ifu_subsys/g_tage.u_tage/ent_q[6][150]_i_68_n_0
    SLICE_X23Y34         LUT3 (Prop_lut3_I2_O)        0.043     6.836 f  u_soc/Core_cpu/u_ifu_subsys/g_tage.u_tage/id_bht_chk[22]_i_33/O
                         net (fo=14, routed)          0.718     7.554    u_soc/Core_cpu/u_ifu_subsys/g_tage.u_tage/id_bht_chk[22]_i_33_n_0
    SLICE_X25Y36         LUT6 (Prop_lut6_I2_O)        0.043     7.597 f  u_soc/Core_cpu/u_ifu_subsys/g_tage.u_tage/ent_q[6][150]_i_48/O
                         net (fo=2, routed)           0.324     7.922    u_soc/Core_cpu/u_ifu_subsys/g_tage.u_tage/ent_q[6][150]_i_48_n_0
    SLICE_X26Y36         LUT6 (Prop_lut6_I2_O)        0.043     7.965 r  u_soc/Core_cpu/u_ifu_subsys/g_tage.u_tage/ent_q[6][150]_i_26/O
                         net (fo=1, routed)           0.360     8.325    u_soc/Core_cpu/u_ifu_subsys/g_tage.u_tage/ent_q[6][150]_i_26_n_0
    SLICE_X26Y36         LUT6 (Prop_lut6_I1_O)        0.043     8.368 f  u_soc/Core_cpu/u_ifu_subsys/g_tage.u_tage/ent_q[6][150]_i_12/O
                         net (fo=5, routed)           0.208     8.575    u_soc/Core_cpu/u_ifu_subsys/u_btb/q_t0_idx[1]_i_10_3
    SLICE_X28Y36         LUT6 (Prop_lut6_I3_O)        0.043     8.618 f  u_soc/Core_cpu/u_ifu_subsys/u_btb/q_t0_idx[1]_i_17/O
                         net (fo=21, routed)          0.348     8.966    u_soc/Core_cpu/u_ifu_subsys/u_btb/btb_t2
    SLICE_X29Y35         LUT3 (Prop_lut3_I0_O)        0.043     9.009 r  u_soc/Core_cpu/u_ifu_subsys/u_btb/id_pred_npc[31]_i_5/O
                         net (fo=5, routed)           0.370     9.379    u_soc/Core_cpu/u_ifu_subsys/u_icache/u_tag_way1/u_prim/taken_slot[0]
    SLICE_X28Y35         LUT6 (Prop_lut6_I1_O)        0.043     9.422 r  u_soc/Core_cpu/u_ifu_subsys/u_icache/u_tag_way1/u_prim/cnt_q[0]_i_4/O
                         net (fo=2, routed)           0.257     9.679    u_soc/Core_cpu/u_ifu_subsys/u_ibuf/push_num[0]
    SLICE_X28Y36         LUT4 (Prop_lut4_I1_O)        0.043     9.722 r  u_soc/Core_cpu/u_ifu_subsys/u_ibuf/cnt_q[0]_i_2/O
                         net (fo=10, routed)          0.439    10.161    u_soc/Core_cpu/u_ifu_subsys/u_ibuf/ib_push_acc[0]
    SLICE_X29Y39         LUT3 (Prop_lut3_I1_O)        0.043    10.204 r  u_soc/Core_cpu/u_ifu_subsys/u_ibuf/cnt_q[0]_i_6/O
                         net (fo=113, routed)         0.557    10.761    u_soc/Core_cpu/u_ifu_subsys/u_ibuf/cnt_q_reg[4]_0
    SLICE_X23Y43         LUT5 (Prop_lut5_I4_O)        0.043    10.804 r  u_soc/Core_cpu/u_ifu_subsys/u_ibuf/ent_q[6][129]_i_5/O
                         net (fo=9, routed)           0.462    11.266    u_soc/Core_cpu/u_ifu_subsys/u_ibuf/p_0_in__0[129]
    SLICE_X19Y49         LUT5 (Prop_lut5_I2_O)        0.043    11.309 r  u_soc/Core_cpu/u_ifu_subsys/u_ibuf/ent_q[6][129]_i_3/O
                         net (fo=8, routed)           0.400    11.708    u_soc/Core_cpu/u_ifu_subsys/u_ibuf/ent_q[6][129]_i_3_n_0
    SLICE_X17Y50         LUT6 (Prop_lut6_I0_O)        0.043    11.751 r  u_soc/Core_cpu/u_ifu_subsys/u_ibuf/ent_q[0][129]_i_2/O
                         net (fo=1, routed)           0.202    11.953    u_soc/Core_cpu/u_ifu_subsys/u_ibuf/ent_q[0][129]_i_2_n_0
    SLICE_X12Y50         LUT4 (Prop_lut4_I3_O)        0.043    11.996 r  u_soc/Core_cpu/u_ifu_subsys/u_ibuf/ent_q[0][129]_i_1/O
                         net (fo=1, routed)           0.000    11.996    u_soc/Core_cpu/u_ifu_subsys/u_ibuf/ent_q[0][129]_i_1_n_0
    SLICE_X12Y50         FDRE                                         r  u_soc/Core_cpu/u_ifu_subsys/u_ibuf/ent_q_reg[0][129]/D
  -------------------------------------------------------------------    -------------------

                         (clock clk rise edge)        7.500     7.500 r  
    AE23                                              0.000     7.500 r  clk (IN)
                         net (fo=0)                   0.000     7.500    clk
    AE23                 IBUF (Prop_ibuf_I_O)         0.660     8.160 r  clk_IBUF_inst/O
                         net (fo=1, routed)           2.516    10.676    clk_IBUF
    BUFGCTRL_X0Y0        BUFG (Prop_bufg_I_O)         0.083    10.759 r  u_bufg/O
                         net (fo=5748, routed)        1.507    12.266    u_soc/Core_cpu/u_ifu_subsys/u_ibuf/clk_buf
    SLICE_X12Y50         FDRE                                         r  u_soc/Core_cpu/u_ifu_subsys/u_ibuf/ent_q_reg[0][129]/C
                         clock pessimism              0.237    12.502    
                         clock uncertainty           -0.035    12.467    
    SLICE_X12Y50         FDRE (Setup_fdre_C_D)        0.066    12.533    u_soc/Core_cpu/u_ifu_subsys/u_ibuf/ent_q_reg[0][129]
  -------------------------------------------------------------------
                         required time                         12.533    
                         arrival time                         -11.996    
  -------------------------------------------------------------------
                         slack                                  0.537    

Slack (MET) :             0.537ns  (required time - arrival time)
  Source:                 u_soc/Core_cpu/u_ifu_subsys/u_icache/q_pc_q_reg[9]/C
                            (rising edge-triggered cell FDRE clocked by clk  {rise@0.000ns fall@3.750ns period=7.500ns})
  Destination:            u_soc/Core_cpu/u_ifu_subsys/u_ibuf/ent_q_reg[0][129]/D
                            (rising edge-triggered cell FDRE clocked by clk  {rise@0.000ns fall@3.750ns period=7.500ns})
  Path Group:             clk
  Path Type:              Setup (Max at Slow Process Corner)
  Requirement:            7.500ns  (clk rise@7.500ns - clk rise@0.000ns)
  Data Path Delay:        6.719ns  (logic 0.868ns (12.919%)  route 5.851ns (87.081%))
  Logic Levels:           15  (LUT3=3 LUT4=2 LUT5=2 LUT6=7 RAMD64E=1)
  Clock Path Skew:        -0.275ns (DCD - SCD + CPR)
    Destination Clock Delay (DCD):    4.766ns = ( 12.266 - 7.500 ) 
    Source Clock Delay      (SCD):    5.277ns
    Clock Pessimism Removal (CPR):    0.237ns
  Clock Uncertainty:      0.035ns  ((TSJ^2 + TIJ^2)^1/2 + DJ) / 2 + PE
    Total System Jitter     (TSJ):    0.071ns
    Total Input Jitter      (TIJ):    0.000ns
    Discrete Jitter          (DJ):    0.000ns
    Phase Error              (PE):    0.000ns

    Location             Delay type                Incr(ns)  Path(ns)    Netlist Resource(s)
  -------------------------------------------------------------------    -------------------
                         (clock clk rise edge)        0.000     0.000 r  
    AE23                                              0.000     0.000 r  clk (IN)
                         net (fo=0)                   0.000     0.000    clk
    AE23                 IBUF (Prop_ibuf_I_O)         0.734     0.734 r  clk_IBUF_inst/O
                         net (fo=1, routed)           2.651     3.385    clk_IBUF
    BUFGCTRL_X0Y0        BUFG (Prop_bufg_I_O)         0.093     3.478 r  u_bufg/O
                         net (fo=5748, routed)        1.799     5.277    u_soc/Core_cpu/u_ifu_subsys/u_icache/clk_buf
    SLICE_X26Y30         FDRE                                         r  u_soc/Core_cpu/u_ifu_subsys/u_icache/q_pc_q_reg[9]/C
  -------------------------------------------------------------------    -------------------
    SLICE_X26Y30         FDRE (Prop_fdre_C_Q)         0.223     5.500 r  u_soc/Core_cpu/u_ifu_subsys/u_icache/q_pc_q_reg[9]/Q
                         net (fo=148, routed)         0.479     5.980    u_soc/Core_cpu/u_ifu_subsys/g_tage.u_tage/g_tab[1].tg_p_reg_r1_0_63_0_2/ADDRA5
    SLICE_X22Y32         RAMD64E (Prop_ramd64e_RADR5_O)
                                                      0.043     6.023 r  u_soc/Core_cpu/u_ifu_subsys/g_tage.u_tage/g_tab[1].tg_p_reg_r1_0_63_0_2/RAMA/O
                         net (fo=1, routed)           0.360     6.383    u_soc/Core_cpu/u_ifu_subsys/g_tage.u_tage/g_tab[1].tg_p_reg_r1_0_63_0_2_n_0
    SLICE_X23Y33         LUT6 (Prop_lut6_I0_O)        0.043     6.426 r  u_soc/Core_cpu/u_ifu_subsys/g_tage.u_tage/ent_q[6][150]_i_68/O
                         net (fo=8, routed)           0.367     6.793    u_soc/Core_cpu/u_ifu_subsys/g_tage.u_tage/ent_q[6][150]_i_68_n_0
    SLICE_X23Y34         LUT3 (Prop_lut3_I2_O)        0.043     6.836 r  u_soc/Core_cpu/u_ifu_subsys/g_tage.u_tage/id_bht_chk[22]_i_33/O
                         net (fo=14, routed)          0.718     7.554    u_soc/Core_cpu/u_ifu_subsys/g_tage.u_tage/id_bht_chk[22]_i_33_n_0
    SLICE_X25Y36         LUT6 (Prop_lut6_I2_O)        0.043     7.597 r  u_soc/Core_cpu/u_ifu_subsys/g_tage.u_tage/ent_q[6][150]_i_48/O
                         net (fo=2, routed)           0.324     7.922    u_soc/Core_cpu/u_ifu_subsys/g_tage.u_tage/ent_q[6][150]_i_48_n_0
    SLICE_X26Y36         LUT6 (Prop_lut6_I2_O)        0.043     7.965 f  u_soc/Core_cpu/u_ifu_subsys/g_tage.u_tage/ent_q[6][150]_i_26/O
                         net (fo=1, routed)           0.360     8.325    u_soc/Core_cpu/u_ifu_subsys/g_tage.u_tage/ent_q[6][150]_i_26_n_0
    SLICE_X26Y36         LUT6 (Prop_lut6_I1_O)        0.043     8.368 f  u_soc/Core_cpu/u_ifu_subsys/g_tage.u_tage/ent_q[6][150]_i_12/O
                         net (fo=5, routed)           0.208     8.575    u_soc/Core_cpu/u_ifu_subsys/u_btb/q_t0_idx[1]_i_10_3
    SLICE_X28Y36         LUT6 (Prop_lut6_I3_O)        0.043     8.618 f  u_soc/Core_cpu/u_ifu_subsys/u_btb/q_t0_idx[1]_i_17/O
                         net (fo=21, routed)          0.348     8.966    u_soc/Core_cpu/u_ifu_subsys/u_btb/btb_t2
    SLICE_X29Y35         LUT3 (Prop_lut3_I0_O)        0.043     9.009 r  u_soc/Core_cpu/u_ifu_subsys/u_btb/id_pred_npc[31]_i_5/O
                         net (fo=5, routed)           0.370     9.379    u_soc/Core_cpu/u_ifu_subsys/u_icache/u_tag_way1/u_prim/taken_slot[0]
    SLICE_X28Y35         LUT6 (Prop_lut6_I1_O)        0.043     9.422 r  u_soc/Core_cpu/u_ifu_subsys/u_icache/u_tag_way1/u_prim/cnt_q[0]_i_4/O
                         net (fo=2, routed)           0.257     9.679    u_soc/Core_cpu/u_ifu_subsys/u_ibuf/push_num[0]
    SLICE_X28Y36         LUT4 (Prop_lut4_I1_O)        0.043     9.722 r  u_soc/Core_cpu/u_ifu_subsys/u_ibuf/cnt_q[0]_i_2/O
                         net (fo=10, routed)          0.439    10.161    u_soc/Core_cpu/u_ifu_subsys/u_ibuf/ib_push_acc[0]
    SLICE_X29Y39         LUT3 (Prop_lut3_I1_O)        0.043    10.204 r  u_soc/Core_cpu/u_ifu_subsys/u_ibuf/cnt_q[0]_i_6/O
                         net (fo=113, routed)         0.557    10.761    u_soc/Core_cpu/u_ifu_subsys/u_ibuf/cnt_q_reg[4]_0
    SLICE_X23Y43         LUT5 (Prop_lut5_I4_O)        0.043    10.804 r  u_soc/Core_cpu/u_ifu_subsys/u_ibuf/ent_q[6][129]_i_5/O
                         net (fo=9, routed)           0.462    11.266    u_soc/Core_cpu/u_ifu_subsys/u_ibuf/p_0_in__0[129]
    SLICE_X19Y49         LUT5 (Prop_lut5_I2_O)        0.043    11.309 r  u_soc/Core_cpu/u_ifu_subsys/u_ibuf/ent_q[6][129]_i_3/O
                         net (fo=8, routed)           0.400    11.708    u_soc/Core_cpu/u_ifu_subsys/u_ibuf/ent_q[6][129]_i_3_n_0
    SLICE_X17Y50         LUT6 (Prop_lut6_I0_O)        0.043    11.751 r  u_soc/Core_cpu/u_ifu_subsys/u_ibuf/ent_q[0][129]_i_2/O
                         net (fo=1, routed)           0.202    11.953    u_soc/Core_cpu/u_ifu_subsys/u_ibuf/ent_q[0][129]_i_2_n_0
    SLICE_X12Y50         LUT4 (Prop_lut4_I3_O)        0.043    11.996 r  u_soc/Core_cpu/u_ifu_subsys/u_ibuf/ent_q[0][129]_i_1/O
                         net (fo=1, routed)           0.000    11.996    u_soc/Core_cpu/u_ifu_subsys/u_ibuf/ent_q[0][129]_i_1_n_0
    SLICE_X12Y50         FDRE                                         r  u_soc/Core_cpu/u_ifu_subsys/u_ibuf/ent_q_reg[0][129]/D
  -------------------------------------------------------------------    -------------------

                         (clock clk rise edge)        7.500     7.500 r  
    AE23                                              0.000     7.500 r  clk (IN)
                         net (fo=0)                   0.000     7.500    clk
    AE23                 IBUF (Prop_ibuf_I_O)         0.660     8.160 r  clk_IBUF_inst/O
                         net (fo=1, routed)           2.516    10.676    clk_IBUF
    BUFGCTRL_X0Y0        BUFG (Prop_bufg_I_O)         0.083    10.759 r  u_bufg/O
                         net (fo=5748, routed)        1.507    12.266    u_soc/Core_cpu/u_ifu_subsys/u_ibuf/clk_buf
    SLICE_X12Y50         FDRE                                         r  u_soc/Core_cpu/u_ifu_subsys/u_ibuf/ent_q_reg[0][129]/C
                         clock pessimism              0.237    12.502    
                         clock uncertainty           -0.035    12.467    
    SLICE_X12Y50         FDRE (Setup_fdre_C_D)        0.066    12.533    u_soc/Core_cpu/u_ifu_subsys/u_ibuf/ent_q_reg[0][129]
  -------------------------------------------------------------------
                         required time                         12.533    
                         arrival time                         -11.996    
  -------------------------------------------------------------------
                         slack                                  0.537    

Slack (MET) :             0.563ns  (required time - arrival time)
  Source:                 u_soc/Core_cpu/u_ifu_subsys/u_icache/q_pc_q_reg[9]/C
                            (rising edge-triggered cell FDRE clocked by clk  {rise@0.000ns fall@3.750ns period=7.500ns})
  Destination:            u_soc/Core_cpu/u_ifu_subsys/u_ibuf/ent_q_reg[5][129]/D
                            (rising edge-triggered cell FDRE clocked by clk  {rise@0.000ns fall@3.750ns period=7.500ns})
  Path Group:             clk
  Path Type:              Setup (Max at Slow Process Corner)
  Requirement:            7.500ns  (clk rise@7.500ns - clk rise@0.000ns)
  Data Path Delay:        6.906ns  (logic 0.868ns (12.569%)  route 6.038ns (87.431%))
  Logic Levels:           15  (LUT3=3 LUT4=2 LUT5=2 LUT6=7 RAMD64E=1)
  Clock Path Skew:        -0.030ns (DCD - SCD + CPR)
    Destination Clock Delay (DCD):    4.936ns = ( 12.436 - 7.500 ) 
    Source Clock Delay      (SCD):    5.277ns
    Clock Pessimism Removal (CPR):    0.312ns
  Clock Uncertainty:      0.035ns  ((TSJ^2 + TIJ^2)^1/2 + DJ) / 2 + PE
    Total System Jitter     (TSJ):    0.071ns
    Total Input Jitter      (TIJ):    0.000ns
    Discrete Jitter          (DJ):    0.000ns
    Phase Error              (PE):    0.000ns

    Location             Delay type                Incr(ns)  Path(ns)    Netlist Resource(s)
  -------------------------------------------------------------------    -------------------
                         (clock clk rise edge)        0.000     0.000 r  
    AE23                                              0.000     0.000 r  clk (IN)
                         net (fo=0)                   0.000     0.000    clk
    AE23                 IBUF (Prop_ibuf_I_O)         0.734     0.734 r  clk_IBUF_inst/O
                         net (fo=1, routed)           2.651     3.385    clk_IBUF
    BUFGCTRL_X0Y0        BUFG (Prop_bufg_I_O)         0.093     3.478 r  u_bufg/O
                         net (fo=5748, routed)        1.799     5.277    u_soc/Core_cpu/u_ifu_subsys/u_icache/clk_buf
    SLICE_X26Y30         FDRE                                         r  u_soc/Core_cpu/u_ifu_subsys/u_icache/q_pc_q_reg[9]/C
  -------------------------------------------------------------------    -------------------
    SLICE_X26Y30         FDRE (Prop_fdre_C_Q)         0.223     5.500 r  u_soc/Core_cpu/u_ifu_subsys/u_icache/q_pc_q_reg[9]/Q
                         net (fo=148, routed)         0.479     5.980    u_soc/Core_cpu/u_ifu_subsys/g_tage.u_tage/g_tab[1].tg_p_reg_r1_0_63_0_2/ADDRA5
    SLICE_X22Y32         RAMD64E (Prop_ramd64e_RADR5_O)
                                                      0.043     6.023 r  u_soc/Core_cpu/u_ifu_subsys/g_tage.u_tage/g_tab[1].tg_p_reg_r1_0_63_0_2/RAMA/O
                         net (fo=1, routed)           0.360     6.383    u_soc/Core_cpu/u_ifu_subsys/g_tage.u_tage/g_tab[1].tg_p_reg_r1_0_63_0_2_n_0
    SLICE_X23Y33         LUT6 (Prop_lut6_I0_O)        0.043     6.426 r  u_soc/Core_cpu/u_ifu_subsys/g_tage.u_tage/ent_q[6][150]_i_68/O
                         net (fo=8, routed)           0.367     6.793    u_soc/Core_cpu/u_ifu_subsys/g_tage.u_tage/ent_q[6][150]_i_68_n_0
    SLICE_X23Y34         LUT3 (Prop_lut3_I2_O)        0.043     6.836 r  u_soc/Core_cpu/u_ifu_subsys/g_tage.u_tage/id_bht_chk[22]_i_33/O
                         net (fo=14, routed)          0.718     7.554    u_soc/Core_cpu/u_ifu_subsys/g_tage.u_tage/id_bht_chk[22]_i_33_n_0
    SLICE_X25Y36         LUT6 (Prop_lut6_I2_O)        0.043     7.597 r  u_soc/Core_cpu/u_ifu_subsys/g_tage.u_tage/ent_q[6][150]_i_48/O
                         net (fo=2, routed)           0.324     7.922    u_soc/Core_cpu/u_ifu_subsys/g_tage.u_tage/ent_q[6][150]_i_48_n_0
    SLICE_X26Y36         LUT6 (Prop_lut6_I2_O)        0.043     7.965 r  u_soc/Core_cpu/u_ifu_subsys/g_tage.u_tage/ent_q[6][150]_i_26/O
                         net (fo=1, routed)           0.360     8.325    u_soc/Core_cpu/u_ifu_subsys/g_tage.u_tage/ent_q[6][150]_i_26_n_0
    SLICE_X26Y36         LUT6 (Prop_lut6_I1_O)        0.043     8.368 f  u_soc/Core_cpu/u_ifu_subsys/g_tage.u_tage/ent_q[6][150]_i_12/O
                         net (fo=5, routed)           0.208     8.575    u_soc/Core_cpu/u_ifu_subsys/u_btb/q_t0_idx[1]_i_10_3
    SLICE_X28Y36         LUT6 (Prop_lut6_I3_O)        0.043     8.618 f  u_soc/Core_cpu/u_ifu_subsys/u_btb/q_t0_idx[1]_i_17/O
                         net (fo=21, routed)          0.348     8.966    u_soc/Core_cpu/u_ifu_subsys/u_btb/btb_t2
    SLICE_X29Y35         LUT3 (Prop_lut3_I0_O)        0.043     9.009 r  u_soc/Core_cpu/u_ifu_subsys/u_btb/id_pred_npc[31]_i_5/O
                         net (fo=5, routed)           0.370     9.379    u_soc/Core_cpu/u_ifu_subsys/u_icache/u_tag_way1/u_prim/taken_slot[0]
    SLICE_X28Y35         LUT6 (Prop_lut6_I1_O)        0.043     9.422 r  u_soc/Core_cpu/u_ifu_subsys/u_icache/u_tag_way1/u_prim/cnt_q[0]_i_4/O
                         net (fo=2, routed)           0.257     9.679    u_soc/Core_cpu/u_ifu_subsys/u_ibuf/push_num[0]
    SLICE_X28Y36         LUT4 (Prop_lut4_I1_O)        0.043     9.722 r  u_soc/Core_cpu/u_ifu_subsys/u_ibuf/cnt_q[0]_i_2/O
                         net (fo=10, routed)          0.439    10.161    u_soc/Core_cpu/u_ifu_subsys/u_ibuf/ib_push_acc[0]
    SLICE_X29Y39         LUT3 (Prop_lut3_I1_O)        0.043    10.204 r  u_soc/Core_cpu/u_ifu_subsys/u_ibuf/cnt_q[0]_i_6/O
                         net (fo=113, routed)         0.557    10.761    u_soc/Core_cpu/u_ifu_subsys/u_ibuf/cnt_q_reg[4]_0
    SLICE_X23Y43         LUT5 (Prop_lut5_I4_O)        0.043    10.804 r  u_soc/Core_cpu/u_ifu_subsys/u_ibuf/ent_q[6][129]_i_5/O
                         net (fo=9, routed)           0.462    11.266    u_soc/Core_cpu/u_ifu_subsys/u_ibuf/p_0_in__0[129]
    SLICE_X19Y49         LUT5 (Prop_lut5_I2_O)        0.043    11.309 r  u_soc/Core_cpu/u_ifu_subsys/u_ibuf/ent_q[6][129]_i_3/O
                         net (fo=8, routed)           0.557    11.865    u_soc/Core_cpu/u_ifu_subsys/u_ibuf/ent_q[6][129]_i_3_n_0
    SLICE_X13Y48         LUT6 (Prop_lut6_I0_O)        0.043    11.908 r  u_soc/Core_cpu/u_ifu_subsys/u_ibuf/ent_q[5][129]_i_2/O
                         net (fo=1, routed)           0.232    12.140    u_soc/Core_cpu/u_ifu_subsys/u_ibuf/ent_q[5][129]_i_2_n_0
    SLICE_X13Y48         LUT4 (Prop_lut4_I3_O)        0.043    12.183 r  u_soc/Core_cpu/u_ifu_subsys/u_ibuf/ent_q[5][129]_i_1/O
                         net (fo=1, routed)           0.000    12.183    u_soc/Core_cpu/u_ifu_subsys/u_ibuf/ent_q[5][129]_i_1_n_0
    SLICE_X13Y48         FDRE                                         r  u_soc/Core_cpu/u_ifu_subsys/u_ibuf/ent_q_reg[5][129]/D
  -------------------------------------------------------------------    -------------------

                         (clock clk rise edge)        7.500     7.500 r  
    AE23                                              0.000     7.500 r  clk (IN)
                         net (fo=0)                   0.000     7.500    clk
    AE23                 IBUF (Prop_ibuf_I_O)         0.660     8.160 r  clk_IBUF_inst/O
                         net (fo=1, routed)           2.516    10.676    clk_IBUF
    BUFGCTRL_X0Y0        BUFG (Prop_bufg_I_O)         0.083    10.759 r  u_bufg/O
                         net (fo=5748, routed)        1.677    12.436    u_soc/Core_cpu/u_ifu_subsys/u_ibuf/clk_buf
    SLICE_X13Y48         FDRE                                         r  u_soc/Core_cpu/u_ifu_subsys/u_ibuf/ent_q_reg[5][129]/C
                         clock pessimism              0.312    12.747    
                         clock uncertainty           -0.035    12.712    
    SLICE_X13Y48         FDRE (Setup_fdre_C_D)        0.034    12.746    u_soc/Core_cpu/u_ifu_subsys/u_ibuf/ent_q_reg[5][129]
  -------------------------------------------------------------------
                         required time                         12.746    
                         arrival time                         -12.183    
  -------------------------------------------------------------------
                         slack                                  0.563    

Slack (MET) :             0.563ns  (required time - arrival time)
  Source:                 u_soc/Core_cpu/u_ifu_subsys/u_icache/q_pc_q_reg[9]/C
                            (rising edge-triggered cell FDRE clocked by clk  {rise@0.000ns fall@3.750ns period=7.500ns})
  Destination:            u_soc/Core_cpu/u_ifu_subsys/u_ibuf/ent_q_reg[5][129]/D
                            (rising edge-triggered cell FDRE clocked by clk  {rise@0.000ns fall@3.750ns period=7.500ns})
  Path Group:             clk
  Path Type:              Setup (Max at Slow Process Corner)
  Requirement:            7.500ns  (clk rise@7.500ns - clk rise@0.000ns)
  Data Path Delay:        6.906ns  (logic 0.868ns (12.569%)  route 6.038ns (87.431%))
  Logic Levels:           15  (LUT3=3 LUT4=2 LUT5=2 LUT6=7 RAMD64E=1)
  Clock Path Skew:        -0.030ns (DCD - SCD + CPR)
    Destination Clock Delay (DCD):    4.936ns = ( 12.436 - 7.500 ) 
    Source Clock Delay      (SCD):    5.277ns
    Clock Pessimism Removal (CPR):    0.312ns
  Clock Uncertainty:      0.035ns  ((TSJ^2 + TIJ^2)^1/2 + DJ) / 2 + PE
    Total System Jitter     (TSJ):    0.071ns
    Total Input Jitter      (TIJ):    0.000ns
    Discrete Jitter          (DJ):    0.000ns
    Phase Error              (PE):    0.000ns

    Location             Delay type                Incr(ns)  Path(ns)    Netlist Resource(s)
  -------------------------------------------------------------------    -------------------
                         (clock clk rise edge)        0.000     0.000 r  
    AE23                                              0.000     0.000 r  clk (IN)
                         net (fo=0)                   0.000     0.000    clk
    AE23                 IBUF (Prop_ibuf_I_O)         0.734     0.734 r  clk_IBUF_inst/O
                         net (fo=1, routed)           2.651     3.385    clk_IBUF
    BUFGCTRL_X0Y0        BUFG (Prop_bufg_I_O)         0.093     3.478 r  u_bufg/O
                         net (fo=5748, routed)        1.799     5.277    u_soc/Core_cpu/u_ifu_subsys/u_icache/clk_buf
    SLICE_X26Y30         FDRE                                         r  u_soc/Core_cpu/u_ifu_subsys/u_icache/q_pc_q_reg[9]/C
  -------------------------------------------------------------------    -------------------
    SLICE_X26Y30         FDRE (Prop_fdre_C_Q)         0.223     5.500 r  u_soc/Core_cpu/u_ifu_subsys/u_icache/q_pc_q_reg[9]/Q
                         net (fo=148, routed)         0.479     5.980    u_soc/Core_cpu/u_ifu_subsys/g_tage.u_tage/g_tab[1].tg_p_reg_r1_0_63_0_2/ADDRA5
    SLICE_X22Y32         RAMD64E (Prop_ramd64e_RADR5_O)
                                                      0.043     6.023 r  u_soc/Core_cpu/u_ifu_subsys/g_tage.u_tage/g_tab[1].tg_p_reg_r1_0_63_0_2/RAMA/O
                         net (fo=1, routed)           0.360     6.383    u_soc/Core_cpu/u_ifu_subsys/g_tage.u_tage/g_tab[1].tg_p_reg_r1_0_63_0_2_n_0
    SLICE_X23Y33         LUT6 (Prop_lut6_I0_O)        0.043     6.426 f  u_soc/Core_cpu/u_ifu_subsys/g_tage.u_tage/ent_q[6][150]_i_68/O
                         net (fo=8, routed)           0.367     6.793    u_soc/Core_cpu/u_ifu_subsys/g_tage.u_tage/ent_q[6][150]_i_68_n_0
    SLICE_X23Y34         LUT3 (Prop_lut3_I2_O)        0.043     6.836 f  u_soc/Core_cpu/u_ifu_subsys/g_tage.u_tage/id_bht_chk[22]_i_33/O
                         net (fo=14, routed)          0.718     7.554    u_soc/Core_cpu/u_ifu_subsys/g_tage.u_tage/id_bht_chk[22]_i_33_n_0
    SLICE_X25Y36         LUT6 (Prop_lut6_I2_O)        0.043     7.597 f  u_soc/Core_cpu/u_ifu_subsys/g_tage.u_tage/ent_q[6][150]_i_48/O
                         net (fo=2, routed)           0.324     7.922    u_soc/Core_cpu/u_ifu_subsys/g_tage.u_tage/ent_q[6][150]_i_48_n_0
    SLICE_X26Y36         LUT6 (Prop_lut6_I2_O)        0.043     7.965 r  u_soc/Core_cpu/u_ifu_subsys/g_tage.u_tage/ent_q[6][150]_i_26/O
                         net (fo=1, routed)           0.360     8.325    u_soc/Core_cpu/u_ifu_subsys/g_tage.u_tage/ent_q[6][150]_i_26_n_0
    SLICE_X26Y36         LUT6 (Prop_lut6_I1_O)        0.043     8.368 f  u_soc/Core_cpu/u_ifu_subsys/g_tage.u_tage/ent_q[6][150]_i_12/O
                         net (fo=5, routed)           0.208     8.575    u_soc/Core_cpu/u_ifu_subsys/u_btb/q_t0_idx[1]_i_10_3
    SLICE_X28Y36         LUT6 (Prop_lut6_I3_O)        0.043     8.618 f  u_soc/Core_cpu/u_ifu_subsys/u_btb/q_t0_idx[1]_i_17/O
                         net (fo=21, routed)          0.348     8.966    u_soc/Core_cpu/u_ifu_subsys/u_btb/btb_t2
    SLICE_X29Y35         LUT3 (Prop_lut3_I0_O)        0.043     9.009 r  u_soc/Core_cpu/u_ifu_subsys/u_btb/id_pred_npc[31]_i_5/O
                         net (fo=5, routed)           0.370     9.379    u_soc/Core_cpu/u_ifu_subsys/u_icache/u_tag_way1/u_prim/taken_slot[0]
    SLICE_X28Y35         LUT6 (Prop_lut6_I1_O)        0.043     9.422 r  u_soc/Core_cpu/u_ifu_subsys/u_icache/u_tag_way1/u_prim/cnt_q[0]_i_4/O
                         net (fo=2, routed)           0.257     9.679    u_soc/Core_cpu/u_ifu_subsys/u_ibuf/push_num[0]
    SLICE_X28Y36         LUT4 (Prop_lut4_I1_O)        0.043     9.722 r  u_soc/Core_cpu/u_ifu_subsys/u_ibuf/cnt_q[0]_i_2/O
                         net (fo=10, routed)          0.439    10.161    u_soc/Core_cpu/u_ifu_subsys/u_ibuf/ib_push_acc[0]
    SLICE_X29Y39         LUT3 (Prop_lut3_I1_O)        0.043    10.204 r  u_soc/Core_cpu/u_ifu_subsys/u_ibuf/cnt_q[0]_i_6/O
                         net (fo=113, routed)         0.557    10.761    u_soc/Core_cpu/u_ifu_subsys/u_ibuf/cnt_q_reg[4]_0
    SLICE_X23Y43         LUT5 (Prop_lut5_I4_O)        0.043    10.804 r  u_soc/Core_cpu/u_ifu_subsys/u_ibuf/ent_q[6][129]_i_5/O
                         net (fo=9, routed)           0.462    11.266    u_soc/Core_cpu/u_ifu_subsys/u_ibuf/p_0_in__0[129]
    SLICE_X19Y49         LUT5 (Prop_lut5_I2_O)        0.043    11.309 r  u_soc/Core_cpu/u_ifu_subsys/u_ibuf/ent_q[6][129]_i_3/O
                         net (fo=8, routed)           0.557    11.865    u_soc/Core_cpu/u_ifu_subsys/u_ibuf/ent_q[6][129]_i_3_n_0
    SLICE_X13Y48         LUT6 (Prop_lut6_I0_O)        0.043    11.908 r  u_soc/Core_cpu/u_ifu_subsys/u_ibuf/ent_q[5][129]_i_2/O
                         net (fo=1, routed)           0.232    12.140    u_soc/Core_cpu/u_ifu_subsys/u_ibuf/ent_q[5][129]_i_2_n_0
    SLICE_X13Y48         LUT4 (Prop_lut4_I3_O)        0.043    12.183 r  u_soc/Core_cpu/u_ifu_subsys/u_ibuf/ent_q[5][129]_i_1/O
                         net (fo=1, routed)           0.000    12.183    u_soc/Core_cpu/u_ifu_subsys/u_ibuf/ent_q[5][129]_i_1_n_0
    SLICE_X13Y48         FDRE                                         r  u_soc/Core_cpu/u_ifu_subsys/u_ibuf/ent_q_reg[5][129]/D
  -------------------------------------------------------------------    -------------------

                         (clock clk rise edge)        7.500     7.500 r  
    AE23                                              0.000     7.500 r  clk (IN)
                         net (fo=0)                   0.000     7.500    clk
    AE23                 IBUF (Prop_ibuf_I_O)         0.660     8.160 r  clk_IBUF_inst/O
                         net (fo=1, routed)           2.516    10.676    clk_IBUF
    BUFGCTRL_X0Y0        BUFG (Prop_bufg_I_O)         0.083    10.759 r  u_bufg/O
                         net (fo=5748, routed)        1.677    12.436    u_soc/Core_cpu/u_ifu_subsys/u_ibuf/clk_buf
    SLICE_X13Y48         FDRE                                         r  u_soc/Core_cpu/u_ifu_subsys/u_ibuf/ent_q_reg[5][129]/C
                         clock pessimism              0.312    12.747    
                         clock uncertainty           -0.035    12.712    
    SLICE_X13Y48         FDRE (Setup_fdre_C_D)        0.034    12.746    u_soc/Core_cpu/u_ifu_subsys/u_ibuf/ent_q_reg[5][129]
  -------------------------------------------------------------------
                         required time                         12.746    
                         arrival time                         -12.183    
  -------------------------------------------------------------------
                         slack                                  0.563    

Slack (MET) :             0.563ns  (required time - arrival time)
  Source:                 u_soc/Core_cpu/u_ifu_subsys/u_icache/q_pc_q_reg[9]/C
                            (rising edge-triggered cell FDRE clocked by clk  {rise@0.000ns fall@3.750ns period=7.500ns})
  Destination:            u_soc/Core_cpu/u_ifu_subsys/u_ibuf/ent_q_reg[5][129]/D
                            (rising edge-triggered cell FDRE clocked by clk  {rise@0.000ns fall@3.750ns period=7.500ns})
  Path Group:             clk
  Path Type:              Setup (Max at Slow Process Corner)
  Requirement:            7.500ns  (clk rise@7.500ns - clk rise@0.000ns)
  Data Path Delay:        6.906ns  (logic 0.868ns (12.569%)  route 6.038ns (87.431%))
  Logic Levels:           15  (LUT3=3 LUT4=2 LUT5=2 LUT6=7 RAMD64E=1)
  Clock Path Skew:        -0.030ns (DCD - SCD + CPR)
    Destination Clock Delay (DCD):    4.936ns = ( 12.436 - 7.500 ) 
    Source Clock Delay      (SCD):    5.277ns
    Clock Pessimism Removal (CPR):    0.312ns
  Clock Uncertainty:      0.035ns  ((TSJ^2 + TIJ^2)^1/2 + DJ) / 2 + PE
    Total System Jitter     (TSJ):    0.071ns
    Total Input Jitter      (TIJ):    0.000ns
    Discrete Jitter          (DJ):    0.000ns
    Phase Error              (PE):    0.000ns

    Location             Delay type                Incr(ns)  Path(ns)    Netlist Resource(s)
  -------------------------------------------------------------------    -------------------
                         (clock clk rise edge)        0.000     0.000 r  
    AE23                                              0.000     0.000 r  clk (IN)
                         net (fo=0)                   0.000     0.000    clk
    AE23                 IBUF (Prop_ibuf_I_O)         0.734     0.734 r  clk_IBUF_inst/O
                         net (fo=1, routed)           2.651     3.385    clk_IBUF
    BUFGCTRL_X0Y0        BUFG (Prop_bufg_I_O)         0.093     3.478 r  u_bufg/O
                         net (fo=5748, routed)        1.799     5.277    u_soc/Core_cpu/u_ifu_subsys/u_icache/clk_buf
    SLICE_X26Y30         FDRE                                         r  u_soc/Core_cpu/u_ifu_subsys/u_icache/q_pc_q_reg[9]/C
  -------------------------------------------------------------------    -------------------
    SLICE_X26Y30         FDRE (Prop_fdre_C_Q)         0.223     5.500 r  u_soc/Core_cpu/u_ifu_subsys/u_icache/q_pc_q_reg[9]/Q
                         net (fo=148, routed)         0.479     5.980    u_soc/Core_cpu/u_ifu_subsys/g_tage.u_tage/g_tab[1].tg_p_reg_r1_0_63_0_2/ADDRA5
    SLICE_X22Y32         RAMD64E (Prop_ramd64e_RADR5_O)
                                                      0.043     6.023 r  u_soc/Core_cpu/u_ifu_subsys/g_tage.u_tage/g_tab[1].tg_p_reg_r1_0_63_0_2/RAMA/O
                         net (fo=1, routed)           0.360     6.383    u_soc/Core_cpu/u_ifu_subsys/g_tage.u_tage/g_tab[1].tg_p_reg_r1_0_63_0_2_n_0
    SLICE_X23Y33         LUT6 (Prop_lut6_I0_O)        0.043     6.426 r  u_soc/Core_cpu/u_ifu_subsys/g_tage.u_tage/ent_q[6][150]_i_68/O
                         net (fo=8, routed)           0.367     6.793    u_soc/Core_cpu/u_ifu_subsys/g_tage.u_tage/ent_q[6][150]_i_68_n_0
    SLICE_X23Y34         LUT3 (Prop_lut3_I2_O)        0.043     6.836 r  u_soc/Core_cpu/u_ifu_subsys/g_tage.u_tage/id_bht_chk[22]_i_33/O
                         net (fo=14, routed)          0.718     7.554    u_soc/Core_cpu/u_ifu_subsys/g_tage.u_tage/id_bht_chk[22]_i_33_n_0
    SLICE_X25Y36         LUT6 (Prop_lut6_I2_O)        0.043     7.597 r  u_soc/Core_cpu/u_ifu_subsys/g_tage.u_tage/ent_q[6][150]_i_48/O
                         net (fo=2, routed)           0.324     7.922    u_soc/Core_cpu/u_ifu_subsys/g_tage.u_tage/ent_q[6][150]_i_48_n_0
    SLICE_X26Y36         LUT6 (Prop_lut6_I2_O)        0.043     7.965 f  u_soc/Core_cpu/u_ifu_subsys/g_tage.u_tage/ent_q[6][150]_i_26/O
                         net (fo=1, routed)           0.360     8.325    u_soc/Core_cpu/u_ifu_subsys/g_tage.u_tage/ent_q[6][150]_i_26_n_0
    SLICE_X26Y36         LUT6 (Prop_lut6_I1_O)        0.043     8.368 f  u_soc/Core_cpu/u_ifu_subsys/g_tage.u_tage/ent_q[6][150]_i_12/O
                         net (fo=5, routed)           0.208     8.575    u_soc/Core_cpu/u_ifu_subsys/u_btb/q_t0_idx[1]_i_10_3
    SLICE_X28Y36         LUT6 (Prop_lut6_I3_O)        0.043     8.618 f  u_soc/Core_cpu/u_ifu_subsys/u_btb/q_t0_idx[1]_i_17/O
                         net (fo=21, routed)          0.348     8.966    u_soc/Core_cpu/u_ifu_subsys/u_btb/btb_t2
    SLICE_X29Y35         LUT3 (Prop_lut3_I0_O)        0.043     9.009 r  u_soc/Core_cpu/u_ifu_subsys/u_btb/id_pred_npc[31]_i_5/O
                         net (fo=5, routed)           0.370     9.379    u_soc/Core_cpu/u_ifu_subsys/u_icache/u_tag_way1/u_prim/taken_slot[0]
    SLICE_X28Y35         LUT6 (Prop_lut6_I1_O)        0.043     9.422 r  u_soc/Core_cpu/u_ifu_subsys/u_icache/u_tag_way1/u_prim/cnt_q[0]_i_4/O
                         net (fo=2, routed)           0.257     9.679    u_soc/Core_cpu/u_ifu_subsys/u_ibuf/push_num[0]
    SLICE_X28Y36         LUT4 (Prop_lut4_I1_O)        0.043     9.722 r  u_soc/Core_cpu/u_ifu_subsys/u_ibuf/cnt_q[0]_i_2/O
                         net (fo=10, routed)          0.439    10.161    u_soc/Core_cpu/u_ifu_subsys/u_ibuf/ib_push_acc[0]
    SLICE_X29Y39         LUT3 (Prop_lut3_I1_O)        0.043    10.204 r  u_soc/Core_cpu/u_ifu_subsys/u_ibuf/cnt_q[0]_i_6/O
                         net (fo=113, routed)         0.557    10.761    u_soc/Core_cpu/u_ifu_subsys/u_ibuf/cnt_q_reg[4]_0
    SLICE_X23Y43         LUT5 (Prop_lut5_I4_O)        0.043    10.804 r  u_soc/Core_cpu/u_ifu_subsys/u_ibuf/ent_q[6][129]_i_5/O
                         net (fo=9, routed)           0.462    11.266    u_soc/Core_cpu/u_ifu_subsys/u_ibuf/p_0_in__0[129]
    SLICE_X19Y49         LUT5 (Prop_lut5_I2_O)        0.043    11.309 r  u_soc/Core_cpu/u_ifu_subsys/u_ibuf/ent_q[6][129]_i_3/O
                         net (fo=8, routed)           0.557    11.865    u_soc/Core_cpu/u_ifu_subsys/u_ibuf/ent_q[6][129]_i_3_n_0
    SLICE_X13Y48         LUT6 (Prop_lut6_I0_O)        0.043    11.908 r  u_soc/Core_cpu/u_ifu_subsys/u_ibuf/ent_q[5][129]_i_2/O
                         net (fo=1, routed)           0.232    12.140    u_soc/Core_cpu/u_ifu_subsys/u_ibuf/ent_q[5][129]_i_2_n_0
    SLICE_X13Y48         LUT4 (Prop_lut4_I3_O)        0.043    12.183 r  u_soc/Core_cpu/u_ifu_subsys/u_ibuf/ent_q[5][129]_i_1/O
                         net (fo=1, routed)           0.000    12.183    u_soc/Core_cpu/u_ifu_subsys/u_ibuf/ent_q[5][129]_i_1_n_0
    SLICE_X13Y48         FDRE                                         r  u_soc/Core_cpu/u_ifu_subsys/u_ibuf/ent_q_reg[5][129]/D
  -------------------------------------------------------------------    -------------------

                         (clock clk rise edge)        7.500     7.500 r  
    AE23                                              0.000     7.500 r  clk (IN)
                         net (fo=0)                   0.000     7.500    clk
    AE23                 IBUF (Prop_ibuf_I_O)         0.660     8.160 r  clk_IBUF_inst/O
                         net (fo=1, routed)           2.516    10.676    clk_IBUF
    BUFGCTRL_X0Y0        BUFG (Prop_bufg_I_O)         0.083    10.759 r  u_bufg/O
                         net (fo=5748, routed)        1.677    12.436    u_soc/Core_cpu/u_ifu_subsys/u_ibuf/clk_buf
    SLICE_X13Y48         FDRE                                         r  u_soc/Core_cpu/u_ifu_subsys/u_ibuf/ent_q_reg[5][129]/C
                         clock pessimism              0.312    12.747    
                         clock uncertainty           -0.035    12.712    
    SLICE_X13Y48         FDRE (Setup_fdre_C_D)        0.034    12.746    u_soc/Core_cpu/u_ifu_subsys/u_ibuf/ent_q_reg[5][129]
  -------------------------------------------------------------------
                         required time                         12.746    
                         arrival time                         -12.183    
  -------------------------------------------------------------------
                         slack                                  0.563    

Slack (MET) :             0.569ns  (required time - arrival time)
  Source:                 u_soc/Core_cpu/u_ifu_subsys/u_icache/q_pc_q_reg[9]/C
                            (rising edge-triggered cell FDRE clocked by clk  {rise@0.000ns fall@3.750ns period=7.500ns})
  Destination:            u_soc/Core_cpu/u_ifu_subsys/u_ibuf/ent_q_reg[0][135]/D
                            (rising edge-triggered cell FDRE clocked by clk  {rise@0.000ns fall@3.750ns period=7.500ns})
  Path Group:             clk
  Path Type:              Setup (Max at Slow Process Corner)
  Requirement:            7.500ns  (clk rise@7.500ns - clk rise@0.000ns)
  Data Path Delay:        6.952ns  (logic 0.868ns (12.485%)  route 6.084ns (87.515%))
  Logic Levels:           15  (LUT3=3 LUT4=2 LUT5=2 LUT6=7 RAMD64E=1)
  Clock Path Skew:        0.023ns (DCD - SCD + CPR)
    Destination Clock Delay (DCD):    4.989ns = ( 12.489 - 7.500 ) 
    Source Clock Delay      (SCD):    5.277ns
    Clock Pessimism Removal (CPR):    0.312ns
  Clock Uncertainty:      0.035ns  ((TSJ^2 + TIJ^2)^1/2 + DJ) / 2 + PE
    Total System Jitter     (TSJ):    0.071ns
    Total Input Jitter      (TIJ):    0.000ns
    Discrete Jitter          (DJ):    0.000ns
    Phase Error              (PE):    0.000ns

    Location             Delay type                Incr(ns)  Path(ns)    Netlist Resource(s)
  -------------------------------------------------------------------    -------------------
                         (clock clk rise edge)        0.000     0.000 r  
    AE23                                              0.000     0.000 r  clk (IN)
                         net (fo=0)                   0.000     0.000    clk
    AE23                 IBUF (Prop_ibuf_I_O)         0.734     0.734 r  clk_IBUF_inst/O
                         net (fo=1, routed)           2.651     3.385    clk_IBUF
    BUFGCTRL_X0Y0        BUFG (Prop_bufg_I_O)         0.093     3.478 r  u_bufg/O
                         net (fo=5748, routed)        1.799     5.277    u_soc/Core_cpu/u_ifu_subsys/u_icache/clk_buf
    SLICE_X26Y30         FDRE                                         r  u_soc/Core_cpu/u_ifu_subsys/u_icache/q_pc_q_reg[9]/C
  -------------------------------------------------------------------    -------------------
    SLICE_X26Y30         FDRE (Prop_fdre_C_Q)         0.223     5.500 r  u_soc/Core_cpu/u_ifu_subsys/u_icache/q_pc_q_reg[9]/Q
                         net (fo=148, routed)         0.479     5.980    u_soc/Core_cpu/u_ifu_subsys/g_tage.u_tage/g_tab[1].tg_p_reg_r1_0_63_0_2/ADDRA5
    SLICE_X22Y32         RAMD64E (Prop_ramd64e_RADR5_O)
                                                      0.043     6.023 r  u_soc/Core_cpu/u_ifu_subsys/g_tage.u_tage/g_tab[1].tg_p_reg_r1_0_63_0_2/RAMA/O
                         net (fo=1, routed)           0.360     6.383    u_soc/Core_cpu/u_ifu_subsys/g_tage.u_tage/g_tab[1].tg_p_reg_r1_0_63_0_2_n_0
    SLICE_X23Y33         LUT6 (Prop_lut6_I0_O)        0.043     6.426 r  u_soc/Core_cpu/u_ifu_subsys/g_tage.u_tage/ent_q[6][150]_i_68/O
                         net (fo=8, routed)           0.367     6.793    u_soc/Core_cpu/u_ifu_subsys/g_tage.u_tage/ent_q[6][150]_i_68_n_0
    SLICE_X23Y34         LUT3 (Prop_lut3_I2_O)        0.043     6.836 r  u_soc/Core_cpu/u_ifu_subsys/g_tage.u_tage/id_bht_chk[22]_i_33/O
                         net (fo=14, routed)          0.718     7.554    u_soc/Core_cpu/u_ifu_subsys/g_tage.u_tage/id_bht_chk[22]_i_33_n_0
    SLICE_X25Y36         LUT6 (Prop_lut6_I2_O)        0.043     7.597 r  u_soc/Core_cpu/u_ifu_subsys/g_tage.u_tage/ent_q[6][150]_i_48/O
                         net (fo=2, routed)           0.324     7.922    u_soc/Core_cpu/u_ifu_subsys/g_tage.u_tage/ent_q[6][150]_i_48_n_0
    SLICE_X26Y36         LUT6 (Prop_lut6_I2_O)        0.043     7.965 r  u_soc/Core_cpu/u_ifu_subsys/g_tage.u_tage/ent_q[6][150]_i_26/O
                         net (fo=1, routed)           0.360     8.325    u_soc/Core_cpu/u_ifu_subsys/g_tage.u_tage/ent_q[6][150]_i_26_n_0
    SLICE_X26Y36         LUT6 (Prop_lut6_I1_O)        0.043     8.368 f  u_soc/Core_cpu/u_ifu_subsys/g_tage.u_tage/ent_q[6][150]_i_12/O
                         net (fo=5, routed)           0.208     8.575    u_soc/Core_cpu/u_ifu_subsys/u_btb/q_t0_idx[1]_i_10_3
    SLICE_X28Y36         LUT6 (Prop_lut6_I3_O)        0.043     8.618 f  u_soc/Core_cpu/u_ifu_subsys/u_btb/q_t0_idx[1]_i_17/O
                         net (fo=21, routed)          0.348     8.966    u_soc/Core_cpu/u_ifu_subsys/u_btb/btb_t2
    SLICE_X29Y35         LUT3 (Prop_lut3_I0_O)        0.043     9.009 r  u_soc/Core_cpu/u_ifu_subsys/u_btb/id_pred_npc[31]_i_5/O
                         net (fo=5, routed)           0.370     9.379    u_soc/Core_cpu/u_ifu_subsys/u_icache/u_tag_way1/u_prim/taken_slot[0]
    SLICE_X28Y35         LUT6 (Prop_lut6_I1_O)        0.043     9.422 r  u_soc/Core_cpu/u_ifu_subsys/u_icache/u_tag_way1/u_prim/cnt_q[0]_i_4/O
                         net (fo=2, routed)           0.257     9.679    u_soc/Core_cpu/u_ifu_subsys/u_ibuf/push_num[0]
    SLICE_X28Y36         LUT4 (Prop_lut4_I1_O)        0.043     9.722 r  u_soc/Core_cpu/u_ifu_subsys/u_ibuf/cnt_q[0]_i_2/O
                         net (fo=10, routed)          0.439    10.161    u_soc/Core_cpu/u_ifu_subsys/u_ibuf/ib_push_acc[0]
    SLICE_X29Y39         LUT3 (Prop_lut3_I1_O)        0.043    10.204 r  u_soc/Core_cpu/u_ifu_subsys/u_ibuf/cnt_q[0]_i_6/O
                         net (fo=113, routed)         0.926    11.130    u_soc/Core_cpu/u_ifu_subsys/u_ibuf/cnt_q_reg[4]_0
    SLICE_X7Y41          LUT5 (Prop_lut5_I4_O)        0.043    11.173 r  u_soc/Core_cpu/u_ifu_subsys/u_ibuf/ent_q[6][135]_i_5/O
                         net (fo=9, routed)           0.301    11.474    u_soc/Core_cpu/u_ifu_subsys/u_ibuf/p_0_in__0[135]
    SLICE_X4Y42          LUT5 (Prop_lut5_I2_O)        0.043    11.517 r  u_soc/Core_cpu/u_ifu_subsys/u_ibuf/ent_q[6][135]_i_3/O
                         net (fo=8, routed)           0.395    11.912    u_soc/Core_cpu/u_ifu_subsys/u_ibuf/ent_q[6][135]_i_3_n_0
    SLICE_X5Y42          LUT6 (Prop_lut6_I0_O)        0.043    11.955 r  u_soc/Core_cpu/u_ifu_subsys/u_ibuf/ent_q[0][135]_i_2/O
                         net (fo=1, routed)           0.232    12.187    u_soc/Core_cpu/u_ifu_subsys/u_ibuf/ent_q[0][135]_i_2_n_0
    SLICE_X5Y42          LUT4 (Prop_lut4_I3_O)        0.043    12.230 r  u_soc/Core_cpu/u_ifu_subsys/u_ibuf/ent_q[0][135]_i_1/O
                         net (fo=1, routed)           0.000    12.230    u_soc/Core_cpu/u_ifu_subsys/u_ibuf/ent_q[0][135]_i_1_n_0
    SLICE_X5Y42          FDRE                                         r  u_soc/Core_cpu/u_ifu_subsys/u_ibuf/ent_q_reg[0][135]/D
  -------------------------------------------------------------------    -------------------

                         (clock clk rise edge)        7.500     7.500 r  
    AE23                                              0.000     7.500 r  clk (IN)
                         net (fo=0)                   0.000     7.500    clk
    AE23                 IBUF (Prop_ibuf_I_O)         0.660     8.160 r  clk_IBUF_inst/O
                         net (fo=1, routed)           2.516    10.676    clk_IBUF
    BUFGCTRL_X0Y0        BUFG (Prop_bufg_I_O)         0.083    10.759 r  u_bufg/O
                         net (fo=5748, routed)        1.730    12.489    u_soc/Core_cpu/u_ifu_subsys/u_ibuf/clk_buf
    SLICE_X5Y42          FDRE                                         r  u_soc/Core_cpu/u_ifu_subsys/u_ibuf/ent_q_reg[0][135]/C
                         clock pessimism              0.312    12.800    
                         clock uncertainty           -0.035    12.765    
    SLICE_X5Y42          FDRE (Setup_fdre_C_D)        0.034    12.799    u_soc/Core_cpu/u_ifu_subsys/u_ibuf/ent_q_reg[0][135]
  -------------------------------------------------------------------
                         required time                         12.799    
                         arrival time                         -12.230    
  -------------------------------------------------------------------
                         slack                                  0.569    

Slack (MET) :             0.569ns  (required time - arrival time)
  Source:                 u_soc/Core_cpu/u_ifu_subsys/u_icache/q_pc_q_reg[9]/C
                            (rising edge-triggered cell FDRE clocked by clk  {rise@0.000ns fall@3.750ns period=7.500ns})
  Destination:            u_soc/Core_cpu/u_ifu_subsys/u_ibuf/ent_q_reg[0][135]/D
                            (rising edge-triggered cell FDRE clocked by clk  {rise@0.000ns fall@3.750ns period=7.500ns})
  Path Group:             clk
  Path Type:              Setup (Max at Slow Process Corner)
  Requirement:            7.500ns  (clk rise@7.500ns - clk rise@0.000ns)
  Data Path Delay:        6.952ns  (logic 0.868ns (12.485%)  route 6.084ns (87.515%))
  Logic Levels:           15  (LUT3=3 LUT4=2 LUT5=2 LUT6=7 RAMD64E=1)
  Clock Path Skew:        0.023ns (DCD - SCD + CPR)
    Destination Clock Delay (DCD):    4.989ns = ( 12.489 - 7.500 ) 
    Source Clock Delay      (SCD):    5.277ns
    Clock Pessimism Removal (CPR):    0.312ns
  Clock Uncertainty:      0.035ns  ((TSJ^2 + TIJ^2)^1/2 + DJ) / 2 + PE
    Total System Jitter     (TSJ):    0.071ns
    Total Input Jitter      (TIJ):    0.000ns
    Discrete Jitter          (DJ):    0.000ns
    Phase Error              (PE):    0.000ns

    Location             Delay type                Incr(ns)  Path(ns)    Netlist Resource(s)
  -------------------------------------------------------------------    -------------------
                         (clock clk rise edge)        0.000     0.000 r  
    AE23                                              0.000     0.000 r  clk (IN)
                         net (fo=0)                   0.000     0.000    clk
    AE23                 IBUF (Prop_ibuf_I_O)         0.734     0.734 r  clk_IBUF_inst/O
                         net (fo=1, routed)           2.651     3.385    clk_IBUF
    BUFGCTRL_X0Y0        BUFG (Prop_bufg_I_O)         0.093     3.478 r  u_bufg/O
                         net (fo=5748, routed)        1.799     5.277    u_soc/Core_cpu/u_ifu_subsys/u_icache/clk_buf
    SLICE_X26Y30         FDRE                                         r  u_soc/Core_cpu/u_ifu_subsys/u_icache/q_pc_q_reg[9]/C
  -------------------------------------------------------------------    -------------------
    SLICE_X26Y30         FDRE (Prop_fdre_C_Q)         0.223     5.500 r  u_soc/Core_cpu/u_ifu_subsys/u_icache/q_pc_q_reg[9]/Q
                         net (fo=148, routed)         0.479     5.980    u_soc/Core_cpu/u_ifu_subsys/g_tage.u_tage/g_tab[1].tg_p_reg_r1_0_63_0_2/ADDRA5
    SLICE_X22Y32         RAMD64E (Prop_ramd64e_RADR5_O)
                                                      0.043     6.023 r  u_soc/Core_cpu/u_ifu_subsys/g_tage.u_tage/g_tab[1].tg_p_reg_r1_0_63_0_2/RAMA/O
                         net (fo=1, routed)           0.360     6.383    u_soc/Core_cpu/u_ifu_subsys/g_tage.u_tage/g_tab[1].tg_p_reg_r1_0_63_0_2_n_0
    SLICE_X23Y33         LUT6 (Prop_lut6_I0_O)        0.043     6.426 f  u_soc/Core_cpu/u_ifu_subsys/g_tage.u_tage/ent_q[6][150]_i_68/O
                         net (fo=8, routed)           0.367     6.793    u_soc/Core_cpu/u_ifu_subsys/g_tage.u_tage/ent_q[6][150]_i_68_n_0
    SLICE_X23Y34         LUT3 (Prop_lut3_I2_O)        0.043     6.836 f  u_soc/Core_cpu/u_ifu_subsys/g_tage.u_tage/id_bht_chk[22]_i_33/O
                         net (fo=14, routed)          0.718     7.554    u_soc/Core_cpu/u_ifu_subsys/g_tage.u_tage/id_bht_chk[22]_i_33_n_0
    SLICE_X25Y36         LUT6 (Prop_lut6_I2_O)        0.043     7.597 f  u_soc/Core_cpu/u_ifu_subsys/g_tage.u_tage/ent_q[6][150]_i_48/O
                         net (fo=2, routed)           0.324     7.922    u_soc/Core_cpu/u_ifu_subsys/g_tage.u_tage/ent_q[6][150]_i_48_n_0
    SLICE_X26Y36         LUT6 (Prop_lut6_I2_O)        0.043     7.965 r  u_soc/Core_cpu/u_ifu_subsys/g_tage.u_tage/ent_q[6][150]_i_26/O
                         net (fo=1, routed)           0.360     8.325    u_soc/Core_cpu/u_ifu_subsys/g_tage.u_tage/ent_q[6][150]_i_26_n_0
    SLICE_X26Y36         LUT6 (Prop_lut6_I1_O)        0.043     8.368 f  u_soc/Core_cpu/u_ifu_subsys/g_tage.u_tage/ent_q[6][150]_i_12/O
                         net (fo=5, routed)           0.208     8.575    u_soc/Core_cpu/u_ifu_subsys/u_btb/q_t0_idx[1]_i_10_3
    SLICE_X28Y36         LUT6 (Prop_lut6_I3_O)        0.043     8.618 f  u_soc/Core_cpu/u_ifu_subsys/u_btb/q_t0_idx[1]_i_17/O
                         net (fo=21, routed)          0.348     8.966    u_soc/Core_cpu/u_ifu_subsys/u_btb/btb_t2
    SLICE_X29Y35         LUT3 (Prop_lut3_I0_O)        0.043     9.009 r  u_soc/Core_cpu/u_ifu_subsys/u_btb/id_pred_npc[31]_i_5/O
                         net (fo=5, routed)           0.370     9.379    u_soc/Core_cpu/u_ifu_subsys/u_icache/u_tag_way1/u_prim/taken_slot[0]
    SLICE_X28Y35         LUT6 (Prop_lut6_I1_O)        0.043     9.422 r  u_soc/Core_cpu/u_ifu_subsys/u_icache/u_tag_way1/u_prim/cnt_q[0]_i_4/O
                         net (fo=2, routed)           0.257     9.679    u_soc/Core_cpu/u_ifu_subsys/u_ibuf/push_num[0]
    SLICE_X28Y36         LUT4 (Prop_lut4_I1_O)        0.043     9.722 r  u_soc/Core_cpu/u_ifu_subsys/u_ibuf/cnt_q[0]_i_2/O
                         net (fo=10, routed)          0.439    10.161    u_soc/Core_cpu/u_ifu_subsys/u_ibuf/ib_push_acc[0]
    SLICE_X29Y39         LUT3 (Prop_lut3_I1_O)        0.043    10.204 r  u_soc/Core_cpu/u_ifu_subsys/u_ibuf/cnt_q[0]_i_6/O
                         net (fo=113, routed)         0.926    11.130    u_soc/Core_cpu/u_ifu_subsys/u_ibuf/cnt_q_reg[4]_0
    SLICE_X7Y41          LUT5 (Prop_lut5_I4_O)        0.043    11.173 r  u_soc/Core_cpu/u_ifu_subsys/u_ibuf/ent_q[6][135]_i_5/O
                         net (fo=9, routed)           0.301    11.474    u_soc/Core_cpu/u_ifu_subsys/u_ibuf/p_0_in__0[135]
    SLICE_X4Y42          LUT5 (Prop_lut5_I2_O)        0.043    11.517 r  u_soc/Core_cpu/u_ifu_subsys/u_ibuf/ent_q[6][135]_i_3/O
                         net (fo=8, routed)           0.395    11.912    u_soc/Core_cpu/u_ifu_subsys/u_ibuf/ent_q[6][135]_i_3_n_0
    SLICE_X5Y42          LUT6 (Prop_lut6_I0_O)        0.043    11.955 r  u_soc/Core_cpu/u_ifu_subsys/u_ibuf/ent_q[0][135]_i_2/O
                         net (fo=1, routed)           0.232    12.187    u_soc/Core_cpu/u_ifu_subsys/u_ibuf/ent_q[0][135]_i_2_n_0
    SLICE_X5Y42          LUT4 (Prop_lut4_I3_O)        0.043    12.230 r  u_soc/Core_cpu/u_ifu_subsys/u_ibuf/ent_q[0][135]_i_1/O
                         net (fo=1, routed)           0.000    12.230    u_soc/Core_cpu/u_ifu_subsys/u_ibuf/ent_q[0][135]_i_1_n_0
    SLICE_X5Y42          FDRE                                         r  u_soc/Core_cpu/u_ifu_subsys/u_ibuf/ent_q_reg[0][135]/D
  -------------------------------------------------------------------    -------------------

                         (clock clk rise edge)        7.500     7.500 r  
    AE23                                              0.000     7.500 r  clk (IN)
                         net (fo=0)                   0.000     7.500    clk
    AE23                 IBUF (Prop_ibuf_I_O)         0.660     8.160 r  clk_IBUF_inst/O
                         net (fo=1, routed)           2.516    10.676    clk_IBUF
    BUFGCTRL_X0Y0        BUFG (Prop_bufg_I_O)         0.083    10.759 r  u_bufg/O
                         net (fo=5748, routed)        1.730    12.489    u_soc/Core_cpu/u_ifu_subsys/u_ibuf/clk_buf
    SLICE_X5Y42          FDRE                                         r  u_soc/Core_cpu/u_ifu_subsys/u_ibuf/ent_q_reg[0][135]/C
                         clock pessimism              0.312    12.800    
                         clock uncertainty           -0.035    12.765    
    SLICE_X5Y42          FDRE (Setup_fdre_C_D)        0.034    12.799    u_soc/Core_cpu/u_ifu_subsys/u_ibuf/ent_q_reg[0][135]
  -------------------------------------------------------------------
                         required time                         12.799    
                         arrival time                         -12.230    
  -------------------------------------------------------------------
                         slack                                  0.569    

Slack (MET) :             0.569ns  (required time - arrival time)
  Source:                 u_soc/Core_cpu/u_ifu_subsys/u_icache/q_pc_q_reg[9]/C
                            (rising edge-triggered cell FDRE clocked by clk  {rise@0.000ns fall@3.750ns period=7.500ns})
  Destination:            u_soc/Core_cpu/u_ifu_subsys/u_ibuf/ent_q_reg[0][135]/D
                            (rising edge-triggered cell FDRE clocked by clk  {rise@0.000ns fall@3.750ns period=7.500ns})
  Path Group:             clk
  Path Type:              Setup (Max at Slow Process Corner)
  Requirement:            7.500ns  (clk rise@7.500ns - clk rise@0.000ns)
  Data Path Delay:        6.952ns  (logic 0.868ns (12.485%)  route 6.084ns (87.515%))
  Logic Levels:           15  (LUT3=3 LUT4=2 LUT5=2 LUT6=7 RAMD64E=1)
  Clock Path Skew:        0.023ns (DCD - SCD + CPR)
    Destination Clock Delay (DCD):    4.989ns = ( 12.489 - 7.500 ) 
    Source Clock Delay      (SCD):    5.277ns
    Clock Pessimism Removal (CPR):    0.312ns
  Clock Uncertainty:      0.035ns  ((TSJ^2 + TIJ^2)^1/2 + DJ) / 2 + PE
    Total System Jitter     (TSJ):    0.071ns
    Total Input Jitter      (TIJ):    0.000ns
    Discrete Jitter          (DJ):    0.000ns
    Phase Error              (PE):    0.000ns

    Location             Delay type                Incr(ns)  Path(ns)    Netlist Resource(s)
  -------------------------------------------------------------------    -------------------
                         (clock clk rise edge)        0.000     0.000 r  
    AE23                                              0.000     0.000 r  clk (IN)
                         net (fo=0)                   0.000     0.000    clk
    AE23                 IBUF (Prop_ibuf_I_O)         0.734     0.734 r  clk_IBUF_inst/O
                         net (fo=1, routed)           2.651     3.385    clk_IBUF
    BUFGCTRL_X0Y0        BUFG (Prop_bufg_I_O)         0.093     3.478 r  u_bufg/O
                         net (fo=5748, routed)        1.799     5.277    u_soc/Core_cpu/u_ifu_subsys/u_icache/clk_buf
    SLICE_X26Y30         FDRE                                         r  u_soc/Core_cpu/u_ifu_subsys/u_icache/q_pc_q_reg[9]/C
  -------------------------------------------------------------------    -------------------
    SLICE_X26Y30         FDRE (Prop_fdre_C_Q)         0.223     5.500 r  u_soc/Core_cpu/u_ifu_subsys/u_icache/q_pc_q_reg[9]/Q
                         net (fo=148, routed)         0.479     5.980    u_soc/Core_cpu/u_ifu_subsys/g_tage.u_tage/g_tab[1].tg_p_reg_r1_0_63_0_2/ADDRA5
    SLICE_X22Y32         RAMD64E (Prop_ramd64e_RADR5_O)
                                                      0.043     6.023 r  u_soc/Core_cpu/u_ifu_subsys/g_tage.u_tage/g_tab[1].tg_p_reg_r1_0_63_0_2/RAMA/O
                         net (fo=1, routed)           0.360     6.383    u_soc/Core_cpu/u_ifu_subsys/g_tage.u_tage/g_tab[1].tg_p_reg_r1_0_63_0_2_n_0
    SLICE_X23Y33         LUT6 (Prop_lut6_I0_O)        0.043     6.426 r  u_soc/Core_cpu/u_ifu_subsys/g_tage.u_tage/ent_q[6][150]_i_68/O
                         net (fo=8, routed)           0.367     6.793    u_soc/Core_cpu/u_ifu_subsys/g_tage.u_tage/ent_q[6][150]_i_68_n_0
    SLICE_X23Y34         LUT3 (Prop_lut3_I2_O)        0.043     6.836 r  u_soc/Core_cpu/u_ifu_subsys/g_tage.u_tage/id_bht_chk[22]_i_33/O
                         net (fo=14, routed)          0.718     7.554    u_soc/Core_cpu/u_ifu_subsys/g_tage.u_tage/id_bht_chk[22]_i_33_n_0
    SLICE_X25Y36         LUT6 (Prop_lut6_I2_O)        0.043     7.597 r  u_soc/Core_cpu/u_ifu_subsys/g_tage.u_tage/ent_q[6][150]_i_48/O
                         net (fo=2, routed)           0.324     7.922    u_soc/Core_cpu/u_ifu_subsys/g_tage.u_tage/ent_q[6][150]_i_48_n_0
    SLICE_X26Y36         LUT6 (Prop_lut6_I2_O)        0.043     7.965 f  u_soc/Core_cpu/u_ifu_subsys/g_tage.u_tage/ent_q[6][150]_i_26/O
                         net (fo=1, routed)           0.360     8.325    u_soc/Core_cpu/u_ifu_subsys/g_tage.u_tage/ent_q[6][150]_i_26_n_0
    SLICE_X26Y36         LUT6 (Prop_lut6_I1_O)        0.043     8.368 f  u_soc/Core_cpu/u_ifu_subsys/g_tage.u_tage/ent_q[6][150]_i_12/O
                         net (fo=5, routed)           0.208     8.575    u_soc/Core_cpu/u_ifu_subsys/u_btb/q_t0_idx[1]_i_10_3
    SLICE_X28Y36         LUT6 (Prop_lut6_I3_O)        0.043     8.618 f  u_soc/Core_cpu/u_ifu_subsys/u_btb/q_t0_idx[1]_i_17/O
                         net (fo=21, routed)          0.348     8.966    u_soc/Core_cpu/u_ifu_subsys/u_btb/btb_t2
    SLICE_X29Y35         LUT3 (Prop_lut3_I0_O)        0.043     9.009 r  u_soc/Core_cpu/u_ifu_subsys/u_btb/id_pred_npc[31]_i_5/O
                         net (fo=5, routed)           0.370     9.379    u_soc/Core_cpu/u_ifu_subsys/u_icache/u_tag_way1/u_prim/taken_slot[0]
    SLICE_X28Y35         LUT6 (Prop_lut6_I1_O)        0.043     9.422 r  u_soc/Core_cpu/u_ifu_subsys/u_icache/u_tag_way1/u_prim/cnt_q[0]_i_4/O
                         net (fo=2, routed)           0.257     9.679    u_soc/Core_cpu/u_ifu_subsys/u_ibuf/push_num[0]
    SLICE_X28Y36         LUT4 (Prop_lut4_I1_O)        0.043     9.722 r  u_soc/Core_cpu/u_ifu_subsys/u_ibuf/cnt_q[0]_i_2/O
                         net (fo=10, routed)          0.439    10.161    u_soc/Core_cpu/u_ifu_subsys/u_ibuf/ib_push_acc[0]
    SLICE_X29Y39         LUT3 (Prop_lut3_I1_O)        0.043    10.204 r  u_soc/Core_cpu/u_ifu_subsys/u_ibuf/cnt_q[0]_i_6/O
                         net (fo=113, routed)         0.926    11.130    u_soc/Core_cpu/u_ifu_subsys/u_ibuf/cnt_q_reg[4]_0
    SLICE_X7Y41          LUT5 (Prop_lut5_I4_O)        0.043    11.173 r  u_soc/Core_cpu/u_ifu_subsys/u_ibuf/ent_q[6][135]_i_5/O
                         net (fo=9, routed)           0.301    11.474    u_soc/Core_cpu/u_ifu_subsys/u_ibuf/p_0_in__0[135]
    SLICE_X4Y42          LUT5 (Prop_lut5_I2_O)        0.043    11.517 r  u_soc/Core_cpu/u_ifu_subsys/u_ibuf/ent_q[6][135]_i_3/O
                         net (fo=8, routed)           0.395    11.912    u_soc/Core_cpu/u_ifu_subsys/u_ibuf/ent_q[6][135]_i_3_n_0
    SLICE_X5Y42          LUT6 (Prop_lut6_I0_O)        0.043    11.955 r  u_soc/Core_cpu/u_ifu_subsys/u_ibuf/ent_q[0][135]_i_2/O
                         net (fo=1, routed)           0.232    12.187    u_soc/Core_cpu/u_ifu_subsys/u_ibuf/ent_q[0][135]_i_2_n_0
    SLICE_X5Y42          LUT4 (Prop_lut4_I3_O)        0.043    12.230 r  u_soc/Core_cpu/u_ifu_subsys/u_ibuf/ent_q[0][135]_i_1/O
                         net (fo=1, routed)           0.000    12.230    u_soc/Core_cpu/u_ifu_subsys/u_ibuf/ent_q[0][135]_i_1_n_0
    SLICE_X5Y42          FDRE                                         r  u_soc/Core_cpu/u_ifu_subsys/u_ibuf/ent_q_reg[0][135]/D
  -------------------------------------------------------------------    -------------------

                         (clock clk rise edge)        7.500     7.500 r  
    AE23                                              0.000     7.500 r  clk (IN)
                         net (fo=0)                   0.000     7.500    clk
    AE23                 IBUF (Prop_ibuf_I_O)         0.660     8.160 r  clk_IBUF_inst/O
                         net (fo=1, routed)           2.516    10.676    clk_IBUF
    BUFGCTRL_X0Y0        BUFG (Prop_bufg_I_O)         0.083    10.759 r  u_bufg/O
                         net (fo=5748, routed)        1.730    12.489    u_soc/Core_cpu/u_ifu_subsys/u_ibuf/clk_buf
    SLICE_X5Y42          FDRE                                         r  u_soc/Core_cpu/u_ifu_subsys/u_ibuf/ent_q_reg[0][135]/C
                         clock pessimism              0.312    12.800    
                         clock uncertainty           -0.035    12.765    
    SLICE_X5Y42          FDRE (Setup_fdre_C_D)        0.034    12.799    u_soc/Core_cpu/u_ifu_subsys/u_ibuf/ent_q_reg[0][135]
  -------------------------------------------------------------------
                         required time                         12.799    
                         arrival time                         -12.230    
  -------------------------------------------------------------------
                         slack                                  0.569    

Slack (MET) :             0.571ns  (required time - arrival time)
  Source:                 u_soc/Core_cpu/u_ifu_subsys/u_icache/q_pc_q_reg[9]/C
                            (rising edge-triggered cell FDRE clocked by clk  {rise@0.000ns fall@3.750ns period=7.500ns})
  Destination:            u_soc/Core_cpu/u_ifu_subsys/u_ibuf/ent_q_reg[5][85]/D
                            (rising edge-triggered cell FDRE clocked by clk  {rise@0.000ns fall@3.750ns period=7.500ns})
  Path Group:             clk
  Path Type:              Setup (Max at Slow Process Corner)
  Requirement:            7.500ns  (clk rise@7.500ns - clk rise@0.000ns)
  Data Path Delay:        6.820ns  (logic 0.868ns (12.728%)  route 5.952ns (87.272%))
  Logic Levels:           15  (LUT3=3 LUT4=1 LUT5=1 LUT6=9 RAMD64E=1)
  Clock Path Skew:        -0.108ns (DCD - SCD + CPR)
    Destination Clock Delay (DCD):    4.858ns = ( 12.358 - 7.500 ) 
    Source Clock Delay      (SCD):    5.277ns
    Clock Pessimism Removal (CPR):    0.312ns
  Clock Uncertainty:      0.035ns  ((TSJ^2 + TIJ^2)^1/2 + DJ) / 2 + PE
    Total System Jitter     (TSJ):    0.071ns
    Total Input Jitter      (TIJ):    0.000ns
    Discrete Jitter          (DJ):    0.000ns
    Phase Error              (PE):    0.000ns

    Location             Delay type                Incr(ns)  Path(ns)    Netlist Resource(s)
  -------------------------------------------------------------------    -------------------
                         (clock clk rise edge)        0.000     0.000 r  
    AE23                                              0.000     0.000 r  clk (IN)
                         net (fo=0)                   0.000     0.000    clk
    AE23                 IBUF (Prop_ibuf_I_O)         0.734     0.734 r  clk_IBUF_inst/O
                         net (fo=1, routed)           2.651     3.385    clk_IBUF
    BUFGCTRL_X0Y0        BUFG (Prop_bufg_I_O)         0.093     3.478 r  u_bufg/O
                         net (fo=5748, routed)        1.799     5.277    u_soc/Core_cpu/u_ifu_subsys/u_icache/clk_buf
    SLICE_X26Y30         FDRE                                         r  u_soc/Core_cpu/u_ifu_subsys/u_icache/q_pc_q_reg[9]/C
  -------------------------------------------------------------------    -------------------
    SLICE_X26Y30         FDRE (Prop_fdre_C_Q)         0.223     5.500 r  u_soc/Core_cpu/u_ifu_subsys/u_icache/q_pc_q_reg[9]/Q
                         net (fo=148, routed)         0.479     5.980    u_soc/Core_cpu/u_ifu_subsys/g_tage.u_tage/g_tab[1].tg_p_reg_r1_0_63_0_2/ADDRA5
    SLICE_X22Y32         RAMD64E (Prop_ramd64e_RADR5_O)
                                                      0.043     6.023 r  u_soc/Core_cpu/u_ifu_subsys/g_tage.u_tage/g_tab[1].tg_p_reg_r1_0_63_0_2/RAMA/O
                         net (fo=1, routed)           0.360     6.383    u_soc/Core_cpu/u_ifu_subsys/g_tage.u_tage/g_tab[1].tg_p_reg_r1_0_63_0_2_n_0
    SLICE_X23Y33         LUT6 (Prop_lut6_I0_O)        0.043     6.426 r  u_soc/Core_cpu/u_ifu_subsys/g_tage.u_tage/ent_q[6][150]_i_68/O
                         net (fo=8, routed)           0.367     6.793    u_soc/Core_cpu/u_ifu_subsys/g_tage.u_tage/ent_q[6][150]_i_68_n_0
    SLICE_X23Y34         LUT3 (Prop_lut3_I2_O)        0.043     6.836 r  u_soc/Core_cpu/u_ifu_subsys/g_tage.u_tage/id_bht_chk[22]_i_33/O
                         net (fo=14, routed)          0.718     7.554    u_soc/Core_cpu/u_ifu_subsys/g_tage.u_tage/id_bht_chk[22]_i_33_n_0
    SLICE_X25Y36         LUT6 (Prop_lut6_I2_O)        0.043     7.597 r  u_soc/Core_cpu/u_ifu_subsys/g_tage.u_tage/ent_q[6][150]_i_48/O
                         net (fo=2, routed)           0.324     7.922    u_soc/Core_cpu/u_ifu_subsys/g_tage.u_tage/ent_q[6][150]_i_48_n_0
    SLICE_X26Y36         LUT6 (Prop_lut6_I2_O)        0.043     7.965 r  u_soc/Core_cpu/u_ifu_subsys/g_tage.u_tage/ent_q[6][150]_i_26/O
                         net (fo=1, routed)           0.360     8.325    u_soc/Core_cpu/u_ifu_subsys/g_tage.u_tage/ent_q[6][150]_i_26_n_0
    SLICE_X26Y36         LUT6 (Prop_lut6_I1_O)        0.043     8.368 f  u_soc/Core_cpu/u_ifu_subsys/g_tage.u_tage/ent_q[6][150]_i_12/O
                         net (fo=5, routed)           0.208     8.575    u_soc/Core_cpu/u_ifu_subsys/u_btb/q_t0_idx[1]_i_10_3
    SLICE_X28Y36         LUT6 (Prop_lut6_I3_O)        0.043     8.618 f  u_soc/Core_cpu/u_ifu_subsys/u_btb/q_t0_idx[1]_i_17/O
                         net (fo=21, routed)          0.348     8.966    u_soc/Core_cpu/u_ifu_subsys/u_btb/btb_t2
    SLICE_X29Y35         LUT3 (Prop_lut3_I0_O)        0.043     9.009 r  u_soc/Core_cpu/u_ifu_subsys/u_btb/id_pred_npc[31]_i_5/O
                         net (fo=5, routed)           0.370     9.379    u_soc/Core_cpu/u_ifu_subsys/u_icache/u_tag_way1/u_prim/taken_slot[0]
    SLICE_X28Y35         LUT6 (Prop_lut6_I1_O)        0.043     9.422 r  u_soc/Core_cpu/u_ifu_subsys/u_icache/u_tag_way1/u_prim/cnt_q[0]_i_4/O
                         net (fo=2, routed)           0.257     9.679    u_soc/Core_cpu/u_ifu_subsys/u_ibuf/push_num[0]
    SLICE_X28Y36         LUT4 (Prop_lut4_I1_O)        0.043     9.722 r  u_soc/Core_cpu/u_ifu_subsys/u_ibuf/cnt_q[0]_i_2/O
                         net (fo=10, routed)          0.439    10.161    u_soc/Core_cpu/u_ifu_subsys/u_ibuf/ib_push_acc[0]
    SLICE_X29Y39         LUT3 (Prop_lut3_I1_O)        0.043    10.204 r  u_soc/Core_cpu/u_ifu_subsys/u_ibuf/cnt_q[0]_i_6/O
                         net (fo=113, routed)         0.645    10.849    u_soc/Core_cpu/u_ifu_subsys/u_ibuf/cnt_q_reg[4]_0
    SLICE_X42Y38         LUT6 (Prop_lut6_I5_O)        0.043    10.892 r  u_soc/Core_cpu/u_ifu_subsys/u_ibuf/ent_q[6][85]_i_6/O
                         net (fo=9, routed)           0.273    11.165    u_soc/Core_cpu/u_ifu_subsys/u_ibuf/p_0_in__0[85]
    SLICE_X44Y38         LUT6 (Prop_lut6_I3_O)        0.043    11.208 r  u_soc/Core_cpu/u_ifu_subsys/u_ibuf/ent_q[6][85]_i_3/O
                         net (fo=8, routed)           0.621    11.829    u_soc/Core_cpu/u_ifu_subsys/u_ibuf/ent_q[6][85]_i_3_n_0
    SLICE_X50Y42         LUT6 (Prop_lut6_I0_O)        0.043    11.872 r  u_soc/Core_cpu/u_ifu_subsys/u_ibuf/ent_q[5][85]_i_2/O
                         net (fo=1, routed)           0.182    12.054    u_soc/Core_cpu/u_ifu_subsys/u_ibuf/ent_q[5][85]_i_2_n_0
    SLICE_X51Y41         LUT5 (Prop_lut5_I4_O)        0.043    12.097 r  u_soc/Core_cpu/u_ifu_subsys/u_ibuf/ent_q[5][85]_i_1/O
                         net (fo=1, routed)           0.000    12.097    u_soc/Core_cpu/u_ifu_subsys/u_ibuf/ent_q[5][85]_i_1_n_0
    SLICE_X51Y41         FDRE                                         r  u_soc/Core_cpu/u_ifu_subsys/u_ibuf/ent_q_reg[5][85]/D
  -------------------------------------------------------------------    -------------------

                         (clock clk rise edge)        7.500     7.500 r  
    AE23                                              0.000     7.500 r  clk (IN)
                         net (fo=0)                   0.000     7.500    clk
    AE23                 IBUF (Prop_ibuf_I_O)         0.660     8.160 r  clk_IBUF_inst/O
                         net (fo=1, routed)           2.516    10.676    clk_IBUF
    BUFGCTRL_X0Y0        BUFG (Prop_bufg_I_O)         0.083    10.759 r  u_bufg/O
                         net (fo=5748, routed)        1.599    12.358    u_soc/Core_cpu/u_ifu_subsys/u_ibuf/clk_buf
    SLICE_X51Y41         FDRE                                         r  u_soc/Core_cpu/u_ifu_subsys/u_ibuf/ent_q_reg[5][85]/C
                         clock pessimism              0.312    12.669    
                         clock uncertainty           -0.035    12.634    
    SLICE_X51Y41         FDRE (Setup_fdre_C_D)        0.034    12.668    u_soc/Core_cpu/u_ifu_subsys/u_ibuf/ent_q_reg[5][85]
  -------------------------------------------------------------------
                         required time                         12.668    
                         arrival time                         -12.097    
  -------------------------------------------------------------------
                         slack                                  0.571    

Slack (MET) :             0.571ns  (required time - arrival time)
  Source:                 u_soc/Core_cpu/u_ifu_subsys/u_icache/q_pc_q_reg[9]/C
                            (rising edge-triggered cell FDRE clocked by clk  {rise@0.000ns fall@3.750ns period=7.500ns})
  Destination:            u_soc/Core_cpu/u_ifu_subsys/u_ibuf/ent_q_reg[5][85]/D
                            (rising edge-triggered cell FDRE clocked by clk  {rise@0.000ns fall@3.750ns period=7.500ns})
  Path Group:             clk
  Path Type:              Setup (Max at Slow Process Corner)
  Requirement:            7.500ns  (clk rise@7.500ns - clk rise@0.000ns)
  Data Path Delay:        6.820ns  (logic 0.868ns (12.728%)  route 5.952ns (87.272%))
  Logic Levels:           15  (LUT3=3 LUT4=1 LUT5=1 LUT6=9 RAMD64E=1)
  Clock Path Skew:        -0.108ns (DCD - SCD + CPR)
    Destination Clock Delay (DCD):    4.858ns = ( 12.358 - 7.500 ) 
    Source Clock Delay      (SCD):    5.277ns
    Clock Pessimism Removal (CPR):    0.312ns
  Clock Uncertainty:      0.035ns  ((TSJ^2 + TIJ^2)^1/2 + DJ) / 2 + PE
    Total System Jitter     (TSJ):    0.071ns
    Total Input Jitter      (TIJ):    0.000ns
    Discrete Jitter          (DJ):    0.000ns
    Phase Error              (PE):    0.000ns

    Location             Delay type                Incr(ns)  Path(ns)    Netlist Resource(s)
  -------------------------------------------------------------------    -------------------
                         (clock clk rise edge)        0.000     0.000 r  
    AE23                                              0.000     0.000 r  clk (IN)
                         net (fo=0)                   0.000     0.000    clk
    AE23                 IBUF (Prop_ibuf_I_O)         0.734     0.734 r  clk_IBUF_inst/O
                         net (fo=1, routed)           2.651     3.385    clk_IBUF
    BUFGCTRL_X0Y0        BUFG (Prop_bufg_I_O)         0.093     3.478 r  u_bufg/O
                         net (fo=5748, routed)        1.799     5.277    u_soc/Core_cpu/u_ifu_subsys/u_icache/clk_buf
    SLICE_X26Y30         FDRE                                         r  u_soc/Core_cpu/u_ifu_subsys/u_icache/q_pc_q_reg[9]/C
  -------------------------------------------------------------------    -------------------
    SLICE_X26Y30         FDRE (Prop_fdre_C_Q)         0.223     5.500 r  u_soc/Core_cpu/u_ifu_subsys/u_icache/q_pc_q_reg[9]/Q
                         net (fo=148, routed)         0.479     5.980    u_soc/Core_cpu/u_ifu_subsys/g_tage.u_tage/g_tab[1].tg_p_reg_r1_0_63_0_2/ADDRA5
    SLICE_X22Y32         RAMD64E (Prop_ramd64e_RADR5_O)
                                                      0.043     6.023 r  u_soc/Core_cpu/u_ifu_subsys/g_tage.u_tage/g_tab[1].tg_p_reg_r1_0_63_0_2/RAMA/O
                         net (fo=1, routed)           0.360     6.383    u_soc/Core_cpu/u_ifu_subsys/g_tage.u_tage/g_tab[1].tg_p_reg_r1_0_63_0_2_n_0
    SLICE_X23Y33         LUT6 (Prop_lut6_I0_O)        0.043     6.426 r  u_soc/Core_cpu/u_ifu_subsys/g_tage.u_tage/ent_q[6][150]_i_68/O
                         net (fo=8, routed)           0.367     6.793    u_soc/Core_cpu/u_ifu_subsys/g_tage.u_tage/ent_q[6][150]_i_68_n_0
    SLICE_X23Y34         LUT3 (Prop_lut3_I2_O)        0.043     6.836 r  u_soc/Core_cpu/u_ifu_subsys/g_tage.u_tage/id_bht_chk[22]_i_33/O
                         net (fo=14, routed)          0.718     7.554    u_soc/Core_cpu/u_ifu_subsys/g_tage.u_tage/id_bht_chk[22]_i_33_n_0
    SLICE_X25Y36         LUT6 (Prop_lut6_I2_O)        0.043     7.597 r  u_soc/Core_cpu/u_ifu_subsys/g_tage.u_tage/ent_q[6][150]_i_48/O
                         net (fo=2, routed)           0.324     7.922    u_soc/Core_cpu/u_ifu_subsys/g_tage.u_tage/ent_q[6][150]_i_48_n_0
    SLICE_X26Y36         LUT6 (Prop_lut6_I2_O)        0.043     7.965 f  u_soc/Core_cpu/u_ifu_subsys/g_tage.u_tage/ent_q[6][150]_i_26/O
                         net (fo=1, routed)           0.360     8.325    u_soc/Core_cpu/u_ifu_subsys/g_tage.u_tage/ent_q[6][150]_i_26_n_0
    SLICE_X26Y36         LUT6 (Prop_lut6_I1_O)        0.043     8.368 f  u_soc/Core_cpu/u_ifu_subsys/g_tage.u_tage/ent_q[6][150]_i_12/O
                         net (fo=5, routed)           0.208     8.575    u_soc/Core_cpu/u_ifu_subsys/u_btb/q_t0_idx[1]_i_10_3
    SLICE_X28Y36         LUT6 (Prop_lut6_I3_O)        0.043     8.618 f  u_soc/Core_cpu/u_ifu_subsys/u_btb/q_t0_idx[1]_i_17/O
                         net (fo=21, routed)          0.348     8.966    u_soc/Core_cpu/u_ifu_subsys/u_btb/btb_t2
    SLICE_X29Y35         LUT3 (Prop_lut3_I0_O)        0.043     9.009 r  u_soc/Core_cpu/u_ifu_subsys/u_btb/id_pred_npc[31]_i_5/O
                         net (fo=5, routed)           0.370     9.379    u_soc/Core_cpu/u_ifu_subsys/u_icache/u_tag_way1/u_prim/taken_slot[0]
    SLICE_X28Y35         LUT6 (Prop_lut6_I1_O)        0.043     9.422 r  u_soc/Core_cpu/u_ifu_subsys/u_icache/u_tag_way1/u_prim/cnt_q[0]_i_4/O
                         net (fo=2, routed)           0.257     9.679    u_soc/Core_cpu/u_ifu_subsys/u_ibuf/push_num[0]
    SLICE_X28Y36         LUT4 (Prop_lut4_I1_O)        0.043     9.722 r  u_soc/Core_cpu/u_ifu_subsys/u_ibuf/cnt_q[0]_i_2/O
                         net (fo=10, routed)          0.439    10.161    u_soc/Core_cpu/u_ifu_subsys/u_ibuf/ib_push_acc[0]
    SLICE_X29Y39         LUT3 (Prop_lut3_I1_O)        0.043    10.204 r  u_soc/Core_cpu/u_ifu_subsys/u_ibuf/cnt_q[0]_i_6/O
                         net (fo=113, routed)         0.645    10.849    u_soc/Core_cpu/u_ifu_subsys/u_ibuf/cnt_q_reg[4]_0
    SLICE_X42Y38         LUT6 (Prop_lut6_I5_O)        0.043    10.892 r  u_soc/Core_cpu/u_ifu_subsys/u_ibuf/ent_q[6][85]_i_6/O
                         net (fo=9, routed)           0.273    11.165    u_soc/Core_cpu/u_ifu_subsys/u_ibuf/p_0_in__0[85]
    SLICE_X44Y38         LUT6 (Prop_lut6_I3_O)        0.043    11.208 r  u_soc/Core_cpu/u_ifu_subsys/u_ibuf/ent_q[6][85]_i_3/O
                         net (fo=8, routed)           0.621    11.829    u_soc/Core_cpu/u_ifu_subsys/u_ibuf/ent_q[6][85]_i_3_n_0
    SLICE_X50Y42         LUT6 (Prop_lut6_I0_O)        0.043    11.872 r  u_soc/Core_cpu/u_ifu_subsys/u_ibuf/ent_q[5][85]_i_2/O
                         net (fo=1, routed)           0.182    12.054    u_soc/Core_cpu/u_ifu_subsys/u_ibuf/ent_q[5][85]_i_2_n_0
    SLICE_X51Y41         LUT5 (Prop_lut5_I4_O)        0.043    12.097 r  u_soc/Core_cpu/u_ifu_subsys/u_ibuf/ent_q[5][85]_i_1/O
                         net (fo=1, routed)           0.000    12.097    u_soc/Core_cpu/u_ifu_subsys/u_ibuf/ent_q[5][85]_i_1_n_0
    SLICE_X51Y41         FDRE                                         r  u_soc/Core_cpu/u_ifu_subsys/u_ibuf/ent_q_reg[5][85]/D
  -------------------------------------------------------------------    -------------------

                         (clock clk rise edge)        7.500     7.500 r  
    AE23                                              0.000     7.500 r  clk (IN)
                         net (fo=0)                   0.000     7.500    clk
    AE23                 IBUF (Prop_ibuf_I_O)         0.660     8.160 r  clk_IBUF_inst/O
                         net (fo=1, routed)           2.516    10.676    clk_IBUF
    BUFGCTRL_X0Y0        BUFG (Prop_bufg_I_O)         0.083    10.759 r  u_bufg/O
                         net (fo=5748, routed)        1.599    12.358    u_soc/Core_cpu/u_ifu_subsys/u_ibuf/clk_buf
    SLICE_X51Y41         FDRE                                         r  u_soc/Core_cpu/u_ifu_subsys/u_ibuf/ent_q_reg[5][85]/C
                         clock pessimism              0.312    12.669    
                         clock uncertainty           -0.035    12.634    
    SLICE_X51Y41         FDRE (Setup_fdre_C_D)        0.034    12.668    u_soc/Core_cpu/u_ifu_subsys/u_ibuf/ent_q_reg[5][85]
  -------------------------------------------------------------------
                         required time                         12.668    
                         arrival time                         -12.097    
  -------------------------------------------------------------------
                         slack                                  0.571    

Slack (MET) :             0.571ns  (required time - arrival time)
  Source:                 u_soc/Core_cpu/u_ifu_subsys/u_icache/q_pc_q_reg[9]/C
                            (rising edge-triggered cell FDRE clocked by clk  {rise@0.000ns fall@3.750ns period=7.500ns})
  Destination:            u_soc/Core_cpu/u_ifu_subsys/u_ibuf/ent_q_reg[5][85]/D
                            (rising edge-triggered cell FDRE clocked by clk  {rise@0.000ns fall@3.750ns period=7.500ns})
  Path Group:             clk
  Path Type:              Setup (Max at Slow Process Corner)
  Requirement:            7.500ns  (clk rise@7.500ns - clk rise@0.000ns)
  Data Path Delay:        6.820ns  (logic 0.868ns (12.728%)  route 5.952ns (87.272%))
  Logic Levels:           15  (LUT3=3 LUT4=1 LUT5=1 LUT6=9 RAMD64E=1)
  Clock Path Skew:        -0.108ns (DCD - SCD + CPR)
    Destination Clock Delay (DCD):    4.858ns = ( 12.358 - 7.500 ) 
    Source Clock Delay      (SCD):    5.277ns
    Clock Pessimism Removal (CPR):    0.312ns
  Clock Uncertainty:      0.035ns  ((TSJ^2 + TIJ^2)^1/2 + DJ) / 2 + PE
    Total System Jitter     (TSJ):    0.071ns
    Total Input Jitter      (TIJ):    0.000ns
    Discrete Jitter          (DJ):    0.000ns
    Phase Error              (PE):    0.000ns

    Location             Delay type                Incr(ns)  Path(ns)    Netlist Resource(s)
  -------------------------------------------------------------------    -------------------
                         (clock clk rise edge)        0.000     0.000 r  
    AE23                                              0.000     0.000 r  clk (IN)
                         net (fo=0)                   0.000     0.000    clk
    AE23                 IBUF (Prop_ibuf_I_O)         0.734     0.734 r  clk_IBUF_inst/O
                         net (fo=1, routed)           2.651     3.385    clk_IBUF
    BUFGCTRL_X0Y0        BUFG (Prop_bufg_I_O)         0.093     3.478 r  u_bufg/O
                         net (fo=5748, routed)        1.799     5.277    u_soc/Core_cpu/u_ifu_subsys/u_icache/clk_buf
    SLICE_X26Y30         FDRE                                         r  u_soc/Core_cpu/u_ifu_subsys/u_icache/q_pc_q_reg[9]/C
  -------------------------------------------------------------------    -------------------
    SLICE_X26Y30         FDRE (Prop_fdre_C_Q)         0.223     5.500 r  u_soc/Core_cpu/u_ifu_subsys/u_icache/q_pc_q_reg[9]/Q
                         net (fo=148, routed)         0.479     5.980    u_soc/Core_cpu/u_ifu_subsys/g_tage.u_tage/g_tab[1].tg_p_reg_r1_0_63_0_2/ADDRA5
    SLICE_X22Y32         RAMD64E (Prop_ramd64e_RADR5_O)
                                                      0.043     6.023 r  u_soc/Core_cpu/u_ifu_subsys/g_tage.u_tage/g_tab[1].tg_p_reg_r1_0_63_0_2/RAMA/O
                         net (fo=1, routed)           0.360     6.383    u_soc/Core_cpu/u_ifu_subsys/g_tage.u_tage/g_tab[1].tg_p_reg_r1_0_63_0_2_n_0
    SLICE_X23Y33         LUT6 (Prop_lut6_I0_O)        0.043     6.426 r  u_soc/Core_cpu/u_ifu_subsys/g_tage.u_tage/ent_q[6][150]_i_68/O
                         net (fo=8, routed)           0.367     6.793    u_soc/Core_cpu/u_ifu_subsys/g_tage.u_tage/ent_q[6][150]_i_68_n_0
    SLICE_X23Y34         LUT3 (Prop_lut3_I2_O)        0.043     6.836 r  u_soc/Core_cpu/u_ifu_subsys/g_tage.u_tage/id_bht_chk[22]_i_33/O
                         net (fo=14, routed)          0.718     7.554    u_soc/Core_cpu/u_ifu_subsys/g_tage.u_tage/id_bht_chk[22]_i_33_n_0
    SLICE_X25Y36         LUT6 (Prop_lut6_I2_O)        0.043     7.597 r  u_soc/Core_cpu/u_ifu_subsys/g_tage.u_tage/ent_q[6][150]_i_48/O
                         net (fo=2, routed)           0.324     7.922    u_soc/Core_cpu/u_ifu_subsys/g_tage.u_tage/ent_q[6][150]_i_48_n_0
    SLICE_X26Y36         LUT6 (Prop_lut6_I2_O)        0.043     7.965 r  u_soc/Core_cpu/u_ifu_subsys/g_tage.u_tage/ent_q[6][150]_i_26/O
                         net (fo=1, routed)           0.360     8.325    u_soc/Core_cpu/u_ifu_subsys/g_tage.u_tage/ent_q[6][150]_i_26_n_0
    SLICE_X26Y36         LUT6 (Prop_lut6_I1_O)        0.043     8.368 f  u_soc/Core_cpu/u_ifu_subsys/g_tage.u_tage/ent_q[6][150]_i_12/O
                         net (fo=5, routed)           0.208     8.575    u_soc/Core_cpu/u_ifu_subsys/u_btb/q_t0_idx[1]_i_10_3
    SLICE_X28Y36         LUT6 (Prop_lut6_I3_O)        0.043     8.618 f  u_soc/Core_cpu/u_ifu_subsys/u_btb/q_t0_idx[1]_i_17/O
                         net (fo=21, routed)          0.348     8.966    u_soc/Core_cpu/u_ifu_subsys/u_btb/btb_t2
    SLICE_X29Y35         LUT3 (Prop_lut3_I0_O)        0.043     9.009 r  u_soc/Core_cpu/u_ifu_subsys/u_btb/id_pred_npc[31]_i_5/O
                         net (fo=5, routed)           0.370     9.379    u_soc/Core_cpu/u_ifu_subsys/u_icache/u_tag_way1/u_prim/taken_slot[0]
    SLICE_X28Y35         LUT6 (Prop_lut6_I1_O)        0.043     9.422 f  u_soc/Core_cpu/u_ifu_subsys/u_icache/u_tag_way1/u_prim/cnt_q[0]_i_4/O
                         net (fo=2, routed)           0.257     9.679    u_soc/Core_cpu/u_ifu_subsys/u_ibuf/push_num[0]
    SLICE_X28Y36         LUT4 (Prop_lut4_I1_O)        0.043     9.722 f  u_soc/Core_cpu/u_ifu_subsys/u_ibuf/cnt_q[0]_i_2/O
                         net (fo=10, routed)          0.439    10.161    u_soc/Core_cpu/u_ifu_subsys/u_ibuf/ib_push_acc[0]
    SLICE_X29Y39         LUT3 (Prop_lut3_I1_O)        0.043    10.204 f  u_soc/Core_cpu/u_ifu_subsys/u_ibuf/cnt_q[0]_i_6/O
                         net (fo=113, routed)         0.645    10.849    u_soc/Core_cpu/u_ifu_subsys/u_ibuf/cnt_q_reg[4]_0
    SLICE_X42Y38         LUT6 (Prop_lut6_I5_O)        0.043    10.892 r  u_soc/Core_cpu/u_ifu_subsys/u_ibuf/ent_q[6][85]_i_6/O
                         net (fo=9, routed)           0.273    11.165    u_soc/Core_cpu/u_ifu_subsys/u_ibuf/p_0_in__0[85]
    SLICE_X44Y38         LUT6 (Prop_lut6_I3_O)        0.043    11.208 r  u_soc/Core_cpu/u_ifu_subsys/u_ibuf/ent_q[6][85]_i_3/O
                         net (fo=8, routed)           0.621    11.829    u_soc/Core_cpu/u_ifu_subsys/u_ibuf/ent_q[6][85]_i_3_n_0
    SLICE_X50Y42         LUT6 (Prop_lut6_I0_O)        0.043    11.872 r  u_soc/Core_cpu/u_ifu_subsys/u_ibuf/ent_q[5][85]_i_2/O
                         net (fo=1, routed)           0.182    12.054    u_soc/Core_cpu/u_ifu_subsys/u_ibuf/ent_q[5][85]_i_2_n_0
    SLICE_X51Y41         LUT5 (Prop_lut5_I4_O)        0.043    12.097 r  u_soc/Core_cpu/u_ifu_subsys/u_ibuf/ent_q[5][85]_i_1/O
                         net (fo=1, routed)           0.000    12.097    u_soc/Core_cpu/u_ifu_subsys/u_ibuf/ent_q[5][85]_i_1_n_0
    SLICE_X51Y41         FDRE                                         r  u_soc/Core_cpu/u_ifu_subsys/u_ibuf/ent_q_reg[5][85]/D
  -------------------------------------------------------------------    -------------------

                         (clock clk rise edge)        7.500     7.500 r  
    AE23                                              0.000     7.500 r  clk (IN)
                         net (fo=0)                   0.000     7.500    clk
    AE23                 IBUF (Prop_ibuf_I_O)         0.660     8.160 r  clk_IBUF_inst/O
                         net (fo=1, routed)           2.516    10.676    clk_IBUF
    BUFGCTRL_X0Y0        BUFG (Prop_bufg_I_O)         0.083    10.759 r  u_bufg/O
                         net (fo=5748, routed)        1.599    12.358    u_soc/Core_cpu/u_ifu_subsys/u_ibuf/clk_buf
    SLICE_X51Y41         FDRE                                         r  u_soc/Core_cpu/u_ifu_subsys/u_ibuf/ent_q_reg[5][85]/C
                         clock pessimism              0.312    12.669    
                         clock uncertainty           -0.035    12.634    
    SLICE_X51Y41         FDRE (Setup_fdre_C_D)        0.034    12.668    u_soc/Core_cpu/u_ifu_subsys/u_ibuf/ent_q_reg[5][85]
  -------------------------------------------------------------------
                         required time                         12.668    
                         arrival time                         -12.097    
  -------------------------------------------------------------------
                         slack                                  0.571    

Slack (MET) :             0.572ns  (required time - arrival time)
  Source:                 u_soc/Core_cpu/u_ifu_subsys/u_icache/q_pc_q_reg[9]/C
                            (rising edge-triggered cell FDRE clocked by clk  {rise@0.000ns fall@3.750ns period=7.500ns})
  Destination:            u_soc/Core_cpu/u_ifu_subsys/u_ibuf/ent_q_reg[1][129]/D
                            (rising edge-triggered cell FDRE clocked by clk  {rise@0.000ns fall@3.750ns period=7.500ns})
  Path Group:             clk
  Path Type:              Setup (Max at Slow Process Corner)
  Requirement:            7.500ns  (clk rise@7.500ns - clk rise@0.000ns)
  Data Path Delay:        6.682ns  (logic 0.868ns (12.991%)  route 5.814ns (87.009%))
  Logic Levels:           15  (LUT3=4 LUT4=2 LUT5=1 LUT6=7 RAMD64E=1)
  Clock Path Skew:        -0.276ns (DCD - SCD + CPR)
    Destination Clock Delay (DCD):    4.765ns = ( 12.265 - 7.500 ) 
    Source Clock Delay      (SCD):    5.277ns
    Clock Pessimism Removal (CPR):    0.237ns
  Clock Uncertainty:      0.035ns  ((TSJ^2 + TIJ^2)^1/2 + DJ) / 2 + PE
    Total System Jitter     (TSJ):    0.071ns
    Total Input Jitter      (TIJ):    0.000ns
    Discrete Jitter          (DJ):    0.000ns
    Phase Error              (PE):    0.000ns

    Location             Delay type                Incr(ns)  Path(ns)    Netlist Resource(s)
  -------------------------------------------------------------------    -------------------
                         (clock clk rise edge)        0.000     0.000 r  
    AE23                                              0.000     0.000 r  clk (IN)
                         net (fo=0)                   0.000     0.000    clk
    AE23                 IBUF (Prop_ibuf_I_O)         0.734     0.734 r  clk_IBUF_inst/O
                         net (fo=1, routed)           2.651     3.385    clk_IBUF
    BUFGCTRL_X0Y0        BUFG (Prop_bufg_I_O)         0.093     3.478 r  u_bufg/O
                         net (fo=5748, routed)        1.799     5.277    u_soc/Core_cpu/u_ifu_subsys/u_icache/clk_buf
    SLICE_X26Y30         FDRE                                         r  u_soc/Core_cpu/u_ifu_subsys/u_icache/q_pc_q_reg[9]/C
  -------------------------------------------------------------------    -------------------
    SLICE_X26Y30         FDRE (Prop_fdre_C_Q)         0.223     5.500 r  u_soc/Core_cpu/u_ifu_subsys/u_icache/q_pc_q_reg[9]/Q
                         net (fo=148, routed)         0.479     5.980    u_soc/Core_cpu/u_ifu_subsys/g_tage.u_tage/g_tab[1].tg_p_reg_r1_0_63_0_2/ADDRA5
    SLICE_X22Y32         RAMD64E (Prop_ramd64e_RADR5_O)
                                                      0.043     6.023 r  u_soc/Core_cpu/u_ifu_subsys/g_tage.u_tage/g_tab[1].tg_p_reg_r1_0_63_0_2/RAMA/O
                         net (fo=1, routed)           0.360     6.383    u_soc/Core_cpu/u_ifu_subsys/g_tage.u_tage/g_tab[1].tg_p_reg_r1_0_63_0_2_n_0
    SLICE_X23Y33         LUT6 (Prop_lut6_I0_O)        0.043     6.426 r  u_soc/Core_cpu/u_ifu_subsys/g_tage.u_tage/ent_q[6][150]_i_68/O
                         net (fo=8, routed)           0.367     6.793    u_soc/Core_cpu/u_ifu_subsys/g_tage.u_tage/ent_q[6][150]_i_68_n_0
    SLICE_X23Y34         LUT3 (Prop_lut3_I2_O)        0.043     6.836 r  u_soc/Core_cpu/u_ifu_subsys/g_tage.u_tage/id_bht_chk[22]_i_33/O
                         net (fo=14, routed)          0.718     7.554    u_soc/Core_cpu/u_ifu_subsys/g_tage.u_tage/id_bht_chk[22]_i_33_n_0
    SLICE_X25Y36         LUT6 (Prop_lut6_I2_O)        0.043     7.597 r  u_soc/Core_cpu/u_ifu_subsys/g_tage.u_tage/ent_q[6][150]_i_48/O
                         net (fo=2, routed)           0.324     7.922    u_soc/Core_cpu/u_ifu_subsys/g_tage.u_tage/ent_q[6][150]_i_48_n_0
    SLICE_X26Y36         LUT6 (Prop_lut6_I2_O)        0.043     7.965 r  u_soc/Core_cpu/u_ifu_subsys/g_tage.u_tage/ent_q[6][150]_i_26/O
                         net (fo=1, routed)           0.360     8.325    u_soc/Core_cpu/u_ifu_subsys/g_tage.u_tage/ent_q[6][150]_i_26_n_0
    SLICE_X26Y36         LUT6 (Prop_lut6_I1_O)        0.043     8.368 f  u_soc/Core_cpu/u_ifu_subsys/g_tage.u_tage/ent_q[6][150]_i_12/O
                         net (fo=5, routed)           0.208     8.575    u_soc/Core_cpu/u_ifu_subsys/u_btb/q_t0_idx[1]_i_10_3
    SLICE_X28Y36         LUT6 (Prop_lut6_I3_O)        0.043     8.618 f  u_soc/Core_cpu/u_ifu_subsys/u_btb/q_t0_idx[1]_i_17/O
                         net (fo=21, routed)          0.348     8.966    u_soc/Core_cpu/u_ifu_subsys/u_btb/btb_t2
    SLICE_X29Y35         LUT3 (Prop_lut3_I0_O)        0.043     9.009 r  u_soc/Core_cpu/u_ifu_subsys/u_btb/id_pred_npc[31]_i_5/O
                         net (fo=5, routed)           0.370     9.379    u_soc/Core_cpu/u_ifu_subsys/u_icache/u_tag_way1/u_prim/taken_slot[0]
    SLICE_X28Y35         LUT6 (Prop_lut6_I1_O)        0.043     9.422 r  u_soc/Core_cpu/u_ifu_subsys/u_icache/u_tag_way1/u_prim/cnt_q[0]_i_4/O
                         net (fo=2, routed)           0.257     9.679    u_soc/Core_cpu/u_ifu_subsys/u_ibuf/push_num[0]
    SLICE_X28Y36         LUT4 (Prop_lut4_I1_O)        0.043     9.722 r  u_soc/Core_cpu/u_ifu_subsys/u_ibuf/cnt_q[0]_i_2/O
                         net (fo=10, routed)          0.439    10.161    u_soc/Core_cpu/u_ifu_subsys/u_ibuf/ib_push_acc[0]
    SLICE_X29Y39         LUT3 (Prop_lut3_I1_O)        0.043    10.204 r  u_soc/Core_cpu/u_ifu_subsys/u_ibuf/cnt_q[0]_i_6/O
                         net (fo=113, routed)         0.557    10.761    u_soc/Core_cpu/u_ifu_subsys/u_ibuf/cnt_q_reg[4]_0
    SLICE_X23Y43         LUT5 (Prop_lut5_I4_O)        0.043    10.804 r  u_soc/Core_cpu/u_ifu_subsys/u_ibuf/ent_q[6][129]_i_5/O
                         net (fo=9, routed)           0.575    11.379    u_soc/Core_cpu/u_ifu_subsys/u_ibuf/p_0_in__0[129]
    SLICE_X17Y50         LUT3 (Prop_lut3_I0_O)        0.043    11.422 r  u_soc/Core_cpu/u_ifu_subsys/u_ibuf/ent_q[1][129]_i_3/O
                         net (fo=1, routed)           0.236    11.658    u_soc/Core_cpu/u_ifu_subsys/u_ibuf/ent_q[1047]
    SLICE_X17Y50         LUT6 (Prop_lut6_I5_O)        0.043    11.701 r  u_soc/Core_cpu/u_ifu_subsys/u_ibuf/ent_q[1][129]_i_2/O
                         net (fo=1, routed)           0.215    11.916    u_soc/Core_cpu/u_ifu_subsys/u_ibuf/ent_q[1][129]_i_2_n_0
    SLICE_X16Y50         LUT4 (Prop_lut4_I3_O)        0.043    11.959 r  u_soc/Core_cpu/u_ifu_subsys/u_ibuf/ent_q[1][129]_i_1/O
                         net (fo=1, routed)           0.000    11.959    u_soc/Core_cpu/u_ifu_subsys/u_ibuf/ent_q[1][129]_i_1_n_0
    SLICE_X16Y50         FDRE                                         r  u_soc/Core_cpu/u_ifu_subsys/u_ibuf/ent_q_reg[1][129]/D
  -------------------------------------------------------------------    -------------------

                         (clock clk rise edge)        7.500     7.500 r  
    AE23                                              0.000     7.500 r  clk (IN)
                         net (fo=0)                   0.000     7.500    clk
    AE23                 IBUF (Prop_ibuf_I_O)         0.660     8.160 r  clk_IBUF_inst/O
                         net (fo=1, routed)           2.516    10.676    clk_IBUF
    BUFGCTRL_X0Y0        BUFG (Prop_bufg_I_O)         0.083    10.759 r  u_bufg/O
                         net (fo=5748, routed)        1.506    12.265    u_soc/Core_cpu/u_ifu_subsys/u_ibuf/clk_buf
    SLICE_X16Y50         FDRE                                         r  u_soc/Core_cpu/u_ifu_subsys/u_ibuf/ent_q_reg[1][129]/C
                         clock pessimism              0.237    12.501    
                         clock uncertainty           -0.035    12.466    
    SLICE_X16Y50         FDRE (Setup_fdre_C_D)        0.065    12.531    u_soc/Core_cpu/u_ifu_subsys/u_ibuf/ent_q_reg[1][129]
  -------------------------------------------------------------------
                         required time                         12.531    
                         arrival time                         -11.959    
  -------------------------------------------------------------------
                         slack                                  0.572    

Slack (MET) :             0.572ns  (required time - arrival time)
  Source:                 u_soc/Core_cpu/u_ifu_subsys/u_icache/q_pc_q_reg[9]/C
                            (rising edge-triggered cell FDRE clocked by clk  {rise@0.000ns fall@3.750ns period=7.500ns})
  Destination:            u_soc/Core_cpu/u_ifu_subsys/u_ibuf/ent_q_reg[1][129]/D
                            (rising edge-triggered cell FDRE clocked by clk  {rise@0.000ns fall@3.750ns period=7.500ns})
  Path Group:             clk
  Path Type:              Setup (Max at Slow Process Corner)
  Requirement:            7.500ns  (clk rise@7.500ns - clk rise@0.000ns)
  Data Path Delay:        6.682ns  (logic 0.868ns (12.991%)  route 5.814ns (87.009%))
  Logic Levels:           15  (LUT3=4 LUT4=2 LUT5=1 LUT6=7 RAMD64E=1)
  Clock Path Skew:        -0.276ns (DCD - SCD + CPR)
    Destination Clock Delay (DCD):    4.765ns = ( 12.265 - 7.500 ) 
    Source Clock Delay      (SCD):    5.277ns
    Clock Pessimism Removal (CPR):    0.237ns
  Clock Uncertainty:      0.035ns  ((TSJ^2 + TIJ^2)^1/2 + DJ) / 2 + PE
    Total System Jitter     (TSJ):    0.071ns
    Total Input Jitter      (TIJ):    0.000ns
    Discrete Jitter          (DJ):    0.000ns
    Phase Error              (PE):    0.000ns

    Location             Delay type                Incr(ns)  Path(ns)    Netlist Resource(s)
  -------------------------------------------------------------------    -------------------
                         (clock clk rise edge)        0.000     0.000 r  
    AE23                                              0.000     0.000 r  clk (IN)
                         net (fo=0)                   0.000     0.000    clk
    AE23                 IBUF (Prop_ibuf_I_O)         0.734     0.734 r  clk_IBUF_inst/O
                         net (fo=1, routed)           2.651     3.385    clk_IBUF
    BUFGCTRL_X0Y0        BUFG (Prop_bufg_I_O)         0.093     3.478 r  u_bufg/O
                         net (fo=5748, routed)        1.799     5.277    u_soc/Core_cpu/u_ifu_subsys/u_icache/clk_buf
    SLICE_X26Y30         FDRE                                         r  u_soc/Core_cpu/u_ifu_subsys/u_icache/q_pc_q_reg[9]/C
  -------------------------------------------------------------------    -------------------
    SLICE_X26Y30         FDRE (Prop_fdre_C_Q)         0.223     5.500 r  u_soc/Core_cpu/u_ifu_subsys/u_icache/q_pc_q_reg[9]/Q
                         net (fo=148, routed)         0.479     5.980    u_soc/Core_cpu/u_ifu_subsys/g_tage.u_tage/g_tab[1].tg_p_reg_r1_0_63_0_2/ADDRA5
    SLICE_X22Y32         RAMD64E (Prop_ramd64e_RADR5_O)
                                                      0.043     6.023 r  u_soc/Core_cpu/u_ifu_subsys/g_tage.u_tage/g_tab[1].tg_p_reg_r1_0_63_0_2/RAMA/O
                         net (fo=1, routed)           0.360     6.383    u_soc/Core_cpu/u_ifu_subsys/g_tage.u_tage/g_tab[1].tg_p_reg_r1_0_63_0_2_n_0
    SLICE_X23Y33         LUT6 (Prop_lut6_I0_O)        0.043     6.426 f  u_soc/Core_cpu/u_ifu_subsys/g_tage.u_tage/ent_q[6][150]_i_68/O
                         net (fo=8, routed)           0.367     6.793    u_soc/Core_cpu/u_ifu_subsys/g_tage.u_tage/ent_q[6][150]_i_68_n_0
    SLICE_X23Y34         LUT3 (Prop_lut3_I2_O)        0.043     6.836 f  u_soc/Core_cpu/u_ifu_subsys/g_tage.u_tage/id_bht_chk[22]_i_33/O
                         net (fo=14, routed)          0.718     7.554    u_soc/Core_cpu/u_ifu_subsys/g_tage.u_tage/id_bht_chk[22]_i_33_n_0
    SLICE_X25Y36         LUT6 (Prop_lut6_I2_O)        0.043     7.597 f  u_soc/Core_cpu/u_ifu_subsys/g_tage.u_tage/ent_q[6][150]_i_48/O
                         net (fo=2, routed)           0.324     7.922    u_soc/Core_cpu/u_ifu_subsys/g_tage.u_tage/ent_q[6][150]_i_48_n_0
    SLICE_X26Y36         LUT6 (Prop_lut6_I2_O)        0.043     7.965 r  u_soc/Core_cpu/u_ifu_subsys/g_tage.u_tage/ent_q[6][150]_i_26/O
                         net (fo=1, routed)           0.360     8.325    u_soc/Core_cpu/u_ifu_subsys/g_tage.u_tage/ent_q[6][150]_i_26_n_0
    SLICE_X26Y36         LUT6 (Prop_lut6_I1_O)        0.043     8.368 f  u_soc/Core_cpu/u_ifu_subsys/g_tage.u_tage/ent_q[6][150]_i_12/O
                         net (fo=5, routed)           0.208     8.575    u_soc/Core_cpu/u_ifu_subsys/u_btb/q_t0_idx[1]_i_10_3
    SLICE_X28Y36         LUT6 (Prop_lut6_I3_O)        0.043     8.618 f  u_soc/Core_cpu/u_ifu_subsys/u_btb/q_t0_idx[1]_i_17/O
                         net (fo=21, routed)          0.348     8.966    u_soc/Core_cpu/u_ifu_subsys/u_btb/btb_t2
    SLICE_X29Y35         LUT3 (Prop_lut3_I0_O)        0.043     9.009 r  u_soc/Core_cpu/u_ifu_subsys/u_btb/id_pred_npc[31]_i_5/O
                         net (fo=5, routed)           0.370     9.379    u_soc/Core_cpu/u_ifu_subsys/u_icache/u_tag_way1/u_prim/taken_slot[0]
    SLICE_X28Y35         LUT6 (Prop_lut6_I1_O)        0.043     9.422 r  u_soc/Core_cpu/u_ifu_subsys/u_icache/u_tag_way1/u_prim/cnt_q[0]_i_4/O
                         net (fo=2, routed)           0.257     9.679    u_soc/Core_cpu/u_ifu_subsys/u_ibuf/push_num[0]
    SLICE_X28Y36         LUT4 (Prop_lut4_I1_O)        0.043     9.722 r  u_soc/Core_cpu/u_ifu_subsys/u_ibuf/cnt_q[0]_i_2/O
                         net (fo=10, routed)          0.439    10.161    u_soc/Core_cpu/u_ifu_subsys/u_ibuf/ib_push_acc[0]
    SLICE_X29Y39         LUT3 (Prop_lut3_I1_O)        0.043    10.204 r  u_soc/Core_cpu/u_ifu_subsys/u_ibuf/cnt_q[0]_i_6/O
                         net (fo=113, routed)         0.557    10.761    u_soc/Core_cpu/u_ifu_subsys/u_ibuf/cnt_q_reg[4]_0
    SLICE_X23Y43         LUT5 (Prop_lut5_I4_O)        0.043    10.804 r  u_soc/Core_cpu/u_ifu_subsys/u_ibuf/ent_q[6][129]_i_5/O
                         net (fo=9, routed)           0.575    11.379    u_soc/Core_cpu/u_ifu_subsys/u_ibuf/p_0_in__0[129]
    SLICE_X17Y50         LUT3 (Prop_lut3_I0_O)        0.043    11.422 r  u_soc/Core_cpu/u_ifu_subsys/u_ibuf/ent_q[1][129]_i_3/O
                         net (fo=1, routed)           0.236    11.658    u_soc/Core_cpu/u_ifu_subsys/u_ibuf/ent_q[1047]
    SLICE_X17Y50         LUT6 (Prop_lut6_I5_O)        0.043    11.701 r  u_soc/Core_cpu/u_ifu_subsys/u_ibuf/ent_q[1][129]_i_2/O
                         net (fo=1, routed)           0.215    11.916    u_soc/Core_cpu/u_ifu_subsys/u_ibuf/ent_q[1][129]_i_2_n_0
    SLICE_X16Y50         LUT4 (Prop_lut4_I3_O)        0.043    11.959 r  u_soc/Core_cpu/u_ifu_subsys/u_ibuf/ent_q[1][129]_i_1/O
                         net (fo=1, routed)           0.000    11.959    u_soc/Core_cpu/u_ifu_subsys/u_ibuf/ent_q[1][129]_i_1_n_0
    SLICE_X16Y50         FDRE                                         r  u_soc/Core_cpu/u_ifu_subsys/u_ibuf/ent_q_reg[1][129]/D
  -------------------------------------------------------------------    -------------------

                         (clock clk rise edge)        7.500     7.500 r  
    AE23                                              0.000     7.500 r  clk (IN)
                         net (fo=0)                   0.000     7.500    clk
    AE23                 IBUF (Prop_ibuf_I_O)         0.660     8.160 r  clk_IBUF_inst/O
                         net (fo=1, routed)           2.516    10.676    clk_IBUF
    BUFGCTRL_X0Y0        BUFG (Prop_bufg_I_O)         0.083    10.759 r  u_bufg/O
                         net (fo=5748, routed)        1.506    12.265    u_soc/Core_cpu/u_ifu_subsys/u_ibuf/clk_buf
    SLICE_X16Y50         FDRE                                         r  u_soc/Core_cpu/u_ifu_subsys/u_ibuf/ent_q_reg[1][129]/C
                         clock pessimism              0.237    12.501    
                         clock uncertainty           -0.035    12.466    
    SLICE_X16Y50         FDRE (Setup_fdre_C_D)        0.065    12.531    u_soc/Core_cpu/u_ifu_subsys/u_ibuf/ent_q_reg[1][129]
  -------------------------------------------------------------------
                         required time                         12.531    
                         arrival time                         -11.959    
  -------------------------------------------------------------------
                         slack                                  0.572    

Slack (MET) :             0.572ns  (required time - arrival time)
  Source:                 u_soc/Core_cpu/u_ifu_subsys/u_icache/q_pc_q_reg[9]/C
                            (rising edge-triggered cell FDRE clocked by clk  {rise@0.000ns fall@3.750ns period=7.500ns})
  Destination:            u_soc/Core_cpu/u_ifu_subsys/u_ibuf/ent_q_reg[1][129]/D
                            (rising edge-triggered cell FDRE clocked by clk  {rise@0.000ns fall@3.750ns period=7.500ns})
  Path Group:             clk
  Path Type:              Setup (Max at Slow Process Corner)
  Requirement:            7.500ns  (clk rise@7.500ns - clk rise@0.000ns)
  Data Path Delay:        6.682ns  (logic 0.868ns (12.991%)  route 5.814ns (87.009%))
  Logic Levels:           15  (LUT3=4 LUT4=2 LUT5=1 LUT6=7 RAMD64E=1)
  Clock Path Skew:        -0.276ns (DCD - SCD + CPR)
    Destination Clock Delay (DCD):    4.765ns = ( 12.265 - 7.500 ) 
    Source Clock Delay      (SCD):    5.277ns
    Clock Pessimism Removal (CPR):    0.237ns
  Clock Uncertainty:      0.035ns  ((TSJ^2 + TIJ^2)^1/2 + DJ) / 2 + PE
    Total System Jitter     (TSJ):    0.071ns
    Total Input Jitter      (TIJ):    0.000ns
    Discrete Jitter          (DJ):    0.000ns
    Phase Error              (PE):    0.000ns

    Location             Delay type                Incr(ns)  Path(ns)    Netlist Resource(s)
  -------------------------------------------------------------------    -------------------
                         (clock clk rise edge)        0.000     0.000 r  
    AE23                                              0.000     0.000 r  clk (IN)
                         net (fo=0)                   0.000     0.000    clk
    AE23                 IBUF (Prop_ibuf_I_O)         0.734     0.734 r  clk_IBUF_inst/O
                         net (fo=1, routed)           2.651     3.385    clk_IBUF
    BUFGCTRL_X0Y0        BUFG (Prop_bufg_I_O)         0.093     3.478 r  u_bufg/O
                         net (fo=5748, routed)        1.799     5.277    u_soc/Core_cpu/u_ifu_subsys/u_icache/clk_buf
    SLICE_X26Y30         FDRE                                         r  u_soc/Core_cpu/u_ifu_subsys/u_icache/q_pc_q_reg[9]/C
  -------------------------------------------------------------------    -------------------
    SLICE_X26Y30         FDRE (Prop_fdre_C_Q)         0.223     5.500 r  u_soc/Core_cpu/u_ifu_subsys/u_icache/q_pc_q_reg[9]/Q
                         net (fo=148, routed)         0.479     5.980    u_soc/Core_cpu/u_ifu_subsys/g_tage.u_tage/g_tab[1].tg_p_reg_r1_0_63_0_2/ADDRA5
    SLICE_X22Y32         RAMD64E (Prop_ramd64e_RADR5_O)
                                                      0.043     6.023 r  u_soc/Core_cpu/u_ifu_subsys/g_tage.u_tage/g_tab[1].tg_p_reg_r1_0_63_0_2/RAMA/O
                         net (fo=1, routed)           0.360     6.383    u_soc/Core_cpu/u_ifu_subsys/g_tage.u_tage/g_tab[1].tg_p_reg_r1_0_63_0_2_n_0
    SLICE_X23Y33         LUT6 (Prop_lut6_I0_O)        0.043     6.426 r  u_soc/Core_cpu/u_ifu_subsys/g_tage.u_tage/ent_q[6][150]_i_68/O
                         net (fo=8, routed)           0.367     6.793    u_soc/Core_cpu/u_ifu_subsys/g_tage.u_tage/ent_q[6][150]_i_68_n_0
    SLICE_X23Y34         LUT3 (Prop_lut3_I2_O)        0.043     6.836 r  u_soc/Core_cpu/u_ifu_subsys/g_tage.u_tage/id_bht_chk[22]_i_33/O
                         net (fo=14, routed)          0.718     7.554    u_soc/Core_cpu/u_ifu_subsys/g_tage.u_tage/id_bht_chk[22]_i_33_n_0
    SLICE_X25Y36         LUT6 (Prop_lut6_I2_O)        0.043     7.597 r  u_soc/Core_cpu/u_ifu_subsys/g_tage.u_tage/ent_q[6][150]_i_48/O
                         net (fo=2, routed)           0.324     7.922    u_soc/Core_cpu/u_ifu_subsys/g_tage.u_tage/ent_q[6][150]_i_48_n_0
    SLICE_X26Y36         LUT6 (Prop_lut6_I2_O)        0.043     7.965 f  u_soc/Core_cpu/u_ifu_subsys/g_tage.u_tage/ent_q[6][150]_i_26/O
                         net (fo=1, routed)           0.360     8.325    u_soc/Core_cpu/u_ifu_subsys/g_tage.u_tage/ent_q[6][150]_i_26_n_0
    SLICE_X26Y36         LUT6 (Prop_lut6_I1_O)        0.043     8.368 f  u_soc/Core_cpu/u_ifu_subsys/g_tage.u_tage/ent_q[6][150]_i_12/O
                         net (fo=5, routed)           0.208     8.575    u_soc/Core_cpu/u_ifu_subsys/u_btb/q_t0_idx[1]_i_10_3
    SLICE_X28Y36         LUT6 (Prop_lut6_I3_O)        0.043     8.618 f  u_soc/Core_cpu/u_ifu_subsys/u_btb/q_t0_idx[1]_i_17/O
                         net (fo=21, routed)          0.348     8.966    u_soc/Core_cpu/u_ifu_subsys/u_btb/btb_t2
    SLICE_X29Y35         LUT3 (Prop_lut3_I0_O)        0.043     9.009 r  u_soc/Core_cpu/u_ifu_subsys/u_btb/id_pred_npc[31]_i_5/O
                         net (fo=5, routed)           0.370     9.379    u_soc/Core_cpu/u_ifu_subsys/u_icache/u_tag_way1/u_prim/taken_slot[0]
    SLICE_X28Y35         LUT6 (Prop_lut6_I1_O)        0.043     9.422 r  u_soc/Core_cpu/u_ifu_subsys/u_icache/u_tag_way1/u_prim/cnt_q[0]_i_4/O
                         net (fo=2, routed)           0.257     9.679    u_soc/Core_cpu/u_ifu_subsys/u_ibuf/push_num[0]
    SLICE_X28Y36         LUT4 (Prop_lut4_I1_O)        0.043     9.722 r  u_soc/Core_cpu/u_ifu_subsys/u_ibuf/cnt_q[0]_i_2/O
                         net (fo=10, routed)          0.439    10.161    u_soc/Core_cpu/u_ifu_subsys/u_ibuf/ib_push_acc[0]
    SLICE_X29Y39         LUT3 (Prop_lut3_I1_O)        0.043    10.204 r  u_soc/Core_cpu/u_ifu_subsys/u_ibuf/cnt_q[0]_i_6/O
                         net (fo=113, routed)         0.557    10.761    u_soc/Core_cpu/u_ifu_subsys/u_ibuf/cnt_q_reg[4]_0
    SLICE_X23Y43         LUT5 (Prop_lut5_I4_O)        0.043    10.804 r  u_soc/Core_cpu/u_ifu_subsys/u_ibuf/ent_q[6][129]_i_5/O
                         net (fo=9, routed)           0.575    11.379    u_soc/Core_cpu/u_ifu_subsys/u_ibuf/p_0_in__0[129]
    SLICE_X17Y50         LUT3 (Prop_lut3_I0_O)        0.043    11.422 r  u_soc/Core_cpu/u_ifu_subsys/u_ibuf/ent_q[1][129]_i_3/O
                         net (fo=1, routed)           0.236    11.658    u_soc/Core_cpu/u_ifu_subsys/u_ibuf/ent_q[1047]
    SLICE_X17Y50         LUT6 (Prop_lut6_I5_O)        0.043    11.701 r  u_soc/Core_cpu/u_ifu_subsys/u_ibuf/ent_q[1][129]_i_2/O
                         net (fo=1, routed)           0.215    11.916    u_soc/Core_cpu/u_ifu_subsys/u_ibuf/ent_q[1][129]_i_2_n_0
    SLICE_X16Y50         LUT4 (Prop_lut4_I3_O)        0.043    11.959 r  u_soc/Core_cpu/u_ifu_subsys/u_ibuf/ent_q[1][129]_i_1/O
                         net (fo=1, routed)           0.000    11.959    u_soc/Core_cpu/u_ifu_subsys/u_ibuf/ent_q[1][129]_i_1_n_0
    SLICE_X16Y50         FDRE                                         r  u_soc/Core_cpu/u_ifu_subsys/u_ibuf/ent_q_reg[1][129]/D
  -------------------------------------------------------------------    -------------------

                         (clock clk rise edge)        7.500     7.500 r  
    AE23                                              0.000     7.500 r  clk (IN)
                         net (fo=0)                   0.000     7.500    clk
    AE23                 IBUF (Prop_ibuf_I_O)         0.660     8.160 r  clk_IBUF_inst/O
                         net (fo=1, routed)           2.516    10.676    clk_IBUF
    BUFGCTRL_X0Y0        BUFG (Prop_bufg_I_O)         0.083    10.759 r  u_bufg/O
                         net (fo=5748, routed)        1.506    12.265    u_soc/Core_cpu/u_ifu_subsys/u_ibuf/clk_buf
    SLICE_X16Y50         FDRE                                         r  u_soc/Core_cpu/u_ifu_subsys/u_ibuf/ent_q_reg[1][129]/C
                         clock pessimism              0.237    12.501    
                         clock uncertainty           -0.035    12.466    
    SLICE_X16Y50         FDRE (Setup_fdre_C_D)        0.065    12.531    u_soc/Core_cpu/u_ifu_subsys/u_ibuf/ent_q_reg[1][129]
  -------------------------------------------------------------------
                         required time                         12.531    
                         arrival time                         -11.959    
  -------------------------------------------------------------------
                         slack                                  0.572    

Slack (MET) :             0.575ns  (required time - arrival time)
  Source:                 u_soc/Core_cpu/u_ifu_subsys/u_icache/q_pc_q_reg[9]/C
                            (rising edge-triggered cell FDRE clocked by clk  {rise@0.000ns fall@3.750ns period=7.500ns})
  Destination:            u_soc/Core_cpu/u_ifu_subsys/u_ibuf/ent_q_reg[5][71]/D
                            (rising edge-triggered cell FDRE clocked by clk  {rise@0.000ns fall@3.750ns period=7.500ns})
  Path Group:             clk
  Path Type:              Setup (Max at Slow Process Corner)
  Requirement:            7.500ns  (clk rise@7.500ns - clk rise@0.000ns)
  Data Path Delay:        6.679ns  (logic 0.868ns (12.996%)  route 5.811ns (87.004%))
  Logic Levels:           15  (LUT3=3 LUT4=1 LUT5=3 LUT6=7 RAMD64E=1)
  Clock Path Skew:        -0.277ns (DCD - SCD + CPR)
    Destination Clock Delay (DCD):    4.764ns = ( 12.264 - 7.500 ) 
    Source Clock Delay      (SCD):    5.277ns
    Clock Pessimism Removal (CPR):    0.237ns
  Clock Uncertainty:      0.035ns  ((TSJ^2 + TIJ^2)^1/2 + DJ) / 2 + PE
    Total System Jitter     (TSJ):    0.071ns
    Total Input Jitter      (TIJ):    0.000ns
    Discrete Jitter          (DJ):    0.000ns
    Phase Error              (PE):    0.000ns

    Location             Delay type                Incr(ns)  Path(ns)    Netlist Resource(s)
  -------------------------------------------------------------------    -------------------
                         (clock clk rise edge)        0.000     0.000 r  
    AE23                                              0.000     0.000 r  clk (IN)
                         net (fo=0)                   0.000     0.000    clk
    AE23                 IBUF (Prop_ibuf_I_O)         0.734     0.734 r  clk_IBUF_inst/O
                         net (fo=1, routed)           2.651     3.385    clk_IBUF
    BUFGCTRL_X0Y0        BUFG (Prop_bufg_I_O)         0.093     3.478 r  u_bufg/O
                         net (fo=5748, routed)        1.799     5.277    u_soc/Core_cpu/u_ifu_subsys/u_icache/clk_buf
    SLICE_X26Y30         FDRE                                         r  u_soc/Core_cpu/u_ifu_subsys/u_icache/q_pc_q_reg[9]/C
  -------------------------------------------------------------------    -------------------
    SLICE_X26Y30         FDRE (Prop_fdre_C_Q)         0.223     5.500 r  u_soc/Core_cpu/u_ifu_subsys/u_icache/q_pc_q_reg[9]/Q
                         net (fo=148, routed)         0.479     5.980    u_soc/Core_cpu/u_ifu_subsys/g_tage.u_tage/g_tab[1].tg_p_reg_r1_0_63_0_2/ADDRA5
    SLICE_X22Y32         RAMD64E (Prop_ramd64e_RADR5_O)
                                                      0.043     6.023 r  u_soc/Core_cpu/u_ifu_subsys/g_tage.u_tage/g_tab[1].tg_p_reg_r1_0_63_0_2/RAMA/O
                         net (fo=1, routed)           0.360     6.383    u_soc/Core_cpu/u_ifu_subsys/g_tage.u_tage/g_tab[1].tg_p_reg_r1_0_63_0_2_n_0
    SLICE_X23Y33         LUT6 (Prop_lut6_I0_O)        0.043     6.426 r  u_soc/Core_cpu/u_ifu_subsys/g_tage.u_tage/ent_q[6][150]_i_68/O
                         net (fo=8, routed)           0.367     6.793    u_soc/Core_cpu/u_ifu_subsys/g_tage.u_tage/ent_q[6][150]_i_68_n_0
    SLICE_X23Y34         LUT3 (Prop_lut3_I2_O)        0.043     6.836 r  u_soc/Core_cpu/u_ifu_subsys/g_tage.u_tage/id_bht_chk[22]_i_33/O
                         net (fo=14, routed)          0.718     7.554    u_soc/Core_cpu/u_ifu_subsys/g_tage.u_tage/id_bht_chk[22]_i_33_n_0
    SLICE_X25Y36         LUT6 (Prop_lut6_I2_O)        0.043     7.597 r  u_soc/Core_cpu/u_ifu_subsys/g_tage.u_tage/ent_q[6][150]_i_48/O
                         net (fo=2, routed)           0.324     7.922    u_soc/Core_cpu/u_ifu_subsys/g_tage.u_tage/ent_q[6][150]_i_48_n_0
    SLICE_X26Y36         LUT6 (Prop_lut6_I2_O)        0.043     7.965 r  u_soc/Core_cpu/u_ifu_subsys/g_tage.u_tage/ent_q[6][150]_i_26/O
                         net (fo=1, routed)           0.360     8.325    u_soc/Core_cpu/u_ifu_subsys/g_tage.u_tage/ent_q[6][150]_i_26_n_0
    SLICE_X26Y36         LUT6 (Prop_lut6_I1_O)        0.043     8.368 f  u_soc/Core_cpu/u_ifu_subsys/g_tage.u_tage/ent_q[6][150]_i_12/O
                         net (fo=5, routed)           0.208     8.575    u_soc/Core_cpu/u_ifu_subsys/u_btb/q_t0_idx[1]_i_10_3
    SLICE_X28Y36         LUT6 (Prop_lut6_I3_O)        0.043     8.618 f  u_soc/Core_cpu/u_ifu_subsys/u_btb/q_t0_idx[1]_i_17/O
                         net (fo=21, routed)          0.348     8.966    u_soc/Core_cpu/u_ifu_subsys/u_btb/btb_t2
    SLICE_X29Y35         LUT3 (Prop_lut3_I0_O)        0.043     9.009 r  u_soc/Core_cpu/u_ifu_subsys/u_btb/id_pred_npc[31]_i_5/O
                         net (fo=5, routed)           0.370     9.379    u_soc/Core_cpu/u_ifu_subsys/u_icache/u_tag_way1/u_prim/taken_slot[0]
    SLICE_X28Y35         LUT6 (Prop_lut6_I1_O)        0.043     9.422 r  u_soc/Core_cpu/u_ifu_subsys/u_icache/u_tag_way1/u_prim/cnt_q[0]_i_4/O
                         net (fo=2, routed)           0.257     9.679    u_soc/Core_cpu/u_ifu_subsys/u_ibuf/push_num[0]
    SLICE_X28Y36         LUT4 (Prop_lut4_I1_O)        0.043     9.722 r  u_soc/Core_cpu/u_ifu_subsys/u_ibuf/cnt_q[0]_i_2/O
                         net (fo=10, routed)          0.439    10.161    u_soc/Core_cpu/u_ifu_subsys/u_ibuf/ib_push_acc[0]
    SLICE_X29Y39         LUT3 (Prop_lut3_I1_O)        0.043    10.204 r  u_soc/Core_cpu/u_ifu_subsys/u_ibuf/cnt_q[0]_i_6/O
                         net (fo=113, routed)         0.512    10.716    u_soc/Core_cpu/u_ifu_subsys/u_btb/ent_q[6][79]_i_6
    SLICE_X25Y43         LUT5 (Prop_lut5_I4_O)        0.043    10.759 r  u_soc/Core_cpu/u_ifu_subsys/u_btb/ent_q[6][71]_i_7/O
                         net (fo=9, routed)           0.531    11.290    u_soc/Core_cpu/u_ifu_subsys/u_ibuf/ent_q_reg[1][79]_0[5]
    SLICE_X23Y49         LUT5 (Prop_lut5_I0_O)        0.043    11.333 r  u_soc/Core_cpu/u_ifu_subsys/u_ibuf/ent_q[6][71]_i_5/O
                         net (fo=1, routed)           0.187    11.520    u_soc/Core_cpu/u_ifu_subsys/u_btb/ent_q_reg[0][71]
    SLICE_X21Y49         LUT5 (Prop_lut5_I4_O)        0.043    11.563 r  u_soc/Core_cpu/u_ifu_subsys/u_btb/ent_q[6][71]_i_3/O
                         net (fo=8, routed)           0.351    11.913    u_soc/Core_cpu/u_ifu_subsys/u_ibuf/ent_q_reg[0][71]_0
    SLICE_X22Y50         LUT6 (Prop_lut6_I3_O)        0.043    11.956 r  u_soc/Core_cpu/u_ifu_subsys/u_ibuf/ent_q[5][71]_i_1/O
                         net (fo=1, routed)           0.000    11.956    u_soc/Core_cpu/u_ifu_subsys/u_ibuf/ent_q[5][71]_i_1_n_0
    SLICE_X22Y50         FDRE                                         r  u_soc/Core_cpu/u_ifu_subsys/u_ibuf/ent_q_reg[5][71]/D
  -------------------------------------------------------------------    -------------------

                         (clock clk rise edge)        7.500     7.500 r  
    AE23                                              0.000     7.500 r  clk (IN)
                         net (fo=0)                   0.000     7.500    clk
    AE23                 IBUF (Prop_ibuf_I_O)         0.660     8.160 r  clk_IBUF_inst/O
                         net (fo=1, routed)           2.516    10.676    clk_IBUF
    BUFGCTRL_X0Y0        BUFG (Prop_bufg_I_O)         0.083    10.759 r  u_bufg/O
                         net (fo=5748, routed)        1.505    12.264    u_soc/Core_cpu/u_ifu_subsys/u_ibuf/clk_buf
    SLICE_X22Y50         FDRE                                         r  u_soc/Core_cpu/u_ifu_subsys/u_ibuf/ent_q_reg[5][71]/C
                         clock pessimism              0.237    12.500    
                         clock uncertainty           -0.035    12.465    
    SLICE_X22Y50         FDRE (Setup_fdre_C_D)        0.066    12.531    u_soc/Core_cpu/u_ifu_subsys/u_ibuf/ent_q_reg[5][71]
  -------------------------------------------------------------------
                         required time                         12.531    
                         arrival time                         -11.956    
  -------------------------------------------------------------------
                         slack                                  0.575    

Slack (MET) :             0.575ns  (required time - arrival time)
  Source:                 u_soc/Core_cpu/u_ifu_subsys/u_icache/q_pc_q_reg[9]/C
                            (rising edge-triggered cell FDRE clocked by clk  {rise@0.000ns fall@3.750ns period=7.500ns})
  Destination:            u_soc/Core_cpu/u_ifu_subsys/u_ibuf/ent_q_reg[5][71]/D
                            (rising edge-triggered cell FDRE clocked by clk  {rise@0.000ns fall@3.750ns period=7.500ns})
  Path Group:             clk
  Path Type:              Setup (Max at Slow Process Corner)
  Requirement:            7.500ns  (clk rise@7.500ns - clk rise@0.000ns)
  Data Path Delay:        6.679ns  (logic 0.868ns (12.996%)  route 5.811ns (87.004%))
  Logic Levels:           15  (LUT3=3 LUT4=1 LUT5=3 LUT6=7 RAMD64E=1)
  Clock Path Skew:        -0.277ns (DCD - SCD + CPR)
    Destination Clock Delay (DCD):    4.764ns = ( 12.264 - 7.500 ) 
    Source Clock Delay      (SCD):    5.277ns
    Clock Pessimism Removal (CPR):    0.237ns
  Clock Uncertainty:      0.035ns  ((TSJ^2 + TIJ^2)^1/2 + DJ) / 2 + PE
    Total System Jitter     (TSJ):    0.071ns
    Total Input Jitter      (TIJ):    0.000ns
    Discrete Jitter          (DJ):    0.000ns
    Phase Error              (PE):    0.000ns

    Location             Delay type                Incr(ns)  Path(ns)    Netlist Resource(s)
  -------------------------------------------------------------------    -------------------
                         (clock clk rise edge)        0.000     0.000 r  
    AE23                                              0.000     0.000 r  clk (IN)
                         net (fo=0)                   0.000     0.000    clk
    AE23                 IBUF (Prop_ibuf_I_O)         0.734     0.734 r  clk_IBUF_inst/O
                         net (fo=1, routed)           2.651     3.385    clk_IBUF
    BUFGCTRL_X0Y0        BUFG (Prop_bufg_I_O)         0.093     3.478 r  u_bufg/O
                         net (fo=5748, routed)        1.799     5.277    u_soc/Core_cpu/u_ifu_subsys/u_icache/clk_buf
    SLICE_X26Y30         FDRE                                         r  u_soc/Core_cpu/u_ifu_subsys/u_icache/q_pc_q_reg[9]/C
  -------------------------------------------------------------------    -------------------
    SLICE_X26Y30         FDRE (Prop_fdre_C_Q)         0.223     5.500 r  u_soc/Core_cpu/u_ifu_subsys/u_icache/q_pc_q_reg[9]/Q
                         net (fo=148, routed)         0.479     5.980    u_soc/Core_cpu/u_ifu_subsys/g_tage.u_tage/g_tab[1].tg_p_reg_r1_0_63_0_2/ADDRA5
    SLICE_X22Y32         RAMD64E (Prop_ramd64e_RADR5_O)
                                                      0.043     6.023 r  u_soc/Core_cpu/u_ifu_subsys/g_tage.u_tage/g_tab[1].tg_p_reg_r1_0_63_0_2/RAMA/O
                         net (fo=1, routed)           0.360     6.383    u_soc/Core_cpu/u_ifu_subsys/g_tage.u_tage/g_tab[1].tg_p_reg_r1_0_63_0_2_n_0
    SLICE_X23Y33         LUT6 (Prop_lut6_I0_O)        0.043     6.426 r  u_soc/Core_cpu/u_ifu_subsys/g_tage.u_tage/ent_q[6][150]_i_68/O
                         net (fo=8, routed)           0.367     6.793    u_soc/Core_cpu/u_ifu_subsys/g_tage.u_tage/ent_q[6][150]_i_68_n_0
    SLICE_X23Y34         LUT3 (Prop_lut3_I2_O)        0.043     6.836 r  u_soc/Core_cpu/u_ifu_subsys/g_tage.u_tage/id_bht_chk[22]_i_33/O
                         net (fo=14, routed)          0.718     7.554    u_soc/Core_cpu/u_ifu_subsys/g_tage.u_tage/id_bht_chk[22]_i_33_n_0
    SLICE_X25Y36         LUT6 (Prop_lut6_I2_O)        0.043     7.597 r  u_soc/Core_cpu/u_ifu_subsys/g_tage.u_tage/ent_q[6][150]_i_48/O
                         net (fo=2, routed)           0.324     7.922    u_soc/Core_cpu/u_ifu_subsys/g_tage.u_tage/ent_q[6][150]_i_48_n_0
    SLICE_X26Y36         LUT6 (Prop_lut6_I2_O)        0.043     7.965 f  u_soc/Core_cpu/u_ifu_subsys/g_tage.u_tage/ent_q[6][150]_i_26/O
                         net (fo=1, routed)           0.360     8.325    u_soc/Core_cpu/u_ifu_subsys/g_tage.u_tage/ent_q[6][150]_i_26_n_0
    SLICE_X26Y36         LUT6 (Prop_lut6_I1_O)        0.043     8.368 f  u_soc/Core_cpu/u_ifu_subsys/g_tage.u_tage/ent_q[6][150]_i_12/O
                         net (fo=5, routed)           0.208     8.575    u_soc/Core_cpu/u_ifu_subsys/u_btb/q_t0_idx[1]_i_10_3
    SLICE_X28Y36         LUT6 (Prop_lut6_I3_O)        0.043     8.618 f  u_soc/Core_cpu/u_ifu_subsys/u_btb/q_t0_idx[1]_i_17/O
                         net (fo=21, routed)          0.348     8.966    u_soc/Core_cpu/u_ifu_subsys/u_btb/btb_t2
    SLICE_X29Y35         LUT3 (Prop_lut3_I0_O)        0.043     9.009 r  u_soc/Core_cpu/u_ifu_subsys/u_btb/id_pred_npc[31]_i_5/O
                         net (fo=5, routed)           0.370     9.379    u_soc/Core_cpu/u_ifu_subsys/u_icache/u_tag_way1/u_prim/taken_slot[0]
    SLICE_X28Y35         LUT6 (Prop_lut6_I1_O)        0.043     9.422 r  u_soc/Core_cpu/u_ifu_subsys/u_icache/u_tag_way1/u_prim/cnt_q[0]_i_4/O
                         net (fo=2, routed)           0.257     9.679    u_soc/Core_cpu/u_ifu_subsys/u_ibuf/push_num[0]
    SLICE_X28Y36         LUT4 (Prop_lut4_I1_O)        0.043     9.722 r  u_soc/Core_cpu/u_ifu_subsys/u_ibuf/cnt_q[0]_i_2/O
                         net (fo=10, routed)          0.439    10.161    u_soc/Core_cpu/u_ifu_subsys/u_ibuf/ib_push_acc[0]
    SLICE_X29Y39         LUT3 (Prop_lut3_I1_O)        0.043    10.204 r  u_soc/Core_cpu/u_ifu_subsys/u_ibuf/cnt_q[0]_i_6/O
                         net (fo=113, routed)         0.512    10.716    u_soc/Core_cpu/u_ifu_subsys/u_btb/ent_q[6][79]_i_6
    SLICE_X25Y43         LUT5 (Prop_lut5_I4_O)        0.043    10.759 r  u_soc/Core_cpu/u_ifu_subsys/u_btb/ent_q[6][71]_i_7/O
                         net (fo=9, routed)           0.531    11.290    u_soc/Core_cpu/u_ifu_subsys/u_ibuf/ent_q_reg[1][79]_0[5]
    SLICE_X23Y49         LUT5 (Prop_lut5_I0_O)        0.043    11.333 r  u_soc/Core_cpu/u_ifu_subsys/u_ibuf/ent_q[6][71]_i_5/O
                         net (fo=1, routed)           0.187    11.520    u_soc/Core_cpu/u_ifu_subsys/u_btb/ent_q_reg[0][71]
    SLICE_X21Y49         LUT5 (Prop_lut5_I4_O)        0.043    11.563 r  u_soc/Core_cpu/u_ifu_subsys/u_btb/ent_q[6][71]_i_3/O
                         net (fo=8, routed)           0.351    11.913    u_soc/Core_cpu/u_ifu_subsys/u_ibuf/ent_q_reg[0][71]_0
    SLICE_X22Y50         LUT6 (Prop_lut6_I3_O)        0.043    11.956 r  u_soc/Core_cpu/u_ifu_subsys/u_ibuf/ent_q[5][71]_i_1/O
                         net (fo=1, routed)           0.000    11.956    u_soc/Core_cpu/u_ifu_subsys/u_ibuf/ent_q[5][71]_i_1_n_0
    SLICE_X22Y50         FDRE                                         r  u_soc/Core_cpu/u_ifu_subsys/u_ibuf/ent_q_reg[5][71]/D
  -------------------------------------------------------------------    -------------------

                         (clock clk rise edge)        7.500     7.500 r  
    AE23                                              0.000     7.500 r  clk (IN)
                         net (fo=0)                   0.000     7.500    clk
    AE23                 IBUF (Prop_ibuf_I_O)         0.660     8.160 r  clk_IBUF_inst/O
                         net (fo=1, routed)           2.516    10.676    clk_IBUF
    BUFGCTRL_X0Y0        BUFG (Prop_bufg_I_O)         0.083    10.759 r  u_bufg/O
                         net (fo=5748, routed)        1.505    12.264    u_soc/Core_cpu/u_ifu_subsys/u_ibuf/clk_buf
    SLICE_X22Y50         FDRE                                         r  u_soc/Core_cpu/u_ifu_subsys/u_ibuf/ent_q_reg[5][71]/C
                         clock pessimism              0.237    12.500    
                         clock uncertainty           -0.035    12.465    
    SLICE_X22Y50         FDRE (Setup_fdre_C_D)        0.066    12.531    u_soc/Core_cpu/u_ifu_subsys/u_ibuf/ent_q_reg[5][71]
  -------------------------------------------------------------------
                         required time                         12.531    
                         arrival time                         -11.956    
  -------------------------------------------------------------------
                         slack                                  0.575    




