Copyright 1986-2022 Xilinx, Inc. All Rights Reserved. Copyright 2022-2023 Advanced Micro Devices, Inc. All Rights Reserved.
----------------------------------------------------------------------------------------------------------------------------------------------------------------
| Tool Version : Vivado v.2023.2 (lin64) Build 4029153 Fri Oct 13 20:13:54 MDT 2023
| Date         : Mon Sep 28 19:55:16 2026
| Host         : edaserver08 running 64-bit NAME="Red Hat Enterprise Linux Server"
| Command      : report_timing_summary -delay_type max -max_paths 20 -file /home/st-wangjun/project/RISCV_A910/synth/vivado/fmax_impl_11.0ns/timing_summary.rpt
| Design       : top_fmax
| Device       : 7k325t-ffg900
| Speed File   : -2  PRODUCTION 1.12 2017-02-17
| Design State : Routed
----------------------------------------------------------------------------------------------------------------------------------------------------------------

Timing Summary Report

------------------------------------------------------------------------------------------------
| Timer Settings
| --------------
------------------------------------------------------------------------------------------------

  Enable Multi Corner Analysis               :  Yes
  Enable Pessimism Removal                   :  Yes
  Pessimism Removal Resolution               :  Nearest Common Node
  Enable Input Delay Default Clock           :  No
  Enable Preset / Clear Arcs                 :  No
  Disable Flight Delays                      :  No
  Ignore I/O Paths                           :  No
  Timing Early Launch at Borrowing Latches   :  No
  Borrow Time for Max Delay Exceptions       :  Yes
  Merge Timing Exceptions                    :  Yes
  Inter-SLR Compensation                     :  Conservative

  Corner  Analyze    Analyze    
  Name    Max Paths  Min Paths  
  ------  ---------  ---------  
  Slow    Yes        Yes        
  Fast    Yes        Yes        


------------------------------------------------------------------------------------------------
| Report Methodology
| ------------------
------------------------------------------------------------------------------------------------

Rule       Severity  Description                               Violations  
---------  --------  ----------------------------------------  ----------  
TIMING-20  Warning   Non-clocked latch                         112         
XDCH-2     Warning   Same min and max delay values on IO port  1           
LATCH-1    Advisory  Existing latches in the design            1           

Note: This report is based on the most recent report_methodology run and may not be up-to-date. Run report_methodology on the current design for the latest report.



check_timing report

Table of Contents
-----------------
1. checking no_clock (430)
2. checking constant_clock (0)
3. checking pulse_width_clock (0)
4. checking unconstrained_internal_endpoints (112)
5. checking no_input_delay (0)
6. checking no_output_delay (71)
7. checking multiple_clock (0)
8. checking generated_clocks (0)
9. checking loops (0)
10. checking partial_input_delay (0)
11. checking partial_output_delay (0)
12. checking latch_loops (0)

1. checking no_clock (430)
--------------------------
 There are 64 register/latch pins with no clock driven by root clock pin: u_soc/Core_cpu/U_EX_MEM/mem_dram_sel_reg[0]/Q (HIGH)

 There are 64 register/latch pins with no clock driven by root clock pin: u_soc/Core_cpu/U_EX_MEM/mem_dram_sel_reg[1]/Q (HIGH)

 There are 64 register/latch pins with no clock driven by root clock pin: u_soc/Core_cpu/U_EX_MEM/mem_dram_sel_reg[2]/Q (HIGH)

 There are 32 register/latch pins with no clock driven by root clock pin: u_soc/Core_cpu/U_ID_EX/ex_alu_op_reg[1]_rep/Q (HIGH)

 There are 32 register/latch pins with no clock driven by root clock pin: u_soc/Core_cpu/U_ID_EX/ex_alu_op_reg[2]_rep__0/Q (HIGH)

 There are 32 register/latch pins with no clock driven by root clock pin: u_soc/Core_cpu/U_ID_EX/ex_alu_op_reg[3]/Q (HIGH)

 There are 32 register/latch pins with no clock driven by root clock pin: u_soc/Core_cpu/U_ID_EX/ex_alu_op_reg[4]/Q (HIGH)

 There are 16 register/latch pins with no clock driven by root clock pin: u_soc/Core_cpu/U_IF_ID/id_inst_reg[0]/Q (HIGH)

 There are 16 register/latch pins with no clock driven by root clock pin: u_soc/Core_cpu/U_IF_ID/id_inst_reg[1]/Q (HIGH)

 There are 16 register/latch pins with no clock driven by root clock pin: u_soc/Core_cpu/U_IF_ID/id_inst_reg[2]/Q (HIGH)

 There are 16 register/latch pins with no clock driven by root clock pin: u_soc/Core_cpu/U_IF_ID/id_inst_reg[3]/Q (HIGH)

 There are 16 register/latch pins with no clock driven by root clock pin: u_soc/Core_cpu/U_IF_ID/id_inst_reg[4]/Q (HIGH)

 There are 16 register/latch pins with no clock driven by root clock pin: u_soc/Core_cpu/U_IF_ID/id_inst_reg[5]/Q (HIGH)

 There are 14 register/latch pins with no clock driven by root clock pin: u_soc/Core_cpu/U_IF_ID/id_inst_reg[6]/Q (HIGH)


2. checking constant_clock (0)
------------------------------
 There are 0 register/latch pins with constant_clock.


3. checking pulse_width_clock (0)
---------------------------------
 There are 0 register/latch pins which need pulse_width check


4. checking unconstrained_internal_endpoints (112)
--------------------------------------------------
 There are 112 pins that are not constrained for maximum delay. (HIGH)

 There are 0 pins that are not constrained for maximum delay due to constant clock.


5. checking no_input_delay (0)
------------------------------
 There are 0 input ports with no input delay specified.

 There are 0 input ports with no input delay but user has a false path constraint.


6. checking no_output_delay (71)
--------------------------------
 There are 0 ports with no output delay specified.

 There are 71 ports with no output delay but user has a false path constraint (MEDIUM)

 There are 0 ports with no output delay but with a timing clock defined on it or propagating through it


7. checking multiple_clock (0)
------------------------------
 There are 0 register/latch pins with multiple clocks.


8. checking generated_clocks (0)
--------------------------------
 There are 0 generated clocks that are not connected to a clock source.


9. checking loops (0)
---------------------
 There are 0 combinational loops in the design.


10. checking partial_input_delay (0)
------------------------------------
 There are 0 input ports with partial input delay specified.


11. checking partial_output_delay (0)
-------------------------------------
 There are 0 ports with partial output delay specified.


12. checking latch_loops (0)
----------------------------
 There are 0 combinational latch loops in the design through latch input



------------------------------------------------------------------------------------------------
| Design Timing Summary
| ---------------------
------------------------------------------------------------------------------------------------

    WNS(ns)      TNS(ns)  TNS Failing Endpoints  TNS Total Endpoints     WPWS(ns)     TPWS(ns)  TPWS Failing Endpoints  TPWS Total Endpoints  
    -------      -------  ---------------------  -------------------     --------     --------  ----------------------  --------------------  
      0.687        0.000                      0                19891        4.732        0.000                       0                  5674  


All user specified timing constraints are met.


------------------------------------------------------------------------------------------------
| Clock Summary
| -------------
------------------------------------------------------------------------------------------------

Clock  Waveform(ns)       Period(ns)      Frequency(MHz)
-----  ------------       ----------      --------------
clk    {0.000 5.500}      11.000          90.909          


------------------------------------------------------------------------------------------------
| Intra Clock Table
| -----------------
------------------------------------------------------------------------------------------------

Clock             WNS(ns)      TNS(ns)  TNS Failing Endpoints  TNS Total Endpoints     WPWS(ns)     TPWS(ns)  TPWS Failing Endpoints  TPWS Total Endpoints  
-----             -------      -------  ---------------------  -------------------     --------     --------  ----------------------  --------------------  
clk                 0.687        0.000                      0                18002        4.732        0.000                       0                  5674  


------------------------------------------------------------------------------------------------
| Inter Clock Table
| -----------------
------------------------------------------------------------------------------------------------

From Clock    To Clock          WNS(ns)      TNS(ns)  TNS Failing Endpoints  TNS Total Endpoints  
----------    --------          -------      -------  ---------------------  -------------------  


------------------------------------------------------------------------------------------------
| Other Path Groups Table
| -----------------------
------------------------------------------------------------------------------------------------

Path Group         From Clock         To Clock               WNS(ns)      TNS(ns)  TNS Failing Endpoints  TNS Total Endpoints  
----------         ----------         --------               -------      -------  ---------------------  -------------------  
**async_default**  clk                clk                      5.985        0.000                      0                 1889  


------------------------------------------------------------------------------------------------
| Timing Details
| --------------
------------------------------------------------------------------------------------------------


---------------------------------------------------------------------------------------------------
From Clock:  clk
  To Clock:  clk

Setup :            0  Failing Endpoints,  Worst Slack        0.687ns,  Total Violation        0.000ns
Hold  :           NA  Failing Endpoints,  Worst Slack           NA  ,  Total Violation           NA
PW    :            0  Failing Endpoints,  Worst Slack        4.732ns,  Total Violation        0.000ns
---------------------------------------------------------------------------------------------------


Max Delay Paths
--------------------------------------------------------------------------------------
Slack (MET) :             0.687ns  (required time - arrival time)
  Source:                 u_soc/Core_cpu/timer_irq_d1_reg/C
                            (rising edge-triggered cell FDCE clocked by clk  {rise@0.000ns fall@5.500ns period=11.000ns})
  Destination:            u_soc/Core_cpu/u_ifu_subsys/u_icache/u_dat_way1/u_prim/mem_q_reg_0/ADDRARDADDR[8]
                            (rising edge-triggered cell RAMB36E1 clocked by clk  {rise@0.000ns fall@5.500ns period=11.000ns})
  Path Group:             clk
  Path Type:              Setup (Max at Slow Process Corner)
  Requirement:            11.000ns  (clk rise@11.000ns - clk rise@0.000ns)
  Data Path Delay:        9.936ns  (logic 2.341ns (23.560%)  route 7.595ns (76.440%))
  Logic Levels:           24  (CARRY4=9 LUT2=2 LUT3=2 LUT4=3 LUT6=8)
  Clock Path Skew:        0.075ns (DCD - SCD + CPR)
    Destination Clock Delay (DCD):    4.959ns = ( 15.959 - 11.000 ) 
    Source Clock Delay      (SCD):    5.121ns
    Clock Pessimism Removal (CPR):    0.237ns
  Clock Uncertainty:      0.035ns  ((TSJ^2 + TIJ^2)^1/2 + DJ) / 2 + PE
    Total System Jitter     (TSJ):    0.071ns
    Total Input Jitter      (TIJ):    0.000ns
    Discrete Jitter          (DJ):    0.000ns
    Phase Error              (PE):    0.000ns

    Location             Delay type                Incr(ns)  Path(ns)    Netlist Resource(s)
  -------------------------------------------------------------------    -------------------
                         (clock clk rise edge)        0.000     0.000 r  
    AE23                                              0.000     0.000 r  clk (IN)
                         net (fo=0)                   0.000     0.000    clk
    AE23                 IBUF (Prop_ibuf_I_O)         0.734     0.734 r  clk_IBUF_inst/O
                         net (fo=1, routed)           2.651     3.385    clk_IBUF
    BUFGCTRL_X0Y0        BUFG (Prop_bufg_I_O)         0.093     3.478 r  u_bufg/O
                         net (fo=5673, routed)        1.643     5.121    u_soc/Core_cpu/clk_buf
    SLICE_X21Y98         FDCE                                         r  u_soc/Core_cpu/timer_irq_d1_reg/C
  -------------------------------------------------------------------    -------------------
    SLICE_X21Y98         FDCE (Prop_fdce_C_Q)         0.223     5.344 f  u_soc/Core_cpu/timer_irq_d1_reg/Q
                         net (fo=2, routed)           1.328     6.672    u_soc/Core_cpu/U_ID_EX/timer_irq_d1
    SLICE_X23Y70         LUT6 (Prop_lut6_I0_O)        0.043     6.715 r  u_soc/Core_cpu/U_ID_EX/mscratch[0]_i_3/O
                         net (fo=1, routed)           0.467     7.182    u_soc/Core_cpu/U_ID_EX/mscratch[0]_i_3_n_2
    SLICE_X25Y68         LUT6 (Prop_lut6_I0_O)        0.043     7.225 f  u_soc/Core_cpu/U_ID_EX/mscratch[0]_i_2/O
                         net (fo=3, routed)           0.319     7.544    u_soc/Core_cpu/U_ID_EX/csr_rdata[0]
    SLICE_X27Y68         LUT4 (Prop_lut4_I0_O)        0.052     7.596 f  u_soc/Core_cpu/U_ID_EX/alu_c_reg[3]_i_20/O
                         net (fo=16, routed)          0.378     7.974    u_soc/Core_cpu/U_ID_EX/ex_A_final[0]
    SLICE_X29Y66         LUT4 (Prop_lut4_I1_O)        0.132     8.106 r  u_soc/Core_cpu/U_ID_EX/alu_c_reg[0]_i_39/O
                         net (fo=2, routed)           0.278     8.384    u_soc/Core_cpu/U_ID_EX/alu_c_reg[0]_i_39_n_2
    SLICE_X31Y67         CARRY4 (Prop_carry4_DI[0]_CO[3])
                                                      0.269     8.653 r  u_soc/Core_cpu/U_ID_EX/alu_c_reg[0]_i_27/CO[3]
                         net (fo=1, routed)           0.000     8.653    u_soc/Core_cpu/U_ID_EX/alu_c_reg[0]_i_27_n_2
    SLICE_X31Y68         CARRY4 (Prop_carry4_CI_CO[3])
                                                      0.053     8.706 r  u_soc/Core_cpu/U_ID_EX/alu_c_reg[0]_i_17/CO[3]
                         net (fo=1, routed)           0.000     8.706    u_soc/Core_cpu/U_ID_EX/alu_c_reg[0]_i_17_n_2
    SLICE_X31Y69         CARRY4 (Prop_carry4_CI_CO[3])
                                                      0.053     8.759 r  u_soc/Core_cpu/U_ID_EX/alu_c_reg[0]_i_6/CO[3]
                         net (fo=1, routed)           0.000     8.759    u_soc/Core_cpu/U_ID_EX/alu_c_reg[0]_i_6_n_2
    SLICE_X31Y70         CARRY4 (Prop_carry4_CI_CO[3])
                                                      0.053     8.812 r  u_soc/Core_cpu/U_ID_EX/alu_c_reg[0]_i_3/CO[3]
                         net (fo=2, routed)           0.424     9.236    u_soc/Core_cpu/U_ID_EX/U_ALU/data9
    SLICE_X32Y70         LUT4 (Prop_lut4_I3_O)        0.043     9.279 f  u_soc/Core_cpu/U_ID_EX/u1_taken_i_3/O
                         net (fo=2, routed)           0.338     9.616    u_soc/Core_cpu/U_ID_EX/u1_taken_i_3_n_2
    SLICE_X32Y70         LUT6 (Prop_lut6_I4_O)        0.043     9.659 r  u_soc/Core_cpu/U_ID_EX/dat_q_reg_0_63_2_2_i_6/O
                         net (fo=34, routed)          0.438    10.097    u_soc/Core_cpu/U_ID_EX/dat_q_reg_0_63_2_2_i_6_n_2
    SLICE_X35Y66         LUT3 (Prop_lut3_I2_O)        0.043    10.140 f  u_soc/Core_cpu/U_ID_EX/q_row_idx[2][1]_i_10/O
                         net (fo=5, routed)           0.247    10.387    u_soc/Core_cpu/U_ID_EX/q_row_idx[2][1]_i_10_n_2
    SLICE_X35Y65         LUT6 (Prop_lut6_I0_O)        0.043    10.430 r  u_soc/Core_cpu/U_ID_EX/q_pc_q[1]_i_3/O
                         net (fo=2, routed)           0.289    10.719    u_soc/Core_cpu/U_ID_EX/actual_npc[0]
    SLICE_X36Y64         LUT6 (Prop_lut6_I5_O)        0.043    10.762 r  u_soc/Core_cpu/U_ID_EX/q_row_idx[2][1]_i_25/O
                         net (fo=1, routed)           0.000    10.762    u_soc/Core_cpu/U_ID_EX/q_row_idx[2][1]_i_25_n_2
    SLICE_X36Y64         CARRY4 (Prop_carry4_S[0]_CO[3])
                                                      0.259    11.021 r  u_soc/Core_cpu/U_ID_EX/q_row_idx_reg[2][1]_i_17/CO[3]
                         net (fo=1, routed)           0.000    11.021    u_soc/Core_cpu/U_ID_EX/q_row_idx_reg[2][1]_i_17_n_2
    SLICE_X36Y65         CARRY4 (Prop_carry4_CI_CO[3])
                                                      0.053    11.074 r  u_soc/Core_cpu/U_ID_EX/q_row_idx_reg[2][1]_i_13/CO[3]
                         net (fo=1, routed)           0.000    11.074    u_soc/Core_cpu/U_ID_EX/q_row_idx_reg[2][1]_i_13_n_2
    SLICE_X36Y66         CARRY4 (Prop_carry4_CI_CO[2])
                                                      0.110    11.184 f  u_soc/Core_cpu/U_ID_EX/q_row_idx_reg[2][1]_i_12/CO[2]
                         net (fo=4, routed)           0.339    11.523    u_soc/Core_cpu/U_ID_EX/mispredict0
    SLICE_X34Y61         LUT2 (Prop_lut2_I0_O)        0.129    11.652 f  u_soc/Core_cpu/U_ID_EX/cnt_q[4]_i_10/O
                         net (fo=1, routed)           0.184    11.836    u_soc/Core_cpu/U_ID_EX/cnt_q[4]_i_10_n_2
    SLICE_X35Y60         LUT6 (Prop_lut6_I2_O)        0.043    11.879 r  u_soc/Core_cpu/U_ID_EX/cnt_q[4]_i_8/O
                         net (fo=5, routed)           0.328    12.207    u_soc/Core_cpu/u_ifu_subsys/u_btb/push_num1
    SLICE_X35Y57         LUT6 (Prop_lut6_I0_O)        0.043    12.250 r  u_soc/Core_cpu/u_ifu_subsys/u_btb/cnt_q[4]_i_6/O
                         net (fo=1, routed)           0.416    12.666    u_soc/Core_cpu/u_ifu_subsys/u_ibuf/push_num[2]
    SLICE_X45Y57         LUT3 (Prop_lut3_I1_O)        0.043    12.709 r  u_soc/Core_cpu/u_ifu_subsys/u_ibuf/cnt_q[4]_i_4/O
                         net (fo=912, routed)         0.794    13.503    u_soc/Core_cpu/u_ifu_subsys/u_icache/u_tag_way0/u_prim/ib_push_acc[2]
    SLICE_X27Y50         LUT2 (Prop_lut2_I1_O)        0.043    13.546 r  u_soc/Core_cpu/u_ifu_subsys/u_icache/u_tag_way0/u_prim/q_t0_idx[0]_i_5/O
                         net (fo=1, routed)           0.000    13.546    u_soc/Core_cpu/u_ifu_subsys/u_icache/u_tag_way0/u_prim/q_t0_idx[0]_i_5_n_2
    SLICE_X27Y50         CARRY4 (Prop_carry4_S[3]_CO[3])
                                                      0.193    13.739 r  u_soc/Core_cpu/u_ifu_subsys/u_icache/u_tag_way0/u_prim/q_t0_idx_reg[0]_i_2/CO[3]
                         net (fo=1, routed)           0.000    13.739    u_soc/Core_cpu/u_ifu_subsys/u_icache/u_tag_way0_n_133
    SLICE_X27Y51         CARRY4 (Prop_carry4_CI_O[1])
                                                      0.166    13.905 r  u_soc/Core_cpu/u_ifu_subsys/u_icache/q_t0_idx_reg[1]_i_2/O[1]
                         net (fo=2, routed)           0.187    14.093    u_soc/Core_cpu/u_ifu_subsys/u_btb/mem_q_reg_1[4]
    SLICE_X25Y51         LUT6 (Prop_lut6_I0_O)        0.123    14.216 r  u_soc/Core_cpu/u_ifu_subsys/u_btb/q_row_idx[0][2]_i_1/O
                         net (fo=58, routed)          0.842    15.058    u_soc/Core_cpu/u_ifu_subsys/u_icache/u_dat_way1/u_prim/rd_addr[2]
    RAMB36_X1Y7          RAMB36E1                                     r  u_soc/Core_cpu/u_ifu_subsys/u_icache/u_dat_way1/u_prim/mem_q_reg_0/ADDRARDADDR[8]
  -------------------------------------------------------------------    -------------------

                         (clock clk rise edge)       11.000    11.000 r  
    AE23                                              0.000    11.000 r  clk (IN)
                         net (fo=0)                   0.000    11.000    clk
    AE23                 IBUF (Prop_ibuf_I_O)         0.660    11.660 r  clk_IBUF_inst/O
                         net (fo=1, routed)           2.516    14.176    clk_IBUF
    BUFGCTRL_X0Y0        BUFG (Prop_bufg_I_O)         0.083    14.259 r  u_bufg/O
                         net (fo=5673, routed)        1.701    15.959    u_soc/Core_cpu/u_ifu_subsys/u_icache/u_dat_way1/u_prim/clk_buf
    RAMB36_X1Y7          RAMB36E1                                     r  u_soc/Core_cpu/u_ifu_subsys/u_icache/u_dat_way1/u_prim/mem_q_reg_0/CLKARDCLK
                         clock pessimism              0.237    16.196    
                         clock uncertainty           -0.035    16.161    
    RAMB36_X1Y7          RAMB36E1 (Setup_ramb36e1_CLKARDCLK_ADDRARDADDR[8])
                                                     -0.416    15.745    u_soc/Core_cpu/u_ifu_subsys/u_icache/u_dat_way1/u_prim/mem_q_reg_0
  -------------------------------------------------------------------
                         required time                         15.745    
                         arrival time                         -15.058    
  -------------------------------------------------------------------
                         slack                                  0.687    

Slack (MET) :             0.714ns  (required time - arrival time)
  Source:                 u_soc/Core_cpu/timer_irq_d1_reg/C
                            (rising edge-triggered cell FDCE clocked by clk  {rise@0.000ns fall@5.500ns period=11.000ns})
  Destination:            u_soc/Core_cpu/u_ifu_subsys/u_icache/u_dat_way1/u_prim/mem_q_reg_0/ADDRARDADDR[7]
                            (rising edge-triggered cell RAMB36E1 clocked by clk  {rise@0.000ns fall@5.500ns period=11.000ns})
  Path Group:             clk
  Path Type:              Setup (Max at Slow Process Corner)
  Requirement:            11.000ns  (clk rise@11.000ns - clk rise@0.000ns)
  Data Path Delay:        9.910ns  (logic 2.287ns (23.079%)  route 7.623ns (76.921%))
  Logic Levels:           24  (CARRY4=9 LUT2=2 LUT3=2 LUT4=3 LUT6=8)
  Clock Path Skew:        0.075ns (DCD - SCD + CPR)
    Destination Clock Delay (DCD):    4.959ns = ( 15.959 - 11.000 ) 
    Source Clock Delay      (SCD):    5.121ns
    Clock Pessimism Removal (CPR):    0.237ns
  Clock Uncertainty:      0.035ns  ((TSJ^2 + TIJ^2)^1/2 + DJ) / 2 + PE
    Total System Jitter     (TSJ):    0.071ns
    Total Input Jitter      (TIJ):    0.000ns
    Discrete Jitter          (DJ):    0.000ns
    Phase Error              (PE):    0.000ns

    Location             Delay type                Incr(ns)  Path(ns)    Netlist Resource(s)
  -------------------------------------------------------------------    -------------------
                         (clock clk rise edge)        0.000     0.000 r  
    AE23                                              0.000     0.000 r  clk (IN)
                         net (fo=0)                   0.000     0.000    clk
    AE23                 IBUF (Prop_ibuf_I_O)         0.734     0.734 r  clk_IBUF_inst/O
                         net (fo=1, routed)           2.651     3.385    clk_IBUF
    BUFGCTRL_X0Y0        BUFG (Prop_bufg_I_O)         0.093     3.478 r  u_bufg/O
                         net (fo=5673, routed)        1.643     5.121    u_soc/Core_cpu/clk_buf
    SLICE_X21Y98         FDCE                                         r  u_soc/Core_cpu/timer_irq_d1_reg/C
  -------------------------------------------------------------------    -------------------
    SLICE_X21Y98         FDCE (Prop_fdce_C_Q)         0.223     5.344 f  u_soc/Core_cpu/timer_irq_d1_reg/Q
                         net (fo=2, routed)           1.328     6.672    u_soc/Core_cpu/U_ID_EX/timer_irq_d1
    SLICE_X23Y70         LUT6 (Prop_lut6_I0_O)        0.043     6.715 r  u_soc/Core_cpu/U_ID_EX/mscratch[0]_i_3/O
                         net (fo=1, routed)           0.467     7.182    u_soc/Core_cpu/U_ID_EX/mscratch[0]_i_3_n_2
    SLICE_X25Y68         LUT6 (Prop_lut6_I0_O)        0.043     7.225 f  u_soc/Core_cpu/U_ID_EX/mscratch[0]_i_2/O
                         net (fo=3, routed)           0.319     7.544    u_soc/Core_cpu/U_ID_EX/csr_rdata[0]
    SLICE_X27Y68         LUT4 (Prop_lut4_I0_O)        0.052     7.596 f  u_soc/Core_cpu/U_ID_EX/alu_c_reg[3]_i_20/O
                         net (fo=16, routed)          0.378     7.974    u_soc/Core_cpu/U_ID_EX/ex_A_final[0]
    SLICE_X29Y66         LUT4 (Prop_lut4_I1_O)        0.132     8.106 r  u_soc/Core_cpu/U_ID_EX/alu_c_reg[0]_i_39/O
                         net (fo=2, routed)           0.278     8.384    u_soc/Core_cpu/U_ID_EX/alu_c_reg[0]_i_39_n_2
    SLICE_X31Y67         CARRY4 (Prop_carry4_DI[0]_CO[3])
                                                      0.269     8.653 r  u_soc/Core_cpu/U_ID_EX/alu_c_reg[0]_i_27/CO[3]
                         net (fo=1, routed)           0.000     8.653    u_soc/Core_cpu/U_ID_EX/alu_c_reg[0]_i_27_n_2
    SLICE_X31Y68         CARRY4 (Prop_carry4_CI_CO[3])
                                                      0.053     8.706 r  u_soc/Core_cpu/U_ID_EX/alu_c_reg[0]_i_17/CO[3]
                         net (fo=1, routed)           0.000     8.706    u_soc/Core_cpu/U_ID_EX/alu_c_reg[0]_i_17_n_2
    SLICE_X31Y69         CARRY4 (Prop_carry4_CI_CO[3])
                                                      0.053     8.759 r  u_soc/Core_cpu/U_ID_EX/alu_c_reg[0]_i_6/CO[3]
                         net (fo=1, routed)           0.000     8.759    u_soc/Core_cpu/U_ID_EX/alu_c_reg[0]_i_6_n_2
    SLICE_X31Y70         CARRY4 (Prop_carry4_CI_CO[3])
                                                      0.053     8.812 r  u_soc/Core_cpu/U_ID_EX/alu_c_reg[0]_i_3/CO[3]
                         net (fo=2, routed)           0.424     9.236    u_soc/Core_cpu/U_ID_EX/U_ALU/data9
    SLICE_X32Y70         LUT4 (Prop_lut4_I3_O)        0.043     9.279 f  u_soc/Core_cpu/U_ID_EX/u1_taken_i_3/O
                         net (fo=2, routed)           0.338     9.616    u_soc/Core_cpu/U_ID_EX/u1_taken_i_3_n_2
    SLICE_X32Y70         LUT6 (Prop_lut6_I4_O)        0.043     9.659 r  u_soc/Core_cpu/U_ID_EX/dat_q_reg_0_63_2_2_i_6/O
                         net (fo=34, routed)          0.438    10.097    u_soc/Core_cpu/U_ID_EX/dat_q_reg_0_63_2_2_i_6_n_2
    SLICE_X35Y66         LUT3 (Prop_lut3_I2_O)        0.043    10.140 f  u_soc/Core_cpu/U_ID_EX/q_row_idx[2][1]_i_10/O
                         net (fo=5, routed)           0.247    10.387    u_soc/Core_cpu/U_ID_EX/q_row_idx[2][1]_i_10_n_2
    SLICE_X35Y65         LUT6 (Prop_lut6_I0_O)        0.043    10.430 r  u_soc/Core_cpu/U_ID_EX/q_pc_q[1]_i_3/O
                         net (fo=2, routed)           0.289    10.719    u_soc/Core_cpu/U_ID_EX/actual_npc[0]
    SLICE_X36Y64         LUT6 (Prop_lut6_I5_O)        0.043    10.762 r  u_soc/Core_cpu/U_ID_EX/q_row_idx[2][1]_i_25/O
                         net (fo=1, routed)           0.000    10.762    u_soc/Core_cpu/U_ID_EX/q_row_idx[2][1]_i_25_n_2
    SLICE_X36Y64         CARRY4 (Prop_carry4_S[0]_CO[3])
                                                      0.259    11.021 r  u_soc/Core_cpu/U_ID_EX/q_row_idx_reg[2][1]_i_17/CO[3]
                         net (fo=1, routed)           0.000    11.021    u_soc/Core_cpu/U_ID_EX/q_row_idx_reg[2][1]_i_17_n_2
    SLICE_X36Y65         CARRY4 (Prop_carry4_CI_CO[3])
                                                      0.053    11.074 r  u_soc/Core_cpu/U_ID_EX/q_row_idx_reg[2][1]_i_13/CO[3]
                         net (fo=1, routed)           0.000    11.074    u_soc/Core_cpu/U_ID_EX/q_row_idx_reg[2][1]_i_13_n_2
    SLICE_X36Y66         CARRY4 (Prop_carry4_CI_CO[2])
                                                      0.110    11.184 f  u_soc/Core_cpu/U_ID_EX/q_row_idx_reg[2][1]_i_12/CO[2]
                         net (fo=4, routed)           0.339    11.523    u_soc/Core_cpu/U_ID_EX/mispredict0
    SLICE_X34Y61         LUT2 (Prop_lut2_I0_O)        0.129    11.652 f  u_soc/Core_cpu/U_ID_EX/cnt_q[4]_i_10/O
                         net (fo=1, routed)           0.184    11.836    u_soc/Core_cpu/U_ID_EX/cnt_q[4]_i_10_n_2
    SLICE_X35Y60         LUT6 (Prop_lut6_I2_O)        0.043    11.879 r  u_soc/Core_cpu/U_ID_EX/cnt_q[4]_i_8/O
                         net (fo=5, routed)           0.328    12.207    u_soc/Core_cpu/u_ifu_subsys/u_btb/push_num1
    SLICE_X35Y57         LUT6 (Prop_lut6_I0_O)        0.043    12.250 r  u_soc/Core_cpu/u_ifu_subsys/u_btb/cnt_q[4]_i_6/O
                         net (fo=1, routed)           0.416    12.666    u_soc/Core_cpu/u_ifu_subsys/u_ibuf/push_num[2]
    SLICE_X45Y57         LUT3 (Prop_lut3_I1_O)        0.043    12.709 r  u_soc/Core_cpu/u_ifu_subsys/u_ibuf/cnt_q[4]_i_4/O
                         net (fo=912, routed)         0.794    13.503    u_soc/Core_cpu/u_ifu_subsys/u_icache/u_tag_way0/u_prim/ib_push_acc[2]
    SLICE_X27Y50         LUT2 (Prop_lut2_I1_O)        0.043    13.546 r  u_soc/Core_cpu/u_ifu_subsys/u_icache/u_tag_way0/u_prim/q_t0_idx[0]_i_5/O
                         net (fo=1, routed)           0.000    13.546    u_soc/Core_cpu/u_ifu_subsys/u_icache/u_tag_way0/u_prim/q_t0_idx[0]_i_5_n_2
    SLICE_X27Y50         CARRY4 (Prop_carry4_S[3]_CO[3])
                                                      0.193    13.739 r  u_soc/Core_cpu/u_ifu_subsys/u_icache/u_tag_way0/u_prim/q_t0_idx_reg[0]_i_2/CO[3]
                         net (fo=1, routed)           0.000    13.739    u_soc/Core_cpu/u_ifu_subsys/u_icache/u_tag_way0_n_133
    SLICE_X27Y51         CARRY4 (Prop_carry4_CI_O[0])
                                                      0.111    13.850 r  u_soc/Core_cpu/u_ifu_subsys/u_icache/q_t0_idx_reg[1]_i_2/O[0]
                         net (fo=2, routed)           0.282    14.132    u_soc/Core_cpu/u_ifu_subsys/u_btb/mem_q_reg_1[3]
    SLICE_X24Y53         LUT6 (Prop_lut6_I0_O)        0.124    14.256 r  u_soc/Core_cpu/u_ifu_subsys/u_btb/q_t0_idx[1]_i_1/O
                         net (fo=59, routed)          0.775    15.031    u_soc/Core_cpu/u_ifu_subsys/u_icache/u_dat_way1/u_prim/rd_addr[1]
    RAMB36_X1Y7          RAMB36E1                                     r  u_soc/Core_cpu/u_ifu_subsys/u_icache/u_dat_way1/u_prim/mem_q_reg_0/ADDRARDADDR[7]
  -------------------------------------------------------------------    -------------------

                         (clock clk rise edge)       11.000    11.000 r  
    AE23                                              0.000    11.000 r  clk (IN)
                         net (fo=0)                   0.000    11.000    clk
    AE23                 IBUF (Prop_ibuf_I_O)         0.660    11.660 r  clk_IBUF_inst/O
                         net (fo=1, routed)           2.516    14.176    clk_IBUF
    BUFGCTRL_X0Y0        BUFG (Prop_bufg_I_O)         0.083    14.259 r  u_bufg/O
                         net (fo=5673, routed)        1.701    15.959    u_soc/Core_cpu/u_ifu_subsys/u_icache/u_dat_way1/u_prim/clk_buf
    RAMB36_X1Y7          RAMB36E1                                     r  u_soc/Core_cpu/u_ifu_subsys/u_icache/u_dat_way1/u_prim/mem_q_reg_0/CLKARDCLK
                         clock pessimism              0.237    16.196    
                         clock uncertainty           -0.035    16.161    
    RAMB36_X1Y7          RAMB36E1 (Setup_ramb36e1_CLKARDCLK_ADDRARDADDR[7])
                                                     -0.416    15.745    u_soc/Core_cpu/u_ifu_subsys/u_icache/u_dat_way1/u_prim/mem_q_reg_0
  -------------------------------------------------------------------
                         required time                         15.745    
                         arrival time                         -15.031    
  -------------------------------------------------------------------
                         slack                                  0.714    

Slack (MET) :             0.730ns  (required time - arrival time)
  Source:                 u_soc/Core_cpu/timer_irq_d1_reg/C
                            (rising edge-triggered cell FDCE clocked by clk  {rise@0.000ns fall@5.500ns period=11.000ns})
  Destination:            u_soc/Core_cpu/u_ifu_subsys/g_tage.u_tage/q_row_tag_reg[3][3]/D
                            (rising edge-triggered cell FDRE clocked by clk  {rise@0.000ns fall@5.500ns period=11.000ns})
  Path Group:             clk
  Path Type:              Setup (Max at Slow Process Corner)
  Requirement:            11.000ns  (clk rise@11.000ns - clk rise@0.000ns)
  Data Path Delay:        10.215ns  (logic 2.281ns (22.329%)  route 7.934ns (77.671%))
  Logic Levels:           25  (CARRY4=7 LUT2=1 LUT3=2 LUT4=4 LUT5=1 LUT6=9 MUXF7=1)
  Clock Path Skew:        -0.053ns (DCD - SCD + CPR)
    Destination Clock Delay (DCD):    4.759ns = ( 15.759 - 11.000 ) 
    Source Clock Delay      (SCD):    5.121ns
    Clock Pessimism Removal (CPR):    0.310ns
  Clock Uncertainty:      0.035ns  ((TSJ^2 + TIJ^2)^1/2 + DJ) / 2 + PE
    Total System Jitter     (TSJ):    0.071ns
    Total Input Jitter      (TIJ):    0.000ns
    Discrete Jitter          (DJ):    0.000ns
    Phase Error              (PE):    0.000ns

    Location             Delay type                Incr(ns)  Path(ns)    Netlist Resource(s)
  -------------------------------------------------------------------    -------------------
                         (clock clk rise edge)        0.000     0.000 r  
    AE23                                              0.000     0.000 r  clk (IN)
                         net (fo=0)                   0.000     0.000    clk
    AE23                 IBUF (Prop_ibuf_I_O)         0.734     0.734 r  clk_IBUF_inst/O
                         net (fo=1, routed)           2.651     3.385    clk_IBUF
    BUFGCTRL_X0Y0        BUFG (Prop_bufg_I_O)         0.093     3.478 r  u_bufg/O
                         net (fo=5673, routed)        1.643     5.121    u_soc/Core_cpu/clk_buf
    SLICE_X21Y98         FDCE                                         r  u_soc/Core_cpu/timer_irq_d1_reg/C
  -------------------------------------------------------------------    -------------------
    SLICE_X21Y98         FDCE (Prop_fdce_C_Q)         0.223     5.344 f  u_soc/Core_cpu/timer_irq_d1_reg/Q
                         net (fo=2, routed)           1.328     6.672    u_soc/Core_cpu/U_ID_EX/timer_irq_d1
    SLICE_X23Y70         LUT6 (Prop_lut6_I0_O)        0.043     6.715 r  u_soc/Core_cpu/U_ID_EX/mscratch[0]_i_3/O
                         net (fo=1, routed)           0.467     7.182    u_soc/Core_cpu/U_ID_EX/mscratch[0]_i_3_n_2
    SLICE_X25Y68         LUT6 (Prop_lut6_I0_O)        0.043     7.225 f  u_soc/Core_cpu/U_ID_EX/mscratch[0]_i_2/O
                         net (fo=3, routed)           0.319     7.544    u_soc/Core_cpu/U_ID_EX/csr_rdata[0]
    SLICE_X27Y68         LUT4 (Prop_lut4_I0_O)        0.052     7.596 f  u_soc/Core_cpu/U_ID_EX/alu_c_reg[3]_i_20/O
                         net (fo=16, routed)          0.378     7.974    u_soc/Core_cpu/U_ID_EX/ex_A_final[0]
    SLICE_X29Y66         LUT4 (Prop_lut4_I1_O)        0.132     8.106 r  u_soc/Core_cpu/U_ID_EX/alu_c_reg[0]_i_39/O
                         net (fo=2, routed)           0.278     8.384    u_soc/Core_cpu/U_ID_EX/alu_c_reg[0]_i_39_n_2
    SLICE_X31Y67         CARRY4 (Prop_carry4_DI[0]_CO[3])
                                                      0.269     8.653 r  u_soc/Core_cpu/U_ID_EX/alu_c_reg[0]_i_27/CO[3]
                         net (fo=1, routed)           0.000     8.653    u_soc/Core_cpu/U_ID_EX/alu_c_reg[0]_i_27_n_2
    SLICE_X31Y68         CARRY4 (Prop_carry4_CI_CO[3])
                                                      0.053     8.706 r  u_soc/Core_cpu/U_ID_EX/alu_c_reg[0]_i_17/CO[3]
                         net (fo=1, routed)           0.000     8.706    u_soc/Core_cpu/U_ID_EX/alu_c_reg[0]_i_17_n_2
    SLICE_X31Y69         CARRY4 (Prop_carry4_CI_CO[3])
                                                      0.053     8.759 r  u_soc/Core_cpu/U_ID_EX/alu_c_reg[0]_i_6/CO[3]
                         net (fo=1, routed)           0.000     8.759    u_soc/Core_cpu/U_ID_EX/alu_c_reg[0]_i_6_n_2
    SLICE_X31Y70         CARRY4 (Prop_carry4_CI_CO[3])
                                                      0.053     8.812 r  u_soc/Core_cpu/U_ID_EX/alu_c_reg[0]_i_3/CO[3]
                         net (fo=2, routed)           0.424     9.236    u_soc/Core_cpu/U_ID_EX/U_ALU/data9
    SLICE_X32Y70         LUT4 (Prop_lut4_I3_O)        0.043     9.279 f  u_soc/Core_cpu/U_ID_EX/u1_taken_i_3/O
                         net (fo=2, routed)           0.338     9.616    u_soc/Core_cpu/U_ID_EX/u1_taken_i_3_n_2
    SLICE_X32Y70         LUT6 (Prop_lut6_I4_O)        0.043     9.659 r  u_soc/Core_cpu/U_ID_EX/dat_q_reg_0_63_2_2_i_6/O
                         net (fo=34, routed)          0.438    10.097    u_soc/Core_cpu/U_ID_EX/dat_q_reg_0_63_2_2_i_6_n_2
    SLICE_X35Y66         LUT3 (Prop_lut3_I2_O)        0.043    10.140 f  u_soc/Core_cpu/U_ID_EX/q_row_idx[2][1]_i_10/O
                         net (fo=5, routed)           0.247    10.387    u_soc/Core_cpu/U_ID_EX/q_row_idx[2][1]_i_10_n_2
    SLICE_X35Y65         LUT6 (Prop_lut6_I0_O)        0.043    10.430 r  u_soc/Core_cpu/U_ID_EX/q_pc_q[1]_i_3/O
                         net (fo=2, routed)           0.289    10.719    u_soc/Core_cpu/U_ID_EX/actual_npc[0]
    SLICE_X36Y64         LUT6 (Prop_lut6_I5_O)        0.043    10.762 r  u_soc/Core_cpu/U_ID_EX/q_row_idx[2][1]_i_25/O
                         net (fo=1, routed)           0.000    10.762    u_soc/Core_cpu/U_ID_EX/q_row_idx[2][1]_i_25_n_2
    SLICE_X36Y64         CARRY4 (Prop_carry4_S[0]_CO[3])
                                                      0.259    11.021 r  u_soc/Core_cpu/U_ID_EX/q_row_idx_reg[2][1]_i_17/CO[3]
                         net (fo=1, routed)           0.000    11.021    u_soc/Core_cpu/U_ID_EX/q_row_idx_reg[2][1]_i_17_n_2
    SLICE_X36Y65         CARRY4 (Prop_carry4_CI_CO[3])
                                                      0.053    11.074 r  u_soc/Core_cpu/U_ID_EX/q_row_idx_reg[2][1]_i_13/CO[3]
                         net (fo=1, routed)           0.000    11.074    u_soc/Core_cpu/U_ID_EX/q_row_idx_reg[2][1]_i_13_n_2
    SLICE_X36Y66         CARRY4 (Prop_carry4_CI_CO[2])
                                                      0.110    11.184 f  u_soc/Core_cpu/U_ID_EX/q_row_idx_reg[2][1]_i_12/CO[2]
                         net (fo=4, routed)           0.339    11.523    u_soc/Core_cpu/U_ID_EX/mispredict0
    SLICE_X34Y61         LUT2 (Prop_lut2_I0_O)        0.129    11.652 f  u_soc/Core_cpu/U_ID_EX/cnt_q[4]_i_10/O
                         net (fo=1, routed)           0.184    11.836    u_soc/Core_cpu/U_ID_EX/cnt_q[4]_i_10_n_2
    SLICE_X35Y60         LUT6 (Prop_lut6_I2_O)        0.043    11.879 r  u_soc/Core_cpu/U_ID_EX/cnt_q[4]_i_8/O
                         net (fo=5, routed)           0.328    12.207    u_soc/Core_cpu/u_ifu_subsys/u_btb/push_num1
    SLICE_X35Y57         LUT6 (Prop_lut6_I0_O)        0.043    12.250 r  u_soc/Core_cpu/u_ifu_subsys/u_btb/cnt_q[4]_i_6/O
                         net (fo=1, routed)           0.416    12.666    u_soc/Core_cpu/u_ifu_subsys/u_ibuf/push_num[2]
    SLICE_X45Y57         LUT3 (Prop_lut3_I1_O)        0.043    12.709 r  u_soc/Core_cpu/u_ifu_subsys/u_ibuf/cnt_q[4]_i_4/O
                         net (fo=912, routed)         0.658    13.368    u_soc/Core_cpu/u_ifu_subsys/u_ibuf/ib_push_acc[2]
    SLICE_X29Y56         LUT6 (Prop_lut6_I5_O)        0.043    13.411 r  u_soc/Core_cpu/u_ifu_subsys/u_ibuf/ghr_q[13]_i_7/O
                         net (fo=22, routed)          0.650    14.061    u_soc/Core_cpu/u_ifu_subsys/u_ibuf/p_2_in
    SLICE_X29Y53         LUT4 (Prop_lut4_I2_O)        0.054    14.115 r  u_soc/Core_cpu/u_ifu_subsys/u_ibuf/q_row_idx[2][1]_i_8/O
                         net (fo=17, routed)          0.504    14.619    u_soc/Core_cpu/u_ifu_subsys/u_ibuf/ghr_cnt_return[1]
    SLICE_X28Y51         LUT6 (Prop_lut6_I4_O)        0.137    14.756 r  u_soc/Core_cpu/u_ifu_subsys/u_ibuf/q_row_idx[3][0]_i_4/O
                         net (fo=1, routed)           0.000    14.756    u_soc/Core_cpu/U_ID_EX/q_row_tag_reg[3][3]_0
    SLICE_X28Y51         MUXF7 (Prop_muxf7_I0_O)      0.107    14.863 r  u_soc/Core_cpu/U_ID_EX/q_row_idx_reg[3][0]_i_2/O
                         net (fo=2, routed)           0.350    15.213    u_soc/Core_cpu/U_ID_EX/q_row_idx_reg[3][0]_i_2_n_2
    SLICE_X29Y51         LUT5 (Prop_lut5_I0_O)        0.124    15.337 r  u_soc/Core_cpu/U_ID_EX/q_row_tag[3][3]_i_1/O
                         net (fo=1, routed)           0.000    15.337    u_soc/Core_cpu/u_ifu_subsys/g_tage.u_tage/q_row_tag_reg[3][5]_0[3]
    SLICE_X29Y51         FDRE                                         r  u_soc/Core_cpu/u_ifu_subsys/g_tage.u_tage/q_row_tag_reg[3][3]/D
  -------------------------------------------------------------------    -------------------

                         (clock clk rise edge)       11.000    11.000 r  
    AE23                                              0.000    11.000 r  clk (IN)
                         net (fo=0)                   0.000    11.000    clk
    AE23                 IBUF (Prop_ibuf_I_O)         0.660    11.660 r  clk_IBUF_inst/O
                         net (fo=1, routed)           2.516    14.176    clk_IBUF
    BUFGCTRL_X0Y0        BUFG (Prop_bufg_I_O)         0.083    14.259 r  u_bufg/O
                         net (fo=5673, routed)        1.500    15.759    u_soc/Core_cpu/u_ifu_subsys/g_tage.u_tage/clk_buf
    SLICE_X29Y51         FDRE                                         r  u_soc/Core_cpu/u_ifu_subsys/g_tage.u_tage/q_row_tag_reg[3][3]/C
                         clock pessimism              0.310    16.068    
                         clock uncertainty           -0.035    16.033    
    SLICE_X29Y51         FDRE (Setup_fdre_C_D)        0.034    16.067    u_soc/Core_cpu/u_ifu_subsys/g_tage.u_tage/q_row_tag_reg[3][3]
  -------------------------------------------------------------------
                         required time                         16.067    
                         arrival time                         -15.337    
  -------------------------------------------------------------------
                         slack                                  0.730    

Slack (MET) :             0.748ns  (required time - arrival time)
  Source:                 u_soc/Core_cpu/timer_irq_d1_reg/C
                            (rising edge-triggered cell FDCE clocked by clk  {rise@0.000ns fall@5.500ns period=11.000ns})
  Destination:            u_soc/Core_cpu/u_ifu_subsys/g_tage.u_tage/q_row_idx_reg[3][0]/D
                            (rising edge-triggered cell FDRE clocked by clk  {rise@0.000ns fall@5.500ns period=11.000ns})
  Path Group:             clk
  Path Type:              Setup (Max at Slow Process Corner)
  Requirement:            11.000ns  (clk rise@11.000ns - clk rise@0.000ns)
  Data Path Delay:        10.197ns  (logic 2.281ns (22.369%)  route 7.916ns (77.631%))
  Logic Levels:           25  (CARRY4=7 LUT2=1 LUT3=2 LUT4=4 LUT5=1 LUT6=9 MUXF7=1)
  Clock Path Skew:        -0.053ns (DCD - SCD + CPR)
    Destination Clock Delay (DCD):    4.759ns = ( 15.759 - 11.000 ) 
    Source Clock Delay      (SCD):    5.121ns
    Clock Pessimism Removal (CPR):    0.310ns
  Clock Uncertainty:      0.035ns  ((TSJ^2 + TIJ^2)^1/2 + DJ) / 2 + PE
    Total System Jitter     (TSJ):    0.071ns
    Total Input Jitter      (TIJ):    0.000ns
    Discrete Jitter          (DJ):    0.000ns
    Phase Error              (PE):    0.000ns

    Location             Delay type                Incr(ns)  Path(ns)    Netlist Resource(s)
  -------------------------------------------------------------------    -------------------
                         (clock clk rise edge)        0.000     0.000 r  
    AE23                                              0.000     0.000 r  clk (IN)
                         net (fo=0)                   0.000     0.000    clk
    AE23                 IBUF (Prop_ibuf_I_O)         0.734     0.734 r  clk_IBUF_inst/O
                         net (fo=1, routed)           2.651     3.385    clk_IBUF
    BUFGCTRL_X0Y0        BUFG (Prop_bufg_I_O)         0.093     3.478 r  u_bufg/O
                         net (fo=5673, routed)        1.643     5.121    u_soc/Core_cpu/clk_buf
    SLICE_X21Y98         FDCE                                         r  u_soc/Core_cpu/timer_irq_d1_reg/C
  -------------------------------------------------------------------    -------------------
    SLICE_X21Y98         FDCE (Prop_fdce_C_Q)         0.223     5.344 f  u_soc/Core_cpu/timer_irq_d1_reg/Q
                         net (fo=2, routed)           1.328     6.672    u_soc/Core_cpu/U_ID_EX/timer_irq_d1
    SLICE_X23Y70         LUT6 (Prop_lut6_I0_O)        0.043     6.715 r  u_soc/Core_cpu/U_ID_EX/mscratch[0]_i_3/O
                         net (fo=1, routed)           0.467     7.182    u_soc/Core_cpu/U_ID_EX/mscratch[0]_i_3_n_2
    SLICE_X25Y68         LUT6 (Prop_lut6_I0_O)        0.043     7.225 f  u_soc/Core_cpu/U_ID_EX/mscratch[0]_i_2/O
                         net (fo=3, routed)           0.319     7.544    u_soc/Core_cpu/U_ID_EX/csr_rdata[0]
    SLICE_X27Y68         LUT4 (Prop_lut4_I0_O)        0.052     7.596 f  u_soc/Core_cpu/U_ID_EX/alu_c_reg[3]_i_20/O
                         net (fo=16, routed)          0.378     7.974    u_soc/Core_cpu/U_ID_EX/ex_A_final[0]
    SLICE_X29Y66         LUT4 (Prop_lut4_I1_O)        0.132     8.106 r  u_soc/Core_cpu/U_ID_EX/alu_c_reg[0]_i_39/O
                         net (fo=2, routed)           0.278     8.384    u_soc/Core_cpu/U_ID_EX/alu_c_reg[0]_i_39_n_2
    SLICE_X31Y67         CARRY4 (Prop_carry4_DI[0]_CO[3])
                                                      0.269     8.653 r  u_soc/Core_cpu/U_ID_EX/alu_c_reg[0]_i_27/CO[3]
                         net (fo=1, routed)           0.000     8.653    u_soc/Core_cpu/U_ID_EX/alu_c_reg[0]_i_27_n_2
    SLICE_X31Y68         CARRY4 (Prop_carry4_CI_CO[3])
                                                      0.053     8.706 r  u_soc/Core_cpu/U_ID_EX/alu_c_reg[0]_i_17/CO[3]
                         net (fo=1, routed)           0.000     8.706    u_soc/Core_cpu/U_ID_EX/alu_c_reg[0]_i_17_n_2
    SLICE_X31Y69         CARRY4 (Prop_carry4_CI_CO[3])
                                                      0.053     8.759 r  u_soc/Core_cpu/U_ID_EX/alu_c_reg[0]_i_6/CO[3]
                         net (fo=1, routed)           0.000     8.759    u_soc/Core_cpu/U_ID_EX/alu_c_reg[0]_i_6_n_2
    SLICE_X31Y70         CARRY4 (Prop_carry4_CI_CO[3])
                                                      0.053     8.812 r  u_soc/Core_cpu/U_ID_EX/alu_c_reg[0]_i_3/CO[3]
                         net (fo=2, routed)           0.424     9.236    u_soc/Core_cpu/U_ID_EX/U_ALU/data9
    SLICE_X32Y70         LUT4 (Prop_lut4_I3_O)        0.043     9.279 f  u_soc/Core_cpu/U_ID_EX/u1_taken_i_3/O
                         net (fo=2, routed)           0.338     9.616    u_soc/Core_cpu/U_ID_EX/u1_taken_i_3_n_2
    SLICE_X32Y70         LUT6 (Prop_lut6_I4_O)        0.043     9.659 r  u_soc/Core_cpu/U_ID_EX/dat_q_reg_0_63_2_2_i_6/O
                         net (fo=34, routed)          0.438    10.097    u_soc/Core_cpu/U_ID_EX/dat_q_reg_0_63_2_2_i_6_n_2
    SLICE_X35Y66         LUT3 (Prop_lut3_I2_O)        0.043    10.140 f  u_soc/Core_cpu/U_ID_EX/q_row_idx[2][1]_i_10/O
                         net (fo=5, routed)           0.247    10.387    u_soc/Core_cpu/U_ID_EX/q_row_idx[2][1]_i_10_n_2
    SLICE_X35Y65         LUT6 (Prop_lut6_I0_O)        0.043    10.430 r  u_soc/Core_cpu/U_ID_EX/q_pc_q[1]_i_3/O
                         net (fo=2, routed)           0.289    10.719    u_soc/Core_cpu/U_ID_EX/actual_npc[0]
    SLICE_X36Y64         LUT6 (Prop_lut6_I5_O)        0.043    10.762 r  u_soc/Core_cpu/U_ID_EX/q_row_idx[2][1]_i_25/O
                         net (fo=1, routed)           0.000    10.762    u_soc/Core_cpu/U_ID_EX/q_row_idx[2][1]_i_25_n_2
    SLICE_X36Y64         CARRY4 (Prop_carry4_S[0]_CO[3])
                                                      0.259    11.021 r  u_soc/Core_cpu/U_ID_EX/q_row_idx_reg[2][1]_i_17/CO[3]
                         net (fo=1, routed)           0.000    11.021    u_soc/Core_cpu/U_ID_EX/q_row_idx_reg[2][1]_i_17_n_2
    SLICE_X36Y65         CARRY4 (Prop_carry4_CI_CO[3])
                                                      0.053    11.074 r  u_soc/Core_cpu/U_ID_EX/q_row_idx_reg[2][1]_i_13/CO[3]
                         net (fo=1, routed)           0.000    11.074    u_soc/Core_cpu/U_ID_EX/q_row_idx_reg[2][1]_i_13_n_2
    SLICE_X36Y66         CARRY4 (Prop_carry4_CI_CO[2])
                                                      0.110    11.184 f  u_soc/Core_cpu/U_ID_EX/q_row_idx_reg[2][1]_i_12/CO[2]
                         net (fo=4, routed)           0.339    11.523    u_soc/Core_cpu/U_ID_EX/mispredict0
    SLICE_X34Y61         LUT2 (Prop_lut2_I0_O)        0.129    11.652 f  u_soc/Core_cpu/U_ID_EX/cnt_q[4]_i_10/O
                         net (fo=1, routed)           0.184    11.836    u_soc/Core_cpu/U_ID_EX/cnt_q[4]_i_10_n_2
    SLICE_X35Y60         LUT6 (Prop_lut6_I2_O)        0.043    11.879 r  u_soc/Core_cpu/U_ID_EX/cnt_q[4]_i_8/O
                         net (fo=5, routed)           0.328    12.207    u_soc/Core_cpu/u_ifu_subsys/u_btb/push_num1
    SLICE_X35Y57         LUT6 (Prop_lut6_I0_O)        0.043    12.250 r  u_soc/Core_cpu/u_ifu_subsys/u_btb/cnt_q[4]_i_6/O
                         net (fo=1, routed)           0.416    12.666    u_soc/Core_cpu/u_ifu_subsys/u_ibuf/push_num[2]
    SLICE_X45Y57         LUT3 (Prop_lut3_I1_O)        0.043    12.709 r  u_soc/Core_cpu/u_ifu_subsys/u_ibuf/cnt_q[4]_i_4/O
                         net (fo=912, routed)         0.658    13.368    u_soc/Core_cpu/u_ifu_subsys/u_ibuf/ib_push_acc[2]
    SLICE_X29Y56         LUT6 (Prop_lut6_I5_O)        0.043    13.411 r  u_soc/Core_cpu/u_ifu_subsys/u_ibuf/ghr_q[13]_i_7/O
                         net (fo=22, routed)          0.650    14.061    u_soc/Core_cpu/u_ifu_subsys/u_ibuf/p_2_in
    SLICE_X29Y53         LUT4 (Prop_lut4_I2_O)        0.054    14.115 r  u_soc/Core_cpu/u_ifu_subsys/u_ibuf/q_row_idx[2][1]_i_8/O
                         net (fo=17, routed)          0.504    14.619    u_soc/Core_cpu/u_ifu_subsys/u_ibuf/ghr_cnt_return[1]
    SLICE_X28Y51         LUT6 (Prop_lut6_I4_O)        0.137    14.756 r  u_soc/Core_cpu/u_ifu_subsys/u_ibuf/q_row_idx[3][0]_i_4/O
                         net (fo=1, routed)           0.000    14.756    u_soc/Core_cpu/U_ID_EX/q_row_tag_reg[3][3]_0
    SLICE_X28Y51         MUXF7 (Prop_muxf7_I0_O)      0.107    14.863 r  u_soc/Core_cpu/U_ID_EX/q_row_idx_reg[3][0]_i_2/O
                         net (fo=2, routed)           0.332    15.195    u_soc/Core_cpu/U_ID_EX/q_row_idx_reg[3][0]_i_2_n_2
    SLICE_X28Y52         LUT5 (Prop_lut5_I0_O)        0.124    15.319 r  u_soc/Core_cpu/U_ID_EX/q_row_idx[3][0]_i_1/O
                         net (fo=1, routed)           0.000    15.319    u_soc/Core_cpu/u_ifu_subsys/g_tage.u_tage/q_row_idx_reg[3][3]_0[0]
    SLICE_X28Y52         FDRE                                         r  u_soc/Core_cpu/u_ifu_subsys/g_tage.u_tage/q_row_idx_reg[3][0]/D
  -------------------------------------------------------------------    -------------------

                         (clock clk rise edge)       11.000    11.000 r  
    AE23                                              0.000    11.000 r  clk (IN)
                         net (fo=0)                   0.000    11.000    clk
    AE23                 IBUF (Prop_ibuf_I_O)         0.660    11.660 r  clk_IBUF_inst/O
                         net (fo=1, routed)           2.516    14.176    clk_IBUF
    BUFGCTRL_X0Y0        BUFG (Prop_bufg_I_O)         0.083    14.259 r  u_bufg/O
                         net (fo=5673, routed)        1.500    15.759    u_soc/Core_cpu/u_ifu_subsys/g_tage.u_tage/clk_buf
    SLICE_X28Y52         FDRE                                         r  u_soc/Core_cpu/u_ifu_subsys/g_tage.u_tage/q_row_idx_reg[3][0]/C
                         clock pessimism              0.310    16.068    
                         clock uncertainty           -0.035    16.033    
    SLICE_X28Y52         FDRE (Setup_fdre_C_D)        0.034    16.067    u_soc/Core_cpu/u_ifu_subsys/g_tage.u_tage/q_row_idx_reg[3][0]
  -------------------------------------------------------------------
                         required time                         16.067    
                         arrival time                         -15.319    
  -------------------------------------------------------------------
                         slack                                  0.748    

Slack (MET) :             0.750ns  (required time - arrival time)
  Source:                 u_soc/Core_cpu/timer_irq_d1_reg/C
                            (rising edge-triggered cell FDCE clocked by clk  {rise@0.000ns fall@5.500ns period=11.000ns})
  Destination:            u_soc/Core_cpu/u_ifu_subsys/g_tage.u_tage/q_row_idx_reg[3][1]/D
                            (rising edge-triggered cell FDRE clocked by clk  {rise@0.000ns fall@5.500ns period=11.000ns})
  Path Group:             clk
  Path Type:              Setup (Max at Slow Process Corner)
  Requirement:            11.000ns  (clk rise@11.000ns - clk rise@0.000ns)
  Data Path Delay:        10.196ns  (logic 2.292ns (22.479%)  route 7.904ns (77.521%))
  Logic Levels:           25  (CARRY4=7 LUT2=1 LUT3=2 LUT4=4 LUT5=1 LUT6=9 MUXF7=1)
  Clock Path Skew:        -0.053ns (DCD - SCD + CPR)
    Destination Clock Delay (DCD):    4.759ns = ( 15.759 - 11.000 ) 
    Source Clock Delay      (SCD):    5.121ns
    Clock Pessimism Removal (CPR):    0.310ns
  Clock Uncertainty:      0.035ns  ((TSJ^2 + TIJ^2)^1/2 + DJ) / 2 + PE
    Total System Jitter     (TSJ):    0.071ns
    Total Input Jitter      (TIJ):    0.000ns
    Discrete Jitter          (DJ):    0.000ns
    Phase Error              (PE):    0.000ns

    Location             Delay type                Incr(ns)  Path(ns)    Netlist Resource(s)
  -------------------------------------------------------------------    -------------------
                         (clock clk rise edge)        0.000     0.000 r  
    AE23                                              0.000     0.000 r  clk (IN)
                         net (fo=0)                   0.000     0.000    clk
    AE23                 IBUF (Prop_ibuf_I_O)         0.734     0.734 r  clk_IBUF_inst/O
                         net (fo=1, routed)           2.651     3.385    clk_IBUF
    BUFGCTRL_X0Y0        BUFG (Prop_bufg_I_O)         0.093     3.478 r  u_bufg/O
                         net (fo=5673, routed)        1.643     5.121    u_soc/Core_cpu/clk_buf
    SLICE_X21Y98         FDCE                                         r  u_soc/Core_cpu/timer_irq_d1_reg/C
  -------------------------------------------------------------------    -------------------
    SLICE_X21Y98         FDCE (Prop_fdce_C_Q)         0.223     5.344 f  u_soc/Core_cpu/timer_irq_d1_reg/Q
                         net (fo=2, routed)           1.328     6.672    u_soc/Core_cpu/U_ID_EX/timer_irq_d1
    SLICE_X23Y70         LUT6 (Prop_lut6_I0_O)        0.043     6.715 r  u_soc/Core_cpu/U_ID_EX/mscratch[0]_i_3/O
                         net (fo=1, routed)           0.467     7.182    u_soc/Core_cpu/U_ID_EX/mscratch[0]_i_3_n_2
    SLICE_X25Y68         LUT6 (Prop_lut6_I0_O)        0.043     7.225 f  u_soc/Core_cpu/U_ID_EX/mscratch[0]_i_2/O
                         net (fo=3, routed)           0.319     7.544    u_soc/Core_cpu/U_ID_EX/csr_rdata[0]
    SLICE_X27Y68         LUT4 (Prop_lut4_I0_O)        0.052     7.596 f  u_soc/Core_cpu/U_ID_EX/alu_c_reg[3]_i_20/O
                         net (fo=16, routed)          0.378     7.974    u_soc/Core_cpu/U_ID_EX/ex_A_final[0]
    SLICE_X29Y66         LUT4 (Prop_lut4_I1_O)        0.132     8.106 r  u_soc/Core_cpu/U_ID_EX/alu_c_reg[0]_i_39/O
                         net (fo=2, routed)           0.278     8.384    u_soc/Core_cpu/U_ID_EX/alu_c_reg[0]_i_39_n_2
    SLICE_X31Y67         CARRY4 (Prop_carry4_DI[0]_CO[3])
                                                      0.269     8.653 r  u_soc/Core_cpu/U_ID_EX/alu_c_reg[0]_i_27/CO[3]
                         net (fo=1, routed)           0.000     8.653    u_soc/Core_cpu/U_ID_EX/alu_c_reg[0]_i_27_n_2
    SLICE_X31Y68         CARRY4 (Prop_carry4_CI_CO[3])
                                                      0.053     8.706 r  u_soc/Core_cpu/U_ID_EX/alu_c_reg[0]_i_17/CO[3]
                         net (fo=1, routed)           0.000     8.706    u_soc/Core_cpu/U_ID_EX/alu_c_reg[0]_i_17_n_2
    SLICE_X31Y69         CARRY4 (Prop_carry4_CI_CO[3])
                                                      0.053     8.759 r  u_soc/Core_cpu/U_ID_EX/alu_c_reg[0]_i_6/CO[3]
                         net (fo=1, routed)           0.000     8.759    u_soc/Core_cpu/U_ID_EX/alu_c_reg[0]_i_6_n_2
    SLICE_X31Y70         CARRY4 (Prop_carry4_CI_CO[3])
                                                      0.053     8.812 r  u_soc/Core_cpu/U_ID_EX/alu_c_reg[0]_i_3/CO[3]
                         net (fo=2, routed)           0.424     9.236    u_soc/Core_cpu/U_ID_EX/U_ALU/data9
    SLICE_X32Y70         LUT4 (Prop_lut4_I3_O)        0.043     9.279 f  u_soc/Core_cpu/U_ID_EX/u1_taken_i_3/O
                         net (fo=2, routed)           0.338     9.616    u_soc/Core_cpu/U_ID_EX/u1_taken_i_3_n_2
    SLICE_X32Y70         LUT6 (Prop_lut6_I4_O)        0.043     9.659 r  u_soc/Core_cpu/U_ID_EX/dat_q_reg_0_63_2_2_i_6/O
                         net (fo=34, routed)          0.438    10.097    u_soc/Core_cpu/U_ID_EX/dat_q_reg_0_63_2_2_i_6_n_2
    SLICE_X35Y66         LUT3 (Prop_lut3_I2_O)        0.043    10.140 f  u_soc/Core_cpu/U_ID_EX/q_row_idx[2][1]_i_10/O
                         net (fo=5, routed)           0.247    10.387    u_soc/Core_cpu/U_ID_EX/q_row_idx[2][1]_i_10_n_2
    SLICE_X35Y65         LUT6 (Prop_lut6_I0_O)        0.043    10.430 r  u_soc/Core_cpu/U_ID_EX/q_pc_q[1]_i_3/O
                         net (fo=2, routed)           0.289    10.719    u_soc/Core_cpu/U_ID_EX/actual_npc[0]
    SLICE_X36Y64         LUT6 (Prop_lut6_I5_O)        0.043    10.762 r  u_soc/Core_cpu/U_ID_EX/q_row_idx[2][1]_i_25/O
                         net (fo=1, routed)           0.000    10.762    u_soc/Core_cpu/U_ID_EX/q_row_idx[2][1]_i_25_n_2
    SLICE_X36Y64         CARRY4 (Prop_carry4_S[0]_CO[3])
                                                      0.259    11.021 r  u_soc/Core_cpu/U_ID_EX/q_row_idx_reg[2][1]_i_17/CO[3]
                         net (fo=1, routed)           0.000    11.021    u_soc/Core_cpu/U_ID_EX/q_row_idx_reg[2][1]_i_17_n_2
    SLICE_X36Y65         CARRY4 (Prop_carry4_CI_CO[3])
                                                      0.053    11.074 r  u_soc/Core_cpu/U_ID_EX/q_row_idx_reg[2][1]_i_13/CO[3]
                         net (fo=1, routed)           0.000    11.074    u_soc/Core_cpu/U_ID_EX/q_row_idx_reg[2][1]_i_13_n_2
    SLICE_X36Y66         CARRY4 (Prop_carry4_CI_CO[2])
                                                      0.110    11.184 f  u_soc/Core_cpu/U_ID_EX/q_row_idx_reg[2][1]_i_12/CO[2]
                         net (fo=4, routed)           0.339    11.523    u_soc/Core_cpu/U_ID_EX/mispredict0
    SLICE_X34Y61         LUT2 (Prop_lut2_I0_O)        0.129    11.652 f  u_soc/Core_cpu/U_ID_EX/cnt_q[4]_i_10/O
                         net (fo=1, routed)           0.184    11.836    u_soc/Core_cpu/U_ID_EX/cnt_q[4]_i_10_n_2
    SLICE_X35Y60         LUT6 (Prop_lut6_I2_O)        0.043    11.879 r  u_soc/Core_cpu/U_ID_EX/cnt_q[4]_i_8/O
                         net (fo=5, routed)           0.328    12.207    u_soc/Core_cpu/u_ifu_subsys/u_btb/push_num1
    SLICE_X35Y57         LUT6 (Prop_lut6_I0_O)        0.043    12.250 r  u_soc/Core_cpu/u_ifu_subsys/u_btb/cnt_q[4]_i_6/O
                         net (fo=1, routed)           0.416    12.666    u_soc/Core_cpu/u_ifu_subsys/u_ibuf/push_num[2]
    SLICE_X45Y57         LUT3 (Prop_lut3_I1_O)        0.043    12.709 r  u_soc/Core_cpu/u_ifu_subsys/u_ibuf/cnt_q[4]_i_4/O
                         net (fo=912, routed)         0.658    13.368    u_soc/Core_cpu/u_ifu_subsys/u_ibuf/ib_push_acc[2]
    SLICE_X29Y56         LUT6 (Prop_lut6_I5_O)        0.043    13.411 r  u_soc/Core_cpu/u_ifu_subsys/u_ibuf/ghr_q[13]_i_7/O
                         net (fo=22, routed)          0.650    14.061    u_soc/Core_cpu/u_ifu_subsys/u_ibuf/p_2_in
    SLICE_X29Y53         LUT4 (Prop_lut4_I2_O)        0.054    14.115 r  u_soc/Core_cpu/u_ifu_subsys/u_ibuf/q_row_idx[2][1]_i_8/O
                         net (fo=17, routed)          0.379    14.494    u_soc/Core_cpu/u_ifu_subsys/u_ibuf/ghr_cnt_return[1]
    SLICE_X26Y51         LUT6 (Prop_lut6_I4_O)        0.137    14.631 r  u_soc/Core_cpu/u_ifu_subsys/u_ibuf/q_row_idx[2][1]_i_2/O
                         net (fo=3, routed)           0.000    14.631    u_soc/Core_cpu/U_ID_EX/q_row_tag_reg[3][4]
    SLICE_X26Y51         MUXF7 (Prop_muxf7_I0_O)      0.120    14.751 r  u_soc/Core_cpu/U_ID_EX/q_row_idx_reg[3][1]_i_2/O
                         net (fo=2, routed)           0.444    15.195    u_soc/Core_cpu/U_ID_EX/q_row_idx_reg[3][1]_i_2_n_2
    SLICE_X28Y51         LUT5 (Prop_lut5_I1_O)        0.122    15.317 r  u_soc/Core_cpu/U_ID_EX/q_row_idx[3][1]_i_1/O
                         net (fo=1, routed)           0.000    15.317    u_soc/Core_cpu/u_ifu_subsys/g_tage.u_tage/q_row_idx_reg[3][3]_0[1]
    SLICE_X28Y51         FDRE                                         r  u_soc/Core_cpu/u_ifu_subsys/g_tage.u_tage/q_row_idx_reg[3][1]/D
  -------------------------------------------------------------------    -------------------

                         (clock clk rise edge)       11.000    11.000 r  
    AE23                                              0.000    11.000 r  clk (IN)
                         net (fo=0)                   0.000    11.000    clk
    AE23                 IBUF (Prop_ibuf_I_O)         0.660    11.660 r  clk_IBUF_inst/O
                         net (fo=1, routed)           2.516    14.176    clk_IBUF
    BUFGCTRL_X0Y0        BUFG (Prop_bufg_I_O)         0.083    14.259 r  u_bufg/O
                         net (fo=5673, routed)        1.500    15.759    u_soc/Core_cpu/u_ifu_subsys/g_tage.u_tage/clk_buf
    SLICE_X28Y51         FDRE                                         r  u_soc/Core_cpu/u_ifu_subsys/g_tage.u_tage/q_row_idx_reg[3][1]/C
                         clock pessimism              0.310    16.068    
                         clock uncertainty           -0.035    16.033    
    SLICE_X28Y51         FDRE (Setup_fdre_C_D)        0.034    16.067    u_soc/Core_cpu/u_ifu_subsys/g_tage.u_tage/q_row_idx_reg[3][1]
  -------------------------------------------------------------------
                         required time                         16.067    
                         arrival time                         -15.317    
  -------------------------------------------------------------------
                         slack                                  0.750    

Slack (MET) :             0.752ns  (required time - arrival time)
  Source:                 u_soc/Core_cpu/timer_irq_d1_reg/C
                            (rising edge-triggered cell FDCE clocked by clk  {rise@0.000ns fall@5.500ns period=11.000ns})
  Destination:            u_soc/Core_cpu/u_ifu_subsys/u_icache/u_dat_way1/u_prim/mem_q_reg_0/ADDRARDADDR[9]
                            (rising edge-triggered cell RAMB36E1 clocked by clk  {rise@0.000ns fall@5.500ns period=11.000ns})
  Path Group:             clk
  Path Type:              Setup (Max at Slow Process Corner)
  Requirement:            11.000ns  (clk rise@11.000ns - clk rise@0.000ns)
  Data Path Delay:        9.872ns  (logic 2.285ns (23.147%)  route 7.587ns (76.853%))
  Logic Levels:           24  (CARRY4=9 LUT2=2 LUT3=2 LUT4=3 LUT6=8)
  Clock Path Skew:        0.075ns (DCD - SCD + CPR)
    Destination Clock Delay (DCD):    4.959ns = ( 15.959 - 11.000 ) 
    Source Clock Delay      (SCD):    5.121ns
    Clock Pessimism Removal (CPR):    0.237ns
  Clock Uncertainty:      0.035ns  ((TSJ^2 + TIJ^2)^1/2 + DJ) / 2 + PE
    Total System Jitter     (TSJ):    0.071ns
    Total Input Jitter      (TIJ):    0.000ns
    Discrete Jitter          (DJ):    0.000ns
    Phase Error              (PE):    0.000ns

    Location             Delay type                Incr(ns)  Path(ns)    Netlist Resource(s)
  -------------------------------------------------------------------    -------------------
                         (clock clk rise edge)        0.000     0.000 r  
    AE23                                              0.000     0.000 r  clk (IN)
                         net (fo=0)                   0.000     0.000    clk
    AE23                 IBUF (Prop_ibuf_I_O)         0.734     0.734 r  clk_IBUF_inst/O
                         net (fo=1, routed)           2.651     3.385    clk_IBUF
    BUFGCTRL_X0Y0        BUFG (Prop_bufg_I_O)         0.093     3.478 r  u_bufg/O
                         net (fo=5673, routed)        1.643     5.121    u_soc/Core_cpu/clk_buf
    SLICE_X21Y98         FDCE                                         r  u_soc/Core_cpu/timer_irq_d1_reg/C
  -------------------------------------------------------------------    -------------------
    SLICE_X21Y98         FDCE (Prop_fdce_C_Q)         0.223     5.344 f  u_soc/Core_cpu/timer_irq_d1_reg/Q
                         net (fo=2, routed)           1.328     6.672    u_soc/Core_cpu/U_ID_EX/timer_irq_d1
    SLICE_X23Y70         LUT6 (Prop_lut6_I0_O)        0.043     6.715 r  u_soc/Core_cpu/U_ID_EX/mscratch[0]_i_3/O
                         net (fo=1, routed)           0.467     7.182    u_soc/Core_cpu/U_ID_EX/mscratch[0]_i_3_n_2
    SLICE_X25Y68         LUT6 (Prop_lut6_I0_O)        0.043     7.225 f  u_soc/Core_cpu/U_ID_EX/mscratch[0]_i_2/O
                         net (fo=3, routed)           0.319     7.544    u_soc/Core_cpu/U_ID_EX/csr_rdata[0]
    SLICE_X27Y68         LUT4 (Prop_lut4_I0_O)        0.052     7.596 f  u_soc/Core_cpu/U_ID_EX/alu_c_reg[3]_i_20/O
                         net (fo=16, routed)          0.378     7.974    u_soc/Core_cpu/U_ID_EX/ex_A_final[0]
    SLICE_X29Y66         LUT4 (Prop_lut4_I1_O)        0.132     8.106 r  u_soc/Core_cpu/U_ID_EX/alu_c_reg[0]_i_39/O
                         net (fo=2, routed)           0.278     8.384    u_soc/Core_cpu/U_ID_EX/alu_c_reg[0]_i_39_n_2
    SLICE_X31Y67         CARRY4 (Prop_carry4_DI[0]_CO[3])
                                                      0.269     8.653 r  u_soc/Core_cpu/U_ID_EX/alu_c_reg[0]_i_27/CO[3]
                         net (fo=1, routed)           0.000     8.653    u_soc/Core_cpu/U_ID_EX/alu_c_reg[0]_i_27_n_2
    SLICE_X31Y68         CARRY4 (Prop_carry4_CI_CO[3])
                                                      0.053     8.706 r  u_soc/Core_cpu/U_ID_EX/alu_c_reg[0]_i_17/CO[3]
                         net (fo=1, routed)           0.000     8.706    u_soc/Core_cpu/U_ID_EX/alu_c_reg[0]_i_17_n_2
    SLICE_X31Y69         CARRY4 (Prop_carry4_CI_CO[3])
                                                      0.053     8.759 r  u_soc/Core_cpu/U_ID_EX/alu_c_reg[0]_i_6/CO[3]
                         net (fo=1, routed)           0.000     8.759    u_soc/Core_cpu/U_ID_EX/alu_c_reg[0]_i_6_n_2
    SLICE_X31Y70         CARRY4 (Prop_carry4_CI_CO[3])
                                                      0.053     8.812 r  u_soc/Core_cpu/U_ID_EX/alu_c_reg[0]_i_3/CO[3]
                         net (fo=2, routed)           0.424     9.236    u_soc/Core_cpu/U_ID_EX/U_ALU/data9
    SLICE_X32Y70         LUT4 (Prop_lut4_I3_O)        0.043     9.279 f  u_soc/Core_cpu/U_ID_EX/u1_taken_i_3/O
                         net (fo=2, routed)           0.338     9.616    u_soc/Core_cpu/U_ID_EX/u1_taken_i_3_n_2
    SLICE_X32Y70         LUT6 (Prop_lut6_I4_O)        0.043     9.659 r  u_soc/Core_cpu/U_ID_EX/dat_q_reg_0_63_2_2_i_6/O
                         net (fo=34, routed)          0.438    10.097    u_soc/Core_cpu/U_ID_EX/dat_q_reg_0_63_2_2_i_6_n_2
    SLICE_X35Y66         LUT3 (Prop_lut3_I2_O)        0.043    10.140 f  u_soc/Core_cpu/U_ID_EX/q_row_idx[2][1]_i_10/O
                         net (fo=5, routed)           0.247    10.387    u_soc/Core_cpu/U_ID_EX/q_row_idx[2][1]_i_10_n_2
    SLICE_X35Y65         LUT6 (Prop_lut6_I0_O)        0.043    10.430 r  u_soc/Core_cpu/U_ID_EX/q_pc_q[1]_i_3/O
                         net (fo=2, routed)           0.289    10.719    u_soc/Core_cpu/U_ID_EX/actual_npc[0]
    SLICE_X36Y64         LUT6 (Prop_lut6_I5_O)        0.043    10.762 r  u_soc/Core_cpu/U_ID_EX/q_row_idx[2][1]_i_25/O
                         net (fo=1, routed)           0.000    10.762    u_soc/Core_cpu/U_ID_EX/q_row_idx[2][1]_i_25_n_2
    SLICE_X36Y64         CARRY4 (Prop_carry4_S[0]_CO[3])
                                                      0.259    11.021 r  u_soc/Core_cpu/U_ID_EX/q_row_idx_reg[2][1]_i_17/CO[3]
                         net (fo=1, routed)           0.000    11.021    u_soc/Core_cpu/U_ID_EX/q_row_idx_reg[2][1]_i_17_n_2
    SLICE_X36Y65         CARRY4 (Prop_carry4_CI_CO[3])
                                                      0.053    11.074 r  u_soc/Core_cpu/U_ID_EX/q_row_idx_reg[2][1]_i_13/CO[3]
                         net (fo=1, routed)           0.000    11.074    u_soc/Core_cpu/U_ID_EX/q_row_idx_reg[2][1]_i_13_n_2
    SLICE_X36Y66         CARRY4 (Prop_carry4_CI_CO[2])
                                                      0.110    11.184 f  u_soc/Core_cpu/U_ID_EX/q_row_idx_reg[2][1]_i_12/CO[2]
                         net (fo=4, routed)           0.339    11.523    u_soc/Core_cpu/U_ID_EX/mispredict0
    SLICE_X34Y61         LUT2 (Prop_lut2_I0_O)        0.129    11.652 f  u_soc/Core_cpu/U_ID_EX/cnt_q[4]_i_10/O
                         net (fo=1, routed)           0.184    11.836    u_soc/Core_cpu/U_ID_EX/cnt_q[4]_i_10_n_2
    SLICE_X35Y60         LUT6 (Prop_lut6_I2_O)        0.043    11.879 r  u_soc/Core_cpu/U_ID_EX/cnt_q[4]_i_8/O
                         net (fo=5, routed)           0.328    12.207    u_soc/Core_cpu/u_ifu_subsys/u_btb/push_num1
    SLICE_X35Y57         LUT6 (Prop_lut6_I0_O)        0.043    12.250 r  u_soc/Core_cpu/u_ifu_subsys/u_btb/cnt_q[4]_i_6/O
                         net (fo=1, routed)           0.416    12.666    u_soc/Core_cpu/u_ifu_subsys/u_ibuf/push_num[2]
    SLICE_X45Y57         LUT3 (Prop_lut3_I1_O)        0.043    12.709 r  u_soc/Core_cpu/u_ifu_subsys/u_ibuf/cnt_q[4]_i_4/O
                         net (fo=912, routed)         0.794    13.503    u_soc/Core_cpu/u_ifu_subsys/u_icache/u_tag_way0/u_prim/ib_push_acc[2]
    SLICE_X27Y50         LUT2 (Prop_lut2_I1_O)        0.043    13.546 r  u_soc/Core_cpu/u_ifu_subsys/u_icache/u_tag_way0/u_prim/q_t0_idx[0]_i_5/O
                         net (fo=1, routed)           0.000    13.546    u_soc/Core_cpu/u_ifu_subsys/u_icache/u_tag_way0/u_prim/q_t0_idx[0]_i_5_n_2
    SLICE_X27Y50         CARRY4 (Prop_carry4_S[3]_CO[3])
                                                      0.193    13.739 r  u_soc/Core_cpu/u_ifu_subsys/u_icache/u_tag_way0/u_prim/q_t0_idx_reg[0]_i_2/CO[3]
                         net (fo=1, routed)           0.000    13.739    u_soc/Core_cpu/u_ifu_subsys/u_icache/u_tag_way0_n_133
    SLICE_X27Y51         CARRY4 (Prop_carry4_CI_O[2])
                                                      0.111    13.850 r  u_soc/Core_cpu/u_ifu_subsys/u_icache/q_t0_idx_reg[1]_i_2/O[2]
                         net (fo=2, routed)           0.321    14.171    u_soc/Core_cpu/u_ifu_subsys/u_btb/mem_q_reg_1[5]
    SLICE_X25Y51         LUT6 (Prop_lut6_I0_O)        0.122    14.293 r  u_soc/Core_cpu/u_ifu_subsys/u_btb/q_row_idx[0][3]_i_1/O
                         net (fo=57, routed)          0.700    14.993    u_soc/Core_cpu/u_ifu_subsys/u_icache/u_dat_way1/u_prim/rd_addr[3]
    RAMB36_X1Y7          RAMB36E1                                     r  u_soc/Core_cpu/u_ifu_subsys/u_icache/u_dat_way1/u_prim/mem_q_reg_0/ADDRARDADDR[9]
  -------------------------------------------------------------------    -------------------

                         (clock clk rise edge)       11.000    11.000 r  
    AE23                                              0.000    11.000 r  clk (IN)
                         net (fo=0)                   0.000    11.000    clk
    AE23                 IBUF (Prop_ibuf_I_O)         0.660    11.660 r  clk_IBUF_inst/O
                         net (fo=1, routed)           2.516    14.176    clk_IBUF
    BUFGCTRL_X0Y0        BUFG (Prop_bufg_I_O)         0.083    14.259 r  u_bufg/O
                         net (fo=5673, routed)        1.701    15.959    u_soc/Core_cpu/u_ifu_subsys/u_icache/u_dat_way1/u_prim/clk_buf
    RAMB36_X1Y7          RAMB36E1                                     r  u_soc/Core_cpu/u_ifu_subsys/u_icache/u_dat_way1/u_prim/mem_q_reg_0/CLKARDCLK
                         clock pessimism              0.237    16.196    
                         clock uncertainty           -0.035    16.161    
    RAMB36_X1Y7          RAMB36E1 (Setup_ramb36e1_CLKARDCLK_ADDRARDADDR[9])
                                                     -0.416    15.745    u_soc/Core_cpu/u_ifu_subsys/u_icache/u_dat_way1/u_prim/mem_q_reg_0
  -------------------------------------------------------------------
                         required time                         15.745    
                         arrival time                         -14.993    
  -------------------------------------------------------------------
                         slack                                  0.752    

Slack (MET) :             0.754ns  (required time - arrival time)
  Source:                 u_soc/Core_cpu/timer_irq_d1_reg/C
                            (rising edge-triggered cell FDCE clocked by clk  {rise@0.000ns fall@5.500ns period=11.000ns})
  Destination:            u_soc/Core_cpu/u_ifu_subsys/u_icache/u_dat_way1/u_prim/mem_q_reg_0/ADDRARDADDR[10]
                            (rising edge-triggered cell RAMB36E1 clocked by clk  {rise@0.000ns fall@5.500ns period=11.000ns})
  Path Group:             clk
  Path Type:              Setup (Max at Slow Process Corner)
  Requirement:            11.000ns  (clk rise@11.000ns - clk rise@0.000ns)
  Data Path Delay:        9.869ns  (logic 2.321ns (23.518%)  route 7.548ns (76.482%))
  Logic Levels:           24  (CARRY4=9 LUT2=2 LUT3=2 LUT4=3 LUT6=8)
  Clock Path Skew:        0.075ns (DCD - SCD + CPR)
    Destination Clock Delay (DCD):    4.959ns = ( 15.959 - 11.000 ) 
    Source Clock Delay      (SCD):    5.121ns
    Clock Pessimism Removal (CPR):    0.237ns
  Clock Uncertainty:      0.035ns  ((TSJ^2 + TIJ^2)^1/2 + DJ) / 2 + PE
    Total System Jitter     (TSJ):    0.071ns
    Total Input Jitter      (TIJ):    0.000ns
    Discrete Jitter          (DJ):    0.000ns
    Phase Error              (PE):    0.000ns

    Location             Delay type                Incr(ns)  Path(ns)    Netlist Resource(s)
  -------------------------------------------------------------------    -------------------
                         (clock clk rise edge)        0.000     0.000 r  
    AE23                                              0.000     0.000 r  clk (IN)
                         net (fo=0)                   0.000     0.000    clk
    AE23                 IBUF (Prop_ibuf_I_O)         0.734     0.734 r  clk_IBUF_inst/O
                         net (fo=1, routed)           2.651     3.385    clk_IBUF
    BUFGCTRL_X0Y0        BUFG (Prop_bufg_I_O)         0.093     3.478 r  u_bufg/O
                         net (fo=5673, routed)        1.643     5.121    u_soc/Core_cpu/clk_buf
    SLICE_X21Y98         FDCE                                         r  u_soc/Core_cpu/timer_irq_d1_reg/C
  -------------------------------------------------------------------    -------------------
    SLICE_X21Y98         FDCE (Prop_fdce_C_Q)         0.223     5.344 f  u_soc/Core_cpu/timer_irq_d1_reg/Q
                         net (fo=2, routed)           1.328     6.672    u_soc/Core_cpu/U_ID_EX/timer_irq_d1
    SLICE_X23Y70         LUT6 (Prop_lut6_I0_O)        0.043     6.715 r  u_soc/Core_cpu/U_ID_EX/mscratch[0]_i_3/O
                         net (fo=1, routed)           0.467     7.182    u_soc/Core_cpu/U_ID_EX/mscratch[0]_i_3_n_2
    SLICE_X25Y68         LUT6 (Prop_lut6_I0_O)        0.043     7.225 f  u_soc/Core_cpu/U_ID_EX/mscratch[0]_i_2/O
                         net (fo=3, routed)           0.319     7.544    u_soc/Core_cpu/U_ID_EX/csr_rdata[0]
    SLICE_X27Y68         LUT4 (Prop_lut4_I0_O)        0.052     7.596 f  u_soc/Core_cpu/U_ID_EX/alu_c_reg[3]_i_20/O
                         net (fo=16, routed)          0.378     7.974    u_soc/Core_cpu/U_ID_EX/ex_A_final[0]
    SLICE_X29Y66         LUT4 (Prop_lut4_I1_O)        0.132     8.106 r  u_soc/Core_cpu/U_ID_EX/alu_c_reg[0]_i_39/O
                         net (fo=2, routed)           0.278     8.384    u_soc/Core_cpu/U_ID_EX/alu_c_reg[0]_i_39_n_2
    SLICE_X31Y67         CARRY4 (Prop_carry4_DI[0]_CO[3])
                                                      0.269     8.653 r  u_soc/Core_cpu/U_ID_EX/alu_c_reg[0]_i_27/CO[3]
                         net (fo=1, routed)           0.000     8.653    u_soc/Core_cpu/U_ID_EX/alu_c_reg[0]_i_27_n_2
    SLICE_X31Y68         CARRY4 (Prop_carry4_CI_CO[3])
                                                      0.053     8.706 r  u_soc/Core_cpu/U_ID_EX/alu_c_reg[0]_i_17/CO[3]
                         net (fo=1, routed)           0.000     8.706    u_soc/Core_cpu/U_ID_EX/alu_c_reg[0]_i_17_n_2
    SLICE_X31Y69         CARRY4 (Prop_carry4_CI_CO[3])
                                                      0.053     8.759 r  u_soc/Core_cpu/U_ID_EX/alu_c_reg[0]_i_6/CO[3]
                         net (fo=1, routed)           0.000     8.759    u_soc/Core_cpu/U_ID_EX/alu_c_reg[0]_i_6_n_2
    SLICE_X31Y70         CARRY4 (Prop_carry4_CI_CO[3])
                                                      0.053     8.812 r  u_soc/Core_cpu/U_ID_EX/alu_c_reg[0]_i_3/CO[3]
                         net (fo=2, routed)           0.424     9.236    u_soc/Core_cpu/U_ID_EX/U_ALU/data9
    SLICE_X32Y70         LUT4 (Prop_lut4_I3_O)        0.043     9.279 f  u_soc/Core_cpu/U_ID_EX/u1_taken_i_3/O
                         net (fo=2, routed)           0.338     9.616    u_soc/Core_cpu/U_ID_EX/u1_taken_i_3_n_2
    SLICE_X32Y70         LUT6 (Prop_lut6_I4_O)        0.043     9.659 r  u_soc/Core_cpu/U_ID_EX/dat_q_reg_0_63_2_2_i_6/O
                         net (fo=34, routed)          0.438    10.097    u_soc/Core_cpu/U_ID_EX/dat_q_reg_0_63_2_2_i_6_n_2
    SLICE_X35Y66         LUT3 (Prop_lut3_I2_O)        0.043    10.140 f  u_soc/Core_cpu/U_ID_EX/q_row_idx[2][1]_i_10/O
                         net (fo=5, routed)           0.247    10.387    u_soc/Core_cpu/U_ID_EX/q_row_idx[2][1]_i_10_n_2
    SLICE_X35Y65         LUT6 (Prop_lut6_I0_O)        0.043    10.430 r  u_soc/Core_cpu/U_ID_EX/q_pc_q[1]_i_3/O
                         net (fo=2, routed)           0.289    10.719    u_soc/Core_cpu/U_ID_EX/actual_npc[0]
    SLICE_X36Y64         LUT6 (Prop_lut6_I5_O)        0.043    10.762 r  u_soc/Core_cpu/U_ID_EX/q_row_idx[2][1]_i_25/O
                         net (fo=1, routed)           0.000    10.762    u_soc/Core_cpu/U_ID_EX/q_row_idx[2][1]_i_25_n_2
    SLICE_X36Y64         CARRY4 (Prop_carry4_S[0]_CO[3])
                                                      0.259    11.021 r  u_soc/Core_cpu/U_ID_EX/q_row_idx_reg[2][1]_i_17/CO[3]
                         net (fo=1, routed)           0.000    11.021    u_soc/Core_cpu/U_ID_EX/q_row_idx_reg[2][1]_i_17_n_2
    SLICE_X36Y65         CARRY4 (Prop_carry4_CI_CO[3])
                                                      0.053    11.074 r  u_soc/Core_cpu/U_ID_EX/q_row_idx_reg[2][1]_i_13/CO[3]
                         net (fo=1, routed)           0.000    11.074    u_soc/Core_cpu/U_ID_EX/q_row_idx_reg[2][1]_i_13_n_2
    SLICE_X36Y66         CARRY4 (Prop_carry4_CI_CO[2])
                                                      0.110    11.184 f  u_soc/Core_cpu/U_ID_EX/q_row_idx_reg[2][1]_i_12/CO[2]
                         net (fo=4, routed)           0.339    11.523    u_soc/Core_cpu/U_ID_EX/mispredict0
    SLICE_X34Y61         LUT2 (Prop_lut2_I0_O)        0.129    11.652 f  u_soc/Core_cpu/U_ID_EX/cnt_q[4]_i_10/O
                         net (fo=1, routed)           0.184    11.836    u_soc/Core_cpu/U_ID_EX/cnt_q[4]_i_10_n_2
    SLICE_X35Y60         LUT6 (Prop_lut6_I2_O)        0.043    11.879 r  u_soc/Core_cpu/U_ID_EX/cnt_q[4]_i_8/O
                         net (fo=5, routed)           0.328    12.207    u_soc/Core_cpu/u_ifu_subsys/u_btb/push_num1
    SLICE_X35Y57         LUT6 (Prop_lut6_I0_O)        0.043    12.250 r  u_soc/Core_cpu/u_ifu_subsys/u_btb/cnt_q[4]_i_6/O
                         net (fo=1, routed)           0.416    12.666    u_soc/Core_cpu/u_ifu_subsys/u_ibuf/push_num[2]
    SLICE_X45Y57         LUT3 (Prop_lut3_I1_O)        0.043    12.709 r  u_soc/Core_cpu/u_ifu_subsys/u_ibuf/cnt_q[4]_i_4/O
                         net (fo=912, routed)         0.794    13.503    u_soc/Core_cpu/u_ifu_subsys/u_icache/u_tag_way0/u_prim/ib_push_acc[2]
    SLICE_X27Y50         LUT2 (Prop_lut2_I1_O)        0.043    13.546 r  u_soc/Core_cpu/u_ifu_subsys/u_icache/u_tag_way0/u_prim/q_t0_idx[0]_i_5/O
                         net (fo=1, routed)           0.000    13.546    u_soc/Core_cpu/u_ifu_subsys/u_icache/u_tag_way0/u_prim/q_t0_idx[0]_i_5_n_2
    SLICE_X27Y50         CARRY4 (Prop_carry4_S[3]_CO[3])
                                                      0.193    13.739 r  u_soc/Core_cpu/u_ifu_subsys/u_icache/u_tag_way0/u_prim/q_t0_idx_reg[0]_i_2/CO[3]
                         net (fo=1, routed)           0.000    13.739    u_soc/Core_cpu/u_ifu_subsys/u_icache/u_tag_way0_n_133
    SLICE_X27Y51         CARRY4 (Prop_carry4_CI_O[3])
                                                      0.149    13.888 r  u_soc/Core_cpu/u_ifu_subsys/u_icache/q_t0_idx_reg[1]_i_2/O[3]
                         net (fo=2, routed)           0.221    14.109    u_soc/Core_cpu/u_ifu_subsys/u_btb/mem_q_reg_1[6]
    SLICE_X26Y51         LUT6 (Prop_lut6_I0_O)        0.120    14.229 r  u_soc/Core_cpu/u_ifu_subsys/u_btb/q_row_idx[0][4]_i_1/O
                         net (fo=57, routed)          0.761    14.990    u_soc/Core_cpu/u_ifu_subsys/u_icache/u_dat_way1/u_prim/rd_addr[4]
    RAMB36_X1Y7          RAMB36E1                                     r  u_soc/Core_cpu/u_ifu_subsys/u_icache/u_dat_way1/u_prim/mem_q_reg_0/ADDRARDADDR[10]
  -------------------------------------------------------------------    -------------------

                         (clock clk rise edge)       11.000    11.000 r  
    AE23                                              0.000    11.000 r  clk (IN)
                         net (fo=0)                   0.000    11.000    clk
    AE23                 IBUF (Prop_ibuf_I_O)         0.660    11.660 r  clk_IBUF_inst/O
                         net (fo=1, routed)           2.516    14.176    clk_IBUF
    BUFGCTRL_X0Y0        BUFG (Prop_bufg_I_O)         0.083    14.259 r  u_bufg/O
                         net (fo=5673, routed)        1.701    15.959    u_soc/Core_cpu/u_ifu_subsys/u_icache/u_dat_way1/u_prim/clk_buf
    RAMB36_X1Y7          RAMB36E1                                     r  u_soc/Core_cpu/u_ifu_subsys/u_icache/u_dat_way1/u_prim/mem_q_reg_0/CLKARDCLK
                         clock pessimism              0.237    16.196    
                         clock uncertainty           -0.035    16.161    
    RAMB36_X1Y7          RAMB36E1 (Setup_ramb36e1_CLKARDCLK_ADDRARDADDR[10])
                                                     -0.416    15.745    u_soc/Core_cpu/u_ifu_subsys/u_icache/u_dat_way1/u_prim/mem_q_reg_0
  -------------------------------------------------------------------
                         required time                         15.745    
                         arrival time                         -14.990    
  -------------------------------------------------------------------
                         slack                                  0.754    

Slack (MET) :             0.757ns  (required time - arrival time)
  Source:                 u_soc/Core_cpu/timer_irq_d1_reg/C
                            (rising edge-triggered cell FDCE clocked by clk  {rise@0.000ns fall@5.500ns period=11.000ns})
  Destination:            u_soc/Core_cpu/u_ifu_subsys/g_tage.u_tage/q_row_tag_reg[3][4]/D
                            (rising edge-triggered cell FDRE clocked by clk  {rise@0.000ns fall@5.500ns period=11.000ns})
  Path Group:             clk
  Path Type:              Setup (Max at Slow Process Corner)
  Requirement:            11.000ns  (clk rise@11.000ns - clk rise@0.000ns)
  Data Path Delay:        10.189ns  (logic 2.292ns (22.495%)  route 7.897ns (77.505%))
  Logic Levels:           25  (CARRY4=7 LUT2=1 LUT3=2 LUT4=4 LUT5=1 LUT6=9 MUXF7=1)
  Clock Path Skew:        -0.053ns (DCD - SCD + CPR)
    Destination Clock Delay (DCD):    4.759ns = ( 15.759 - 11.000 ) 
    Source Clock Delay      (SCD):    5.121ns
    Clock Pessimism Removal (CPR):    0.310ns
  Clock Uncertainty:      0.035ns  ((TSJ^2 + TIJ^2)^1/2 + DJ) / 2 + PE
    Total System Jitter     (TSJ):    0.071ns
    Total Input Jitter      (TIJ):    0.000ns
    Discrete Jitter          (DJ):    0.000ns
    Phase Error              (PE):    0.000ns

    Location             Delay type                Incr(ns)  Path(ns)    Netlist Resource(s)
  -------------------------------------------------------------------    -------------------
                         (clock clk rise edge)        0.000     0.000 r  
    AE23                                              0.000     0.000 r  clk (IN)
                         net (fo=0)                   0.000     0.000    clk
    AE23                 IBUF (Prop_ibuf_I_O)         0.734     0.734 r  clk_IBUF_inst/O
                         net (fo=1, routed)           2.651     3.385    clk_IBUF
    BUFGCTRL_X0Y0        BUFG (Prop_bufg_I_O)         0.093     3.478 r  u_bufg/O
                         net (fo=5673, routed)        1.643     5.121    u_soc/Core_cpu/clk_buf
    SLICE_X21Y98         FDCE                                         r  u_soc/Core_cpu/timer_irq_d1_reg/C
  -------------------------------------------------------------------    -------------------
    SLICE_X21Y98         FDCE (Prop_fdce_C_Q)         0.223     5.344 f  u_soc/Core_cpu/timer_irq_d1_reg/Q
                         net (fo=2, routed)           1.328     6.672    u_soc/Core_cpu/U_ID_EX/timer_irq_d1
    SLICE_X23Y70         LUT6 (Prop_lut6_I0_O)        0.043     6.715 r  u_soc/Core_cpu/U_ID_EX/mscratch[0]_i_3/O
                         net (fo=1, routed)           0.467     7.182    u_soc/Core_cpu/U_ID_EX/mscratch[0]_i_3_n_2
    SLICE_X25Y68         LUT6 (Prop_lut6_I0_O)        0.043     7.225 f  u_soc/Core_cpu/U_ID_EX/mscratch[0]_i_2/O
                         net (fo=3, routed)           0.319     7.544    u_soc/Core_cpu/U_ID_EX/csr_rdata[0]
    SLICE_X27Y68         LUT4 (Prop_lut4_I0_O)        0.052     7.596 f  u_soc/Core_cpu/U_ID_EX/alu_c_reg[3]_i_20/O
                         net (fo=16, routed)          0.378     7.974    u_soc/Core_cpu/U_ID_EX/ex_A_final[0]
    SLICE_X29Y66         LUT4 (Prop_lut4_I1_O)        0.132     8.106 r  u_soc/Core_cpu/U_ID_EX/alu_c_reg[0]_i_39/O
                         net (fo=2, routed)           0.278     8.384    u_soc/Core_cpu/U_ID_EX/alu_c_reg[0]_i_39_n_2
    SLICE_X31Y67         CARRY4 (Prop_carry4_DI[0]_CO[3])
                                                      0.269     8.653 r  u_soc/Core_cpu/U_ID_EX/alu_c_reg[0]_i_27/CO[3]
                         net (fo=1, routed)           0.000     8.653    u_soc/Core_cpu/U_ID_EX/alu_c_reg[0]_i_27_n_2
    SLICE_X31Y68         CARRY4 (Prop_carry4_CI_CO[3])
                                                      0.053     8.706 r  u_soc/Core_cpu/U_ID_EX/alu_c_reg[0]_i_17/CO[3]
                         net (fo=1, routed)           0.000     8.706    u_soc/Core_cpu/U_ID_EX/alu_c_reg[0]_i_17_n_2
    SLICE_X31Y69         CARRY4 (Prop_carry4_CI_CO[3])
                                                      0.053     8.759 r  u_soc/Core_cpu/U_ID_EX/alu_c_reg[0]_i_6/CO[3]
                         net (fo=1, routed)           0.000     8.759    u_soc/Core_cpu/U_ID_EX/alu_c_reg[0]_i_6_n_2
    SLICE_X31Y70         CARRY4 (Prop_carry4_CI_CO[3])
                                                      0.053     8.812 r  u_soc/Core_cpu/U_ID_EX/alu_c_reg[0]_i_3/CO[3]
                         net (fo=2, routed)           0.424     9.236    u_soc/Core_cpu/U_ID_EX/U_ALU/data9
    SLICE_X32Y70         LUT4 (Prop_lut4_I3_O)        0.043     9.279 f  u_soc/Core_cpu/U_ID_EX/u1_taken_i_3/O
                         net (fo=2, routed)           0.338     9.616    u_soc/Core_cpu/U_ID_EX/u1_taken_i_3_n_2
    SLICE_X32Y70         LUT6 (Prop_lut6_I4_O)        0.043     9.659 r  u_soc/Core_cpu/U_ID_EX/dat_q_reg_0_63_2_2_i_6/O
                         net (fo=34, routed)          0.438    10.097    u_soc/Core_cpu/U_ID_EX/dat_q_reg_0_63_2_2_i_6_n_2
    SLICE_X35Y66         LUT3 (Prop_lut3_I2_O)        0.043    10.140 f  u_soc/Core_cpu/U_ID_EX/q_row_idx[2][1]_i_10/O
                         net (fo=5, routed)           0.247    10.387    u_soc/Core_cpu/U_ID_EX/q_row_idx[2][1]_i_10_n_2
    SLICE_X35Y65         LUT6 (Prop_lut6_I0_O)        0.043    10.430 r  u_soc/Core_cpu/U_ID_EX/q_pc_q[1]_i_3/O
                         net (fo=2, routed)           0.289    10.719    u_soc/Core_cpu/U_ID_EX/actual_npc[0]
    SLICE_X36Y64         LUT6 (Prop_lut6_I5_O)        0.043    10.762 r  u_soc/Core_cpu/U_ID_EX/q_row_idx[2][1]_i_25/O
                         net (fo=1, routed)           0.000    10.762    u_soc/Core_cpu/U_ID_EX/q_row_idx[2][1]_i_25_n_2
    SLICE_X36Y64         CARRY4 (Prop_carry4_S[0]_CO[3])
                                                      0.259    11.021 r  u_soc/Core_cpu/U_ID_EX/q_row_idx_reg[2][1]_i_17/CO[3]
                         net (fo=1, routed)           0.000    11.021    u_soc/Core_cpu/U_ID_EX/q_row_idx_reg[2][1]_i_17_n_2
    SLICE_X36Y65         CARRY4 (Prop_carry4_CI_CO[3])
                                                      0.053    11.074 r  u_soc/Core_cpu/U_ID_EX/q_row_idx_reg[2][1]_i_13/CO[3]
                         net (fo=1, routed)           0.000    11.074    u_soc/Core_cpu/U_ID_EX/q_row_idx_reg[2][1]_i_13_n_2
    SLICE_X36Y66         CARRY4 (Prop_carry4_CI_CO[2])
                                                      0.110    11.184 f  u_soc/Core_cpu/U_ID_EX/q_row_idx_reg[2][1]_i_12/CO[2]
                         net (fo=4, routed)           0.339    11.523    u_soc/Core_cpu/U_ID_EX/mispredict0
    SLICE_X34Y61         LUT2 (Prop_lut2_I0_O)        0.129    11.652 f  u_soc/Core_cpu/U_ID_EX/cnt_q[4]_i_10/O
                         net (fo=1, routed)           0.184    11.836    u_soc/Core_cpu/U_ID_EX/cnt_q[4]_i_10_n_2
    SLICE_X35Y60         LUT6 (Prop_lut6_I2_O)        0.043    11.879 r  u_soc/Core_cpu/U_ID_EX/cnt_q[4]_i_8/O
                         net (fo=5, routed)           0.328    12.207    u_soc/Core_cpu/u_ifu_subsys/u_btb/push_num1
    SLICE_X35Y57         LUT6 (Prop_lut6_I0_O)        0.043    12.250 r  u_soc/Core_cpu/u_ifu_subsys/u_btb/cnt_q[4]_i_6/O
                         net (fo=1, routed)           0.416    12.666    u_soc/Core_cpu/u_ifu_subsys/u_ibuf/push_num[2]
    SLICE_X45Y57         LUT3 (Prop_lut3_I1_O)        0.043    12.709 r  u_soc/Core_cpu/u_ifu_subsys/u_ibuf/cnt_q[4]_i_4/O
                         net (fo=912, routed)         0.658    13.368    u_soc/Core_cpu/u_ifu_subsys/u_ibuf/ib_push_acc[2]
    SLICE_X29Y56         LUT6 (Prop_lut6_I5_O)        0.043    13.411 r  u_soc/Core_cpu/u_ifu_subsys/u_ibuf/ghr_q[13]_i_7/O
                         net (fo=22, routed)          0.650    14.061    u_soc/Core_cpu/u_ifu_subsys/u_ibuf/p_2_in
    SLICE_X29Y53         LUT4 (Prop_lut4_I2_O)        0.054    14.115 r  u_soc/Core_cpu/u_ifu_subsys/u_ibuf/q_row_idx[2][1]_i_8/O
                         net (fo=17, routed)          0.379    14.494    u_soc/Core_cpu/u_ifu_subsys/u_ibuf/ghr_cnt_return[1]
    SLICE_X26Y51         LUT6 (Prop_lut6_I4_O)        0.137    14.631 r  u_soc/Core_cpu/u_ifu_subsys/u_ibuf/q_row_idx[2][1]_i_2/O
                         net (fo=3, routed)           0.000    14.631    u_soc/Core_cpu/U_ID_EX/q_row_tag_reg[3][4]
    SLICE_X26Y51         MUXF7 (Prop_muxf7_I0_O)      0.120    14.751 r  u_soc/Core_cpu/U_ID_EX/q_row_idx_reg[3][1]_i_2/O
                         net (fo=2, routed)           0.437    15.188    u_soc/Core_cpu/U_ID_EX/q_row_idx_reg[3][1]_i_2_n_2
    SLICE_X28Y50         LUT5 (Prop_lut5_I1_O)        0.122    15.310 r  u_soc/Core_cpu/U_ID_EX/q_row_tag[3][4]_i_1/O
                         net (fo=1, routed)           0.000    15.310    u_soc/Core_cpu/u_ifu_subsys/g_tage.u_tage/q_row_tag_reg[3][5]_0[4]
    SLICE_X28Y50         FDRE                                         r  u_soc/Core_cpu/u_ifu_subsys/g_tage.u_tage/q_row_tag_reg[3][4]/D
  -------------------------------------------------------------------    -------------------

                         (clock clk rise edge)       11.000    11.000 r  
    AE23                                              0.000    11.000 r  clk (IN)
                         net (fo=0)                   0.000    11.000    clk
    AE23                 IBUF (Prop_ibuf_I_O)         0.660    11.660 r  clk_IBUF_inst/O
                         net (fo=1, routed)           2.516    14.176    clk_IBUF
    BUFGCTRL_X0Y0        BUFG (Prop_bufg_I_O)         0.083    14.259 r  u_bufg/O
                         net (fo=5673, routed)        1.500    15.759    u_soc/Core_cpu/u_ifu_subsys/g_tage.u_tage/clk_buf
    SLICE_X28Y50         FDRE                                         r  u_soc/Core_cpu/u_ifu_subsys/g_tage.u_tage/q_row_tag_reg[3][4]/C
                         clock pessimism              0.310    16.068    
                         clock uncertainty           -0.035    16.033    
    SLICE_X28Y50         FDRE (Setup_fdre_C_D)        0.034    16.067    u_soc/Core_cpu/u_ifu_subsys/g_tage.u_tage/q_row_tag_reg[3][4]
  -------------------------------------------------------------------
                         required time                         16.067    
                         arrival time                         -15.310    
  -------------------------------------------------------------------
                         slack                                  0.757    

Slack (MET) :             0.757ns  (required time - arrival time)
  Source:                 u_soc/Core_cpu/timer_irq_d1_reg/C
                            (rising edge-triggered cell FDCE clocked by clk  {rise@0.000ns fall@5.500ns period=11.000ns})
  Destination:            u_soc/Core_cpu/u_ifu_subsys/g_tage.u_tage/q_row_tag_reg[1][3]/D
                            (rising edge-triggered cell FDRE clocked by clk  {rise@0.000ns fall@5.500ns period=11.000ns})
  Path Group:             clk
  Path Type:              Setup (Max at Slow Process Corner)
  Requirement:            11.000ns  (clk rise@11.000ns - clk rise@0.000ns)
  Data Path Delay:        10.148ns  (logic 2.446ns (24.102%)  route 7.702ns (75.898%))
  Logic Levels:           27  (CARRY4=11 LUT2=3 LUT3=2 LUT4=3 LUT6=8)
  Clock Path Skew:        0.043ns (DCD - SCD + CPR)
    Destination Clock Delay (DCD):    4.928ns = ( 15.928 - 11.000 ) 
    Source Clock Delay      (SCD):    5.121ns
    Clock Pessimism Removal (CPR):    0.237ns
  Clock Uncertainty:      0.035ns  ((TSJ^2 + TIJ^2)^1/2 + DJ) / 2 + PE
    Total System Jitter     (TSJ):    0.071ns
    Total Input Jitter      (TIJ):    0.000ns
    Discrete Jitter          (DJ):    0.000ns
    Phase Error              (PE):    0.000ns

    Location             Delay type                Incr(ns)  Path(ns)    Netlist Resource(s)
  -------------------------------------------------------------------    -------------------
                         (clock clk rise edge)        0.000     0.000 r  
    AE23                                              0.000     0.000 r  clk (IN)
                         net (fo=0)                   0.000     0.000    clk
    AE23                 IBUF (Prop_ibuf_I_O)         0.734     0.734 r  clk_IBUF_inst/O
                         net (fo=1, routed)           2.651     3.385    clk_IBUF
    BUFGCTRL_X0Y0        BUFG (Prop_bufg_I_O)         0.093     3.478 r  u_bufg/O
                         net (fo=5673, routed)        1.643     5.121    u_soc/Core_cpu/clk_buf
    SLICE_X21Y98         FDCE                                         r  u_soc/Core_cpu/timer_irq_d1_reg/C
  -------------------------------------------------------------------    -------------------
    SLICE_X21Y98         FDCE (Prop_fdce_C_Q)         0.223     5.344 f  u_soc/Core_cpu/timer_irq_d1_reg/Q
                         net (fo=2, routed)           1.328     6.672    u_soc/Core_cpu/U_ID_EX/timer_irq_d1
    SLICE_X23Y70         LUT6 (Prop_lut6_I0_O)        0.043     6.715 r  u_soc/Core_cpu/U_ID_EX/mscratch[0]_i_3/O
                         net (fo=1, routed)           0.467     7.182    u_soc/Core_cpu/U_ID_EX/mscratch[0]_i_3_n_2
    SLICE_X25Y68         LUT6 (Prop_lut6_I0_O)        0.043     7.225 f  u_soc/Core_cpu/U_ID_EX/mscratch[0]_i_2/O
                         net (fo=3, routed)           0.319     7.544    u_soc/Core_cpu/U_ID_EX/csr_rdata[0]
    SLICE_X27Y68         LUT4 (Prop_lut4_I0_O)        0.052     7.596 f  u_soc/Core_cpu/U_ID_EX/alu_c_reg[3]_i_20/O
                         net (fo=16, routed)          0.378     7.974    u_soc/Core_cpu/U_ID_EX/ex_A_final[0]
    SLICE_X29Y66         LUT4 (Prop_lut4_I1_O)        0.132     8.106 r  u_soc/Core_cpu/U_ID_EX/alu_c_reg[0]_i_39/O
                         net (fo=2, routed)           0.278     8.384    u_soc/Core_cpu/U_ID_EX/alu_c_reg[0]_i_39_n_2
    SLICE_X31Y67         CARRY4 (Prop_carry4_DI[0]_CO[3])
                                                      0.269     8.653 r  u_soc/Core_cpu/U_ID_EX/alu_c_reg[0]_i_27/CO[3]
                         net (fo=1, routed)           0.000     8.653    u_soc/Core_cpu/U_ID_EX/alu_c_reg[0]_i_27_n_2
    SLICE_X31Y68         CARRY4 (Prop_carry4_CI_CO[3])
                                                      0.053     8.706 r  u_soc/Core_cpu/U_ID_EX/alu_c_reg[0]_i_17/CO[3]
                         net (fo=1, routed)           0.000     8.706    u_soc/Core_cpu/U_ID_EX/alu_c_reg[0]_i_17_n_2
    SLICE_X31Y69         CARRY4 (Prop_carry4_CI_CO[3])
                                                      0.053     8.759 r  u_soc/Core_cpu/U_ID_EX/alu_c_reg[0]_i_6/CO[3]
                         net (fo=1, routed)           0.000     8.759    u_soc/Core_cpu/U_ID_EX/alu_c_reg[0]_i_6_n_2
    SLICE_X31Y70         CARRY4 (Prop_carry4_CI_CO[3])
                                                      0.053     8.812 r  u_soc/Core_cpu/U_ID_EX/alu_c_reg[0]_i_3/CO[3]
                         net (fo=2, routed)           0.424     9.236    u_soc/Core_cpu/U_ID_EX/U_ALU/data9
    SLICE_X32Y70         LUT4 (Prop_lut4_I3_O)        0.043     9.279 f  u_soc/Core_cpu/U_ID_EX/u1_taken_i_3/O
                         net (fo=2, routed)           0.338     9.616    u_soc/Core_cpu/U_ID_EX/u1_taken_i_3_n_2
    SLICE_X32Y70         LUT6 (Prop_lut6_I4_O)        0.043     9.659 r  u_soc/Core_cpu/U_ID_EX/dat_q_reg_0_63_2_2_i_6/O
                         net (fo=34, routed)          0.438    10.097    u_soc/Core_cpu/U_ID_EX/dat_q_reg_0_63_2_2_i_6_n_2
    SLICE_X35Y66         LUT3 (Prop_lut3_I2_O)        0.043    10.140 f  u_soc/Core_cpu/U_ID_EX/q_row_idx[2][1]_i_10/O
                         net (fo=5, routed)           0.247    10.387    u_soc/Core_cpu/U_ID_EX/q_row_idx[2][1]_i_10_n_2
    SLICE_X35Y65         LUT6 (Prop_lut6_I0_O)        0.043    10.430 r  u_soc/Core_cpu/U_ID_EX/q_pc_q[1]_i_3/O
                         net (fo=2, routed)           0.289    10.719    u_soc/Core_cpu/U_ID_EX/actual_npc[0]
    SLICE_X36Y64         LUT6 (Prop_lut6_I5_O)        0.043    10.762 r  u_soc/Core_cpu/U_ID_EX/q_row_idx[2][1]_i_25/O
                         net (fo=1, routed)           0.000    10.762    u_soc/Core_cpu/U_ID_EX/q_row_idx[2][1]_i_25_n_2
    SLICE_X36Y64         CARRY4 (Prop_carry4_S[0]_CO[3])
                                                      0.259    11.021 r  u_soc/Core_cpu/U_ID_EX/q_row_idx_reg[2][1]_i_17/CO[3]
                         net (fo=1, routed)           0.000    11.021    u_soc/Core_cpu/U_ID_EX/q_row_idx_reg[2][1]_i_17_n_2
    SLICE_X36Y65         CARRY4 (Prop_carry4_CI_CO[3])
                                                      0.053    11.074 r  u_soc/Core_cpu/U_ID_EX/q_row_idx_reg[2][1]_i_13/CO[3]
                         net (fo=1, routed)           0.000    11.074    u_soc/Core_cpu/U_ID_EX/q_row_idx_reg[2][1]_i_13_n_2
    SLICE_X36Y66         CARRY4 (Prop_carry4_CI_CO[2])
                                                      0.110    11.184 f  u_soc/Core_cpu/U_ID_EX/q_row_idx_reg[2][1]_i_12/CO[2]
                         net (fo=4, routed)           0.339    11.523    u_soc/Core_cpu/U_ID_EX/mispredict0
    SLICE_X34Y61         LUT2 (Prop_lut2_I0_O)        0.129    11.652 f  u_soc/Core_cpu/U_ID_EX/cnt_q[4]_i_10/O
                         net (fo=1, routed)           0.184    11.836    u_soc/Core_cpu/U_ID_EX/cnt_q[4]_i_10_n_2
    SLICE_X35Y60         LUT6 (Prop_lut6_I2_O)        0.043    11.879 r  u_soc/Core_cpu/U_ID_EX/cnt_q[4]_i_8/O
                         net (fo=5, routed)           0.328    12.207    u_soc/Core_cpu/u_ifu_subsys/u_btb/push_num1
    SLICE_X35Y57         LUT6 (Prop_lut6_I0_O)        0.043    12.250 r  u_soc/Core_cpu/u_ifu_subsys/u_btb/cnt_q[4]_i_6/O
                         net (fo=1, routed)           0.416    12.666    u_soc/Core_cpu/u_ifu_subsys/u_ibuf/push_num[2]
    SLICE_X45Y57         LUT3 (Prop_lut3_I1_O)        0.043    12.709 r  u_soc/Core_cpu/u_ifu_subsys/u_ibuf/cnt_q[4]_i_4/O
                         net (fo=912, routed)         0.794    13.503    u_soc/Core_cpu/u_ifu_subsys/u_icache/u_tag_way0/u_prim/ib_push_acc[2]
    SLICE_X27Y50         LUT2 (Prop_lut2_I1_O)        0.043    13.546 r  u_soc/Core_cpu/u_ifu_subsys/u_icache/u_tag_way0/u_prim/q_t0_idx[0]_i_5/O
                         net (fo=1, routed)           0.000    13.546    u_soc/Core_cpu/u_ifu_subsys/u_icache/u_tag_way0/u_prim/q_t0_idx[0]_i_5_n_2
    SLICE_X27Y50         CARRY4 (Prop_carry4_S[3]_CO[3])
                                                      0.193    13.739 r  u_soc/Core_cpu/u_ifu_subsys/u_icache/u_tag_way0/u_prim/q_t0_idx_reg[0]_i_2/CO[3]
                         net (fo=1, routed)           0.000    13.739    u_soc/Core_cpu/u_ifu_subsys/u_icache/u_tag_way0_n_133
    SLICE_X27Y51         CARRY4 (Prop_carry4_CI_CO[3])
                                                      0.053    13.792 r  u_soc/Core_cpu/u_ifu_subsys/u_icache/q_t0_idx_reg[1]_i_2/CO[3]
                         net (fo=1, routed)           0.000    13.792    u_soc/Core_cpu/u_ifu_subsys/u_btb/q_tag_q_reg[2]_1[0]
    SLICE_X27Y52         CARRY4 (Prop_carry4_CI_CO[3])
                                                      0.053    13.845 r  u_soc/Core_cpu/u_ifu_subsys/u_btb/q_row_q_reg_rep[5]_i_4/CO[3]
                         net (fo=1, routed)           0.000    13.845    u_soc/Core_cpu/u_ifu_subsys/u_btb/q_row_q_reg_rep[5]_i_4_n_2
    SLICE_X27Y53         CARRY4 (Prop_carry4_CI_O[0])
                                                      0.111    13.956 r  u_soc/Core_cpu/u_ifu_subsys/u_btb/q_pc_q_reg[16]_i_3/O[0]
                         net (fo=2, routed)           0.431    14.387    u_soc/Core_cpu/u_ifu_subsys/u_btb/next_pc2[13]
    SLICE_X30Y51         LUT6 (Prop_lut6_I4_O)        0.124    14.511 r  u_soc/Core_cpu/u_ifu_subsys/u_btb/q_row_tag[1][3]_i_2/O
                         net (fo=3, routed)           0.516    15.027    u_soc/Core_cpu/u_ifu_subsys/u_ibuf/q_row_tag_reg[3][5][4]
    SLICE_X33Y47         LUT2 (Prop_lut2_I1_O)        0.053    15.080 r  u_soc/Core_cpu/u_ifu_subsys/u_ibuf/q_row_tag[1][3]_i_1/O
                         net (fo=1, routed)           0.190    15.270    u_soc/Core_cpu/u_ifu_subsys/g_tage.u_tage/q_row_tag_reg[1][5]_0[2]
    SLICE_X35Y47         FDRE                                         r  u_soc/Core_cpu/u_ifu_subsys/g_tage.u_tage/q_row_tag_reg[1][3]/D
  -------------------------------------------------------------------    -------------------

                         (clock clk rise edge)       11.000    11.000 r  
    AE23                                              0.000    11.000 r  clk (IN)
                         net (fo=0)                   0.000    11.000    clk
    AE23                 IBUF (Prop_ibuf_I_O)         0.660    11.660 r  clk_IBUF_inst/O
                         net (fo=1, routed)           2.516    14.176    clk_IBUF
    BUFGCTRL_X0Y0        BUFG (Prop_bufg_I_O)         0.083    14.259 r  u_bufg/O
                         net (fo=5673, routed)        1.669    15.928    u_soc/Core_cpu/u_ifu_subsys/g_tage.u_tage/clk_buf
    SLICE_X35Y47         FDRE                                         r  u_soc/Core_cpu/u_ifu_subsys/g_tage.u_tage/q_row_tag_reg[1][3]/C
                         clock pessimism              0.237    16.164    
                         clock uncertainty           -0.035    16.129    
    SLICE_X35Y47         FDRE (Setup_fdre_C_D)       -0.102    16.027    u_soc/Core_cpu/u_ifu_subsys/g_tage.u_tage/q_row_tag_reg[1][3]
  -------------------------------------------------------------------
                         required time                         16.027    
                         arrival time                         -15.270    
  -------------------------------------------------------------------
                         slack                                  0.757    

Slack (MET) :             0.773ns  (required time - arrival time)
  Source:                 u_soc/Core_cpu/timer_irq_d1_reg/C
                            (rising edge-triggered cell FDCE clocked by clk  {rise@0.000ns fall@5.500ns period=11.000ns})
  Destination:            u_soc/Core_cpu/u_ifu_subsys/u_icache/u_dat_way0/u_prim/mem_q_reg_0/ADDRARDADDR[7]
                            (rising edge-triggered cell RAMB36E1 clocked by clk  {rise@0.000ns fall@5.500ns period=11.000ns})
  Path Group:             clk
  Path Type:              Setup (Max at Slow Process Corner)
  Requirement:            11.000ns  (clk rise@11.000ns - clk rise@0.000ns)
  Data Path Delay:        9.853ns  (logic 2.287ns (23.211%)  route 7.566ns (76.789%))
  Logic Levels:           24  (CARRY4=9 LUT2=2 LUT3=2 LUT4=3 LUT6=8)
  Clock Path Skew:        0.078ns (DCD - SCD + CPR)
    Destination Clock Delay (DCD):    4.962ns = ( 15.962 - 11.000 ) 
    Source Clock Delay      (SCD):    5.121ns
    Clock Pessimism Removal (CPR):    0.237ns
  Clock Uncertainty:      0.035ns  ((TSJ^2 + TIJ^2)^1/2 + DJ) / 2 + PE
    Total System Jitter     (TSJ):    0.071ns
    Total Input Jitter      (TIJ):    0.000ns
    Discrete Jitter          (DJ):    0.000ns
    Phase Error              (PE):    0.000ns

    Location             Delay type                Incr(ns)  Path(ns)    Netlist Resource(s)
  -------------------------------------------------------------------    -------------------
                         (clock clk rise edge)        0.000     0.000 r  
    AE23                                              0.000     0.000 r  clk (IN)
                         net (fo=0)                   0.000     0.000    clk
    AE23                 IBUF (Prop_ibuf_I_O)         0.734     0.734 r  clk_IBUF_inst/O
                         net (fo=1, routed)           2.651     3.385    clk_IBUF
    BUFGCTRL_X0Y0        BUFG (Prop_bufg_I_O)         0.093     3.478 r  u_bufg/O
                         net (fo=5673, routed)        1.643     5.121    u_soc/Core_cpu/clk_buf
    SLICE_X21Y98         FDCE                                         r  u_soc/Core_cpu/timer_irq_d1_reg/C
  -------------------------------------------------------------------    -------------------
    SLICE_X21Y98         FDCE (Prop_fdce_C_Q)         0.223     5.344 f  u_soc/Core_cpu/timer_irq_d1_reg/Q
                         net (fo=2, routed)           1.328     6.672    u_soc/Core_cpu/U_ID_EX/timer_irq_d1
    SLICE_X23Y70         LUT6 (Prop_lut6_I0_O)        0.043     6.715 r  u_soc/Core_cpu/U_ID_EX/mscratch[0]_i_3/O
                         net (fo=1, routed)           0.467     7.182    u_soc/Core_cpu/U_ID_EX/mscratch[0]_i_3_n_2
    SLICE_X25Y68         LUT6 (Prop_lut6_I0_O)        0.043     7.225 f  u_soc/Core_cpu/U_ID_EX/mscratch[0]_i_2/O
                         net (fo=3, routed)           0.319     7.544    u_soc/Core_cpu/U_ID_EX/csr_rdata[0]
    SLICE_X27Y68         LUT4 (Prop_lut4_I0_O)        0.052     7.596 f  u_soc/Core_cpu/U_ID_EX/alu_c_reg[3]_i_20/O
                         net (fo=16, routed)          0.378     7.974    u_soc/Core_cpu/U_ID_EX/ex_A_final[0]
    SLICE_X29Y66         LUT4 (Prop_lut4_I1_O)        0.132     8.106 r  u_soc/Core_cpu/U_ID_EX/alu_c_reg[0]_i_39/O
                         net (fo=2, routed)           0.278     8.384    u_soc/Core_cpu/U_ID_EX/alu_c_reg[0]_i_39_n_2
    SLICE_X31Y67         CARRY4 (Prop_carry4_DI[0]_CO[3])
                                                      0.269     8.653 r  u_soc/Core_cpu/U_ID_EX/alu_c_reg[0]_i_27/CO[3]
                         net (fo=1, routed)           0.000     8.653    u_soc/Core_cpu/U_ID_EX/alu_c_reg[0]_i_27_n_2
    SLICE_X31Y68         CARRY4 (Prop_carry4_CI_CO[3])
                                                      0.053     8.706 r  u_soc/Core_cpu/U_ID_EX/alu_c_reg[0]_i_17/CO[3]
                         net (fo=1, routed)           0.000     8.706    u_soc/Core_cpu/U_ID_EX/alu_c_reg[0]_i_17_n_2
    SLICE_X31Y69         CARRY4 (Prop_carry4_CI_CO[3])
                                                      0.053     8.759 r  u_soc/Core_cpu/U_ID_EX/alu_c_reg[0]_i_6/CO[3]
                         net (fo=1, routed)           0.000     8.759    u_soc/Core_cpu/U_ID_EX/alu_c_reg[0]_i_6_n_2
    SLICE_X31Y70         CARRY4 (Prop_carry4_CI_CO[3])
                                                      0.053     8.812 r  u_soc/Core_cpu/U_ID_EX/alu_c_reg[0]_i_3/CO[3]
                         net (fo=2, routed)           0.424     9.236    u_soc/Core_cpu/U_ID_EX/U_ALU/data9
    SLICE_X32Y70         LUT4 (Prop_lut4_I3_O)        0.043     9.279 f  u_soc/Core_cpu/U_ID_EX/u1_taken_i_3/O
                         net (fo=2, routed)           0.338     9.616    u_soc/Core_cpu/U_ID_EX/u1_taken_i_3_n_2
    SLICE_X32Y70         LUT6 (Prop_lut6_I4_O)        0.043     9.659 r  u_soc/Core_cpu/U_ID_EX/dat_q_reg_0_63_2_2_i_6/O
                         net (fo=34, routed)          0.438    10.097    u_soc/Core_cpu/U_ID_EX/dat_q_reg_0_63_2_2_i_6_n_2
    SLICE_X35Y66         LUT3 (Prop_lut3_I2_O)        0.043    10.140 f  u_soc/Core_cpu/U_ID_EX/q_row_idx[2][1]_i_10/O
                         net (fo=5, routed)           0.247    10.387    u_soc/Core_cpu/U_ID_EX/q_row_idx[2][1]_i_10_n_2
    SLICE_X35Y65         LUT6 (Prop_lut6_I0_O)        0.043    10.430 r  u_soc/Core_cpu/U_ID_EX/q_pc_q[1]_i_3/O
                         net (fo=2, routed)           0.289    10.719    u_soc/Core_cpu/U_ID_EX/actual_npc[0]
    SLICE_X36Y64         LUT6 (Prop_lut6_I5_O)        0.043    10.762 r  u_soc/Core_cpu/U_ID_EX/q_row_idx[2][1]_i_25/O
                         net (fo=1, routed)           0.000    10.762    u_soc/Core_cpu/U_ID_EX/q_row_idx[2][1]_i_25_n_2
    SLICE_X36Y64         CARRY4 (Prop_carry4_S[0]_CO[3])
                                                      0.259    11.021 r  u_soc/Core_cpu/U_ID_EX/q_row_idx_reg[2][1]_i_17/CO[3]
                         net (fo=1, routed)           0.000    11.021    u_soc/Core_cpu/U_ID_EX/q_row_idx_reg[2][1]_i_17_n_2
    SLICE_X36Y65         CARRY4 (Prop_carry4_CI_CO[3])
                                                      0.053    11.074 r  u_soc/Core_cpu/U_ID_EX/q_row_idx_reg[2][1]_i_13/CO[3]
                         net (fo=1, routed)           0.000    11.074    u_soc/Core_cpu/U_ID_EX/q_row_idx_reg[2][1]_i_13_n_2
    SLICE_X36Y66         CARRY4 (Prop_carry4_CI_CO[2])
                                                      0.110    11.184 f  u_soc/Core_cpu/U_ID_EX/q_row_idx_reg[2][1]_i_12/CO[2]
                         net (fo=4, routed)           0.339    11.523    u_soc/Core_cpu/U_ID_EX/mispredict0
    SLICE_X34Y61         LUT2 (Prop_lut2_I0_O)        0.129    11.652 f  u_soc/Core_cpu/U_ID_EX/cnt_q[4]_i_10/O
                         net (fo=1, routed)           0.184    11.836    u_soc/Core_cpu/U_ID_EX/cnt_q[4]_i_10_n_2
    SLICE_X35Y60         LUT6 (Prop_lut6_I2_O)        0.043    11.879 r  u_soc/Core_cpu/U_ID_EX/cnt_q[4]_i_8/O
                         net (fo=5, routed)           0.328    12.207    u_soc/Core_cpu/u_ifu_subsys/u_btb/push_num1
    SLICE_X35Y57         LUT6 (Prop_lut6_I0_O)        0.043    12.250 r  u_soc/Core_cpu/u_ifu_subsys/u_btb/cnt_q[4]_i_6/O
                         net (fo=1, routed)           0.416    12.666    u_soc/Core_cpu/u_ifu_subsys/u_ibuf/push_num[2]
    SLICE_X45Y57         LUT3 (Prop_lut3_I1_O)        0.043    12.709 r  u_soc/Core_cpu/u_ifu_subsys/u_ibuf/cnt_q[4]_i_4/O
                         net (fo=912, routed)         0.794    13.503    u_soc/Core_cpu/u_ifu_subsys/u_icache/u_tag_way0/u_prim/ib_push_acc[2]
    SLICE_X27Y50         LUT2 (Prop_lut2_I1_O)        0.043    13.546 r  u_soc/Core_cpu/u_ifu_subsys/u_icache/u_tag_way0/u_prim/q_t0_idx[0]_i_5/O
                         net (fo=1, routed)           0.000    13.546    u_soc/Core_cpu/u_ifu_subsys/u_icache/u_tag_way0/u_prim/q_t0_idx[0]_i_5_n_2
    SLICE_X27Y50         CARRY4 (Prop_carry4_S[3]_CO[3])
                                                      0.193    13.739 r  u_soc/Core_cpu/u_ifu_subsys/u_icache/u_tag_way0/u_prim/q_t0_idx_reg[0]_i_2/CO[3]
                         net (fo=1, routed)           0.000    13.739    u_soc/Core_cpu/u_ifu_subsys/u_icache/u_tag_way0_n_133
    SLICE_X27Y51         CARRY4 (Prop_carry4_CI_O[0])
                                                      0.111    13.850 r  u_soc/Core_cpu/u_ifu_subsys/u_icache/q_t0_idx_reg[1]_i_2/O[0]
                         net (fo=2, routed)           0.282    14.132    u_soc/Core_cpu/u_ifu_subsys/u_btb/mem_q_reg_1[3]
    SLICE_X24Y53         LUT6 (Prop_lut6_I0_O)        0.124    14.256 r  u_soc/Core_cpu/u_ifu_subsys/u_btb/q_t0_idx[1]_i_1/O
                         net (fo=59, routed)          0.718    14.974    u_soc/Core_cpu/u_ifu_subsys/u_icache/u_dat_way0/u_prim/rd_addr[1]
    RAMB36_X1Y8          RAMB36E1                                     r  u_soc/Core_cpu/u_ifu_subsys/u_icache/u_dat_way0/u_prim/mem_q_reg_0/ADDRARDADDR[7]
  -------------------------------------------------------------------    -------------------

                         (clock clk rise edge)       11.000    11.000 r  
    AE23                                              0.000    11.000 r  clk (IN)
                         net (fo=0)                   0.000    11.000    clk
    AE23                 IBUF (Prop_ibuf_I_O)         0.660    11.660 r  clk_IBUF_inst/O
                         net (fo=1, routed)           2.516    14.176    clk_IBUF
    BUFGCTRL_X0Y0        BUFG (Prop_bufg_I_O)         0.083    14.259 r  u_bufg/O
                         net (fo=5673, routed)        1.704    15.962    u_soc/Core_cpu/u_ifu_subsys/u_icache/u_dat_way0/u_prim/clk_buf
    RAMB36_X1Y8          RAMB36E1                                     r  u_soc/Core_cpu/u_ifu_subsys/u_icache/u_dat_way0/u_prim/mem_q_reg_0/CLKARDCLK
                         clock pessimism              0.237    16.199    
                         clock uncertainty           -0.035    16.164    
    RAMB36_X1Y8          RAMB36E1 (Setup_ramb36e1_CLKARDCLK_ADDRARDADDR[7])
                                                     -0.416    15.748    u_soc/Core_cpu/u_ifu_subsys/u_icache/u_dat_way0/u_prim/mem_q_reg_0
  -------------------------------------------------------------------
                         required time                         15.748    
                         arrival time                         -14.974    
  -------------------------------------------------------------------
                         slack                                  0.773    

Slack (MET) :             0.777ns  (required time - arrival time)
  Source:                 u_soc/Core_cpu/timer_irq_d1_reg/C
                            (rising edge-triggered cell FDCE clocked by clk  {rise@0.000ns fall@5.500ns period=11.000ns})
  Destination:            u_soc/Core_cpu/u_ifu_subsys/u_ibuf/ent_q_reg[7][50]/D
                            (rising edge-triggered cell FDRE clocked by clk  {rise@0.000ns fall@5.500ns period=11.000ns})
  Path Group:             clk
  Path Type:              Setup (Max at Slow Process Corner)
  Requirement:            11.000ns  (clk rise@11.000ns - clk rise@0.000ns)
  Data Path Delay:        10.082ns  (logic 1.988ns (19.718%)  route 8.094ns (80.282%))
  Logic Levels:           24  (CARRY4=7 LUT2=1 LUT3=2 LUT4=5 LUT5=1 LUT6=8)
  Clock Path Skew:        -0.138ns (DCD - SCD + CPR)
    Destination Clock Delay (DCD):    4.674ns = ( 15.674 - 11.000 ) 
    Source Clock Delay      (SCD):    5.121ns
    Clock Pessimism Removal (CPR):    0.310ns
  Clock Uncertainty:      0.035ns  ((TSJ^2 + TIJ^2)^1/2 + DJ) / 2 + PE
    Total System Jitter     (TSJ):    0.071ns
    Total Input Jitter      (TIJ):    0.000ns
    Discrete Jitter          (DJ):    0.000ns
    Phase Error              (PE):    0.000ns

    Location             Delay type                Incr(ns)  Path(ns)    Netlist Resource(s)
  -------------------------------------------------------------------    -------------------
                         (clock clk rise edge)        0.000     0.000 r  
    AE23                                              0.000     0.000 r  clk (IN)
                         net (fo=0)                   0.000     0.000    clk
    AE23                 IBUF (Prop_ibuf_I_O)         0.734     0.734 r  clk_IBUF_inst/O
                         net (fo=1, routed)           2.651     3.385    clk_IBUF
    BUFGCTRL_X0Y0        BUFG (Prop_bufg_I_O)         0.093     3.478 r  u_bufg/O
                         net (fo=5673, routed)        1.643     5.121    u_soc/Core_cpu/clk_buf
    SLICE_X21Y98         FDCE                                         r  u_soc/Core_cpu/timer_irq_d1_reg/C
  -------------------------------------------------------------------    -------------------
    SLICE_X21Y98         FDCE (Prop_fdce_C_Q)         0.223     5.344 f  u_soc/Core_cpu/timer_irq_d1_reg/Q
                         net (fo=2, routed)           1.328     6.672    u_soc/Core_cpu/U_ID_EX/timer_irq_d1
    SLICE_X23Y70         LUT6 (Prop_lut6_I0_O)        0.043     6.715 r  u_soc/Core_cpu/U_ID_EX/mscratch[0]_i_3/O
                         net (fo=1, routed)           0.467     7.182    u_soc/Core_cpu/U_ID_EX/mscratch[0]_i_3_n_2
    SLICE_X25Y68         LUT6 (Prop_lut6_I0_O)        0.043     7.225 f  u_soc/Core_cpu/U_ID_EX/mscratch[0]_i_2/O
                         net (fo=3, routed)           0.319     7.544    u_soc/Core_cpu/U_ID_EX/csr_rdata[0]
    SLICE_X27Y68         LUT4 (Prop_lut4_I0_O)        0.052     7.596 f  u_soc/Core_cpu/U_ID_EX/alu_c_reg[3]_i_20/O
                         net (fo=16, routed)          0.378     7.974    u_soc/Core_cpu/U_ID_EX/ex_A_final[0]
    SLICE_X29Y66         LUT4 (Prop_lut4_I1_O)        0.132     8.106 r  u_soc/Core_cpu/U_ID_EX/alu_c_reg[0]_i_39/O
                         net (fo=2, routed)           0.278     8.384    u_soc/Core_cpu/U_ID_EX/alu_c_reg[0]_i_39_n_2
    SLICE_X31Y67         CARRY4 (Prop_carry4_DI[0]_CO[3])
                                                      0.269     8.653 r  u_soc/Core_cpu/U_ID_EX/alu_c_reg[0]_i_27/CO[3]
                         net (fo=1, routed)           0.000     8.653    u_soc/Core_cpu/U_ID_EX/alu_c_reg[0]_i_27_n_2
    SLICE_X31Y68         CARRY4 (Prop_carry4_CI_CO[3])
                                                      0.053     8.706 r  u_soc/Core_cpu/U_ID_EX/alu_c_reg[0]_i_17/CO[3]
                         net (fo=1, routed)           0.000     8.706    u_soc/Core_cpu/U_ID_EX/alu_c_reg[0]_i_17_n_2
    SLICE_X31Y69         CARRY4 (Prop_carry4_CI_CO[3])
                                                      0.053     8.759 r  u_soc/Core_cpu/U_ID_EX/alu_c_reg[0]_i_6/CO[3]
                         net (fo=1, routed)           0.000     8.759    u_soc/Core_cpu/U_ID_EX/alu_c_reg[0]_i_6_n_2
    SLICE_X31Y70         CARRY4 (Prop_carry4_CI_CO[3])
                                                      0.053     8.812 r  u_soc/Core_cpu/U_ID_EX/alu_c_reg[0]_i_3/CO[3]
                         net (fo=2, routed)           0.424     9.236    u_soc/Core_cpu/U_ID_EX/U_ALU/data9
    SLICE_X32Y70         LUT4 (Prop_lut4_I3_O)        0.043     9.279 f  u_soc/Core_cpu/U_ID_EX/u1_taken_i_3/O
                         net (fo=2, routed)           0.338     9.616    u_soc/Core_cpu/U_ID_EX/u1_taken_i_3_n_2
    SLICE_X32Y70         LUT6 (Prop_lut6_I4_O)        0.043     9.659 r  u_soc/Core_cpu/U_ID_EX/dat_q_reg_0_63_2_2_i_6/O
                         net (fo=34, routed)          0.438    10.097    u_soc/Core_cpu/U_ID_EX/dat_q_reg_0_63_2_2_i_6_n_2
    SLICE_X35Y66         LUT3 (Prop_lut3_I2_O)        0.043    10.140 f  u_soc/Core_cpu/U_ID_EX/q_row_idx[2][1]_i_10/O
                         net (fo=5, routed)           0.247    10.387    u_soc/Core_cpu/U_ID_EX/q_row_idx[2][1]_i_10_n_2
    SLICE_X35Y65         LUT6 (Prop_lut6_I0_O)        0.043    10.430 r  u_soc/Core_cpu/U_ID_EX/q_pc_q[1]_i_3/O
                         net (fo=2, routed)           0.289    10.719    u_soc/Core_cpu/U_ID_EX/actual_npc[0]
    SLICE_X36Y64         LUT6 (Prop_lut6_I5_O)        0.043    10.762 r  u_soc/Core_cpu/U_ID_EX/q_row_idx[2][1]_i_25/O
                         net (fo=1, routed)           0.000    10.762    u_soc/Core_cpu/U_ID_EX/q_row_idx[2][1]_i_25_n_2
    SLICE_X36Y64         CARRY4 (Prop_carry4_S[0]_CO[3])
                                                      0.259    11.021 r  u_soc/Core_cpu/U_ID_EX/q_row_idx_reg[2][1]_i_17/CO[3]
                         net (fo=1, routed)           0.000    11.021    u_soc/Core_cpu/U_ID_EX/q_row_idx_reg[2][1]_i_17_n_2
    SLICE_X36Y65         CARRY4 (Prop_carry4_CI_CO[3])
                                                      0.053    11.074 r  u_soc/Core_cpu/U_ID_EX/q_row_idx_reg[2][1]_i_13/CO[3]
                         net (fo=1, routed)           0.000    11.074    u_soc/Core_cpu/U_ID_EX/q_row_idx_reg[2][1]_i_13_n_2
    SLICE_X36Y66         CARRY4 (Prop_carry4_CI_CO[2])
                                                      0.110    11.184 f  u_soc/Core_cpu/U_ID_EX/q_row_idx_reg[2][1]_i_12/CO[2]
                         net (fo=4, routed)           0.339    11.523    u_soc/Core_cpu/U_ID_EX/mispredict0
    SLICE_X34Y61         LUT2 (Prop_lut2_I0_O)        0.129    11.652 f  u_soc/Core_cpu/U_ID_EX/cnt_q[4]_i_10/O
                         net (fo=1, routed)           0.184    11.836    u_soc/Core_cpu/U_ID_EX/cnt_q[4]_i_10_n_2
    SLICE_X35Y60         LUT6 (Prop_lut6_I2_O)        0.043    11.879 r  u_soc/Core_cpu/U_ID_EX/cnt_q[4]_i_8/O
                         net (fo=5, routed)           0.291    12.170    u_soc/Core_cpu/u_ifu_subsys/u_btb/push_num1
    SLICE_X34Y58         LUT4 (Prop_lut4_I1_O)        0.043    12.213 r  u_soc/Core_cpu/u_ifu_subsys/u_btb/cnt_q[2]_i_5/O
                         net (fo=1, routed)           0.274    12.487    u_soc/Core_cpu/u_ifu_subsys/u_ibuf/cnt_q_reg[2]_0
    SLICE_X34Y57         LUT4 (Prop_lut4_I3_O)        0.043    12.530 r  u_soc/Core_cpu/u_ifu_subsys/u_ibuf/cnt_q[2]_i_2/O
                         net (fo=24, routed)          0.678    13.208    u_soc/Core_cpu/u_ifu_subsys/u_ibuf/ib_push_acc[1]
    SLICE_X46Y57         LUT3 (Prop_lut3_I0_O)        0.043    13.251 r  u_soc/Core_cpu/u_ifu_subsys/u_ibuf/cnt_q[1]_i_6/O
                         net (fo=97, routed)          1.088    14.339    u_soc/Core_cpu/u_ifu_subsys/u_ibuf/cnt_q_reg[4]_0
    SLICE_X62Y74         LUT5 (Prop_lut5_I4_O)        0.043    14.382 r  u_soc/Core_cpu/u_ifu_subsys/u_ibuf/ent_q[6][50]_i_4/O
                         net (fo=9, routed)           0.438    14.820    u_soc/Core_cpu/u_ifu_subsys/u_ibuf/p_0_in__0[50]
    SLICE_X64Y75         LUT6 (Prop_lut6_I3_O)        0.043    14.863 r  u_soc/Core_cpu/u_ifu_subsys/u_ibuf/ent_q[7][50]_i_2/O
                         net (fo=1, routed)           0.297    15.161    u_soc/Core_cpu/u_ifu_subsys/u_ibuf/ent_q[7][50]_i_2_n_2
    SLICE_X64Y75         LUT6 (Prop_lut6_I5_O)        0.043    15.204 r  u_soc/Core_cpu/u_ifu_subsys/u_ibuf/ent_q[7][50]_i_1/O
                         net (fo=1, routed)           0.000    15.204    u_soc/Core_cpu/u_ifu_subsys/u_ibuf/ent_q[7][50]_i_1_n_2
    SLICE_X64Y75         FDRE                                         r  u_soc/Core_cpu/u_ifu_subsys/u_ibuf/ent_q_reg[7][50]/D
  -------------------------------------------------------------------    -------------------

                         (clock clk rise edge)       11.000    11.000 r  
    AE23                                              0.000    11.000 r  clk (IN)
                         net (fo=0)                   0.000    11.000    clk
    AE23                 IBUF (Prop_ibuf_I_O)         0.660    11.660 r  clk_IBUF_inst/O
                         net (fo=1, routed)           2.516    14.176    clk_IBUF
    BUFGCTRL_X0Y0        BUFG (Prop_bufg_I_O)         0.083    14.259 r  u_bufg/O
                         net (fo=5673, routed)        1.415    15.674    u_soc/Core_cpu/u_ifu_subsys/u_ibuf/clk_buf
    SLICE_X64Y75         FDRE                                         r  u_soc/Core_cpu/u_ifu_subsys/u_ibuf/ent_q_reg[7][50]/C
                         clock pessimism              0.310    15.983    
                         clock uncertainty           -0.035    15.948    
    SLICE_X64Y75         FDRE (Setup_fdre_C_D)        0.033    15.981    u_soc/Core_cpu/u_ifu_subsys/u_ibuf/ent_q_reg[7][50]
  -------------------------------------------------------------------
                         required time                         15.981    
                         arrival time                         -15.204    
  -------------------------------------------------------------------
                         slack                                  0.777    

Slack (MET) :             0.813ns  (required time - arrival time)
  Source:                 u_soc/Core_cpu/timer_irq_d1_reg/C
                            (rising edge-triggered cell FDCE clocked by clk  {rise@0.000ns fall@5.500ns period=11.000ns})
  Destination:            u_soc/Core_cpu/u_ifu_subsys/u_icache/u_dat_way0/u_prim/mem_q_reg_0/ADDRARDADDR[10]
                            (rising edge-triggered cell RAMB36E1 clocked by clk  {rise@0.000ns fall@5.500ns period=11.000ns})
  Path Group:             clk
  Path Type:              Setup (Max at Slow Process Corner)
  Requirement:            11.000ns  (clk rise@11.000ns - clk rise@0.000ns)
  Data Path Delay:        9.813ns  (logic 2.321ns (23.652%)  route 7.492ns (76.348%))
  Logic Levels:           24  (CARRY4=9 LUT2=2 LUT3=2 LUT4=3 LUT6=8)
  Clock Path Skew:        0.078ns (DCD - SCD + CPR)
    Destination Clock Delay (DCD):    4.962ns = ( 15.962 - 11.000 ) 
    Source Clock Delay      (SCD):    5.121ns
    Clock Pessimism Removal (CPR):    0.237ns
  Clock Uncertainty:      0.035ns  ((TSJ^2 + TIJ^2)^1/2 + DJ) / 2 + PE
    Total System Jitter     (TSJ):    0.071ns
    Total Input Jitter      (TIJ):    0.000ns
    Discrete Jitter          (DJ):    0.000ns
    Phase Error              (PE):    0.000ns

    Location             Delay type                Incr(ns)  Path(ns)    Netlist Resource(s)
  -------------------------------------------------------------------    -------------------
                         (clock clk rise edge)        0.000     0.000 r  
    AE23                                              0.000     0.000 r  clk (IN)
                         net (fo=0)                   0.000     0.000    clk
    AE23                 IBUF (Prop_ibuf_I_O)         0.734     0.734 r  clk_IBUF_inst/O
                         net (fo=1, routed)           2.651     3.385    clk_IBUF
    BUFGCTRL_X0Y0        BUFG (Prop_bufg_I_O)         0.093     3.478 r  u_bufg/O
                         net (fo=5673, routed)        1.643     5.121    u_soc/Core_cpu/clk_buf
    SLICE_X21Y98         FDCE                                         r  u_soc/Core_cpu/timer_irq_d1_reg/C
  -------------------------------------------------------------------    -------------------
    SLICE_X21Y98         FDCE (Prop_fdce_C_Q)         0.223     5.344 f  u_soc/Core_cpu/timer_irq_d1_reg/Q
                         net (fo=2, routed)           1.328     6.672    u_soc/Core_cpu/U_ID_EX/timer_irq_d1
    SLICE_X23Y70         LUT6 (Prop_lut6_I0_O)        0.043     6.715 r  u_soc/Core_cpu/U_ID_EX/mscratch[0]_i_3/O
                         net (fo=1, routed)           0.467     7.182    u_soc/Core_cpu/U_ID_EX/mscratch[0]_i_3_n_2
    SLICE_X25Y68         LUT6 (Prop_lut6_I0_O)        0.043     7.225 f  u_soc/Core_cpu/U_ID_EX/mscratch[0]_i_2/O
                         net (fo=3, routed)           0.319     7.544    u_soc/Core_cpu/U_ID_EX/csr_rdata[0]
    SLICE_X27Y68         LUT4 (Prop_lut4_I0_O)        0.052     7.596 f  u_soc/Core_cpu/U_ID_EX/alu_c_reg[3]_i_20/O
                         net (fo=16, routed)          0.378     7.974    u_soc/Core_cpu/U_ID_EX/ex_A_final[0]
    SLICE_X29Y66         LUT4 (Prop_lut4_I1_O)        0.132     8.106 r  u_soc/Core_cpu/U_ID_EX/alu_c_reg[0]_i_39/O
                         net (fo=2, routed)           0.278     8.384    u_soc/Core_cpu/U_ID_EX/alu_c_reg[0]_i_39_n_2
    SLICE_X31Y67         CARRY4 (Prop_carry4_DI[0]_CO[3])
                                                      0.269     8.653 r  u_soc/Core_cpu/U_ID_EX/alu_c_reg[0]_i_27/CO[3]
                         net (fo=1, routed)           0.000     8.653    u_soc/Core_cpu/U_ID_EX/alu_c_reg[0]_i_27_n_2
    SLICE_X31Y68         CARRY4 (Prop_carry4_CI_CO[3])
                                                      0.053     8.706 r  u_soc/Core_cpu/U_ID_EX/alu_c_reg[0]_i_17/CO[3]
                         net (fo=1, routed)           0.000     8.706    u_soc/Core_cpu/U_ID_EX/alu_c_reg[0]_i_17_n_2
    SLICE_X31Y69         CARRY4 (Prop_carry4_CI_CO[3])
                                                      0.053     8.759 r  u_soc/Core_cpu/U_ID_EX/alu_c_reg[0]_i_6/CO[3]
                         net (fo=1, routed)           0.000     8.759    u_soc/Core_cpu/U_ID_EX/alu_c_reg[0]_i_6_n_2
    SLICE_X31Y70         CARRY4 (Prop_carry4_CI_CO[3])
                                                      0.053     8.812 r  u_soc/Core_cpu/U_ID_EX/alu_c_reg[0]_i_3/CO[3]
                         net (fo=2, routed)           0.424     9.236    u_soc/Core_cpu/U_ID_EX/U_ALU/data9
    SLICE_X32Y70         LUT4 (Prop_lut4_I3_O)        0.043     9.279 f  u_soc/Core_cpu/U_ID_EX/u1_taken_i_3/O
                         net (fo=2, routed)           0.338     9.616    u_soc/Core_cpu/U_ID_EX/u1_taken_i_3_n_2
    SLICE_X32Y70         LUT6 (Prop_lut6_I4_O)        0.043     9.659 r  u_soc/Core_cpu/U_ID_EX/dat_q_reg_0_63_2_2_i_6/O
                         net (fo=34, routed)          0.438    10.097    u_soc/Core_cpu/U_ID_EX/dat_q_reg_0_63_2_2_i_6_n_2
    SLICE_X35Y66         LUT3 (Prop_lut3_I2_O)        0.043    10.140 f  u_soc/Core_cpu/U_ID_EX/q_row_idx[2][1]_i_10/O
                         net (fo=5, routed)           0.247    10.387    u_soc/Core_cpu/U_ID_EX/q_row_idx[2][1]_i_10_n_2
    SLICE_X35Y65         LUT6 (Prop_lut6_I0_O)        0.043    10.430 r  u_soc/Core_cpu/U_ID_EX/q_pc_q[1]_i_3/O
                         net (fo=2, routed)           0.289    10.719    u_soc/Core_cpu/U_ID_EX/actual_npc[0]
    SLICE_X36Y64         LUT6 (Prop_lut6_I5_O)        0.043    10.762 r  u_soc/Core_cpu/U_ID_EX/q_row_idx[2][1]_i_25/O
                         net (fo=1, routed)           0.000    10.762    u_soc/Core_cpu/U_ID_EX/q_row_idx[2][1]_i_25_n_2
    SLICE_X36Y64         CARRY4 (Prop_carry4_S[0]_CO[3])
                                                      0.259    11.021 r  u_soc/Core_cpu/U_ID_EX/q_row_idx_reg[2][1]_i_17/CO[3]
                         net (fo=1, routed)           0.000    11.021    u_soc/Core_cpu/U_ID_EX/q_row_idx_reg[2][1]_i_17_n_2
    SLICE_X36Y65         CARRY4 (Prop_carry4_CI_CO[3])
                                                      0.053    11.074 r  u_soc/Core_cpu/U_ID_EX/q_row_idx_reg[2][1]_i_13/CO[3]
                         net (fo=1, routed)           0.000    11.074    u_soc/Core_cpu/U_ID_EX/q_row_idx_reg[2][1]_i_13_n_2
    SLICE_X36Y66         CARRY4 (Prop_carry4_CI_CO[2])
                                                      0.110    11.184 f  u_soc/Core_cpu/U_ID_EX/q_row_idx_reg[2][1]_i_12/CO[2]
                         net (fo=4, routed)           0.339    11.523    u_soc/Core_cpu/U_ID_EX/mispredict0
    SLICE_X34Y61         LUT2 (Prop_lut2_I0_O)        0.129    11.652 f  u_soc/Core_cpu/U_ID_EX/cnt_q[4]_i_10/O
                         net (fo=1, routed)           0.184    11.836    u_soc/Core_cpu/U_ID_EX/cnt_q[4]_i_10_n_2
    SLICE_X35Y60         LUT6 (Prop_lut6_I2_O)        0.043    11.879 r  u_soc/Core_cpu/U_ID_EX/cnt_q[4]_i_8/O
                         net (fo=5, routed)           0.328    12.207    u_soc/Core_cpu/u_ifu_subsys/u_btb/push_num1
    SLICE_X35Y57         LUT6 (Prop_lut6_I0_O)        0.043    12.250 r  u_soc/Core_cpu/u_ifu_subsys/u_btb/cnt_q[4]_i_6/O
                         net (fo=1, routed)           0.416    12.666    u_soc/Core_cpu/u_ifu_subsys/u_ibuf/push_num[2]
    SLICE_X45Y57         LUT3 (Prop_lut3_I1_O)        0.043    12.709 r  u_soc/Core_cpu/u_ifu_subsys/u_ibuf/cnt_q[4]_i_4/O
                         net (fo=912, routed)         0.794    13.503    u_soc/Core_cpu/u_ifu_subsys/u_icache/u_tag_way0/u_prim/ib_push_acc[2]
    SLICE_X27Y50         LUT2 (Prop_lut2_I1_O)        0.043    13.546 r  u_soc/Core_cpu/u_ifu_subsys/u_icache/u_tag_way0/u_prim/q_t0_idx[0]_i_5/O
                         net (fo=1, routed)           0.000    13.546    u_soc/Core_cpu/u_ifu_subsys/u_icache/u_tag_way0/u_prim/q_t0_idx[0]_i_5_n_2
    SLICE_X27Y50         CARRY4 (Prop_carry4_S[3]_CO[3])
                                                      0.193    13.739 r  u_soc/Core_cpu/u_ifu_subsys/u_icache/u_tag_way0/u_prim/q_t0_idx_reg[0]_i_2/CO[3]
                         net (fo=1, routed)           0.000    13.739    u_soc/Core_cpu/u_ifu_subsys/u_icache/u_tag_way0_n_133
    SLICE_X27Y51         CARRY4 (Prop_carry4_CI_O[3])
                                                      0.149    13.888 r  u_soc/Core_cpu/u_ifu_subsys/u_icache/q_t0_idx_reg[1]_i_2/O[3]
                         net (fo=2, routed)           0.221    14.109    u_soc/Core_cpu/u_ifu_subsys/u_btb/mem_q_reg_1[6]
    SLICE_X26Y51         LUT6 (Prop_lut6_I0_O)        0.120    14.229 r  u_soc/Core_cpu/u_ifu_subsys/u_btb/q_row_idx[0][4]_i_1/O
                         net (fo=57, routed)          0.706    14.935    u_soc/Core_cpu/u_ifu_subsys/u_icache/u_dat_way0/u_prim/rd_addr[4]
    RAMB36_X1Y8          RAMB36E1                                     r  u_soc/Core_cpu/u_ifu_subsys/u_icache/u_dat_way0/u_prim/mem_q_reg_0/ADDRARDADDR[10]
  -------------------------------------------------------------------    -------------------

                         (clock clk rise edge)       11.000    11.000 r  
    AE23                                              0.000    11.000 r  clk (IN)
                         net (fo=0)                   0.000    11.000    clk
    AE23                 IBUF (Prop_ibuf_I_O)         0.660    11.660 r  clk_IBUF_inst/O
                         net (fo=1, routed)           2.516    14.176    clk_IBUF
    BUFGCTRL_X0Y0        BUFG (Prop_bufg_I_O)         0.083    14.259 r  u_bufg/O
                         net (fo=5673, routed)        1.704    15.962    u_soc/Core_cpu/u_ifu_subsys/u_icache/u_dat_way0/u_prim/clk_buf
    RAMB36_X1Y8          RAMB36E1                                     r  u_soc/Core_cpu/u_ifu_subsys/u_icache/u_dat_way0/u_prim/mem_q_reg_0/CLKARDCLK
                         clock pessimism              0.237    16.199    
                         clock uncertainty           -0.035    16.164    
    RAMB36_X1Y8          RAMB36E1 (Setup_ramb36e1_CLKARDCLK_ADDRARDADDR[10])
                                                     -0.416    15.748    u_soc/Core_cpu/u_ifu_subsys/u_icache/u_dat_way0/u_prim/mem_q_reg_0
  -------------------------------------------------------------------
                         required time                         15.748    
                         arrival time                         -14.935    
  -------------------------------------------------------------------
                         slack                                  0.813    

Slack (MET) :             0.813ns  (required time - arrival time)
  Source:                 u_soc/Core_cpu/timer_irq_d1_reg/C
                            (rising edge-triggered cell FDCE clocked by clk  {rise@0.000ns fall@5.500ns period=11.000ns})
  Destination:            u_soc/Core_cpu/u_ifu_subsys/u_icache/u_dat_way0/u_prim/mem_q_reg_0/ADDRARDADDR[9]
                            (rising edge-triggered cell RAMB36E1 clocked by clk  {rise@0.000ns fall@5.500ns period=11.000ns})
  Path Group:             clk
  Path Type:              Setup (Max at Slow Process Corner)
  Requirement:            11.000ns  (clk rise@11.000ns - clk rise@0.000ns)
  Data Path Delay:        9.813ns  (logic 2.285ns (23.285%)  route 7.528ns (76.715%))
  Logic Levels:           24  (CARRY4=9 LUT2=2 LUT3=2 LUT4=3 LUT6=8)
  Clock Path Skew:        0.078ns (DCD - SCD + CPR)
    Destination Clock Delay (DCD):    4.962ns = ( 15.962 - 11.000 ) 
    Source Clock Delay      (SCD):    5.121ns
    Clock Pessimism Removal (CPR):    0.237ns
  Clock Uncertainty:      0.035ns  ((TSJ^2 + TIJ^2)^1/2 + DJ) / 2 + PE
    Total System Jitter     (TSJ):    0.071ns
    Total Input Jitter      (TIJ):    0.000ns
    Discrete Jitter          (DJ):    0.000ns
    Phase Error              (PE):    0.000ns

    Location             Delay type                Incr(ns)  Path(ns)    Netlist Resource(s)
  -------------------------------------------------------------------    -------------------
                         (clock clk rise edge)        0.000     0.000 r  
    AE23                                              0.000     0.000 r  clk (IN)
                         net (fo=0)                   0.000     0.000    clk
    AE23                 IBUF (Prop_ibuf_I_O)         0.734     0.734 r  clk_IBUF_inst/O
                         net (fo=1, routed)           2.651     3.385    clk_IBUF
    BUFGCTRL_X0Y0        BUFG (Prop_bufg_I_O)         0.093     3.478 r  u_bufg/O
                         net (fo=5673, routed)        1.643     5.121    u_soc/Core_cpu/clk_buf
    SLICE_X21Y98         FDCE                                         r  u_soc/Core_cpu/timer_irq_d1_reg/C
  -------------------------------------------------------------------    -------------------
    SLICE_X21Y98         FDCE (Prop_fdce_C_Q)         0.223     5.344 f  u_soc/Core_cpu/timer_irq_d1_reg/Q
                         net (fo=2, routed)           1.328     6.672    u_soc/Core_cpu/U_ID_EX/timer_irq_d1
    SLICE_X23Y70         LUT6 (Prop_lut6_I0_O)        0.043     6.715 r  u_soc/Core_cpu/U_ID_EX/mscratch[0]_i_3/O
                         net (fo=1, routed)           0.467     7.182    u_soc/Core_cpu/U_ID_EX/mscratch[0]_i_3_n_2
    SLICE_X25Y68         LUT6 (Prop_lut6_I0_O)        0.043     7.225 f  u_soc/Core_cpu/U_ID_EX/mscratch[0]_i_2/O
                         net (fo=3, routed)           0.319     7.544    u_soc/Core_cpu/U_ID_EX/csr_rdata[0]
    SLICE_X27Y68         LUT4 (Prop_lut4_I0_O)        0.052     7.596 f  u_soc/Core_cpu/U_ID_EX/alu_c_reg[3]_i_20/O
                         net (fo=16, routed)          0.378     7.974    u_soc/Core_cpu/U_ID_EX/ex_A_final[0]
    SLICE_X29Y66         LUT4 (Prop_lut4_I1_O)        0.132     8.106 r  u_soc/Core_cpu/U_ID_EX/alu_c_reg[0]_i_39/O
                         net (fo=2, routed)           0.278     8.384    u_soc/Core_cpu/U_ID_EX/alu_c_reg[0]_i_39_n_2
    SLICE_X31Y67         CARRY4 (Prop_carry4_DI[0]_CO[3])
                                                      0.269     8.653 r  u_soc/Core_cpu/U_ID_EX/alu_c_reg[0]_i_27/CO[3]
                         net (fo=1, routed)           0.000     8.653    u_soc/Core_cpu/U_ID_EX/alu_c_reg[0]_i_27_n_2
    SLICE_X31Y68         CARRY4 (Prop_carry4_CI_CO[3])
                                                      0.053     8.706 r  u_soc/Core_cpu/U_ID_EX/alu_c_reg[0]_i_17/CO[3]
                         net (fo=1, routed)           0.000     8.706    u_soc/Core_cpu/U_ID_EX/alu_c_reg[0]_i_17_n_2
    SLICE_X31Y69         CARRY4 (Prop_carry4_CI_CO[3])
                                                      0.053     8.759 r  u_soc/Core_cpu/U_ID_EX/alu_c_reg[0]_i_6/CO[3]
                         net (fo=1, routed)           0.000     8.759    u_soc/Core_cpu/U_ID_EX/alu_c_reg[0]_i_6_n_2
    SLICE_X31Y70         CARRY4 (Prop_carry4_CI_CO[3])
                                                      0.053     8.812 r  u_soc/Core_cpu/U_ID_EX/alu_c_reg[0]_i_3/CO[3]
                         net (fo=2, routed)           0.424     9.236    u_soc/Core_cpu/U_ID_EX/U_ALU/data9
    SLICE_X32Y70         LUT4 (Prop_lut4_I3_O)        0.043     9.279 f  u_soc/Core_cpu/U_ID_EX/u1_taken_i_3/O
                         net (fo=2, routed)           0.338     9.616    u_soc/Core_cpu/U_ID_EX/u1_taken_i_3_n_2
    SLICE_X32Y70         LUT6 (Prop_lut6_I4_O)        0.043     9.659 r  u_soc/Core_cpu/U_ID_EX/dat_q_reg_0_63_2_2_i_6/O
                         net (fo=34, routed)          0.438    10.097    u_soc/Core_cpu/U_ID_EX/dat_q_reg_0_63_2_2_i_6_n_2
    SLICE_X35Y66         LUT3 (Prop_lut3_I2_O)        0.043    10.140 f  u_soc/Core_cpu/U_ID_EX/q_row_idx[2][1]_i_10/O
                         net (fo=5, routed)           0.247    10.387    u_soc/Core_cpu/U_ID_EX/q_row_idx[2][1]_i_10_n_2
    SLICE_X35Y65         LUT6 (Prop_lut6_I0_O)        0.043    10.430 r  u_soc/Core_cpu/U_ID_EX/q_pc_q[1]_i_3/O
                         net (fo=2, routed)           0.289    10.719    u_soc/Core_cpu/U_ID_EX/actual_npc[0]
    SLICE_X36Y64         LUT6 (Prop_lut6_I5_O)        0.043    10.762 r  u_soc/Core_cpu/U_ID_EX/q_row_idx[2][1]_i_25/O
                         net (fo=1, routed)           0.000    10.762    u_soc/Core_cpu/U_ID_EX/q_row_idx[2][1]_i_25_n_2
    SLICE_X36Y64         CARRY4 (Prop_carry4_S[0]_CO[3])
                                                      0.259    11.021 r  u_soc/Core_cpu/U_ID_EX/q_row_idx_reg[2][1]_i_17/CO[3]
                         net (fo=1, routed)           0.000    11.021    u_soc/Core_cpu/U_ID_EX/q_row_idx_reg[2][1]_i_17_n_2
    SLICE_X36Y65         CARRY4 (Prop_carry4_CI_CO[3])
                                                      0.053    11.074 r  u_soc/Core_cpu/U_ID_EX/q_row_idx_reg[2][1]_i_13/CO[3]
                         net (fo=1, routed)           0.000    11.074    u_soc/Core_cpu/U_ID_EX/q_row_idx_reg[2][1]_i_13_n_2
    SLICE_X36Y66         CARRY4 (Prop_carry4_CI_CO[2])
                                                      0.110    11.184 f  u_soc/Core_cpu/U_ID_EX/q_row_idx_reg[2][1]_i_12/CO[2]
                         net (fo=4, routed)           0.339    11.523    u_soc/Core_cpu/U_ID_EX/mispredict0
    SLICE_X34Y61         LUT2 (Prop_lut2_I0_O)        0.129    11.652 f  u_soc/Core_cpu/U_ID_EX/cnt_q[4]_i_10/O
                         net (fo=1, routed)           0.184    11.836    u_soc/Core_cpu/U_ID_EX/cnt_q[4]_i_10_n_2
    SLICE_X35Y60         LUT6 (Prop_lut6_I2_O)        0.043    11.879 r  u_soc/Core_cpu/U_ID_EX/cnt_q[4]_i_8/O
                         net (fo=5, routed)           0.328    12.207    u_soc/Core_cpu/u_ifu_subsys/u_btb/push_num1
    SLICE_X35Y57         LUT6 (Prop_lut6_I0_O)        0.043    12.250 r  u_soc/Core_cpu/u_ifu_subsys/u_btb/cnt_q[4]_i_6/O
                         net (fo=1, routed)           0.416    12.666    u_soc/Core_cpu/u_ifu_subsys/u_ibuf/push_num[2]
    SLICE_X45Y57         LUT3 (Prop_lut3_I1_O)        0.043    12.709 r  u_soc/Core_cpu/u_ifu_subsys/u_ibuf/cnt_q[4]_i_4/O
                         net (fo=912, routed)         0.794    13.503    u_soc/Core_cpu/u_ifu_subsys/u_icache/u_tag_way0/u_prim/ib_push_acc[2]
    SLICE_X27Y50         LUT2 (Prop_lut2_I1_O)        0.043    13.546 r  u_soc/Core_cpu/u_ifu_subsys/u_icache/u_tag_way0/u_prim/q_t0_idx[0]_i_5/O
                         net (fo=1, routed)           0.000    13.546    u_soc/Core_cpu/u_ifu_subsys/u_icache/u_tag_way0/u_prim/q_t0_idx[0]_i_5_n_2
    SLICE_X27Y50         CARRY4 (Prop_carry4_S[3]_CO[3])
                                                      0.193    13.739 r  u_soc/Core_cpu/u_ifu_subsys/u_icache/u_tag_way0/u_prim/q_t0_idx_reg[0]_i_2/CO[3]
                         net (fo=1, routed)           0.000    13.739    u_soc/Core_cpu/u_ifu_subsys/u_icache/u_tag_way0_n_133
    SLICE_X27Y51         CARRY4 (Prop_carry4_CI_O[2])
                                                      0.111    13.850 r  u_soc/Core_cpu/u_ifu_subsys/u_icache/q_t0_idx_reg[1]_i_2/O[2]
                         net (fo=2, routed)           0.321    14.171    u_soc/Core_cpu/u_ifu_subsys/u_btb/mem_q_reg_1[5]
    SLICE_X25Y51         LUT6 (Prop_lut6_I0_O)        0.122    14.293 r  u_soc/Core_cpu/u_ifu_subsys/u_btb/q_row_idx[0][3]_i_1/O
                         net (fo=57, routed)          0.641    14.935    u_soc/Core_cpu/u_ifu_subsys/u_icache/u_dat_way0/u_prim/rd_addr[3]
    RAMB36_X1Y8          RAMB36E1                                     r  u_soc/Core_cpu/u_ifu_subsys/u_icache/u_dat_way0/u_prim/mem_q_reg_0/ADDRARDADDR[9]
  -------------------------------------------------------------------    -------------------

                         (clock clk rise edge)       11.000    11.000 r  
    AE23                                              0.000    11.000 r  clk (IN)
                         net (fo=0)                   0.000    11.000    clk
    AE23                 IBUF (Prop_ibuf_I_O)         0.660    11.660 r  clk_IBUF_inst/O
                         net (fo=1, routed)           2.516    14.176    clk_IBUF
    BUFGCTRL_X0Y0        BUFG (Prop_bufg_I_O)         0.083    14.259 r  u_bufg/O
                         net (fo=5673, routed)        1.704    15.962    u_soc/Core_cpu/u_ifu_subsys/u_icache/u_dat_way0/u_prim/clk_buf
    RAMB36_X1Y8          RAMB36E1                                     r  u_soc/Core_cpu/u_ifu_subsys/u_icache/u_dat_way0/u_prim/mem_q_reg_0/CLKARDCLK
                         clock pessimism              0.237    16.199    
                         clock uncertainty           -0.035    16.164    
    RAMB36_X1Y8          RAMB36E1 (Setup_ramb36e1_CLKARDCLK_ADDRARDADDR[9])
                                                     -0.416    15.748    u_soc/Core_cpu/u_ifu_subsys/u_icache/u_dat_way0/u_prim/mem_q_reg_0
  -------------------------------------------------------------------
                         required time                         15.748    
                         arrival time                         -14.935    
  -------------------------------------------------------------------
                         slack                                  0.813    

Slack (MET) :             0.837ns  (required time - arrival time)
  Source:                 u_soc/Core_cpu/timer_irq_d1_reg/C
                            (rising edge-triggered cell FDCE clocked by clk  {rise@0.000ns fall@5.500ns period=11.000ns})
  Destination:            u_soc/Core_cpu/u_ifu_subsys/g_tage.u_tage/q_row_tag_reg[2][1]/D
                            (rising edge-triggered cell FDRE clocked by clk  {rise@0.000ns fall@5.500ns period=11.000ns})
  Path Group:             clk
  Path Type:              Setup (Max at Slow Process Corner)
  Requirement:            11.000ns  (clk rise@11.000ns - clk rise@0.000ns)
  Data Path Delay:        10.059ns  (logic 2.000ns (19.884%)  route 8.059ns (80.116%))
  Logic Levels:           24  (CARRY4=7 LUT2=2 LUT3=2 LUT4=4 LUT5=1 LUT6=8)
  Clock Path Skew:        0.044ns (DCD - SCD + CPR)
    Destination Clock Delay (DCD):    4.929ns = ( 15.929 - 11.000 ) 
    Source Clock Delay      (SCD):    5.121ns
    Clock Pessimism Removal (CPR):    0.237ns
  Clock Uncertainty:      0.035ns  ((TSJ^2 + TIJ^2)^1/2 + DJ) / 2 + PE
    Total System Jitter     (TSJ):    0.071ns
    Total Input Jitter      (TIJ):    0.000ns
    Discrete Jitter          (DJ):    0.000ns
    Phase Error              (PE):    0.000ns

    Location             Delay type                Incr(ns)  Path(ns)    Netlist Resource(s)
  -------------------------------------------------------------------    -------------------
                         (clock clk rise edge)        0.000     0.000 r  
    AE23                                              0.000     0.000 r  clk (IN)
                         net (fo=0)                   0.000     0.000    clk
    AE23                 IBUF (Prop_ibuf_I_O)         0.734     0.734 r  clk_IBUF_inst/O
                         net (fo=1, routed)           2.651     3.385    clk_IBUF
    BUFGCTRL_X0Y0        BUFG (Prop_bufg_I_O)         0.093     3.478 r  u_bufg/O
                         net (fo=5673, routed)        1.643     5.121    u_soc/Core_cpu/clk_buf
    SLICE_X21Y98         FDCE                                         r  u_soc/Core_cpu/timer_irq_d1_reg/C
  -------------------------------------------------------------------    -------------------
    SLICE_X21Y98         FDCE (Prop_fdce_C_Q)         0.223     5.344 f  u_soc/Core_cpu/timer_irq_d1_reg/Q
                         net (fo=2, routed)           1.328     6.672    u_soc/Core_cpu/U_ID_EX/timer_irq_d1
    SLICE_X23Y70         LUT6 (Prop_lut6_I0_O)        0.043     6.715 r  u_soc/Core_cpu/U_ID_EX/mscratch[0]_i_3/O
                         net (fo=1, routed)           0.467     7.182    u_soc/Core_cpu/U_ID_EX/mscratch[0]_i_3_n_2
    SLICE_X25Y68         LUT6 (Prop_lut6_I0_O)        0.043     7.225 f  u_soc/Core_cpu/U_ID_EX/mscratch[0]_i_2/O
                         net (fo=3, routed)           0.319     7.544    u_soc/Core_cpu/U_ID_EX/csr_rdata[0]
    SLICE_X27Y68         LUT4 (Prop_lut4_I0_O)        0.052     7.596 f  u_soc/Core_cpu/U_ID_EX/alu_c_reg[3]_i_20/O
                         net (fo=16, routed)          0.378     7.974    u_soc/Core_cpu/U_ID_EX/ex_A_final[0]
    SLICE_X29Y66         LUT4 (Prop_lut4_I1_O)        0.132     8.106 r  u_soc/Core_cpu/U_ID_EX/alu_c_reg[0]_i_39/O
                         net (fo=2, routed)           0.278     8.384    u_soc/Core_cpu/U_ID_EX/alu_c_reg[0]_i_39_n_2
    SLICE_X31Y67         CARRY4 (Prop_carry4_DI[0]_CO[3])
                                                      0.269     8.653 r  u_soc/Core_cpu/U_ID_EX/alu_c_reg[0]_i_27/CO[3]
                         net (fo=1, routed)           0.000     8.653    u_soc/Core_cpu/U_ID_EX/alu_c_reg[0]_i_27_n_2
    SLICE_X31Y68         CARRY4 (Prop_carry4_CI_CO[3])
                                                      0.053     8.706 r  u_soc/Core_cpu/U_ID_EX/alu_c_reg[0]_i_17/CO[3]
                         net (fo=1, routed)           0.000     8.706    u_soc/Core_cpu/U_ID_EX/alu_c_reg[0]_i_17_n_2
    SLICE_X31Y69         CARRY4 (Prop_carry4_CI_CO[3])
                                                      0.053     8.759 r  u_soc/Core_cpu/U_ID_EX/alu_c_reg[0]_i_6/CO[3]
                         net (fo=1, routed)           0.000     8.759    u_soc/Core_cpu/U_ID_EX/alu_c_reg[0]_i_6_n_2
    SLICE_X31Y70         CARRY4 (Prop_carry4_CI_CO[3])
                                                      0.053     8.812 r  u_soc/Core_cpu/U_ID_EX/alu_c_reg[0]_i_3/CO[3]
                         net (fo=2, routed)           0.424     9.236    u_soc/Core_cpu/U_ID_EX/U_ALU/data9
    SLICE_X32Y70         LUT4 (Prop_lut4_I3_O)        0.043     9.279 f  u_soc/Core_cpu/U_ID_EX/u1_taken_i_3/O
                         net (fo=2, routed)           0.338     9.616    u_soc/Core_cpu/U_ID_EX/u1_taken_i_3_n_2
    SLICE_X32Y70         LUT6 (Prop_lut6_I4_O)        0.043     9.659 r  u_soc/Core_cpu/U_ID_EX/dat_q_reg_0_63_2_2_i_6/O
                         net (fo=34, routed)          0.438    10.097    u_soc/Core_cpu/U_ID_EX/dat_q_reg_0_63_2_2_i_6_n_2
    SLICE_X35Y66         LUT3 (Prop_lut3_I2_O)        0.043    10.140 f  u_soc/Core_cpu/U_ID_EX/q_row_idx[2][1]_i_10/O
                         net (fo=5, routed)           0.247    10.387    u_soc/Core_cpu/U_ID_EX/q_row_idx[2][1]_i_10_n_2
    SLICE_X35Y65         LUT6 (Prop_lut6_I0_O)        0.043    10.430 r  u_soc/Core_cpu/U_ID_EX/q_pc_q[1]_i_3/O
                         net (fo=2, routed)           0.289    10.719    u_soc/Core_cpu/U_ID_EX/actual_npc[0]
    SLICE_X36Y64         LUT6 (Prop_lut6_I5_O)        0.043    10.762 r  u_soc/Core_cpu/U_ID_EX/q_row_idx[2][1]_i_25/O
                         net (fo=1, routed)           0.000    10.762    u_soc/Core_cpu/U_ID_EX/q_row_idx[2][1]_i_25_n_2
    SLICE_X36Y64         CARRY4 (Prop_carry4_S[0]_CO[3])
                                                      0.259    11.021 r  u_soc/Core_cpu/U_ID_EX/q_row_idx_reg[2][1]_i_17/CO[3]
                         net (fo=1, routed)           0.000    11.021    u_soc/Core_cpu/U_ID_EX/q_row_idx_reg[2][1]_i_17_n_2
    SLICE_X36Y65         CARRY4 (Prop_carry4_CI_CO[3])
                                                      0.053    11.074 r  u_soc/Core_cpu/U_ID_EX/q_row_idx_reg[2][1]_i_13/CO[3]
                         net (fo=1, routed)           0.000    11.074    u_soc/Core_cpu/U_ID_EX/q_row_idx_reg[2][1]_i_13_n_2
    SLICE_X36Y66         CARRY4 (Prop_carry4_CI_CO[2])
                                                      0.110    11.184 f  u_soc/Core_cpu/U_ID_EX/q_row_idx_reg[2][1]_i_12/CO[2]
                         net (fo=4, routed)           0.339    11.523    u_soc/Core_cpu/U_ID_EX/mispredict0
    SLICE_X34Y61         LUT2 (Prop_lut2_I0_O)        0.129    11.652 f  u_soc/Core_cpu/U_ID_EX/cnt_q[4]_i_10/O
                         net (fo=1, routed)           0.184    11.836    u_soc/Core_cpu/U_ID_EX/cnt_q[4]_i_10_n_2
    SLICE_X35Y60         LUT6 (Prop_lut6_I2_O)        0.043    11.879 r  u_soc/Core_cpu/U_ID_EX/cnt_q[4]_i_8/O
                         net (fo=5, routed)           0.328    12.207    u_soc/Core_cpu/u_ifu_subsys/u_btb/push_num1
    SLICE_X35Y57         LUT6 (Prop_lut6_I0_O)        0.043    12.250 r  u_soc/Core_cpu/u_ifu_subsys/u_btb/cnt_q[4]_i_6/O
                         net (fo=1, routed)           0.416    12.666    u_soc/Core_cpu/u_ifu_subsys/u_ibuf/push_num[2]
    SLICE_X45Y57         LUT3 (Prop_lut3_I1_O)        0.043    12.709 r  u_soc/Core_cpu/u_ifu_subsys/u_ibuf/cnt_q[4]_i_4/O
                         net (fo=912, routed)         0.661    13.371    u_soc/Core_cpu/u_ifu_subsys/u_ibuf/ib_push_acc[2]
    SLICE_X29Y56         LUT5 (Prop_lut5_I4_O)        0.043    13.414 r  u_soc/Core_cpu/u_ifu_subsys/u_ibuf/ghr_q[3]_i_2/O
                         net (fo=23, routed)          0.481    13.894    u_soc/Core_cpu/u_ifu_subsys/u_ibuf/p_3_in
    SLICE_X28Y55         LUT4 (Prop_lut4_I2_O)        0.043    13.937 r  u_soc/Core_cpu/u_ifu_subsys/u_ibuf/ghr_q[13]_i_3/O
                         net (fo=21, routed)          0.383    14.320    u_soc/Core_cpu/u_ifu_subsys/u_btb/ghr_cnt_return[0]
    SLICE_X29Y53         LUT6 (Prop_lut6_I1_O)        0.043    14.363 r  u_soc/Core_cpu/u_ifu_subsys/u_btb/ghr_q[5]_i_1/O
                         net (fo=5, routed)           0.458    14.821    u_soc/Core_cpu/u_ifu_subsys/u_btb/ghr_after[0]
    SLICE_X31Y49         LUT2 (Prop_lut2_I0_O)        0.055    14.876 r  u_soc/Core_cpu/u_ifu_subsys/u_btb/q_row_tag[2][1]_i_1/O
                         net (fo=1, routed)           0.303    15.180    u_soc/Core_cpu/u_ifu_subsys/g_tage.u_tage/q_row_tag_reg[2][5]_0[1]
    SLICE_X30Y49         FDRE                                         r  u_soc/Core_cpu/u_ifu_subsys/g_tage.u_tage/q_row_tag_reg[2][1]/D
  -------------------------------------------------------------------    -------------------

                         (clock clk rise edge)       11.000    11.000 r  
    AE23                                              0.000    11.000 r  clk (IN)
                         net (fo=0)                   0.000    11.000    clk
    AE23                 IBUF (Prop_ibuf_I_O)         0.660    11.660 r  clk_IBUF_inst/O
                         net (fo=1, routed)           2.516    14.176    clk_IBUF
    BUFGCTRL_X0Y0        BUFG (Prop_bufg_I_O)         0.083    14.259 r  u_bufg/O
                         net (fo=5673, routed)        1.670    15.929    u_soc/Core_cpu/u_ifu_subsys/g_tage.u_tage/clk_buf
    SLICE_X30Y49         FDRE                                         r  u_soc/Core_cpu/u_ifu_subsys/g_tage.u_tage/q_row_tag_reg[2][1]/C
                         clock pessimism              0.237    16.165    
                         clock uncertainty           -0.035    16.130    
    SLICE_X30Y49         FDRE (Setup_fdre_C_D)       -0.113    16.017    u_soc/Core_cpu/u_ifu_subsys/g_tage.u_tage/q_row_tag_reg[2][1]
  -------------------------------------------------------------------
                         required time                         16.017    
                         arrival time                         -15.180    
  -------------------------------------------------------------------
                         slack                                  0.837    

Slack (MET) :             0.838ns  (required time - arrival time)
  Source:                 u_soc/Core_cpu/timer_irq_d1_reg/C
                            (rising edge-triggered cell FDCE clocked by clk  {rise@0.000ns fall@5.500ns period=11.000ns})
  Destination:            u_soc/Core_cpu/u_ifu_subsys/u_ibuf/ent_q_reg[4][52]/D
                            (rising edge-triggered cell FDRE clocked by clk  {rise@0.000ns fall@5.500ns period=11.000ns})
  Path Group:             clk
  Path Type:              Setup (Max at Slow Process Corner)
  Requirement:            11.000ns  (clk rise@11.000ns - clk rise@0.000ns)
  Data Path Delay:        10.029ns  (logic 1.988ns (19.823%)  route 8.041ns (80.177%))
  Logic Levels:           24  (CARRY4=7 LUT2=1 LUT3=2 LUT4=5 LUT5=2 LUT6=7)
  Clock Path Skew:        -0.132ns (DCD - SCD + CPR)
    Destination Clock Delay (DCD):    4.680ns = ( 15.680 - 11.000 ) 
    Source Clock Delay      (SCD):    5.121ns
    Clock Pessimism Removal (CPR):    0.310ns
  Clock Uncertainty:      0.035ns  ((TSJ^2 + TIJ^2)^1/2 + DJ) / 2 + PE
    Total System Jitter     (TSJ):    0.071ns
    Total Input Jitter      (TIJ):    0.000ns
    Discrete Jitter          (DJ):    0.000ns
    Phase Error              (PE):    0.000ns

    Location             Delay type                Incr(ns)  Path(ns)    Netlist Resource(s)
  -------------------------------------------------------------------    -------------------
                         (clock clk rise edge)        0.000     0.000 r  
    AE23                                              0.000     0.000 r  clk (IN)
                         net (fo=0)                   0.000     0.000    clk
    AE23                 IBUF (Prop_ibuf_I_O)         0.734     0.734 r  clk_IBUF_inst/O
                         net (fo=1, routed)           2.651     3.385    clk_IBUF
    BUFGCTRL_X0Y0        BUFG (Prop_bufg_I_O)         0.093     3.478 r  u_bufg/O
                         net (fo=5673, routed)        1.643     5.121    u_soc/Core_cpu/clk_buf
    SLICE_X21Y98         FDCE                                         r  u_soc/Core_cpu/timer_irq_d1_reg/C
  -------------------------------------------------------------------    -------------------
    SLICE_X21Y98         FDCE (Prop_fdce_C_Q)         0.223     5.344 f  u_soc/Core_cpu/timer_irq_d1_reg/Q
                         net (fo=2, routed)           1.328     6.672    u_soc/Core_cpu/U_ID_EX/timer_irq_d1
    SLICE_X23Y70         LUT6 (Prop_lut6_I0_O)        0.043     6.715 r  u_soc/Core_cpu/U_ID_EX/mscratch[0]_i_3/O
                         net (fo=1, routed)           0.467     7.182    u_soc/Core_cpu/U_ID_EX/mscratch[0]_i_3_n_2
    SLICE_X25Y68         LUT6 (Prop_lut6_I0_O)        0.043     7.225 f  u_soc/Core_cpu/U_ID_EX/mscratch[0]_i_2/O
                         net (fo=3, routed)           0.319     7.544    u_soc/Core_cpu/U_ID_EX/csr_rdata[0]
    SLICE_X27Y68         LUT4 (Prop_lut4_I0_O)        0.052     7.596 f  u_soc/Core_cpu/U_ID_EX/alu_c_reg[3]_i_20/O
                         net (fo=16, routed)          0.378     7.974    u_soc/Core_cpu/U_ID_EX/ex_A_final[0]
    SLICE_X29Y66         LUT4 (Prop_lut4_I1_O)        0.132     8.106 r  u_soc/Core_cpu/U_ID_EX/alu_c_reg[0]_i_39/O
                         net (fo=2, routed)           0.278     8.384    u_soc/Core_cpu/U_ID_EX/alu_c_reg[0]_i_39_n_2
    SLICE_X31Y67         CARRY4 (Prop_carry4_DI[0]_CO[3])
                                                      0.269     8.653 r  u_soc/Core_cpu/U_ID_EX/alu_c_reg[0]_i_27/CO[3]
                         net (fo=1, routed)           0.000     8.653    u_soc/Core_cpu/U_ID_EX/alu_c_reg[0]_i_27_n_2
    SLICE_X31Y68         CARRY4 (Prop_carry4_CI_CO[3])
                                                      0.053     8.706 r  u_soc/Core_cpu/U_ID_EX/alu_c_reg[0]_i_17/CO[3]
                         net (fo=1, routed)           0.000     8.706    u_soc/Core_cpu/U_ID_EX/alu_c_reg[0]_i_17_n_2
    SLICE_X31Y69         CARRY4 (Prop_carry4_CI_CO[3])
                                                      0.053     8.759 r  u_soc/Core_cpu/U_ID_EX/alu_c_reg[0]_i_6/CO[3]
                         net (fo=1, routed)           0.000     8.759    u_soc/Core_cpu/U_ID_EX/alu_c_reg[0]_i_6_n_2
    SLICE_X31Y70         CARRY4 (Prop_carry4_CI_CO[3])
                                                      0.053     8.812 r  u_soc/Core_cpu/U_ID_EX/alu_c_reg[0]_i_3/CO[3]
                         net (fo=2, routed)           0.424     9.236    u_soc/Core_cpu/U_ID_EX/U_ALU/data9
    SLICE_X32Y70         LUT4 (Prop_lut4_I3_O)        0.043     9.279 f  u_soc/Core_cpu/U_ID_EX/u1_taken_i_3/O
                         net (fo=2, routed)           0.338     9.616    u_soc/Core_cpu/U_ID_EX/u1_taken_i_3_n_2
    SLICE_X32Y70         LUT6 (Prop_lut6_I4_O)        0.043     9.659 r  u_soc/Core_cpu/U_ID_EX/dat_q_reg_0_63_2_2_i_6/O
                         net (fo=34, routed)          0.438    10.097    u_soc/Core_cpu/U_ID_EX/dat_q_reg_0_63_2_2_i_6_n_2
    SLICE_X35Y66         LUT3 (Prop_lut3_I2_O)        0.043    10.140 f  u_soc/Core_cpu/U_ID_EX/q_row_idx[2][1]_i_10/O
                         net (fo=5, routed)           0.247    10.387    u_soc/Core_cpu/U_ID_EX/q_row_idx[2][1]_i_10_n_2
    SLICE_X35Y65         LUT6 (Prop_lut6_I0_O)        0.043    10.430 r  u_soc/Core_cpu/U_ID_EX/q_pc_q[1]_i_3/O
                         net (fo=2, routed)           0.289    10.719    u_soc/Core_cpu/U_ID_EX/actual_npc[0]
    SLICE_X36Y64         LUT6 (Prop_lut6_I5_O)        0.043    10.762 r  u_soc/Core_cpu/U_ID_EX/q_row_idx[2][1]_i_25/O
                         net (fo=1, routed)           0.000    10.762    u_soc/Core_cpu/U_ID_EX/q_row_idx[2][1]_i_25_n_2
    SLICE_X36Y64         CARRY4 (Prop_carry4_S[0]_CO[3])
                                                      0.259    11.021 r  u_soc/Core_cpu/U_ID_EX/q_row_idx_reg[2][1]_i_17/CO[3]
                         net (fo=1, routed)           0.000    11.021    u_soc/Core_cpu/U_ID_EX/q_row_idx_reg[2][1]_i_17_n_2
    SLICE_X36Y65         CARRY4 (Prop_carry4_CI_CO[3])
                                                      0.053    11.074 r  u_soc/Core_cpu/U_ID_EX/q_row_idx_reg[2][1]_i_13/CO[3]
                         net (fo=1, routed)           0.000    11.074    u_soc/Core_cpu/U_ID_EX/q_row_idx_reg[2][1]_i_13_n_2
    SLICE_X36Y66         CARRY4 (Prop_carry4_CI_CO[2])
                                                      0.110    11.184 f  u_soc/Core_cpu/U_ID_EX/q_row_idx_reg[2][1]_i_12/CO[2]
                         net (fo=4, routed)           0.339    11.523    u_soc/Core_cpu/U_ID_EX/mispredict0
    SLICE_X34Y61         LUT2 (Prop_lut2_I0_O)        0.129    11.652 f  u_soc/Core_cpu/U_ID_EX/cnt_q[4]_i_10/O
                         net (fo=1, routed)           0.184    11.836    u_soc/Core_cpu/U_ID_EX/cnt_q[4]_i_10_n_2
    SLICE_X35Y60         LUT6 (Prop_lut6_I2_O)        0.043    11.879 r  u_soc/Core_cpu/U_ID_EX/cnt_q[4]_i_8/O
                         net (fo=5, routed)           0.291    12.170    u_soc/Core_cpu/u_ifu_subsys/u_btb/push_num1
    SLICE_X34Y58         LUT4 (Prop_lut4_I1_O)        0.043    12.213 r  u_soc/Core_cpu/u_ifu_subsys/u_btb/cnt_q[2]_i_5/O
                         net (fo=1, routed)           0.274    12.487    u_soc/Core_cpu/u_ifu_subsys/u_ibuf/cnt_q_reg[2]_0
    SLICE_X34Y57         LUT4 (Prop_lut4_I3_O)        0.043    12.530 r  u_soc/Core_cpu/u_ifu_subsys/u_ibuf/cnt_q[2]_i_2/O
                         net (fo=24, routed)          0.678    13.208    u_soc/Core_cpu/u_ifu_subsys/u_ibuf/ib_push_acc[1]
    SLICE_X46Y57         LUT3 (Prop_lut3_I0_O)        0.043    13.251 r  u_soc/Core_cpu/u_ifu_subsys/u_ibuf/cnt_q[1]_i_6/O
                         net (fo=97, routed)          0.883    14.134    u_soc/Core_cpu/u_ifu_subsys/u_ibuf/cnt_q_reg[4]_0
    SLICE_X56Y71         LUT5 (Prop_lut5_I4_O)        0.043    14.177 r  u_soc/Core_cpu/u_ifu_subsys/u_ibuf/ent_q[6][52]_i_5/O
                         net (fo=9, routed)           0.356    14.533    u_soc/Core_cpu/u_ifu_subsys/u_ibuf/p_0_in__0[52]
    SLICE_X58Y72         LUT5 (Prop_lut5_I2_O)        0.043    14.576 r  u_soc/Core_cpu/u_ifu_subsys/u_ibuf/ent_q[6][52]_i_3/O
                         net (fo=8, routed)           0.531    15.107    u_soc/Core_cpu/u_ifu_subsys/u_ibuf/ent_q[6][52]_i_3_n_2
    SLICE_X57Y79         LUT6 (Prop_lut6_I3_O)        0.043    15.150 r  u_soc/Core_cpu/u_ifu_subsys/u_ibuf/ent_q[4][52]_i_1/O
                         net (fo=1, routed)           0.000    15.150    u_soc/Core_cpu/u_ifu_subsys/u_ibuf/ent_q[4][52]_i_1_n_2
    SLICE_X57Y79         FDRE                                         r  u_soc/Core_cpu/u_ifu_subsys/u_ibuf/ent_q_reg[4][52]/D
  -------------------------------------------------------------------    -------------------

                         (clock clk rise edge)       11.000    11.000 r  
    AE23                                              0.000    11.000 r  clk (IN)
                         net (fo=0)                   0.000    11.000    clk
    AE23                 IBUF (Prop_ibuf_I_O)         0.660    11.660 r  clk_IBUF_inst/O
                         net (fo=1, routed)           2.516    14.176    clk_IBUF
    BUFGCTRL_X0Y0        BUFG (Prop_bufg_I_O)         0.083    14.259 r  u_bufg/O
                         net (fo=5673, routed)        1.421    15.680    u_soc/Core_cpu/u_ifu_subsys/u_ibuf/clk_buf
    SLICE_X57Y79         FDRE                                         r  u_soc/Core_cpu/u_ifu_subsys/u_ibuf/ent_q_reg[4][52]/C
                         clock pessimism              0.310    15.989    
                         clock uncertainty           -0.035    15.954    
    SLICE_X57Y79         FDRE (Setup_fdre_C_D)        0.034    15.988    u_soc/Core_cpu/u_ifu_subsys/u_ibuf/ent_q_reg[4][52]
  -------------------------------------------------------------------
                         required time                         15.988    
                         arrival time                         -15.150    
  -------------------------------------------------------------------
                         slack                                  0.838    

Slack (MET) :             0.849ns  (required time - arrival time)
  Source:                 u_soc/Core_cpu/timer_irq_d1_reg/C
                            (rising edge-triggered cell FDCE clocked by clk  {rise@0.000ns fall@5.500ns period=11.000ns})
  Destination:            u_soc/Core_cpu/u_ifu_subsys/u_ibuf/ent_q_reg[6][52]/D
                            (rising edge-triggered cell FDRE clocked by clk  {rise@0.000ns fall@5.500ns period=11.000ns})
  Path Group:             clk
  Path Type:              Setup (Max at Slow Process Corner)
  Requirement:            11.000ns  (clk rise@11.000ns - clk rise@0.000ns)
  Data Path Delay:        10.046ns  (logic 1.988ns (19.788%)  route 8.058ns (80.212%))
  Logic Levels:           24  (CARRY4=7 LUT2=1 LUT3=2 LUT4=5 LUT5=2 LUT6=7)
  Clock Path Skew:        -0.134ns (DCD - SCD + CPR)
    Destination Clock Delay (DCD):    4.678ns = ( 15.678 - 11.000 ) 
    Source Clock Delay      (SCD):    5.121ns
    Clock Pessimism Removal (CPR):    0.310ns
  Clock Uncertainty:      0.035ns  ((TSJ^2 + TIJ^2)^1/2 + DJ) / 2 + PE
    Total System Jitter     (TSJ):    0.071ns
    Total Input Jitter      (TIJ):    0.000ns
    Discrete Jitter          (DJ):    0.000ns
    Phase Error              (PE):    0.000ns

    Location             Delay type                Incr(ns)  Path(ns)    Netlist Resource(s)
  -------------------------------------------------------------------    -------------------
                         (clock clk rise edge)        0.000     0.000 r  
    AE23                                              0.000     0.000 r  clk (IN)
                         net (fo=0)                   0.000     0.000    clk
    AE23                 IBUF (Prop_ibuf_I_O)         0.734     0.734 r  clk_IBUF_inst/O
                         net (fo=1, routed)           2.651     3.385    clk_IBUF
    BUFGCTRL_X0Y0        BUFG (Prop_bufg_I_O)         0.093     3.478 r  u_bufg/O
                         net (fo=5673, routed)        1.643     5.121    u_soc/Core_cpu/clk_buf
    SLICE_X21Y98         FDCE                                         r  u_soc/Core_cpu/timer_irq_d1_reg/C
  -------------------------------------------------------------------    -------------------
    SLICE_X21Y98         FDCE (Prop_fdce_C_Q)         0.223     5.344 f  u_soc/Core_cpu/timer_irq_d1_reg/Q
                         net (fo=2, routed)           1.328     6.672    u_soc/Core_cpu/U_ID_EX/timer_irq_d1
    SLICE_X23Y70         LUT6 (Prop_lut6_I0_O)        0.043     6.715 r  u_soc/Core_cpu/U_ID_EX/mscratch[0]_i_3/O
                         net (fo=1, routed)           0.467     7.182    u_soc/Core_cpu/U_ID_EX/mscratch[0]_i_3_n_2
    SLICE_X25Y68         LUT6 (Prop_lut6_I0_O)        0.043     7.225 f  u_soc/Core_cpu/U_ID_EX/mscratch[0]_i_2/O
                         net (fo=3, routed)           0.319     7.544    u_soc/Core_cpu/U_ID_EX/csr_rdata[0]
    SLICE_X27Y68         LUT4 (Prop_lut4_I0_O)        0.052     7.596 f  u_soc/Core_cpu/U_ID_EX/alu_c_reg[3]_i_20/O
                         net (fo=16, routed)          0.378     7.974    u_soc/Core_cpu/U_ID_EX/ex_A_final[0]
    SLICE_X29Y66         LUT4 (Prop_lut4_I1_O)        0.132     8.106 r  u_soc/Core_cpu/U_ID_EX/alu_c_reg[0]_i_39/O
                         net (fo=2, routed)           0.278     8.384    u_soc/Core_cpu/U_ID_EX/alu_c_reg[0]_i_39_n_2
    SLICE_X31Y67         CARRY4 (Prop_carry4_DI[0]_CO[3])
                                                      0.269     8.653 r  u_soc/Core_cpu/U_ID_EX/alu_c_reg[0]_i_27/CO[3]
                         net (fo=1, routed)           0.000     8.653    u_soc/Core_cpu/U_ID_EX/alu_c_reg[0]_i_27_n_2
    SLICE_X31Y68         CARRY4 (Prop_carry4_CI_CO[3])
                                                      0.053     8.706 r  u_soc/Core_cpu/U_ID_EX/alu_c_reg[0]_i_17/CO[3]
                         net (fo=1, routed)           0.000     8.706    u_soc/Core_cpu/U_ID_EX/alu_c_reg[0]_i_17_n_2
    SLICE_X31Y69         CARRY4 (Prop_carry4_CI_CO[3])
                                                      0.053     8.759 r  u_soc/Core_cpu/U_ID_EX/alu_c_reg[0]_i_6/CO[3]
                         net (fo=1, routed)           0.000     8.759    u_soc/Core_cpu/U_ID_EX/alu_c_reg[0]_i_6_n_2
    SLICE_X31Y70         CARRY4 (Prop_carry4_CI_CO[3])
                                                      0.053     8.812 r  u_soc/Core_cpu/U_ID_EX/alu_c_reg[0]_i_3/CO[3]
                         net (fo=2, routed)           0.424     9.236    u_soc/Core_cpu/U_ID_EX/U_ALU/data9
    SLICE_X32Y70         LUT4 (Prop_lut4_I3_O)        0.043     9.279 f  u_soc/Core_cpu/U_ID_EX/u1_taken_i_3/O
                         net (fo=2, routed)           0.338     9.616    u_soc/Core_cpu/U_ID_EX/u1_taken_i_3_n_2
    SLICE_X32Y70         LUT6 (Prop_lut6_I4_O)        0.043     9.659 r  u_soc/Core_cpu/U_ID_EX/dat_q_reg_0_63_2_2_i_6/O
                         net (fo=34, routed)          0.438    10.097    u_soc/Core_cpu/U_ID_EX/dat_q_reg_0_63_2_2_i_6_n_2
    SLICE_X35Y66         LUT3 (Prop_lut3_I2_O)        0.043    10.140 f  u_soc/Core_cpu/U_ID_EX/q_row_idx[2][1]_i_10/O
                         net (fo=5, routed)           0.247    10.387    u_soc/Core_cpu/U_ID_EX/q_row_idx[2][1]_i_10_n_2
    SLICE_X35Y65         LUT6 (Prop_lut6_I0_O)        0.043    10.430 r  u_soc/Core_cpu/U_ID_EX/q_pc_q[1]_i_3/O
                         net (fo=2, routed)           0.289    10.719    u_soc/Core_cpu/U_ID_EX/actual_npc[0]
    SLICE_X36Y64         LUT6 (Prop_lut6_I5_O)        0.043    10.762 r  u_soc/Core_cpu/U_ID_EX/q_row_idx[2][1]_i_25/O
                         net (fo=1, routed)           0.000    10.762    u_soc/Core_cpu/U_ID_EX/q_row_idx[2][1]_i_25_n_2
    SLICE_X36Y64         CARRY4 (Prop_carry4_S[0]_CO[3])
                                                      0.259    11.021 r  u_soc/Core_cpu/U_ID_EX/q_row_idx_reg[2][1]_i_17/CO[3]
                         net (fo=1, routed)           0.000    11.021    u_soc/Core_cpu/U_ID_EX/q_row_idx_reg[2][1]_i_17_n_2
    SLICE_X36Y65         CARRY4 (Prop_carry4_CI_CO[3])
                                                      0.053    11.074 r  u_soc/Core_cpu/U_ID_EX/q_row_idx_reg[2][1]_i_13/CO[3]
                         net (fo=1, routed)           0.000    11.074    u_soc/Core_cpu/U_ID_EX/q_row_idx_reg[2][1]_i_13_n_2
    SLICE_X36Y66         CARRY4 (Prop_carry4_CI_CO[2])
                                                      0.110    11.184 f  u_soc/Core_cpu/U_ID_EX/q_row_idx_reg[2][1]_i_12/CO[2]
                         net (fo=4, routed)           0.339    11.523    u_soc/Core_cpu/U_ID_EX/mispredict0
    SLICE_X34Y61         LUT2 (Prop_lut2_I0_O)        0.129    11.652 f  u_soc/Core_cpu/U_ID_EX/cnt_q[4]_i_10/O
                         net (fo=1, routed)           0.184    11.836    u_soc/Core_cpu/U_ID_EX/cnt_q[4]_i_10_n_2
    SLICE_X35Y60         LUT6 (Prop_lut6_I2_O)        0.043    11.879 r  u_soc/Core_cpu/U_ID_EX/cnt_q[4]_i_8/O
                         net (fo=5, routed)           0.291    12.170    u_soc/Core_cpu/u_ifu_subsys/u_btb/push_num1
    SLICE_X34Y58         LUT4 (Prop_lut4_I1_O)        0.043    12.213 r  u_soc/Core_cpu/u_ifu_subsys/u_btb/cnt_q[2]_i_5/O
                         net (fo=1, routed)           0.274    12.487    u_soc/Core_cpu/u_ifu_subsys/u_ibuf/cnt_q_reg[2]_0
    SLICE_X34Y57         LUT4 (Prop_lut4_I3_O)        0.043    12.530 r  u_soc/Core_cpu/u_ifu_subsys/u_ibuf/cnt_q[2]_i_2/O
                         net (fo=24, routed)          0.678    13.208    u_soc/Core_cpu/u_ifu_subsys/u_ibuf/ib_push_acc[1]
    SLICE_X46Y57         LUT3 (Prop_lut3_I0_O)        0.043    13.251 r  u_soc/Core_cpu/u_ifu_subsys/u_ibuf/cnt_q[1]_i_6/O
                         net (fo=97, routed)          0.883    14.134    u_soc/Core_cpu/u_ifu_subsys/u_ibuf/cnt_q_reg[4]_0
    SLICE_X56Y71         LUT5 (Prop_lut5_I4_O)        0.043    14.177 r  u_soc/Core_cpu/u_ifu_subsys/u_ibuf/ent_q[6][52]_i_5/O
                         net (fo=9, routed)           0.356    14.533    u_soc/Core_cpu/u_ifu_subsys/u_ibuf/p_0_in__0[52]
    SLICE_X58Y72         LUT5 (Prop_lut5_I2_O)        0.043    14.576 r  u_soc/Core_cpu/u_ifu_subsys/u_ibuf/ent_q[6][52]_i_3/O
                         net (fo=8, routed)           0.549    15.125    u_soc/Core_cpu/u_ifu_subsys/u_ibuf/ent_q[6][52]_i_3_n_2
    SLICE_X56Y78         LUT6 (Prop_lut6_I3_O)        0.043    15.168 r  u_soc/Core_cpu/u_ifu_subsys/u_ibuf/ent_q[6][52]_i_1/O
                         net (fo=1, routed)           0.000    15.168    u_soc/Core_cpu/u_ifu_subsys/u_ibuf/p_1_in[52]
    SLICE_X56Y78         FDRE                                         r  u_soc/Core_cpu/u_ifu_subsys/u_ibuf/ent_q_reg[6][52]/D
  -------------------------------------------------------------------    -------------------

                         (clock clk rise edge)       11.000    11.000 r  
    AE23                                              0.000    11.000 r  clk (IN)
                         net (fo=0)                   0.000    11.000    clk
    AE23                 IBUF (Prop_ibuf_I_O)         0.660    11.660 r  clk_IBUF_inst/O
                         net (fo=1, routed)           2.516    14.176    clk_IBUF
    BUFGCTRL_X0Y0        BUFG (Prop_bufg_I_O)         0.083    14.259 r  u_bufg/O
                         net (fo=5673, routed)        1.419    15.678    u_soc/Core_cpu/u_ifu_subsys/u_ibuf/clk_buf
    SLICE_X56Y78         FDRE                                         r  u_soc/Core_cpu/u_ifu_subsys/u_ibuf/ent_q_reg[6][52]/C
                         clock pessimism              0.310    15.987    
                         clock uncertainty           -0.035    15.952    
    SLICE_X56Y78         FDRE (Setup_fdre_C_D)        0.065    16.017    u_soc/Core_cpu/u_ifu_subsys/u_ibuf/ent_q_reg[6][52]
  -------------------------------------------------------------------
                         required time                         16.017    
                         arrival time                         -15.168    
  -------------------------------------------------------------------
                         slack                                  0.849    

Slack (MET) :             0.850ns  (required time - arrival time)
  Source:                 u_soc/Core_cpu/timer_irq_d1_reg/C
                            (rising edge-triggered cell FDCE clocked by clk  {rise@0.000ns fall@5.500ns period=11.000ns})
  Destination:            u_soc/Core_cpu/u_ifu_subsys/u_ibuf/ent_q_reg[5][52]/D
                            (rising edge-triggered cell FDRE clocked by clk  {rise@0.000ns fall@5.500ns period=11.000ns})
  Path Group:             clk
  Path Type:              Setup (Max at Slow Process Corner)
  Requirement:            11.000ns  (clk rise@11.000ns - clk rise@0.000ns)
  Data Path Delay:        10.044ns  (logic 1.988ns (19.792%)  route 8.056ns (80.208%))
  Logic Levels:           24  (CARRY4=7 LUT2=1 LUT3=2 LUT4=5 LUT5=2 LUT6=7)
  Clock Path Skew:        -0.134ns (DCD - SCD + CPR)
    Destination Clock Delay (DCD):    4.678ns = ( 15.678 - 11.000 ) 
    Source Clock Delay      (SCD):    5.121ns
    Clock Pessimism Removal (CPR):    0.310ns
  Clock Uncertainty:      0.035ns  ((TSJ^2 + TIJ^2)^1/2 + DJ) / 2 + PE
    Total System Jitter     (TSJ):    0.071ns
    Total Input Jitter      (TIJ):    0.000ns
    Discrete Jitter          (DJ):    0.000ns
    Phase Error              (PE):    0.000ns

    Location             Delay type                Incr(ns)  Path(ns)    Netlist Resource(s)
  -------------------------------------------------------------------    -------------------
                         (clock clk rise edge)        0.000     0.000 r  
    AE23                                              0.000     0.000 r  clk (IN)
                         net (fo=0)                   0.000     0.000    clk
    AE23                 IBUF (Prop_ibuf_I_O)         0.734     0.734 r  clk_IBUF_inst/O
                         net (fo=1, routed)           2.651     3.385    clk_IBUF
    BUFGCTRL_X0Y0        BUFG (Prop_bufg_I_O)         0.093     3.478 r  u_bufg/O
                         net (fo=5673, routed)        1.643     5.121    u_soc/Core_cpu/clk_buf
    SLICE_X21Y98         FDCE                                         r  u_soc/Core_cpu/timer_irq_d1_reg/C
  -------------------------------------------------------------------    -------------------
    SLICE_X21Y98         FDCE (Prop_fdce_C_Q)         0.223     5.344 f  u_soc/Core_cpu/timer_irq_d1_reg/Q
                         net (fo=2, routed)           1.328     6.672    u_soc/Core_cpu/U_ID_EX/timer_irq_d1
    SLICE_X23Y70         LUT6 (Prop_lut6_I0_O)        0.043     6.715 r  u_soc/Core_cpu/U_ID_EX/mscratch[0]_i_3/O
                         net (fo=1, routed)           0.467     7.182    u_soc/Core_cpu/U_ID_EX/mscratch[0]_i_3_n_2
    SLICE_X25Y68         LUT6 (Prop_lut6_I0_O)        0.043     7.225 f  u_soc/Core_cpu/U_ID_EX/mscratch[0]_i_2/O
                         net (fo=3, routed)           0.319     7.544    u_soc/Core_cpu/U_ID_EX/csr_rdata[0]
    SLICE_X27Y68         LUT4 (Prop_lut4_I0_O)        0.052     7.596 f  u_soc/Core_cpu/U_ID_EX/alu_c_reg[3]_i_20/O
                         net (fo=16, routed)          0.378     7.974    u_soc/Core_cpu/U_ID_EX/ex_A_final[0]
    SLICE_X29Y66         LUT4 (Prop_lut4_I1_O)        0.132     8.106 r  u_soc/Core_cpu/U_ID_EX/alu_c_reg[0]_i_39/O
                         net (fo=2, routed)           0.278     8.384    u_soc/Core_cpu/U_ID_EX/alu_c_reg[0]_i_39_n_2
    SLICE_X31Y67         CARRY4 (Prop_carry4_DI[0]_CO[3])
                                                      0.269     8.653 r  u_soc/Core_cpu/U_ID_EX/alu_c_reg[0]_i_27/CO[3]
                         net (fo=1, routed)           0.000     8.653    u_soc/Core_cpu/U_ID_EX/alu_c_reg[0]_i_27_n_2
    SLICE_X31Y68         CARRY4 (Prop_carry4_CI_CO[3])
                                                      0.053     8.706 r  u_soc/Core_cpu/U_ID_EX/alu_c_reg[0]_i_17/CO[3]
                         net (fo=1, routed)           0.000     8.706    u_soc/Core_cpu/U_ID_EX/alu_c_reg[0]_i_17_n_2
    SLICE_X31Y69         CARRY4 (Prop_carry4_CI_CO[3])
                                                      0.053     8.759 r  u_soc/Core_cpu/U_ID_EX/alu_c_reg[0]_i_6/CO[3]
                         net (fo=1, routed)           0.000     8.759    u_soc/Core_cpu/U_ID_EX/alu_c_reg[0]_i_6_n_2
    SLICE_X31Y70         CARRY4 (Prop_carry4_CI_CO[3])
                                                      0.053     8.812 r  u_soc/Core_cpu/U_ID_EX/alu_c_reg[0]_i_3/CO[3]
                         net (fo=2, routed)           0.424     9.236    u_soc/Core_cpu/U_ID_EX/U_ALU/data9
    SLICE_X32Y70         LUT4 (Prop_lut4_I3_O)        0.043     9.279 f  u_soc/Core_cpu/U_ID_EX/u1_taken_i_3/O
                         net (fo=2, routed)           0.338     9.616    u_soc/Core_cpu/U_ID_EX/u1_taken_i_3_n_2
    SLICE_X32Y70         LUT6 (Prop_lut6_I4_O)        0.043     9.659 r  u_soc/Core_cpu/U_ID_EX/dat_q_reg_0_63_2_2_i_6/O
                         net (fo=34, routed)          0.438    10.097    u_soc/Core_cpu/U_ID_EX/dat_q_reg_0_63_2_2_i_6_n_2
    SLICE_X35Y66         LUT3 (Prop_lut3_I2_O)        0.043    10.140 f  u_soc/Core_cpu/U_ID_EX/q_row_idx[2][1]_i_10/O
                         net (fo=5, routed)           0.247    10.387    u_soc/Core_cpu/U_ID_EX/q_row_idx[2][1]_i_10_n_2
    SLICE_X35Y65         LUT6 (Prop_lut6_I0_O)        0.043    10.430 r  u_soc/Core_cpu/U_ID_EX/q_pc_q[1]_i_3/O
                         net (fo=2, routed)           0.289    10.719    u_soc/Core_cpu/U_ID_EX/actual_npc[0]
    SLICE_X36Y64         LUT6 (Prop_lut6_I5_O)        0.043    10.762 r  u_soc/Core_cpu/U_ID_EX/q_row_idx[2][1]_i_25/O
                         net (fo=1, routed)           0.000    10.762    u_soc/Core_cpu/U_ID_EX/q_row_idx[2][1]_i_25_n_2
    SLICE_X36Y64         CARRY4 (Prop_carry4_S[0]_CO[3])
                                                      0.259    11.021 r  u_soc/Core_cpu/U_ID_EX/q_row_idx_reg[2][1]_i_17/CO[3]
                         net (fo=1, routed)           0.000    11.021    u_soc/Core_cpu/U_ID_EX/q_row_idx_reg[2][1]_i_17_n_2
    SLICE_X36Y65         CARRY4 (Prop_carry4_CI_CO[3])
                                                      0.053    11.074 r  u_soc/Core_cpu/U_ID_EX/q_row_idx_reg[2][1]_i_13/CO[3]
                         net (fo=1, routed)           0.000    11.074    u_soc/Core_cpu/U_ID_EX/q_row_idx_reg[2][1]_i_13_n_2
    SLICE_X36Y66         CARRY4 (Prop_carry4_CI_CO[2])
                                                      0.110    11.184 f  u_soc/Core_cpu/U_ID_EX/q_row_idx_reg[2][1]_i_12/CO[2]
                         net (fo=4, routed)           0.339    11.523    u_soc/Core_cpu/U_ID_EX/mispredict0
    SLICE_X34Y61         LUT2 (Prop_lut2_I0_O)        0.129    11.652 f  u_soc/Core_cpu/U_ID_EX/cnt_q[4]_i_10/O
                         net (fo=1, routed)           0.184    11.836    u_soc/Core_cpu/U_ID_EX/cnt_q[4]_i_10_n_2
    SLICE_X35Y60         LUT6 (Prop_lut6_I2_O)        0.043    11.879 r  u_soc/Core_cpu/U_ID_EX/cnt_q[4]_i_8/O
                         net (fo=5, routed)           0.291    12.170    u_soc/Core_cpu/u_ifu_subsys/u_btb/push_num1
    SLICE_X34Y58         LUT4 (Prop_lut4_I1_O)        0.043    12.213 r  u_soc/Core_cpu/u_ifu_subsys/u_btb/cnt_q[2]_i_5/O
                         net (fo=1, routed)           0.274    12.487    u_soc/Core_cpu/u_ifu_subsys/u_ibuf/cnt_q_reg[2]_0
    SLICE_X34Y57         LUT4 (Prop_lut4_I3_O)        0.043    12.530 r  u_soc/Core_cpu/u_ifu_subsys/u_ibuf/cnt_q[2]_i_2/O
                         net (fo=24, routed)          0.678    13.208    u_soc/Core_cpu/u_ifu_subsys/u_ibuf/ib_push_acc[1]
    SLICE_X46Y57         LUT3 (Prop_lut3_I0_O)        0.043    13.251 r  u_soc/Core_cpu/u_ifu_subsys/u_ibuf/cnt_q[1]_i_6/O
                         net (fo=97, routed)          0.883    14.134    u_soc/Core_cpu/u_ifu_subsys/u_ibuf/cnt_q_reg[4]_0
    SLICE_X56Y71         LUT5 (Prop_lut5_I4_O)        0.043    14.177 r  u_soc/Core_cpu/u_ifu_subsys/u_ibuf/ent_q[6][52]_i_5/O
                         net (fo=9, routed)           0.356    14.533    u_soc/Core_cpu/u_ifu_subsys/u_ibuf/p_0_in__0[52]
    SLICE_X58Y72         LUT5 (Prop_lut5_I2_O)        0.043    14.576 r  u_soc/Core_cpu/u_ifu_subsys/u_ibuf/ent_q[6][52]_i_3/O
                         net (fo=8, routed)           0.547    15.123    u_soc/Core_cpu/u_ifu_subsys/u_ibuf/ent_q[6][52]_i_3_n_2
    SLICE_X56Y78         LUT6 (Prop_lut6_I3_O)        0.043    15.166 r  u_soc/Core_cpu/u_ifu_subsys/u_ibuf/ent_q[5][52]_i_1/O
                         net (fo=1, routed)           0.000    15.166    u_soc/Core_cpu/u_ifu_subsys/u_ibuf/ent_q[5][52]_i_1_n_2
    SLICE_X56Y78         FDRE                                         r  u_soc/Core_cpu/u_ifu_subsys/u_ibuf/ent_q_reg[5][52]/D
  -------------------------------------------------------------------    -------------------

                         (clock clk rise edge)       11.000    11.000 r  
    AE23                                              0.000    11.000 r  clk (IN)
                         net (fo=0)                   0.000    11.000    clk
    AE23                 IBUF (Prop_ibuf_I_O)         0.660    11.660 r  clk_IBUF_inst/O
                         net (fo=1, routed)           2.516    14.176    clk_IBUF
    BUFGCTRL_X0Y0        BUFG (Prop_bufg_I_O)         0.083    14.259 r  u_bufg/O
                         net (fo=5673, routed)        1.419    15.678    u_soc/Core_cpu/u_ifu_subsys/u_ibuf/clk_buf
    SLICE_X56Y78         FDRE                                         r  u_soc/Core_cpu/u_ifu_subsys/u_ibuf/ent_q_reg[5][52]/C
                         clock pessimism              0.310    15.987    
                         clock uncertainty           -0.035    15.952    
    SLICE_X56Y78         FDRE (Setup_fdre_C_D)        0.064    16.016    u_soc/Core_cpu/u_ifu_subsys/u_ibuf/ent_q_reg[5][52]
  -------------------------------------------------------------------
                         required time                         16.016    
                         arrival time                         -15.166    
  -------------------------------------------------------------------
                         slack                                  0.850    

Slack (MET) :             0.853ns  (required time - arrival time)
  Source:                 u_soc/Core_cpu/timer_irq_d1_reg/C
                            (rising edge-triggered cell FDCE clocked by clk  {rise@0.000ns fall@5.500ns period=11.000ns})
  Destination:            u_soc/Core_cpu/u_ifu_subsys/u_icache/u_dat_way0/wt_q_reg/D
                            (rising edge-triggered cell FDRE clocked by clk  {rise@0.000ns fall@5.500ns period=11.000ns})
  Path Group:             clk
  Path Type:              Setup (Max at Slow Process Corner)
  Requirement:            11.000ns  (clk rise@11.000ns - clk rise@0.000ns)
  Data Path Delay:        10.191ns  (logic 2.371ns (23.266%)  route 7.820ns (76.734%))
  Logic Levels:           26  (CARRY4=9 LUT2=2 LUT3=2 LUT4=4 LUT6=9)
  Clock Path Skew:        0.045ns (DCD - SCD + CPR)
    Destination Clock Delay (DCD):    4.930ns = ( 15.930 - 11.000 ) 
    Source Clock Delay      (SCD):    5.121ns
    Clock Pessimism Removal (CPR):    0.237ns
  Clock Uncertainty:      0.035ns  ((TSJ^2 + TIJ^2)^1/2 + DJ) / 2 + PE
    Total System Jitter     (TSJ):    0.071ns
    Total Input Jitter      (TIJ):    0.000ns
    Discrete Jitter          (DJ):    0.000ns
    Phase Error              (PE):    0.000ns

    Location             Delay type                Incr(ns)  Path(ns)    Netlist Resource(s)
  -------------------------------------------------------------------    -------------------
                         (clock clk rise edge)        0.000     0.000 r  
    AE23                                              0.000     0.000 r  clk (IN)
                         net (fo=0)                   0.000     0.000    clk
    AE23                 IBUF (Prop_ibuf_I_O)         0.734     0.734 r  clk_IBUF_inst/O
                         net (fo=1, routed)           2.651     3.385    clk_IBUF
    BUFGCTRL_X0Y0        BUFG (Prop_bufg_I_O)         0.093     3.478 r  u_bufg/O
                         net (fo=5673, routed)        1.643     5.121    u_soc/Core_cpu/clk_buf
    SLICE_X21Y98         FDCE                                         r  u_soc/Core_cpu/timer_irq_d1_reg/C
  -------------------------------------------------------------------    -------------------
    SLICE_X21Y98         FDCE (Prop_fdce_C_Q)         0.223     5.344 f  u_soc/Core_cpu/timer_irq_d1_reg/Q
                         net (fo=2, routed)           1.328     6.672    u_soc/Core_cpu/U_ID_EX/timer_irq_d1
    SLICE_X23Y70         LUT6 (Prop_lut6_I0_O)        0.043     6.715 r  u_soc/Core_cpu/U_ID_EX/mscratch[0]_i_3/O
                         net (fo=1, routed)           0.467     7.182    u_soc/Core_cpu/U_ID_EX/mscratch[0]_i_3_n_2
    SLICE_X25Y68         LUT6 (Prop_lut6_I0_O)        0.043     7.225 f  u_soc/Core_cpu/U_ID_EX/mscratch[0]_i_2/O
                         net (fo=3, routed)           0.319     7.544    u_soc/Core_cpu/U_ID_EX/csr_rdata[0]
    SLICE_X27Y68         LUT4 (Prop_lut4_I0_O)        0.052     7.596 f  u_soc/Core_cpu/U_ID_EX/alu_c_reg[3]_i_20/O
                         net (fo=16, routed)          0.378     7.974    u_soc/Core_cpu/U_ID_EX/ex_A_final[0]
    SLICE_X29Y66         LUT4 (Prop_lut4_I1_O)        0.132     8.106 r  u_soc/Core_cpu/U_ID_EX/alu_c_reg[0]_i_39/O
                         net (fo=2, routed)           0.278     8.384    u_soc/Core_cpu/U_ID_EX/alu_c_reg[0]_i_39_n_2
    SLICE_X31Y67         CARRY4 (Prop_carry4_DI[0]_CO[3])
                                                      0.269     8.653 r  u_soc/Core_cpu/U_ID_EX/alu_c_reg[0]_i_27/CO[3]
                         net (fo=1, routed)           0.000     8.653    u_soc/Core_cpu/U_ID_EX/alu_c_reg[0]_i_27_n_2
    SLICE_X31Y68         CARRY4 (Prop_carry4_CI_CO[3])
                                                      0.053     8.706 r  u_soc/Core_cpu/U_ID_EX/alu_c_reg[0]_i_17/CO[3]
                         net (fo=1, routed)           0.000     8.706    u_soc/Core_cpu/U_ID_EX/alu_c_reg[0]_i_17_n_2
    SLICE_X31Y69         CARRY4 (Prop_carry4_CI_CO[3])
                                                      0.053     8.759 r  u_soc/Core_cpu/U_ID_EX/alu_c_reg[0]_i_6/CO[3]
                         net (fo=1, routed)           0.000     8.759    u_soc/Core_cpu/U_ID_EX/alu_c_reg[0]_i_6_n_2
    SLICE_X31Y70         CARRY4 (Prop_carry4_CI_CO[3])
                                                      0.053     8.812 r  u_soc/Core_cpu/U_ID_EX/alu_c_reg[0]_i_3/CO[3]
                         net (fo=2, routed)           0.424     9.236    u_soc/Core_cpu/U_ID_EX/U_ALU/data9
    SLICE_X32Y70         LUT4 (Prop_lut4_I3_O)        0.043     9.279 f  u_soc/Core_cpu/U_ID_EX/u1_taken_i_3/O
                         net (fo=2, routed)           0.338     9.616    u_soc/Core_cpu/U_ID_EX/u1_taken_i_3_n_2
    SLICE_X32Y70         LUT6 (Prop_lut6_I4_O)        0.043     9.659 r  u_soc/Core_cpu/U_ID_EX/dat_q_reg_0_63_2_2_i_6/O
                         net (fo=34, routed)          0.438    10.097    u_soc/Core_cpu/U_ID_EX/dat_q_reg_0_63_2_2_i_6_n_2
    SLICE_X35Y66         LUT3 (Prop_lut3_I2_O)        0.043    10.140 f  u_soc/Core_cpu/U_ID_EX/q_row_idx[2][1]_i_10/O
                         net (fo=5, routed)           0.247    10.387    u_soc/Core_cpu/U_ID_EX/q_row_idx[2][1]_i_10_n_2
    SLICE_X35Y65         LUT6 (Prop_lut6_I0_O)        0.043    10.430 r  u_soc/Core_cpu/U_ID_EX/q_pc_q[1]_i_3/O
                         net (fo=2, routed)           0.289    10.719    u_soc/Core_cpu/U_ID_EX/actual_npc[0]
    SLICE_X36Y64         LUT6 (Prop_lut6_I5_O)        0.043    10.762 r  u_soc/Core_cpu/U_ID_EX/q_row_idx[2][1]_i_25/O
                         net (fo=1, routed)           0.000    10.762    u_soc/Core_cpu/U_ID_EX/q_row_idx[2][1]_i_25_n_2
    SLICE_X36Y64         CARRY4 (Prop_carry4_S[0]_CO[3])
                                                      0.259    11.021 r  u_soc/Core_cpu/U_ID_EX/q_row_idx_reg[2][1]_i_17/CO[3]
                         net (fo=1, routed)           0.000    11.021    u_soc/Core_cpu/U_ID_EX/q_row_idx_reg[2][1]_i_17_n_2
    SLICE_X36Y65         CARRY4 (Prop_carry4_CI_CO[3])
                                                      0.053    11.074 r  u_soc/Core_cpu/U_ID_EX/q_row_idx_reg[2][1]_i_13/CO[3]
                         net (fo=1, routed)           0.000    11.074    u_soc/Core_cpu/U_ID_EX/q_row_idx_reg[2][1]_i_13_n_2
    SLICE_X36Y66         CARRY4 (Prop_carry4_CI_CO[2])
                                                      0.110    11.184 f  u_soc/Core_cpu/U_ID_EX/q_row_idx_reg[2][1]_i_12/CO[2]
                         net (fo=4, routed)           0.339    11.523    u_soc/Core_cpu/U_ID_EX/mispredict0
    SLICE_X34Y61         LUT2 (Prop_lut2_I0_O)        0.129    11.652 f  u_soc/Core_cpu/U_ID_EX/cnt_q[4]_i_10/O
                         net (fo=1, routed)           0.184    11.836    u_soc/Core_cpu/U_ID_EX/cnt_q[4]_i_10_n_2
    SLICE_X35Y60         LUT6 (Prop_lut6_I2_O)        0.043    11.879 r  u_soc/Core_cpu/U_ID_EX/cnt_q[4]_i_8/O
                         net (fo=5, routed)           0.328    12.207    u_soc/Core_cpu/u_ifu_subsys/u_btb/push_num1
    SLICE_X35Y57         LUT6 (Prop_lut6_I0_O)        0.043    12.250 r  u_soc/Core_cpu/u_ifu_subsys/u_btb/cnt_q[4]_i_6/O
                         net (fo=1, routed)           0.416    12.666    u_soc/Core_cpu/u_ifu_subsys/u_ibuf/push_num[2]
    SLICE_X45Y57         LUT3 (Prop_lut3_I1_O)        0.043    12.709 r  u_soc/Core_cpu/u_ifu_subsys/u_ibuf/cnt_q[4]_i_4/O
                         net (fo=912, routed)         0.794    13.503    u_soc/Core_cpu/u_ifu_subsys/u_icache/u_tag_way0/u_prim/ib_push_acc[2]
    SLICE_X27Y50         LUT2 (Prop_lut2_I1_O)        0.043    13.546 r  u_soc/Core_cpu/u_ifu_subsys/u_icache/u_tag_way0/u_prim/q_t0_idx[0]_i_5/O
                         net (fo=1, routed)           0.000    13.546    u_soc/Core_cpu/u_ifu_subsys/u_icache/u_tag_way0/u_prim/q_t0_idx[0]_i_5_n_2
    SLICE_X27Y50         CARRY4 (Prop_carry4_S[3]_CO[3])
                                                      0.193    13.739 r  u_soc/Core_cpu/u_ifu_subsys/u_icache/u_tag_way0/u_prim/q_t0_idx_reg[0]_i_2/CO[3]
                         net (fo=1, routed)           0.000    13.739    u_soc/Core_cpu/u_ifu_subsys/u_icache/u_tag_way0_n_133
    SLICE_X27Y51         CARRY4 (Prop_carry4_CI_O[2])
                                                      0.111    13.850 r  u_soc/Core_cpu/u_ifu_subsys/u_icache/q_t0_idx_reg[1]_i_2/O[2]
                         net (fo=2, routed)           0.321    14.171    u_soc/Core_cpu/u_ifu_subsys/u_btb/mem_q_reg_1[5]
    SLICE_X25Y51         LUT6 (Prop_lut6_I0_O)        0.122    14.293 r  u_soc/Core_cpu/u_ifu_subsys/u_btb/q_row_idx[0][3]_i_1/O
                         net (fo=57, routed)          0.484    14.777    u_soc/Core_cpu/u_ifu_subsys/u_btb/rst_cpu_reg_rep__14_0[2]
    SLICE_X25Y48         LUT6 (Prop_lut6_I2_O)        0.043    14.820 r  u_soc/Core_cpu/u_ifu_subsys/u_btb/wt_q_i_2__1/O
                         net (fo=2, routed)           0.449    15.269    u_soc/Core_cpu/u_ifu_subsys/u_refill/wt_q_reg
    SLICE_X25Y44         LUT4 (Prop_lut4_I1_O)        0.043    15.312 r  u_soc/Core_cpu/u_ifu_subsys/u_refill/wt_q_i_1__0/O
                         net (fo=1, routed)           0.000    15.312    u_soc/Core_cpu/u_ifu_subsys/u_icache/u_dat_way0/wt_q_reg_1
    SLICE_X25Y44         FDRE                                         r  u_soc/Core_cpu/u_ifu_subsys/u_icache/u_dat_way0/wt_q_reg/D
  -------------------------------------------------------------------    -------------------

                         (clock clk rise edge)       11.000    11.000 r  
    AE23                                              0.000    11.000 r  clk (IN)
                         net (fo=0)                   0.000    11.000    clk
    AE23                 IBUF (Prop_ibuf_I_O)         0.660    11.660 r  clk_IBUF_inst/O
                         net (fo=1, routed)           2.516    14.176    clk_IBUF
    BUFGCTRL_X0Y0        BUFG (Prop_bufg_I_O)         0.083    14.259 r  u_bufg/O
                         net (fo=5673, routed)        1.671    15.930    u_soc/Core_cpu/u_ifu_subsys/u_icache/u_dat_way0/clk_buf
    SLICE_X25Y44         FDRE                                         r  u_soc/Core_cpu/u_ifu_subsys/u_icache/u_dat_way0/wt_q_reg/C
                         clock pessimism              0.237    16.166    
                         clock uncertainty           -0.035    16.131    
    SLICE_X25Y44         FDRE (Setup_fdre_C_D)        0.034    16.165    u_soc/Core_cpu/u_ifu_subsys/u_icache/u_dat_way0/wt_q_reg
  -------------------------------------------------------------------
                         required time                         16.165    
                         arrival time                         -15.312    
  -------------------------------------------------------------------
                         slack                                  0.853    

Slack (MET) :             0.854ns  (required time - arrival time)
  Source:                 u_soc/Core_cpu/timer_irq_d1_reg/C
                            (rising edge-triggered cell FDCE clocked by clk  {rise@0.000ns fall@5.500ns period=11.000ns})
  Destination:            u_soc/Core_cpu/u_ifu_subsys/u_icache/u_dat_way0/u_prim/mem_q_reg_0/ADDRARDADDR[8]
                            (rising edge-triggered cell RAMB36E1 clocked by clk  {rise@0.000ns fall@5.500ns period=11.000ns})
  Path Group:             clk
  Path Type:              Setup (Max at Slow Process Corner)
  Requirement:            11.000ns  (clk rise@11.000ns - clk rise@0.000ns)
  Data Path Delay:        9.772ns  (logic 2.341ns (23.956%)  route 7.431ns (76.044%))
  Logic Levels:           24  (CARRY4=9 LUT2=2 LUT3=2 LUT4=3 LUT6=8)
  Clock Path Skew:        0.078ns (DCD - SCD + CPR)
    Destination Clock Delay (DCD):    4.962ns = ( 15.962 - 11.000 ) 
    Source Clock Delay      (SCD):    5.121ns
    Clock Pessimism Removal (CPR):    0.237ns
  Clock Uncertainty:      0.035ns  ((TSJ^2 + TIJ^2)^1/2 + DJ) / 2 + PE
    Total System Jitter     (TSJ):    0.071ns
    Total Input Jitter      (TIJ):    0.000ns
    Discrete Jitter          (DJ):    0.000ns
    Phase Error              (PE):    0.000ns

    Location             Delay type                Incr(ns)  Path(ns)    Netlist Resource(s)
  -------------------------------------------------------------------    -------------------
                         (clock clk rise edge)        0.000     0.000 r  
    AE23                                              0.000     0.000 r  clk (IN)
                         net (fo=0)                   0.000     0.000    clk
    AE23                 IBUF (Prop_ibuf_I_O)         0.734     0.734 r  clk_IBUF_inst/O
                         net (fo=1, routed)           2.651     3.385    clk_IBUF
    BUFGCTRL_X0Y0        BUFG (Prop_bufg_I_O)         0.093     3.478 r  u_bufg/O
                         net (fo=5673, routed)        1.643     5.121    u_soc/Core_cpu/clk_buf
    SLICE_X21Y98         FDCE                                         r  u_soc/Core_cpu/timer_irq_d1_reg/C
  -------------------------------------------------------------------    -------------------
    SLICE_X21Y98         FDCE (Prop_fdce_C_Q)         0.223     5.344 f  u_soc/Core_cpu/timer_irq_d1_reg/Q
                         net (fo=2, routed)           1.328     6.672    u_soc/Core_cpu/U_ID_EX/timer_irq_d1
    SLICE_X23Y70         LUT6 (Prop_lut6_I0_O)        0.043     6.715 r  u_soc/Core_cpu/U_ID_EX/mscratch[0]_i_3/O
                         net (fo=1, routed)           0.467     7.182    u_soc/Core_cpu/U_ID_EX/mscratch[0]_i_3_n_2
    SLICE_X25Y68         LUT6 (Prop_lut6_I0_O)        0.043     7.225 f  u_soc/Core_cpu/U_ID_EX/mscratch[0]_i_2/O
                         net (fo=3, routed)           0.319     7.544    u_soc/Core_cpu/U_ID_EX/csr_rdata[0]
    SLICE_X27Y68         LUT4 (Prop_lut4_I0_O)        0.052     7.596 f  u_soc/Core_cpu/U_ID_EX/alu_c_reg[3]_i_20/O
                         net (fo=16, routed)          0.378     7.974    u_soc/Core_cpu/U_ID_EX/ex_A_final[0]
    SLICE_X29Y66         LUT4 (Prop_lut4_I1_O)        0.132     8.106 r  u_soc/Core_cpu/U_ID_EX/alu_c_reg[0]_i_39/O
                         net (fo=2, routed)           0.278     8.384    u_soc/Core_cpu/U_ID_EX/alu_c_reg[0]_i_39_n_2
    SLICE_X31Y67         CARRY4 (Prop_carry4_DI[0]_CO[3])
                                                      0.269     8.653 r  u_soc/Core_cpu/U_ID_EX/alu_c_reg[0]_i_27/CO[3]
                         net (fo=1, routed)           0.000     8.653    u_soc/Core_cpu/U_ID_EX/alu_c_reg[0]_i_27_n_2
    SLICE_X31Y68         CARRY4 (Prop_carry4_CI_CO[3])
                                                      0.053     8.706 r  u_soc/Core_cpu/U_ID_EX/alu_c_reg[0]_i_17/CO[3]
                         net (fo=1, routed)           0.000     8.706    u_soc/Core_cpu/U_ID_EX/alu_c_reg[0]_i_17_n_2
    SLICE_X31Y69         CARRY4 (Prop_carry4_CI_CO[3])
                                                      0.053     8.759 r  u_soc/Core_cpu/U_ID_EX/alu_c_reg[0]_i_6/CO[3]
                         net (fo=1, routed)           0.000     8.759    u_soc/Core_cpu/U_ID_EX/alu_c_reg[0]_i_6_n_2
    SLICE_X31Y70         CARRY4 (Prop_carry4_CI_CO[3])
                                                      0.053     8.812 r  u_soc/Core_cpu/U_ID_EX/alu_c_reg[0]_i_3/CO[3]
                         net (fo=2, routed)           0.424     9.236    u_soc/Core_cpu/U_ID_EX/U_ALU/data9
    SLICE_X32Y70         LUT4 (Prop_lut4_I3_O)        0.043     9.279 f  u_soc/Core_cpu/U_ID_EX/u1_taken_i_3/O
                         net (fo=2, routed)           0.338     9.616    u_soc/Core_cpu/U_ID_EX/u1_taken_i_3_n_2
    SLICE_X32Y70         LUT6 (Prop_lut6_I4_O)        0.043     9.659 r  u_soc/Core_cpu/U_ID_EX/dat_q_reg_0_63_2_2_i_6/O
                         net (fo=34, routed)          0.438    10.097    u_soc/Core_cpu/U_ID_EX/dat_q_reg_0_63_2_2_i_6_n_2
    SLICE_X35Y66         LUT3 (Prop_lut3_I2_O)        0.043    10.140 f  u_soc/Core_cpu/U_ID_EX/q_row_idx[2][1]_i_10/O
                         net (fo=5, routed)           0.247    10.387    u_soc/Core_cpu/U_ID_EX/q_row_idx[2][1]_i_10_n_2
    SLICE_X35Y65         LUT6 (Prop_lut6_I0_O)        0.043    10.430 r  u_soc/Core_cpu/U_ID_EX/q_pc_q[1]_i_3/O
                         net (fo=2, routed)           0.289    10.719    u_soc/Core_cpu/U_ID_EX/actual_npc[0]
    SLICE_X36Y64         LUT6 (Prop_lut6_I5_O)        0.043    10.762 r  u_soc/Core_cpu/U_ID_EX/q_row_idx[2][1]_i_25/O
                         net (fo=1, routed)           0.000    10.762    u_soc/Core_cpu/U_ID_EX/q_row_idx[2][1]_i_25_n_2
    SLICE_X36Y64         CARRY4 (Prop_carry4_S[0]_CO[3])
                                                      0.259    11.021 r  u_soc/Core_cpu/U_ID_EX/q_row_idx_reg[2][1]_i_17/CO[3]
                         net (fo=1, routed)           0.000    11.021    u_soc/Core_cpu/U_ID_EX/q_row_idx_reg[2][1]_i_17_n_2
    SLICE_X36Y65         CARRY4 (Prop_carry4_CI_CO[3])
                                                      0.053    11.074 r  u_soc/Core_cpu/U_ID_EX/q_row_idx_reg[2][1]_i_13/CO[3]
                         net (fo=1, routed)           0.000    11.074    u_soc/Core_cpu/U_ID_EX/q_row_idx_reg[2][1]_i_13_n_2
    SLICE_X36Y66         CARRY4 (Prop_carry4_CI_CO[2])
                                                      0.110    11.184 f  u_soc/Core_cpu/U_ID_EX/q_row_idx_reg[2][1]_i_12/CO[2]
                         net (fo=4, routed)           0.339    11.523    u_soc/Core_cpu/U_ID_EX/mispredict0
    SLICE_X34Y61         LUT2 (Prop_lut2_I0_O)        0.129    11.652 f  u_soc/Core_cpu/U_ID_EX/cnt_q[4]_i_10/O
                         net (fo=1, routed)           0.184    11.836    u_soc/Core_cpu/U_ID_EX/cnt_q[4]_i_10_n_2
    SLICE_X35Y60         LUT6 (Prop_lut6_I2_O)        0.043    11.879 r  u_soc/Core_cpu/U_ID_EX/cnt_q[4]_i_8/O
                         net (fo=5, routed)           0.328    12.207    u_soc/Core_cpu/u_ifu_subsys/u_btb/push_num1
    SLICE_X35Y57         LUT6 (Prop_lut6_I0_O)        0.043    12.250 r  u_soc/Core_cpu/u_ifu_subsys/u_btb/cnt_q[4]_i_6/O
                         net (fo=1, routed)           0.416    12.666    u_soc/Core_cpu/u_ifu_subsys/u_ibuf/push_num[2]
    SLICE_X45Y57         LUT3 (Prop_lut3_I1_O)        0.043    12.709 r  u_soc/Core_cpu/u_ifu_subsys/u_ibuf/cnt_q[4]_i_4/O
                         net (fo=912, routed)         0.794    13.503    u_soc/Core_cpu/u_ifu_subsys/u_icache/u_tag_way0/u_prim/ib_push_acc[2]
    SLICE_X27Y50         LUT2 (Prop_lut2_I1_O)        0.043    13.546 r  u_soc/Core_cpu/u_ifu_subsys/u_icache/u_tag_way0/u_prim/q_t0_idx[0]_i_5/O
                         net (fo=1, routed)           0.000    13.546    u_soc/Core_cpu/u_ifu_subsys/u_icache/u_tag_way0/u_prim/q_t0_idx[0]_i_5_n_2
    SLICE_X27Y50         CARRY4 (Prop_carry4_S[3]_CO[3])
                                                      0.193    13.739 r  u_soc/Core_cpu/u_ifu_subsys/u_icache/u_tag_way0/u_prim/q_t0_idx_reg[0]_i_2/CO[3]
                         net (fo=1, routed)           0.000    13.739    u_soc/Core_cpu/u_ifu_subsys/u_icache/u_tag_way0_n_133
    SLICE_X27Y51         CARRY4 (Prop_carry4_CI_O[1])
                                                      0.166    13.905 r  u_soc/Core_cpu/u_ifu_subsys/u_icache/q_t0_idx_reg[1]_i_2/O[1]
                         net (fo=2, routed)           0.187    14.093    u_soc/Core_cpu/u_ifu_subsys/u_btb/mem_q_reg_1[4]
    SLICE_X25Y51         LUT6 (Prop_lut6_I0_O)        0.123    14.216 r  u_soc/Core_cpu/u_ifu_subsys/u_btb/q_row_idx[0][2]_i_1/O
                         net (fo=58, routed)          0.678    14.894    u_soc/Core_cpu/u_ifu_subsys/u_icache/u_dat_way0/u_prim/rd_addr[2]
    RAMB36_X1Y8          RAMB36E1                                     r  u_soc/Core_cpu/u_ifu_subsys/u_icache/u_dat_way0/u_prim/mem_q_reg_0/ADDRARDADDR[8]
  -------------------------------------------------------------------    -------------------

                         (clock clk rise edge)       11.000    11.000 r  
    AE23                                              0.000    11.000 r  clk (IN)
                         net (fo=0)                   0.000    11.000    clk
    AE23                 IBUF (Prop_ibuf_I_O)         0.660    11.660 r  clk_IBUF_inst/O
                         net (fo=1, routed)           2.516    14.176    clk_IBUF
    BUFGCTRL_X0Y0        BUFG (Prop_bufg_I_O)         0.083    14.259 r  u_bufg/O
                         net (fo=5673, routed)        1.704    15.962    u_soc/Core_cpu/u_ifu_subsys/u_icache/u_dat_way0/u_prim/clk_buf
    RAMB36_X1Y8          RAMB36E1                                     r  u_soc/Core_cpu/u_ifu_subsys/u_icache/u_dat_way0/u_prim/mem_q_reg_0/CLKARDCLK
                         clock pessimism              0.237    16.199    
                         clock uncertainty           -0.035    16.164    
    RAMB36_X1Y8          RAMB36E1 (Setup_ramb36e1_CLKARDCLK_ADDRARDADDR[8])
                                                     -0.416    15.748    u_soc/Core_cpu/u_ifu_subsys/u_icache/u_dat_way0/u_prim/mem_q_reg_0
  -------------------------------------------------------------------
                         required time                         15.748    
                         arrival time                         -14.894    
  -------------------------------------------------------------------
                         slack                                  0.854    

Slack (MET) :             0.856ns  (required time - arrival time)
  Source:                 u_soc/Core_cpu/timer_irq_d1_reg/C
                            (rising edge-triggered cell FDCE clocked by clk  {rise@0.000ns fall@5.500ns period=11.000ns})
  Destination:            u_soc/Core_cpu/u_ifu_subsys/u_ibuf/ent_q_reg[0][52]/D
                            (rising edge-triggered cell FDRE clocked by clk  {rise@0.000ns fall@5.500ns period=11.000ns})
  Path Group:             clk
  Path Type:              Setup (Max at Slow Process Corner)
  Requirement:            11.000ns  (clk rise@11.000ns - clk rise@0.000ns)
  Data Path Delay:        10.007ns  (logic 1.988ns (19.865%)  route 8.019ns (80.135%))
  Logic Levels:           24  (CARRY4=7 LUT2=1 LUT3=2 LUT4=5 LUT5=2 LUT6=7)
  Clock Path Skew:        -0.135ns (DCD - SCD + CPR)
    Destination Clock Delay (DCD):    4.677ns = ( 15.677 - 11.000 ) 
    Source Clock Delay      (SCD):    5.121ns
    Clock Pessimism Removal (CPR):    0.310ns
  Clock Uncertainty:      0.035ns  ((TSJ^2 + TIJ^2)^1/2 + DJ) / 2 + PE
    Total System Jitter     (TSJ):    0.071ns
    Total Input Jitter      (TIJ):    0.000ns
    Discrete Jitter          (DJ):    0.000ns
    Phase Error              (PE):    0.000ns

    Location             Delay type                Incr(ns)  Path(ns)    Netlist Resource(s)
  -------------------------------------------------------------------    -------------------
                         (clock clk rise edge)        0.000     0.000 r  
    AE23                                              0.000     0.000 r  clk (IN)
                         net (fo=0)                   0.000     0.000    clk
    AE23                 IBUF (Prop_ibuf_I_O)         0.734     0.734 r  clk_IBUF_inst/O
                         net (fo=1, routed)           2.651     3.385    clk_IBUF
    BUFGCTRL_X0Y0        BUFG (Prop_bufg_I_O)         0.093     3.478 r  u_bufg/O
                         net (fo=5673, routed)        1.643     5.121    u_soc/Core_cpu/clk_buf
    SLICE_X21Y98         FDCE                                         r  u_soc/Core_cpu/timer_irq_d1_reg/C
  -------------------------------------------------------------------    -------------------
    SLICE_X21Y98         FDCE (Prop_fdce_C_Q)         0.223     5.344 f  u_soc/Core_cpu/timer_irq_d1_reg/Q
                         net (fo=2, routed)           1.328     6.672    u_soc/Core_cpu/U_ID_EX/timer_irq_d1
    SLICE_X23Y70         LUT6 (Prop_lut6_I0_O)        0.043     6.715 r  u_soc/Core_cpu/U_ID_EX/mscratch[0]_i_3/O
                         net (fo=1, routed)           0.467     7.182    u_soc/Core_cpu/U_ID_EX/mscratch[0]_i_3_n_2
    SLICE_X25Y68         LUT6 (Prop_lut6_I0_O)        0.043     7.225 f  u_soc/Core_cpu/U_ID_EX/mscratch[0]_i_2/O
                         net (fo=3, routed)           0.319     7.544    u_soc/Core_cpu/U_ID_EX/csr_rdata[0]
    SLICE_X27Y68         LUT4 (Prop_lut4_I0_O)        0.052     7.596 f  u_soc/Core_cpu/U_ID_EX/alu_c_reg[3]_i_20/O
                         net (fo=16, routed)          0.378     7.974    u_soc/Core_cpu/U_ID_EX/ex_A_final[0]
    SLICE_X29Y66         LUT4 (Prop_lut4_I1_O)        0.132     8.106 r  u_soc/Core_cpu/U_ID_EX/alu_c_reg[0]_i_39/O
                         net (fo=2, routed)           0.278     8.384    u_soc/Core_cpu/U_ID_EX/alu_c_reg[0]_i_39_n_2
    SLICE_X31Y67         CARRY4 (Prop_carry4_DI[0]_CO[3])
                                                      0.269     8.653 r  u_soc/Core_cpu/U_ID_EX/alu_c_reg[0]_i_27/CO[3]
                         net (fo=1, routed)           0.000     8.653    u_soc/Core_cpu/U_ID_EX/alu_c_reg[0]_i_27_n_2
    SLICE_X31Y68         CARRY4 (Prop_carry4_CI_CO[3])
                                                      0.053     8.706 r  u_soc/Core_cpu/U_ID_EX/alu_c_reg[0]_i_17/CO[3]
                         net (fo=1, routed)           0.000     8.706    u_soc/Core_cpu/U_ID_EX/alu_c_reg[0]_i_17_n_2
    SLICE_X31Y69         CARRY4 (Prop_carry4_CI_CO[3])
                                                      0.053     8.759 r  u_soc/Core_cpu/U_ID_EX/alu_c_reg[0]_i_6/CO[3]
                         net (fo=1, routed)           0.000     8.759    u_soc/Core_cpu/U_ID_EX/alu_c_reg[0]_i_6_n_2
    SLICE_X31Y70         CARRY4 (Prop_carry4_CI_CO[3])
                                                      0.053     8.812 r  u_soc/Core_cpu/U_ID_EX/alu_c_reg[0]_i_3/CO[3]
                         net (fo=2, routed)           0.424     9.236    u_soc/Core_cpu/U_ID_EX/U_ALU/data9
    SLICE_X32Y70         LUT4 (Prop_lut4_I3_O)        0.043     9.279 f  u_soc/Core_cpu/U_ID_EX/u1_taken_i_3/O
                         net (fo=2, routed)           0.338     9.616    u_soc/Core_cpu/U_ID_EX/u1_taken_i_3_n_2
    SLICE_X32Y70         LUT6 (Prop_lut6_I4_O)        0.043     9.659 r  u_soc/Core_cpu/U_ID_EX/dat_q_reg_0_63_2_2_i_6/O
                         net (fo=34, routed)          0.438    10.097    u_soc/Core_cpu/U_ID_EX/dat_q_reg_0_63_2_2_i_6_n_2
    SLICE_X35Y66         LUT3 (Prop_lut3_I2_O)        0.043    10.140 f  u_soc/Core_cpu/U_ID_EX/q_row_idx[2][1]_i_10/O
                         net (fo=5, routed)           0.247    10.387    u_soc/Core_cpu/U_ID_EX/q_row_idx[2][1]_i_10_n_2
    SLICE_X35Y65         LUT6 (Prop_lut6_I0_O)        0.043    10.430 r  u_soc/Core_cpu/U_ID_EX/q_pc_q[1]_i_3/O
                         net (fo=2, routed)           0.289    10.719    u_soc/Core_cpu/U_ID_EX/actual_npc[0]
    SLICE_X36Y64         LUT6 (Prop_lut6_I5_O)        0.043    10.762 r  u_soc/Core_cpu/U_ID_EX/q_row_idx[2][1]_i_25/O
                         net (fo=1, routed)           0.000    10.762    u_soc/Core_cpu/U_ID_EX/q_row_idx[2][1]_i_25_n_2
    SLICE_X36Y64         CARRY4 (Prop_carry4_S[0]_CO[3])
                                                      0.259    11.021 r  u_soc/Core_cpu/U_ID_EX/q_row_idx_reg[2][1]_i_17/CO[3]
                         net (fo=1, routed)           0.000    11.021    u_soc/Core_cpu/U_ID_EX/q_row_idx_reg[2][1]_i_17_n_2
    SLICE_X36Y65         CARRY4 (Prop_carry4_CI_CO[3])
                                                      0.053    11.074 r  u_soc/Core_cpu/U_ID_EX/q_row_idx_reg[2][1]_i_13/CO[3]
                         net (fo=1, routed)           0.000    11.074    u_soc/Core_cpu/U_ID_EX/q_row_idx_reg[2][1]_i_13_n_2
    SLICE_X36Y66         CARRY4 (Prop_carry4_CI_CO[2])
                                                      0.110    11.184 f  u_soc/Core_cpu/U_ID_EX/q_row_idx_reg[2][1]_i_12/CO[2]
                         net (fo=4, routed)           0.339    11.523    u_soc/Core_cpu/U_ID_EX/mispredict0
    SLICE_X34Y61         LUT2 (Prop_lut2_I0_O)        0.129    11.652 f  u_soc/Core_cpu/U_ID_EX/cnt_q[4]_i_10/O
                         net (fo=1, routed)           0.184    11.836    u_soc/Core_cpu/U_ID_EX/cnt_q[4]_i_10_n_2
    SLICE_X35Y60         LUT6 (Prop_lut6_I2_O)        0.043    11.879 r  u_soc/Core_cpu/U_ID_EX/cnt_q[4]_i_8/O
                         net (fo=5, routed)           0.291    12.170    u_soc/Core_cpu/u_ifu_subsys/u_btb/push_num1
    SLICE_X34Y58         LUT4 (Prop_lut4_I1_O)        0.043    12.213 r  u_soc/Core_cpu/u_ifu_subsys/u_btb/cnt_q[2]_i_5/O
                         net (fo=1, routed)           0.274    12.487    u_soc/Core_cpu/u_ifu_subsys/u_ibuf/cnt_q_reg[2]_0
    SLICE_X34Y57         LUT4 (Prop_lut4_I3_O)        0.043    12.530 r  u_soc/Core_cpu/u_ifu_subsys/u_ibuf/cnt_q[2]_i_2/O
                         net (fo=24, routed)          0.678    13.208    u_soc/Core_cpu/u_ifu_subsys/u_ibuf/ib_push_acc[1]
    SLICE_X46Y57         LUT3 (Prop_lut3_I0_O)        0.043    13.251 r  u_soc/Core_cpu/u_ifu_subsys/u_ibuf/cnt_q[1]_i_6/O
                         net (fo=97, routed)          0.883    14.134    u_soc/Core_cpu/u_ifu_subsys/u_ibuf/cnt_q_reg[4]_0
    SLICE_X56Y71         LUT5 (Prop_lut5_I4_O)        0.043    14.177 r  u_soc/Core_cpu/u_ifu_subsys/u_ibuf/ent_q[6][52]_i_5/O
                         net (fo=9, routed)           0.356    14.533    u_soc/Core_cpu/u_ifu_subsys/u_ibuf/p_0_in__0[52]
    SLICE_X58Y72         LUT5 (Prop_lut5_I2_O)        0.043    14.576 r  u_soc/Core_cpu/u_ifu_subsys/u_ibuf/ent_q[6][52]_i_3/O
                         net (fo=8, routed)           0.510    15.086    u_soc/Core_cpu/u_ifu_subsys/u_ibuf/ent_q[6][52]_i_3_n_2
    SLICE_X57Y77         LUT6 (Prop_lut6_I3_O)        0.043    15.129 r  u_soc/Core_cpu/u_ifu_subsys/u_ibuf/ent_q[0][52]_i_1/O
                         net (fo=1, routed)           0.000    15.129    u_soc/Core_cpu/u_ifu_subsys/u_ibuf/ent_q[0][52]_i_1_n_2
    SLICE_X57Y77         FDRE                                         r  u_soc/Core_cpu/u_ifu_subsys/u_ibuf/ent_q_reg[0][52]/D
  -------------------------------------------------------------------    -------------------

                         (clock clk rise edge)       11.000    11.000 r  
    AE23                                              0.000    11.000 r  clk (IN)
                         net (fo=0)                   0.000    11.000    clk
    AE23                 IBUF (Prop_ibuf_I_O)         0.660    11.660 r  clk_IBUF_inst/O
                         net (fo=1, routed)           2.516    14.176    clk_IBUF
    BUFGCTRL_X0Y0        BUFG (Prop_bufg_I_O)         0.083    14.259 r  u_bufg/O
                         net (fo=5673, routed)        1.418    15.677    u_soc/Core_cpu/u_ifu_subsys/u_ibuf/clk_buf
    SLICE_X57Y77         FDRE                                         r  u_soc/Core_cpu/u_ifu_subsys/u_ibuf/ent_q_reg[0][52]/C
                         clock pessimism              0.310    15.986    
                         clock uncertainty           -0.035    15.951    
    SLICE_X57Y77         FDRE (Setup_fdre_C_D)        0.034    15.985    u_soc/Core_cpu/u_ifu_subsys/u_ibuf/ent_q_reg[0][52]
  -------------------------------------------------------------------
                         required time                         15.985    
                         arrival time                         -15.129    
  -------------------------------------------------------------------
                         slack                                  0.856    





Pulse Width Checks
--------------------------------------------------------------------------------------
Clock Name:         clk
Waveform(ns):       { 0.000 5.500 }
Period(ns):         11.000
Sources:            { clk }

Check Type        Corner  Lib Pin             Reference Pin  Required(ns)  Actual(ns)  Slack(ns)  Location      Pin
Min Period        n/a     RAMB36E1/CLKARDCLK  n/a            2.095         11.000      8.905      RAMB36_X1Y8   u_soc/Core_cpu/u_ifu_subsys/u_icache/u_dat_way0/u_prim/mem_q_reg_0/CLKARDCLK
Min Period        n/a     RAMB36E1/CLKBWRCLK  n/a            2.095         11.000      8.905      RAMB36_X1Y8   u_soc/Core_cpu/u_ifu_subsys/u_icache/u_dat_way0/u_prim/mem_q_reg_0/CLKBWRCLK
Min Period        n/a     RAMB36E1/CLKARDCLK  n/a            2.095         11.000      8.905      RAMB36_X1Y9   u_soc/Core_cpu/u_ifu_subsys/u_icache/u_dat_way0/u_prim/mem_q_reg_1/CLKARDCLK
Min Period        n/a     RAMB36E1/CLKBWRCLK  n/a            2.095         11.000      8.905      RAMB36_X1Y9   u_soc/Core_cpu/u_ifu_subsys/u_icache/u_dat_way0/u_prim/mem_q_reg_1/CLKBWRCLK
Min Period        n/a     RAMB36E1/CLKARDCLK  n/a            2.095         11.000      8.905      RAMB36_X1Y7   u_soc/Core_cpu/u_ifu_subsys/u_icache/u_dat_way1/u_prim/mem_q_reg_0/CLKARDCLK
Min Period        n/a     RAMB36E1/CLKBWRCLK  n/a            2.095         11.000      8.905      RAMB36_X1Y7   u_soc/Core_cpu/u_ifu_subsys/u_icache/u_dat_way1/u_prim/mem_q_reg_0/CLKBWRCLK
Min Period        n/a     RAMB36E1/CLKARDCLK  n/a            2.095         11.000      8.905      RAMB36_X1Y10  u_soc/Core_cpu/u_ifu_subsys/u_icache/u_dat_way1/u_prim/mem_q_reg_1/CLKARDCLK
Min Period        n/a     RAMB36E1/CLKBWRCLK  n/a            2.095         11.000      8.905      RAMB36_X1Y10  u_soc/Core_cpu/u_ifu_subsys/u_icache/u_dat_way1/u_prim/mem_q_reg_1/CLKBWRCLK
Min Period        n/a     RAMB36E1/CLKARDCLK  n/a            2.095         11.000      8.905      RAMB36_X0Y19  u_soc/Mem_DRAM/u_prim/mem_reg_0/CLKARDCLK
Min Period        n/a     RAMB36E1/CLKARDCLK  n/a            2.095         11.000      8.905      RAMB36_X1Y21  u_soc/Mem_DRAM/u_prim/mem_reg_1/CLKARDCLK
Min Period        n/a     RAMB36E1/CLKARDCLK  n/a            2.095         11.000      8.905      RAMB36_X0Y17  u_soc/Mem_DRAM/u_prim/mem_reg_10/CLKARDCLK
Min Period        n/a     RAMB36E1/CLKARDCLK  n/a            2.095         11.000      8.905      RAMB36_X1Y22  u_soc/Mem_DRAM/u_prim/mem_reg_11/CLKARDCLK
Min Period        n/a     RAMB36E1/CLKARDCLK  n/a            2.095         11.000      8.905      RAMB36_X2Y18  u_soc/Mem_DRAM/u_prim/mem_reg_12/CLKARDCLK
Min Period        n/a     RAMB36E1/CLKARDCLK  n/a            2.095         11.000      8.905      RAMB36_X0Y18  u_soc/Mem_DRAM/u_prim/mem_reg_13/CLKARDCLK
Min Period        n/a     RAMB36E1/CLKARDCLK  n/a            2.095         11.000      8.905      RAMB36_X1Y18  u_soc/Mem_DRAM/u_prim/mem_reg_14/CLKARDCLK
Min Period        n/a     RAMB36E1/CLKARDCLK  n/a            2.095         11.000      8.905      RAMB36_X1Y19  u_soc/Mem_DRAM/u_prim/mem_reg_15/CLKARDCLK
Min Period        n/a     RAMB36E1/CLKARDCLK  n/a            2.095         11.000      8.905      RAMB36_X0Y21  u_soc/Mem_DRAM/u_prim/mem_reg_2/CLKARDCLK
Min Period        n/a     RAMB36E1/CLKARDCLK  n/a            2.095         11.000      8.905      RAMB36_X2Y20  u_soc/Mem_DRAM/u_prim/mem_reg_3/CLKARDCLK
Min Period        n/a     RAMB36E1/CLKARDCLK  n/a            2.095         11.000      8.905      RAMB36_X1Y17  u_soc/Mem_DRAM/u_prim/mem_reg_4/CLKARDCLK
Min Period        n/a     RAMB36E1/CLKARDCLK  n/a            2.095         11.000      8.905      RAMB36_X1Y20  u_soc/Mem_DRAM/u_prim/mem_reg_5/CLKARDCLK
Low Pulse Width   Slow    RAMD64E/CLK         n/a            0.768         5.500       4.732      SLICE_X46Y35  u_soc/Core_cpu/u_ifu_subsys/g_tage.u_tage/g_tab[0].pv_p_reg_r1_0_63_0_2/RAMA/CLK
Low Pulse Width   Fast    RAMD64E/CLK         n/a            0.768         5.500       4.732      SLICE_X46Y35  u_soc/Core_cpu/u_ifu_subsys/g_tage.u_tage/g_tab[0].pv_p_reg_r1_0_63_0_2/RAMA/CLK
Low Pulse Width   Slow    RAMD64E/CLK         n/a            0.768         5.500       4.732      SLICE_X46Y35  u_soc/Core_cpu/u_ifu_subsys/g_tage.u_tage/g_tab[0].pv_p_reg_r1_0_63_0_2/RAMB/CLK
Low Pulse Width   Fast    RAMD64E/CLK         n/a            0.768         5.500       4.732      SLICE_X46Y35  u_soc/Core_cpu/u_ifu_subsys/g_tage.u_tage/g_tab[0].pv_p_reg_r1_0_63_0_2/RAMB/CLK
Low Pulse Width   Slow    RAMD64E/CLK         n/a            0.768         5.500       4.732      SLICE_X46Y35  u_soc/Core_cpu/u_ifu_subsys/g_tage.u_tage/g_tab[0].pv_p_reg_r1_0_63_0_2/RAMC/CLK
Low Pulse Width   Fast    RAMD64E/CLK         n/a            0.768         5.500       4.732      SLICE_X46Y35  u_soc/Core_cpu/u_ifu_subsys/g_tage.u_tage/g_tab[0].pv_p_reg_r1_0_63_0_2/RAMC/CLK
Low Pulse Width   Slow    RAMD64E/CLK         n/a            0.768         5.500       4.732      SLICE_X46Y35  u_soc/Core_cpu/u_ifu_subsys/g_tage.u_tage/g_tab[0].pv_p_reg_r1_0_63_0_2/RAMD/CLK
Low Pulse Width   Fast    RAMD64E/CLK         n/a            0.768         5.500       4.732      SLICE_X46Y35  u_soc/Core_cpu/u_ifu_subsys/g_tage.u_tage/g_tab[0].pv_p_reg_r1_0_63_0_2/RAMD/CLK
Low Pulse Width   Slow    RAMD64E/CLK         n/a            0.768         5.500       4.732      SLICE_X52Y34  u_soc/Core_cpu/u_ifu_subsys/g_tage.u_tage/g_tab[0].pv_p_reg_r1_0_63_12_14/RAMA/CLK
Low Pulse Width   Fast    RAMD64E/CLK         n/a            0.768         5.500       4.732      SLICE_X52Y34  u_soc/Core_cpu/u_ifu_subsys/g_tage.u_tage/g_tab[0].pv_p_reg_r1_0_63_12_14/RAMA/CLK
Low Pulse Width   Slow    RAMD64E/CLK         n/a            0.768         5.500       4.732      SLICE_X52Y34  u_soc/Core_cpu/u_ifu_subsys/g_tage.u_tage/g_tab[0].pv_p_reg_r1_0_63_12_14/RAMB/CLK
Low Pulse Width   Fast    RAMD64E/CLK         n/a            0.768         5.500       4.732      SLICE_X52Y34  u_soc/Core_cpu/u_ifu_subsys/g_tage.u_tage/g_tab[0].pv_p_reg_r1_0_63_12_14/RAMB/CLK
Low Pulse Width   Slow    RAMD64E/CLK         n/a            0.768         5.500       4.732      SLICE_X52Y34  u_soc/Core_cpu/u_ifu_subsys/g_tage.u_tage/g_tab[0].pv_p_reg_r1_0_63_12_14/RAMC/CLK
Low Pulse Width   Fast    RAMD64E/CLK         n/a            0.768         5.500       4.732      SLICE_X52Y34  u_soc/Core_cpu/u_ifu_subsys/g_tage.u_tage/g_tab[0].pv_p_reg_r1_0_63_12_14/RAMC/CLK
Low Pulse Width   Slow    RAMD64E/CLK         n/a            0.768         5.500       4.732      SLICE_X52Y34  u_soc/Core_cpu/u_ifu_subsys/g_tage.u_tage/g_tab[0].pv_p_reg_r1_0_63_12_14/RAMD/CLK
Low Pulse Width   Fast    RAMD64E/CLK         n/a            0.768         5.500       4.732      SLICE_X52Y34  u_soc/Core_cpu/u_ifu_subsys/g_tage.u_tage/g_tab[0].pv_p_reg_r1_0_63_12_14/RAMD/CLK
Low Pulse Width   Slow    RAMD64E/CLK         n/a            0.768         5.500       4.732      SLICE_X46Y39  u_soc/Core_cpu/u_ifu_subsys/g_tage.u_tage/g_tab[0].pv_p_reg_r1_0_63_15_17/RAMA/CLK
Low Pulse Width   Fast    RAMD64E/CLK         n/a            0.768         5.500       4.732      SLICE_X46Y39  u_soc/Core_cpu/u_ifu_subsys/g_tage.u_tage/g_tab[0].pv_p_reg_r1_0_63_15_17/RAMA/CLK
Low Pulse Width   Slow    RAMD64E/CLK         n/a            0.768         5.500       4.732      SLICE_X46Y39  u_soc/Core_cpu/u_ifu_subsys/g_tage.u_tage/g_tab[0].pv_p_reg_r1_0_63_15_17/RAMB/CLK
Low Pulse Width   Fast    RAMD64E/CLK         n/a            0.768         5.500       4.732      SLICE_X46Y39  u_soc/Core_cpu/u_ifu_subsys/g_tage.u_tage/g_tab[0].pv_p_reg_r1_0_63_15_17/RAMB/CLK
High Pulse Width  Slow    RAMD64E/CLK         n/a            0.768         5.500       4.732      SLICE_X46Y35  u_soc/Core_cpu/u_ifu_subsys/g_tage.u_tage/g_tab[0].pv_p_reg_r1_0_63_0_2/RAMA/CLK
High Pulse Width  Fast    RAMD64E/CLK         n/a            0.768         5.500       4.732      SLICE_X46Y35  u_soc/Core_cpu/u_ifu_subsys/g_tage.u_tage/g_tab[0].pv_p_reg_r1_0_63_0_2/RAMA/CLK
High Pulse Width  Slow    RAMD64E/CLK         n/a            0.768         5.500       4.732      SLICE_X46Y35  u_soc/Core_cpu/u_ifu_subsys/g_tage.u_tage/g_tab[0].pv_p_reg_r1_0_63_0_2/RAMB/CLK
High Pulse Width  Fast    RAMD64E/CLK         n/a            0.768         5.500       4.732      SLICE_X46Y35  u_soc/Core_cpu/u_ifu_subsys/g_tage.u_tage/g_tab[0].pv_p_reg_r1_0_63_0_2/RAMB/CLK
High Pulse Width  Slow    RAMD64E/CLK         n/a            0.768         5.500       4.732      SLICE_X46Y35  u_soc/Core_cpu/u_ifu_subsys/g_tage.u_tage/g_tab[0].pv_p_reg_r1_0_63_0_2/RAMC/CLK
High Pulse Width  Fast    RAMD64E/CLK         n/a            0.768         5.500       4.732      SLICE_X46Y35  u_soc/Core_cpu/u_ifu_subsys/g_tage.u_tage/g_tab[0].pv_p_reg_r1_0_63_0_2/RAMC/CLK
High Pulse Width  Slow    RAMD64E/CLK         n/a            0.768         5.500       4.732      SLICE_X46Y35  u_soc/Core_cpu/u_ifu_subsys/g_tage.u_tage/g_tab[0].pv_p_reg_r1_0_63_0_2/RAMD/CLK
High Pulse Width  Fast    RAMD64E/CLK         n/a            0.768         5.500       4.732      SLICE_X46Y35  u_soc/Core_cpu/u_ifu_subsys/g_tage.u_tage/g_tab[0].pv_p_reg_r1_0_63_0_2/RAMD/CLK
High Pulse Width  Slow    RAMD64E/CLK         n/a            0.768         5.500       4.732      SLICE_X52Y34  u_soc/Core_cpu/u_ifu_subsys/g_tage.u_tage/g_tab[0].pv_p_reg_r1_0_63_12_14/RAMA/CLK
High Pulse Width  Fast    RAMD64E/CLK         n/a            0.768         5.500       4.732      SLICE_X52Y34  u_soc/Core_cpu/u_ifu_subsys/g_tage.u_tage/g_tab[0].pv_p_reg_r1_0_63_12_14/RAMA/CLK
High Pulse Width  Slow    RAMD64E/CLK         n/a            0.768         5.500       4.732      SLICE_X52Y34  u_soc/Core_cpu/u_ifu_subsys/g_tage.u_tage/g_tab[0].pv_p_reg_r1_0_63_12_14/RAMB/CLK
High Pulse Width  Fast    RAMD64E/CLK         n/a            0.768         5.500       4.732      SLICE_X52Y34  u_soc/Core_cpu/u_ifu_subsys/g_tage.u_tage/g_tab[0].pv_p_reg_r1_0_63_12_14/RAMB/CLK
High Pulse Width  Slow    RAMD64E/CLK         n/a            0.768         5.500       4.732      SLICE_X52Y34  u_soc/Core_cpu/u_ifu_subsys/g_tage.u_tage/g_tab[0].pv_p_reg_r1_0_63_12_14/RAMC/CLK
High Pulse Width  Fast    RAMD64E/CLK         n/a            0.768         5.500       4.732      SLICE_X52Y34  u_soc/Core_cpu/u_ifu_subsys/g_tage.u_tage/g_tab[0].pv_p_reg_r1_0_63_12_14/RAMC/CLK
High Pulse Width  Slow    RAMD64E/CLK         n/a            0.768         5.500       4.732      SLICE_X52Y34  u_soc/Core_cpu/u_ifu_subsys/g_tage.u_tage/g_tab[0].pv_p_reg_r1_0_63_12_14/RAMD/CLK
High Pulse Width  Fast    RAMD64E/CLK         n/a            0.768         5.500       4.732      SLICE_X52Y34  u_soc/Core_cpu/u_ifu_subsys/g_tage.u_tage/g_tab[0].pv_p_reg_r1_0_63_12_14/RAMD/CLK
High Pulse Width  Slow    RAMD64E/CLK         n/a            0.768         5.500       4.732      SLICE_X46Y39  u_soc/Core_cpu/u_ifu_subsys/g_tage.u_tage/g_tab[0].pv_p_reg_r1_0_63_15_17/RAMA/CLK
High Pulse Width  Fast    RAMD64E/CLK         n/a            0.768         5.500       4.732      SLICE_X46Y39  u_soc/Core_cpu/u_ifu_subsys/g_tage.u_tage/g_tab[0].pv_p_reg_r1_0_63_15_17/RAMA/CLK
High Pulse Width  Slow    RAMD64E/CLK         n/a            0.768         5.500       4.732      SLICE_X46Y39  u_soc/Core_cpu/u_ifu_subsys/g_tage.u_tage/g_tab[0].pv_p_reg_r1_0_63_15_17/RAMB/CLK
High Pulse Width  Fast    RAMD64E/CLK         n/a            0.768         5.500       4.732      SLICE_X46Y39  u_soc/Core_cpu/u_ifu_subsys/g_tage.u_tage/g_tab[0].pv_p_reg_r1_0_63_15_17/RAMB/CLK



---------------------------------------------------------------------------------------------------
Path Group:  **async_default**
From Clock:  clk
  To Clock:  clk

Setup :            0  Failing Endpoints,  Worst Slack        5.985ns,  Total Violation        0.000ns
Hold  :           NA  Failing Endpoints,  Worst Slack           NA  ,  Total Violation           NA
---------------------------------------------------------------------------------------------------


Max Delay Paths
--------------------------------------------------------------------------------------
Slack (MET) :             5.985ns  (required time - arrival time)
  Source:                 u_soc/rst_cpu_reg_rep__8/C
                            (rising edge-triggered cell FDPE clocked by clk  {rise@0.000ns fall@5.500ns period=11.000ns})
  Destination:            u_soc/Core_cpu/timer_irq_d1_reg/CLR
                            (recovery check against rising-edge clock clk  {rise@0.000ns fall@5.500ns period=11.000ns})
  Path Group:             **async_default**
  Path Type:              Recovery (Max at Slow Process Corner)
  Requirement:            11.000ns  (clk rise@11.000ns - clk rise@0.000ns)
  Data Path Delay:        4.476ns  (logic 0.259ns (5.786%)  route 4.217ns (94.214%))
  Logic Levels:           0  
  Clock Path Skew:        -0.291ns (DCD - SCD + CPR)
    Destination Clock Delay (DCD):    4.764ns = ( 15.764 - 11.000 ) 
    Source Clock Delay      (SCD):    5.291ns
    Clock Pessimism Removal (CPR):    0.237ns
  Clock Uncertainty:      0.035ns  ((TSJ^2 + TIJ^2)^1/2 + DJ) / 2 + PE
    Total System Jitter     (TSJ):    0.071ns
    Total Input Jitter      (TIJ):    0.000ns
    Discrete Jitter          (DJ):    0.000ns
    Phase Error              (PE):    0.000ns

    Location             Delay type                Incr(ns)  Path(ns)    Netlist Resource(s)
  -------------------------------------------------------------------    -------------------
                         (clock clk rise edge)        0.000     0.000 r  
    AE23                                              0.000     0.000 r  clk (IN)
                         net (fo=0)                   0.000     0.000    clk
    AE23                 IBUF (Prop_ibuf_I_O)         0.734     0.734 r  clk_IBUF_inst/O
                         net (fo=1, routed)           2.651     3.385    clk_IBUF
    BUFGCTRL_X0Y0        BUFG (Prop_bufg_I_O)         0.093     3.478 r  u_bufg/O
                         net (fo=5673, routed)        1.813     5.291    u_soc/clk_buf
    SLICE_X22Y42         FDPE                                         r  u_soc/rst_cpu_reg_rep__8/C
  -------------------------------------------------------------------    -------------------
    SLICE_X22Y42         FDPE (Prop_fdpe_C_Q)         0.259     5.550 f  u_soc/rst_cpu_reg_rep__8/Q
                         net (fo=179, routed)         4.217     9.768    u_soc/Core_cpu/AR[0]
    SLICE_X21Y98         FDCE                                         f  u_soc/Core_cpu/timer_irq_d1_reg/CLR
  -------------------------------------------------------------------    -------------------

                         (clock clk rise edge)       11.000    11.000 r  
    AE23                                              0.000    11.000 r  clk (IN)
                         net (fo=0)                   0.000    11.000    clk
    AE23                 IBUF (Prop_ibuf_I_O)         0.660    11.660 r  clk_IBUF_inst/O
                         net (fo=1, routed)           2.516    14.176    clk_IBUF
    BUFGCTRL_X0Y0        BUFG (Prop_bufg_I_O)         0.083    14.259 r  u_bufg/O
                         net (fo=5673, routed)        1.505    15.764    u_soc/Core_cpu/clk_buf
    SLICE_X21Y98         FDCE                                         r  u_soc/Core_cpu/timer_irq_d1_reg/C
                         clock pessimism              0.237    16.000    
                         clock uncertainty           -0.035    15.965    
    SLICE_X21Y98         FDCE (Recov_fdce_C_CLR)     -0.212    15.753    u_soc/Core_cpu/timer_irq_d1_reg
  -------------------------------------------------------------------
                         required time                         15.753    
                         arrival time                          -9.768    
  -------------------------------------------------------------------
                         slack                                  5.985    

Slack (MET) :             6.678ns  (required time - arrival time)
  Source:                 u_soc/rst_cpu_reg_rep__8/C
                            (rising edge-triggered cell FDPE clocked by clk  {rise@0.000ns fall@5.500ns period=11.000ns})
  Destination:            u_soc/Core_cpu/U_ID_EX/ex_exc_cause_reg[0]/CLR
                            (recovery check against rising-edge clock clk  {rise@0.000ns fall@5.500ns period=11.000ns})
  Path Group:             **async_default**
  Path Type:              Recovery (Max at Slow Process Corner)
  Requirement:            11.000ns  (clk rise@11.000ns - clk rise@0.000ns)
  Data Path Delay:        3.759ns  (logic 0.259ns (6.891%)  route 3.500ns (93.109%))
  Logic Levels:           0  
  Clock Path Skew:        -0.316ns (DCD - SCD + CPR)
    Destination Clock Delay (DCD):    4.739ns = ( 15.739 - 11.000 ) 
    Source Clock Delay      (SCD):    5.291ns
    Clock Pessimism Removal (CPR):    0.237ns
  Clock Uncertainty:      0.035ns  ((TSJ^2 + TIJ^2)^1/2 + DJ) / 2 + PE
    Total System Jitter     (TSJ):    0.071ns
    Total Input Jitter      (TIJ):    0.000ns
    Discrete Jitter          (DJ):    0.000ns
    Phase Error              (PE):    0.000ns

    Location             Delay type                Incr(ns)  Path(ns)    Netlist Resource(s)
  -------------------------------------------------------------------    -------------------
                         (clock clk rise edge)        0.000     0.000 r  
    AE23                                              0.000     0.000 r  clk (IN)
                         net (fo=0)                   0.000     0.000    clk
    AE23                 IBUF (Prop_ibuf_I_O)         0.734     0.734 r  clk_IBUF_inst/O
                         net (fo=1, routed)           2.651     3.385    clk_IBUF
    BUFGCTRL_X0Y0        BUFG (Prop_bufg_I_O)         0.093     3.478 r  u_bufg/O
                         net (fo=5673, routed)        1.813     5.291    u_soc/clk_buf
    SLICE_X22Y42         FDPE                                         r  u_soc/rst_cpu_reg_rep__8/C
  -------------------------------------------------------------------    -------------------
    SLICE_X22Y42         FDPE (Prop_fdpe_C_Q)         0.259     5.550 f  u_soc/rst_cpu_reg_rep__8/Q
                         net (fo=179, routed)         3.500     9.050    u_soc/Core_cpu/U_ID_EX/AR[0]
    SLICE_X39Y76         FDCE                                         f  u_soc/Core_cpu/U_ID_EX/ex_exc_cause_reg[0]/CLR
  -------------------------------------------------------------------    -------------------

                         (clock clk rise edge)       11.000    11.000 r  
    AE23                                              0.000    11.000 r  clk (IN)
                         net (fo=0)                   0.000    11.000    clk
    AE23                 IBUF (Prop_ibuf_I_O)         0.660    11.660 r  clk_IBUF_inst/O
                         net (fo=1, routed)           2.516    14.176    clk_IBUF
    BUFGCTRL_X0Y0        BUFG (Prop_bufg_I_O)         0.083    14.259 r  u_bufg/O
                         net (fo=5673, routed)        1.480    15.739    u_soc/Core_cpu/U_ID_EX/clk_buf
    SLICE_X39Y76         FDCE                                         r  u_soc/Core_cpu/U_ID_EX/ex_exc_cause_reg[0]/C
                         clock pessimism              0.237    15.975    
                         clock uncertainty           -0.035    15.940    
    SLICE_X39Y76         FDCE (Recov_fdce_C_CLR)     -0.212    15.728    u_soc/Core_cpu/U_ID_EX/ex_exc_cause_reg[0]
  -------------------------------------------------------------------
                         required time                         15.728    
                         arrival time                          -9.050    
  -------------------------------------------------------------------
                         slack                                  6.678    

Slack (MET) :             6.678ns  (required time - arrival time)
  Source:                 u_soc/rst_cpu_reg_rep__8/C
                            (rising edge-triggered cell FDPE clocked by clk  {rise@0.000ns fall@5.500ns period=11.000ns})
  Destination:            u_soc/Core_cpu/U_ID_EX/ex_exc_cause_reg[1]/CLR
                            (recovery check against rising-edge clock clk  {rise@0.000ns fall@5.500ns period=11.000ns})
  Path Group:             **async_default**
  Path Type:              Recovery (Max at Slow Process Corner)
  Requirement:            11.000ns  (clk rise@11.000ns - clk rise@0.000ns)
  Data Path Delay:        3.759ns  (logic 0.259ns (6.891%)  route 3.500ns (93.109%))
  Logic Levels:           0  
  Clock Path Skew:        -0.316ns (DCD - SCD + CPR)
    Destination Clock Delay (DCD):    4.739ns = ( 15.739 - 11.000 ) 
    Source Clock Delay      (SCD):    5.291ns
    Clock Pessimism Removal (CPR):    0.237ns
  Clock Uncertainty:      0.035ns  ((TSJ^2 + TIJ^2)^1/2 + DJ) / 2 + PE
    Total System Jitter     (TSJ):    0.071ns
    Total Input Jitter      (TIJ):    0.000ns
    Discrete Jitter          (DJ):    0.000ns
    Phase Error              (PE):    0.000ns

    Location             Delay type                Incr(ns)  Path(ns)    Netlist Resource(s)
  -------------------------------------------------------------------    -------------------
                         (clock clk rise edge)        0.000     0.000 r  
    AE23                                              0.000     0.000 r  clk (IN)
                         net (fo=0)                   0.000     0.000    clk
    AE23                 IBUF (Prop_ibuf_I_O)         0.734     0.734 r  clk_IBUF_inst/O
                         net (fo=1, routed)           2.651     3.385    clk_IBUF
    BUFGCTRL_X0Y0        BUFG (Prop_bufg_I_O)         0.093     3.478 r  u_bufg/O
                         net (fo=5673, routed)        1.813     5.291    u_soc/clk_buf
    SLICE_X22Y42         FDPE                                         r  u_soc/rst_cpu_reg_rep__8/C
  -------------------------------------------------------------------    -------------------
    SLICE_X22Y42         FDPE (Prop_fdpe_C_Q)         0.259     5.550 f  u_soc/rst_cpu_reg_rep__8/Q
                         net (fo=179, routed)         3.500     9.050    u_soc/Core_cpu/U_ID_EX/AR[0]
    SLICE_X39Y76         FDCE                                         f  u_soc/Core_cpu/U_ID_EX/ex_exc_cause_reg[1]/CLR
  -------------------------------------------------------------------    -------------------

                         (clock clk rise edge)       11.000    11.000 r  
    AE23                                              0.000    11.000 r  clk (IN)
                         net (fo=0)                   0.000    11.000    clk
    AE23                 IBUF (Prop_ibuf_I_O)         0.660    11.660 r  clk_IBUF_inst/O
                         net (fo=1, routed)           2.516    14.176    clk_IBUF
    BUFGCTRL_X0Y0        BUFG (Prop_bufg_I_O)         0.083    14.259 r  u_bufg/O
                         net (fo=5673, routed)        1.480    15.739    u_soc/Core_cpu/U_ID_EX/clk_buf
    SLICE_X39Y76         FDCE                                         r  u_soc/Core_cpu/U_ID_EX/ex_exc_cause_reg[1]/C
                         clock pessimism              0.237    15.975    
                         clock uncertainty           -0.035    15.940    
    SLICE_X39Y76         FDCE (Recov_fdce_C_CLR)     -0.212    15.728    u_soc/Core_cpu/U_ID_EX/ex_exc_cause_reg[1]
  -------------------------------------------------------------------
                         required time                         15.728    
                         arrival time                          -9.050    
  -------------------------------------------------------------------
                         slack                                  6.678    

Slack (MET) :             6.678ns  (required time - arrival time)
  Source:                 u_soc/rst_cpu_reg_rep__8/C
                            (rising edge-triggered cell FDPE clocked by clk  {rise@0.000ns fall@5.500ns period=11.000ns})
  Destination:            u_soc/Core_cpu/U_ID_EX/ex_exc_cause_reg[3]/CLR
                            (recovery check against rising-edge clock clk  {rise@0.000ns fall@5.500ns period=11.000ns})
  Path Group:             **async_default**
  Path Type:              Recovery (Max at Slow Process Corner)
  Requirement:            11.000ns  (clk rise@11.000ns - clk rise@0.000ns)
  Data Path Delay:        3.759ns  (logic 0.259ns (6.891%)  route 3.500ns (93.109%))
  Logic Levels:           0  
  Clock Path Skew:        -0.316ns (DCD - SCD + CPR)
    Destination Clock Delay (DCD):    4.739ns = ( 15.739 - 11.000 ) 
    Source Clock Delay      (SCD):    5.291ns
    Clock Pessimism Removal (CPR):    0.237ns
  Clock Uncertainty:      0.035ns  ((TSJ^2 + TIJ^2)^1/2 + DJ) / 2 + PE
    Total System Jitter     (TSJ):    0.071ns
    Total Input Jitter      (TIJ):    0.000ns
    Discrete Jitter          (DJ):    0.000ns
    Phase Error              (PE):    0.000ns

    Location             Delay type                Incr(ns)  Path(ns)    Netlist Resource(s)
  -------------------------------------------------------------------    -------------------
                         (clock clk rise edge)        0.000     0.000 r  
    AE23                                              0.000     0.000 r  clk (IN)
                         net (fo=0)                   0.000     0.000    clk
    AE23                 IBUF (Prop_ibuf_I_O)         0.734     0.734 r  clk_IBUF_inst/O
                         net (fo=1, routed)           2.651     3.385    clk_IBUF
    BUFGCTRL_X0Y0        BUFG (Prop_bufg_I_O)         0.093     3.478 r  u_bufg/O
                         net (fo=5673, routed)        1.813     5.291    u_soc/clk_buf
    SLICE_X22Y42         FDPE                                         r  u_soc/rst_cpu_reg_rep__8/C
  -------------------------------------------------------------------    -------------------
    SLICE_X22Y42         FDPE (Prop_fdpe_C_Q)         0.259     5.550 f  u_soc/rst_cpu_reg_rep__8/Q
                         net (fo=179, routed)         3.500     9.050    u_soc/Core_cpu/U_ID_EX/AR[0]
    SLICE_X39Y76         FDCE                                         f  u_soc/Core_cpu/U_ID_EX/ex_exc_cause_reg[3]/CLR
  -------------------------------------------------------------------    -------------------

                         (clock clk rise edge)       11.000    11.000 r  
    AE23                                              0.000    11.000 r  clk (IN)
                         net (fo=0)                   0.000    11.000    clk
    AE23                 IBUF (Prop_ibuf_I_O)         0.660    11.660 r  clk_IBUF_inst/O
                         net (fo=1, routed)           2.516    14.176    clk_IBUF
    BUFGCTRL_X0Y0        BUFG (Prop_bufg_I_O)         0.083    14.259 r  u_bufg/O
                         net (fo=5673, routed)        1.480    15.739    u_soc/Core_cpu/U_ID_EX/clk_buf
    SLICE_X39Y76         FDCE                                         r  u_soc/Core_cpu/U_ID_EX/ex_exc_cause_reg[3]/C
                         clock pessimism              0.237    15.975    
                         clock uncertainty           -0.035    15.940    
    SLICE_X39Y76         FDCE (Recov_fdce_C_CLR)     -0.212    15.728    u_soc/Core_cpu/U_ID_EX/ex_exc_cause_reg[3]
  -------------------------------------------------------------------
                         required time                         15.728    
                         arrival time                          -9.050    
  -------------------------------------------------------------------
                         slack                                  6.678    

Slack (MET) :             6.730ns  (required time - arrival time)
  Source:                 u_soc/rst_cpu_reg_rep__8/C
                            (rising edge-triggered cell FDPE clocked by clk  {rise@0.000ns fall@5.500ns period=11.000ns})
  Destination:            u_soc/Core_cpu/U_IF_ID/id_pred_npc_reg[18]/CLR
                            (recovery check against rising-edge clock clk  {rise@0.000ns fall@5.500ns period=11.000ns})
  Path Group:             **async_default**
  Path Type:              Recovery (Max at Slow Process Corner)
  Requirement:            11.000ns  (clk rise@11.000ns - clk rise@0.000ns)
  Data Path Delay:        3.651ns  (logic 0.259ns (7.095%)  route 3.392ns (92.905%))
  Logic Levels:           0  
  Clock Path Skew:        -0.372ns (DCD - SCD + CPR)
    Destination Clock Delay (DCD):    4.683ns = ( 15.683 - 11.000 ) 
    Source Clock Delay      (SCD):    5.291ns
    Clock Pessimism Removal (CPR):    0.237ns
  Clock Uncertainty:      0.035ns  ((TSJ^2 + TIJ^2)^1/2 + DJ) / 2 + PE
    Total System Jitter     (TSJ):    0.071ns
    Total Input Jitter      (TIJ):    0.000ns
    Discrete Jitter          (DJ):    0.000ns
    Phase Error              (PE):    0.000ns

    Location             Delay type                Incr(ns)  Path(ns)    Netlist Resource(s)
  -------------------------------------------------------------------    -------------------
                         (clock clk rise edge)        0.000     0.000 r  
    AE23                                              0.000     0.000 r  clk (IN)
                         net (fo=0)                   0.000     0.000    clk
    AE23                 IBUF (Prop_ibuf_I_O)         0.734     0.734 r  clk_IBUF_inst/O
                         net (fo=1, routed)           2.651     3.385    clk_IBUF
    BUFGCTRL_X0Y0        BUFG (Prop_bufg_I_O)         0.093     3.478 r  u_bufg/O
                         net (fo=5673, routed)        1.813     5.291    u_soc/clk_buf
    SLICE_X22Y42         FDPE                                         r  u_soc/rst_cpu_reg_rep__8/C
  -------------------------------------------------------------------    -------------------
    SLICE_X22Y42         FDPE (Prop_fdpe_C_Q)         0.259     5.550 f  u_soc/rst_cpu_reg_rep__8/Q
                         net (fo=179, routed)         3.392     8.942    u_soc/Core_cpu/U_IF_ID/AR[0]
    SLICE_X53Y67         FDCE                                         f  u_soc/Core_cpu/U_IF_ID/id_pred_npc_reg[18]/CLR
  -------------------------------------------------------------------    -------------------

                         (clock clk rise edge)       11.000    11.000 r  
    AE23                                              0.000    11.000 r  clk (IN)
                         net (fo=0)                   0.000    11.000    clk
    AE23                 IBUF (Prop_ibuf_I_O)         0.660    11.660 r  clk_IBUF_inst/O
                         net (fo=1, routed)           2.516    14.176    clk_IBUF
    BUFGCTRL_X0Y0        BUFG (Prop_bufg_I_O)         0.083    14.259 r  u_bufg/O
                         net (fo=5673, routed)        1.424    15.683    u_soc/Core_cpu/U_IF_ID/clk_buf
    SLICE_X53Y67         FDCE                                         r  u_soc/Core_cpu/U_IF_ID/id_pred_npc_reg[18]/C
                         clock pessimism              0.237    15.919    
                         clock uncertainty           -0.035    15.884    
    SLICE_X53Y67         FDCE (Recov_fdce_C_CLR)     -0.212    15.672    u_soc/Core_cpu/U_IF_ID/id_pred_npc_reg[18]
  -------------------------------------------------------------------
                         required time                         15.672    
                         arrival time                          -8.942    
  -------------------------------------------------------------------
                         slack                                  6.730    

Slack (MET) :             6.812ns  (required time - arrival time)
  Source:                 u_soc/rst_cpu_reg_rep__8/C
                            (rising edge-triggered cell FDPE clocked by clk  {rise@0.000ns fall@5.500ns period=11.000ns})
  Destination:            u_soc/Core_cpu/U_IF_ID/id_have_inst_reg/CLR
                            (recovery check against rising-edge clock clk  {rise@0.000ns fall@5.500ns period=11.000ns})
  Path Group:             **async_default**
  Path Type:              Recovery (Max at Slow Process Corner)
  Requirement:            11.000ns  (clk rise@11.000ns - clk rise@0.000ns)
  Data Path Delay:        3.626ns  (logic 0.259ns (7.143%)  route 3.367ns (92.857%))
  Logic Levels:           0  
  Clock Path Skew:        -0.315ns (DCD - SCD + CPR)
    Destination Clock Delay (DCD):    4.740ns = ( 15.740 - 11.000 ) 
    Source Clock Delay      (SCD):    5.291ns
    Clock Pessimism Removal (CPR):    0.237ns
  Clock Uncertainty:      0.035ns  ((TSJ^2 + TIJ^2)^1/2 + DJ) / 2 + PE
    Total System Jitter     (TSJ):    0.071ns
    Total Input Jitter      (TIJ):    0.000ns
    Discrete Jitter          (DJ):    0.000ns
    Phase Error              (PE):    0.000ns

    Location             Delay type                Incr(ns)  Path(ns)    Netlist Resource(s)
  -------------------------------------------------------------------    -------------------
                         (clock clk rise edge)        0.000     0.000 r  
    AE23                                              0.000     0.000 r  clk (IN)
                         net (fo=0)                   0.000     0.000    clk
    AE23                 IBUF (Prop_ibuf_I_O)         0.734     0.734 r  clk_IBUF_inst/O
                         net (fo=1, routed)           2.651     3.385    clk_IBUF
    BUFGCTRL_X0Y0        BUFG (Prop_bufg_I_O)         0.093     3.478 r  u_bufg/O
                         net (fo=5673, routed)        1.813     5.291    u_soc/clk_buf
    SLICE_X22Y42         FDPE                                         r  u_soc/rst_cpu_reg_rep__8/C
  -------------------------------------------------------------------    -------------------
    SLICE_X22Y42         FDPE (Prop_fdpe_C_Q)         0.259     5.550 f  u_soc/rst_cpu_reg_rep__8/Q
                         net (fo=179, routed)         3.367     8.917    u_soc/Core_cpu/U_IF_ID/AR[0]
    SLICE_X41Y72         FDCE                                         f  u_soc/Core_cpu/U_IF_ID/id_have_inst_reg/CLR
  -------------------------------------------------------------------    -------------------

                         (clock clk rise edge)       11.000    11.000 r  
    AE23                                              0.000    11.000 r  clk (IN)
                         net (fo=0)                   0.000    11.000    clk
    AE23                 IBUF (Prop_ibuf_I_O)         0.660    11.660 r  clk_IBUF_inst/O
                         net (fo=1, routed)           2.516    14.176    clk_IBUF
    BUFGCTRL_X0Y0        BUFG (Prop_bufg_I_O)         0.083    14.259 r  u_bufg/O
                         net (fo=5673, routed)        1.481    15.740    u_soc/Core_cpu/U_IF_ID/clk_buf
    SLICE_X41Y72         FDCE                                         r  u_soc/Core_cpu/U_IF_ID/id_have_inst_reg/C
                         clock pessimism              0.237    15.976    
                         clock uncertainty           -0.035    15.941    
    SLICE_X41Y72         FDCE (Recov_fdce_C_CLR)     -0.212    15.729    u_soc/Core_cpu/U_IF_ID/id_have_inst_reg
  -------------------------------------------------------------------
                         required time                         15.729    
                         arrival time                          -8.917    
  -------------------------------------------------------------------
                         slack                                  6.812    

Slack (MET) :             6.812ns  (required time - arrival time)
  Source:                 u_soc/rst_cpu_reg_rep__8/C
                            (rising edge-triggered cell FDPE clocked by clk  {rise@0.000ns fall@5.500ns period=11.000ns})
  Destination:            u_soc/Core_cpu/U_IF_ID/id_pred_npc_reg[24]/CLR
                            (recovery check against rising-edge clock clk  {rise@0.000ns fall@5.500ns period=11.000ns})
  Path Group:             **async_default**
  Path Type:              Recovery (Max at Slow Process Corner)
  Requirement:            11.000ns  (clk rise@11.000ns - clk rise@0.000ns)
  Data Path Delay:        3.626ns  (logic 0.259ns (7.143%)  route 3.367ns (92.857%))
  Logic Levels:           0  
  Clock Path Skew:        -0.315ns (DCD - SCD + CPR)
    Destination Clock Delay (DCD):    4.740ns = ( 15.740 - 11.000 ) 
    Source Clock Delay      (SCD):    5.291ns
    Clock Pessimism Removal (CPR):    0.237ns
  Clock Uncertainty:      0.035ns  ((TSJ^2 + TIJ^2)^1/2 + DJ) / 2 + PE
    Total System Jitter     (TSJ):    0.071ns
    Total Input Jitter      (TIJ):    0.000ns
    Discrete Jitter          (DJ):    0.000ns
    Phase Error              (PE):    0.000ns

    Location             Delay type                Incr(ns)  Path(ns)    Netlist Resource(s)
  -------------------------------------------------------------------    -------------------
                         (clock clk rise edge)        0.000     0.000 r  
    AE23                                              0.000     0.000 r  clk (IN)
                         net (fo=0)                   0.000     0.000    clk
    AE23                 IBUF (Prop_ibuf_I_O)         0.734     0.734 r  clk_IBUF_inst/O
                         net (fo=1, routed)           2.651     3.385    clk_IBUF
    BUFGCTRL_X0Y0        BUFG (Prop_bufg_I_O)         0.093     3.478 r  u_bufg/O
                         net (fo=5673, routed)        1.813     5.291    u_soc/clk_buf
    SLICE_X22Y42         FDPE                                         r  u_soc/rst_cpu_reg_rep__8/C
  -------------------------------------------------------------------    -------------------
    SLICE_X22Y42         FDPE (Prop_fdpe_C_Q)         0.259     5.550 f  u_soc/rst_cpu_reg_rep__8/Q
                         net (fo=179, routed)         3.367     8.917    u_soc/Core_cpu/U_IF_ID/AR[0]
    SLICE_X41Y72         FDCE                                         f  u_soc/Core_cpu/U_IF_ID/id_pred_npc_reg[24]/CLR
  -------------------------------------------------------------------    -------------------

                         (clock clk rise edge)       11.000    11.000 r  
    AE23                                              0.000    11.000 r  clk (IN)
                         net (fo=0)                   0.000    11.000    clk
    AE23                 IBUF (Prop_ibuf_I_O)         0.660    11.660 r  clk_IBUF_inst/O
                         net (fo=1, routed)           2.516    14.176    clk_IBUF
    BUFGCTRL_X0Y0        BUFG (Prop_bufg_I_O)         0.083    14.259 r  u_bufg/O
                         net (fo=5673, routed)        1.481    15.740    u_soc/Core_cpu/U_IF_ID/clk_buf
    SLICE_X41Y72         FDCE                                         r  u_soc/Core_cpu/U_IF_ID/id_pred_npc_reg[24]/C
                         clock pessimism              0.237    15.976    
                         clock uncertainty           -0.035    15.941    
    SLICE_X41Y72         FDCE (Recov_fdce_C_CLR)     -0.212    15.729    u_soc/Core_cpu/U_IF_ID/id_pred_npc_reg[24]
  -------------------------------------------------------------------
                         required time                         15.729    
                         arrival time                          -8.917    
  -------------------------------------------------------------------
                         slack                                  6.812    

Slack (MET) :             6.835ns  (required time - arrival time)
  Source:                 u_soc/rst_cpu_reg_rep__8/C
                            (rising edge-triggered cell FDPE clocked by clk  {rise@0.000ns fall@5.500ns period=11.000ns})
  Destination:            u_soc/Core_cpu/U_IF_ID/id_pred_npc_reg[25]/CLR
                            (recovery check against rising-edge clock clk  {rise@0.000ns fall@5.500ns period=11.000ns})
  Path Group:             **async_default**
  Path Type:              Recovery (Max at Slow Process Corner)
  Requirement:            11.000ns  (clk rise@11.000ns - clk rise@0.000ns)
  Data Path Delay:        3.604ns  (logic 0.259ns (7.186%)  route 3.345ns (92.814%))
  Logic Levels:           0  
  Clock Path Skew:        -0.372ns (DCD - SCD + CPR)
    Destination Clock Delay (DCD):    4.683ns = ( 15.683 - 11.000 ) 
    Source Clock Delay      (SCD):    5.291ns
    Clock Pessimism Removal (CPR):    0.237ns
  Clock Uncertainty:      0.035ns  ((TSJ^2 + TIJ^2)^1/2 + DJ) / 2 + PE
    Total System Jitter     (TSJ):    0.071ns
    Total Input Jitter      (TIJ):    0.000ns
    Discrete Jitter          (DJ):    0.000ns
    Phase Error              (PE):    0.000ns

    Location             Delay type                Incr(ns)  Path(ns)    Netlist Resource(s)
  -------------------------------------------------------------------    -------------------
                         (clock clk rise edge)        0.000     0.000 r  
    AE23                                              0.000     0.000 r  clk (IN)
                         net (fo=0)                   0.000     0.000    clk
    AE23                 IBUF (Prop_ibuf_I_O)         0.734     0.734 r  clk_IBUF_inst/O
                         net (fo=1, routed)           2.651     3.385    clk_IBUF
    BUFGCTRL_X0Y0        BUFG (Prop_bufg_I_O)         0.093     3.478 r  u_bufg/O
                         net (fo=5673, routed)        1.813     5.291    u_soc/clk_buf
    SLICE_X22Y42         FDPE                                         r  u_soc/rst_cpu_reg_rep__8/C
  -------------------------------------------------------------------    -------------------
    SLICE_X22Y42         FDPE (Prop_fdpe_C_Q)         0.259     5.550 f  u_soc/rst_cpu_reg_rep__8/Q
                         net (fo=179, routed)         3.345     8.896    u_soc/Core_cpu/U_IF_ID/AR[0]
    SLICE_X58Y66         FDCE                                         f  u_soc/Core_cpu/U_IF_ID/id_pred_npc_reg[25]/CLR
  -------------------------------------------------------------------    -------------------

                         (clock clk rise edge)       11.000    11.000 r  
    AE23                                              0.000    11.000 r  clk (IN)
                         net (fo=0)                   0.000    11.000    clk
    AE23                 IBUF (Prop_ibuf_I_O)         0.660    11.660 r  clk_IBUF_inst/O
                         net (fo=1, routed)           2.516    14.176    clk_IBUF
    BUFGCTRL_X0Y0        BUFG (Prop_bufg_I_O)         0.083    14.259 r  u_bufg/O
                         net (fo=5673, routed)        1.424    15.683    u_soc/Core_cpu/U_IF_ID/clk_buf
    SLICE_X58Y66         FDCE                                         r  u_soc/Core_cpu/U_IF_ID/id_pred_npc_reg[25]/C
                         clock pessimism              0.237    15.919    
                         clock uncertainty           -0.035    15.884    
    SLICE_X58Y66         FDCE (Recov_fdce_C_CLR)     -0.154    15.730    u_soc/Core_cpu/U_IF_ID/id_pred_npc_reg[25]
  -------------------------------------------------------------------
                         required time                         15.730    
                         arrival time                          -8.896    
  -------------------------------------------------------------------
                         slack                                  6.835    

Slack (MET) :             6.936ns  (required time - arrival time)
  Source:                 u_soc/rst_cpu_reg_rep__8/C
                            (rising edge-triggered cell FDPE clocked by clk  {rise@0.000ns fall@5.500ns period=11.000ns})
  Destination:            u_soc/Core_cpu/U_IF_ID/id_pred_npc_reg[26]/CLR
                            (recovery check against rising-edge clock clk  {rise@0.000ns fall@5.500ns period=11.000ns})
  Path Group:             **async_default**
  Path Type:              Recovery (Max at Slow Process Corner)
  Requirement:            11.000ns  (clk rise@11.000ns - clk rise@0.000ns)
  Data Path Delay:        3.499ns  (logic 0.259ns (7.402%)  route 3.240ns (92.598%))
  Logic Levels:           0  
  Clock Path Skew:        -0.317ns (DCD - SCD + CPR)
    Destination Clock Delay (DCD):    4.738ns = ( 15.738 - 11.000 ) 
    Source Clock Delay      (SCD):    5.291ns
    Clock Pessimism Removal (CPR):    0.237ns
  Clock Uncertainty:      0.035ns  ((TSJ^2 + TIJ^2)^1/2 + DJ) / 2 + PE
    Total System Jitter     (TSJ):    0.071ns
    Total Input Jitter      (TIJ):    0.000ns
    Discrete Jitter          (DJ):    0.000ns
    Phase Error              (PE):    0.000ns

    Location             Delay type                Incr(ns)  Path(ns)    Netlist Resource(s)
  -------------------------------------------------------------------    -------------------
                         (clock clk rise edge)        0.000     0.000 r  
    AE23                                              0.000     0.000 r  clk (IN)
                         net (fo=0)                   0.000     0.000    clk
    AE23                 IBUF (Prop_ibuf_I_O)         0.734     0.734 r  clk_IBUF_inst/O
                         net (fo=1, routed)           2.651     3.385    clk_IBUF
    BUFGCTRL_X0Y0        BUFG (Prop_bufg_I_O)         0.093     3.478 r  u_bufg/O
                         net (fo=5673, routed)        1.813     5.291    u_soc/clk_buf
    SLICE_X22Y42         FDPE                                         r  u_soc/rst_cpu_reg_rep__8/C
  -------------------------------------------------------------------    -------------------
    SLICE_X22Y42         FDPE (Prop_fdpe_C_Q)         0.259     5.550 f  u_soc/rst_cpu_reg_rep__8/Q
                         net (fo=179, routed)         3.240     8.791    u_soc/Core_cpu/U_IF_ID/AR[0]
    SLICE_X43Y72         FDCE                                         f  u_soc/Core_cpu/U_IF_ID/id_pred_npc_reg[26]/CLR
  -------------------------------------------------------------------    -------------------

                         (clock clk rise edge)       11.000    11.000 r  
    AE23                                              0.000    11.000 r  clk (IN)
                         net (fo=0)                   0.000    11.000    clk
    AE23                 IBUF (Prop_ibuf_I_O)         0.660    11.660 r  clk_IBUF_inst/O
                         net (fo=1, routed)           2.516    14.176    clk_IBUF
    BUFGCTRL_X0Y0        BUFG (Prop_bufg_I_O)         0.083    14.259 r  u_bufg/O
                         net (fo=5673, routed)        1.479    15.738    u_soc/Core_cpu/U_IF_ID/clk_buf
    SLICE_X43Y72         FDCE                                         r  u_soc/Core_cpu/U_IF_ID/id_pred_npc_reg[26]/C
                         clock pessimism              0.237    15.974    
                         clock uncertainty           -0.035    15.939    
    SLICE_X43Y72         FDCE (Recov_fdce_C_CLR)     -0.212    15.727    u_soc/Core_cpu/U_IF_ID/id_pred_npc_reg[26]
  -------------------------------------------------------------------
                         required time                         15.727    
                         arrival time                          -8.791    
  -------------------------------------------------------------------
                         slack                                  6.936    

Slack (MET) :             7.023ns  (required time - arrival time)
  Source:                 u_soc/rst_cpu_reg_rep__8/C
                            (rising edge-triggered cell FDPE clocked by clk  {rise@0.000ns fall@5.500ns period=11.000ns})
  Destination:            u_soc/Core_cpu/U_IF_ID/id_bht_chk_reg[11]/CLR
                            (recovery check against rising-edge clock clk  {rise@0.000ns fall@5.500ns period=11.000ns})
  Path Group:             **async_default**
  Path Type:              Recovery (Max at Slow Process Corner)
  Requirement:            11.000ns  (clk rise@11.000ns - clk rise@0.000ns)
  Data Path Delay:        3.426ns  (logic 0.259ns (7.561%)  route 3.167ns (92.439%))
  Logic Levels:           0  
  Clock Path Skew:        -0.304ns (DCD - SCD + CPR)
    Destination Clock Delay (DCD):    4.751ns = ( 15.751 - 11.000 ) 
    Source Clock Delay      (SCD):    5.291ns
    Clock Pessimism Removal (CPR):    0.237ns
  Clock Uncertainty:      0.035ns  ((TSJ^2 + TIJ^2)^1/2 + DJ) / 2 + PE
    Total System Jitter     (TSJ):    0.071ns
    Total Input Jitter      (TIJ):    0.000ns
    Discrete Jitter          (DJ):    0.000ns
    Phase Error              (PE):    0.000ns

    Location             Delay type                Incr(ns)  Path(ns)    Netlist Resource(s)
  -------------------------------------------------------------------    -------------------
                         (clock clk rise edge)        0.000     0.000 r  
    AE23                                              0.000     0.000 r  clk (IN)
                         net (fo=0)                   0.000     0.000    clk
    AE23                 IBUF (Prop_ibuf_I_O)         0.734     0.734 r  clk_IBUF_inst/O
                         net (fo=1, routed)           2.651     3.385    clk_IBUF
    BUFGCTRL_X0Y0        BUFG (Prop_bufg_I_O)         0.093     3.478 r  u_bufg/O
                         net (fo=5673, routed)        1.813     5.291    u_soc/clk_buf
    SLICE_X22Y42         FDPE                                         r  u_soc/rst_cpu_reg_rep__8/C
  -------------------------------------------------------------------    -------------------
    SLICE_X22Y42         FDPE (Prop_fdpe_C_Q)         0.259     5.550 f  u_soc/rst_cpu_reg_rep__8/Q
                         net (fo=179, routed)         3.167     8.717    u_soc/Core_cpu/U_IF_ID/AR[0]
    SLICE_X41Y58         FDCE                                         f  u_soc/Core_cpu/U_IF_ID/id_bht_chk_reg[11]/CLR
  -------------------------------------------------------------------    -------------------

                         (clock clk rise edge)       11.000    11.000 r  
    AE23                                              0.000    11.000 r  clk (IN)
                         net (fo=0)                   0.000    11.000    clk
    AE23                 IBUF (Prop_ibuf_I_O)         0.660    11.660 r  clk_IBUF_inst/O
                         net (fo=1, routed)           2.516    14.176    clk_IBUF
    BUFGCTRL_X0Y0        BUFG (Prop_bufg_I_O)         0.083    14.259 r  u_bufg/O
                         net (fo=5673, routed)        1.492    15.751    u_soc/Core_cpu/U_IF_ID/clk_buf
    SLICE_X41Y58         FDCE                                         r  u_soc/Core_cpu/U_IF_ID/id_bht_chk_reg[11]/C
                         clock pessimism              0.237    15.987    
                         clock uncertainty           -0.035    15.952    
    SLICE_X41Y58         FDCE (Recov_fdce_C_CLR)     -0.212    15.740    u_soc/Core_cpu/U_IF_ID/id_bht_chk_reg[11]
  -------------------------------------------------------------------
                         required time                         15.740    
                         arrival time                          -8.717    
  -------------------------------------------------------------------
                         slack                                  7.023    

Slack (MET) :             7.023ns  (required time - arrival time)
  Source:                 u_soc/rst_cpu_reg_rep__8/C
                            (rising edge-triggered cell FDPE clocked by clk  {rise@0.000ns fall@5.500ns period=11.000ns})
  Destination:            u_soc/Core_cpu/U_IF_ID/id_bht_chk_reg[22]/CLR
                            (recovery check against rising-edge clock clk  {rise@0.000ns fall@5.500ns period=11.000ns})
  Path Group:             **async_default**
  Path Type:              Recovery (Max at Slow Process Corner)
  Requirement:            11.000ns  (clk rise@11.000ns - clk rise@0.000ns)
  Data Path Delay:        3.426ns  (logic 0.259ns (7.561%)  route 3.167ns (92.439%))
  Logic Levels:           0  
  Clock Path Skew:        -0.304ns (DCD - SCD + CPR)
    Destination Clock Delay (DCD):    4.751ns = ( 15.751 - 11.000 ) 
    Source Clock Delay      (SCD):    5.291ns
    Clock Pessimism Removal (CPR):    0.237ns
  Clock Uncertainty:      0.035ns  ((TSJ^2 + TIJ^2)^1/2 + DJ) / 2 + PE
    Total System Jitter     (TSJ):    0.071ns
    Total Input Jitter      (TIJ):    0.000ns
    Discrete Jitter          (DJ):    0.000ns
    Phase Error              (PE):    0.000ns

    Location             Delay type                Incr(ns)  Path(ns)    Netlist Resource(s)
  -------------------------------------------------------------------    -------------------
                         (clock clk rise edge)        0.000     0.000 r  
    AE23                                              0.000     0.000 r  clk (IN)
                         net (fo=0)                   0.000     0.000    clk
    AE23                 IBUF (Prop_ibuf_I_O)         0.734     0.734 r  clk_IBUF_inst/O
                         net (fo=1, routed)           2.651     3.385    clk_IBUF
    BUFGCTRL_X0Y0        BUFG (Prop_bufg_I_O)         0.093     3.478 r  u_bufg/O
                         net (fo=5673, routed)        1.813     5.291    u_soc/clk_buf
    SLICE_X22Y42         FDPE                                         r  u_soc/rst_cpu_reg_rep__8/C
  -------------------------------------------------------------------    -------------------
    SLICE_X22Y42         FDPE (Prop_fdpe_C_Q)         0.259     5.550 f  u_soc/rst_cpu_reg_rep__8/Q
                         net (fo=179, routed)         3.167     8.717    u_soc/Core_cpu/U_IF_ID/AR[0]
    SLICE_X41Y58         FDCE                                         f  u_soc/Core_cpu/U_IF_ID/id_bht_chk_reg[22]/CLR
  -------------------------------------------------------------------    -------------------

                         (clock clk rise edge)       11.000    11.000 r  
    AE23                                              0.000    11.000 r  clk (IN)
                         net (fo=0)                   0.000    11.000    clk
    AE23                 IBUF (Prop_ibuf_I_O)         0.660    11.660 r  clk_IBUF_inst/O
                         net (fo=1, routed)           2.516    14.176    clk_IBUF
    BUFGCTRL_X0Y0        BUFG (Prop_bufg_I_O)         0.083    14.259 r  u_bufg/O
                         net (fo=5673, routed)        1.492    15.751    u_soc/Core_cpu/U_IF_ID/clk_buf
    SLICE_X41Y58         FDCE                                         r  u_soc/Core_cpu/U_IF_ID/id_bht_chk_reg[22]/C
                         clock pessimism              0.237    15.987    
                         clock uncertainty           -0.035    15.952    
    SLICE_X41Y58         FDCE (Recov_fdce_C_CLR)     -0.212    15.740    u_soc/Core_cpu/U_IF_ID/id_bht_chk_reg[22]
  -------------------------------------------------------------------
                         required time                         15.740    
                         arrival time                          -8.717    
  -------------------------------------------------------------------
                         slack                                  7.023    

Slack (MET) :             7.023ns  (required time - arrival time)
  Source:                 u_soc/rst_cpu_reg_rep__8/C
                            (rising edge-triggered cell FDPE clocked by clk  {rise@0.000ns fall@5.500ns period=11.000ns})
  Destination:            u_soc/Core_cpu/U_IF_ID/id_pred_npc_reg[13]/CLR
                            (recovery check against rising-edge clock clk  {rise@0.000ns fall@5.500ns period=11.000ns})
  Path Group:             **async_default**
  Path Type:              Recovery (Max at Slow Process Corner)
  Requirement:            11.000ns  (clk rise@11.000ns - clk rise@0.000ns)
  Data Path Delay:        3.426ns  (logic 0.259ns (7.561%)  route 3.167ns (92.439%))
  Logic Levels:           0  
  Clock Path Skew:        -0.304ns (DCD - SCD + CPR)
    Destination Clock Delay (DCD):    4.751ns = ( 15.751 - 11.000 ) 
    Source Clock Delay      (SCD):    5.291ns
    Clock Pessimism Removal (CPR):    0.237ns
  Clock Uncertainty:      0.035ns  ((TSJ^2 + TIJ^2)^1/2 + DJ) / 2 + PE
    Total System Jitter     (TSJ):    0.071ns
    Total Input Jitter      (TIJ):    0.000ns
    Discrete Jitter          (DJ):    0.000ns
    Phase Error              (PE):    0.000ns

    Location             Delay type                Incr(ns)  Path(ns)    Netlist Resource(s)
  -------------------------------------------------------------------    -------------------
                         (clock clk rise edge)        0.000     0.000 r  
    AE23                                              0.000     0.000 r  clk (IN)
                         net (fo=0)                   0.000     0.000    clk
    AE23                 IBUF (Prop_ibuf_I_O)         0.734     0.734 r  clk_IBUF_inst/O
                         net (fo=1, routed)           2.651     3.385    clk_IBUF
    BUFGCTRL_X0Y0        BUFG (Prop_bufg_I_O)         0.093     3.478 r  u_bufg/O
                         net (fo=5673, routed)        1.813     5.291    u_soc/clk_buf
    SLICE_X22Y42         FDPE                                         r  u_soc/rst_cpu_reg_rep__8/C
  -------------------------------------------------------------------    -------------------
    SLICE_X22Y42         FDPE (Prop_fdpe_C_Q)         0.259     5.550 f  u_soc/rst_cpu_reg_rep__8/Q
                         net (fo=179, routed)         3.167     8.717    u_soc/Core_cpu/U_IF_ID/AR[0]
    SLICE_X41Y58         FDCE                                         f  u_soc/Core_cpu/U_IF_ID/id_pred_npc_reg[13]/CLR
  -------------------------------------------------------------------    -------------------

                         (clock clk rise edge)       11.000    11.000 r  
    AE23                                              0.000    11.000 r  clk (IN)
                         net (fo=0)                   0.000    11.000    clk
    AE23                 IBUF (Prop_ibuf_I_O)         0.660    11.660 r  clk_IBUF_inst/O
                         net (fo=1, routed)           2.516    14.176    clk_IBUF
    BUFGCTRL_X0Y0        BUFG (Prop_bufg_I_O)         0.083    14.259 r  u_bufg/O
                         net (fo=5673, routed)        1.492    15.751    u_soc/Core_cpu/U_IF_ID/clk_buf
    SLICE_X41Y58         FDCE                                         r  u_soc/Core_cpu/U_IF_ID/id_pred_npc_reg[13]/C
                         clock pessimism              0.237    15.987    
                         clock uncertainty           -0.035    15.952    
    SLICE_X41Y58         FDCE (Recov_fdce_C_CLR)     -0.212    15.740    u_soc/Core_cpu/U_IF_ID/id_pred_npc_reg[13]
  -------------------------------------------------------------------
                         required time                         15.740    
                         arrival time                          -8.717    
  -------------------------------------------------------------------
                         slack                                  7.023    

Slack (MET) :             7.045ns  (required time - arrival time)
  Source:                 rst
                            (input port clocked by clk  {rise@0.000ns fall@5.500ns period=11.000ns})
  Destination:            u_soc/rst_cpu_reg_rep__0/PRE
                            (recovery check against rising-edge clock clk  {rise@0.000ns fall@5.500ns period=11.000ns})
  Path Group:             **async_default**
  Path Type:              Recovery (Max at Fast Process Corner)
  Requirement:            11.000ns  (clk rise@11.000ns - clk rise@0.000ns)
  Data Path Delay:        3.873ns  (logic 0.283ns (7.311%)  route 3.590ns (92.689%))
  Logic Levels:           1  (IBUF=1)
  Input Delay:            2.000ns
  Clock Path Skew:        2.056ns (DCD - SCD + CPR)
    Destination Clock Delay (DCD):    2.056ns = ( 13.056 - 11.000 ) 
    Source Clock Delay      (SCD):    0.000ns
    Clock Pessimism Removal (CPR):    0.000ns
  Clock Uncertainty:      0.035ns  ((TSJ^2 + TIJ^2)^1/2 + DJ) / 2 + PE
    Total System Jitter     (TSJ):    0.071ns
    Total Input Jitter      (TIJ):    0.000ns
    Discrete Jitter          (DJ):    0.000ns
    Phase Error              (PE):    0.000ns

    Location             Delay type                Incr(ns)  Path(ns)    Netlist Resource(s)
  -------------------------------------------------------------------    -------------------
                         (clock clk rise edge)        0.000     0.000 r  
                         input delay                  2.000     2.000    
    AC20                                              0.000     2.000 f  rst (IN)
                         net (fo=0)                   0.000     2.000    rst
    AC20                 IBUF (Prop_ibuf_I_O)         0.283     2.283 f  rst_IBUF_inst/O
                         net (fo=241, routed)         3.590     5.873    u_soc/rst_IBUF
    SLICE_X6Y101         FDPE                                         f  u_soc/rst_cpu_reg_rep__0/PRE
  -------------------------------------------------------------------    -------------------

                         (clock clk rise edge)       11.000    11.000 r  
    AE23                                              0.000    11.000 r  clk (IN)
                         net (fo=0)                   0.000    11.000    clk
    AE23                 IBUF (Prop_ibuf_I_O)         0.077    11.077 r  clk_IBUF_inst/O
                         net (fo=1, routed)           1.278    12.355    clk_IBUF
    BUFGCTRL_X0Y0        BUFG (Prop_bufg_I_O)         0.026    12.381 r  u_bufg/O
                         net (fo=5673, routed)        0.675    13.056    u_soc/clk_buf
    SLICE_X6Y101         FDPE                                         r  u_soc/rst_cpu_reg_rep__0/C
                         clock pessimism              0.000    13.056    
                         clock uncertainty           -0.035    13.020    
    SLICE_X6Y101         FDPE (Recov_fdpe_C_PRE)     -0.102    12.918    u_soc/rst_cpu_reg_rep__0
  -------------------------------------------------------------------
                         required time                         12.918    
                         arrival time                          -5.873    
  -------------------------------------------------------------------
                         slack                                  7.045    

Slack (MET) :             7.045ns  (required time - arrival time)
  Source:                 rst
                            (input port clocked by clk  {rise@0.000ns fall@5.500ns period=11.000ns})
  Destination:            u_soc/rst_cpu_reg_rep__1/PRE
                            (recovery check against rising-edge clock clk  {rise@0.000ns fall@5.500ns period=11.000ns})
  Path Group:             **async_default**
  Path Type:              Recovery (Max at Fast Process Corner)
  Requirement:            11.000ns  (clk rise@11.000ns - clk rise@0.000ns)
  Data Path Delay:        3.873ns  (logic 0.283ns (7.311%)  route 3.590ns (92.689%))
  Logic Levels:           1  (IBUF=1)
  Input Delay:            2.000ns
  Clock Path Skew:        2.056ns (DCD - SCD + CPR)
    Destination Clock Delay (DCD):    2.056ns = ( 13.056 - 11.000 ) 
    Source Clock Delay      (SCD):    0.000ns
    Clock Pessimism Removal (CPR):    0.000ns
  Clock Uncertainty:      0.035ns  ((TSJ^2 + TIJ^2)^1/2 + DJ) / 2 + PE
    Total System Jitter     (TSJ):    0.071ns
    Total Input Jitter      (TIJ):    0.000ns
    Discrete Jitter          (DJ):    0.000ns
    Phase Error              (PE):    0.000ns

    Location             Delay type                Incr(ns)  Path(ns)    Netlist Resource(s)
  -------------------------------------------------------------------    -------------------
                         (clock clk rise edge)        0.000     0.000 r  
                         input delay                  2.000     2.000    
    AC20                                              0.000     2.000 f  rst (IN)
                         net (fo=0)                   0.000     2.000    rst
    AC20                 IBUF (Prop_ibuf_I_O)         0.283     2.283 f  rst_IBUF_inst/O
                         net (fo=241, routed)         3.590     5.873    u_soc/rst_IBUF
    SLICE_X6Y101         FDPE                                         f  u_soc/rst_cpu_reg_rep__1/PRE
  -------------------------------------------------------------------    -------------------

                         (clock clk rise edge)       11.000    11.000 r  
    AE23                                              0.000    11.000 r  clk (IN)
                         net (fo=0)                   0.000    11.000    clk
    AE23                 IBUF (Prop_ibuf_I_O)         0.077    11.077 r  clk_IBUF_inst/O
                         net (fo=1, routed)           1.278    12.355    clk_IBUF
    BUFGCTRL_X0Y0        BUFG (Prop_bufg_I_O)         0.026    12.381 r  u_bufg/O
                         net (fo=5673, routed)        0.675    13.056    u_soc/clk_buf
    SLICE_X6Y101         FDPE                                         r  u_soc/rst_cpu_reg_rep__1/C
                         clock pessimism              0.000    13.056    
                         clock uncertainty           -0.035    13.020    
    SLICE_X6Y101         FDPE (Recov_fdpe_C_PRE)     -0.102    12.918    u_soc/rst_cpu_reg_rep__1
  -------------------------------------------------------------------
                         required time                         12.918    
                         arrival time                          -5.873    
  -------------------------------------------------------------------
                         slack                                  7.045    

Slack (MET) :             7.047ns  (required time - arrival time)
  Source:                 u_soc/rst_cpu_reg_rep__8/C
                            (rising edge-triggered cell FDPE clocked by clk  {rise@0.000ns fall@5.500ns period=11.000ns})
  Destination:            u_soc/Core_cpu/U_IF_ID/id_pred_npc_reg[31]/CLR
                            (recovery check against rising-edge clock clk  {rise@0.000ns fall@5.500ns period=11.000ns})
  Path Group:             **async_default**
  Path Type:              Recovery (Max at Slow Process Corner)
  Requirement:            11.000ns  (clk rise@11.000ns - clk rise@0.000ns)
  Data Path Delay:        3.391ns  (logic 0.259ns (7.637%)  route 3.132ns (92.363%))
  Logic Levels:           0  
  Clock Path Skew:        -0.372ns (DCD - SCD + CPR)
    Destination Clock Delay (DCD):    4.683ns = ( 15.683 - 11.000 ) 
    Source Clock Delay      (SCD):    5.291ns
    Clock Pessimism Removal (CPR):    0.237ns
  Clock Uncertainty:      0.035ns  ((TSJ^2 + TIJ^2)^1/2 + DJ) / 2 + PE
    Total System Jitter     (TSJ):    0.071ns
    Total Input Jitter      (TIJ):    0.000ns
    Discrete Jitter          (DJ):    0.000ns
    Phase Error              (PE):    0.000ns

    Location             Delay type                Incr(ns)  Path(ns)    Netlist Resource(s)
  -------------------------------------------------------------------    -------------------
                         (clock clk rise edge)        0.000     0.000 r  
    AE23                                              0.000     0.000 r  clk (IN)
                         net (fo=0)                   0.000     0.000    clk
    AE23                 IBUF (Prop_ibuf_I_O)         0.734     0.734 r  clk_IBUF_inst/O
                         net (fo=1, routed)           2.651     3.385    clk_IBUF
    BUFGCTRL_X0Y0        BUFG (Prop_bufg_I_O)         0.093     3.478 r  u_bufg/O
                         net (fo=5673, routed)        1.813     5.291    u_soc/clk_buf
    SLICE_X22Y42         FDPE                                         r  u_soc/rst_cpu_reg_rep__8/C
  -------------------------------------------------------------------    -------------------
    SLICE_X22Y42         FDPE (Prop_fdpe_C_Q)         0.259     5.550 f  u_soc/rst_cpu_reg_rep__8/Q
                         net (fo=179, routed)         3.132     8.683    u_soc/Core_cpu/U_IF_ID/AR[0]
    SLICE_X54Y66         FDCE                                         f  u_soc/Core_cpu/U_IF_ID/id_pred_npc_reg[31]/CLR
  -------------------------------------------------------------------    -------------------

                         (clock clk rise edge)       11.000    11.000 r  
    AE23                                              0.000    11.000 r  clk (IN)
                         net (fo=0)                   0.000    11.000    clk
    AE23                 IBUF (Prop_ibuf_I_O)         0.660    11.660 r  clk_IBUF_inst/O
                         net (fo=1, routed)           2.516    14.176    clk_IBUF
    BUFGCTRL_X0Y0        BUFG (Prop_bufg_I_O)         0.083    14.259 r  u_bufg/O
                         net (fo=5673, routed)        1.424    15.683    u_soc/Core_cpu/U_IF_ID/clk_buf
    SLICE_X54Y66         FDCE                                         r  u_soc/Core_cpu/U_IF_ID/id_pred_npc_reg[31]/C
                         clock pessimism              0.237    15.919    
                         clock uncertainty           -0.035    15.884    
    SLICE_X54Y66         FDCE (Recov_fdce_C_CLR)     -0.154    15.730    u_soc/Core_cpu/U_IF_ID/id_pred_npc_reg[31]
  -------------------------------------------------------------------
                         required time                         15.730    
                         arrival time                          -8.683    
  -------------------------------------------------------------------
                         slack                                  7.047    

Slack (MET) :             7.066ns  (required time - arrival time)
  Source:                 rst
                            (input port clocked by clk  {rise@0.000ns fall@5.500ns period=11.000ns})
  Destination:            u_soc/u_bridge/monitor_passed_reg[22]/CLR
                            (recovery check against rising-edge clock clk  {rise@0.000ns fall@5.500ns period=11.000ns})
  Path Group:             **async_default**
  Path Type:              Recovery (Max at Fast Process Corner)
  Requirement:            11.000ns  (clk rise@11.000ns - clk rise@0.000ns)
  Data Path Delay:        3.853ns  (logic 0.283ns (7.349%)  route 3.570ns (92.651%))
  Logic Levels:           1  (IBUF=1)
  Input Delay:            2.000ns
  Clock Path Skew:        2.072ns (DCD - SCD + CPR)
    Destination Clock Delay (DCD):    2.072ns = ( 13.072 - 11.000 ) 
    Source Clock Delay      (SCD):    0.000ns
    Clock Pessimism Removal (CPR):    0.000ns
  Clock Uncertainty:      0.035ns  ((TSJ^2 + TIJ^2)^1/2 + DJ) / 2 + PE
    Total System Jitter     (TSJ):    0.071ns
    Total Input Jitter      (TIJ):    0.000ns
    Discrete Jitter          (DJ):    0.000ns
    Phase Error              (PE):    0.000ns

    Location             Delay type                Incr(ns)  Path(ns)    Netlist Resource(s)
  -------------------------------------------------------------------    -------------------
                         (clock clk rise edge)        0.000     0.000 r  
                         input delay                  2.000     2.000    
    AC20                                              0.000     2.000 f  rst (IN)
                         net (fo=0)                   0.000     2.000    rst
    AC20                 IBUF (Prop_ibuf_I_O)         0.283     2.283 f  rst_IBUF_inst/O
                         net (fo=241, routed)         3.570     5.853    u_soc/u_bridge/rst_IBUF
    SLICE_X25Y99         FDCE                                         f  u_soc/u_bridge/monitor_passed_reg[22]/CLR
  -------------------------------------------------------------------    -------------------

                         (clock clk rise edge)       11.000    11.000 r  
    AE23                                              0.000    11.000 r  clk (IN)
                         net (fo=0)                   0.000    11.000    clk
    AE23                 IBUF (Prop_ibuf_I_O)         0.077    11.077 r  clk_IBUF_inst/O
                         net (fo=1, routed)           1.278    12.355    clk_IBUF
    BUFGCTRL_X0Y0        BUFG (Prop_bufg_I_O)         0.026    12.381 r  u_bufg/O
                         net (fo=5673, routed)        0.691    13.072    u_soc/u_bridge/clk_buf
    SLICE_X25Y99         FDCE                                         r  u_soc/u_bridge/monitor_passed_reg[22]/C
                         clock pessimism              0.000    13.072    
                         clock uncertainty           -0.035    13.036    
    SLICE_X25Y99         FDCE (Recov_fdce_C_CLR)     -0.117    12.919    u_soc/u_bridge/monitor_passed_reg[22]
  -------------------------------------------------------------------
                         required time                         12.919    
                         arrival time                          -5.853    
  -------------------------------------------------------------------
                         slack                                  7.066    

Slack (MET) :             7.066ns  (required time - arrival time)
  Source:                 rst
                            (input port clocked by clk  {rise@0.000ns fall@5.500ns period=11.000ns})
  Destination:            u_soc/u_bridge/monitor_passed_reg[23]/CLR
                            (recovery check against rising-edge clock clk  {rise@0.000ns fall@5.500ns period=11.000ns})
  Path Group:             **async_default**
  Path Type:              Recovery (Max at Fast Process Corner)
  Requirement:            11.000ns  (clk rise@11.000ns - clk rise@0.000ns)
  Data Path Delay:        3.853ns  (logic 0.283ns (7.349%)  route 3.570ns (92.651%))
  Logic Levels:           1  (IBUF=1)
  Input Delay:            2.000ns
  Clock Path Skew:        2.072ns (DCD - SCD + CPR)
    Destination Clock Delay (DCD):    2.072ns = ( 13.072 - 11.000 ) 
    Source Clock Delay      (SCD):    0.000ns
    Clock Pessimism Removal (CPR):    0.000ns
  Clock Uncertainty:      0.035ns  ((TSJ^2 + TIJ^2)^1/2 + DJ) / 2 + PE
    Total System Jitter     (TSJ):    0.071ns
    Total Input Jitter      (TIJ):    0.000ns
    Discrete Jitter          (DJ):    0.000ns
    Phase Error              (PE):    0.000ns

    Location             Delay type                Incr(ns)  Path(ns)    Netlist Resource(s)
  -------------------------------------------------------------------    -------------------
                         (clock clk rise edge)        0.000     0.000 r  
                         input delay                  2.000     2.000    
    AC20                                              0.000     2.000 f  rst (IN)
                         net (fo=0)                   0.000     2.000    rst
    AC20                 IBUF (Prop_ibuf_I_O)         0.283     2.283 f  rst_IBUF_inst/O
                         net (fo=241, routed)         3.570     5.853    u_soc/u_bridge/rst_IBUF
    SLICE_X25Y99         FDCE                                         f  u_soc/u_bridge/monitor_passed_reg[23]/CLR
  -------------------------------------------------------------------    -------------------

                         (clock clk rise edge)       11.000    11.000 r  
    AE23                                              0.000    11.000 r  clk (IN)
                         net (fo=0)                   0.000    11.000    clk
    AE23                 IBUF (Prop_ibuf_I_O)         0.077    11.077 r  clk_IBUF_inst/O
                         net (fo=1, routed)           1.278    12.355    clk_IBUF
    BUFGCTRL_X0Y0        BUFG (Prop_bufg_I_O)         0.026    12.381 r  u_bufg/O
                         net (fo=5673, routed)        0.691    13.072    u_soc/u_bridge/clk_buf
    SLICE_X25Y99         FDCE                                         r  u_soc/u_bridge/monitor_passed_reg[23]/C
                         clock pessimism              0.000    13.072    
                         clock uncertainty           -0.035    13.036    
    SLICE_X25Y99         FDCE (Recov_fdce_C_CLR)     -0.117    12.919    u_soc/u_bridge/monitor_passed_reg[23]
  -------------------------------------------------------------------
                         required time                         12.919    
                         arrival time                          -5.853    
  -------------------------------------------------------------------
                         slack                                  7.066    

Slack (MET) :             7.067ns  (required time - arrival time)
  Source:                 rst
                            (input port clocked by clk  {rise@0.000ns fall@5.500ns period=11.000ns})
  Destination:            u_soc/rst_cpu_reg_rep__5/PRE
                            (recovery check against rising-edge clock clk  {rise@0.000ns fall@5.500ns period=11.000ns})
  Path Group:             **async_default**
  Path Type:              Recovery (Max at Fast Process Corner)
  Requirement:            11.000ns  (clk rise@11.000ns - clk rise@0.000ns)
  Data Path Delay:        3.877ns  (logic 0.283ns (7.303%)  route 3.594ns (92.697%))
  Logic Levels:           1  (IBUF=1)
  Input Delay:            2.000ns
  Clock Path Skew:        2.075ns (DCD - SCD + CPR)
    Destination Clock Delay (DCD):    2.075ns = ( 13.075 - 11.000 ) 
    Source Clock Delay      (SCD):    0.000ns
    Clock Pessimism Removal (CPR):    0.000ns
  Clock Uncertainty:      0.035ns  ((TSJ^2 + TIJ^2)^1/2 + DJ) / 2 + PE
    Total System Jitter     (TSJ):    0.071ns
    Total Input Jitter      (TIJ):    0.000ns
    Discrete Jitter          (DJ):    0.000ns
    Phase Error              (PE):    0.000ns

    Location             Delay type                Incr(ns)  Path(ns)    Netlist Resource(s)
  -------------------------------------------------------------------    -------------------
                         (clock clk rise edge)        0.000     0.000 r  
                         input delay                  2.000     2.000    
    AC20                                              0.000     2.000 f  rst (IN)
                         net (fo=0)                   0.000     2.000    rst
    AC20                 IBUF (Prop_ibuf_I_O)         0.283     2.283 f  rst_IBUF_inst/O
                         net (fo=241, routed)         3.594     5.877    u_soc/rst_IBUF
    SLICE_X11Y88         FDPE                                         f  u_soc/rst_cpu_reg_rep__5/PRE
  -------------------------------------------------------------------    -------------------

                         (clock clk rise edge)       11.000    11.000 r  
    AE23                                              0.000    11.000 r  clk (IN)
                         net (fo=0)                   0.000    11.000    clk
    AE23                 IBUF (Prop_ibuf_I_O)         0.077    11.077 r  clk_IBUF_inst/O
                         net (fo=1, routed)           1.278    12.355    clk_IBUF
    BUFGCTRL_X0Y0        BUFG (Prop_bufg_I_O)         0.026    12.381 r  u_bufg/O
                         net (fo=5673, routed)        0.694    13.075    u_soc/clk_buf
    SLICE_X11Y88         FDPE                                         r  u_soc/rst_cpu_reg_rep__5/C
                         clock pessimism              0.000    13.075    
                         clock uncertainty           -0.035    13.039    
    SLICE_X11Y88         FDPE (Recov_fdpe_C_PRE)     -0.095    12.944    u_soc/rst_cpu_reg_rep__5
  -------------------------------------------------------------------
                         required time                         12.944    
                         arrival time                          -5.877    
  -------------------------------------------------------------------
                         slack                                  7.067    

Slack (MET) :             7.067ns  (required time - arrival time)
  Source:                 rst
                            (input port clocked by clk  {rise@0.000ns fall@5.500ns period=11.000ns})
  Destination:            u_soc/rst_cpu_reg_rep__6/PRE
                            (recovery check against rising-edge clock clk  {rise@0.000ns fall@5.500ns period=11.000ns})
  Path Group:             **async_default**
  Path Type:              Recovery (Max at Fast Process Corner)
  Requirement:            11.000ns  (clk rise@11.000ns - clk rise@0.000ns)
  Data Path Delay:        3.877ns  (logic 0.283ns (7.303%)  route 3.594ns (92.697%))
  Logic Levels:           1  (IBUF=1)
  Input Delay:            2.000ns
  Clock Path Skew:        2.075ns (DCD - SCD + CPR)
    Destination Clock Delay (DCD):    2.075ns = ( 13.075 - 11.000 ) 
    Source Clock Delay      (SCD):    0.000ns
    Clock Pessimism Removal (CPR):    0.000ns
  Clock Uncertainty:      0.035ns  ((TSJ^2 + TIJ^2)^1/2 + DJ) / 2 + PE
    Total System Jitter     (TSJ):    0.071ns
    Total Input Jitter      (TIJ):    0.000ns
    Discrete Jitter          (DJ):    0.000ns
    Phase Error              (PE):    0.000ns

    Location             Delay type                Incr(ns)  Path(ns)    Netlist Resource(s)
  -------------------------------------------------------------------    -------------------
                         (clock clk rise edge)        0.000     0.000 r  
                         input delay                  2.000     2.000    
    AC20                                              0.000     2.000 f  rst (IN)
                         net (fo=0)                   0.000     2.000    rst
    AC20                 IBUF (Prop_ibuf_I_O)         0.283     2.283 f  rst_IBUF_inst/O
                         net (fo=241, routed)         3.594     5.877    u_soc/rst_IBUF
    SLICE_X11Y88         FDPE                                         f  u_soc/rst_cpu_reg_rep__6/PRE
  -------------------------------------------------------------------    -------------------

                         (clock clk rise edge)       11.000    11.000 r  
    AE23                                              0.000    11.000 r  clk (IN)
                         net (fo=0)                   0.000    11.000    clk
    AE23                 IBUF (Prop_ibuf_I_O)         0.077    11.077 r  clk_IBUF_inst/O
                         net (fo=1, routed)           1.278    12.355    clk_IBUF
    BUFGCTRL_X0Y0        BUFG (Prop_bufg_I_O)         0.026    12.381 r  u_bufg/O
                         net (fo=5673, routed)        0.694    13.075    u_soc/clk_buf
    SLICE_X11Y88         FDPE                                         r  u_soc/rst_cpu_reg_rep__6/C
                         clock pessimism              0.000    13.075    
                         clock uncertainty           -0.035    13.039    
    SLICE_X11Y88         FDPE (Recov_fdpe_C_PRE)     -0.095    12.944    u_soc/rst_cpu_reg_rep__6
  -------------------------------------------------------------------
                         required time                         12.944    
                         arrival time                          -5.877    
  -------------------------------------------------------------------
                         slack                                  7.067    

Slack (MET) :             7.088ns  (required time - arrival time)
  Source:                 rst
                            (input port clocked by clk  {rise@0.000ns fall@5.500ns period=11.000ns})
  Destination:            u_soc/u_bridge/dig_reg_reg[10]/CLR
                            (recovery check against rising-edge clock clk  {rise@0.000ns fall@5.500ns period=11.000ns})
  Path Group:             **async_default**
  Path Type:              Recovery (Max at Fast Process Corner)
  Requirement:            11.000ns  (clk rise@11.000ns - clk rise@0.000ns)
  Data Path Delay:        3.873ns  (logic 0.283ns (7.311%)  route 3.590ns (92.688%))
  Logic Levels:           1  (IBUF=1)
  Input Delay:            2.000ns
  Clock Path Skew:        2.075ns (DCD - SCD + CPR)
    Destination Clock Delay (DCD):    2.075ns = ( 13.075 - 11.000 ) 
    Source Clock Delay      (SCD):    0.000ns
    Clock Pessimism Removal (CPR):    0.000ns
  Clock Uncertainty:      0.035ns  ((TSJ^2 + TIJ^2)^1/2 + DJ) / 2 + PE
    Total System Jitter     (TSJ):    0.071ns
    Total Input Jitter      (TIJ):    0.000ns
    Discrete Jitter          (DJ):    0.000ns
    Phase Error              (PE):    0.000ns

    Location             Delay type                Incr(ns)  Path(ns)    Netlist Resource(s)
  -------------------------------------------------------------------    -------------------
                         (clock clk rise edge)        0.000     0.000 r  
                         input delay                  2.000     2.000    
    AC20                                              0.000     2.000 f  rst (IN)
                         net (fo=0)                   0.000     2.000    rst
    AC20                 IBUF (Prop_ibuf_I_O)         0.283     2.283 f  rst_IBUF_inst/O
                         net (fo=241, routed)         3.590     5.873    u_soc/u_bridge/rst_IBUF
    SLICE_X22Y99         FDCE                                         f  u_soc/u_bridge/dig_reg_reg[10]/CLR
  -------------------------------------------------------------------    -------------------

                         (clock clk rise edge)       11.000    11.000 r  
    AE23                                              0.000    11.000 r  clk (IN)
                         net (fo=0)                   0.000    11.000    clk
    AE23                 IBUF (Prop_ibuf_I_O)         0.077    11.077 r  clk_IBUF_inst/O
                         net (fo=1, routed)           1.278    12.355    clk_IBUF
    BUFGCTRL_X0Y0        BUFG (Prop_bufg_I_O)         0.026    12.381 r  u_bufg/O
                         net (fo=5673, routed)        0.694    13.075    u_soc/u_bridge/clk_buf
    SLICE_X22Y99         FDCE                                         r  u_soc/u_bridge/dig_reg_reg[10]/C
                         clock pessimism              0.000    13.075    
                         clock uncertainty           -0.035    13.039    
    SLICE_X22Y99         FDCE (Recov_fdce_C_CLR)     -0.079    12.960    u_soc/u_bridge/dig_reg_reg[10]
  -------------------------------------------------------------------
                         required time                         12.960    
                         arrival time                          -5.873    
  -------------------------------------------------------------------
                         slack                                  7.088    





